year,town,avg_resale_price,median_resale_price,total_transactions,avg_floor_area,avg_remaining_lease,avg_mrt_distance,avg_cbd_distance
1990,ANG MO KIO,59264.292383292384,47200.0,1628,79.39496314496314,88.28501228501229,633.166923939558,9740.990745974084
1990,BEDOK,70226.19967793881,57000.0,1242,86.62721417069243,88.51851851851852,808.6560184338211,10189.943944548595
1990,BISHAN,92737.7358490566,65500.0,106,89.04716981132076,91.35849056603773,413.7621591798345,7820.1687657925
1990,BUKIT BATOK,87756.43161094225,71400.0,658,98.64893617021276,93.65349544072949,590.1119201944244,13609.7678564765
1990,BUKIT MERAH,65934.88169014084,50000.0,710,73.2,84.97605633802817,695.4921394706922,3442.44985629378
1990,BUKIT TIMAH,76189.28571428571,46500.0,28,86.17857142857143,83.71428571428571,227.0003276538022,6242.4727359455255
1990,CENTRAL AREA,64527.6,60000.0,200,66.01,87.3,310.435969444781,1762.0244132378925
1990,CHOA CHU KANG,57219.09090909091,57000.0,88,82.19318181818181,89.81818181818181,795.871670844568,15218.96442759617
1990,CLEMENTI,73046.28776978418,54000.0,695,84.59280575539569,88.77985611510792,761.7412422366833,10127.463900803423
1990,GEYLANG,66990.1129032258,50000.0,620,77.41451612903226,86.25,443.29808387920866,6304.698679059246
1990,HOUGANG,81811.41538461538,63000.0,520,92.75192307692308,91.89615384615385,761.4266841270637,9805.454456145879
1990,JURONG EAST,74951.1313131313,57000.0,495,93.43838383838384,90.93939393939394,873.0447848283654,13974.627418368143
1990,JURONG WEST,60111.40858208955,44000.0,1072,85.00373134328358,88.34235074626865,866.5701803438692,16481.227980125197
1990,KALLANG/WHAMPOA,73598.65148861647,53800.0,571,80.1891418563923,85.92119089316988,505.80779553818553,4459.4663573402995
1990,LIM CHU KANG,32866.666666666664,32500.0,3,75.0,89.0,5471.18280593651,22405.555056502148
1990,MARINE PARADE,91166.45,79750.0,200,89.91,84.54,1896.3630864170887,7178.572295879367
1990,QUEENSTOWN,38597.33766233766,33000.0,770,63.36883116883117,81.69090909090909,497.3372377635224,6710.355520049919
1990,SEMBAWANG,21300.0,21300.0,2,64.0,84.0,833.9339431332859,17801.01533333687
1990,SENGKANG,40850.0,39000.0,18,75.27777777777777,89.0,,
1990,SERANGOON,101877.84358974358,91000.0,390,95.11025641025641,93.54871794871795,946.9196313356488,8687.960640402505
1990,TAMPINES,86057.55344418052,77350.0,842,98.66389548693587,93.35391923990498,609.3194333925144,13030.704169491435
1990,TOA PAYOH,53897.5033557047,40000.0,745,74.41610738255034,83.15838926174497,631.9219488785578,6049.446096964753
1990,WOODLANDS,45763.88157894737,38400.0,304,82.38486842105263,88.51973684210526,993.6644847564613,19420.81047843869
1990,YISHUN,66481.16722408027,60000.0,598,90.5066889632107,93.84782608695652,599.0880990780489,16548.327312993395
1991,ANG MO KIO,58368.39664804469,47000.0,1790,78.21843575418994,87.3195530726257,628.5123287736465,9777.652216166134
1991,BEDOK,73469.8669950739,57000.0,1218,86.54433497536945,87.98275862068965,783.8621412573274,10126.90243432224
1991,BISHAN,112779.95719844358,100000.0,257,93.91439688715953,92.19844357976653,571.1785187060518,7678.327640406683
1991,BUKIT BATOK,83732.84862932062,62500.0,839,94.41835518474375,93.05959475566151,585.9224408202825,13755.219872382751
1991,BUKIT MERAH,74446.49923896499,56000.0,657,76.37442922374429,84.4855403348554,707.9085960653816,3481.986563447679
1991,BUKIT PANJANG,97090.90909090909,81000.0,11,104.0,95.45454545454545,886.0633840474173,13866.528771357216
1991,BUKIT TIMAH,88065.0,71500.0,16,89.0625,82.375,229.02233352626826,6227.090130067574
1991,CENTRAL AREA,66524.41025641025,60000.0,195,66.45641025641025,86.66153846153846,288.10759980922717,1841.6812624931404
1991,CHOA CHU KANG,58852.857142857145,57000.0,70,83.47142857142858,88.71428571428571,817.7114747044503,15272.880235282535
1991,CLEMENTI,70065.98461538462,50000.0,650,81.66461538461539,87.51076923076923,756.244704726452,10154.402461942345
1991,GEYLANG,80889.44670846395,61400.0,638,83.61912225705329,86.51880877742947,452.41050395195674,6405.131474423907
1991,HOUGANG,84845.73062261753,70000.0,787,95.08005082592122,91.7420584498094,742.1239071073869,10048.623639933678
1991,JURONG EAST,82343.52705410821,65000.0,499,96.79959919839679,90.3687374749499,873.0490108346215,14019.569494325448
1991,JURONG WEST,74023.88235294117,57300.0,680,92.85441176470589,88.68382352941177,862.741980387565,16476.472287353754
1991,KALLANG/WHAMPOA,76542.25352112677,56500.0,568,80.64612676056338,85.59507042253522,490.748286284334,4415.668097081572
1991,LIM CHU KANG,32869.230769230766,32500.0,13,72.61538461538461,88.0,5471.18280593651,22405.555056502148
1991,MARINE PARADE,85606.41711229946,65000.0,187,85.5187165775401,83.33155080213903,1882.5328890138267,7227.21024808788
1991,PASIR RIS,103666.66666666667,100000.0,3,114.0,97.0,977.3854698680243,15120.330397741318
1991,QUEENSTOWN,44172.558139534885,39750.0,602,65.83554817275747,80.70265780730897,489.0200924011747,6687.720724759886
1991,SEMBAWANG,24600.0,24000.0,3,64.0,83.0,833.9339431332859,17801.01533333687
1991,SENGKANG,41941.666666666664,38700.0,12,69.66666666666667,88.0,,
1991,SERANGOON,95313.32387706856,85000.0,423,90.76359338061465,92.66430260047281,921.2585899150046,8653.981076720209
1991,TAMPINES,98906.17647058824,88000.0,782,104.16368286445012,92.73273657289002,634.8331659447039,13107.015171364386
1991,TOA PAYOH,57541.23493975904,40000.0,664,74.83433734939759,82.39909638554217,658.1048178925041,6047.321096034407
1991,WOODLANDS,50041.08843537415,42500.0,294,84.35374149659864,87.86734693877551,1012.6715681849939,19437.185778834977
1991,YISHUN,71194.09227683049,62000.0,997,91.70411233701104,93.36409227683049,588.6827595093042,16301.496722304666
1992,ANG MO KIO,65069.57768924303,50000.0,1255,78.76653386454183,86.36892430278884,621.7387714187539,9782.477068327637
1992,BEDOK,78838.28616352202,64000.0,1908,86.4916142557652,86.9496855345912,785.5126833073499,10099.9538022243
1992,BISHAN,151646.05898123325,138800.0,373,103.8632707774799,92.78016085790885,582.4342913485239,7410.4219509522645
1992,BUKIT BATOK,94477.63919821827,71450.0,898,96.27060133630289,92.12249443207126,573.8390605827884,13728.439334987555
1992,BUKIT MERAH,79939.11278195489,60000.0,665,76.18345864661654,83.34285714285714,708.3105075173012,3465.0190164642636
1992,BUKIT PANJANG,101058.94736842105,80000.0,95,98.86315789473684,94.73684210526316,955.444313537274,13799.854094624912
1992,BUKIT TIMAH,98275.0,72250.0,20,83.95,82.25,225.4650120693894,6443.843694558798
1992,CENTRAL AREA,74124.86187845304,70000.0,181,66.61878453038673,85.74585635359117,284.9006563530389,1909.3966225652935
1992,CHOA CHU KANG,71400.79365079365,63000.0,126,90.03968253968254,88.06349206349206,801.0026722721706,15242.645751304119
1992,CLEMENTI,81545.07462686567,60000.0,737,83.64179104477611,86.77476255088196,754.5055464975825,10143.431432594374
1992,GEYLANG,86599.84135977337,61000.0,706,81.92917847025495,84.78753541076487,451.5530966952778,6280.48053242412
1992,HOUGANG,105446.37037037036,88000.0,783,101.40996168582376,91.62707535121328,772.8537079170544,10126.839554495084
1992,JURONG EAST,88720.57249070633,70000.0,538,96.7081784386617,89.3085501858736,892.9786908216862,13996.02669412874
1992,JURONG WEST,75009.00912646676,57000.0,767,90.16949152542372,87.5006518904824,859.9470853671205,16468.64809065373
1992,KALLANG/WHAMPOA,87841.07255520504,61000.0,634,82.22555205047318,85.03627760252365,492.1507893906283,4427.8777497249275
1992,LIM CHU KANG,25983.333333333332,22500.0,6,63.0,87.0,5471.18280593651,22405.55505650215
1992,MARINE PARADE,92131.42857142857,70000.0,245,82.66530612244898,82.35918367346939,1902.1293136673319,7213.5664395859985
1992,PASIR RIS,167388.33333333334,156500.0,12,128.33333333333334,96.5,824.5387093820835,15094.513389934844
1992,QUEENSTOWN,48501.90697674418,40000.0,602,64.37707641196013,79.81063122923588,487.493943357694,6669.564633698595
1992,SEMBAWANG,31500.0,31500.0,2,64.0,82.0,833.9339431332859,17801.01533333687
1992,SENGKANG,48970.0,43250.0,10,75.0,87.0,,
1992,SERANGOON,115454.98092643052,91000.0,367,95.84741144414168,91.80381471389646,872.5279743318284,8609.990275652177
1992,TAMPINES,98337.24195804195,88000.0,1430,98.79230769230769,91.94195804195805,587.4961991473771,13067.533522252203
1992,TOA PAYOH,68570.02721088435,47000.0,735,76.45170068027211,81.60272108843537,604.296044245845,6057.5082996766205
1992,WOODLANDS,50078.95131086143,40000.0,267,81.10861423220973,87.21722846441948,947.2779679109166,19326.266910625334
1992,YISHUN,85028.51007887817,65000.0,1141,95.24978089395267,92.97283085013146,610.5801183417025,16035.65430739149
1993,ANG MO KIO,104482.91818845873,88000.0,1369,79.42804967129291,85.37253469685902,628.0559067805394,9772.082065821285
1993,BEDOK,115705.02351834431,88000.0,2126,85.67779868297272,86.34007525870179,763.1006366180072,10064.470096987247
1993,BISHAN,222452.23577235773,222400.0,492,107.1951219512195,92.04065040650407,606.3261169052341,7383.296977386155
1993,BUKIT BATOK,139429.91596638656,115000.0,952,96.94012605042016,91.27941176470588,598.3400059747895,13716.249987264524
1993,BUKIT MERAH,122149.14176245211,90000.0,783,78.79565772669221,82.64750957854406,714.5387499197896,3418.895574001118
1993,BUKIT PANJANG,160210.27607361964,140500.0,326,106.03374233128834,93.97239263803681,1060.6992044337512,13720.656592091565
1993,BUKIT TIMAH,197329.30666666667,185000.0,75,105.54666666666667,87.26666666666667,311.3555197126681,8450.027444685373
1993,CENTRAL AREA,102984.21052631579,90000.0,209,67.17224880382776,84.622009569378,300.23047064650433,1765.0085964376315
1993,CHOA CHU KANG,124891.22448979592,100000.0,98,95.14285714285714,89.12244897959184,830.4750459985288,15278.147756788157
1993,CLEMENTI,122725.90507152145,93000.0,769,84.41872561768531,85.64759427828349,723.8490067759976,10145.070470087712
1993,GEYLANG,121853.54292623942,90000.0,827,83.44014510278113,84.32527206771464,451.48056759113484,6404.892221725768
1993,HOUGANG,159065.53509781358,140000.0,869,102.23590333716916,90.80092059838896,765.9703799447103,10139.04385081924
1993,JURONG EAST,136852.21830985916,120000.0,568,98.90140845070422,88.3943661971831,870.2116235370972,14040.464922930905
1993,JURONG WEST,119721.32564841499,100000.0,1041,95.09606147934679,87.7704130643612,891.8055305993362,16778.60178610354
1993,KALLANG/WHAMPOA,129497.95454545454,95000.0,660,85.15,83.88181818181818,492.3374545487592,4425.371323223139
1993,LIM CHU KANG,56750.0,56750.0,2,83.0,86.0,5471.18280593651,22405.555056502148
1993,MARINE PARADE,155498.5340501792,120000.0,279,84.19713261648745,81.34767025089606,1885.2434824091931,7237.16671470706
1993,PASIR RIS,256172.5663716814,260000.0,113,132.53982300884957,94.69026548672566,1021.5528772918623,14989.751287426012
1993,QUEENSTOWN,79773.62958115184,65000.0,764,65.00392670157068,78.84031413612566,498.81819903269695,6683.965216762965
1993,SEMBAWANG,72000.0,72000.0,1,64.0,81.0,833.9339431332859,17801.01533333687
1993,SENGKANG,59000.0,50500.0,8,70.75,86.0,,
1993,SERANGOON,157812.35159817353,139500.0,438,95.12100456621005,91.26940639269407,863.852362166633,8577.801481073624
1993,TAMPINES,151609.72091910004,134000.0,2089,101.97750119674485,91.43082814743897,589.0698443199582,13034.53630780917
1993,TOA PAYOH,112423.29696969697,80300.0,825,80.56363636363636,81.55515151515152,650.6420602248558,6078.575448513073
1993,WOODLANDS,84082.44382022473,70000.0,356,86.01685393258427,87.0561797752809,933.2551478731177,19322.008900036606
1993,YISHUN,151487.68319691863,135000.0,2077,101.77756379393355,92.61579200770342,718.3341719523999,15934.22417130752
1994,ANG MO KIO,133834.33834976648,105000.0,1927,79.40996367410483,84.41515308770109,623.1719449232703,9788.4465944598
1994,BEDOK,159450.6272661349,140000.0,2758,87.88324873096447,85.51196519216823,771.7728993479616,10005.435049136062
1994,BISHAN,268096.59402985073,270000.0,670,104.4955223880597,91.48059701492538,622.9778621834888,7505.148468338353
1994,BUKIT BATOK,165701.62846803377,147000.0,1658,93.86550060313631,90.3226779252111,599.5929905894305,13717.651893990886
1994,BUKIT MERAH,152160.86550308007,107500.0,974,77.55544147843942,81.83572895277207,718.5513479615662,3409.616066975744
1994,BUKIT PANJANG,200371.28020134228,176000.0,596,108.54530201342281,93.10402684563758,1044.8505940964087,13837.730665173807
1994,BUKIT TIMAH,296927.48091603053,290000.0,131,115.38167938931298,89.32824427480917,363.67071388226776,9286.585604320295
1994,CENTRAL AREA,129842.03539823009,118500.0,226,66.41592920353982,83.61504424778761,295.1034522527186,1801.0281023479442
1994,CHOA CHU KANG,213811.42156862744,205000.0,408,112.81127450980392,91.71078431372548,791.1638969342038,15459.673882048488
1994,CLEMENTI,149224.74390243902,110000.0,1148,81.76742160278745,84.65679442508711,746.7665906960871,10159.230112859095
1994,GEYLANG,156388.1012658228,125000.0,948,83.7331223628692,83.7289029535865,454.2157697533382,6391.911305237644
1994,HOUGANG,197033.9453425712,175000.0,1299,101.18860662047729,90.08314087759815,751.233140055437,10237.445785159645
1994,JURONG EAST,171586.61889250815,150000.0,921,96.38219326818675,87.48534201954398,873.3383891652987,14025.534938661294
1994,JURONG WEST,158224.01382488478,155000.0,1736,96.36290322580645,87.5823732718894,889.0804118378355,17016.51822092524
1994,KALLANG/WHAMPOA,159641.83454987835,113500.0,822,83.29075425790754,82.97810218978103,499.05904987102963,4441.017211747305
1994,LIM CHU KANG,53687.5,55000.0,8,66.75,85.0,5471.18280593651,22405.555056502148
1994,MARINE PARADE,199333.32417582418,160000.0,364,83.96428571428571,80.37637362637362,1891.1354183015953,7188.943511134186
1994,PASIR RIS,257596.58634538154,235000.0,498,119.33935742971887,94.17670682730923,940.3915582890062,15121.952892137642
1994,QUEENSTOWN,101354.05068637803,87000.0,947,64.05807814149948,77.75290390707498,499.97301132138705,6679.521577895389
1994,SENGKANG,73000.0,72000.0,7,71.28571428571429,85.0,,
1994,SERANGOON,200694.85714285713,180000.0,665,97.02706766917294,90.84511278195488,806.8081791781146,8515.294027498801
1994,TAMPINES,205908.48037974685,188000.0,3160,103.78037974683544,90.97246835443038,622.9440160701845,12992.613484377676
1994,TOA PAYOH,148795.95593869733,106500.0,1044,80.99137931034483,80.96360153256705,666.071075971314,6024.265668036869
1994,WOODLANDS,136473.59842519686,120500.0,508,94.24212598425197,87.21456692913385,851.9979304231688,19206.960537842333
1994,YISHUN,180120.67322033897,159500.0,2950,97.69762711864406,91.50542372881355,710.4300365954971,15986.532128776125
1995,ANG MO KIO,167979.3172774869,138000.0,1910,79.61884816753927,83.45602094240837,615.0163293549507,9830.113510623392
1995,BEDOK,194232.38734776725,168000.0,2956,87.08119079837618,84.60081190798377,750.8185105161951,9982.295061196664
1995,BISHAN,350440.89460784313,340000.0,816,108.80147058823529,91.79289215686275,613.7533232339409,7652.857494382905
1995,BUKIT BATOK,193672.12780421483,168000.0,1471,92.27192386131883,89.40244731475187,587.3278029494804,13758.34078328169
1995,BUKIT MERAH,182045.730378578,137000.0,1083,76.94459833795014,80.67313019390582,725.8928400731497,3434.917159757382
1995,BUKIT PANJANG,216604.0035335689,198900.0,566,104.03180212014134,92.12720848056537,1041.6673610423093,13821.010165405012
1995,BUKIT TIMAH,365994.09411764704,385000.0,85,114.72941176470589,88.24705882352941,368.9248966002753,9315.145817440467
1995,CENTRAL AREA,166080.51821862347,151000.0,247,67.52631578947368,83.05263157894737,278.19638430481433,1855.9235035015824
1995,CHOA CHU KANG,254074.06036217304,232000.0,497,111.45271629778672,91.64989939637827,769.549535011282,15607.633314946554
1995,CLEMENTI,189938.78811881188,147250.0,1010,82.6980198019802,83.66336633663366,752.086476278678,10153.97766199724
1995,GEYLANG,199440.63931104357,174000.0,987,84.97669706180345,83.07294832826747,464.20428270988884,6419.263669923331
1995,HOUGANG,244235.28509406658,223000.0,1382,102.33212735166425,89.76338639652677,736.1907785638465,10370.053150128293
1995,JURONG EAST,205871.22673031027,187000.0,838,96.0453460620525,86.44391408114558,866.6491712595664,14011.444236881398
1995,JURONG WEST,197326.2618556701,195000.0,1940,98.17319587628866,87.75103092783505,900.385443642665,17187.79519873972
1995,KALLANG/WHAMPOA,201504.6400996264,148000.0,803,84.46575342465754,82.6027397260274,487.71175046143907,4377.288208804088
1995,LIM CHU KANG,71333.33333333333,63000.0,6,67.0,84.0,5471.18280593651,22405.55505650215
1995,MARINE PARADE,249916.72727272726,202750.0,352,83.79545454545455,79.40056818181819,1891.5385450091228,7196.434739378161
1995,PASIR RIS,298730.9698630137,265000.0,730,116.94246575342466,93.54931506849314,915.101036857712,15158.835598282401
1995,QUEENSTOWN,128266.17421602788,115000.0,861,64.36236933797909,76.79326364692218,491.96957278094766,6644.076552356697
1995,SEMBAWANG,84250.0,86000.0,4,64.0,79.0,833.9339431332859,17801.01533333687
1995,SENGKANG,117100.0,94500.0,10,77.4,84.0,,
1995,SERANGOON,236592.39863013697,220000.0,730,95.82739726027397,89.74383561643836,854.2337103485621,8567.63962251991
1995,TAMPINES,244776.53713246438,235000.0,3299,101.509245225826,89.9296756592907,617.0518393151505,13027.003194171237
1995,TOA PAYOH,179883.37536656891,137000.0,1023,79.64809384164222,80.01466275659824,657.7257061090504,6034.924200366535
1995,WOODLANDS,177103.9837398374,153000.0,615,95.66666666666667,86.60650406504065,835.748293844764,19180.808913911416
1995,YISHUN,218269.13657105606,188000.0,3068,97.40449804432855,90.54595827900913,710.240178202951,16031.810246496572
1996,ANG MO KIO,232081.149872989,198000.0,2362,79.49576629974598,82.72777307366638,622.1106295380683,9789.809472236077
1996,BEDOK,257841.93366363886,221500.0,3633,86.01568951279934,83.48142031379025,758.8904306607456,10039.350871125982
1996,BISHAN,433575.59016393445,430000.0,1464,108.67896174863388,91.85314207650273,734.8932759076956,7866.2588978531285
1996,BUKIT BATOK,249749.08791773778,195000.0,1945,89.1357326478149,88.50334190231362,603.1524691922173,13749.916363564707
1996,BUKIT MERAH,239804.99922600618,192000.0,1292,76.14473684210526,79.60990712074303,719.1960594606971,3506.5904076925162
1996,BUKIT PANJANG,262769.56844547566,234750.0,862,97.92227378190255,91.07424593967518,1033.734787291439,13815.702807539703
1996,BUKIT TIMAH,428288.63636363635,419500.0,132,109.37878787878788,87.41666666666667,356.9976192848694,9338.154108470588
1996,CENTRAL AREA,204160.32786885247,200000.0,305,66.85245901639344,82.12459016393443,292.9853835417337,1796.2660115862334
1996,CHOA CHU KANG,315228.954601227,312000.0,815,107.17055214723926,92.19509202453987,735.0869718595774,15864.657335964035
1996,CLEMENTI,259299.58047292143,207000.0,1311,82.80167810831426,82.65522501906942,753.2725519478182,10139.34591064628
1996,GEYLANG,246978.08383233534,205000.0,1336,81.69236526946108,81.92889221556887,458.05583064321803,6371.350861288914
1996,HOUGANG,321574.76240079367,295000.0,2016,102.09424603174604,89.70337301587301,700.4612401660679,10471.520455431966
1996,JURONG EAST,266728.6506639428,230000.0,979,94.3779366700715,85.48621041879468,866.6834316355989,13996.236142124179
1996,JURONG WEST,262013.96647509577,253000.0,2088,97.602969348659,86.90756704980843,888.1469602580507,17218.410912880525
1996,KALLANG/WHAMPOA,255904.5551142006,198000.0,1007,82.66732869910625,81.37735849056604,485.9567548630441,4418.499637308523
1996,LIM CHU KANG,100428.57142857143,88000.0,7,68.42857142857143,83.0,5471.18280593651,22405.55505650215
1996,MARINE PARADE,331636.0272108844,290000.0,441,84.58049886621315,78.38321995464852,1889.7020133942144,7207.3912824621975
1996,PASIR RIS,397115.8337628866,370000.0,776,115.73453608247422,92.76417525773196,940.0583107641381,15226.923668825284
1996,QUEENSTOWN,179100.64058469475,158000.0,1163,64.21410146173689,75.72312983662941,491.98648137064356,6645.925886035818
1996,SEMBAWANG,95333.33333333333,95000.0,3,64.0,78.0,833.9339431332859,17801.01533333687
1996,SENGKANG,171307.6923076923,178000.0,13,81.84615384615384,83.0,,
1996,SERANGOON,334070.5824977211,310000.0,1097,99.93983591613491,90.0154968094804,1093.1211701596696,8947.389426479946
1996,TAMPINES,327782.1733581494,313000.0,3761,99.93060356288221,88.86679074714172,617.0352678704642,13029.986562955915
1996,TOA PAYOH,235206.60096153847,190000.0,1248,78.26041666666667,78.71634615384616,655.2591935886861,6031.075316178851
1996,WOODLANDS,219495.27538883805,190000.0,1093,88.15096065873742,85.58737419945105,843.627505154956,19155.402432254792
1996,YISHUN,279054.774535809,249500.0,3770,95.1023872679045,89.68753315649867,699.5280134081803,15996.064971102891
1997,ANG MO KIO,270858.39372246695,243250.0,1816,83.75991189427313,81.73623348017621,613.260628067314,9740.453313339756
1997,BEDOK,300026.9699505515,279000.0,2629,91.52187143400532,83.41650817801445,767.9174189714978,9935.9429698751
1997,BISHAN,431572.480861244,421500.0,1254,107.60207336523126,90.58931419457736,713.9049822367285,7799.857891924158
1997,BUKIT BATOK,264597.74871531344,240000.0,1946,90.91109969167523,87.58581706063721,592.1058748902113,13741.816138016986
1997,BUKIT MERAH,270254.79798994976,215000.0,995,77.37587939698493,78.87738693467337,712.7112664534133,3472.709873813017
1997,BUKIT PANJANG,291176.42191780824,270000.0,730,103.42876712328767,90.14383561643835,1057.5866190272288,13828.879156655099
1997,BUKIT TIMAH,492404.1095890411,510000.0,73,119.67123287671232,88.89041095890411,378.2683851671748,10118.65172209188
1997,CENTRAL AREA,234954.7888446215,225000.0,251,67.85657370517929,81.31075697211155,301.67040825246687,1803.935161257365
1997,CHOA CHU KANG,350921.5716302047,330000.0,1417,111.94213126323218,92.63514467184191,629.9857533393856,16025.912649147125
1997,CLEMENTI,282730.49436392915,243000.0,1242,84.6304347826087,81.54428341384863,735.8765885136808,10100.888621455158
1997,GEYLANG,281432.1856287425,261500.0,1002,85.80938123752495,81.53293413173652,461.07829380254327,6389.978873563576
1997,HOUGANG,336349.33648293966,315000.0,1905,103.0981627296588,89.04566929133858,682.6842260819332,10555.670991676496
1997,JURONG EAST,289103.488,271500.0,1000,96.755,84.661,842.3768149674864,14041.32279618341
1997,JURONG WEST,257057.98125585754,260250.0,2134,94.28209934395501,84.89315838800376,882.484534817612,17062.652034737883
1997,KALLANG/WHAMPOA,284181.0722222222,230000.0,900,85.00777777777778,80.86,496.23008354246815,4378.111830394442
1997,LIM CHU KANG,101875.0,88500.0,8,66.375,82.0,5471.18280593651,22405.555056502148
1997,MARINE PARADE,350525.1073446328,311500.0,354,85.44632768361582,77.40677966101696,1884.92906070509,7197.699185051024
1997,PASIR RIS,459657.71155378484,440000.0,1255,124.90517928286853,92.97768924302788,850.8154956718057,15063.387053800998
1997,QUEENSTOWN,215021.85664739885,190000.0,865,66.5757225433526,74.92023121387284,484.8084542936202,6624.071190036836
1997,SEMBAWANG,126000.0,126000.0,2,64.0,77.0,833.9339431332859,17801.01533333687
1997,SENGKANG,172777.77777777778,165000.0,9,73.22222222222223,82.0,,
1997,SERANGOON,370331.3266239707,340000.0,1093,106.38883806038426,89.6971637694419,1131.1498013781709,9036.377727900044
1997,TAMPINES,348114.95290185354,341888.0,3291,102.80401093892434,88.24187177149803,618.4281321230261,13082.801838144162
1997,TOA PAYOH,286412.9833479404,230000.0,1141,84.81945661700263,79.46888694127958,631.4970876483793,6060.098120030876
1997,WOODLANDS,243851.30755711775,230000.0,1138,91.52460456942003,86.32513181019333,738.5006051280795,18989.539356938145
1997,YISHUN,292103.0468419462,269000.0,3309,96.37715321849501,88.72378362042913,702.3519513564531,15978.705765797044
1998,ANG MO KIO,214065.82938230384,182000.0,2995,81.96460767946577,80.61302170283807,626.2393064241435,9766.030237526726
1998,BEDOK,246321.8649382716,228000.0,4050,90.87975308641975,82.44641975308642,757.1617813464251,9938.128609964973
1998,BISHAN,366413.6954915004,362000.0,1353,106.83074648928307,89.20916481892091,694.5623920878012,7751.080319287044
1998,BUKIT BATOK,217224.89812409814,187300.0,3465,90.73795093795094,86.46320346320347,613.5501685232165,13726.725464103902
1998,BUKIT MERAH,223749.0596153846,174000.0,1560,77.44551282051282,78.3025641025641,708.9425296607461,3485.449529646625
1998,BUKIT PANJANG,242439.20616883118,229000.0,1232,102.4659090909091,89.10714285714286,1057.1285435081265,13797.3381727679
1998,BUKIT TIMAH,364347.5294117647,352000.0,187,109.77540106951872,85.16042780748663,357.2651399870372,9283.224712046394
1998,CENTRAL AREA,198137.13245033112,185000.0,302,68.2748344370861,79.9271523178808,273.2693064707205,1797.772452424365
1998,CHOA CHU KANG,311251.10493827163,285000.0,1782,113.95005611672278,91.2368125701459,667.6962203335539,16012.960097746361
1998,CLEMENTI,230892.8383233533,190000.0,1837,84.33260751224823,80.58845944474687,731.4912805958667,10126.812144430705
1998,GEYLANG,224779.0078125,200500.0,1536,83.37760416666667,80.06770833333333,452.4410244358161,6338.154770877404
1998,HOUGANG,257770.39928871646,242000.0,3093,97.07694794697704,86.97801487229228,727.3773481702302,10421.864787300841
1998,JURONG EAST,229187.01464307503,220000.0,1639,93.92129347162904,83.81208053691275,844.7605818064208,13993.566860345916
1998,JURONG WEST,233822.99402730376,235000.0,3516,100.5193401592719,85.91524459613197,867.5367095800043,17341.52382111113
1998,KALLANG/WHAMPOA,226454.68590272052,172000.0,1213,81.3083264633141,79.29760923330585,462.72795766410877,4375.52266891391
1998,LIM CHU KANG,82136.36363636363,85000.0,11,66.45454545454545,81.0,5471.18280593651,22405.555056502148
1998,MARINE PARADE,283981.58744394616,244000.0,446,84.63004484304933,76.40134529147981,1893.252990013277,7175.793471687878
1998,PASIR RIS,384071.5857400722,377000.0,3324,126.52436823104694,93.10709987966305,1080.2913265831185,15220.603151118294
1998,QUEENSTOWN,175636.46104815864,150000.0,1412,67.01983002832861,74.04745042492918,495.9624098735261,6607.959063778387
1998,SEMBAWANG,93500.0,93500.0,2,64.0,76.0,833.9339431332859,17801.01533333687
1998,SENGKANG,133186.66666666666,125000.0,15,71.93333333333334,81.0,,
1998,SERANGOON,287806.9676190476,263800.0,1575,99.17777777777778,87.78793650793651,1029.8491722056951,8867.29187162839
1998,TAMPINES,303990.4462109168,292000.0,5661,105.41494435612083,88.39657304363186,612.4860339393178,13270.266267444305
1998,TOA PAYOH,239814.9165085389,173000.0,1581,85.08791903858318,78.7482605945604,644.6590303192256,6032.65755687053
1998,WOODLANDS,223343.48387096773,193000.0,2077,99.01636976408281,87.9480019258546,716.5955319838245,18904.290888622174
1998,YISHUN,236231.16956604857,220000.0,5231,95.02160198814758,87.48996367807302,698.0991188214603,16043.342138408121
1999,ANG MO KIO,199130.71299270072,170000.0,3425,80.73547445255474,79.79386861313868,631.0509160591561,9770.361142277992
1999,BEDOK,224709.16236003445,208000.0,4644,88.60723514211887,81.1156330749354,765.2492963793308,9975.47292113264
1999,BISHAN,339826.7485455721,337000.0,1547,106.30252100840336,88.0917905623788,697.7194171591374,7772.053239494457
1999,BUKIT BATOK,214160.28187919463,200500.0,2533,93.69364390051322,85.69719699960521,613.7416216344957,13762.123149613508
1999,BUKIT MERAH,217984.77049180327,163800.0,1891,78.98360655737704,77.77472236911687,732.9906956126318,3483.3042407716525
1999,BUKIT PANJANG,231241.4461152882,217000.0,1197,103.66165413533835,88.10442773600668,1061.050623269812,13818.211434674797
1999,BUKIT TIMAH,353597.9057591623,380000.0,191,113.3717277486911,84.27225130890052,361.2169749183545,9301.863100618426
1999,CENTRAL AREA,189630.94680851063,174000.0,376,69.84042553191489,79.02127659574468,289.2754746275641,1846.6918884923025
1999,CHOA CHU KANG,317969.0447227191,316000.0,3354,119.88252832438879,92.72987477638641,587.5177448707059,16531.30716134097
1999,CLEMENTI,214043.76625386998,178000.0,1938,83.27863777089783,79.5515995872033,755.2029281219578,10115.337993248155
1999,GEYLANG,205264.04157782515,176750.0,1876,82.66471215351812,78.65991471215352,450.9174122600366,6284.672301087418
1999,HOUGANG,252649.48913376188,238000.0,3267,98.73431282522192,85.72574227119682,725.2632373848556,10366.450704377528
1999,JURONG EAST,215360.05407124682,205000.0,1572,95.65966921119593,82.61959287531806,870.007589147735,14005.83523850582
1999,JURONG WEST,222821.20855994325,220000.0,4229,102.92220383069284,86.4937337432017,893.6482304631983,17380.089357988534
1999,KALLANG/WHAMPOA,223312.8552803129,168000.0,1534,83.92698826597132,78.80312907431552,482.1598423562479,4404.217167681918
1999,MARINE PARADE,271161.8275862069,253000.0,464,84.58620689655173,75.39008620689656,1888.2027112247672,7190.581195995511
1999,PASIR RIS,365109.08357142855,356000.0,4200,126.55333333333333,93.2547619047619,1078.5584182651753,14934.986828877216
1999,QUEENSTOWN,182960.54921700223,138000.0,1788,70.33780760626398,74.50838926174497,476.39239344224546,6504.407479550513
1999,SEMBAWANG,71800.0,68000.0,5,64.0,75.0,833.9339431332859,17801.01533333687
1999,SENGKANG,134608.69565217392,125000.0,23,76.95652173913044,80.0,,
1999,SERANGOON,263919.8787878788,241000.0,1749,98.05431675242995,86.4442538593482,1006.7730382381573,8812.519151716637
1999,TAMPINES,301219.5504947385,286000.0,6367,108.47589131459085,88.55033767865557,641.0622332515014,13305.01014459511
1999,TOA PAYOH,223850.71952479339,174000.0,1936,82.79235537190083,77.20454545454545,648.3623816645063,6031.87281124512
1999,WOODLANDS,266302.358322325,252000.0,3028,116.57364597093792,90.19914134742405,694.0370310996583,18823.66327254879
1999,YISHUN,222184.0090361446,213650.0,4648,95.04754733218589,86.67663511187608,699.3320027178336,16083.15491217135
2000,ANG MO KIO,213814.8674225905,175000.0,2293,81.95551679023114,79.08111644134321,620.6623528528572,9779.796600303627
2000,BEDOK,243906.91100076394,218000.0,2618,89.28686019862491,81.21122994652407,731.8631687468014,9871.719100396354
2000,BISHAN,347151.14375,342750.0,800,102.82875,86.8325,659.5688452095083,7718.808586495472
2000,BUKIT BATOK,211376.1576738609,180000.0,1668,88.84172661870504,85.08273381294964,600.7373654389921,13729.096826154437
2000,BUKIT MERAH,241312.88659793814,179000.0,1261,80.9452815226011,78.04203013481364,695.9626916348682,3466.90079838329
2000,BUKIT PANJANG,219281.94306569343,218000.0,685,96.84233576642336,87.15620437956204,1056.0583380575997,13811.985854235052
2000,BUKIT TIMAH,361493.625,352400.0,96,107.53125,81.91666666666667,328.730788749354,8877.094736679985
2000,CENTRAL AREA,215250.49019607843,198000.0,204,73.24019607843137,78.1078431372549,281.240356509704,1820.80326750096
2000,CHOA CHU KANG,320427.5540184453,292000.0,1518,115.88142292490119,91.7931488801054,541.7723996083405,16511.428855844006
2000,CLEMENTI,219473.9439688716,178000.0,1285,81.7976653696498,78.57120622568094,751.9148239824789,10131.772265873084
2000,GEYLANG,204396.51153846155,170000.0,1040,79.52307692307693,77.35865384615384,445.22292879521484,6263.296993345202
2000,HOUGANG,262663.85963060684,245000.0,1895,97.00949868073879,85.4353562005277,714.1968339284481,10404.420820048623
2000,JURONG EAST,218604.9417879418,190500.0,962,91.61538461538461,81.78898128898129,814.4634821314447,14045.684212206956
2000,JURONG WEST,237224.11573720397,229000.0,2618,102.82696715049656,87.01680672268908,951.6947717702293,17269.937514032157
2000,KALLANG/WHAMPOA,232712.4862788145,176000.0,911,82.64873765093304,77.8364434687157,472.65371299962715,4402.452709690583
2000,MARINE PARADE,292128.365448505,272000.0,301,84.94352159468438,74.3421926910299,1865.3710013459386,7249.990532464501
2000,PASIR RIS,369804.7878921785,364000.0,2263,122.34732655766682,93.19222271321254,1211.316880944351,14558.891408259253
2000,QUEENSTOWN,214181.6340160285,157000.0,1123,74.31611754229742,74.93944790739091,486.91569591933705,6480.337961932866
2000,SENGKANG,155376.0,160004.0,8,85.75,79.0,,
2000,SERANGOON,266348.1970720721,243000.0,888,94.83445945945945,85.25,936.4625303948297,8715.945158278617
2000,TAMPINES,306368.1064543169,293000.0,3579,104.43978765018161,88.30818664431405,625.8026013835236,13445.78117232667
2000,TOA PAYOH,248667.6918429003,186000.0,1324,84.19864048338368,77.46148036253777,601.6767386961225,6032.809341978697
2000,WOODLANDS,279373.16011235956,263500.0,2492,114.85072231139647,91.28812199036918,638.4993427195982,18697.65079202019
2000,YISHUN,216838.77293729372,194500.0,3030,91.26897689768977,85.4059405940594,672.597563808098,16060.046250799478
2001,ANG MO KIO,195019.32900834107,160000.0,2158,81.0032437442076,78.06441149212233,618.6842701888021,9784.636747609024
2001,BEDOK,226076.6350136772,200000.0,2559,89.98241500586167,80.2966002344666,723.9086719381833,9891.92841745465
2001,BISHAN,322485.4168674699,320000.0,830,102.44216867469879,85.91927710843373,686.4340601583624,7757.747990633521
2001,BUKIT BATOK,224272.05337904015,208000.0,2042,95.60235063663076,86.23702252693438,627.5142080547702,13614.264255872065
2001,BUKIT MERAH,226107.78301886792,165250.0,1272,80.89858490566037,77.80896226415095,674.4178374005356,3554.5662195903014
2001,BUKIT PANJANG,217206.6583493282,206750.0,1042,101.65259117082533,88.94145873320538,1051.5840417499783,13954.830227022432
2001,BUKIT TIMAH,339864.44444444444,318500.0,90,106.33333333333333,81.8,342.27918548125945,9152.246458835627
2001,CENTRAL AREA,195646.20883534136,182500.0,249,71.13253012048193,77.39357429718875,283.38907996446216,1729.3617354404091
2001,CHOA CHU KANG,280412.46778711485,257000.0,1785,114.31036414565827,91.19439775910364,535.8537664781927,16412.35402230202
2001,CLEMENTI,208636.53826311263,179000.0,1163,83.47549441100603,77.53912295786759,745.6022224844004,10142.403547066288
2001,GEYLANG,199387.43391066545,169000.0,1097,81.9425706472197,77.27985414767548,439.92983404502763,6278.924745922418
2001,HOUGANG,250642.22493461202,246000.0,2294,98.59328683522232,87.01307759372276,769.1881162087229,10531.077353186643
2001,JURONG EAST,202118.16784869976,184000.0,846,93.24231678486997,80.63829787234043,844.4710572574812,14016.298438768483
2001,JURONG WEST,217890.65867800542,208000.0,2587,104.03517587939699,86.41399304213374,893.4873730386194,17013.8743292205
2001,KALLANG/WHAMPOA,219362.74434611603,171000.0,1017,84.07866273353,77.50049164208457,469.8804586219482,4357.446181368616
2001,MARINE PARADE,282042.4561403509,242000.0,285,85.27719298245614,73.42456140350878,1889.3381014587496,7199.435651764567
2001,PASIR RIS,345899.46626506024,340000.0,1660,123.92048192771084,91.55783132530121,1171.5429361411864,14719.127224360513
2001,QUEENSTOWN,196915.24820143884,143000.0,1112,73.46312949640287,73.86241007194245,478.343491111526,6483.360216799172
2001,SERANGOON,265503.8645920942,253000.0,1189,99.67199327165686,87.4533221194281,1243.1911398588256,9148.860540642016
2001,TAMPINES,293687.2445114077,272000.0,4646,106.39216530348688,88.83964700817909,782.630217878353,13200.808963798368
2001,TOA PAYOH,238726.23739130434,178000.0,1150,83.87739130434782,77.12173913043478,660.5708280466197,5989.0237827806495
2001,WOODLANDS,249102.3637996856,225000.0,4453,109.82214237592635,92.5854480125758,556.1738076660442,18544.752361785846
2001,YISHUN,203577.84816132858,190000.0,2529,93.80268880980624,84.52589956504548,689.9249943990233,16047.356820054534
2002,ANG MO KIO,193329.1947835738,164250.0,1802,82.27913429522752,77.24195338512763,629.9343205444796,9777.077734930956
2002,BEDOK,215730.9575782537,190000.0,2428,89.20881383855024,79.12067545304778,748.5372883478725,9903.059737707852
2002,BISHAN,321084.0036764706,321250.0,816,101.82475490196079,86.1593137254902,681.4226984250229,7822.890283668287
2002,BUKIT BATOK,226720.44572748267,213000.0,1732,96.44572748267899,86.2823325635104,720.356740424075,13408.37352127661
2002,BUKIT MERAH,221542.98285714287,170000.0,1050,80.02285714285715,76.03809523809524,702.8065057468297,3523.8358903655517
2002,BUKIT PANJANG,223833.96293176073,206000.0,1187,106.40522325189553,90.68913226621736,1025.4131186886395,14268.998109557895
2002,BUKIT TIMAH,319978.1609195402,300000.0,87,104.91954022988506,80.28735632183908,326.1053930330171,9015.375714462136
2002,CENTRAL AREA,200722.53125,189900.0,192,70.05729166666667,75.75520833333333,288.07549117486974,1790.1705055142545
2002,CHOA CHU KANG,266588.43876567023,239000.0,2074,113.72179363548697,91.44551591128254,581.9252517613442,16295.092708396924
2002,CLEMENTI,201917.2629834254,170000.0,905,82.43093922651934,76.75469613259669,760.6628376658921,10145.994198749075
2002,GEYLANG,194733.5889872173,167000.0,1017,81.69321533923303,76.61946902654867,444.6006029048846,6236.36589652158
2002,HOUGANG,246511.2452355268,241000.0,2781,101.15030564545128,87.49730312837109,864.4932433836333,10376.47849690322
2002,JURONG EAST,236877.77741407527,225250.0,1222,99.62520458265139,85.37479541734861,840.7147833843433,13707.082954725303
2002,JURONG WEST,212360.89205702647,203000.0,2455,104.52586558044807,86.3674134419552,824.2188142076203,17223.127235003223
2002,KALLANG/WHAMPOA,212036.91485148514,165000.0,1010,82.39504950495049,77.23366336633663,520.177882725262,4424.306914111946
2002,MARINE PARADE,271656.3484848485,243750.0,264,84.90530303030303,72.39015151515152,1883.593045468685,7198.821734322417
2002,PASIR RIS,325153.75340599456,320000.0,1468,123.01362397820164,90.07765667574932,1159.0978621367062,14849.935677557227
2002,QUEENSTOWN,193884.07464028776,145000.0,1112,71.74280575539568,72.74190647482014,474.5961340365528,6497.026322338905
2002,SEMBAWANG,253621.49056603774,224500.0,159,108.66666666666667,95.56603773584905,404.9616653676329,18323.44262392039
2002,SENGKANG,242074.07407407407,223000.0,27,98.81481481481481,95.92592592592592,832.3196904767151,13115.885348138618
2002,SERANGOON,245508.5316062176,230000.0,965,98.23523316062176,85.58756476683938,1189.931439684921,9068.813997785383
2002,TAMPINES,273311.6870860927,255000.0,3624,104.49751655629139,86.55242825607064,762.2025650385419,13165.81387154339
2002,TOA PAYOH,241681.73045078196,185500.0,1087,85.04783808647655,77.23091076356945,699.5096679651608,6019.618262019529
2002,WOODLANDS,234363.20061291844,212900.0,4242,108.61645450259311,91.81518151815182,620.0623618207574,18586.65553679271
2002,YISHUN,186252.23076923078,162000.0,2392,91.58695652173913,83.52884615384616,699.2712395425381,16072.7941578001
2003,ANG MO KIO,199787.00842514582,180000.0,1543,80.94880103694102,75.99675955930006,622.3875148699229,9807.008842969697
2003,BEDOK,216264.23532414497,195000.0,1959,86.19040326697295,77.5701888718734,758.6756308733458,9973.431005857206
2003,BISHAN,312613.05484460696,310000.0,547,102.89945155393053,84.79707495429616,683.7535166881145,7859.4767842153105
2003,BUKIT BATOK,216897.30474934037,189500.0,1516,91.65567282321899,83.9254617414248,675.909827459834,13512.702736729541
2003,BUKIT MERAH,223724.43570669502,186000.0,941,78.89585547290118,75.0807651434644,713.8296959309706,3492.60078627075
2003,BUKIT PANJANG,230802.4773489933,217000.0,1192,104.54614093959732,90.28187919463087,840.8702405373633,14293.1433375424
2003,BUKIT TIMAH,293184.05797101447,288000.0,69,98.46376811594203,79.2463768115942,337.74651527567175,8970.104941847354
2003,CENTRAL AREA,219621.6174863388,210000.0,183,70.78142076502732,75.50273224043715,278.342750929901,1737.8909700842382
2003,CHOA CHU KANG,256766.7603946441,243000.0,1419,110.19802677942212,90.94432699083862,724.200317250942,16439.638673438134
2003,CLEMENTI,211201.945041816,188000.0,837,81.39545997610514,75.4778972520908,735.3533570852967,10118.502769591165
2003,GEYLANG,194114.28746928746,170000.0,814,79.31941031941032,74.71007371007371,438.857553021213,6235.243298921484
2003,HOUGANG,237128.63503222028,235000.0,1707,97.69244288224957,85.52079671939075,860.3444334177672,10443.93136673476
2003,JURONG EAST,245804.438,240000.0,1000,101.046,84.25,842.5816363747895,13781.723240450774
2003,JURONG WEST,203807.58835978835,200000.0,1890,97.85079365079365,83.11481481481482,815.7073336325749,17051.65972888388
2003,KALLANG/WHAMPOA,223236.3891509434,185000.0,848,81.8879716981132,76.82193396226415,481.26265344168814,4351.211944271899
2003,MARINE PARADE,266733.49583333335,244000.0,240,82.06666666666666,71.39583333333333,1891.068921137852,7188.830188434291
2003,PASIR RIS,313562.6647465438,307000.0,868,121.8594470046083,88.97235023041475,1131.7971412229972,14895.844502698117
2003,QUEENSTOWN,196649.10520722636,162000.0,941,70.16471838469712,71.12752391073326,492.70503967424736,6519.63323041772
2003,SEMBAWANG,255444.60416666666,230500.0,480,108.46041666666666,94.79583333333333,455.4740748139458,18359.353073249535
2003,SENGKANG,277219.5625,255000.0,544,107.91360294117646,94.98161764705883,747.3624329204947,12868.853238902298
2003,SERANGOON,249393.1258457375,228000.0,739,97.22733423545331,84.35994587280108,989.0837589583593,8788.632054969195
2003,TAMPINES,266653.9892294946,256000.0,2414,101.8318144159072,84.496685998343,674.7882401046015,13233.51779512477
2003,TOA PAYOH,228532.07238883144,190000.0,967,81.14891416752843,74.04550155118925,636.4130228703691,6010.366635047933
2003,WOODLANDS,233352.95196250733,222694.0,3414,105.54393673110721,90.38224956063269,613.548443947006,18409.018280807086
2003,YISHUN,190208.2656654583,173000.0,1931,89.48679440704298,82.38218539616778,672.5822116732732,16080.80550346177
2004,ANG MO KIO,205184.02079141515,190000.0,1491,79.4486921529175,75.06304493628437,610.6550781331925,9809.422453061201
2004,BEDOK,219965.56878949926,200000.0,2057,84.49100631988333,76.86582401555664,761.6432843006978,10012.106628793008
2004,BISHAN,304444.7380952381,298000.0,672,102.98660714285714,83.67559523809524,673.8771016372993,7791.356991035242
2004,BUKIT BATOK,214854.5618221258,193000.0,1383,88.86912509038322,82.1055676066522,646.2714152824525,13594.09828172898
2004,BUKIT MERAH,234070.37227722773,200000.0,1010,79.81485148514851,74.9950495049505,711.6756781911289,3489.608754391217
2004,BUKIT PANJANG,232757.69832402235,222750.0,895,103.49162011173185,88.11061452513967,889.2634821607762,14161.57355006628
2004,BUKIT TIMAH,317836.3243243243,302750.0,74,104.10810810810811,76.8108108108108,306.18980654404464,8530.206558272783
2004,CENTRAL AREA,229697.0,220000.0,212,73.12264150943396,73.87735849056604,296.3570196869465,1759.4487081379589
2004,CHOA CHU KANG,255036.901905434,246000.0,1417,109.96400846859562,89.70359915314043,676.0690444430052,16490.514663838938
2004,CLEMENTI,220059.39976958526,199444.0,868,82.16705069124424,74.67972350230414,748.9602717840684,10141.511951652628
2004,GEYLANG,202766.9376344086,178000.0,930,76.9279569892473,73.27311827956989,422.4901972562708,6202.948322633516
2004,HOUGANG,241757.36426914154,235000.0,1724,98.3538283062645,84.39211136890951,843.4394900444851,10454.705687733393
2004,JURONG EAST,230638.06191588784,206500.0,856,94.76752336448598,81.30140186915888,832.6929546464709,13831.231578750447
2004,JURONG WEST,221562.55835140997,220000.0,2305,94.88590021691974,84.37483731019523,740.1790759103197,17258.99176497483
2004,KALLANG/WHAMPOA,223661.09938650308,189000.0,815,80.72638036809816,74.51901840490798,478.3112042743942,4457.970425194387
2004,MARINE PARADE,278017.56652360514,248000.0,233,83.81115879828326,70.41201716738198,1899.2991767895414,7192.941440576104
2004,PASIR RIS,303056.0817535545,289500.0,844,122.06635071090048,87.80687203791469,1091.7352009708402,14905.191804370395
2004,QUEENSTOWN,200744.3824362606,175000.0,1059,68.02644003777148,69.77053824362606,483.65115685267745,6474.4935954861385
2004,SEMBAWANG,254857.24590163934,245000.0,488,104.45901639344262,94.55122950819673,469.6544657267872,18673.43263923456
2004,SENGKANG,274054.6750629723,260000.0,794,106.860201511335,94.35516372795969,772.7772474464357,12928.34153886819
2004,SERANGOON,245113.18654434252,228000.0,654,96.90366972477064,82.63455657492355,965.5152568935458,8754.92065180925
2004,TAMPINES,265479.5846379648,258000.0,2044,101.53375733855187,83.60714285714286,696.6502318550241,13190.774863479066
2004,TOA PAYOH,237526.02691511388,200000.0,966,81.43064182194617,73.67908902691511,617.8242094310648,5992.2675221154395
2004,WOODLANDS,243610.6615250291,240000.0,3436,105.22060535506402,90.05762514551805,577.9126464241348,18357.0444732192
2004,YISHUN,199706.6472148541,188000.0,1885,88.48381962864721,81.60742705570291,668.6586114746585,16105.991487341822
2005,ANG MO KIO,211399.56096131302,190000.0,1706,81.61664712778429,75.23856975381008,626.7111193461765,9740.870145628656
2005,BEDOK,220170.2429378531,200000.0,1947,86.9101181304571,76.33333333333333,755.3590294403098,10027.04658567415
2005,BISHAN,298046.575,293000.0,640,105.1921875,82.5765625,697.0700026098974,7854.825870048136
2005,BUKIT BATOK,213766.37338129495,195000.0,1390,89.56043165467626,81.44460431654676,651.6220430504393,13581.503020010621
2005,BUKIT MERAH,241928.9597069597,205000.0,1092,81.43589743589743,75.53388278388279,669.2072686302879,3458.036416450884
2005,BUKIT PANJANG,236584.05784313724,230000.0,1020,103.3921568627451,88.65882352941176,883.6349925716007,14292.824926593006
2005,BUKIT TIMAH,316613.7721518987,308000.0,79,109.65822784810126,77.29113924050633,339.4627878843065,8996.205083223276
2005,CENTRAL AREA,221086.5922746781,215000.0,233,70.27467811158799,72.84978540772532,293.18806293454526,1732.4845658239908
2005,CHOA CHU KANG,254338.71031455742,246000.0,1367,113.22604242867594,88.7198244330651,652.6578799499835,16482.99856932677
2005,CLEMENTI,218443.18848758464,196000.0,886,82.37020316027088,73.92776523702031,758.8398126138907,10093.729357662087
2005,GEYLANG,201581.59518599563,175000.0,914,77.08533916849015,72.28336980306345,420.49973203930824,6108.4751890429425
2005,HOUGANG,229922.42787583687,225000.0,1643,98.31162507608035,83.03286670724285,838.7076986466732,10457.229529178227
2005,JURONG EAST,228637.03229813665,214000.0,805,96.41366459627329,80.21739130434783,840.3932992319496,13824.13158868914
2005,JURONG WEST,223818.06787878787,223000.0,2475,97.85414141414141,84.84,741.2971312881813,17263.70805257596
2005,KALLANG/WHAMPOA,228038.26598465472,195500.0,782,83.3081841432225,74.6150895140665,482.99632248501297,4371.833564294247
2005,MARINE PARADE,278873.30894308945,258000.0,246,85.7439024390244,69.41463414634147,1876.5145410882576,7183.776683501835
2005,PASIR RIS,288655.37911025144,280000.0,1034,122.53191489361703,86.97775628626692,1112.5993546717184,14895.300342534289
2005,PUNGGOL,284612.5333333333,292800.0,15,103.13333333333334,97.2,1689.9791269993352,14109.701080965471
2005,QUEENSTOWN,207194.03197674418,173000.0,1032,70.67248062015504,69.69767441860465,478.90897680938525,6444.565538930615
2005,SEMBAWANG,253089.93526785713,245000.0,896,104.14174107142857,94.40066964285714,462.65562566252095,18810.29213124961
2005,SENGKANG,264400.82571912016,258000.0,1182,103.90186125211505,94.21573604060913,739.2977581980294,13014.129881079069
2005,SERANGOON,231313.21038251367,218250.0,732,95.5464480874317,81.75956284153006,1043.8070060752757,8879.5750058361
2005,TAMPINES,256629.96129893238,252000.0,2248,102.98265124555161,82.80249110320284,700.2538051219295,13216.514884144814
2005,TOA PAYOH,239816.5407035176,200000.0,995,83.75979899497487,73.76482412060301,608.4544821173685,5981.092903695961
2005,WOODLANDS,241793.74667624864,236000.0,2783,106.30183255479699,88.84872439813151,582.130670889541,18383.840609074494
2005,YISHUN,196788.873357856,182000.0,1903,89.72990015764582,80.7346295323174,695.4339810930732,16134.942008001715
2006,ANG MO KIO,213572.2607028754,183800.0,1565,81.2741214057508,74.62683706070287,613.7923046792924,9781.468802816858
2006,BEDOK,215513.94426048564,190500.0,1812,87.1037527593819,75.08995584988962,756.8505134477044,10022.212464902997
2006,BISHAN,304338.5925925926,300000.0,648,105.61882716049382,81.14814814814815,704.7770465708579,7811.316046868849
2006,BUKIT BATOK,217392.7345971564,188000.0,1266,92.10821484992101,80.27488151658768,664.3069452234173,13603.337317502026
2006,BUKIT MERAH,258641.12148685404,235000.0,1103,82.45240253853127,76.75793291024479,660.3976766043612,3316.320361096391
2006,BUKIT PANJANG,233493.42828282827,230000.0,990,102.2959595959596,88.91616161616162,896.9646920342983,14374.911114568014
2006,BUKIT TIMAH,303902.41025641025,306250.0,78,104.64102564102564,76.3076923076923,341.7872761030639,9004.178984348515
2006,CENTRAL AREA,237389.37368421053,225000.0,190,72.73684210526316,72.93684210526315,292.6306400094991,1851.5785549439197
2006,CHOA CHU KANG,250808.9439330544,240000.0,1195,112.49205020920502,88.35899581589958,684.3722159417365,16559.39395561698
2006,CLEMENTI,225935.2345523329,190000.0,793,82.59268600252207,74.09205548549811,767.4375868164799,10118.157024331664
2006,GEYLANG,200015.03184713377,169000.0,785,77.8891719745223,71.03949044585987,437.6710527001421,6162.092539186366
2006,HOUGANG,231128.83607681756,226750.0,1458,100.01440329218107,81.96776406035666,846.1879013249564,10386.504124336467
2006,JURONG EAST,228912.32857142857,217750.0,700,98.07,79.38142857142857,838.2426934945587,13855.404201865036
2006,JURONG WEST,222455.07884005437,223000.0,2207,98.44902582691437,84.49342999546896,754.9771559409869,17358.936710693644
2006,KALLANG/WHAMPOA,234230.9533417402,195000.0,793,84.6860025220681,73.35435056746532,483.3927883078434,4359.944150998947
2006,MARINE PARADE,299293.06113537116,272000.0,229,89.19650655021834,68.41484716157206,1883.9700327975092,7216.372245232307
2006,PASIR RIS,284866.75243243243,277000.0,925,122.79135135135135,85.90702702702703,1124.7278180353587,14887.89226894716
2006,PUNGGOL,284892.61363636365,292500.0,220,103.45,96.00454545454545,1529.7048759293275,14110.844451605015
2006,QUEENSTOWN,215995.4398148148,173250.0,864,72.27199074074075,68.5011574074074,470.0276390826736,6417.321391171244
2006,SEMBAWANG,259254.81969309464,257000.0,782,105.76342710997443,93.54475703324808,462.8901263196016,18802.79810763183
2006,SENGKANG,264652.3444537114,260000.0,1199,103.8115095913261,93.80733944954129,775.0513616622204,12961.878767620192
2006,SERANGOON,240275.37575757576,229500.0,660,98.2469696969697,80.83030303030303,1072.8779887985293,8898.431901320117
2006,TAMPINES,256806.76326129667,253000.0,2036,104.29764243614932,81.70039292730844,683.2303559440875,13248.909399332235
2006,TOA PAYOH,239508.32168550874,195000.0,973,83.81603288797534,72.775950668037,651.4598994912568,6000.527638582643
2006,WOODLANDS,237993.2241063245,230000.0,2182,107.42392300641613,87.7186067827681,593.6989087168789,18428.824128543616
2006,YISHUN,195898.4233370913,177000.0,1774,91.4543404735062,79.67587373167981,696.109434221399,16107.36530397888
2007,ANG MO KIO,235644.0764525994,200000.0,1308,82.26529051987768,73.39373088685015,609.9525308536591,9777.937379029032
2007,BEDOK,239590.54981549815,208000.0,1626,89.1549815498155,74.69249692496925,742.9277659029747,10020.531376587342
2007,BISHAN,349261.1318493151,348000.0,584,107.54623287671232,80.35445205479452,678.12456427521,7797.1870038273255
2007,BUKIT BATOK,239735.67406749557,209000.0,1126,93.0728241563055,79.96802841918294,634.1697415397987,13651.302753590988
2007,BUKIT MERAH,321626.47102803737,308000.0,1070,86.00373831775701,77.44766355140187,653.6278388273809,3325.808490353614
2007,BUKIT PANJANG,254238.80671414037,250000.0,983,105.33774160732452,88.33367243133266,979.3843404350823,14415.394661181352
2007,BUKIT TIMAH,387462.0983606557,340000.0,61,112.18032786885246,75.78688524590164,368.10463548983637,9163.017343926622
2007,CENTRAL AREA,284789.83720930235,260000.0,172,73.84883720930233,72.46511627906976,285.94290528357027,1799.865230932953
2007,CHOA CHU KANG,263057.30144927534,257000.0,1380,111.40942028985508,87.5731884057971,670.6971019461412,16598.702879661098
2007,CLEMENTI,256878.18508655127,228000.0,751,82.79760319573901,73.73901464713715,755.1371700530952,10113.564675486195
2007,GEYLANG,228097.79290780143,193000.0,705,81.04397163120568,70.67375886524823,439.99546264596603,6140.520352074829
2007,HOUGANG,261107.67430207587,250000.0,1397,102.6420901932713,81.71939871152469,853.0755748745928,10408.951211622809
2007,JURONG EAST,244873.94070080863,221500.0,742,96.6455525606469,78.78975741239893,875.7445562657564,13782.442243437948
2007,JURONG WEST,233661.74480425325,230000.0,2069,99.15514741420976,83.16916384726922,774.4288971321006,17354.511611208127
2007,KALLANG/WHAMPOA,268799.09007832897,240500.0,766,85.12532637075718,73.00652741514361,510.45194624690805,4414.787952031897
2007,MARINE PARADE,339114.4935064935,301000.0,231,87.35497835497836,67.4069264069264,1898.5483123339197,7180.377809467226
2007,PASIR RIS,314824.416,300000.0,875,125.82285714285715,85.248,1142.223106236132,14842.412145393357
2007,PUNGGOL,299324.9431664411,301000.0,739,103.77266576454669,95.08660351826794,1588.8764788267829,14106.205712364093
2007,QUEENSTOWN,261662.87005649717,202000.0,885,73.73898305084745,68.46666666666667,474.25358250573544,6352.500878299142
2007,SEMBAWANG,278071.673553719,275000.0,726,107.2892561983471,92.8374655647383,508.6784060826345,18876.725048384833
2007,SENGKANG,289807.13333333336,287000.0,1380,106.3231884057971,92.95507246376812,842.8091498898992,12999.49429253182
2007,SERANGOON,267361.8467874794,250000.0,607,101.07907742998353,79.97858319604613,1133.4755453480407,8987.464604240191
2007,TAMPINES,283109.4837486457,275000.0,1846,106.89815817984832,80.93986998916576,688.9326870357668,13265.880191359685
2007,TOA PAYOH,269076.8178694158,218000.0,873,83.60710194730814,72.09851088201604,644.2242252356996,5981.830210831712
2007,WOODLANDS,251364.90343434343,250000.0,2475,108.53737373737374,87.39878787878789,614.2645567760575,18457.88116894917
2007,YISHUN,209019.1264797508,190000.0,1605,92.97507788161994,78.66666666666667,716.4028405729338,16136.088484822403
2008,ANG MO KIO,288730.76705370104,255500.0,1378,82.30406386066764,72.15384615384616,608.1529310086532,9781.930781248182
2008,BEDOK,289448.65137614676,257500.0,1526,88.49410222804718,73.54259501965925,740.5353442090855,10023.840972542186
2008,BISHAN,420411.1777408638,411000.0,602,106.44186046511628,80.01495016611295,702.3770190577493,7828.1658533239715
2008,BUKIT BATOK,303851.65440613026,285000.0,1305,92.77931034482759,80.99770114942528,645.729547028763,13692.4735539843
2008,BUKIT MERAH,378632.55617455894,355000.0,1077,84.73351903435469,75.54410399257196,662.3564361443775,3362.6121828074124
2008,BUKIT PANJANG,303595.262345679,300000.0,972,103.50925925925925,87.7582304526749,939.4734482583602,14479.605239091929
2008,BUKIT TIMAH,472778.5168539326,436000.0,89,108.47191011235955,73.57303370786516,323.24204568482213,8794.536918634234
2008,CENTRAL AREA,325638.0206185567,313000.0,194,71.42268041237114,70.30412371134021,277.841148849044,1751.4368173327039
2008,CHOA CHU KANG,316447.42277070065,310000.0,1256,111.76512738853503,87.03105095541402,675.9010362651746,16649.207643317382
2008,CLEMENTI,317409.4283646889,280000.0,691,84.61794500723589,71.9739507959479,773.8015238959827,10105.376284427535
2008,GEYLANG,277113.39970930235,237400.0,688,80.2936046511628,69.55959302325581,415.12633487726583,6203.630010100749
2008,HOUGANG,310360.6096401901,302000.0,1473,101.45078071961983,81.14867617107943,886.0472749125148,10509.44136451931
2008,JURONG EAST,313291.8660968661,294000.0,702,100.03561253561253,77.63247863247864,849.1314639673603,13876.612950790339
2008,JURONG WEST,285633.6516587678,288000.0,2110,100.81469194312797,82.8568720379147,761.6415920784654,17418.150121005776
2008,KALLANG/WHAMPOA,330399.6103896104,300500.0,770,84.73896103896104,73.58701298701298,497.5817836198839,4290.867782477016
2008,MARINE PARADE,416832.26,366500.0,250,88.556,66.456,1885.4006121290236,7192.76292069551
2008,PASIR RIS,377378.1052631579,360000.0,855,124.96374269005848,83.9672514619883,1099.461876912523,14822.21010050883
2008,PUNGGOL,369115.6526867628,373000.0,763,106.10615989515072,94.5045871559633,1676.6082145215728,14236.150964494347
2008,QUEENSTOWN,332894.22654462245,277000.0,874,74.66361556064074,68.33752860411899,473.3378832013355,6425.753623515192
2008,SEMBAWANG,329891.3143236074,327000.0,754,106.95623342175067,92.08355437665783,522.5289776682228,18924.26473753934
2008,SENGKANG,352660.3592727273,348000.0,1375,107.32654545454545,92.27709090909092,936.3148087293874,12898.253364990424
2008,SERANGOON,329047.6094003242,320000.0,617,100.42949756888169,79.09238249594813,1071.5415779997531,8896.745605526683
2008,TAMPINES,336206.7511591963,330000.0,1941,105.67542503863987,79.87120041215869,690.5596573541943,13245.329436976952
2008,TOA PAYOH,331451.96774193546,275000.0,961,85.12903225806451,72.06451612903226,637.953816924832,5979.693960115933
2008,WOODLANDS,289220.947003669,290000.0,2453,106.9649408887077,86.27639624949042,643.1208147217719,18482.444964938397
2008,YISHUN,246087.88965952082,230000.0,1586,91.8013871374527,77.71122320302648,710.501663898976,16080.425795595858
2009,ANG MO KIO,308129.4312541918,276000.0,1491,81.2394366197183,71.5700871898055,618.4130400929225,9749.829061734374
2009,BEDOK,312638.4481026786,286000.0,1792,88.6328125,72.77678571428571,750.5401092981745,10060.983367532943
2009,BISHAN,430943.9044117647,428000.0,680,104.85147058823529,78.46764705882353,686.632958152387,7765.98489650327
2009,BUKIT BATOK,324742.3664122137,310000.0,1441,93.97501734906315,79.48091603053435,659.4339265187978,13667.077878088292
2009,BUKIT MERAH,389271.3842676311,367500.0,1106,84.04792043399638,74.22965641952983,661.9594525176359,3354.4884382047076
2009,BUKIT PANJANG,332132.0639229422,330000.0,1142,105.59719789842381,86.58143607705779,948.7097428214831,14460.529559805975
2009,BUKIT TIMAH,472750.88372093026,449500.0,86,106.8953488372093,72.96511627906976,329.27893909857744,8876.079013825149
2009,CENTRAL AREA,355189.97044334974,335000.0,203,73.5615763546798,70.45320197044335,314.73779364401355,1794.8990507940994
2009,CHOA CHU KANG,336409.72277227725,335000.0,1515,110.99075907590759,85.95511551155116,683.3435288814541,16650.181375404936
2009,CLEMENTI,335858.51550387597,300000.0,774,83.63178294573643,71.2312661498708,730.2339940271185,10122.327147690681
2009,GEYLANG,305069.36352657,266900.0,828,80.09057971014492,69.7463768115942,419.89071701073226,6149.625901244176
2009,HOUGANG,328335.4013994911,323094.0,1572,101.43829516539441,80.27862595419847,886.422681378575,10500.382915238328
2009,JURONG EAST,334341.4258241758,313000.0,728,98.36950549450549,76.63186813186813,863.0956736575156,13810.239036649247
2009,JURONG WEST,320313.9063383125,325000.0,2477,101.78643520387566,82.33064190553088,768.0978886967623,17487.300188044053
2009,KALLANG/WHAMPOA,350024.40715883666,311250.0,894,83.7751677852349,72.55257270693512,492.52590354564455,4348.051517831763
2009,MARINE PARADE,400702.8416666667,357000.0,240,82.85416666666667,65.38333333333334,1876.1845831562248,7215.728704476672
2009,PASIR RIS,382558.2228412256,370000.0,1077,121.12627669452182,82.47260909935005,1223.00262754787,15031.966709625602
2009,PUNGGOL,384363.2735655738,385000.0,976,107.35860655737704,93.57581967213115,1681.5599676276488,14235.47853725708
2009,QUEENSTOWN,357131.1460674157,301500.0,890,75.82359550561797,68.72022471910113,484.436677299939,6382.284134738688
2009,SEMBAWANG,349511.0616740088,347000.0,908,107.00991189427313,91.06277533039648,496.6160304292315,18887.452302662692
2009,SENGKANG,371362.70505287894,367000.0,1702,107.5716803760282,91.50822561692127,977.106696133461,12842.2644665038
2009,SERANGOON,349469.4918032787,335000.0,671,99.21758569299553,78.09538002980626,1092.0579922414174,8948.186700011198
2009,TAMPINES,352041.8671264368,350000.0,2175,104.5567816091954,78.79172413793104,699.1882130102592,13208.983358218542
2009,TOA PAYOH,341891.55303030304,288000.0,924,84.22727272727273,70.22727272727273,636.1157066179751,6002.5661050407625
2009,WOODLANDS,310526.9712,310000.0,2500,106.7776,84.9744,610.385228431201,18443.812688845617
2009,YISHUN,275697.57692307694,258000.0,1690,91.44082840236686,76.72485207100591,710.4462365180034,16135.221643975996
2010,ANG MO KIO,354048.8291835553,323000.0,1727,82.55471916618413,70.40532715691951,621.1825302508812,9729.470885871737
2010,BEDOK,348528.30740568234,320000.0,2147,86.90498369818351,71.42524452724732,752.1213866004051,10005.576688455389
2010,BISHAN,482185.81707317074,478000.0,738,105.88617886178862,77.3130081300813,681.7010671192836,7805.452690041038
2010,BUKIT BATOK,358754.8525974026,330000.0,1540,92.7448051948052,78.08766233766234,658.0375037052432,13676.08005110886
2010,BUKIT MERAH,451387.37596302,428000.0,1298,85.41756548536209,73.89907550077042,666.7012555166609,3395.208803167842
2010,BUKIT PANJANG,371926.0,363000.0,1207,105.43993371996686,84.53521126760563,967.3099610083169,14376.517979769724
2010,BUKIT TIMAH,511048.52173913043,500000.0,92,104.59782608695652,71.68478260869566,317.4281781810077,8858.691969408108
2010,CENTRAL AREA,393132.05836575874,378000.0,257,71.45136186770428,70.46692607003891,304.6890900561189,1777.031185086502
2010,CHOA CHU KANG,378119.7207995003,372000.0,1601,111.75202998126171,84.48219862585884,686.0322482272497,16583.81234576861
2010,CLEMENTI,384176.5452462772,350000.0,873,84.34822451317297,70.15349369988546,785.3719252076648,10094.185565531932
2010,GEYLANG,348922.17957746476,300000.0,1136,80.17077464788733,68.81426056338029,421.7852852447006,6102.349274682948
2010,HOUGANG,372667.30646051903,365000.0,1811,101.52070679182772,78.54334621755936,863.562409463831,10453.800925001859
2010,JURONG EAST,369945.3035714286,345000.0,840,98.29285714285714,75.38571428571429,881.9808406058451,13805.23165783575
2010,JURONG WEST,362975.7785812672,364250.0,2904,102.33849862258953,80.86191460055096,781.7651606615337,17493.60921380884
2010,KALLANG/WHAMPOA,400788.6308277831,358800.0,1051,85.04471931493815,71.86298763082779,488.007217855722,4391.635838828066
2010,MARINE PARADE,465228.6728624535,420000.0,269,85.3903345724907,64.41263940520446,1888.5281344072632,7185.063824373361
2010,PASIR RIS,432953.4704944179,415000.0,1254,124.38277511961722,81.96810207336523,1132.877538167027,14876.016493665617
2010,PUNGGOL,434856.5086848635,433000.0,806,107.57320099255583,92.5062034739454,1660.28748308817,14199.568212290245
2010,QUEENSTOWN,401997.1064257028,338000.0,996,75.25602409638554,67.2429718875502,466.875218530775,6282.692894049839
2010,SEMBAWANG,392296.6869671133,388000.0,821,107.36175395858709,90.08282582216809,531.1260225054407,18896.446368095145
2010,SENGKANG,421234.7362924282,418000.0,1915,106.95352480417755,90.58537859007834,897.3240989876696,12853.191448722318
2010,SERANGOON,389746.5714285714,375000.0,749,97.95994659546061,76.47530040053404,1109.547517572206,8973.594136443242
2010,TAMPINES,393111.02691511385,388000.0,2415,104.34492753623188,77.6128364389234,672.0800222070435,13239.005001363705
2010,TOA PAYOH,379438.84948259644,330000.0,1063,83.87300094073377,68.68955785512699,649.0938975202439,5983.66954142161
2010,WOODLANDS,351087.1155652991,350000.0,3193,107.48105230191042,83.69151268399624,624.8270401343376,18460.287106149106
2010,YISHUN,316148.75778707577,300000.0,2151,91.61692236169223,75.61738726173873,731.1954270253289,16156.46987397876
2011,ANG MO KIO,388175.2262644188,350000.0,1127,80.03815439219166,69.71606033717835,626.005931807706,9768.184944593817
2011,BEDOK,393793.0956651719,370000.0,1338,87.14050822122572,70.54932735426009,741.3394205614206,10036.813109201808
2011,BISHAN,538190.2646370024,530000.0,427,107.04918032786885,76.94379391100702,725.4070227563202,7853.0252402916885
2011,BUKIT BATOK,398011.29978813557,365000.0,944,92.53707627118644,76.66949152542372,648.1336715296549,13701.064212034611
2011,BUKIT MERAH,500241.2585258526,484000.0,909,84.74147414741473,73.75797579757976,644.6124348902653,3448.6222539111845
2011,BUKIT PANJANG,428934.6635404455,415000.0,853,106.82766705744432,83.85111371629543,991.6722735546978,14388.373920971115
2011,BUKIT TIMAH,576715.25,545000.0,32,102.4375,69.1875,321.2351462359141,8297.86186745549
2011,CENTRAL AREA,444713.9487179487,425000.0,156,73.74358974358974,70.28846153846153,292.8508175080758,1947.135616148525
2011,CHOA CHU KANG,424553.77777777775,416000.0,945,112.18518518518519,83.1989417989418,694.648272269949,16532.090494909473
2011,CLEMENTI,424129.7049180328,384500.0,488,82.66188524590164,69.45491803278688,800.2899848182184,10108.913677069431
2011,GEYLANG,395479.53273809527,344500.0,672,78.4077380952381,69.29017857142857,400.44545932930174,6223.160595225689
2011,HOUGANG,419661.1051766639,412000.0,1217,100.48151191454396,77.75267050123254,886.2103280967791,10436.938385575324
2011,JURONG EAST,408535.1060606061,393000.0,462,97.22510822510823,74.54112554112554,874.3510630727246,13859.960476070624
2011,JURONG WEST,406033.2150189087,407000.0,1851,102.33657482441923,80.09022150189087,785.6899732406428,17525.24174010907
2011,KALLANG/WHAMPOA,438434.941362916,400000.0,631,83.32329635499208,70.6053882725832,490.55492536119584,4364.080507264453
2011,MARINE PARADE,500696.3926380368,452000.0,163,83.58895705521472,63.33742331288344,1893.161922782187,7221.64859669972
2011,PASIR RIS,484920.6526458616,470000.0,737,123.90502035278155,80.8955223880597,1156.3834214274748,14900.802074401434
2011,PUNGGOL,494128.367576244,495000.0,623,106.41252006420545,91.80738362760835,1619.4157491228275,14219.38636775667
2011,QUEENSTOWN,437893.1375838926,378000.0,596,73.58724832214764,67.03859060402685,461.1351667102732,6215.877304832151
2011,SEMBAWANG,435337.7,425000.0,560,108.01607142857142,89.10535714285714,523.0275424292142,18896.686212508695
2011,SENGKANG,476461.43768545997,470750.0,1348,106.57566765578635,89.8293768545994,905.7497979997179,12834.371842783614
2011,SERANGOON,443360.07243460766,423000.0,497,97.7344064386318,75.81287726358148,1137.2146126629032,9010.121884432589
2011,TAMPINES,440067.3326612903,434000.0,1488,103.39583333333333,76.56518817204301,690.7586162049535,13231.125057497975
2011,TOA PAYOH,412447.2903663501,353000.0,737,80.18046132971506,67.38670284938942,619.6001805747775,5993.343953248425
2011,WOODLANDS,395783.7626613704,394000.0,2014,107.5695134061569,82.51737835153922,631.6779398042896,18480.50481589152
2011,YISHUN,360057.48021828104,341000.0,1466,91.20668485675307,74.60845839017735,734.6753824145634,16106.103293249773
2012,ANG MO KIO,421657.47996438114,385000.0,1123,81.56366874443455,68.35975066785396,624.5499792709279,9769.8263597456
2012,BEDOK,432381.23165467626,408000.0,1390,88.15971223021583,69.72446043165468,744.3360875380853,9976.606273672529
2012,BISHAN,566279.3090024331,542000.0,411,104.63746958637469,75.35036496350365,716.1802786769123,7807.245333408374
2012,BUKIT BATOK,425205.0224390244,393000.0,1025,92.41853658536586,75.3239024390244,643.4435804366426,13747.933019547116
2012,BUKIT MERAH,539560.5720670391,538000.0,895,85.01564245810056,73.07262569832402,635.4620562579273,3420.5015796457164
2012,BUKIT PANJANG,460576.79782082327,448000.0,826,106.0774818401937,82.546004842615,999.0608204149299,14361.613420105632
2012,BUKIT TIMAH,629995.4545454546,603500.0,44,104.68181818181819,70.61363636363636,333.39930023008816,9131.205684447566
2012,CENTRAL AREA,479173.27692307695,460000.0,130,73.35384615384615,69.42307692307692,297.4616451142615,1914.142891377247
2012,CHOA CHU KANG,461859.5688679245,450000.0,1060,112.26037735849057,82.56509433962265,696.0409396556836,16570.63372474652
2012,CLEMENTI,450176.4243478261,408000.0,575,82.15478260869565,67.99304347826087,769.4554885121037,10125.992800974967
2012,GEYLANG,418689.4180451128,371000.0,665,79.0827067669173,67.88571428571429,416.6005170744711,6246.534741098981
2012,HOUGANG,457599.06620808254,443000.0,1163,100.21066208082546,77.05503009458297,886.4289020828596,10515.348561338084
2012,JURONG EAST,422059.65794392524,380000.0,535,92.49906542056075,72.82990654205608,857.1900686010625,13871.038448879568
2012,JURONG WEST,444421.6141895391,445000.0,1931,103.02226825479026,79.44432936302434,782.7035262710598,17486.305122981994
2012,KALLANG/WHAMPOA,465927.3075709779,423000.0,634,82.32334384858044,69.1167192429022,493.12832721316704,4333.090323401473
2012,MARINE PARADE,559658.1298701299,506500.0,154,86.01298701298701,62.44155844155844,1888.8766812840133,7197.058446323439
2012,PASIR RIS,522606.97839135653,503000.0,833,122.72629051620649,80.01320528211285,1137.631211091869,14854.2193555761
2012,PUNGGOL,528808.1130790191,528000.0,734,104.8991825613079,91.03133514986376,1629.820300133264,14257.735624077357
2012,QUEENSTOWN,485473.8814935065,419000.0,616,73.62824675324676,67.40097402597402,444.14005795301534,6306.863247513549
2012,SEMBAWANG,470134.7272727273,462000.0,572,108.9527972027972,88.11888111888112,530.3288054991293,18909.50477445072
2012,SENGKANG,513142.126497006,508944.0,1336,107.42514970059881,88.8443113772455,886.565224400775,12830.412886795091
2012,SERANGOON,491903.3174273859,480000.0,482,97.9356846473029,74.73236514522821,1055.9045542557706,8873.708903355488
2012,TAMPINES,479006.275405893,470000.0,1663,104.11605532170776,75.80817799158147,716.419761906774,13252.394221825309
2012,TOA PAYOH,473110.0961281709,396000.0,749,85.0520694259012,68.57543391188251,606.0307311090977,5979.027246458743
2012,WOODLANDS,429623.2415730337,425000.0,2136,106.99812734082397,81.3871722846442,623.8498467270558,18474.414435528393
2012,YISHUN,397041.3060686016,380000.0,1516,91.68073878627969,73.68403693931398,731.3649655447116,16147.184815931927
2013,ANG MO KIO,434408.9744897959,390000.0,784,80.81760204081633,67.26785714285714,623.1189427886501,9774.549666894989
2013,BEDOK,445668.2990152193,418000.0,1117,86.94986571172784,69.03491495076096,771.501672440473,10012.562658058132
2013,BISHAN,603629.2294520548,580000.0,292,106.08219178082192,74.35958904109589,677.1694287763222,7789.389368061243
2013,BUKIT BATOK,434037.2870813397,393000.0,627,90.14194577352472,74.05582137161085,660.0126593209951,13624.675019091785
2013,BUKIT MERAH,578575.225433526,599000.0,692,85.65028901734104,73.8800578034682,601.7642870775888,3295.7073225563
2013,BUKIT PANJANG,477689.564,455000.0,500,106.1,81.444,972.063350216739,14372.788574673701
2013,BUKIT TIMAH,678232.0,654444.0,34,105.97058823529412,69.47058823529412,357.6616076576745,9053.813142602961
2013,CENTRAL AREA,471695.18,471000.0,100,72.01,65.61,307.05567027200965,1891.0969646094509
2013,CHOA CHU KANG,473499.8922558923,460000.0,594,111.52188552188552,81.29292929292929,655.1647282119748,16571.611138510278
2013,CLEMENTI,482195.6487804878,432000.0,410,84.08048780487805,67.70731707317073,794.202614377796,10113.222702268044
2013,GEYLANG,422407.3212851406,373000.0,498,76.87951807228916,66.53012048192771,398.6485428417308,6225.101276821405
2013,HOUGANG,471327.06078665075,450000.0,839,99.35399284862932,75.55423122765197,866.7508322548427,10475.621597274285
2013,JURONG EAST,452913.6751918159,420000.0,391,95.72890025575448,71.40664961636828,856.8835050665728,13899.014191234062
2013,JURONG WEST,453462.24365482235,453000.0,1379,101.77955039883975,78.8984771573604,791.8360297980281,17423.056178047165
2013,KALLANG/WHAMPOA,488874.816700611,448000.0,491,82.74338085539715,69.42973523421588,495.0444656368168,4411.837602697854
2013,MARINE PARADE,574300.3636363636,507500.0,110,85.54545454545455,61.36363636363637,1893.6146168692903,7220.61436667488
2013,PASIR RIS,530459.0371747211,509000.0,538,122.05204460966543,79.11338289962825,1185.7008437603788,14854.214366287939
2013,PUNGGOL,535791.9716713881,535000.0,353,103.9943342776204,90.3314447592068,1679.1580393999807,14242.370151369083
2013,QUEENSTOWN,506550.4873417721,433944.0,474,73.82700421940929,67.5675105485232,463.33323405057257,6396.377600927319
2013,SEMBAWANG,485600.4855491329,477000.0,346,108.84682080924856,87.00578034682081,509.07931253508247,18880.221057850013
2013,SENGKANG,528082.9193381593,528888.0,967,103.43846949327818,89.09824198552224,860.5524686869527,12736.98629526009
2013,SERANGOON,497172.0164383562,473000.0,365,96.44383561643835,73.3972602739726,1110.504441080693,8981.358973359998
2013,TAMPINES,492527.06824385806,488000.0,1099,103.94995450409463,74.54868061874431,675.2077427904392,13203.245898512308
2013,TOA PAYOH,490597.66785714286,406000.0,560,83.01071428571429,69.26428571428572,588.3553802487877,5948.147503581865
2013,WOODLANDS,449644.2727272727,435000.0,1441,107.60513532269258,80.20957668285912,619.1145710134749,18492.938180375546
2013,YISHUN,405036.7034671533,380000.0,1096,90.18704379562044,72.47536496350365,717.662634948466,16161.114534358196
2014,ANG MO KIO,411565.90875,370000.0,800,81.16375,66.425,624.1737433426483,9758.094526671655
2014,BEDOK,416884.98752228165,387500.0,1122,85.66221033868092,68.44385026737967,770.3252286995954,10053.540489438725
2014,BISHAN,575409.9505300353,536000.0,283,103.5547703180212,73.30742049469964,711.3350626750547,7797.499875453433
2014,BUKIT BATOK,406187.25322580646,373500.0,620,90.87096774193549,73.22258064516129,643.9050603458993,13664.804029058043
2014,BUKIT MERAH,536487.7762762763,519000.0,666,83.48798798798799,70.96696696696696,624.1356804394691,3323.1820750275056
2014,BUKIT PANJANG,433507.6108007449,420000.0,537,103.46554934823091,80.38361266294227,983.9347487694668,14341.062314020828
2014,BUKIT TIMAH,658788.4615384615,690000.0,26,103.92307692307692,65.8076923076923,287.7022328898406,8234.370081322433
2014,CENTRAL AREA,462998.82727272727,445000.0,110,70.58181818181818,66.1,346.9689773330768,1662.0519913317935
2014,CHOA CHU KANG,424323.8611111111,407500.0,504,109.4265873015873,79.77182539682539,655.8894512258564,16515.7661098971
2014,CLEMENTI,447803.34912718204,402000.0,401,82.61346633416458,66.01246882793018,748.1603259093805,10086.4623872987
2014,GEYLANG,402719.03524229076,355000.0,454,76.75991189427313,65.05066079295155,422.5241096538704,6233.417951402103
2014,HOUGANG,438518.5230582524,420000.0,824,97.68325242718447,73.9878640776699,844.6913955179763,10423.423560053054
2014,JURONG EAST,418251.8897243108,380000.0,399,92.29573934837093,70.40350877192982,858.3975767668745,13890.755040520313
2014,JURONG WEST,419323.34836363635,418000.0,1375,100.40727272727273,78.13018181818182,755.6542085313445,17415.488007269512
2014,KALLANG/WHAMPOA,459989.3381443299,410000.0,485,81.89484536082475,67.41855670103092,490.04217714871317,4326.641373181671
2014,MARINE PARADE,528343.8344370861,475000.0,151,83.56953642384106,60.450331125827816,1881.5630486281998,7189.2332642410765
2014,PASIR RIS,498455.021194605,477000.0,519,121.21579961464354,77.55684007707129,1108.305498190598,14928.538263851664
2014,PUNGGOL,478621.34246575343,478000.0,438,103.44292237442923,89.62100456621005,1630.6802191942731,14282.22367791124
2014,QUEENSTOWN,513557.9244060475,438000.0,463,77.3304535637149,68.89200863930886,460.55901514380423,6341.683002460346
2014,SEMBAWANG,428494.5392670157,420000.0,382,104.6544502617801,86.82198952879581,531.8798590999438,18936.58657257131
2014,SENGKANG,476713.07289527723,470000.0,974,103.06057494866529,88.08213552361396,845.9729013086124,12731.720501543783
2014,SERANGOON,473756.65168539324,438500.0,356,95.71629213483146,72.35393258426966,1041.1369191360118,8883.547652510197
2014,TAMPINES,470791.06384615385,455000.0,1300,102.56461538461538,74.42769230769231,732.7572260745054,13108.970761482022
2014,TOA PAYOH,436213.3567251462,368000.0,513,79.95711500974659,65.35282651072124,609.5826796021004,6004.115904871873
2014,WOODLANDS,412263.4063777596,398888.0,1223,105.68601798855273,79.40065412919051,610.3228415842567,18463.39537254326
2014,YISHUN,366716.11784799316,347000.0,1171,88.73783091374894,71.5935098206661,720.1717301090462,16130.775695457412
2015,ANG MO KIO,397095.5652654867,352000.0,904,81.36393805309734,65.68694690265487,637.4607247812525,9730.067275910955
2015,BEDOK,402021.2368421053,368944.0,1216,86.34457236842105,66.98190789473684,767.1971798189192,10050.288937672065
2015,BISHAN,581266.3922829581,560000.0,311,103.66881028938907,72.37620578778134,693.6404943798308,7825.131726062427
2015,BUKIT BATOK,391109.8623481781,368000.0,741,92.06612685560054,72.45074224021593,652.2709653866901,13706.75768618454
2015,BUKIT MERAH,533645.6236391913,518888.0,643,83.69517884914464,71.0139968895801,627.0148167552013,3282.980537500677
2015,BUKIT PANJANG,415142.9510703364,390000.0,654,105.35168195718654,79.42354740061162,951.1620401934478,14365.17787438283
2015,BUKIT TIMAH,725875.7647058824,794000.0,34,112.73529411764706,67.97058823529412,330.90909311691917,9191.292065804628
2015,CENTRAL AREA,707999.4678899082,818000.0,218,86.36697247706422,81.94036697247707,344.36585584596384,1500.7041116957516
2015,CHOA CHU KANG,399274.12640801,380000.0,799,110.92740926157697,79.20275344180226,686.8004481382833,16540.550071860565
2015,CLEMENTI,440887.8144104803,390000.0,458,83.4061135371179,65.13973799126637,735.3695796372858,10124.862272665625
2015,GEYLANG,420621.84435797663,374000.0,514,81.49416342412451,66.16342412451363,420.4035663288576,6243.207806095041
2015,HOUGANG,423505.1448801743,400000.0,918,98.97494553376906,72.98692810457516,828.7614971609701,10445.075150408002
2015,JURONG EAST,423817.5238095238,390000.0,399,95.31328320802005,70.02005012531329,875.6231352744372,13847.133408344705
2015,JURONG WEST,405753.52430555556,400000.0,1440,102.05972222222222,77.48263888888889,772.5494389795624,17391.930952674833
2015,KALLANG/WHAMPOA,473293.2470355731,430000.0,506,83.91304347826087,68.68774703557312,486.6382635672965,4350.786632887689
2015,MARINE PARADE,563025.2363636363,510000.0,110,88.51818181818182,59.46363636363636,1912.8408614216307,7137.921045735297
2015,PASIR RIS,476537.84803921566,459444.0,612,122.08496732026144,76.91666666666667,1144.7650191840316,14881.094325840799
2015,PUNGGOL,445165.1608280255,440000.0,628,102.87420382165605,88.95222929936305,1619.9524315770634,14321.536544604376
2015,QUEENSTOWN,527381.8411405295,450000.0,491,80.010183299389,69.39511201629328,474.6004751284377,6505.081683293212
2015,SEMBAWANG,409884.60721442883,400000.0,499,107.23046092184369,85.75951903807615,537.8682342698746,18935.758848196474
2015,SENGKANG,445837.6641156463,440000.0,1176,102.24744897959184,87.40816326530613,906.4087488387929,12748.990701347951
2015,SERANGOON,469435.3484848485,450000.0,396,96.9419191919192,71.9040404040404,1087.8916316545976,8923.352991736392
2015,TAMPINES,451241.9373088685,430500.0,1308,103.46177370030581,73.21177370030581,721.6810797953372,13176.523311023184
2015,TOA PAYOH,435803.55719557195,365500.0,542,82.68265682656826,64.90221402214023,633.2243457337651,5961.437031128248
2015,WOODLANDS,398221.10993485345,381750.0,1228,107.65228013029316,78.63110749185668,603.8505839469311,18451.97158308551
2015,YISHUN,363281.1342995169,340000.0,1035,92.51787439613527,70.71400966183575,732.7117134176839,16070.87558714836
2016,ANG MO KIO,419236.0601900739,358000.0,947,83.59662090813094,65.68848996832101,612.0309788580361,9761.249922016577
2016,BEDOK,410670.3564437194,375000.0,1226,88.44535073409462,66.31402936378467,759.2902968255752,10021.429244841976
2016,BISHAN,620490.1604278075,610000.0,374,106.12032085561498,72.76737967914438,703.4689980622661,7886.2238408003695
2016,BUKIT BATOK,391343.88157894736,360000.0,760,92.79078947368421,71.6828947368421,647.5156970041669,13726.572981638044
2016,BUKIT MERAH,547104.565096953,552500.0,722,86.12742382271468,71.52631578947368,627.8404497200747,3360.7744451966073
2016,BUKIT PANJANG,406905.8897849462,380000.0,744,102.69489247311827,79.54301075268818,983.9794435277237,14375.940633023398
2016,BUKIT TIMAH,698975.7037037037,700000.0,54,108.20370370370371,65.5925925925926,335.1855821263362,8840.95081488962
2016,CENTRAL AREA,634876.0416666666,522500.0,192,81.24479166666667,74.52604166666667,315.6218622935426,1624.1950221468394
2016,CHOA CHU KANG,392736.4850669413,375000.0,971,110.85272914521113,78.13491246138003,691.6325870383707,16529.587078372104
2016,CLEMENTI,440308.59789473686,378000.0,475,82.83368421052631,65.13263157894737,756.6306755155359,10088.285709967366
2016,GEYLANG,423836.78185328183,370000.0,518,82.1930501930502,65.36100386100387,426.8589064781223,6278.272762201766
2016,HOUGANG,416117.7537840565,388000.0,991,100.16145307769929,72.3188698284561,859.0979803763937,10417.137626533906
2016,JURONG EAST,431307.8429561201,395000.0,433,96.31408775981524,70.08775981524249,859.060959172701,13801.083445557379
2016,JURONG WEST,407044.44958563533,402000.0,1448,101.36187845303867,76.46201657458563,754.9011148403788,17425.179251471407
2016,KALLANG/WHAMPOA,514014.1392801252,485000.0,639,85.56964006259781,71.16275430359937,468.8012094747115,4302.917853362566
2016,MARINE PARADE,533543.9304347826,475888.0,115,84.75652173913043,58.26086956521739,1877.3229567106055,7245.208922346488
2016,PASIR RIS,477619.3560209424,452000.0,573,122.30191972076788,76.06631762652705,1161.2482172417824,14879.338753426679
2016,PUNGGOL,450603.4414316703,446000.0,922,99.78633405639913,90.56399132321042,1491.5665161269555,14457.978145971048
2016,QUEENSTOWN,546554.425,520000.0,480,81.75208333333333,70.525,476.43506063095833,6510.684439727684
2016,SEMBAWANG,410823.3553398058,400000.0,515,108.19029126213593,84.60776699029127,521.7550291133405,18944.259235495167
2016,SENGKANG,439190.0595980596,435000.0,1443,101.83714483714483,87.26334026334027,976.7337954743733,12717.992834545192
2016,SERANGOON,479867.7023255814,450000.0,430,98.15813953488372,70.71860465116279,1046.8717481892897,8842.738527162659
2016,TAMPINES,455846.5081001473,435000.0,1358,103.23711340206185,72.71870397643593,688.9408356260559,13217.62514324737
2016,TOA PAYOH,443872.06329113926,355000.0,553,82.80650994575045,64.73236889692586,629.70379667702,5977.41651642441
2016,WOODLANDS,400403.4872355945,385000.0,1371,108.96425966447848,78.11743253099927,604.0098711011593,18440.154298159738
2016,YISHUN,365747.93208221626,350000.0,1119,92.44772117962466,72.12421805183199,772.9836930027427,16048.67262706864
2017,ANG MO KIO,422493.49787685776,360000.0,942,83.97876857749469,66.15392781316348,610.7582810104857,9731.490782647626
2017,BEDOK,421682.6951219512,385000.0,1148,89.88675958188153,65.87717770034843,765.3522617141804,10020.861946554818
2017,BISHAN,659286.3116591928,645694.0,446,107.41479820627802,73.0067264573991,696.9205433220853,7796.593208852133
2017,BUKIT BATOK,379646.23369565216,350000.0,736,91.39402173913044,70.9741847826087,655.754949911842,13609.188982471791
2017,BUKIT MERAH,564494.189384801,579000.0,829,86.54041013268998,73.30277442702051,614.358435082508,3365.5127304714297
2017,BUKIT PANJANG,431034.23198847263,420000.0,694,105.19308357348703,79.46541786743516,911.2710763060534,14435.64409301397
2017,BUKIT TIMAH,696900.4912280702,698000.0,57,108.19298245614036,66.33333333333333,348.1587249742632,9320.463034263714
2017,CENTRAL AREA,624519.0274725275,514000.0,182,81.68681318681318,73.23076923076923,310.3137128733283,1568.9546627370253
2017,CHOA CHU KANG,389564.3221393035,370000.0,804,110.65671641791045,78.10696517412936,693.8823239160996,16519.153872543855
2017,CLEMENTI,478964.299086758,420000.0,438,85.77397260273973,68.28538812785388,746.161856339682,10002.826522175064
2017,GEYLANG,424938.66490299825,370000.0,567,82.13932980599647,64.10405643738977,414.20550878921244,6182.489966549068
2017,HOUGANG,427977.3397959184,403000.0,980,102.78775510204082,72.48775510204082,887.0237257357879,10503.435939096633
2017,JURONG EAST,416426.3457330416,389000.0,457,95.28227571115974,70.6980306345733,919.4575058989475,13735.488429700043
2017,JURONG WEST,395328.27592592593,390000.0,1620,101.68271604938272,75.71666666666667,784.8023663386059,17461.239557225777
2017,KALLANG/WHAMPOA,498844.1649782923,465000.0,691,87.25470332850941,68.81331403762663,476.76643505718704,4331.811454046606
2017,MARINE PARADE,525536.1935483871,469000.0,124,84.75,57.33870967741935,1892.6216384059073,7207.765774025923
2017,PASIR RIS,482764.2539936102,465000.0,626,122.96964856230032,74.98402555910543,1163.3065693808742,14858.338884940937
2017,PUNGGOL,450884.7477203647,440000.0,1316,98.81003039513678,91.19756838905775,1483.8651098128068,14430.71661720345
2017,QUEENSTOWN,559577.1214421253,565000.0,527,83.31309297912713,71.00948766603416,479.8292148215573,6539.3232101411295
2017,SEMBAWANG,391617.47428571427,380000.0,525,106.46666666666667,83.5847619047619,531.6597981871926,18947.77886154939
2017,SENGKANG,432589.3292046936,428000.0,1534,101.41460234680574,86.97979139504564,1059.5220561144977,12655.942584283395
2017,SERANGOON,489655.09069767443,463000.0,430,101.35116279069767,70.0953488372093,1110.2526675568927,8962.464358418392
2017,TAMPINES,474048.5688991532,455000.0,1299,106.27636643571978,72.1401077752117,703.3192625851426,13175.21548830796
2017,TOA PAYOH,507904.52736982645,445000.0,749,87.51935914552737,68.64753004005341,585.8947561214933,5976.282424519606
2017,WOODLANDS,388034.1881123449,370000.0,1531,107.76485956890922,78.00130633572829,620.0284585296768,18460.545460243105
2017,YISHUN,352596.0556881464,330000.0,1257,90.76451869530628,72.13365155131265,786.5742716789798,15951.45696334994
2018,ANG MO KIO,426288.41025641025,346000.0,1014,86.2948717948718,66.18737672583826,625.8374563029745,9723.892648517802
2018,BEDOK,415302.49648506154,370000.0,1138,89.93409490333919,64.59666080843586,751.0515122009965,9973.892663165992
2018,BISHAN,645579.501234568,628888.0,405,108.13086419753087,71.09876543209876,690.1008486041159,7784.257671744734
2018,BUKIT BATOK,376738.76456599287,360000.0,841,94.61117717003567,70.2627824019025,664.5757046297158,13639.994604204738
2018,BUKIT MERAH,567605.3627002288,590000.0,874,87.3604118993135,72.5228832951945,593.6507634087017,3307.2107766533204
2018,BUKIT PANJANG,428355.358565737,412000.0,753,105.22576361221779,78.91500664010624,958.3953171761317,14484.947866583836
2018,BUKIT TIMAH,729213.5737704918,738000.0,61,112.85245901639344,64.75409836065573,361.6082616571187,9169.597472486905
2018,CENTRAL AREA,631413.0169491526,508000.0,177,81.64971751412429,73.02824858757062,317.0264395725761,1666.1567461432903
2018,CHOA CHU KANG,380379.3804930332,365000.0,933,110.57663451232582,77.37299035369774,683.8075028463214,16569.702898445015
2018,CLEMENTI,478067.0699588477,415000.0,486,87.34362139917695,68.39506172839506,737.2697887336566,9993.33333596505
2018,GEYLANG,450470.53880266077,395000.0,451,85.17073170731707,64.91574279379158,421.31678323392987,6226.549738157317
2018,HOUGANG,437361.25217391306,410000.0,1035,104.47149758454107,72.37294685990338,893.0536646053309,10574.58014989388
2018,JURONG EAST,427207.16155419225,410000.0,489,98.19018404907976,71.08588957055214,871.8657618245413,13826.893008395924
2018,JURONG WEST,382758.2016029593,380000.0,1622,101.83415536374847,75.4580764488286,800.3063623869767,17441.976067901844
2018,KALLANG/WHAMPOA,485289.4376996805,446250.0,626,85.78115015974441,67.0702875399361,491.20095291078485,4325.606759834083
2018,MARINE PARADE,539033.8571428572,489000.0,140,86.32857142857142,56.33571428571429,1893.0881911419885,7206.5379992810995
2018,PASIR RIS,498271.7872,470000.0,625,124.9312,73.7776,1125.6721218063626,14914.059492939848
2018,PUNGGOL,449547.0136629798,438000.0,1537,97.17176317501627,91.11255692908263,1472.7102450260707,14375.517111572814
2018,QUEENSTOWN,559831.6795491143,560000.0,621,82.64251207729468,71.88244766505636,454.5338806070424,6525.331235612164
2018,SEMBAWANG,379478.98122866894,368000.0,586,106.26621160409556,82.68941979522184,526.397554365095,18934.7845046327
2018,SENGKANG,425862.2461913467,420000.0,1641,100.12736136502133,87.12918951858623,1200.4923178616912,12752.842946467834
2018,SERANGOON,495943.0869565217,475500.0,460,104.15652173913044,69.09565217391304,1156.5860492030392,9041.953574585512
2018,TAMPINES,483165.08187134506,460000.0,1368,108.09356725146199,70.94005847953217,689.1646659806515,13233.67685678634
2018,TOA PAYOH,512730.88477366255,470000.0,729,88.2002743484225,68.40603566529492,587.1015301876772,5969.404807532564
2018,WOODLANDS,372040.5688514732,350000.0,1663,105.70655441972339,77.84004810583284,619.9228893723525,18451.71323965347
2018,YISHUN,351121.86547433905,325000.0,1286,93.4284603421462,71.43856920684293,802.9496002533203,16004.158551017816
2019,ANG MO KIO,384965.02410901466,325000.0,954,84.28930817610063,63.39203354297694,613.1684801677145,9729.530097398303
2019,BEDOK,395718.54489973845,350000.0,1147,88.62772449869225,63.58761987794246,742.8666715034096,10040.719440586261
2019,BISHAN,628517.649880096,608000.0,417,108.26139088729016,69.5179856115108,699.4285320410764,7795.883027286699
2019,BUKIT BATOK,377028.84553775744,350500.0,874,97.00915331807781,69.05377574370709,652.3760960669687,13663.881120396956
2019,BUKIT MERAH,559507.2375,581444.0,880,87.93977272727273,70.34204545454546,597.5398989012268,3317.935946841253
2019,BUKIT PANJANG,425966.74813233723,417000.0,937,102.07897545357524,81.72785485592316,1065.7563771380685,14521.626100050085
2019,BUKIT TIMAH,716831.7183098592,725000.0,71,111.08450704225352,63.859154929577464,370.78736917313586,9184.499255760866
2019,CENTRAL AREA,615137.4598930482,512000.0,187,81.90374331550802,70.40641711229947,322.8416123211965,1733.1242976203143
2019,CHOA CHU KANG,385579.78223185265,365000.0,923,111.45395449620801,77.13326110509209,667.3226640406175,16627.329269808128
2019,CLEMENTI,450772.82463465555,383000.0,479,86.5929018789144,65.76826722338204,748.3370061735035,10015.664768688728
2019,GEYLANG,419885.7798507463,370000.0,536,82.48694029850746,62.63805970149254,409.28474825592144,6204.425584482681
2019,HOUGANG,421743.2461220269,392000.0,967,99.92864529472595,73.20785935884177,919.9660163286901,10603.952642074457
2019,JURONG EAST,405186.976,380000.0,500,97.884,69.328,860.813284943065,13935.693024451357
2019,JURONG WEST,385671.33470346447,382000.0,1703,102.54609512624779,75.49089841456254,805.5805864399767,17322.973297653785
2019,KALLANG/WHAMPOA,503887.1383333333,480000.0,600,87.19166666666666,66.885,461.4944920607955,4252.687437517242
2019,MARINE PARADE,487981.056,448000.0,125,83.936,55.352,1895.9397031438207,7219.339854302226
2019,PASIR RIS,495568.71452991455,475000.0,585,120.87179487179488,74.91623931623931,1071.5109367535958,14877.366651030732
2019,PUNGGOL,460907.6474137931,452000.0,1160,95.15862068965517,90.91206896551724,1423.3787475895738,14405.650710177435
2019,QUEENSTOWN,545003.5896980462,543000.0,563,81.99822380106572,70.33747779751332,447.51932767570037,6414.671366869305
2019,SEMBAWANG,367727.3530326594,365000.0,643,99.1601866251944,85.07309486780716,621.8143886591661,18957.208193998107
2019,SENGKANG,442628.85181058495,429000.0,1795,98.04958217270195,88.35710306406685,1152.7407706611696,12773.533000398118
2019,SERANGOON,486418.942791762,460000.0,437,101.49656750572082,67.99313501144165,1075.964506992695,8919.189199032518
2019,TAMPINES,465675.00636942673,440000.0,1413,102.87968860580325,72.48903043170559,774.8911772341633,13121.452708321413
2019,TOA PAYOH,460423.3470254958,380000.0,706,86.37677053824362,63.91359773371105,615.4661681080878,5984.033561502628
2019,WOODLANDS,371654.6176142698,360000.0,1794,105.24136008918617,77.66610925306577,649.7487704761134,18537.756946993548
2019,YISHUN,371550.3843575419,355000.0,1790,93.66424581005586,76.56424581005587,911.1858003717709,16019.071722248564
2020,ANG MO KIO,406624.8174523571,350000.0,997,86.18756268806419,63.55265797392177,624.4634613919271,9716.397215101666
2020,BEDOK,411303.0646387833,360000.0,1315,88.77034220532319,64.6235741444867,746.6613689264918,9932.533761510418
2020,BISHAN,625950.4866071428,600000.0,448,108.39508928571429,68.703125,725.3401478063139,7782.973762333507
2020,BUKIT BATOK,403083.91545189504,370000.0,686,101.02186588921283,67.68221574344024,650.0501635203666,13649.0797267316
2020,BUKIT MERAH,562575.3509433962,580000.0,795,87.17610062893081,69.30566037735849,605.0849913475192,3282.12034436937
2020,BUKIT PANJANG,437939.6719160105,435000.0,1143,99.38670166229221,84.22047244094489,1092.8622098007586,14626.094083513532
2020,BUKIT TIMAH,698358.1702127659,710888.0,47,108.55319148936171,62.48936170212766,365.82180763597205,9022.483074393862
2020,CENTRAL AREA,600480.6117647059,485000.0,170,81.45882352941176,68.17058823529412,320.66917775151705,1756.7341575991627
2020,CHOA CHU KANG,410019.38110403396,402000.0,942,108.79087048832272,80.14968152866243,794.9434131624381,16468.68346755983
2020,CLEMENTI,494006.2538593482,438000.0,583,85.56260720411663,69.02572898799313,692.9979561149569,10120.273309515691
2020,GEYLANG,438807.101754386,390000.0,570,83.98245614035088,64.39824561403509,418.4323351303188,6186.989537615423
2020,HOUGANG,455059.6856,430000.0,1250,100.936,75.22,962.1342437950384,10754.794874736672
2020,JURONG EAST,416442.52589641436,395000.0,502,99.20517928286853,68.93625498007968,882.8529409416195,13841.733470942163
2020,JURONG WEST,412920.39471855457,406000.0,1439,105.09103544127866,75.04586518415566,828.4387394137508,17306.33481403531
2020,KALLANG/WHAMPOA,484566.9911971831,460000.0,568,88.02464788732394,63.99471830985915,506.31740809673045,4390.559668747331
2020,MARINE PARADE,485080.51515151514,434844.0,132,84.0530303030303,54.416666666666664,1898.991141735767,7144.726731214279
2020,PASIR RIS,504248.16961130744,500000.0,849,115.4452296819788,77.67608951707892,936.9940449960416,14777.195283821771
2020,PUNGGOL,468181.56407322653,460000.0,1748,93.98569794050343,91.35354691075514,1410.2405056255293,14583.305844977027
2020,QUEENSTOWN,593730.5375191424,657000.0,653,82.27871362940276,72.92955589586524,476.97972466713713,6004.400730382652
2020,SEMBAWANG,396458.9866666667,395500.0,450,104.19777777777777,82.85777777777778,586.2650319185282,18936.89120280078
2020,SENGKANG,454809.55071792495,441000.0,2159,99.38304770727188,88.38906901343215,1236.4825536578642,12771.77036572481
2020,SERANGOON,491361.1291866029,458500.0,418,101.91626794258373,66.97846889952153,1087.7236824706933,8934.768099184656
2020,TAMPINES,482988.76,462000.0,1700,104.51705882352941,72.35176470588236,801.0494782313915,13039.952529663487
2020,TOA PAYOH,445227.8137108793,359000.0,671,85.12816691505216,62.131147540983605,597.278170728018,6027.755046093874
2020,WOODLANDS,400153.81650071125,385000.0,1406,108.69132290184922,76.82503556187767,647.6446214296756,18516.928413954654
2020,YISHUN,383593.2393617021,370000.0,1692,94.04491725768321,77.48581560283688,949.8658626574392,15946.358446711221
2021,ANG MO KIO,442650.05687203794,375000.0,1055,86.38388625592417,61.618957345971566,613.5689720828799,9764.627159716603
2021,BEDOK,473316.9548267327,430944.5,1616,92.52846534653466,65.18811881188118,758.996219041276,10011.65571245757
2021,BISHAN,671889.347368421,640444.0,570,109.61228070175439,67.66491228070176,712.92708165449,7812.036816204754
2021,BUKIT BATOK,459557.44680851063,428000.0,752,97.81382978723404,68.89627659574468,653.4775653774325,13598.656466717046
2021,BUKIT MERAH,609753.1986359762,630000.0,1173,88.0929241261722,70.2080136402387,595.1712350945226,3314.363221719427
2021,BUKIT PANJANG,491944.4853080569,475000.0,1055,101.92511848341232,80.32037914691944,1013.5973379770345,14535.443176823961
2021,BUKIT TIMAH,737160.8292682926,703300.0,82,111.02439024390245,61.36585365853659,344.8459255883115,9059.343961065173
2021,CENTRAL AREA,725841.4559386973,665000.0,261,85.35249042145594,72.32950191570882,333.87834859561076,1630.773048371626
2021,CHOA CHU KANG,483240.2987261147,477500.0,1570,105.48089171974522,83.6171974522293,906.4114877845892,16110.16965197581
2021,CLEMENTI,555685.150297619,531500.0,672,87.34821428571429,70.25446428571429,691.7614058667937,10100.542862364517
2021,GEYLANG,503976.3534946237,490000.0,744,86.77553763440861,65.56317204301075,423.2134524055285,6102.169487378302
2021,HOUGANG,504927.65125764784,478000.0,1471,101.74847042828009,74.82868796736913,937.80056513135,10735.34118942707
2021,JURONG EAST,481693.4389380531,450000.0,565,100.97699115044247,70.0212389380531,911.0007216450983,13826.607292035347
2021,JURONG WEST,455834.546,455000.0,1500,102.538,74.346,808.4805017544047,17304.669347564708
2021,KALLANG/WHAMPOA,552884.5578231292,538000.0,882,87.9297052154195,67.68480725623583,498.7149766334629,4412.506828863123
2021,MARINE PARADE,563508.2990196078,488444.0,204,91.03921568627452,53.36764705882353,1895.4861271853754,7249.009783443566
2021,PASIR RIS,566825.9169295478,555000.0,951,119.27234490010515,74.74027339642481,974.0139676606863,14815.287887100987
2021,PUNGGOL,513747.3169219548,500000.0,2742,96.80525164113786,90.79248723559445,1423.531044923734,14593.824622349855
2021,QUEENSTOWN,644027.6109422492,705000.0,987,84.13981762917933,74.50557244174266,475.78804103514454,6007.2668076010505
2021,SEMBAWANG,458260.1988304094,455000.0,513,103.82846003898635,81.64327485380117,563.7691664361244,18925.12458822926
2021,SENGKANG,500671.2569974555,485000.0,2751,99.85859687386404,87.33587786259542,1097.265453675313,12807.277096464173
2021,SERANGOON,548452.8689788054,514000.0,519,103.55491329479769,66.20809248554913,1066.2914630361704,8892.136250585976
2021,TAMPINES,526587.7007910656,505000.0,2149,105.46021405304793,71.8054909260121,792.570757463763,13082.443691212966
2021,TOA PAYOH,524707.9072052402,468000.0,916,88.28165938864629,64.2325327510917,602.2931707351186,5987.042098584952
2021,WOODLANDS,463098.26511912036,448000.0,1637,107.73427000610873,76.36896762370189,622.6775566120086,18473.07241819003
2021,YISHUN,440459.884,430000.0,1750,94.568,75.49714285714286,916.3959786003952,15893.519151175946
2022,ANG MO KIO,514777.6393762183,425000.0,1026,85.07992202729045,64.3401559454191,629.7914841513086,9722.558280438509
2022,BEDOK,492750.7545787546,440000.0,1365,90.18461538461538,62.38901098901099,761.2143017156554,10012.646728987103
2022,BISHAN,726258.4279569893,700000.0,465,107.29247311827957,65.96129032258065,675.6651491389712,7803.366955280392
2022,BUKIT BATOK,529230.3860045146,489444.0,886,96.57110609480813,71.66478555304741,661.2513422567794,13601.174808599455
2022,BUKIT MERAH,639135.2284527518,660000.0,963,87.80893042575286,68.78400830737279,614.0871439847957,3408.8478943394502
2022,BUKIT PANJANG,522628.47379454924,502777.5,954,101.46540880503144,77.48846960167715,1039.1736566122586,14494.663773414812
2022,BUKIT TIMAH,740163.3709677419,710444.0,62,103.64516129032258,58.62903225806452,326.7077863673068,8486.722051813293
2022,CENTRAL AREA,695712.4319248826,550000.0,213,81.50704225352112,66.9530516431925,327.9181536221528,1677.3500360637083
2022,CHOA CHU KANG,527691.4921652422,520000.0,1404,106.66524216524216,80.81695156695157,871.4054896654308,16198.596513034041
2022,CLEMENTI,579829.8754098361,536500.0,610,86.47049180327869,69.27540983606558,700.873832791133,10136.080173499888
2022,GEYLANG,506669.9224011713,448000.0,683,83.10248901903367,61.03806734992679,411.67230851998465,6093.996244122622
2022,HOUGANG,540235.6825037707,510000.0,1326,98.7971342383107,72.88386123680242,910.8157874208739,10650.265926086475
2022,JURONG EAST,491548.58144329896,450000.0,485,96.98762886597937,66.69690721649485,915.2149374917916,13778.76731770242
2022,JURONG WEST,499460.4664652568,500000.0,1655,101.98066465256798,73.89728096676737,850.0618007981183,17198.273433835864
2022,KALLANG/WHAMPOA,643822.7270765911,675000.0,927,86.83926645091694,73.19309600863,469.97897466868176,4311.342387296028
2022,MARINE PARADE,576516.8453608247,489000.0,194,88.60309278350516,52.41237113402062,1883.5917585810735,7203.440453537244
2022,PASIR RIS,620472.4290953545,608000.0,818,120.72371638141809,72.54156479217603,1037.6424000148086,14849.281870917057
2022,PUNGGOL,562850.2882793017,550000.0,2005,96.11670822942644,89.33815461346633,1439.6720055472804,14546.330008570278
2022,QUEENSTOWN,656780.7228116711,690000.0,754,82.71618037135279,72.36870026525199,494.0000647138328,6380.973213269372
2022,SEMBAWANG,523888.10126582277,520000.0,790,98.15822784810126,85.90379746835443,560.5837574177335,18671.037274199374
2022,SENGKANG,551653.5867768595,541888.0,2299,99.08829926054807,86.25532840365376,1071.8925130300227,12893.470003436249
2022,SERANGOON,584200.355140187,535000.0,428,100.09579439252336,64.52570093457943,994.0032527844354,8788.933020089997
2022,TAMPINES,571547.1690140845,545000.0,1704,104.39730046948357,69.55516431924883,770.5743470459415,13085.495866506559
2022,TOA PAYOH,573049.7314487633,510000.0,849,85.90812720848056,64.17785630153121,569.148940367128,6000.760341976133
2022,WOODLANDS,515901.91497326206,502400.0,1870,105.22459893048128,77.28021390374332,620.9424626176492,18427.20903151004
2022,YISHUN,480272.37386934675,458000.0,1990,92.92562814070352,74.92613065326633,887.5638407088729,15791.457788547688
2023,ANG MO KIO,531286.6573426573,436500.0,286,83.5909090909091,63.86713286713287,600.3820215577177,9713.12722145389
2023,BEDOK,504248.3333333333,445500.0,384,88.42447916666667,61.705729166666664,740.8288728584243,9986.297944984699
2023,BISHAN,747823.3263157895,738000.0,95,105.13684210526316,65.90526315789474,713.9666945810526,7921.743471418402
2023,BUKIT BATOK,583046.8233438486,585000.0,317,94.02523659305994,80.70662460567823,815.0828093237833,13780.076579883154
2023,BUKIT MERAH,679353.6342412451,715000.0,257,86.40466926070039,71.6614785992218,616.532286588125,3590.542648858677
2023,BUKIT PANJANG,537384.918660287,515500.0,209,99.49282296650718,76.46411483253588,1018.7576336744008,14474.01676250262
2023,BUKIT TIMAH,739888.8,750000.0,10,100.0,58.6,356.35594616020217,8860.427272089999
2023,CENTRAL AREA,698154.4516129033,535500.0,62,78.70967741935483,64.12903225806451,307.41395094849673,1772.5868609616944
2023,CHOA CHU KANG,542162.4594594594,526000.0,333,108.3903903903904,77.02102102102103,829.6370819551743,16264.799061592417
2023,CLEMENTI,597124.1497326203,546000.0,187,88.09625668449198,66.40641711229947,678.7742153345803,10091.309754237389
2023,GEYLANG,488765.78534031415,455000.0,191,78.75916230366492,60.80104712041885,423.21820713496544,6207.5973016048665
2023,HOUGANG,554705.8151260504,525888.0,357,98.38095238095238,70.94397759103641,913.8153857325314,10639.41937456264
2023,JURONG EAST,500169.23529411765,465000.0,136,96.23529411764706,65.08088235294117,900.6599938717228,13847.71520936015
2023,JURONG WEST,507170.148241206,504500.0,398,100.62814070351759,71.66582914572864,864.0506113194652,17144.20023957786
2023,KALLANG/WHAMPOA,606604.7762557077,600000.0,219,84.43835616438356,66.79908675799086,481.42997995805814,4290.988271240992
2023,MARINE PARADE,575306.9210526316,509000.0,38,86.86842105263158,51.3421052631579,1877.8777197173108,7232.026989267843
2023,PASIR RIS,639863.0960451977,628000.0,177,121.24858757062147,70.35593220338983,1077.345115999453,14852.31803057007
2023,PUNGGOL,569711.5034482758,575000.0,580,91.73275862068965,89.39655172413794,1413.9241612068818,14472.874119298433
2023,QUEENSTOWN,680085.08,721000.0,175,83.26857142857143,70.2,495.5854413449287,6584.558119724635
2023,SEMBAWANG,534782.4333333333,540000.0,240,95.34166666666667,86.1125,534.815585925206,18578.152620889483
2023,SENGKANG,578842.1492537314,575000.0,469,99.28571428571429,84.48827292110875,1117.521406919499,12811.316364204185
2023,SERANGOON,599196.7685185185,577500.0,108,99.0,64.20370370370371,1044.2723966186338,8901.628984726443
2023,TAMPINES,576160.4554865424,565000.0,483,101.20703933747411,68.6728778467909,736.7461648296847,13217.821337771606
2023,TOA PAYOH,593232.2051282051,510000.0,195,85.86153846153846,63.256410256410255,530.3805519915958,6075.3995591381245
2023,WOODLANDS,524988.2558922559,520000.0,594,102.03367003367003,77.86531986531986,602.0722530320859,18376.758908609212
2023,YISHUN,484763.6734317343,465000.0,542,90.23247232472325,74.43542435424354,914.4763713861142,15825.092137903597
