year,town,flat_type,avg_resale_price,median_resale_price,total_transactions,avg_floor_area,avg_remaining_lease,avg_mrt_distance,avg_cbd_distance
1990,ANG MO KIO,1 ROOM,7770.833333333333,8000.0,24,31.0,86.0,,
1990,ANG MO KIO,2 ROOM,25108.333333333332,23000.0,12,45.0,95.0,357.42362162957676,10257.700017338819
1990,ANG MO KIO,3 ROOM,46443.89416058394,47000.0,1096,71.49908759124088,88.28740875912409,639.5207213920871,9735.328305367055
1990,ANG MO KIO,4 ROOM,77068.31521739131,75000.0,368,92.9429347826087,88.10326086956522,602.6727820411921,9739.138430375424
1990,ANG MO KIO,5 ROOM,130709.53125,130000.0,128,120.3515625,88.5859375,694.2002886085857,9743.971288866785
1990,BEDOK,2 ROOM,25990.0,26000.0,20,44.75,93.4,508.19335924170235,9430.234066723253
1990,BEDOK,3 ROOM,42597.075163398695,43000.0,612,68.53104575163398,87.87091503267973,838.5087475539669,10217.85317386275
1990,BEDOK,4 ROOM,73952.88235294117,72000.0,340,91.41470588235295,88.68529411764706,786.2823277174924,10296.169225743999
1990,BEDOK,5 ROOM,122364.0756302521,122000.0,238,121.61764705882354,88.85714285714286,814.2528051263291,10094.137250607351
1990,BEDOK,EXECUTIVE,198909.375,200000.0,32,147.78125,93.5625,630.2358988567308,9726.958455241074
1990,BISHAN,3 ROOM,48962.264150943396,48000.0,53,66.45283018867924,89.0,368.605126387364,7836.454069970056
1990,BISHAN,4 ROOM,95288.0,94500.0,25,95.04,92.76,406.48218399944545,7522.637746269009
1990,BISHAN,5 ROOM,160826.08695652173,160000.0,23,121.47826086956522,94.6086956521739,516.8255645046899,8047.162016901119
1990,BISHAN,EXECUTIVE,230800.0,226000.0,5,149.4,94.4,454.73491818763216,8091.0306840282165
1990,BUKIT BATOK,3 ROOM,47678.097378277154,46900.0,267,70.08614232209737,93.31460674157303,673.0630655554318,13609.812802490625
1990,BUKIT BATOK,4 ROOM,81446.76328502415,82000.0,207,99.2415458937198,93.86473429951691,556.2128364666579,13640.386209553955
1990,BUKIT BATOK,5 ROOM,132486.81318681317,127000.0,91,131.13186813186815,94.03296703296704,549.4351982167194,13486.640331561546
1990,BUKIT BATOK,EXECUTIVE,173095.69892473117,170000.0,93,147.5483870967742,93.78494623655914,485.7459434953786,13662.966232454975
1990,BUKIT MERAH,1 ROOM,7948.0,7500.0,50,29.4,79.44,1211.7946074494985,3588.832140721353
1990,BUKIT MERAH,2 ROOM,19636.428571428572,19000.0,28,46.67857142857143,78.82142857142857,464.8774667747124,2850.754939729863
1990,BUKIT MERAH,3 ROOM,46514.964705882354,45500.0,425,65.03058823529412,84.83764705882353,687.4976168274893,3443.7188399657957
1990,BUKIT MERAH,4 ROOM,97382.05128205128,93000.0,117,90.2051282051282,87.14529914529915,710.5149390254795,3557.919467286899
1990,BUKIT MERAH,5 ROOM,163377.6222222222,165400.0,90,122.25555555555556,87.8,688.7763652564481,3401.668330046656
1990,BUKIT TIMAH,3 ROOM,40046.666666666664,40000.0,15,67.33333333333333,84.33333333333333,257.2353494654574,6282.8610332466915
1990,BUKIT TIMAH,4 ROOM,80450.0,84500.0,6,90.66666666666667,83.0,316.548233530328,6209.07285640041
1990,BUKIT TIMAH,5 ROOM,149985.7142857143,150000.0,7,122.71428571428571,83.0,85.4556473060904,6184.554852767411
1990,CENTRAL AREA,2 ROOM,26750.0,25500.0,52,44.23076923076923,84.17307692307692,639.3279824947138,1396.7441042742976
1990,CENTRAL AREA,3 ROOM,60517.11538461538,60000.0,104,65.00961538461539,87.3076923076923,286.9667841693058,1674.3457444512885
1990,CENTRAL AREA,4 ROOM,113993.80952380953,105750.0,42,92.0952380952381,90.85714285714286,228.50631087797223,2076.752893539557
1990,CENTRAL AREA,5 ROOM,216500.0,216500.0,2,136.5,93.5,209.18616775891536,2692.6645437255997
1990,CHOA CHU KANG,3 ROOM,46398.0,42350.0,60,72.36666666666666,90.33333333333333,825.8509481417783,15263.892108893844
1990,CHOA CHU KANG,4 ROOM,70547.36842105263,64500.0,19,95.78947368421052,89.05263157894737,777.1976429731327,15174.718613342395
1990,CHOA CHU KANG,5 ROOM,101222.22222222222,99000.0,9,119.0,88.0,635.4327699250855,15012.854382369638
1990,CLEMENTI,3 ROOM,48083.26190476191,47000.0,420,69.77380952380952,88.40714285714286,717.9131866135331,10182.877316505303
1990,CLEMENTI,4 ROOM,82091.71597633135,80000.0,169,92.94674556213018,88.90532544378698,795.1020223641043,10107.654405279505
1990,CLEMENTI,5 ROOM,141030.66666666666,141000.0,75,121.94666666666667,88.57333333333334,828.1925285815727,9835.91474690764
1990,CLEMENTI,EXECUTIVE,197464.51612903227,206000.0,31,149.4516129032258,93.64516129032258,951.495534339122,10272.023374077053
1990,GEYLANG,2 ROOM,17482.8125,18000.0,64,43.828125,79.8125,423.5706966352872,6355.117953365728
1990,GEYLANG,3 ROOM,38002.096774193546,37000.0,310,62.92258064516129,83.63225806451612,435.0018069456036,6059.533837550858
1990,GEYLANG,4 ROOM,94847.68292682926,86750.0,164,92.58536585365853,91.8170731707317,477.601897103074,6803.531616641864
1990,GEYLANG,5 ROOM,150047.14285714287,150000.0,70,124.74285714285715,89.31428571428572,424.09988793256593,5994.656677877613
1990,GEYLANG,EXECUTIVE,214666.66666666666,207500.0,12,147.5,94.25,377.99590148320607,6974.810613365143
1990,HOUGANG,3 ROOM,45042.46031746032,46550.0,252,69.13888888888889,90.63492063492063,775.4073275423399,9791.805844421744
1990,HOUGANG,4 ROOM,83099.55862068966,80000.0,145,96.86896551724138,92.8896551724138,764.2160295396205,9859.447046583855
1990,HOUGANG,5 ROOM,132366.23376623375,131000.0,77,128.02597402597402,93.06493506493507,709.5316336534856,9975.829531706439
1990,HOUGANG,EXECUTIVE,194556.52173913043,195000.0,46,150.08695652173913,93.71739130434783,762.9123724095689,9424.838015337447
1990,JURONG EAST,3 ROOM,41906.62698412698,46000.0,252,71.44444444444444,90.28174603174604,827.9600609768524,13933.652040877
1990,JURONG EAST,4 ROOM,76003.73626373627,75000.0,91,97.58241758241758,91.74725274725274,870.1093890889833,13918.861812926103
1990,JURONG EAST,5 ROOM,118972.35772357724,122000.0,123,122.3739837398374,90.99186991869918,962.265382201307,13817.44155716469
1990,JURONG EAST,EXECUTIVE,172082.75862068965,173000.0,29,148.82758620689654,93.89655172413794,847.3487091709918,15112.069356865468
1990,JURONG WEST,2 ROOM,16800.0,16800.0,1,57.0,79.0,1186.8737676765272,15275.975219502265
1990,JURONG WEST,3 ROOM,32560.58035714286,29000.0,672,66.78125,85.88690476190476,854.6531360677947,16532.73251022984
1990,JURONG WEST,4 ROOM,81056.71232876713,87000.0,219,99.74429223744292,92.56164383561644,906.6253873189946,16377.890735181716
1990,JURONG WEST,5 ROOM,120952.0325203252,127000.0,123,128.33333333333334,91.65040650406505,852.1344575500882,16493.24410866902
1990,JURONG WEST,EXECUTIVE,173919.29824561405,173000.0,57,150.19298245614036,94.10526315789474,851.9573251350809,16385.520871031305
1990,KALLANG/WHAMPOA,2 ROOM,19035.29411764706,20000.0,17,49.294117647058826,79.0,388.4163189186617,4156.6159270163935
1990,KALLANG/WHAMPOA,3 ROOM,47536.67582417582,45500.0,364,67.82967032967034,84.97527472527473,506.82767491024214,4519.732871216446
1990,KALLANG/WHAMPOA,4 ROOM,99559.07407407407,93900.0,108,92.87962962962963,87.43518518518519,506.30766850630545,4304.272463059194
1990,KALLANG/WHAMPOA,5 ROOM,161526.31578947368,159000.0,76,122.64473684210526,89.28947368421052,492.3882487245383,4423.201963121565
1990,KALLANG/WHAMPOA,EXECUTIVE,228250.0,236750.0,6,151.33333333333334,93.0,939.7372489082345,5044.790605333924
1990,LIM CHU KANG,3 ROOM,20400.0,20400.0,1,59.0,89.0,,
1990,LIM CHU KANG,4 ROOM,39100.0,39100.0,2,83.0,89.0,5471.18280593651,22405.555056502148
1990,MARINE PARADE,3 ROOM,43165.795454545456,40000.0,88,67.64772727272727,84.22727272727273,1878.2871130938727,7254.791605732196
1990,MARINE PARADE,4 ROOM,86429.54545454546,87000.0,44,86.04545454545455,84.5,1890.6372945219716,7053.725989774163
1990,MARINE PARADE,5 ROOM,156350.0,157500.0,68,121.22058823529412,84.97058823529412,1923.4604466498556,7160.7184459026
1990,QUEENSTOWN,2 ROOM,16272.033898305084,15750.0,118,44.91525423728814,79.33898305084746,463.0344892892683,6160.745947991715
1990,QUEENSTOWN,3 ROOM,33068.388791593694,35000.0,571,61.55866900175131,81.71278458844134,501.3449576004652,6741.725999913892
1990,QUEENSTOWN,4 ROOM,79164.10256410256,78000.0,39,86.15384615384616,83.58974358974359,497.6834901354295,6735.433756200029
1990,QUEENSTOWN,5 ROOM,138819.04761904763,137000.0,42,118.66666666666667,86.23809523809524,538.2210085959474,7735.106167198556
1990,SEMBAWANG,3 ROOM,21300.0,21300.0,2,64.0,84.0,833.9339431332859,17801.01533333687
1990,SENGKANG,3 ROOM,34253.846153846156,31000.0,13,68.84615384615384,89.0,,
1990,SENGKANG,4 ROOM,58000.0,55000.0,5,92.0,89.0,,
1990,SERANGOON,3 ROOM,49235.84,50000.0,125,66.32,92.768,912.5580427206269,8652.273805234194
1990,SERANGOON,4 ROOM,94399.87654320987,91000.0,162,93.01851851851852,93.64197530864197,901.4409867457416,8621.061896486544
1990,SERANGOON,5 ROOM,148521.65,140000.0,60,121.46666666666667,94.38333333333334,1126.149924739912,8938.495832648028
1990,SERANGOON,EXECUTIVE,217995.3488372093,215000.0,43,149.90697674418604,94.30232558139535,968.0573382237168,8694.15457937211
1990,TAMPINES,3 ROOM,51853.67741935484,54500.0,310,73.81612903225806,93.11290322580645,619.2135038463902,13116.677160423302
1990,TAMPINES,4 ROOM,83722.23564954683,88000.0,331,100.91238670694864,93.41389728096676,598.6847771884411,12928.639767690558
1990,TAMPINES,5 ROOM,129294.0,130000.0,140,126.78571428571429,93.65,540.9914239707254,13201.299282516227
1990,TAMPINES,EXECUTIVE,173321.31147540984,175000.0,61,148.19672131147541,93.57377049180327,773.5625593252561,12756.087349552763
1990,TOA PAYOH,2 ROOM,17375.0,18000.0,16,42.4375,80.75,326.5512053674843,6194.748965221838
1990,TOA PAYOH,3 ROOM,39654.20863309353,40000.0,556,66.82553956834532,81.94424460431655,615.7431376171534,5957.499436272281
1990,TOA PAYOH,4 ROOM,82045.29914529914,78000.0,117,89.77777777777777,86.82051282051282,650.8818389438319,6303.108900205262
1990,TOA PAYOH,5 ROOM,137624.48979591837,131000.0,49,122.6938775510204,87.57142857142857,880.9141928521005,6422.762014275063
1990,TOA PAYOH,EXECUTIVE,212142.85714285713,204000.0,7,155.71428571428572,93.0,513.5227006602883,5931.078901692228
1990,WOODLANDS,3 ROOM,31380.932642487045,30500.0,193,69.47668393782384,88.14507772020725,1001.1874766127206,19452.07588347965
1990,WOODLANDS,4 ROOM,60655.882352941175,58500.0,68,94.41176470588235,89.88235294117646,921.8368215697067,19257.25505297316
1990,WOODLANDS,5 ROOM,86769.76744186046,80000.0,43,121.30232558139535,88.04651162790698,1075.585870121958,19547.850725397817
1990,YISHUN,3 ROOM,41778.47619047619,42000.0,231,70.04329004329004,93.28571428571429,589.9331272266237,16595.677906588717
1990,YISHUN,4 ROOM,67303.93700787402,65000.0,254,93.96456692913385,94.18110236220473,642.9016138635789,16507.871273786328
1990,YISHUN,5 ROOM,110215.49019607843,102500.0,102,122.11764705882354,94.15686274509804,473.7788433451808,16533.40523093898
1990,YISHUN,EXECUTIVE,160702.72727272726,150000.0,11,147.27272727272728,95.0909090909091,941.607174251427,16626.499968232114
1991,ANG MO KIO,1 ROOM,7376.0,7000.0,15,31.0,85.0,,
1991,ANG MO KIO,2 ROOM,27270.0,29000.0,10,45.0,94.0,332.9842905298174,10245.028665435453
1991,ANG MO KIO,3 ROOM,46607.66743648961,47000.0,1299,70.98845265588915,87.33333333333333,632.4004194903058,9774.256207266388
1991,ANG MO KIO,4 ROOM,77014.20588235294,72000.0,340,93.11470588235294,86.9735294117647,607.9437634649353,9753.393870731032
1991,ANG MO KIO,5 ROOM,137840.47619047618,139500.0,126,120.81746031746032,87.85714285714286,668.3764986540676,9839.157811821051
1991,BEDOK,2 ROOM,25556.25,25750.0,16,44.9375,90.0,857.6480384586514,9416.748541496769
1991,BEDOK,3 ROOM,43857.81487603306,45000.0,605,68.56033057851239,87.22644628099174,812.5456990949751,10173.336821171415
1991,BEDOK,4 ROOM,74664.14772727272,72000.0,352,90.76136363636364,88.3125,742.0949511800873,10129.108064413162
1991,BEDOK,5 ROOM,133496.9109947644,132000.0,191,121.75916230366492,88.16753926701571,808.0756646930585,10164.403241104206
1991,BEDOK,EXECUTIVE,199328.33333333334,200000.0,54,148.3148148148148,93.05555555555556,631.0184798163601,9678.742758077306
1991,BISHAN,3 ROOM,47121.71052631579,47500.0,76,65.77631578947368,88.0657894736842,516.6005193403544,7994.512888272431
1991,BISHAN,4 ROOM,101353.45192307692,99000.0,104,90.5,93.72115384615384,570.7559580018285,7385.452393846032
1991,BISHAN,5 ROOM,180981.5873015873,187000.0,63,120.87301587301587,94.26984126984127,633.2573793668012,7737.383289568141
1991,BISHAN,EXECUTIVE,247185.7142857143,243500.0,14,150.71428571428572,94.0,591.2432360921251,7871.787705216631
1991,BUKIT BATOK,3 ROOM,47186.545454545456,46700.0,385,69.67272727272727,92.68571428571428,645.7169317865614,13691.994130253086
1991,BUKIT BATOK,4 ROOM,79475.2156862745,76000.0,255,96.59607843137255,93.47843137254903,562.9150541202677,13831.80138811389
1991,BUKIT BATOK,5 ROOM,134629.47368421053,130000.0,95,130.42105263157896,93.21052631578948,554.2088711901974,13679.90960258166
1991,BUKIT BATOK,EXECUTIVE,182971.73076923078,182500.0,104,147.79807692307693,93.27884615384616,468.61260281449387,13852.57324421064
1991,BUKIT MERAH,1 ROOM,8970.555555555555,8950.0,36,29.444444444444443,78.5,1211.7946074494985,3588.8321407213525
1991,BUKIT MERAH,2 ROOM,20363.333333333332,20750.0,24,45.083333333333336,77.375,453.27932572941313,3137.548499628958
1991,BUKIT MERAH,3 ROOM,48542.62430939227,45700.0,362,65.36187845303867,84.22099447513813,746.1218792249796,3431.224883885812
1991,BUKIT MERAH,4 ROOM,97502.17054263566,94000.0,129,88.86821705426357,86.10077519379846,637.0667262326236,3706.5141379806255
1991,BUKIT MERAH,5 ROOM,169334.71698113208,166500.0,106,121.80188679245283,87.06603773584905,663.4917838985638,3395.820478545142
1991,BUKIT PANJANG,3 ROOM,57500.0,57500.0,2,73.0,96.0,944.7391712143543,13728.518944296244
1991,BUKIT PANJANG,4 ROOM,82333.33333333333,80500.0,6,96.66666666666667,95.5,959.1503586087215,13798.293997808396
1991,BUKIT PANJANG,5 ROOM,149000.0,149000.0,1,121.0,95.0,753.886966283511,13988.726708308028
1991,BUKIT PANJANG,EXECUTIVE,155000.0,155000.0,2,148.5,95.0,674.2148820785209,14148.14395058924
1991,BUKIT TIMAH,3 ROOM,45291.42857142857,40040.0,7,68.28571428571429,82.85714285714286,250.5939612591561,6271.647401943351
1991,BUKIT TIMAH,4 ROOM,88600.0,97000.0,5,90.2,82.0,309.5774912534512,6211.888001051399
1991,BUKIT TIMAH,5 ROOM,162250.0,159500.0,4,124.0,82.0,90.57803783473582,6168.117565555182
1991,CENTRAL AREA,2 ROOM,28622.222222222223,27500.0,45,45.28888888888889,84.5111111111111,584.6441095941029,1470.4379937603203
1991,CENTRAL AREA,3 ROOM,60763.92857142857,60000.0,112,64.74107142857143,86.4375,255.62409238920804,1809.6597788858653
1991,CENTRAL AREA,4 ROOM,114112.12121212122,110000.0,33,90.42424242424242,89.57575757575758,218.92526076996927,2045.4332871440938
1991,CENTRAL AREA,5 ROOM,222600.0,228000.0,5,137.2,91.8,233.37888782538056,2701.4968321325496
1991,CHOA CHU KANG,3 ROOM,46304.87804878049,44000.0,41,71.21951219512195,89.34146341463415,850.7130137480802,15335.038530306516
1991,CHOA CHU KANG,4 ROOM,68827.27272727272,64600.0,22,95.0,88.0909090909091,816.0904081360712,15235.702260736674
1991,CHOA CHU KANG,5 ROOM,101000.0,98000.0,7,119.0,87.0,629.5115266638097,15025.655284429087
1991,CLEMENTI,3 ROOM,48721.55452436195,47000.0,431,69.86078886310905,87.29466357308584,717.2289744441168,10215.670918781145
1991,CLEMENTI,4 ROOM,83991.66666666667,80000.0,144,92.72222222222223,87.51388888888889,803.6875973784046,10132.712423763931
1991,CLEMENTI,5 ROOM,147225.0,150000.0,56,121.42857142857143,87.5,822.3904498778317,9779.472885423476
1991,CLEMENTI,EXECUTIVE,221289.47368421053,230000.0,19,148.42105263157896,92.42105263157895,1019.3269439444784,10167.71283358378
1991,GEYLANG,2 ROOM,18021.11111111111,17000.0,45,44.6,78.5111111111111,391.0612110773826,6341.80494904124
1991,GEYLANG,3 ROOM,39189.080808080806,40000.0,297,63.0,83.13131313131314,445.91117253620473,6173.366150712466
1991,GEYLANG,4 ROOM,93995.0303030303,88000.0,165,92.24242424242425,91.16969696969697,484.0272301959161,6829.482382847462
1991,GEYLANG,5 ROOM,154264.75,149250.0,80,123.575,89.2625,441.57339272658135,6142.8208915041305
1991,GEYLANG,EXECUTIVE,221705.88235294117,210000.0,51,147.54901960784315,93.96078431372548,452.61560722397684,6770.82187654745
1991,HOUGANG,3 ROOM,45186.0,45500.0,305,69.22950819672131,90.07213114754099,769.6480464406515,9979.873618367035
1991,HOUGANG,4 ROOM,81125.54054054055,78000.0,296,95.94256756756756,92.65878378378379,720.8429117638213,10174.781692295515
1991,HOUGANG,5 ROOM,133396.33027522935,130000.0,109,126.14678899082568,92.85321100917432,702.5311032957703,10116.897537949915
1991,HOUGANG,EXECUTIVE,187512.98701298703,185000.0,77,150.1818181818182,93.25974025974025,770.9541375036986,9739.326473634363
1991,JURONG EAST,3 ROOM,42111.9313304721,42000.0,233,71.14592274678111,89.5922746781116,844.9499669307888,13882.99730884918
1991,JURONG EAST,4 ROOM,76528.7356321839,72000.0,87,96.95402298850574,91.24137931034483,820.5752052334417,14139.103870038341
1991,JURONG EAST,5 ROOM,121622.79069767441,120800.0,129,123.2248062015504,90.13178294573643,924.7912953400379,13867.612055374208
1991,JURONG EAST,EXECUTIVE,178600.0,177500.0,50,147.9,93.08,951.5059952110911,14773.88619823101
1991,JURONG WEST,3 ROOM,35071.69139465875,31500.0,337,67.04747774480713,85.64094955489614,837.3356302943322,16540.508834830813
1991,JURONG WEST,4 ROOM,80703.33333333333,84500.0,174,99.26436781609195,91.42528735632185,879.3825998898674,16373.247768276051
1991,JURONG WEST,5 ROOM,126586.0,127000.0,100,128.36,91.06,863.9474754008514,16515.720302276764
1991,JURONG WEST,EXECUTIVE,171247.8260869565,161000.0,69,151.2753623188406,93.18840579710145,921.126411232899,16418.12631957283
1991,KALLANG/WHAMPOA,2 ROOM,24183.333333333332,21850.0,12,48.166666666666664,82.0,435.44849191394934,4271.6051356023245
1991,KALLANG/WHAMPOA,3 ROOM,48830.568181818184,45500.0,352,67.24147727272727,84.41193181818181,493.761302243388,4493.439213858217
1991,KALLANG/WHAMPOA,4 ROOM,101124.62809917355,93380.0,121,92.9504132231405,87.33884297520662,464.6551812063859,4151.606061161021
1991,KALLANG/WHAMPOA,5 ROOM,163237.94871794872,159100.0,78,122.74358974358974,88.32051282051282,507.7604955897022,4491.116296152339
1991,KALLANG/WHAMPOA,EXECUTIVE,205760.0,230000.0,5,147.8,92.8,783.4401788965589,4655.184180882659
1991,LIM CHU KANG,3 ROOM,27014.285714285714,28700.0,7,62.142857142857146,88.0,5471.18280593651,22405.555056502148
1991,LIM CHU KANG,4 ROOM,39700.0,41000.0,6,84.83333333333333,88.0,5471.18280593651,22405.555056502148
1991,MARINE PARADE,3 ROOM,44375.0,40000.0,96,67.78125,83.13541666666667,1869.3009919662366,7267.408200425537
1991,MARINE PARADE,4 ROOM,96897.72727272728,95500.0,44,85.70454545454545,83.47727272727273,1894.3798841774521,7053.840283372133
1991,MARINE PARADE,5 ROOM,159253.1914893617,160000.0,47,121.57446808510639,83.59574468085107,1898.468938574872,7307.407589004433
1991,PASIR RIS,4 ROOM,105500.0,105500.0,2,110.0,97.0,923.7406195278259,15123.110001856145
1991,PASIR RIS,5 ROOM,100000.0,100000.0,1,122.0,97.0,1084.675170548421,15114.771189511664
1991,QUEENSTOWN,2 ROOM,17031.944444444445,17500.0,72,45.31944444444444,78.20833333333333,475.1807533227361,6160.668950656065
1991,QUEENSTOWN,3 ROOM,35431.01321585903,39000.0,454,62.363436123348016,80.57268722466961,489.3515842985856,6700.638275431754
1991,QUEENSTOWN,4 ROOM,84735.48387096774,80000.0,31,88.58064516129032,82.06451612903226,511.65266618817145,6245.286591344957
1991,QUEENSTOWN,5 ROOM,147846.66666666666,153000.0,45,118.02222222222223,85.06666666666666,493.7658388118607,7648.513982567066
1991,SEMBAWANG,3 ROOM,24600.0,24000.0,3,64.0,83.0,833.9339431332859,17801.01533333687
1991,SENGKANG,3 ROOM,38436.36363636364,38400.0,11,67.63636363636364,88.0,,
1991,SENGKANG,4 ROOM,80500.0,80500.0,1,92.0,88.0,,
1991,SERANGOON,3 ROOM,50453.168831168834,50500.0,154,66.01298701298701,91.98701298701299,963.2188564186907,8755.410066697863
1991,SERANGOON,4 ROOM,91963.55319148937,91000.0,188,91.92021276595744,92.87234042553192,831.0527589936837,8497.755384346034
1991,SERANGOON,5 ROOM,157409.52380952382,155500.0,42,121.69047619047619,93.61904761904762,972.7067598979962,8734.965649908156
1991,SERANGOON,EXECUTIVE,221728.20512820513,223000.0,39,149.6153846153846,93.3076923076923,1135.0019753600045,8919.340400717458
1991,TAMPINES,3 ROOM,52406.68103448276,55000.0,232,73.08189655172414,92.4353448275862,674.2064708474759,13086.695842614437
1991,TAMPINES,4 ROOM,84857.14285714286,88000.0,280,99.84285714285714,92.73928571428571,607.6002408880078,13023.507055997776
1991,TAMPINES,5 ROOM,128899.2258064516,127000.0,155,126.0516129032258,92.91612903225807,552.833945024154,13245.870986711885
1991,TAMPINES,EXECUTIVE,186494.78260869565,185000.0,115,147.88695652173914,93.0695652173913,732.2287443891997,13164.177825223314
1991,TOA PAYOH,2 ROOM,18588.88888888889,18900.0,9,43.77777777777778,79.22222222222223,363.69847340133595,6163.295825802302
1991,TOA PAYOH,3 ROOM,41849.3625498008,40000.0,502,66.55179282868527,81.11952191235059,641.8159115090829,5968.657128742175
1991,TOA PAYOH,4 ROOM,84801.02040816327,80000.0,98,89.88775510204081,85.90816326530613,675.0016566163458,6240.808419307717
1991,TOA PAYOH,5 ROOM,138741.46341463414,133200.0,41,120.34146341463415,86.8048780487805,920.0474577747578,6472.540688353996
1991,TOA PAYOH,EXECUTIVE,216628.57142857142,204500.0,14,153.14285714285714,92.85714285714286,527.4281873678161,6103.832136764839
1991,WOODLANDS,3 ROOM,34494.33526011561,35000.0,173,69.2485549132948,87.3699421965318,1009.0226534287668,19456.655524892223
1991,WOODLANDS,4 ROOM,59581.69014084507,58400.0,71,95.3943661971831,88.80281690140845,947.2674359475393,19269.09927278184
1991,WOODLANDS,5 ROOM,90285.2,88730.0,50,120.94,88.26,1117.367919772355,19612.786640204966
1991,YISHUN,3 ROOM,42580.92485549133,42350.0,346,69.44508670520231,92.65028901734104,587.597951434664,16535.652067440064
1991,YISHUN,4 ROOM,68504.61197339246,63500.0,451,92.6829268292683,93.63636363636364,615.406963177393,16215.04952224862
1991,YISHUN,5 ROOM,115848.7012987013,112500.0,154,122.85064935064935,93.91558441558442,490.93636140470005,16122.480790772972
1991,YISHUN,EXECUTIVE,163209.77272727274,160000.0,44,144.70454545454547,94.18181818181819,658.533524926432,16029.590455062344
1991,YISHUN,MULTI GENERATION,165000.0,165000.0,2,157.5,95.0,739.8024441457453,15052.630233790722
1992,ANG MO KIO,1 ROOM,10025.0,8250.0,12,31.0,84.0,,
1992,ANG MO KIO,2 ROOM,27500.0,28000.0,11,45.0,93.0,364.3715488279167,10263.169170808871
1992,ANG MO KIO,3 ROOM,49799.54648526077,47000.0,882,71.18027210884354,86.41383219954649,625.9819986345141,9790.392483491556
1992,ANG MO KIO,4 ROOM,85867.53968253969,80000.0,252,92.92063492063492,85.95238095238095,609.7753850720837,9732.031050207326
1992,ANG MO KIO,5 ROOM,159976.5306122449,161250.0,98,120.28571428571429,86.58163265306122,644.0115232008535,9787.365493295836
1992,BEDOK,2 ROOM,27597.058823529413,30000.0,34,44.55882352941177,89.23529411764706,775.185743595257,9391.80238752392
1992,BEDOK,3 ROOM,47455.51912568306,47000.0,915,69.11693989071038,86.24699453551912,830.162185995958,10130.184457266641
1992,BEDOK,4 ROOM,83267.02970297029,80000.0,606,91.43234323432343,87.20627062706271,723.4375604859654,10160.86323010624
1992,BEDOK,5 ROOM,142682.90322580645,143000.0,279,121.6415770609319,87.05376344086021,810.842403334189,10012.49292652401
1992,BEDOK,EXECUTIVE,213445.94594594595,217000.0,74,147.6081081081081,92.0945945945946,661.6426692623197,9891.060040517315
1992,BISHAN,3 ROOM,53874.444444444445,53000.0,54,65.83333333333333,89.01851851851852,521.9928474626986,7876.743106725323
1992,BISHAN,4 ROOM,109888.08219178082,108000.0,146,89.38356164383562,93.13013698630137,604.7731326425911,7353.871144765349
1992,BISHAN,5 ROOM,200797.74436090226,200000.0,133,121.33082706766918,93.6842105263158,607.875964334614,7312.3256461610345
1992,BISHAN,EXECUTIVE,271000.0,280000.0,37,148.75675675675674,93.54054054054055,473.47370219052556,7355.882336562525
1992,BISHAN,MULTI GENERATION,292666.6666666667,292000.0,3,165.0,94.0,799.1564355474133,6790.371804685218
1992,BUKIT BATOK,3 ROOM,50255.01340482574,48000.0,373,70.19034852546918,91.63806970509384,636.6280740025271,13617.320960401941
1992,BUKIT BATOK,4 ROOM,89313.78205128205,88000.0,312,97.73076923076923,92.4326923076923,563.8238169996532,13825.815479722467
1992,BUKIT BATOK,5 ROOM,157854.08163265305,157000.0,98,130.16326530612244,92.27551020408163,517.7663268880714,13658.808089660777
1992,BUKIT BATOK,EXECUTIVE,197914.78260869565,200000.0,115,148.01739130434783,92.72173913043478,460.6251676201605,13859.367424736456
1992,BUKIT MERAH,1 ROOM,9527.027027027027,10000.0,37,29.54054054054054,77.78378378378379,1211.7946074494985,3588.832140721352
1992,BUKIT MERAH,2 ROOM,24466.666666666668,22000.0,27,47.925925925925924,77.03703703703704,454.11456026740865,2912.9007765031947
1992,BUKIT MERAH,3 ROOM,51580.44386422977,50000.0,383,65.68929503916449,82.79373368146214,725.6228458546415,3357.0685320287726
1992,BUKIT MERAH,4 ROOM,115396.61016949153,110000.0,118,91.52542372881356,85.02542372881356,673.1543427213121,3722.077246626238
1992,BUKIT MERAH,5 ROOM,187743.0,185000.0,100,123.16,87.22,675.9030023023425,3585.944544367621
1992,BUKIT PANJANG,3 ROOM,56995.42857142857,59600.0,35,72.74285714285715,94.8,900.8644271495122,13785.414646905689
1992,BUKIT PANJANG,4 ROOM,88019.48717948717,90000.0,39,98.74358974358974,94.94871794871794,1083.8129469600717,13729.669207409577
1992,BUKIT PANJANG,5 ROOM,140500.0,147500.0,4,129.0,94.0,814.7468809122081,13947.800820517965
1992,BUKIT PANJANG,EXECUTIVE,212411.76470588235,210000.0,17,145.8235294117647,94.29411764705883,806.4271988656751,13955.783763330708
1992,BUKIT TIMAH,3 ROOM,61269.230769230766,57000.0,13,69.0,81.76923076923077,213.75352995309623,6253.850302403079
1992,BUKIT TIMAH,4 ROOM,102000.0,107000.0,3,90.33333333333333,81.0,327.8977507179489,6216.303468989893
1992,BUKIT TIMAH,5 ROOM,187666.66666666666,183000.0,3,123.0,81.0,88.18758892136795,6175.788299587555
1992,BUKIT TIMAH,EXECUTIVE,300000.0,300000.0,1,142.0,96.0,482.2483330795861,10400.54465420358
1992,CENTRAL AREA,2 ROOM,29208.20512820513,26000.0,39,42.87179487179487,82.82051282051282,567.4188697690872,1609.313809828442
1992,CENTRAL AREA,3 ROOM,69226.1052631579,68000.0,95,64.93684210526315,85.82105263157895,269.6884404654261,1814.5725812502917
1992,CENTRAL AREA,4 ROOM,121297.87234042553,116500.0,47,89.72340425531915,88.02127659574468,247.26181913034526,2157.1716560934965
1992,CHOA CHU KANG,3 ROOM,48330.50847457627,50000.0,59,72.76271186440678,88.52542372881356,843.7812488222359,15303.542256688901
1992,CHOA CHU KANG,4 ROOM,74379.54545454546,70000.0,44,95.79545454545455,87.27272727272727,793.6152879451598,15205.197103294917
1992,CHOA CHU KANG,5 ROOM,124882.60869565218,127000.0,23,123.34782608695652,88.3913043478261,705.3987111388927,15158.073868465117
1992,CLEMENTI,3 ROOM,51613.64238410596,47000.0,453,69.34878587196468,86.27814569536424,689.1685239821234,10189.544134809024
1992,CLEMENTI,4 ROOM,96931.18279569893,90500.0,186,93.05376344086021,86.8225806451613,809.1736176472788,10134.222032006668
1992,CLEMENTI,5 ROOM,169029.03225806452,174500.0,62,121.80645161290323,87.51612903225806,853.1303385876932,9870.511929933537
1992,CLEMENTI,EXECUTIVE,228020.55555555556,237500.0,36,149.13888888888889,91.5,1059.983144504669,10133.56657595519
1992,GEYLANG,2 ROOM,20354.6511627907,19000.0,43,44.2093023255814,78.32558139534883,392.1258294392928,6332.337327617659
1992,GEYLANG,3 ROOM,42359.180790960454,40000.0,354,62.46045197740113,81.31920903954803,438.29571696196047,6090.7208864946515
1992,GEYLANG,4 ROOM,107757.23243243243,105000.0,185,93.41081081081082,89.38378378378378,484.90532019547584,6606.692307300863
1992,GEYLANG,5 ROOM,178311.53846153847,174500.0,78,125.43589743589743,88.17948717948718,465.4382009633652,6258.719461159575
1992,GEYLANG,EXECUTIVE,248384.78260869565,245000.0,46,147.06521739130434,93.28260869565217,429.4582324461226,6318.310358058477
1992,HOUGANG,3 ROOM,48567.210300429186,47000.0,233,69.50214592274678,90.09871244635193,805.3833097002798,10041.604636800981
1992,HOUGANG,4 ROOM,86696.8384879725,85000.0,291,95.23367697594502,92.21305841924399,753.4292689868777,10327.455430336478
1992,HOUGANG,5 ROOM,147021.4814814815,149000.0,135,126.66666666666667,91.93333333333334,729.2079333252939,10001.652484913307
1992,HOUGANG,EXECUTIVE,211061.83870967742,211500.0,124,148.36290322580646,92.79032258064517,804.8318860063903,9952.490928256535
1992,JURONG EAST,3 ROOM,43208.01619433198,42000.0,247,71.83400809716599,88.49797570850203,873.9985702873286,13855.594382936808
1992,JURONG EAST,4 ROOM,87944.14414414414,88000.0,111,98.34234234234235,89.8018018018018,895.2843003464839,14070.720032852112
1992,JURONG EAST,5 ROOM,133111.44615384616,130000.0,130,122.8923076923077,89.3,877.7971708611543,13910.529642933643
1992,JURONG EAST,EXECUTIVE,199860.0,205000.0,50,147.88,92.24,1010.237459126771,14666.982102466796
1992,JURONG WEST,3 ROOM,36893.44059405941,31500.0,404,67.33168316831683,84.63613861386139,834.8043957120574,16475.884601074027
1992,JURONG WEST,4 ROOM,87925.53398058252,88000.0,206,99.59223300970874,90.59223300970874,879.4053634564934,16426.336255823986
1992,JURONG WEST,5 ROOM,136145.36082474227,130000.0,97,127.90721649484536,89.98969072164948,854.8936257082062,16566.96637700426
1992,JURONG WEST,EXECUTIVE,188470.0,188000.0,60,150.58333333333334,92.15,940.7572777683553,16414.223605729665
1992,KALLANG/WHAMPOA,2 ROOM,25410.0,21450.0,28,48.392857142857146,81.89285714285714,432.0795708489708,4179.189108131352
1992,KALLANG/WHAMPOA,3 ROOM,53907.83783783784,50000.0,370,68.81891891891892,83.07297297297298,492.01521137677236,4482.100800699355
1992,KALLANG/WHAMPOA,4 ROOM,116307.91366906474,118000.0,139,93.33093525179856,88.05755395683454,464.1674996092805,4234.956983156128
1992,KALLANG/WHAMPOA,5 ROOM,184634.5,180000.0,80,122.75,88.475,517.2399900341009,4544.291879120397
1992,KALLANG/WHAMPOA,EXECUTIVE,240958.82352941178,238000.0,17,148.23529411764707,92.05882352941177,704.6844526998273,4725.188686030836
1992,LIM CHU KANG,3 ROOM,24180.0,22000.0,5,59.0,87.0,5471.18280593651,22405.555056502148
1992,LIM CHU KANG,4 ROOM,35000.0,35000.0,1,83.0,87.0,5471.18280593651,22405.555056502148
1992,MARINE PARADE,3 ROOM,58871.126760563384,60000.0,142,67.84507042253522,82.17605633802818,1891.9725760421538,7272.98382664733
1992,MARINE PARADE,4 ROOM,102662.2641509434,100000.0,53,85.58490566037736,82.47169811320755,1889.639511260261,7074.769185308976
1992,MARINE PARADE,5 ROOM,175428.0,180000.0,50,121.66,82.76,1944.2136390743324,7191.946149865465
1992,PASIR RIS,4 ROOM,86553.33333333333,90000.0,3,103.0,96.33333333333333,870.8193560530186,15286.046394087325
1992,PASIR RIS,5 ROOM,147750.0,146500.0,4,123.75,97.0,741.3584978845483,15121.819075073616
1992,PASIR RIS,EXECUTIVE,231600.0,215000.0,5,147.2,96.2,863.3144905775505,14957.749039332342
1992,QUEENSTOWN,2 ROOM,17768.29268292683,18700.0,82,44.98780487804878,77.65853658536585,441.62381984488997,6165.170570133713
1992,QUEENSTOWN,3 ROOM,40282.69642857143,40000.0,448,62.002232142857146,79.80133928571429,493.52232497931266,6711.155161179981
1992,QUEENSTOWN,4 ROOM,96538.46153846153,100000.0,39,86.84615384615384,80.8974358974359,499.9721718590349,6404.595230045229
1992,QUEENSTOWN,5 ROOM,179681.81818181818,181000.0,33,118.24242424242425,84.0,514.1498705646202,7691.2773366574
1992,SEMBAWANG,3 ROOM,31500.0,31500.0,2,64.0,82.0,833.9339431332859,17801.01533333687
1992,SENGKANG,3 ROOM,41957.142857142855,42000.0,7,67.71428571428571,87.0,,
1992,SENGKANG,4 ROOM,65333.333333333336,60000.0,3,92.0,87.0,,
1992,SERANGOON,3 ROOM,54479.545454545456,53000.0,110,66.0909090909091,90.5909090909091,832.7307736844041,8571.86974373742
1992,SERANGOON,4 ROOM,100993.21518987342,92000.0,158,91.74050632911393,92.17088607594937,816.4714666791986,8510.510301176106
1992,SERANGOON,5 ROOM,167932.6530612245,168000.0,49,121.55102040816327,92.44897959183673,899.2749967485862,8672.272432603662
1992,SERANGOON,EXECUTIVE,243872.0,250500.0,50,149.1,92.68,1111.008297970049,8947.175651396576
1992,TAMPINES,3 ROOM,55376.29063097514,57000.0,523,73.52772466539197,91.41108986615679,601.751737062256,13064.501038956936
1992,TAMPINES,4 ROOM,94936.18691588785,92000.0,535,100.38130841121496,91.88411214953271,582.4451052287211,12997.613886383208
1992,TAMPINES,5 ROOM,143870.07114624506,150000.0,253,124.43873517786561,92.86166007905139,504.31865471222227,13213.409009983056
1992,TAMPINES,EXECUTIVE,204960.93103448275,209000.0,116,147.83620689655172,92.54310344827586,737.0048815586388,13055.421766061165
1992,TAMPINES,MULTI GENERATION,231666.66666666666,265000.0,3,160.66666666666666,94.0,236.69636560972003,14231.353280782096
1992,TOA PAYOH,2 ROOM,20431.25,19000.0,24,43.458333333333336,79.33333333333333,366.50301566844587,6173.5377408930935
1992,TOA PAYOH,3 ROOM,45829.26691729324,40000.0,532,66.58458646616542,79.94736842105263,593.2821336581919,5977.000958414496
1992,TOA PAYOH,4 ROOM,99969.68085106384,94500.0,94,91.15957446808511,85.17021276595744,593.1806406938838,6222.430476369819
1992,TOA PAYOH,5 ROOM,171727.6923076923,170000.0,65,125.72307692307692,87.38461538461539,800.2507811343588,6375.633309112805
1992,TOA PAYOH,EXECUTIVE,248400.0,245000.0,20,149.25,92.8,591.9495511536362,6206.448698969534
1992,WOODLANDS,3 ROOM,34969.425287356324,35000.0,174,69.13218390804597,86.47701149425288,963.2128151581786,19396.13232422673
1992,WOODLANDS,4 ROOM,63740.983606557376,60000.0,61,93.50819672131148,88.50819672131148,897.7708141990481,19114.713814966184
1992,WOODLANDS,5 ROOM,101190.0,93500.0,30,120.93333333333334,88.36666666666666,992.9901397768414,19404.155624376122
1992,WOODLANDS,EXECUTIVE,181250.0,181250.0,2,147.5,95.0,433.0364093640128,18741.610879450127
1992,YISHUN,3 ROOM,47309.757575757576,45000.0,330,70.36363636363636,92.21212121212122,599.3585295653912,16309.883772655718
1992,YISHUN,4 ROOM,73253.2421875,65000.0,512,91.365234375,93.091796875,658.9250440678296,16044.810806228761
1992,YISHUN,5 ROOM,129110.45454545454,130000.0,220,122.2090909090909,93.46818181818182,527.9953852515395,15871.509521625398
1992,YISHUN,EXECUTIVE,191800.79365079364,194000.0,63,144.4126984126984,93.95238095238095,526.1721541260329,15326.99014213643
1992,YISHUN,MULTI GENERATION,213243.75,217500.0,16,168.5625,94.1875,762.8842027059909,15134.019578499767
1993,ANG MO KIO,1 ROOM,21950.0,22500.0,10,31.0,83.0,,
1993,ANG MO KIO,2 ROOM,37357.142857142855,33500.0,7,45.0,92.0,366.18861720078314,10276.112007961105
1993,ANG MO KIO,3 ROOM,76501.15100316789,80000.0,947,70.97465681098205,85.37803590285111,640.3358375551372,9757.05248960308
1993,ANG MO KIO,4 ROOM,147608.76736111112,155000.0,288,93.24652777777777,85.14930555555556,593.0114615262022,9764.507208463592
1993,ANG MO KIO,5 ROOM,235882.05128205128,240000.0,117,120.03418803418803,85.68376068376068,632.9782318160239,9877.145223050478
1993,BEDOK,2 ROOM,39788.67924528302,42000.0,53,45.0,89.88679245283019,562.6594206800852,9374.451867663489
1993,BEDOK,3 ROOM,68797.90076335878,70000.0,1048,68.32156488549619,85.35782442748092,806.7714368464673,10149.361363963426
1993,BEDOK,4 ROOM,122990.32520325204,125000.0,615,91.1430894308943,86.88617886178862,704.5265852631597,10026.593323938525
1993,BEDOK,5 ROOM,217485.36585365853,220000.0,328,121.95121951219512,86.54268292682927,802.2282525386956,10104.971638805924
1993,BEDOK,EXECUTIVE,302507.68292682926,299000.0,82,147.70731707317074,91.6951219512195,625.6542819723725,9564.712814512914
1993,BISHAN,3 ROOM,75516.66666666667,74500.0,78,65.91025641025641,88.01282051282051,525.9993601567977,7923.190024835123
1993,BISHAN,4 ROOM,166726.11464968152,168000.0,157,90.10828025477707,92.43312101910828,561.4731835658339,7341.050691382028
1993,BISHAN,5 ROOM,284927.36842105264,292500.0,190,122.60526315789474,93.13684210526316,684.3497951557442,7237.213389515087
1993,BISHAN,EXECUTIVE,346454.54545454547,345000.0,55,149.6,92.63636363636364,531.7587595991247,7372.474412526683
1993,BISHAN,MULTI GENERATION,349083.3333333333,345000.0,12,160.75,93.0,821.6680623138142,6789.307974419669
1993,BUKIT BATOK,3 ROOM,71839.25729442971,75000.0,377,69.46153846153847,91.06631299734748,660.4273249314332,13605.58206495363
1993,BUKIT BATOK,4 ROOM,133200.23598820058,135000.0,339,97.45132743362832,91.51622418879056,588.9045989347713,13791.44798162829
1993,BUKIT BATOK,5 ROOM,220776.4705882353,220000.0,102,129.8921568627451,91.29411764705883,581.1428913273987,13757.639234192076
1993,BUKIT BATOK,EXECUTIVE,283431.3432835821,284000.0,134,147.87313432835822,91.26865671641791,470.74504361621894,13788.253622628734
1993,BUKIT MERAH,1 ROOM,16607.14285714286,15750.0,42,29.857142857142858,77.71428571428571,1211.7946074494985,3588.8321407213525
1993,BUKIT MERAH,2 ROOM,36425.625,33500.0,32,45.3125,75.6875,385.20803114172156,2912.8259037721045
1993,BUKIT MERAH,3 ROOM,73661.38107416879,75000.0,391,64.9156010230179,81.65728900255755,722.9380371913284,3423.655361969494
1993,BUKIT MERAH,4 ROOM,153850.53012048194,155000.0,166,90.54819277108433,84.72289156626506,720.4857270191643,3530.3571554856885
1993,BUKIT MERAH,5 ROOM,259466.25,264000.0,152,122.23684210526316,85.75657894736842,667.4940306396575,3330.265533849766
1993,BUKIT PANJANG,3 ROOM,76437.20930232559,80000.0,86,72.30232558139535,93.8953488372093,989.7351070216312,13654.335379668219
1993,BUKIT PANJANG,4 ROOM,125527.27272727272,131000.0,110,98.5909090909091,93.98181818181818,1081.2418740393475,13739.938236108821
1993,BUKIT PANJANG,5 ROOM,204544.776119403,210000.0,67,123.25373134328358,94.02985074626865,1158.3756607660598,13717.521755543818
1993,BUKIT PANJANG,EXECUTIVE,287975.3968253968,290000.0,63,146.76190476190476,94.0,1017.8245400934655,13780.857821856793
1993,BUKIT TIMAH,3 ROOM,78906.25,80000.0,16,68.625,81.6875,220.85926786265384,6537.3657506771215
1993,BUKIT TIMAH,4 ROOM,156258.9655172414,170000.0,29,96.86206896551724,86.75862068965517,394.35190086596714,8365.534065890512
1993,BUKIT TIMAH,5 ROOM,250823.5294117647,265000.0,17,123.47058823529412,88.23529411764706,249.0220503406698,8823.736587117744
1993,BUKIT TIMAH,EXECUTIVE,364745.23076923075,360000.0,13,146.92307692307693,94.0,319.10274705717023,10503.861265287893
1993,CENTRAL AREA,2 ROOM,42682.0,42500.0,50,43.56,82.24,676.0723064150607,1452.7507661326965
1993,CENTRAL AREA,3 ROOM,92662.16216216216,95000.0,111,66.26126126126127,84.37837837837837,273.64657421739867,1663.0966504268645
1993,CENTRAL AREA,4 ROOM,184328.26086956522,188500.0,46,92.0,87.54347826086956,243.86540045525498,2051.7172792403485
1993,CENTRAL AREA,5 ROOM,312500.0,312500.0,2,137.0,90.5,225.27203771482755,2687.863714445375
1993,CHOA CHU KANG,3 ROOM,68842.42424242424,70000.0,33,72.39393939393939,87.75757575757575,834.2972675908135,15234.434528464588
1993,CHOA CHU KANG,4 ROOM,122555.21739130435,126000.0,46,97.91304347826087,89.23913043478261,838.5147289922821,15303.10926058911
1993,CHOA CHU KANG,5 ROOM,201000.0,215000.0,15,122.53333333333333,89.93333333333334,776.5269766522745,15250.12391296401
1993,CHOA CHU KANG,EXECUTIVE,328750.0,328500.0,4,148.25,96.0,908.7906234824727,15456.814011087212
1993,CLEMENTI,3 ROOM,77681.01265822785,80000.0,474,69.58227848101266,85.21940928270043,674.0643062229287,10193.233230780319
1993,CLEMENTI,4 ROOM,139012.865497076,145000.0,171,92.52046783625731,85.70760233918129,711.7531037659718,10193.20136128016
1993,CLEMENTI,5 ROOM,252246.1075268817,250000.0,93,123.17204301075269,86.06451612903226,866.9760276565495,9836.141318172915
1993,CLEMENTI,EXECUTIVE,333075.2580645161,340000.0,31,150.32258064516128,90.61290322580645,1020.0687064890408,10172.474559219461
1993,GEYLANG,2 ROOM,31772.222222222223,33000.0,72,43.611111111111114,76.90277777777777,415.2702341890078,6329.81617300195
1993,GEYLANG,3 ROOM,62636.41025641026,60000.0,351,62.324786324786324,80.2022792022792,437.37033560066214,6069.017258010814
1993,GEYLANG,4 ROOM,134852.6970954357,135000.0,241,92.46058091286307,89.31535269709543,480.7899760375733,6866.107783745318
1993,GEYLANG,5 ROOM,240515.6862745098,240000.0,102,124.59803921568627,87.30392156862744,439.9546128090756,6269.735408789202
1993,GEYLANG,EXECUTIVE,319144.262295082,330000.0,61,147.49180327868854,92.11475409836065,469.77577771577955,6690.4524975188915
1993,HOUGANG,3 ROOM,69538.25910931174,70000.0,247,68.37246963562752,89.27935222672065,781.6765340434238,10064.073066582732
1993,HOUGANG,4 ROOM,131556.01265822785,135000.0,316,94.96518987341773,91.25,764.7449176307198,10199.962757882276
1993,HOUGANG,5 ROOM,222243.82716049382,225000.0,162,126.6604938271605,91.19753086419753,743.0133337147249,10167.868284824715
1993,HOUGANG,EXECUTIVE,301922.22222222225,315000.0,144,148.79861111111111,91.97916666666667,767.5458488203794,10101.528925580431
1993,JURONG EAST,3 ROOM,64251.565217391304,65000.0,230,71.29130434782608,87.62608695652175,821.7424605486837,13982.361483025956
1993,JURONG EAST,4 ROOM,126061.47540983607,130000.0,122,97.32786885245902,88.90163934426229,874.2407405290414,13994.516903865417
1993,JURONG EAST,5 ROOM,205285.1851851852,210000.0,162,122.81481481481481,88.19135802469135,901.0043662249802,13885.45730447421
1993,JURONG EAST,EXECUTIVE,265157.4074074074,260000.0,54,148.3148148148148,91.12962962962963,953.3041155159574,14827.003628079636
1993,JURONG WEST,3 ROOM,55416.77419354839,56000.0,465,68.14838709677419,84.40430107526882,810.8941668449273,16506.350048656666
1993,JURONG WEST,4 ROOM,130450.76923076923,135000.0,312,99.86538461538461,90.14102564102564,910.952631769084,16859.81565873894
1993,JURONG WEST,5 ROOM,196811.84713375795,200000.0,157,128.25477707006368,90.14012738853503,937.2460561862478,17086.36623887049
1993,JURONG WEST,EXECUTIVE,254775.70093457945,257000.0,107,149.6448598130841,92.00934579439253,1070.5778290611345,17104.895951108818
1993,KALLANG/WHAMPOA,2 ROOM,35453.333333333336,36500.0,30,48.666666666666664,80.26666666666667,429.56666168835574,4239.720760618502
1993,KALLANG/WHAMPOA,3 ROOM,76781.98847262248,75000.0,347,69.04034582132564,81.6657060518732,474.74565402685084,4449.371262401159
1993,KALLANG/WHAMPOA,4 ROOM,156455.3459119497,155000.0,159,92.41509433962264,85.83647798742139,498.477885104771,4245.150182241407
1993,KALLANG/WHAMPOA,5 ROOM,252434.73684210525,250000.0,95,123.9578947368421,87.65263157894736,497.94822107917923,4593.71830512262
1993,KALLANG/WHAMPOA,EXECUTIVE,307034.4827586207,308000.0,29,148.68965517241378,91.06896551724138,706.0153331614491,4780.1208110114085
1993,LIM CHU KANG,4 ROOM,56750.0,56750.0,2,83.0,86.0,5471.18280593651,22405.555056502148
1993,MARINE PARADE,3 ROOM,91044.65408805032,90000.0,159,68.22012578616352,81.23270440251572,1872.8064607306967,7271.516799752217
1993,MARINE PARADE,4 ROOM,176303.4814814815,190000.0,54,85.72222222222223,81.48148148148148,1909.2405665780004,7044.388303845375
1993,MARINE PARADE,5 ROOM,293751.5606060606,297500.0,66,121.43939393939394,81.51515151515152,1895.5714203147293,7312.1420278032865
1993,PASIR RIS,4 ROOM,151545.45454545456,150000.0,22,102.04545454545455,94.81818181818181,950.021036614776,15098.922679922454
1993,PASIR RIS,5 ROOM,227031.25,230000.0,32,127.125,95.25,1001.2390387758591,14918.874037166343
1993,PASIR RIS,EXECUTIVE,310991.5254237288,310000.0,59,146.84745762711864,94.33898305084746,1059.2434421631842,14987.485209008855
1993,QUEENSTOWN,2 ROOM,31401.11111111111,30500.0,90,44.82222222222222,76.54444444444445,479.3774655991498,6162.21121044938
1993,QUEENSTOWN,3 ROOM,64058.93695271454,65000.0,571,61.23642732049037,78.71628721541155,501.08837808830896,6670.3896468084195
1993,QUEENSTOWN,4 ROOM,159990.74074074073,155000.0,54,89.5,79.96296296296296,463.4181856163811,6608.448920883222
1993,QUEENSTOWN,5 ROOM,263342.85714285716,260000.0,49,118.9795918367347,83.26530612244898,543.5577075422632,7772.617683470082
1993,SEMBAWANG,3 ROOM,72000.0,72000.0,1,64.0,81.0,833.9339431332859,17801.01533333687
1993,SENGKANG,3 ROOM,52428.57142857143,43000.0,7,67.71428571428571,86.0,,
1993,SENGKANG,4 ROOM,105000.0,105000.0,1,92.0,86.0,,
1993,SERANGOON,3 ROOM,76218.97810218978,80000.0,137,65.18248175182482,90.62773722627738,858.9592625932045,8630.601047417056
1993,SERANGOON,4 ROOM,142260.43956043955,145000.0,182,91.78571428571429,91.34615384615384,852.0454138248491,8535.944122248728
1993,SERANGOON,5 ROOM,242542.62295081967,248000.0,61,121.63934426229508,92.08196721311475,815.883514533639,8502.328162183534
1993,SERANGOON,EXECUTIVE,310229.4827586207,308000.0,58,148.41379310344828,91.6896551724138,962.909585362789,8663.80788054563
1993,TAMPINES,3 ROOM,76354.71962616823,79000.0,642,73.28504672897196,90.55140186915888,609.1581390516451,13044.672923853888
1993,TAMPINES,4 ROOM,134658.51162790696,135000.0,774,99.7751937984496,91.23772609819122,581.071359812571,13027.880250861419
1993,TAMPINES,5 ROOM,214711.30217391305,220000.0,460,124.61521739130434,92.38695652173914,545.6932811854454,13113.862653323786
1993,TAMPINES,EXECUTIVE,304711.89054726367,320000.0,201,147.22885572139305,92.70149253731343,678.1538017543738,12776.078569231535
1993,TAMPINES,MULTI GENERATION,287750.0,274500.0,12,153.33333333333334,93.0,200.86029336436525,14209.866898995533
1993,TOA PAYOH,2 ROOM,38342.10526315789,40000.0,19,45.31578947368421,79.42105263157895,434.0559686006338,6138.783860295388
1993,TOA PAYOH,3 ROOM,69479.36567164179,70500.0,536,66.51492537313433,79.04664179104478,613.523582325921,5986.9485083330355
1993,TOA PAYOH,4 ROOM,141188.01470588235,145000.0,136,91.53676470588235,84.86029411764706,650.7244247286364,6226.389508059502
1993,TOA PAYOH,5 ROOM,247917.9207920792,250000.0,101,124.1980198019802,87.31683168316832,860.4723226053239,6317.351957151318
1993,TOA PAYOH,EXECUTIVE,319348.48484848486,340000.0,33,150.27272727272728,92.27272727272727,700.821121039428,6106.105918097239
1993,WOODLANDS,3 ROOM,51973.42105263158,50000.0,190,70.13157894736842,85.87894736842105,981.0051349872102,19451.57376926493
1993,WOODLANDS,4 ROOM,98773.45132743364,100000.0,113,94.68141592920354,88.2566371681416,853.1650283736652,19123.485347583806
1993,WOODLANDS,5 ROOM,154956.52173913043,159500.0,46,121.0,88.0,985.5595934463995,19402.908480205013
1993,WOODLANDS,EXECUTIVE,252714.2857142857,235000.0,7,147.42857142857142,93.42857142857143,647.745339218324,18644.943101335553
1993,YISHUN,3 ROOM,72696.19047619047,75000.0,420,69.88333333333334,91.69047619047619,595.2086309136287,16235.722094659373
1993,YISHUN,4 ROOM,125052.7076923077,128000.0,975,93.78666666666666,92.68923076923078,786.9857414518117,15947.128406511758
1993,YISHUN,5 ROOM,205462.9420654912,210000.0,397,122.85642317380352,92.71536523929471,580.370210850767,15807.493083529325
1993,YISHUN,EXECUTIVE,284051.5057915058,294000.0,259,144.86100386100387,93.63320463320463,863.3404600876969,15671.745262471339
1993,YISHUN,MULTI GENERATION,270884.6153846154,262500.0,26,165.6153846153846,93.15384615384616,794.9692067471569,15129.744252253839
1994,ANG MO KIO,1 ROOM,28566.666666666668,28000.0,27,31.0,82.0,,
1994,ANG MO KIO,2 ROOM,48500.0,48000.0,12,45.0,91.0,347.2438572771007,10253.666512438025
1994,ANG MO KIO,3 ROOM,99243.91505791506,95000.0,1295,71.02934362934363,84.45714285714286,631.0552766027565,9790.005774812802
1994,ANG MO KIO,4 ROOM,182468.30985915492,178000.0,426,92.94366197183099,84.11032863849765,616.7124495764342,9747.13463971829
1994,ANG MO KIO,5 ROOM,301156.2874251497,293000.0,167,120.17365269461078,84.78443113772455,599.701263347988,9847.61881661152
1994,BEDOK,2 ROOM,50282.857142857145,50000.0,35,44.542857142857144,86.88571428571429,663.402599700487,9282.170801667851
1994,BEDOK,3 ROOM,91489.94607087827,88000.0,1298,68.38366718027736,84.4637904468413,815.1887276979824,10144.146608449755
1994,BEDOK,4 ROOM,169508.0291970803,165000.0,822,92.0036496350365,86.0705596107056,728.357674614403,9982.034471193472
1994,BEDOK,5 ROOM,280988.6004056795,277000.0,493,122.16632860040568,85.96551724137932,770.6356914895563,9876.42395974357
1994,BEDOK,EXECUTIVE,376254.54545454547,371500.0,110,147.3272727272727,91.23636363636363,631.7629693544454,9381.464708238067
1994,BISHAN,3 ROOM,103279.16666666667,99500.0,120,65.49166666666666,88.225,548.3929662699999,7822.389957370308
1994,BISHAN,4 ROOM,206741.6724137931,200000.0,232,91.10775862068965,91.84913793103448,620.6661571958911,7357.800649247369
1994,BISHAN,5 ROOM,359962.6923076923,360000.0,260,122.76538461538462,92.46538461538462,671.009074188887,7478.570309675275
1994,BISHAN,EXECUTIVE,439557.0,443500.0,50,155.74,92.38,532.9561192107054,7680.118572897591
1994,BISHAN,MULTI GENERATION,462375.0,458500.0,8,163.75,92.0,810.4122489306137,6789.839889552443
1994,BUKIT BATOK,3 ROOM,89788.03301237964,89000.0,727,69.4099037138927,90.16918844566713,646.3125448319099,13602.35364259645
1994,BUKIT BATOK,4 ROOM,169632.53012048194,168000.0,581,97.59036144578313,90.46987951807229,589.3062259008275,13840.09951185132
1994,BUKIT BATOK,5 ROOM,277486.2068965517,275000.0,174,129.05747126436782,90.35057471264368,582.0988792474508,13669.665567890594
1994,BUKIT BATOK,EXECUTIVE,355785.79545454547,355000.0,176,147.79545454545453,90.44318181818181,468.33710476228083,13815.147851639425
1994,BUKIT MERAH,1 ROOM,22953.703703703704,23000.0,54,29.59259259259259,75.88888888888889,1211.7946074494985,3588.8321407213525
1994,BUKIT MERAH,2 ROOM,45297.22222222222,44500.0,36,44.44444444444444,74.08333333333333,494.670784330483,3198.818694380507
1994,BUKIT MERAH,3 ROOM,97716.19962686567,95000.0,536,65.55223880597015,81.22388059701493,720.0946482315219,3362.0561625588957
1994,BUKIT MERAH,4 ROOM,202457.8947368421,200000.0,171,90.91812865497076,84.32163742690058,716.8735154976104,3554.8497743904495
1994,BUKIT MERAH,5 ROOM,329594.9152542373,330000.0,177,122.36158192090396,84.67796610169492,692.8869117934092,3398.380388253296
1994,BUKIT PANJANG,3 ROOM,90134.71074380165,88000.0,121,72.52892561983471,92.93388429752066,983.394717724369,13663.96993078591
1994,BUKIT PANJANG,4 ROOM,158877.72727272726,160000.0,220,99.38636363636364,93.03181818181818,1077.238147063675,13850.944277879462
1994,BUKIT PANJANG,5 ROOM,245252.67361111112,245500.0,144,123.95138888888889,93.33333333333333,1136.0377613954997,13949.793104748063
1994,BUKIT PANJANG,EXECUTIVE,344554.03603603604,345000.0,111,145.97297297297297,93.13513513513513,929.3546238004549,13855.57807748911
1994,BUKIT TIMAH,3 ROOM,108888.88888888889,105500.0,18,67.72222222222223,81.44444444444444,233.7628663433165,6761.690191013787
1994,BUKIT TIMAH,4 ROOM,221414.63414634147,220000.0,41,99.5609756097561,88.2439024390244,387.7929794897689,9019.354432595022
1994,BUKIT TIMAH,5 ROOM,331636.36363636365,320000.0,33,123.0909090909091,89.78787878787878,322.974202948799,9573.09826694034
1994,BUKIT TIMAH,EXECUTIVE,433730.76923076925,428000.0,39,147.48717948717947,93.71794871794872,432.70438635914064,10490.423491853418
1994,CENTRAL AREA,2 ROOM,53153.846153846156,51000.0,52,43.09615384615385,81.38461538461539,528.8988093678807,1478.4772799546984
1994,CENTRAL AREA,3 ROOM,120073.33333333333,116500.0,120,65.00833333333334,83.525,283.3330503552329,1711.278296080408
1994,CENTRAL AREA,4 ROOM,216120.0,210000.0,50,88.18,85.76,251.36129077194508,2030.7938676636495
1994,CENTRAL AREA,5 ROOM,341375.0,335250.0,4,139.75,88.5,269.90545349537206,2743.961626458278
1994,CHOA CHU KANG,3 ROOM,86285.625,85250.0,64,72.75,88.125,850.3906044809798,15233.148065802143
1994,CHOA CHU KANG,4 ROOM,162769.36170212767,160000.0,141,101.70212765957447,91.45390070921985,782.8530373861839,15497.088649865127
1994,CHOA CHU KANG,5 ROOM,242976.31578947368,236500.0,114,122.45614035087719,92.09649122807018,726.7923681635864,15530.982915739141
1994,CHOA CHU KANG,EXECUTIVE,349022.47191011236,345000.0,89,146.86516853932585,94.20224719101124,844.1939665199061,15471.954108305623
1994,CLEMENTI,3 ROOM,100924.98412698413,97000.0,756,69.50925925925925,84.42724867724868,724.115187202839,10214.327623984873
1994,CLEMENTI,4 ROOM,187653.17460317462,187000.0,252,92.38095238095238,84.53968253968254,752.7014116022243,10143.676693221107
1994,CLEMENTI,5 ROOM,319063.8490566038,318000.0,106,122.15094339622641,84.9622641509434,804.460390188398,9822.053163643102
1994,CLEMENTI,EXECUTIVE,408863.23529411765,412000.0,34,149.76470588235293,89.67647058823529,973.4333715066906,10229.192466021224
1994,GEYLANG,2 ROOM,42417.808219178085,40000.0,73,44.19178082191781,76.05479452054794,417.15427763648125,6332.683374983543
1994,GEYLANG,3 ROOM,84667.79661016949,82000.0,413,62.95399515738499,79.96610169491525,439.19830799599566,6167.398801180148
1994,GEYLANG,4 ROOM,173944.72727272726,170000.0,275,92.56727272727272,88.21454545454546,476.0714493889777,6790.711507369698
1994,GEYLANG,5 ROOM,299619.01639344264,295000.0,122,123.78688524590164,86.99180327868852,479.9793915059051,6227.1559910129035
1994,GEYLANG,EXECUTIVE,396973.8461538461,400000.0,65,147.6153846153846,91.15384615384616,440.65876722681173,6440.253490591324
1994,HOUGANG,3 ROOM,93422.37808219178,90000.0,365,69.28493150684932,88.35342465753425,811.2478101966923,9986.969532449068
1994,HOUGANG,4 ROOM,173070.0138339921,170000.0,506,95.92292490118577,90.73320158102767,722.482724750186,10408.68945679045
1994,HOUGANG,5 ROOM,278907.48031496065,275500.0,254,125.03149606299213,90.37007874015748,714.7102137566153,10327.644205896007
1994,HOUGANG,EXECUTIVE,364551.724137931,360000.0,174,148.6206896551724,91.40229885057471,762.2629034048591,10133.216678993767
1994,JURONG EAST,3 ROOM,90875.87469879517,89000.0,415,71.67951807228916,86.81927710843374,833.6597315227228,13956.426899703773
1994,JURONG EAST,4 ROOM,164886.29441624365,165000.0,197,97.55329949238579,88.12182741116752,865.4976369872963,14062.989306878559
1994,JURONG EAST,5 ROOM,265842.6206896552,265000.0,232,122.3146551724138,87.26293103448276,916.2607135394261,13869.581890796719
1994,JURONG EAST,EXECUTIVE,339736.36363636365,335000.0,77,148.3896103896104,90.11688311688312,963.0669360194066,14740.186593592984
1994,JURONG WEST,3 ROOM,77976.40449438202,75000.0,712,67.91011235955057,83.83286516853933,826.2355458793184,16605.485335490146
1994,JURONG WEST,4 ROOM,164537.2086330935,165000.0,556,101.19064748201438,89.82913669064749,905.7413933181093,17121.749660289446
1994,JURONG WEST,5 ROOM,246184.12698412698,247000.0,315,126.48253968253968,90.28253968253968,906.7950431960162,17467.13768568368
1994,JURONG WEST,EXECUTIVE,327627.45098039217,325000.0,153,149.2156862745098,91.30718954248366,1042.3442603954866,17343.187108872655
1994,KALLANG/WHAMPOA,2 ROOM,44687.5,45000.0,32,49.59375,76.0,410.65122738165775,4190.865074607033
1994,KALLANG/WHAMPOA,3 ROOM,103907.14285714286,93000.0,462,68.01298701298701,81.13636363636364,496.9584065824853,4507.825577451446
1994,KALLANG/WHAMPOA,4 ROOM,195684.61538461538,190000.0,182,93.91208791208791,85.83516483516483,492.7740360005944,4226.461923842855
1994,KALLANG/WHAMPOA,5 ROOM,305731.40157480317,305000.0,127,122.45669291338582,86.25984251968504,506.9921724848973,4532.325704475477
1994,KALLANG/WHAMPOA,EXECUTIVE,386736.84210526315,385000.0,19,148.0,90.21052631578948,703.7800666645791,4760.073595999824
1994,LIM CHU KANG,3 ROOM,53687.5,55000.0,8,66.75,85.0,5471.18280593651,22405.555056502148
1994,MARINE PARADE,3 ROOM,124182.43523316062,122000.0,193,67.24870466321244,80.18134715025907,1881.7035834732317,7229.654825219019
1994,MARINE PARADE,4 ROOM,215511.23595505618,215000.0,89,85.92134831460675,80.42696629213484,1888.8351078174117,7091.071138834265
1994,MARINE PARADE,5 ROOM,358653.9024390244,353500.0,82,121.1829268292683,80.78048780487805,1915.8314153133826,7199.350310113704
1994,PASIR RIS,4 ROOM,193565.47619047618,190000.0,252,104.59920634920636,94.08730158730158,901.1979324820952,15147.248010906016
1994,PASIR RIS,5 ROOM,279838.7323943662,277500.0,142,124.85211267605634,94.38732394366197,994.5527488758837,15143.01558061862
1994,PASIR RIS,EXECUTIVE,382379.8076923077,381500.0,104,147.52884615384616,94.10576923076923,961.4098721352074,15031.902202772944
1994,QUEENSTOWN,2 ROOM,42441.290322580644,41000.0,155,45.090322580645164,75.66451612903226,470.1016192556307,6151.325765284373
1994,QUEENSTOWN,3 ROOM,89456.76005961251,88000.0,671,62.076005961251866,77.68107302533532,500.0155017511592,6746.596080369836
1994,QUEENSTOWN,4 ROOM,186620.0,185000.0,75,86.77333333333333,79.8,549.25815273609,6571.254608979717
1994,QUEENSTOWN,5 ROOM,329997.77777777775,332000.0,45,119.35555555555555,82.11111111111111,532.743846594253,7737.765823565158
1994,QUEENSTOWN,EXECUTIVE,532000.0,532000.0,1,142.0,100.0,267.4854212548331,5458.608872033291
1994,SENGKANG,3 ROOM,64333.333333333336,71000.0,6,67.83333333333333,85.0,,
1994,SENGKANG,4 ROOM,125000.0,125000.0,1,92.0,85.0,,
1994,SERANGOON,3 ROOM,96624.86187845304,93000.0,181,65.40883977900552,89.4475138121547,809.6004598351105,8569.051049203244
1994,SERANGOON,4 ROOM,183106.0,180000.0,300,94.20333333333333,90.77333333333333,792.0488311003038,8463.441511793073
1994,SERANGOON,5 ROOM,294015.4128440367,295000.0,109,122.3302752293578,92.45871559633028,832.9165000878543,8566.22529013644
1994,SERANGOON,EXECUTIVE,386580.0,392000.0,75,147.85333333333332,92.16,821.1627744483193,8518.950376241619
1994,TAMPINES,3 ROOM,100840.89392133492,97000.0,839,72.92014302741359,89.69725864123957,630.8017710517357,13012.088322487356
1994,TAMPINES,4 ROOM,183539.08477366256,180000.0,1215,99.98436213991769,90.9275720164609,617.5669702125806,12997.277400863592
1994,TAMPINES,5 ROOM,278822.29465449805,276000.0,767,124.28943937418514,91.9426336375489,582.7241122615618,13100.849447825387
1994,TAMPINES,EXECUTIVE,380968.2926829268,380000.0,328,147.09451219512195,92.09756097560975,731.733326936533,12632.05734243532
1994,TAMPINES,MULTI GENERATION,386454.54545454547,403000.0,11,155.27272727272728,92.0,178.05552011732132,14196.193746949535
1994,TOA PAYOH,2 ROOM,49478.260869565216,48000.0,23,42.34782608695652,75.56521739130434,308.50354321107426,6194.2320565331875
1994,TOA PAYOH,3 ROOM,96106.61144578313,93000.0,664,66.66867469879519,77.98493975903614,607.6921284378599,5963.899714646266
1994,TOA PAYOH,4 ROOM,190447.42268041236,186000.0,194,93.12886597938144,84.8659793814433,718.3665358467682,6119.653429093655
1994,TOA PAYOH,5 ROOM,301537.8275862069,296944.0,116,122.93103448275862,87.97413793103448,901.0368254176211,6150.027837552201
1994,TOA PAYOH,EXECUTIVE,392872.3404255319,382000.0,47,148.63829787234042,92.27659574468085,836.49866492208,6055.122009858225
1994,WOODLANDS,3 ROOM,72226.04166666667,72000.0,192,69.890625,85.51041666666667,922.1145763415416,19385.329267839188
1994,WOODLANDS,4 ROOM,130849.15254237287,125000.0,177,93.99435028248588,87.8135593220339,781.9866389156657,19095.949902242653
1994,WOODLANDS,5 ROOM,207321.3831775701,203000.0,107,121.42056074766356,87.42056074766356,926.1905157773233,19269.840403204103
1994,WOODLANDS,EXECUTIVE,316171.875,307500.0,32,150.84375,93.4375,594.5691508202939,18601.83543715494
1994,YISHUN,3 ROOM,92529.4191919192,90000.0,792,70.23737373737374,90.85227272727273,620.8866180514282,16224.11322425516
1994,YISHUN,4 ROOM,159835.7931034483,159000.0,1363,93.67057960381511,91.58180484225971,778.6599563308046,15960.319578756798
1994,YISHUN,5 ROOM,266004.9079754601,260000.0,489,122.76073619631902,91.70143149284253,568.0154587133005,15867.34862454288
1994,YISHUN,EXECUTIVE,358812.84722222225,355000.0,288,145.4375,92.56597222222223,871.0446460244033,15713.10227654917
1994,YISHUN,MULTI GENERATION,377888.8888888889,382500.0,18,166.16666666666666,92.16666666666667,782.9149230703634,15130.53263257463
1995,ANG MO KIO,1 ROOM,44068.96551724138,45000.0,29,31.0,81.0,,
1995,ANG MO KIO,2 ROOM,62366.666666666664,62500.0,18,45.0,90.0,363.3683980467018,10262.5453453155
1995,ANG MO KIO,3 ROOM,128432.35601265823,126000.0,1264,71.31962025316456,83.46123417721519,621.9287657003719,9826.5038593009
1995,ANG MO KIO,4 ROOM,226017.15789473685,230000.0,437,93.10068649885584,83.16475972540046,592.8105685482265,9797.399015012184
1995,ANG MO KIO,5 ROOM,353900.6172839506,355000.0,162,120.55555555555556,83.91358024691358,648.9993564558586,9896.260944442382
1995,BEDOK,2 ROOM,64871.153846153844,65500.0,52,44.94230769230769,86.92307692307692,712.2001531975545,9425.40007159009
1995,BEDOK,3 ROOM,120261.80453879942,120000.0,1366,68.9194729136164,83.64568081991216,804.3232751209836,10079.186441693115
1995,BEDOK,4 ROOM,206346.23664921467,205000.0,955,91.49424083769634,85.15706806282722,691.4395259335697,9979.077760545335
1995,BEDOK,5 ROOM,339640.3967611336,335000.0,494,122.34210526315789,84.95546558704453,747.3522472607032,9876.683890062792
1995,BEDOK,EXECUTIVE,468056.1797752809,462000.0,89,147.38202247191012,89.96629213483146,623.4017342267001,9471.650804067336
1995,BISHAN,3 ROOM,140725.0,143000.0,80,65.5,87.875,495.3546553434621,7721.720857351164
1995,BISHAN,4 ROOM,277904.6005509642,274000.0,363,95.90358126721763,92.35812672176309,613.0225202783386,7640.105665520811
1995,BISHAN,5 ROOM,438119.7879858657,440000.0,283,123.08127208480565,91.86925795053004,648.5148619851825,7599.430133437285
1995,BISHAN,EXECUTIVE,554339.2857142857,561500.0,84,153.79761904761904,92.88095238095238,592.8838199154421,7884.288852140636
1995,BISHAN,MULTI GENERATION,545000.0,589500.0,6,163.0,91.0,889.2029426130175,6786.116483623025
1995,BUKIT BATOK,3 ROOM,111895.20958083832,112000.0,668,69.0688622754491,89.24700598802396,633.1973272068391,13655.342659966193
1995,BUKIT BATOK,4 ROOM,200546.82080924854,200000.0,519,96.95568400770713,89.59152215799615,570.1358974914016,13848.52821764043
1995,BUKIT BATOK,5 ROOM,331760.6896551724,326000.0,145,128.97241379310344,89.46206896551725,564.5107032180249,13789.134312780483
1995,BUKIT BATOK,EXECUTIVE,416953.9568345324,416000.0,139,148.0071942446043,89.38129496402878,466.2686046856019,13860.378362154497
1995,BUKIT MERAH,1 ROOM,33530.0,34000.0,50,29.8,75.4,1211.7946074494985,3588.8321407213525
1995,BUKIT MERAH,2 ROOM,59760.416666666664,60000.0,48,45.833333333333336,73.25,556.5670499401502,3373.937853104824
1995,BUKIT MERAH,3 ROOM,122652.72384219554,122000.0,583,65.59519725557462,80.08233276157804,728.8691337832831,3381.6444329921424
1995,BUKIT MERAH,4 ROOM,239505.88235294117,235000.0,238,89.65966386554622,82.72689075630252,729.1101402302169,3533.410346775153
1995,BUKIT MERAH,5 ROOM,390863.34146341466,388000.0,164,122.3170731707317,83.57317073170732,681.3141893937137,3447.352576964297
1995,BUKIT PANJANG,3 ROOM,111625.8041958042,112000.0,143,72.2867132867133,92.03496503496504,981.4634463912506,13697.025567650255
1995,BUKIT PANJANG,4 ROOM,188128.95238095237,191000.0,231,99.91774891774892,92.04761904761905,1069.2536551213775,13828.238899401009
1995,BUKIT PANJANG,5 ROOM,285949.8965517241,285000.0,116,123.33620689655173,92.38793103448276,1146.2620123963661,13940.678894174811
1995,BUKIT PANJANG,EXECUTIVE,394834.2105263158,395500.0,76,146.80263157894737,92.14473684210526,911.4534966444947,13849.673157359737
1995,BUKIT TIMAH,3 ROOM,133681.81818181818,138000.0,11,71.0909090909091,78.36363636363636,237.2985193259365,6251.497194854926
1995,BUKIT TIMAH,4 ROOM,268321.4285714286,276500.0,28,99.67857142857143,87.75,418.51719343864676,9252.924902208099
1995,BUKIT TIMAH,5 ROOM,423839.92,430000.0,25,123.28,89.52,348.33524816982157,9768.435291640708
1995,BUKIT TIMAH,EXECUTIVE,549047.619047619,545000.0,21,147.47619047619048,92.57142857142857,396.26047037668803,10463.24503743767
1995,CENTRAL AREA,2 ROOM,66891.66666666667,65250.0,48,42.791666666666664,81.125,459.5404862577619,1412.566953254339
1995,CENTRAL AREA,3 ROOM,145477.35338345866,146500.0,133,64.25563909774436,82.84210526315789,272.29983812481714,1778.751831779956
1995,CENTRAL AREA,4 ROOM,264246.6666666667,272500.0,60,87.55,84.53333333333333,266.189022071964,2009.1719762370476
1995,CENTRAL AREA,5 ROOM,434633.3333333333,438400.0,6,137.66666666666666,88.33333333333333,219.85730649168045,2682.971466046494
1995,CHOA CHU KANG,3 ROOM,109886.84210526316,111000.0,76,72.8157894736842,88.78947368421052,924.4331074524939,15323.481740909754
1995,CHOA CHU KANG,4 ROOM,209349.11111111112,211500.0,216,103.0925925925926,91.7824074074074,732.015138732203,15699.798975408323
1995,CHOA CHU KANG,5 ROOM,293922.33009708737,295000.0,103,122.72815533980582,91.3883495145631,738.7341749099637,15481.107027518357
1995,CHOA CHU KANG,EXECUTIVE,415980.39215686277,418000.0,102,146.55882352941177,93.76470588235294,764.7481642385834,15751.946497026547
1995,CLEMENTI,3 ROOM,129211.55627009647,128000.0,622,69.52893890675242,83.33440514469453,727.7508026565282,10192.258578001763
1995,CLEMENTI,4 ROOM,235721.12408759125,235000.0,274,92.96715328467154,83.67153284671532,751.5521177522867,10158.999268831982
1995,CLEMENTI,5 ROOM,382255.81395348837,376500.0,86,123.29069767441861,84.32558139534883,861.5602777722122,9830.98606319637
1995,CLEMENTI,EXECUTIVE,500250.0,496000.0,28,150.07142857142858,88.85714285714286,903.2134000559555,10340.252952128027
1995,GEYLANG,2 ROOM,57421.05263157895,58000.0,76,43.93421052631579,74.19736842105263,437.89874386367774,6422.7171354015945
1995,GEYLANG,3 ROOM,111556.47164948453,110000.0,388,62.88917525773196,78.98711340206185,446.232697025948,6172.77015380125
1995,GEYLANG,4 ROOM,218328.8343558282,220000.0,326,93.20552147239263,87.54601226993866,496.06515527129926,6751.325808885273
1995,GEYLANG,5 ROOM,371161.7021276596,368000.0,141,124.35460992907801,85.8936170212766,451.6121859144895,6249.004041687014
1995,GEYLANG,EXECUTIVE,458767.85714285716,465000.0,56,146.66071428571428,90.28571428571429,455.5852473807862,6498.7107854537635
1995,HOUGANG,3 ROOM,118902.75229357799,118000.0,327,69.06422018348624,87.85321100917432,802.3003710040398,10107.289647166539
1995,HOUGANG,4 ROOM,214083.45512820513,214250.0,624,96.98717948717949,90.36378205128206,719.6926920557104,10558.950978283256
1995,HOUGANG,5 ROOM,337275.0539419087,333000.0,241,124.99585062240664,89.91701244813278,703.1426111700968,10384.38092251439
1995,HOUGANG,EXECUTIVE,440950.5263157895,440500.0,190,148.39473684210526,90.88421052631578,718.5148711692535,10183.729084626966
1995,JURONG EAST,3 ROOM,114267.36694677871,113000.0,357,71.52100840336135,85.77871148459384,830.284386024698,13926.447833075661
1995,JURONG EAST,4 ROOM,196964.22857142857,198000.0,210,97.01428571428572,86.94761904761904,895.2842274601082,14038.317015056404
1995,JURONG EAST,5 ROOM,316172.9166666667,315000.0,216,122.55092592592592,86.36111111111111,865.5783134108948,13919.842951660103
1995,JURONG EAST,EXECUTIVE,401287.2727272727,400000.0,55,147.43636363636364,89.16363636363636,976.3647526929142,14767.502834289959
1995,JURONG WEST,3 ROOM,100574.68596237338,96000.0,691,68.06801736613603,83.47322720694646,823.7417398312903,16632.055737230712
1995,JURONG WEST,4 ROOM,198307.32369942198,201000.0,692,101.51156069364161,89.83959537572254,919.6001886365608,17407.26598225842
1995,JURONG WEST,5 ROOM,288534.0878048781,288500.0,410,124.90487804878049,90.38536585365854,919.5222701145361,17776.400637641887
1995,JURONG WEST,EXECUTIVE,393116.97959183675,400000.0,147,149.41496598639455,90.68027210884354,1084.1199581015665,16890.81549900442
1995,KALLANG/WHAMPOA,2 ROOM,59664.35294117647,60250.0,34,48.64705882352941,76.82352941176471,419.7085875606487,4192.397276913888
1995,KALLANG/WHAMPOA,3 ROOM,132866.7053364269,122000.0,431,68.5939675174014,80.59628770301624,478.5045381194804,4404.7468779584115
1995,KALLANG/WHAMPOA,4 ROOM,248448.0,249000.0,200,95.06,85.67,478.2714080401411,4256.527695155757
1995,KALLANG/WHAMPOA,5 ROOM,374532.95867768594,375000.0,121,124.38842975206612,85.44628099173553,511.6546888198694,4474.906547990123
1995,KALLANG/WHAMPOA,EXECUTIVE,441529.4117647059,440000.0,17,149.7058823529412,88.70588235294117,790.2110462328043,4799.424110867005
1995,LIM CHU KANG,3 ROOM,58250.0,57500.0,4,59.0,84.0,5471.18280593651,22405.555056502148
1995,LIM CHU KANG,4 ROOM,97500.0,97500.0,2,83.0,84.0,5471.18280593651,22405.555056502148
1995,MARINE PARADE,3 ROOM,159269.1891891892,155000.0,185,67.35135135135135,79.17837837837838,1882.6910840267014,7265.093703391618
1995,MARINE PARADE,4 ROOM,276661.82608695654,276500.0,92,85.94565217391305,79.5,1900.238166970446,7042.739563622551
1995,MARINE PARADE,5 ROOM,440706.6666666667,440000.0,75,121.72,79.82666666666667,1902.6907458265387,7215.608710405178
1995,PASIR RIS,4 ROOM,239188.37442922374,243000.0,438,105.35159817351598,93.39269406392694,888.2256150574916,15164.287359765429
1995,PASIR RIS,5 ROOM,337491.6666666667,336500.0,168,124.33928571428571,93.67261904761905,949.0492417354723,15147.238394903809
1995,PASIR RIS,EXECUTIVE,456536.29032258067,460000.0,124,147.86290322580646,93.93548387096774,964.037620156364,15155.29090987948
1995,QUEENSTOWN,2 ROOM,54347.05882352941,55000.0,136,44.98529411764706,74.92647058823529,443.2463757898523,6156.050724942383
1995,QUEENSTOWN,3 ROOM,115526.89677419355,115000.0,620,62.75967741935484,76.76935483870967,505.0298081267305,6712.856791789332
1995,QUEENSTOWN,4 ROOM,236277.27272727274,227750.0,66,87.56060606060606,78.06060606060606,510.0481060171476,6512.553771282201
1995,QUEENSTOWN,5 ROOM,405769.23076923075,411000.0,39,118.15384615384616,81.53846153846153,442.9644300465267,7523.5699028957815
1995,SEMBAWANG,3 ROOM,84250.0,86000.0,4,64.0,79.0,833.9339431332859,17801.01533333687
1995,SENGKANG,3 ROOM,86000.0,87500.0,6,67.66666666666667,84.0,,
1995,SENGKANG,4 ROOM,163750.0,165000.0,4,92.0,84.0,,
1995,SERANGOON,3 ROOM,124506.87830687831,125000.0,189,66.11640211640211,88.39153439153439,857.5161502577791,8618.684397153536
1995,SERANGOON,4 ROOM,224460.81542699726,222000.0,363,94.24242424242425,89.84022038567493,783.7446257339457,8440.612889331316
1995,SERANGOON,5 ROOM,350211.4583333333,348000.0,120,121.85,91.04166666666667,1038.7021139510537,8828.64344972111
1995,SERANGOON,EXECUTIVE,442689.6551724138,455000.0,58,148.72413793103448,90.86206896551724,903.0431610376095,8656.308285926105
1995,TAMPINES,3 ROOM,130850.611827957,130000.0,930,72.71612903225807,88.8247311827957,633.0430173373952,13036.95466340551
1995,TAMPINES,4 ROOM,228110.37671728127,233000.0,1383,99.91973969631236,89.97613882863341,606.5620068685174,13029.23596130201
1995,TAMPINES,5 ROOM,341262.3218390805,343000.0,696,124.07040229885058,90.80603448275862,567.0552003338473,13130.53041104679
1995,TAMPINES,EXECUTIVE,457921.875,459000.0,288,147.14930555555554,91.14930555555556,739.2532781741911,12725.591991225598
1995,TAMPINES,MULTI GENERATION,475000.0,475000.0,2,166.0,91.0,236.69636560972003,14231.353280782096
1995,TOA PAYOH,2 ROOM,65961.53846153847,67250.0,26,41.61538461538461,73.6923076923077,276.95807157966846,6206.460452949557
1995,TOA PAYOH,3 ROOM,125176.11480362537,124900.0,662,67.06042296072508,77.38368580060423,596.6027540766077,5977.1751157811195
1995,TOA PAYOH,4 ROOM,235932.19512195123,230000.0,205,93.73658536585366,84.65853658536585,765.0524432467595,6104.976148350502
1995,TOA PAYOH,5 ROOM,369354.41747572814,370000.0,103,124.1747572815534,86.31067961165049,875.8181378951324,6196.572164547266
1995,TOA PAYOH,EXECUTIVE,482574.0740740741,480000.0,27,148.07407407407408,91.33333333333333,837.6798161643368,6100.769657518623
1995,WOODLANDS,2 ROOM,45500.0,45500.0,1,45.0,90.0,1314.447297477601,20052.68377109522
1995,WOODLANDS,3 ROOM,95595.22727272728,96000.0,220,69.71818181818182,84.31363636363636,927.280863658735,19378.15894593762
1995,WOODLANDS,4 ROOM,161170.79207920792,160000.0,202,94.00990099009901,87.13861386138613,791.8505663244205,19069.7322682433
1995,WOODLANDS,5 ROOM,263649.3506493507,263000.0,154,120.92207792207792,87.5909090909091,829.6271268595958,19187.342330429954
1995,WOODLANDS,EXECUTIVE,386421.05263157893,380000.0,38,153.68421052631578,92.97368421052632,563.4272191392029,18605.26166491899
1995,YISHUN,3 ROOM,118181.04820766379,119000.0,809,70.01977750309024,89.86773794808406,635.5579424252255,16280.078405465267
1995,YISHUN,4 ROOM,195593.2911564626,189000.0,1470,93.6891156462585,90.54897959183674,767.5796457855912,16000.859431287512
1995,YISHUN,5 ROOM,320802.33980582526,320000.0,515,122.54368932038835,90.71650485436894,584.629918917955,15906.061140759275
1995,YISHUN,EXECUTIVE,440737.64705882355,432000.0,255,149.71372549019608,92.29803921568627,865.0948643870548,15747.127388560466
1995,YISHUN,MULTI GENERATION,469357.8947368421,470000.0,19,167.42105263157896,91.05263157894737,780.2533335990116,15084.635298078518
1996,ANG MO KIO,1 ROOM,78286.20689655172,64000.0,29,31.0,80.0,,
1996,ANG MO KIO,2 ROOM,98086.95652173914,100000.0,23,45.0,89.0,352.11072356441167,10254.945375620695
1996,ANG MO KIO,3 ROOM,184891.36855345912,184000.0,1590,71.03584905660378,82.47106918238994,630.4956879216427,9789.22911130922
1996,ANG MO KIO,4 ROOM,304059.43396226416,305500.0,530,93.82830188679246,82.8188679245283,593.3862146585407,9738.906949433369
1996,ANG MO KIO,5 ROOM,464710.6382978723,465000.0,188,121.6063829787234,84.12234042553192,665.2236379774089,9871.061318383525
1996,ANG MO KIO,EXECUTIVE,577500.0,577500.0,2,148.5,99.0,715.0640831414696,10535.509410639206
1996,BEDOK,2 ROOM,93797.76,90250.0,50,44.66,87.08,531.992365763718,9401.50181894611
1996,BEDOK,3 ROOM,172918.21087680355,170000.0,1802,68.83185349611543,82.39955604883463,815.4873804878569,10156.697935910432
1996,BEDOK,4 ROOM,281831.3665480427,281500.0,1124,91.11743772241992,84.0008896797153,700.4519081344188,9998.939305756105
1996,BEDOK,5 ROOM,437262.82209737826,432000.0,534,122.36142322097378,84.2059925093633,758.0825095221397,9916.45987532765
1996,BEDOK,EXECUTIVE,570523.8861788618,570000.0,123,150.16260162601625,89.97560975609755,572.3421405287502,9510.237228136246
1996,BISHAN,3 ROOM,197855.95238095237,199500.0,168,65.53571428571429,87.45238095238095,523.0598701281602,7683.193554870895
1996,BISHAN,4 ROOM,377827.9181446112,390000.0,733,99.86903137789905,92.66575716234652,786.4868082443057,7932.856047329154
1996,BISHAN,5 ROOM,530213.5869565217,530000.0,368,124.15760869565217,91.53260869565217,732.9418675365454,7718.043812955035
1996,BISHAN,EXECUTIVE,663256.0846560847,660000.0,189,149.43386243386243,93.29629629629629,726.2828622154648,8093.375167130423
1996,BISHAN,MULTI GENERATION,682166.6666666666,694000.0,6,159.83333333333334,90.0,754.133182014611,6792.499465216314
1996,BUKIT BATOK,3 ROOM,161077.57757757758,162500.0,999,68.95695695695696,88.42742742742743,653.5590484253497,13686.309837499059
1996,BUKIT BATOK,4 ROOM,274822.55643879174,272000.0,629,96.82511923688395,88.5945945945946,574.4648816092173,13848.26548461416
1996,BUKIT BATOK,5 ROOM,427764.0243902439,420000.0,164,128.0609756097561,88.4939024390244,552.3859094186674,13673.525659387275
1996,BUKIT BATOK,EXECUTIVE,534828.6797385621,542000.0,153,147.55555555555554,88.63398692810458,461.72919582508337,13825.85862701302
1996,BUKIT MERAH,1 ROOM,49945.67901234568,50000.0,81,29.753086419753085,74.37037037037037,1211.7946074494985,3588.8321407213525
1996,BUKIT MERAH,2 ROOM,87322.22222222222,84500.0,54,45.05555555555556,72.42592592592592,383.7336099816837,2757.7216587797716
1996,BUKIT MERAH,3 ROOM,174580.6354609929,172000.0,705,65.79432624113475,79.02695035460992,728.0191892142112,3483.7917044668584
1996,BUKIT MERAH,4 ROOM,319208.125,316500.0,256,91.3359375,82.2578125,719.4235781366682,3593.383163144345
1996,BUKIT MERAH,5 ROOM,491175.6683673469,492500.0,196,121.2704081632653,82.39285714285714,657.4217172739683,3559.2082410786165
1996,BUKIT PANJANG,3 ROOM,160351.7730496454,163000.0,282,72.12765957446808,91.01418439716312,968.1421819570695,13714.981214781794
1996,BUKIT PANJANG,4 ROOM,243893.01675977654,243500.0,358,97.67877094972067,91.07541899441341,1072.9507051591072,13868.702917726074
1996,BUKIT PANJANG,5 ROOM,377580.7346938776,383000.0,147,123.51020408163265,91.21768707482993,1121.5681089118068,13849.8271133815
1996,BUKIT PANJANG,EXECUTIVE,512934.6666666667,505000.0,75,145.92,91.01333333333334,921.0190250177437,13874.54516423656
1996,BUKIT TIMAH,3 ROOM,183578.94736842104,187000.0,19,69.57894736842105,78.42105263157895,226.14594658710163,6489.622337116572
1996,BUKIT TIMAH,4 ROOM,366005.0,352000.0,60,100.16666666666667,87.53333333333333,377.23892985057955,9466.498374448758
1996,BUKIT TIMAH,5 ROOM,523551.724137931,525000.0,29,123.13793103448276,89.48275862068965,347.5156453474036,10018.970705549893
1996,BUKIT TIMAH,EXECUTIVE,662616.6666666666,665900.0,24,147.29166666666666,91.75,421.44263559743155,10449.727707709595
1996,CENTRAL AREA,2 ROOM,89295.16129032258,90000.0,62,45.5,80.24193548387096,667.6669540943888,1405.252328411703
1996,CENTRAL AREA,3 ROOM,198365.55555555556,199900.0,180,65.65555555555555,81.92777777777778,266.7901499616294,1722.9861127000277
1996,CENTRAL AREA,4 ROOM,325530.0,328000.0,60,88.95,84.4,217.7479727578235,2125.995427741431
1996,CENTRAL AREA,5 ROOM,498333.3333333333,480000.0,3,138.0,87.33333333333333,177.2472365404551,2661.5059177458284
1996,CHOA CHU KANG,3 ROOM,158270.625,157000.0,96,72.45833333333333,86.66666666666667,878.2080141263751,15274.407822728142
1996,CHOA CHU KANG,4 ROOM,298640.0336448598,305000.0,535,104.84299065420561,93.41121495327103,705.608149056776,16040.27212965968
1996,CHOA CHU KANG,5 ROOM,384832.4324324324,380000.0,111,122.66666666666667,90.61261261261261,751.2505603518504,15599.40176389242
1996,CHOA CHU KANG,EXECUTIVE,537380.8219178083,545000.0,73,146.31506849315068,92.95890410958904,738.3389145889448,15757.169762586302
1996,CLEMENTI,3 ROOM,184776.13851761847,184000.0,823,69.38517618469015,82.35601458080194,717.5650965680733,10188.389479075557
1996,CLEMENTI,4 ROOM,317877.5705521472,320000.0,326,92.8957055214724,82.51533742331289,768.0227976253818,10128.70302840648
1996,CLEMENTI,5 ROOM,488719.8275862069,490000.0,116,122.88793103448276,83.15517241379311,854.3599090880006,9826.068753239391
1996,CLEMENTI,EXECUTIVE,598943.4782608695,600000.0,46,150.2173913043478,87.73913043478261,975.9423206027296,10210.260259732215
1996,GEYLANG,2 ROOM,82981.41176470589,81000.0,119,43.857142857142854,75.05882352941177,408.48663926764215,6270.072725347916
1996,GEYLANG,3 ROOM,158878.06654991244,157000.0,571,63.345008756567424,78.09632224168126,451.50455882804545,6161.495788259212
1996,GEYLANG,4 ROOM,290168.69213483145,284500.0,445,92.76404494382022,86.48314606741573,478.3002725559906,6719.175398933837
1996,GEYLANG,5 ROOM,465001.323943662,456750.0,142,125.28873239436619,85.80985915492958,461.7408975676997,6118.454331034931
1996,GEYLANG,EXECUTIVE,579886.4406779661,590000.0,59,147.135593220339,89.1864406779661,437.16135827244807,6418.217388801251
1996,HOUGANG,3 ROOM,172036.892494929,170500.0,493,68.70993914807302,86.59634888438134,800.6200789609453,10037.44101430297
1996,HOUGANG,4 ROOM,291401.3351007423,290000.0,943,98.51643690349947,90.46129374337221,669.8045126723187,10633.037045582723
1996,HOUGANG,5 ROOM,431083.68858131487,435000.0,289,125.03114186851211,90.16608996539793,695.160544057176,10541.425721967396
1996,HOUGANG,EXECUTIVE,563937.7594501718,568000.0,291,147.46735395189003,92.05154639175258,635.3852527990601,10614.092269643956
1996,JURONG EAST,3 ROOM,166402.12931034484,168000.0,464,71.54094827586206,84.84698275862068,823.6621557055278,13971.793289305471
1996,JURONG EAST,4 ROOM,273447.1688888889,270000.0,225,98.06222222222222,86.15555555555555,860.233943493917,14105.709736632525
1996,JURONG EAST,5 ROOM,398654.1217391304,397000.0,230,122.46521739130435,85.30434782608695,927.6109171788231,13769.662142593845
1996,JURONG EAST,EXECUTIVE,511678.3333333333,512500.0,60,149.5,88.61666666666666,965.3924998599315,14611.868387534323
1996,JURONG WEST,3 ROOM,145819.90625,142250.0,768,68.27864583333333,82.40755208333333,820.658346939355,16641.956038929035
1996,JURONG WEST,4 ROOM,271019.881748072,275000.0,778,101.88560411311055,89.4987146529563,899.8047675253584,17483.039075870984
1996,JURONG WEST,5 ROOM,374280.77506775066,375000.0,369,125.59349593495935,89.11924119241192,916.2864736739483,17703.028066070194
1996,JURONG WEST,EXECUTIVE,497875.1445086705,505000.0,173,148.82080924855492,90.51445086705202,1046.0591727187996,17309.683175417
1996,KALLANG/WHAMPOA,2 ROOM,85021.27659574468,84000.0,47,48.191489361702125,78.1063829787234,435.2011357663582,4254.17431168497
1996,KALLANG/WHAMPOA,3 ROOM,185935.2504409171,168000.0,567,69.38977072310405,79.75485008818342,480.28019192827406,4468.374605461112
1996,KALLANG/WHAMPOA,4 ROOM,318107.2289156627,315000.0,249,93.4859437751004,83.79518072289157,481.0661826715006,4211.099261367053
1996,KALLANG/WHAMPOA,5 ROOM,461779.1304347826,465000.0,115,122.26086956521739,83.83478260869565,483.2836461814206,4621.457968984622
1996,KALLANG/WHAMPOA,EXECUTIVE,550389.6551724138,560000.0,29,148.24137931034483,87.89655172413794,727.6835629323435,4721.742504883278
1996,LIM CHU KANG,3 ROOM,87200.0,86000.0,5,62.6,83.0,5471.18280593651,22405.555056502148
1996,LIM CHU KANG,4 ROOM,133500.0,133500.0,2,83.0,83.0,5471.18280593651,22405.555056502148
1996,MARINE PARADE,3 ROOM,234015.3029045643,228000.0,241,68.28215767634855,78.23651452282158,1881.4017125021435,7258.922840210724
1996,MARINE PARADE,4 ROOM,346353.6082474227,345000.0,97,85.47422680412372,78.5360824742268,1894.3787243710228,7017.920757539315
1996,MARINE PARADE,5 ROOM,546189.3203883495,550000.0,103,121.87378640776699,78.58252427184466,1904.7188245615796,7265.250850424571
1996,PASIR RIS,4 ROOM,335345.25691699603,345000.0,506,105.40711462450592,92.63241106719367,925.5117116698791,15266.221489567195
1996,PASIR RIS,5 ROOM,450949.9144736842,450000.0,152,125.45394736842105,92.86184210526316,967.6203318732993,15217.311508623387
1996,PASIR RIS,EXECUTIVE,592650.8474576271,597500.0,118,147.5,93.20338983050847,966.9324796887365,15070.791050649692
1996,QUEENSTOWN,2 ROOM,81428.89908256881,80900.0,218,44.92660550458716,74.01834862385321,466.7681282612637,6162.536373880388
1996,QUEENSTOWN,3 ROOM,163176.66708385482,160000.0,799,62.369211514392994,75.57947434292866,497.63926913119116,6670.890740482124
1996,QUEENSTOWN,4 ROOM,315299.8378378378,309000.0,74,87.60810810810811,77.85135135135135,490.05033465966517,6795.026769777247
1996,QUEENSTOWN,5 ROOM,509185.91549295775,506000.0,71,118.71830985915493,80.04225352112677,517.1478919034258,7712.786409703988
1996,QUEENSTOWN,EXECUTIVE,680000.0,680000.0,1,142.0,98.0,267.4854212548331,5458.608872033291
1996,SEMBAWANG,3 ROOM,95333.33333333333,95000.0,3,64.0,78.0,833.9339431332859,17801.01533333687
1996,SENGKANG,3 ROOM,133500.0,130000.0,6,70.0,83.0,,
1996,SENGKANG,4 ROOM,203714.2857142857,208000.0,7,92.0,83.0,,
1996,SERANGOON,3 ROOM,173154.62992125985,173994.0,254,65.83858267716535,87.39370078740157,900.7826308113952,8682.011113703402
1996,SERANGOON,4 ROOM,302846.7969348659,300000.0,522,95.6800766283525,89.91187739463602,1013.97948690176,8811.196047877296
1996,SERANGOON,5 ROOM,443651.6853932584,440000.0,178,122.19662921348315,92.12921348314607,1371.646099559424,9372.2492412263
1996,SERANGOON,EXECUTIVE,597469.4055944056,610000.0,143,148.35664335664336,92.41958041958041,1376.9569059773921,9387.067664598651
1996,TAMPINES,3 ROOM,192537.79949452402,193000.0,1187,72.83656276326874,87.77253580454928,640.1865598828699,13010.90432481718
1996,TAMPINES,4 ROOM,320197.6793794441,320000.0,1547,99.74595992243052,88.97285067873302,608.4137855399306,12998.726726569861
1996,TAMPINES,5 ROOM,451162.79338842974,458400.0,726,124.59228650137742,89.88842975206612,573.4293388764835,13140.770954521848
1996,TAMPINES,EXECUTIVE,602566.2736842105,610000.0,285,147.79649122807018,90.18245614035088,703.6151226065064,12931.750911206482
1996,TAMPINES,MULTI GENERATION,601562.5,585000.0,16,156.1875,90.0,169.50373014967982,14191.066314932288
1996,TOA PAYOH,2 ROOM,99645.16129032258,102000.0,31,44.193548387096776,76.3225806451613,425.3761149822577,6188.821944070165
1996,TOA PAYOH,3 ROOM,175393.6694214876,175000.0,847,66.8370720188902,76.34946871310508,615.9725253110475,5966.123920354071
1996,TOA PAYOH,4 ROOM,309685.5263157895,300000.0,228,93.16228070175438,83.08771929824562,719.5222974973597,6125.4690936063935
1996,TOA PAYOH,5 ROOM,465469.5238095238,453000.0,105,123.31428571428572,85.14285714285714,861.9657407564944,6251.228496298296
1996,TOA PAYOH,EXECUTIVE,605616.2162162162,615000.0,37,148.6216216216216,89.72972972972973,733.8185164024766,6128.432914936073
1996,WOODLANDS,3 ROOM,142517.79559118237,142000.0,499,69.58316633266533,83.43887775551102,954.2740428438748,19398.699979310324
1996,WOODLANDS,4 ROOM,232933.44,234500.0,400,92.1975,87.115,750.1688845358888,18906.90324239973
1996,WOODLANDS,5 ROOM,353965.8385093168,350000.0,161,122.26708074534162,86.82608695652173,821.5976822157031,19171.62211755054
1996,WOODLANDS,EXECUTIVE,564547.8787878788,570000.0,33,153.42424242424244,93.51515151515152,477.8868441808529,18556.88066164293
1996,YISHUN,3 ROOM,166614.70618120237,167000.0,1181,69.55376799322607,88.84928027095681,638.1279075528212,16297.798473299625
1996,YISHUN,4 ROOM,263829.56878612714,258000.0,1730,93.83757225433526,89.8364161849711,760.5679802558088,15913.364207701068
1996,YISHUN,5 ROOM,414902.9895104895,418000.0,572,123.5541958041958,90.06818181818181,571.9578835275489,15839.768909778346
1996,YISHUN,EXECUTIVE,560170.6007604563,560000.0,263,149.90114068441065,91.61216730038022,842.5671974796508,15608.338677587313
1996,YISHUN,MULTI GENERATION,591250.0,580000.0,24,164.875,90.04166666666667,793.9109821459324,15083.499007063236
1997,ANG MO KIO,1 ROOM,110973.68421052632,118000.0,19,31.0,79.0,,
1997,ANG MO KIO,2 ROOM,116483.33333333333,117500.0,12,45.0,88.0,357.42362162957676,10257.700017338819
1997,ANG MO KIO,3 ROOM,213258.00964320154,208000.0,1037,72.36547733847637,81.3519768563163,625.7823199590923,9702.18992680703
1997,ANG MO KIO,4 ROOM,314557.41263940523,314900.0,538,93.8364312267658,81.71561338289963,590.0081870837893,9743.749721332619
1997,ANG MO KIO,5 ROOM,466629.04285714286,462500.0,210,121.2,83.57619047619048,626.7671603238241,9884.981359259014
1997,BEDOK,2 ROOM,120617.5,121500.0,60,45.05,86.66666666666667,550.2125734682511,9490.687860271108
1997,BEDOK,3 ROOM,200921.91744066047,200000.0,969,70.02579979360165,81.47058823529412,844.4750452777439,10121.489464483047
1997,BEDOK,4 ROOM,296218.3141361257,295000.0,955,91.72774869109948,83.20104712041885,712.5548103100523,9994.789589185657
1997,BEDOK,5 ROOM,443429.75445544557,438000.0,505,122.68316831683168,85.04950495049505,787.4749063849962,9740.791779576219
1997,BEDOK,EXECUTIVE,571571.4285714285,565000.0,140,146.4142857142857,91.07142857142857,644.7548110569562,9163.10997436807
1997,BISHAN,3 ROOM,213159.23076923078,213750.0,130,65.16923076923077,86.61538461538461,520.9538955199447,7700.076639492232
1997,BISHAN,4 ROOM,382191.9970282318,397000.0,673,98.99702823179791,91.37890044576523,760.804198706247,7854.870921769322
1997,BISHAN,5 ROOM,529304.1041009463,530000.0,317,124.30283911671924,90.16719242902208,691.4796838182504,7677.895075017527
1997,BISHAN,EXECUTIVE,658004.5714285715,651000.0,126,152.04761904761904,91.63492063492063,712.7718874296047,7979.938453104552
1997,BISHAN,MULTI GENERATION,696000.0,702500.0,8,159.25,89.0,810.4122489306137,6789.839889552443
1997,BUKIT BATOK,3 ROOM,177150.78899082568,180000.0,872,69.22821100917432,87.34633027522936,624.3514916864985,13643.286432956766
1997,BUKIT BATOK,4 ROOM,280901.8715953307,283000.0,771,96.92347600518806,87.62645914396887,566.7001984019578,13797.726199275567
1997,BUKIT BATOK,5 ROOM,428067.7215189873,418750.0,158,129.01898734177215,87.4873417721519,537.2980262916174,13684.861554228379
1997,BUKIT BATOK,EXECUTIVE,525666.8137931034,525000.0,145,147.81379310344826,88.91724137931034,600.396483055648,14075.618906265338
1997,BUKIT MERAH,1 ROOM,64246.645161290326,64000.0,93,29.86021505376344,73.70967741935483,1211.7946074494985,3588.8321407213525
1997,BUKIT MERAH,2 ROOM,112320.93023255814,105000.0,43,45.02325581395349,71.30232558139535,407.7724611880651,3201.844580602195
1997,BUKIT MERAH,3 ROOM,199517.6209150327,200000.0,459,66.12854030501089,78.4880174291939,693.6010325421752,3359.5373028337026
1997,BUKIT MERAH,4 ROOM,342563.48387096776,338000.0,217,90.95852534562212,81.27649769585254,712.5543477858782,3585.5109113572116
1997,BUKIT MERAH,5 ROOM,503737.2786885246,500000.0,183,121.22950819672131,81.4153005464481,673.6442497467193,3578.613347343606
1997,BUKIT PANJANG,3 ROOM,180194.47852760737,183000.0,163,72.70552147239263,90.12269938650307,969.1119850199606,13685.609723670577
1997,BUKIT PANJANG,4 ROOM,258653.93586005832,265000.0,343,99.1603498542274,90.05539358600583,1078.2772008028667,13836.76543600877
1997,BUKIT PANJANG,5 ROOM,372447.46853146853,368000.0,143,124.21678321678321,90.37762237762237,1155.0143003873377,13929.28031097515
1997,BUKIT PANJANG,EXECUTIVE,508750.6172839506,503000.0,81,146.62962962962962,90.14814814814815,976.0105370475428,13906.540375055096
1997,BUKIT TIMAH,3 ROOM,208800.0,206500.0,5,70.6,79.4,200.66265500309478,7131.971797302252
1997,BUKIT TIMAH,4 ROOM,369369.5652173913,380000.0,23,100.34782608695652,87.95652173913044,362.08990134737763,9891.960681774872
1997,BUKIT TIMAH,5 ROOM,525000.0,520000.0,23,123.0,90.30434782608695,402.97276020364006,10619.430047796024
1997,BUKIT TIMAH,EXECUTIVE,651409.0909090909,650000.0,22,147.54545454545453,90.54545454545455,409.7198921143128,10510.896815730244
1997,CENTRAL AREA,2 ROOM,109546.66666666667,106400.0,60,44.53333333333333,78.48333333333333,657.9325393256534,1344.702808179452
1997,CENTRAL AREA,3 ROOM,222856.704,225000.0,125,65.616,81.56,257.71286863509266,1753.4427302270465
1997,CENTRAL AREA,4 ROOM,360980.06451612903,365000.0,62,90.37096774193549,83.25806451612904,271.1906950860319,1997.1037374155626
1997,CENTRAL AREA,5 ROOM,540750.0,535000.0,4,138.75,85.75,266.6829408039893,2740.3871437079138
1997,CHOA CHU KANG,3 ROOM,181110.37735849057,185000.0,106,73.02830188679245,86.5754716981132,910.6817973005002,15295.878523287458
1997,CHOA CHU KANG,4 ROOM,309093.431122449,311000.0,784,104.49107142857143,92.92091836734694,627.3460453276057,16109.29094699794
1997,CHOA CHU KANG,5 ROOM,411181.9289473684,408000.0,380,124.93684210526315,93.3921052631579,557.3306324225733,16063.740646708362
1997,CHOA CHU KANG,EXECUTIVE,540678.8027210884,531000.0,147,146.14965986394557,93.52380952380952,629.4734837458207,16009.860899166284
1997,CLEMENTI,3 ROOM,209912.4461756374,205000.0,706,70.66288951841359,81.26487252124646,692.8783046924937,10172.710500613397
1997,CLEMENTI,4 ROOM,324438.1263157895,320000.0,380,93.12368421052632,81.59736842105264,760.0753382523006,10070.727556234453
1997,CLEMENTI,5 ROOM,487756.6850393701,475000.0,127,121.94488188976378,81.76377952755905,823.9324905126257,9809.000602136206
1997,CLEMENTI,EXECUTIVE,611086.2068965518,610000.0,29,149.9655172413793,86.6896551724138,968.7554877569464,10217.274737228221
1997,GEYLANG,2 ROOM,107069.76744186046,107500.0,86,44.06976744186046,73.40697674418605,409.684701943778,6324.519760912817
1997,GEYLANG,3 ROOM,185361.9658119658,183000.0,351,64.17378917378917,77.39886039886039,443.1306926599226,6087.7050746351415
1997,GEYLANG,4 ROOM,304468.24146981625,305000.0,381,93.17060367454069,85.56430446194226,490.66636500653823,6756.4571995058695
1997,GEYLANG,5 ROOM,467691.6030534351,460000.0,131,124.54961832061069,83.49618320610686,450.67974464004834,6128.975389258209
1997,GEYLANG,EXECUTIVE,574622.641509434,573000.0,53,148.1509433962264,88.26415094339623,453.6359673729388,6380.52602081159
1997,HOUGANG,3 ROOM,191871.66276346604,191500.0,427,69.6135831381733,85.49648711943794,792.3673681146973,10127.915312263889
1997,HOUGANG,4 ROOM,305120.70837988827,308000.0,895,98.52067039106146,89.85027932960894,670.0777830767381,10709.206962282136
1997,HOUGANG,5 ROOM,436768.25074626866,432000.0,335,124.95522388059702,89.94029850746269,613.7688570409503,10637.636035573245
1997,HOUGANG,EXECUTIVE,562160.8387096775,558000.0,248,147.7459677419355,91.04435483870968,632.4209739464031,10627.359264707651
1997,JURONG EAST,3 ROOM,187431.600973236,188000.0,411,72.31630170316302,83.8734793187348,811.8900482438827,13994.20385667262
1997,JURONG EAST,4 ROOM,282233.08550185873,284000.0,269,97.46468401486989,85.33085501858736,843.4632344507651,14076.47806010172
1997,JURONG EAST,5 ROOM,404699.6153846154,404000.0,260,122.51538461538462,84.4423076923077,871.8493211349203,13903.65452193637
1997,JURONG EAST,EXECUTIVE,515441.6666666667,512000.0,60,149.35,88.0,901.2827411014725,14764.01740702912
1997,JURONG WEST,3 ROOM,159348.24311926606,152000.0,872,68.12270642201835,80.7052752293578,831.7553145361953,16584.6746874491
1997,JURONG WEST,4 ROOM,276503.7742331288,280000.0,815,101.04417177914111,87.70306748466258,907.9739750653771,17343.01154102955
1997,JURONG WEST,5 ROOM,379727.3291925466,380000.0,322,126.96894409937889,87.3975155279503,907.2813092713363,17387.71734460598
1997,JURONG WEST,EXECUTIVE,495898.304,490000.0,125,148.48,89.336,964.9208740331944,17345.65187472901
1997,KALLANG/WHAMPOA,2 ROOM,108403.125,113000.0,64,48.84375,80.75,445.6479220001204,4131.113985449901
1997,KALLANG/WHAMPOA,3 ROOM,208033.48173515982,196500.0,438,69.98858447488584,78.45662100456622,479.85583138628675,4364.7033791875665
1997,KALLANG/WHAMPOA,4 ROOM,330972.1030042918,328000.0,233,92.91416309012875,83.31330472103004,499.7253499825721,4264.8985881124145
1997,KALLANG/WHAMPOA,5 ROOM,474473.8805970149,480000.0,134,122.68656716417911,83.15671641791045,498.27930426943504,4626.795157175152
1997,KALLANG/WHAMPOA,EXECUTIVE,548725.8064516129,555000.0,31,149.58064516129033,86.6774193548387,787.373683102102,4845.677354473033
1997,LIM CHU KANG,3 ROOM,85833.33333333333,86000.0,6,60.833333333333336,82.0,,
1997,LIM CHU KANG,4 ROOM,150000.0,150000.0,2,83.0,82.0,5471.18280593651,22405.555056502148
1997,MARINE PARADE,3 ROOM,244935.91160220993,240000.0,181,67.89502762430939,77.25414364640883,1869.416364711234,7240.7430958461355
1997,MARINE PARADE,4 ROOM,360502.1609195402,360000.0,87,85.96551724137932,77.48275862068965,1909.2869994307182,7063.040984173428
1997,MARINE PARADE,5 ROOM,562660.4651162791,560000.0,86,121.86046511627907,77.65116279069767,1892.9367037953025,7243.33076205609
1997,PASIR RIS,4 ROOM,344158.7213822894,347000.0,463,105.1231101511879,92.0475161987041,920.5072424480625,15178.525469596285
1997,PASIR RIS,5 ROOM,445259.06086956523,442500.0,345,123.74202898550725,93.3391304347826,797.2980551503329,14869.442978658291
1997,PASIR RIS,EXECUTIVE,590403.9463087248,587000.0,447,146.2930648769575,93.66219239373602,819.9345968407122,15093.815732572846
1997,QUEENSTOWN,2 ROOM,99863.63636363637,100000.0,165,44.96363636363636,72.73939393939393,443.22878386644635,6160.977624504493
1997,QUEENSTOWN,3 ROOM,192991.47680890537,190000.0,539,62.72541743970315,74.48423005565863,487.13046890372874,6595.804058918722
1997,QUEENSTOWN,4 ROOM,325543.47826086957,325000.0,92,86.94565217391305,76.80434782608695,499.77743753342105,6684.959218064059
1997,QUEENSTOWN,5 ROOM,512761.19402985077,515000.0,67,120.29850746268657,80.61194029850746,536.4003573273451,7734.9502036177855
1997,QUEENSTOWN,EXECUTIVE,594500.0,594500.0,2,150.5,95.0,729.9879584962187,7992.32435176606
1997,SEMBAWANG,3 ROOM,126000.0,126000.0,2,64.0,77.0,833.9339431332859,17801.01533333687
1997,SENGKANG,3 ROOM,156714.2857142857,160000.0,7,67.85714285714286,82.0,,
1997,SENGKANG,4 ROOM,229000.0,229000.0,2,92.0,82.0,,
1997,SERANGOON,3 ROOM,197624.72527472526,198000.0,182,65.87362637362638,86.39010989010988,763.5353014945729,8524.263830471777
1997,SERANGOON,4 ROOM,315140.20408163266,313000.0,490,96.36734693877551,89.0204081632653,978.0893423405074,8754.003068405616
1997,SERANGOON,5 ROOM,440811.82608695654,440000.0,207,122.78743961352657,91.42028985507247,1329.560899282339,9407.675025078379
1997,SERANGOON,EXECUTIVE,575409.7757009346,574000.0,214,147.92990654205607,92.39252336448598,1602.3384305422233,9759.320587564996
1997,TAMPINES,3 ROOM,214707.35071090047,215000.0,844,73.12559241706161,86.68720379146919,636.7720460234945,13053.87443514461
1997,TAMPINES,4 ROOM,330342.0911002102,338000.0,1427,99.94323756131745,88.11072179397337,608.3261946839028,13028.105788671895
1997,TAMPINES,5 ROOM,445998.05080213904,445000.0,748,125.23395721925134,89.70855614973262,596.2740874314139,13280.010596487948
1997,TAMPINES,EXECUTIVE,586532.8244274809,581000.0,262,148.05343511450383,89.74809160305344,694.2269320152897,12868.262222830494
1997,TAMPINES,MULTI GENERATION,575700.0,602500.0,10,152.6,89.0,182.94225724168786,14199.12370810225
1997,TOA PAYOH,2 ROOM,122047.61904761905,123000.0,21,42.38095238095238,74.28571428571429,344.3945777937247,6188.29207581858
1997,TOA PAYOH,3 ROOM,203230.66561514194,200000.0,634,67.3044164037855,75.73186119873817,552.8872847549743,5998.586212908151
1997,TOA PAYOH,4 ROOM,320164.41791044775,313250.0,268,93.04850746268657,82.07835820895522,714.6258486112994,6129.656306177791
1997,TOA PAYOH,5 ROOM,475174.0118343195,475000.0,169,124.4733727810651,86.72781065088758,839.0096318867065,6140.568830590102
1997,TOA PAYOH,EXECUTIVE,597500.0,605000.0,49,147.85714285714286,90.73469387755102,557.9700498709221,6109.169764522105
1997,WOODLANDS,3 ROOM,162590.3073286052,162000.0,423,70.53900709219859,84.85342789598108,794.2089392822297,19171.02150950202
1997,WOODLANDS,4 ROOM,249149.87722772278,247000.0,505,93.29306930693069,86.9920792079208,712.3327767948967,18860.08731509217
1997,WOODLANDS,5 ROOM,356724.8484848485,355000.0,165,122.35151515151514,86.5878787878788,772.1637597969813,19040.154385638027
1997,WOODLANDS,EXECUTIVE,534373.3333333334,530000.0,45,155.9111111111111,91.71111111111111,394.97558543732885,18583.02175877661
1997,YISHUN,3 ROOM,189066.40690505548,190000.0,811,70.1134401972873,88.0,591.9985958191152,16169.833472032195
1997,YISHUN,4 ROOM,273299.4783098592,273000.0,1775,93.87887323943661,88.73915492957747,768.9911848610282,15967.606582010454
1997,YISHUN,5 ROOM,412458.75149105367,410000.0,503,124.07157057654075,89.19284294234592,596.4225635940529,15869.655068230632
1997,YISHUN,EXECUTIVE,545118.407960199,539000.0,201,148.82587064676616,90.29353233830845,816.6309465478391,15659.006176894363
1997,YISHUN,MULTI GENERATION,583894.7368421053,590000.0,19,162.78947368421052,89.15789473684211,782.5801556290411,15126.526803156836
1998,ANG MO KIO,1 ROOM,63571.42857142857,61500.0,7,31.0,78.0,,
1998,ANG MO KIO,2 ROOM,101147.05882352941,96500.0,17,45.0,87.0,353.84237634902166,10260.67486875834
1998,ANG MO KIO,3 ROOM,167359.77427961578,161000.0,1874,71.90554962646745,80.4204909284952,638.8048889045933,9757.645186190304
1998,ANG MO KIO,4 ROOM,262811.6795180723,260000.0,830,93.20963855421687,80.53373493975904,611.0134733741706,9749.101089162823
1998,ANG MO KIO,5 ROOM,401485.94756554306,399000.0,267,121.29962546816479,81.87265917602996,604.61944052295,9844.442563038563
1998,BEDOK,2 ROOM,91586.04651162791,92000.0,43,44.674418604651166,85.13953488372093,539.839748764392,9420.91843893719
1998,BEDOK,3 ROOM,158240.18039687313,154000.0,1663,69.36500300661456,80.56103427540589,814.1159834150064,10101.285698641603
1998,BEDOK,4 ROOM,245713.61705202312,241000.0,1384,91.72687861271676,82.17124277456648,713.2540975297059,9984.579816225347
1998,BEDOK,5 ROOM,370481.57452966715,368000.0,691,122.58465991316932,84.0,765.4017778983197,9804.138679281
1998,BEDOK,EXECUTIVE,499782.5985130112,500000.0,269,145.4721189591078,91.09665427509293,649.0157693709148,9133.36859052796
1998,BISHAN,3 ROOM,174682.8947368421,175000.0,152,65.66447368421052,85.05263157894737,482.8837808147472,7636.014008790936
1998,BISHAN,4 ROOM,320782.40345821326,331500.0,694,98.11959654178675,89.96253602305475,734.4984089874857,7818.223645187002
1998,BISHAN,5 ROOM,456195.8753387534,456500.0,369,123.56368563685636,88.95121951219512,682.8281631672739,7567.005135970376
1998,BISHAN,EXECUTIVE,565845.6183206107,560000.0,131,150.70992366412213,90.83206106870229,754.6939366561152,8098.788898745262
1998,BISHAN,MULTI GENERATION,588698.2857142857,593888.0,7,161.14285714285714,88.0,824.8840089947288,6789.155998667448
1998,BUKIT BATOK,3 ROOM,140736.2904040404,139000.0,1584,69.38068181818181,86.2260101010101,664.377960621813,13618.546064435512
1998,BUKIT BATOK,4 ROOM,232632.70318282754,238000.0,1351,97.21613619541081,86.45817912657292,575.9038513559121,13797.009461701044
1998,BUKIT BATOK,5 ROOM,367430.417266187,364000.0,278,129.70503597122303,86.46402877697842,549.9924944500287,13710.164267419555
1998,BUKIT BATOK,EXECUTIVE,449704.5634920635,447500.0,252,147.265873015873,87.98015873015873,578.6797278540001,14020.768668851315
1998,BUKIT MERAH,1 ROOM,47280.82191780822,46000.0,73,29.876712328767123,72.79452054794521,1211.7946074494985,3588.8321407213525
1998,BUKIT MERAH,2 ROOM,82913.79310344828,81000.0,58,45.43103448275862,70.27586206896552,492.291619238072,3103.0596399115248
1998,BUKIT MERAH,3 ROOM,159994.43389423078,158000.0,832,65.5420673076923,77.52283653846153,709.8619051739919,3404.5350073154304
1998,BUKIT MERAH,4 ROOM,289889.8301369863,283000.0,365,90.91506849315068,80.64931506849315,707.6639541355495,3630.093455436604
1998,BUKIT MERAH,5 ROOM,439064.1206896552,433500.0,232,121.91379310344827,81.14655172413794,667.0902331911655,3553.162572224327
1998,BUKIT PANJANG,3 ROOM,142443.0337837838,140250.0,296,72.43243243243244,89.0641891891892,964.6137286756771,13691.25921717196
1998,BUKIT PANJANG,4 ROOM,219953.26829268291,226500.0,574,99.67073170731707,89.04703832752614,1097.114683837826,13806.97618185806
1998,BUKIT PANJANG,5 ROOM,322017.74576271186,319500.0,236,123.69491525423729,89.29661016949153,1141.555898845114,13880.118999355418
1998,BUKIT PANJANG,EXECUTIVE,430734.92063492065,425000.0,126,145.9920634920635,89.12698412698413,934.1720735210524,13847.583240736096
1998,BUKIT TIMAH,3 ROOM,161878.57142857142,160000.0,28,68.42857142857143,78.32142857142857,232.05689159676223,7061.442819175458
1998,BUKIT TIMAH,4 ROOM,308649.31506849313,314000.0,73,100.23287671232876,86.05479452054794,407.95693107441485,9628.01487688313
1998,BUKIT TIMAH,5 ROOM,442241.1724137931,439000.0,58,123.82758620689656,85.12068965517241,325.29993080490715,9355.848203061021
1998,BUKIT TIMAH,EXECUTIVE,550678.5714285715,541500.0,28,146.89285714285714,89.75,416.5262949196323,10455.655015205548
1998,CENTRAL AREA,2 ROOM,89547.24444444444,86000.0,45,44.15555555555556,77.33333333333333,443.7979068966663,1580.391267636301
1998,CENTRAL AREA,3 ROOM,182381.62162162163,182000.0,185,64.7081081081081,79.71891891891892,261.90261006936663,1719.0400917978977
1998,CENTRAL AREA,4 ROOM,294305.8787878788,303900.0,66,88.3030303030303,81.84848484848484,256.9271131535889,1978.605569121812
1998,CENTRAL AREA,5 ROOM,440500.0,445000.0,6,138.83333333333334,84.66666666666667,272.9762767208174,2757.112241388593
1998,CHOA CHU KANG,3 ROOM,142270.44025157232,141000.0,159,72.88679245283019,84.46540880503144,884.4293714788672,15288.113125817423
1998,CHOA CHU KANG,4 ROOM,259898.6913875598,264250.0,836,104.12081339712918,91.23684210526316,668.9524068237297,16025.32662436158
1998,CHOA CHU KANG,5 ROOM,358264.59304703475,359000.0,489,125.01840490797547,92.21472392638037,598.3629000995343,16132.846569187492
1998,CHOA CHU KANG,EXECUTIVE,468328.110738255,468500.0,298,145.2718120805369,93.24496644295301,662.304444013231,16168.288177449931
1998,CLEMENTI,3 ROOM,167799.2327746741,163000.0,1074,70.55772811918064,80.22346368715084,673.127958700837,10173.725843341821
1998,CLEMENTI,4 ROOM,270873.72284644196,268000.0,534,92.89513108614233,80.73970037453184,776.1752704856038,10139.347958222972
1998,CLEMENTI,5 ROOM,411384.44444444444,405000.0,180,123.13888888888889,80.94444444444444,855.6907400201889,9805.238325895734
1998,CLEMENTI,EXECUTIVE,515061.2244897959,514000.0,49,150.3877551020408,85.63265306122449,960.4821393397318,10253.972117222642
1998,GEYLANG,2 ROOM,79350.55555555556,75625.0,90,44.58888888888889,72.61111111111111,393.9246940487935,6294.503937505944
1998,GEYLANG,3 ROOM,145560.40643274854,140000.0,684,63.53508771929825,76.23391812865498,435.36924257718664,6102.585737125943
1998,GEYLANG,4 ROOM,257238.75968992247,260000.0,516,93.51744186046511,84.34108527131782,482.55733021200473,6733.853019225313
1998,GEYLANG,5 ROOM,399485.29411764705,388000.0,170,124.04117647058824,83.32941176470588,460.9633439020577,6001.234454853875
1998,GEYLANG,EXECUTIVE,498789.3157894737,493500.0,76,148.0921052631579,87.09210526315789,434.1361135032285,6452.467507182433
1998,HOUGANG,3 ROOM,151349.60175054704,150000.0,914,69.28118161925602,84.71115973741794,793.5813172778232,10153.871872039346
1998,HOUGANG,4 ROOM,250732.17312834226,253000.0,1496,97.17312834224599,87.80147058823529,702.0625360495211,10580.863661861493
1998,HOUGANG,5 ROOM,371722.8599033816,370000.0,414,124.92753623188406,87.6328502415459,689.8132943912165,10433.640135851543
1998,HOUGANG,EXECUTIVE,483129.04832713754,480000.0,269,148.12267657992564,89.09293680297398,701.0280895559277,10430.07376093014
1998,JURONG EAST,3 ROOM,146368.38075313807,145000.0,717,71.17573221757323,82.8926080892608,839.5189294587964,13893.661116928828
1998,JURONG EAST,4 ROOM,235876.49484536084,235200.0,485,97.71958762886598,85.01855670103093,848.1488730122636,14026.139610493192
1998,JURONG EAST,5 ROOM,342458.32328767126,348000.0,365,122.83561643835617,83.55342465753425,831.1791488709713,13954.519376485368
1998,JURONG EAST,EXECUTIVE,434638.8888888889,433500.0,72,148.26388888888889,86.15277777777777,939.6362833600496,14903.16827174226
1998,JURONG WEST,3 ROOM,132868.9831081081,133000.0,1184,69.01351351351352,80.96537162162163,802.4317813234813,16600.114284035233
1998,JURONG WEST,4 ROOM,233927.22213561964,237000.0,1283,102.44660950896336,87.576773187841,889.9284897977456,17499.11230755957
1998,JURONG WEST,5 ROOM,314876.6511299435,316000.0,708,126.88700564971751,88.71468926553672,914.0979910652391,17858.208868140126
1998,JURONG WEST,EXECUTIVE,415670.0175953079,410000.0,341,147.9149560117302,91.03812316715542,889.8422971795349,17987.307874753726
1998,KALLANG/WHAMPOA,2 ROOM,85358.97435897436,80000.0,39,48.8974358974359,75.51282051282051,433.9181766506693,4235.177206770157
1998,KALLANG/WHAMPOA,3 ROOM,164296.78442280946,154700.0,719,67.28789986091795,77.42837273991655,442.1505449565023,4384.368168157085
1998,KALLANG/WHAMPOA,4 ROOM,283421.5451263538,276000.0,277,93.5667870036101,82.51624548736461,478.87996571246595,4298.390508420722
1998,KALLANG/WHAMPOA,5 ROOM,408664.8280254777,410000.0,157,122.8407643312102,82.06369426751593,490.96501496416187,4452.440338817387
1998,KALLANG/WHAMPOA,EXECUTIVE,503000.0,510000.0,21,149.33333333333334,87.19047619047619,756.4300076535388,4792.939755509192
1998,LIM CHU KANG,3 ROOM,80350.0,81500.0,10,64.8,81.0,5471.18280593651,22405.55505650215
1998,LIM CHU KANG,4 ROOM,100000.0,100000.0,1,83.0,81.0,5471.18280593651,22405.555056502148
1998,MARINE PARADE,3 ROOM,196586.19246861924,193000.0,239,67.92468619246861,76.17991631799163,1876.2723927825957,7239.443754212372
1998,MARINE PARADE,4 ROOM,300157.57692307694,300000.0,104,86.0,76.53846153846153,1913.6072174742176,7007.539644118981
1998,MARINE PARADE,5 ROOM,470439.8058252427,470000.0,103,122.00970873786407,76.77669902912622,1912.1027286753638,7197.987457550125
1998,PASIR RIS,2 ROOM,125000.0,125000.0,1,55.0,95.0,932.8284774223002,14917.773088298818
1998,PASIR RIS,4 ROOM,286747.4527272727,285000.0,1100,105.55090909090909,92.2309090909091,1020.6783431678773,15207.236033905207
1998,PASIR RIS,5 ROOM,379591.2678414097,378000.0,1135,126.92775330396476,93.49162995594713,1102.3101886053798,15172.152478307127
1998,PASIR RIS,EXECUTIVE,487381.125,480500.0,1088,147.37408088235293,93.59007352941177,1117.7272973649747,15284.939706851645
1998,QUEENSTOWN,2 ROOM,74981.54193548387,74000.0,155,45.04516129032258,71.60645161290323,461.019739452226,6159.151318633198
1998,QUEENSTOWN,3 ROOM,149591.72789115645,147000.0,1029,62.19922254616132,73.49757045675413,500.0353349666276,6606.519288492766
1998,QUEENSTOWN,4 ROOM,281491.60975609755,272000.0,123,87.9430894308943,75.63414634146342,517.974080980889,6568.628765816827
1998,QUEENSTOWN,5 ROOM,453471.88,450000.0,100,120.82,80.54,474.3116704386924,7241.978836316694
1998,QUEENSTOWN,EXECUTIVE,495200.0,515000.0,5,149.6,94.0,729.9879584962187,7992.324351766061
1998,SEMBAWANG,3 ROOM,93500.0,93500.0,2,64.0,76.0,833.9339431332859,17801.01533333687
1998,SENGKANG,3 ROOM,121753.84615384616,120000.0,13,68.84615384615384,81.0,,
1998,SENGKANG,4 ROOM,207500.0,207500.0,2,92.0,81.0,,
1998,SERANGOON,3 ROOM,157596.85858585857,155000.0,396,65.89393939393939,85.46464646464646,848.7195914758316,8621.806730950528
1998,SERANGOON,4 ROOM,263335.1270718232,260000.0,724,95.30801104972376,87.42127071823204,903.0375243034155,8618.967952141193
1998,SERANGOON,5 ROOM,387409.3455284553,385000.0,246,122.84146341463415,89.84959349593495,1285.3732561531742,9335.201624399835
1998,SERANGOON,EXECUTIVE,502058.7894736842,502000.0,209,147.79425837320574,91.03349282296651,1511.5717674171624,9641.898733998665
1998,TAMPINES,3 ROOM,174897.3374709077,175000.0,1289,72.90069821567106,85.82311869666408,634.1242734953223,12994.433943982507
1998,TAMPINES,4 ROOM,278832.96752961824,282000.0,2279,100.37340939008337,87.64282580078982,607.7396068648053,13143.685496605947
1998,TAMPINES,5 ROOM,378990.5359947644,378000.0,1528,124.97316753926701,90.70746073298429,586.6320693049117,13662.576262810688
1998,TAMPINES,EXECUTIVE,497292.788530466,497500.0,558,146.97670250896059,91.09677419354838,658.553868088459,13338.787619669822
1998,TAMPINES,MULTI GENERATION,485714.28571428574,479000.0,7,151.71428571428572,88.0,144.54646555023632,14176.102584759503
1998,TOA PAYOH,2 ROOM,97083.33333333333,96000.0,24,46.208333333333336,74.45833333333333,465.541178740717,6117.437105543994
1998,TOA PAYOH,3 ROOM,159472.71443850268,158000.0,935,67.39679144385026,74.73582887700535,584.772698470663,5977.908186935325
1998,TOA PAYOH,4 ROOM,274903.24203821656,270000.0,314,95.1624203821656,82.171974522293,731.2232426523972,6098.875392620712
1998,TOA PAYOH,5 ROOM,415365.0424528302,409500.0,212,124.44811320754717,86.61320754716981,839.7036305007923,6136.107806129794
1998,TOA PAYOH,EXECUTIVE,555556.125,550000.0,96,147.23958333333334,90.33333333333333,546.3694904047555,6088.25246368331
1998,WOODLANDS,2 ROOM,79500.0,79500.0,2,45.0,87.0,1314.447297477601,20052.68377109522
1998,WOODLANDS,3 ROOM,130055.16981132075,130000.0,636,71.02987421383648,85.09591194968553,748.055236399159,19129.76695545256
1998,WOODLANDS,4 ROOM,202717.44983089063,196000.0,887,92.98647125140924,88.74971815107102,736.3647144364226,18811.773328100404
1998,WOODLANDS,5 ROOM,315760.35422343324,310000.0,367,126.17438692098092,88.08719346049047,704.6934593580124,18928.389342594626
1998,WOODLANDS,EXECUTIVE,461167.02702702704,460000.0,185,170.84864864864866,93.64324324324325,532.8454602652422,18527.12922434006
1998,YISHUN,3 ROOM,148717.81818181818,148000.0,1529,70.03400915631131,86.65598430346631,601.516187757647,16294.591954236665
1998,YISHUN,4 ROOM,226851.67586206898,233400.0,2610,94.74176245210728,87.63103448275862,761.0576485866952,15991.04207252252
1998,YISHUN,5 ROOM,347723.91315789474,345000.0,760,123.26578947368421,88.07894736842105,605.177721154113,15861.062856772473
1998,YISHUN,EXECUTIVE,455682.4556962025,450000.0,316,146.7626582278481,88.91772151898734,862.1903253370727,15747.100655795513
1998,YISHUN,MULTI GENERATION,499187.5,501500.0,16,165.0625,88.0,830.6603611688271,15073.765020174524
1999,ANG MO KIO,1 ROOM,63762.71186440678,62500.0,59,31.0,77.0,,
1999,ANG MO KIO,2 ROOM,89040.47619047618,88000.0,21,45.0,86.0,364.70052234835737,10262.717478083287
1999,ANG MO KIO,3 ROOM,157194.8947122134,150000.0,2137,71.2545624707534,79.49461862423959,643.9679280800142,9772.060398148678
1999,ANG MO KIO,4 ROOM,247891.93846153846,244000.0,910,93.3,79.77032967032967,611.9003295052879,9752.683758168898
1999,ANG MO KIO,5 ROOM,383124.7891156463,375250.0,294,122.39455782312925,81.93877551020408,619.4044690437097,9771.382568438921
1999,ANG MO KIO,EXECUTIVE,561250.0,573500.0,4,146.75,96.0,483.56117124456296,10227.756306652054
1999,BEDOK,2 ROOM,92961.29032258065,92000.0,31,44.645161290322584,83.93548387096774,609.3461514974646,9452.860874912229
1999,BEDOK,3 ROOM,149359.93145539906,145000.0,2130,68.78779342723004,79.57840375586855,810.8057219368175,10092.973195863557
1999,BEDOK,4 ROOM,231392.8871181939,227000.0,1506,91.59827357237715,80.91633466135458,707.7844132620609,9994.62045054162
1999,BEDOK,5 ROOM,351445.2835408022,345000.0,723,122.61134163208852,82.78423236514523,779.8613086419768,9871.929936941247
1999,BEDOK,EXECUTIVE,472276.6456692913,473000.0,254,145.6496062992126,90.09448818897638,706.3481610275827,9248.612456695768
1999,BISHAN,3 ROOM,158389.44,157000.0,200,65.785,83.185,495.101086382079,7748.951506034788
1999,BISHAN,4 ROOM,302413.97389033943,312000.0,766,98.2597911227154,89.04569190600522,749.9433021350303,7816.703324844717
1999,BISHAN,5 ROOM,423710.5958429561,423000.0,433,123.92147806004618,88.1824480369515,687.6099854411394,7645.853527465657
1999,BISHAN,EXECUTIVE,533213.3802816902,531000.0,142,150.53521126760563,89.62676056338029,727.9231642537927,7990.031727036425
1999,BISHAN,MULTI GENERATION,533666.6666666666,540000.0,6,165.33333333333334,87.0,799.1564355474133,6790.371804685218
1999,BUKIT BATOK,3 ROOM,130272.91439688716,129000.0,1028,68.86867704280155,85.52918287937743,648.6588891338813,13676.613838978323
1999,BUKIT BATOK,4 ROOM,221304.52964426877,225000.0,1012,97.25790513833992,85.55434782608695,593.7539757135695,13825.85027371455
1999,BUKIT BATOK,5 ROOM,344622.21875,347500.0,256,129.08984375,85.93359375,590.8846603805033,13612.290831087184
1999,BUKIT BATOK,EXECUTIVE,406599.0126582279,404000.0,237,147.9198312236287,86.78059071729957,576.9954835540158,14011.559382610394
1999,BUKIT MERAH,1 ROOM,41127.5,40000.0,80,29.8375,71.625,1211.7946074494985,3588.8321407213525
1999,BUKIT MERAH,2 ROOM,80965.30612244898,76000.0,49,44.673469387755105,68.95918367346938,546.1482743273873,3407.499871796903
1999,BUKIT MERAH,3 ROOM,149538.64961389962,147000.0,1036,65.64864864864865,76.53571428571429,763.0823360235855,3475.6604946355224
1999,BUKIT MERAH,4 ROOM,277267.7487684729,270250.0,406,92.00738916256158,79.66502463054188,708.4597746299132,3559.691796790578
1999,BUKIT MERAH,5 ROOM,429559.23125,418000.0,320,123.171875,82.275,641.1702593488818,3405.3654228481005
1999,BUKIT PANJANG,3 ROOM,136588.80308880308,134500.0,259,72.3050193050193,88.0,974.7861483743849,13710.679681139725
1999,BUKIT PANJANG,4 ROOM,207851.38146167557,212000.0,561,99.74688057040999,88.06773618538324,1072.8155201473326,13827.370183397932
1999,BUKIT PANJANG,5 ROOM,299838.98804780876,298000.0,251,123.54581673306772,88.29482071713147,1168.8999869223846,13868.246956471528
1999,BUKIT PANJANG,EXECUTIVE,393296.0317460318,393000.0,126,145.93650793650792,88.10317460317461,971.1474611494203,13898.796753412296
1999,BUKIT TIMAH,3 ROOM,151872.0,152000.0,25,67.8,75.64,219.10692222767594,6452.411032457286
1999,BUKIT TIMAH,4 ROOM,291452.9411764706,295000.0,68,100.05882352941177,83.95588235294117,406.0084446351192,9295.54573161064
1999,BUKIT TIMAH,5 ROOM,416348.14814814815,412500.0,54,123.33333333333333,85.16666666666667,338.7504521397105,9660.616593504257
1999,BUKIT TIMAH,EXECUTIVE,487245.45454545453,480000.0,44,147.61363636363637,88.56818181818181,400.3106932495757,10490.344786543945
1999,CENTRAL AREA,2 ROOM,88428.16326530612,87000.0,49,47.97959183673469,75.65306122448979,635.4681727611844,1410.8201715054226
1999,CENTRAL AREA,3 ROOM,168260.59388646288,169000.0,229,64.27947598253274,78.75109170305677,258.562965682556,1749.968184527911
1999,CENTRAL AREA,4 ROOM,281973.6956521739,296500.0,92,91.05434782608695,81.1304347826087,256.4020011881303,2165.7156653166458
1999,CENTRAL AREA,5 ROOM,415833.3333333333,416500.0,6,135.33333333333334,84.5,178.2597350327392,2648.647139492979
1999,CHOA CHU KANG,3 ROOM,135682.2033898305,133500.0,118,72.92372881355932,84.08474576271186,899.553036114901,15292.958407814105
1999,CHOA CHU KANG,4 ROOM,253134.49824561403,254800.0,1425,105.77894736842106,92.18877192982457,603.4887233097484,16401.79585795385
1999,CHOA CHU KANG,5 ROOM,348357.9621342513,347000.0,1162,127.15748709122204,93.4302925989673,536.1082495600344,16674.839339226564
1999,CHOA CHU KANG,EXECUTIVE,439058.65023112483,440000.0,649,146.36209553158704,94.23574730354392,587.7627755464368,16783.840858628722
1999,CLEMENTI,3 ROOM,157106.1264069264,151000.0,1155,70.08744588744588,79.2961038961039,726.4932649310282,10162.98548857032
1999,CLEMENTI,4 ROOM,255048.85,251500.0,560,92.71607142857142,79.56071428571428,753.0394080669519,10124.981363853467
1999,CLEMENTI,5 ROOM,390941.64285714284,383800.0,182,122.7967032967033,79.98901098901099,864.9445705979927,9797.150223307905
1999,CLEMENTI,EXECUTIVE,472695.31707317074,470000.0,41,150.5609756097561,84.6829268292683,1001.7951176936944,10230.031638897632
1999,GEYLANG,2 ROOM,72743.06930693069,70000.0,101,43.881188118811885,71.16831683168317,397.5561361373325,6322.248499007486
1999,GEYLANG,3 ROOM,129530.1616972477,126000.0,872,62.76490825688074,74.50229357798165,428.51705130832454,6083.732722542298
1999,GEYLANG,4 ROOM,239540.5559322034,241000.0,590,93.30847457627118,83.46101694915254,483.4907990993136,6604.186514279746
1999,GEYLANG,5 ROOM,369174.61333333334,360000.0,225,123.91111111111111,82.61333333333333,473.1790196018149,6104.960847426384
1999,GEYLANG,EXECUTIVE,458917.8977272727,455750.0,88,147.54545454545453,86.1590909090909,435.6819760988239,6454.8009290928785
1999,HOUGANG,3 ROOM,143577.25545851528,142650.0,916,68.72816593886463,83.20960698689956,796.453449477807,10070.283391646788
1999,HOUGANG,4 ROOM,241761.86321989528,243000.0,1528,97.38874345549738,86.55497382198953,698.4402945465588,10526.105116298628
1999,HOUGANG,5 ROOM,355939.2734693877,352500.0,490,125.31224489795919,86.44285714285714,685.8185102677359,10398.64715128765
1999,HOUGANG,EXECUTIVE,450650.8828828829,447000.0,333,148.33933933933935,87.78678678678679,710.5579480970565,10401.168596449479
1999,JURONG EAST,3 ROOM,137222.32716049382,135000.0,648,71.56327160493827,81.73765432098766,835.3069198126784,13944.25830164463
1999,JURONG EAST,4 ROOM,214755.9245689655,215000.0,464,97.61637931034483,83.5,887.9940771560601,13986.028213478747
1999,JURONG EAST,5 ROOM,312343.1263157895,316000.0,380,123.13421052631578,82.42631578947369,895.5364462475767,13952.759812807317
1999,JURONG EAST,EXECUTIVE,391110.0,391000.0,80,148.9875,85.575,900.2018439232291,14820.558104132791
1999,JURONG WEST,2 ROOM,74500.0,74500.0,2,57.0,70.0,1181.562992301927,15295.835658084063
1999,JURONG WEST,3 ROOM,117229.54145077721,111000.0,1158,68.18825561312607,79.14335060449051,827.7800782083833,16541.223119730308
1999,JURONG WEST,4 ROOM,218560.73542600896,219000.0,1784,103.62556053811659,88.60145739910314,896.2861627286533,17567.4369018042
1999,JURONG WEST,5 ROOM,296788.93715545756,297000.0,907,127.08048511576627,89.92502756339582,911.7975837743071,17849.006136015567
1999,JURONG WEST,EXECUTIVE,389709.4285714286,390000.0,378,148.28571428571428,90.91798941798942,1015.1760647137838,17667.348924980426
1999,KALLANG/WHAMPOA,2 ROOM,77968.08510638298,73000.0,47,48.53191489361702,74.08510638297872,424.68055054327743,4206.424256131832
1999,KALLANG/WHAMPOA,3 ROOM,152899.919239905,143000.0,842,67.43705463182899,76.30997624703087,459.6893999755576,4449.712192122457
1999,KALLANG/WHAMPOA,4 ROOM,271983.8733509235,263000.0,379,93.70976253298153,81.54353562005277,487.7043596453898,4252.066848468531
1999,KALLANG/WHAMPOA,5 ROOM,386625.9433962264,390000.0,212,123.67924528301887,82.41509433962264,527.8606680996674,4473.224267430689
1999,KALLANG/WHAMPOA,EXECUTIVE,464983.3333333333,466900.0,54,147.12962962962962,88.37037037037037,646.3350843412755,4700.165466755961
1999,MARINE PARADE,3 ROOM,183646.67248908296,176000.0,229,67.09606986899563,75.23144104803494,1869.8880954352967,7237.728932241269
1999,MARINE PARADE,4 ROOM,282553.07692307694,280000.0,130,85.72307692307692,75.49230769230769,1899.5716190931646,7044.929889759255
1999,MARINE PARADE,5 ROOM,447924.7619047619,445000.0,105,121.32380952380953,75.60952380952381,1914.0702254428347,7268.084417047266
1999,PASIR RIS,2 ROOM,128400.0,126000.0,5,55.6,94.0,932.8284774223002,14917.77308829882
1999,PASIR RIS,4 ROOM,277617.4336158192,273000.0,1416,106.18785310734464,92.59533898305085,1080.8106522802707,14936.994788830993
1999,PASIR RIS,5 ROOM,360894.6462436178,356000.0,1371,126.07950401167031,93.5237053245806,1090.2437715709418,14875.365304769746
1999,PASIR RIS,EXECUTIVE,458042.1200284091,451000.0,1408,147.7478693181818,93.6534090909091,1065.4326135468755,14991.083353706541
1999,QUEENSTOWN,2 ROOM,69299.41176470589,68000.0,170,45.1764705882353,70.74705882352941,454.9807554680313,6160.6742200140325
1999,QUEENSTOWN,3 ROOM,135753.0171875,135000.0,1280,61.66875,72.4546875,504.2833931378469,6630.156465026294
1999,QUEENSTOWN,4 ROOM,285446.9696969697,261000.0,132,90.62878787878788,78.43181818181819,463.1973299601502,6265.389342103601
1999,QUEENSTOWN,5 ROOM,460200.0,448000.0,135,123.35555555555555,84.13333333333334,419.58056612977583,6649.516016921328
1999,QUEENSTOWN,EXECUTIVE,588488.7323943662,590000.0,71,148.33802816901408,94.94366197183099,224.0112503732724,5469.132771056048
1999,SEMBAWANG,3 ROOM,71800.0,68000.0,5,64.0,75.0,833.9339431332859,17801.01533333687
1999,SENGKANG,3 ROOM,119562.5,120000.0,16,70.375,80.0,,
1999,SENGKANG,4 ROOM,169000.0,167000.0,7,92.0,80.0,,
1999,SERANGOON,3 ROOM,146668.29268292684,145000.0,451,66.0310421286031,84.1219512195122,824.0400080005783,8594.978820131944
1999,SERANGOON,4 ROOM,248139.26086956522,240000.0,828,95.39613526570048,86.41425120772946,942.1812202145269,8666.689646635034
1999,SERANGOON,5 ROOM,363913.9696969697,360000.0,264,122.30681818181819,88.5530303030303,1263.2513441973788,9238.828315399944
1999,SERANGOON,EXECUTIVE,455902.2912621359,453500.0,206,147.76699029126215,88.94660194174757,1337.7650245851466,9328.596338803394
1999,TAMPINES,3 ROOM,169940.7320754717,168000.0,1325,72.67018867924529,84.92150943396227,643.3592625353889,13029.012831195216
1999,TAMPINES,4 ROOM,269375.85322580644,272000.0,2480,101.72016129032258,88.11814516129033,641.5556588777939,13266.78492300495
1999,TAMPINES,5 ROOM,364722.881152461,361000.0,1666,125.95858343337335,90.15186074429772,607.9856925305503,13513.888933171289
1999,TAMPINES,EXECUTIVE,465710.2277339346,465000.0,887,147.58399098083427,92.18714768883878,702.8436029761158,13422.664279026829
1999,TAMPINES,MULTI GENERATION,436444.44444444444,484000.0,9,150.88888888888889,87.0,200.86029336436525,14209.866898995531
1999,TOA PAYOH,2 ROOM,95750.0,94000.0,16,43.5,70.6875,352.7289310326071,6165.013961602711
1999,TOA PAYOH,3 ROOM,157704.7351443124,152000.0,1178,66.63412563667232,73.25042444821732,589.8260548962212,5972.832058747447
1999,TOA PAYOH,4 ROOM,258749.36714975844,242000.0,414,93.34299516908213,81.012077294686,735.9147137664565,6133.791552899591
1999,TOA PAYOH,5 ROOM,400011.3700787402,389000.0,254,123.91338582677166,86.25196850393701,815.6255964949138,6080.197610630087
1999,TOA PAYOH,EXECUTIVE,504617.41891891893,500000.0,74,148.33783783783784,89.20270270270271,543.0002023119367,6169.385981250703
1999,WOODLANDS,2 ROOM,75000.0,75000.0,1,45.0,86.0,1314.447297477601,20052.68377109522
1999,WOODLANDS,3 ROOM,117976.65026362038,117000.0,569,70.66080843585237,83.85588752196837,800.5273907110228,19172.105398785065
1999,WOODLANDS,4 ROOM,211055.39026629936,212000.0,1089,97.75665748393021,89.87970615243343,709.1492022432019,18794.729777800552
1999,WOODLANDS,5 ROOM,311886.6810477658,312000.0,649,127.55315870570108,91.59784283513098,643.7985133097047,18754.593926753692
1999,WOODLANDS,EXECUTIVE,426258.4041666667,426500.0,720,171.52083333333334,94.44027777777778,633.2205076280651,18658.417850867812
1999,YISHUN,3 ROOM,139771.0029717682,138000.0,1346,69.74294205052006,85.67161961367013,603.8717535820127,16309.2573763539
1999,YISHUN,4 ROOM,214842.11317494602,223000.0,2315,94.76933045356371,86.85874730021598,759.4389137944918,16024.870694848827
1999,YISHUN,5 ROOM,327092.48,323000.0,725,123.65241379310345,87.52,624.5266605258344,15962.377579492264
1999,YISHUN,EXECUTIVE,418807.0843373494,415000.0,249,147.53815261044176,87.93975903614458,871.1170338834104,15806.356919396108
1999,YISHUN,MULTI GENERATION,445769.23076923075,442000.0,13,163.92307692307693,87.07692307692308,760.9778891272164,15089.33281257855
2000,ANG MO KIO,2 ROOM,103133.33333333333,103500.0,15,44.6,81.8,367.8121834345157,9828.3146420742
2000,ANG MO KIO,3 ROOM,166727.19852448022,160000.0,1491,70.98859825620389,78.56673373574782,633.0891335067089,9776.015489000227
2000,ANG MO KIO,4 ROOM,257267.3076923077,253950.0,546,93.4047619047619,78.66666666666667,600.9292966748751,9751.763973060357
2000,ANG MO KIO,5 ROOM,403835.2660550459,400000.0,218,123.40825688073394,82.33944954128441,614.594756701351,9834.358790581593
2000,ANG MO KIO,EXECUTIVE,505921.73913043475,538000.0,23,152.56521739130434,89.6086956521739,518.3265304444144,10138.628126455278
2000,BEDOK,2 ROOM,108034.4827586207,110000.0,29,45.0,83.34482758620689,525.7544325874887,9450.470727935264
2000,BEDOK,3 ROOM,163152.1921182266,160000.0,1218,68.80459770114942,78.53612479474549,820.0982598163113,10123.538963516366
2000,BEDOK,4 ROOM,251520.80898876404,244000.0,801,93.7752808988764,81.99625468164794,640.7829006746532,9784.91204768313
2000,BEDOK,5 ROOM,377326.83726415096,385000.0,424,123.17688679245283,84.13443396226415,689.2334696418552,9537.31391101209
2000,BEDOK,EXECUTIVE,515350.5205479452,515000.0,146,145.91095890410958,90.3082191780822,660.8038171256673,9303.716901126052
2000,BISHAN,3 ROOM,177935.9375,182000.0,128,65.265625,83.296875,508.87609244725496,7650.619593671039
2000,BISHAN,4 ROOM,317228.6430260047,328000.0,423,97.60283687943263,87.64302600472813,692.5858201801763,7785.499402201641
2000,BISHAN,5 ROOM,458507.60326086957,458500.0,184,124.15217391304348,87.08695652173913,681.623592614141,7583.477966141715
2000,BISHAN,EXECUTIVE,562355.9322033898,568000.0,59,150.9322033898305,87.98305084745763,653.0684098350268,7905.719243501069
2000,BISHAN,MULTI-GENERATION,535500.0,519000.0,6,145.66666666666666,86.0,934.2261961458198,6783.988823091929
2000,BUKIT BATOK,3 ROOM,140660.94938271606,139895.0,810,68.96172839506173,84.71975308641976,626.0831754024283,13686.44765004618
2000,BUKIT BATOK,4 ROOM,234092.10144927536,232000.0,621,96.84863123993559,84.94685990338164,562.8350997747955,13821.110869821596
2000,BUKIT BATOK,5 ROOM,365212.4068965517,365000.0,145,128.06896551724137,86.73103448275862,605.4105894164438,13545.764144779612
2000,BUKIT BATOK,EXECUTIVE,438185.52173913043,431500.0,92,148.0,86.59782608695652,626.0589244645615,13772.44846017329
2000,BUKIT MERAH,1 ROOM,48500.0,48000.0,47,29.95744680851064,70.93617021276596,1211.7946074494985,3588.832140721352
2000,BUKIT MERAH,2 ROOM,81856.75675675676,79000.0,37,46.08108108108108,69.94594594594595,360.43580946733215,3527.0864682433285
2000,BUKIT MERAH,3 ROOM,157632.13416536662,155000.0,641,65.5585023400936,75.45553822152885,703.5858716017851,3355.8352128553306
2000,BUKIT MERAH,4 ROOM,305604.8875,292500.0,320,93.93125,81.375,698.8465918698641,3583.7324409670778
2000,BUKIT MERAH,5 ROOM,464984.1302325581,455000.0,215,124.25116279069768,83.74418604651163,662.5705966413944,3564.820952284954
2000,BUKIT MERAH,EXECUTIVE,180000.0,180000.0,1,164.0,77.0,478.2889197235921,4825.473203076409
2000,BUKIT PANJANG,3 ROOM,145858.84688995214,145000.0,209,72.33971291866028,87.0622009569378,967.7653435868358,13730.697463958693
2000,BUKIT PANJANG,4 ROOM,214286.57142857142,222500.0,343,98.58892128279884,87.134110787172,1098.110676896617,13805.277416093197
2000,BUKIT PANJANG,5 ROOM,313432.64444444445,310000.0,90,123.53333333333333,87.4888888888889,1168.2934430785106,13999.460608347437
2000,BUKIT PANJANG,EXECUTIVE,418939.5348837209,418000.0,43,146.13953488372093,87.09302325581395,914.851923423293,13868.207714242024
2000,BUKIT TIMAH,3 ROOM,176874.4,173000.0,20,69.15,74.65,215.21063812313537,6492.523670873386
2000,BUKIT TIMAH,4 ROOM,324325.71428571426,330000.0,35,100.2,83.62857142857143,389.3071359916227,9505.13990903175
2000,BUKIT TIMAH,5 ROOM,447903.8461538461,450000.0,26,123.5,81.96153846153847,291.5414973349764,8951.040276788432
2000,BUKIT TIMAH,EXECUTIVE,544600.0,520000.0,15,148.13333333333333,87.53333333333333,403.2076178039399,10462.911819413357
2000,CENTRAL AREA,2 ROOM,93076.92307692308,95000.0,13,53.15384615384615,74.76923076923077,565.4552811181,1358.191271277896
2000,CENTRAL AREA,3 ROOM,187319.25925925927,189000.0,135,66.01481481481481,77.54074074074074,260.5580988677591,1727.7245860370265
2000,CENTRAL AREA,4 ROOM,303594.3396226415,313000.0,53,92.39622641509433,80.24528301886792,259.2829644117826,2123.6611677058872
2000,CENTRAL AREA,5 ROOM,426250.0,426250.0,2,139.0,82.5,324.3380375625924,2807.587318167097
2000,CENTRAL AREA,EXECUTIVE,470000.0,470000.0,1,163.0,76.0,204.08504227590603,2446.209971277779
2000,CHOA CHU KANG,3 ROOM,142629.56701030929,143000.0,97,72.83505154639175,84.0618556701031,915.9006239934462,15282.026627190398
2000,CHOA CHU KANG,4 ROOM,265749.31143232586,269500.0,761,105.71879106438897,91.60709592641261,541.8664946122102,16452.741313338116
2000,CHOA CHU KANG,5 ROOM,376506.814479638,381000.0,442,127.56561085972851,93.06787330316742,463.4166678185297,16748.55591164281
2000,CHOA CHU KANG,EXECUTIVE,476709.7293577982,475500.0,218,146.82110091743118,93.29816513761467,533.8420756991488,16782.54388962067
2000,CLEMENTI,3 ROOM,167009.72324723247,163000.0,813,69.77121771217712,78.37761377613776,717.2593262668521,10186.86462697553
2000,CLEMENTI,4 ROOM,266790.134502924,261000.0,342,92.72514619883042,78.62280701754386,795.9356252467534,10090.628887060879
2000,CLEMENTI,5 ROOM,415461.5288461539,410000.0,104,122.10576923076923,79.11538461538461,803.8047797043487,9864.40832420944
2000,CLEMENTI,EXECUTIVE,453649.53846153844,502500.0,26,152.8846153846154,81.76923076923077,972.950285222982,10174.580632449326
2000,GEYLANG,2 ROOM,81326.92307692308,81000.0,65,43.96923076923077,70.32307692307693,411.29898358046995,6316.1110122728305
2000,GEYLANG,3 ROOM,139548.45627376426,134000.0,526,62.872623574144484,73.9296577946768,423.4372695530921,6067.268496623102
2000,GEYLANG,4 ROOM,248725.69677419355,251500.0,310,93.3258064516129,82.4258064516129,483.75666961091576,6624.505238765481
2000,GEYLANG,5 ROOM,383627.2293577982,378800.0,109,123.01834862385321,81.55963302752293,456.02627449677107,6124.243993982338
2000,GEYLANG,EXECUTIVE,498776.6666666667,506000.0,30,147.83333333333334,85.1,442.418308683548,6279.919655610609
2000,HOUGANG,3 ROOM,152763.1709090909,151000.0,550,69.06,82.69090909090909,802.0203375324626,10109.208665427224
2000,HOUGANG,4 ROOM,254305.40904079383,259000.0,907,97.13340683572216,85.98676957001102,702.3225352251103,10524.66970919959
2000,HOUGANG,5 ROOM,376651.14385964914,375000.0,285,123.7298245614035,87.36842105263158,636.2973894428994,10610.45710296677
2000,HOUGANG,EXECUTIVE,494952.2091503268,495000.0,153,146.9738562091503,88.43137254901961,613.9903216415246,10368.999917762163
2000,JURONG EAST,3 ROOM,153560.67653276955,156000.0,473,71.3615221987315,81.24735729386892,787.6277046371474,14025.850066078954
2000,JURONG EAST,4 ROOM,225855.55719557195,225000.0,271,97.78966789667896,82.29151291512915,857.8565997568519,14047.775317686384
2000,JURONG EAST,5 ROOM,335372.3163841808,342000.0,177,123.15254237288136,81.86440677966101,771.9270575551476,13980.127202634274
2000,JURONG EAST,EXECUTIVE,416975.56097560975,412000.0,41,148.3170731707317,84.39024390243902,1000.8527761902474,14528.06726051666
2000,JURONG WEST,2 ROOM,79750.0,80000.0,4,56.75,69.0,1186.8737676765272,15275.975219502265
2000,JURONG WEST,3 ROOM,133798.11396011396,145000.0,702,69.52279202279202,79.71509971509971,771.3910500779173,16613.949124309678
2000,JURONG WEST,4 ROOM,226503.43257443083,228000.0,1142,103.3555166374781,88.69439579684763,969.5843311517275,17451.75080554394
2000,JURONG WEST,5 ROOM,312539.66162570886,313000.0,529,126.48582230623819,90.69565217391305,1031.3185881819236,17723.900292831833
2000,JURONG WEST,EXECUTIVE,426585.3029045643,428000.0,241,146.16597510373444,92.56016597510373,1165.4084461020639,17184.949426363903
2000,KALLANG/WHAMPOA,2 ROOM,82527.77777777778,81250.0,18,48.05555555555556,71.66666666666667,416.98805724270034,4232.161316062205
2000,KALLANG/WHAMPOA,3 ROOM,163555.30078125,154000.0,512,66.92578125,75.267578125,445.51567394121525,4424.588274778294
2000,KALLANG/WHAMPOA,4 ROOM,285827.3824701195,272000.0,251,94.65737051792829,81.30677290836654,483.6594334962279,4319.436480287781
2000,KALLANG/WHAMPOA,5 ROOM,412029.35714285716,411500.0,112,122.71428571428571,81.48214285714286,537.5142107365493,4459.125594658637
2000,KALLANG/WHAMPOA,EXECUTIVE,493627.77777777775,485000.0,18,147.72222222222223,86.0,710.0320102809872,4775.148746135779
2000,MARINE PARADE,3 ROOM,199272.8918918919,195000.0,148,66.88513513513513,74.26351351351352,1845.6075350476408,7281.987006361318
2000,MARINE PARADE,4 ROOM,298905.29411764705,300000.0,85,85.68235294117648,74.38823529411765,1888.382186503214,7114.598284525791
2000,MARINE PARADE,5 ROOM,485754.4117647059,493500.0,68,123.32352941176471,74.45588235294117,1879.6216230191694,7349.591458024228
2000,PASIR RIS,2 ROOM,135000.0,135000.0,1,55.0,93.0,932.8284774223002,14917.773088298818
2000,PASIR RIS,4 ROOM,288869.85760517797,285000.0,927,105.8705501618123,92.75943905070119,1211.4913663320938,14551.07052409416
2000,PASIR RIS,5 ROOM,382337.82235294115,380000.0,850,126.4270588235294,93.76470588235294,1285.5274209123304,14430.198045871663
2000,PASIR RIS,EXECUTIVE,503017.9958762887,500000.0,485,146.82886597938145,93.01649484536082,1081.4978736789947,14798.644884486985
2000,QUEENSTOWN,2 ROOM,78083.54430379746,77000.0,79,44.936708860759495,69.35443037974683,444.3361645756687,6142.294252709756
2000,QUEENSTOWN,3 ROOM,147688.28685258963,147000.0,753,62.377158034528556,71.50996015936255,493.6108934180299,6664.236752136552
2000,QUEENSTOWN,4 ROOM,336833.8367346939,346000.0,147,97.4625850340136,83.96598639455782,518.2919337115374,5945.090083773192
2000,QUEENSTOWN,5 ROOM,479813.73728813557,480000.0,118,124.77118644067797,85.15254237288136,495.0530272890928,6509.123929691415
2000,QUEENSTOWN,EXECUTIVE,654442.3076923077,646250.0,26,149.5,93.84615384615384,237.7436365250606,5582.901908301268
2000,SENGKANG,3 ROOM,119000.0,119000.0,2,67.0,79.0,,
2000,SENGKANG,4 ROOM,167501.33333333334,167504.0,6,92.0,79.0,,
2000,SERANGOON,2 ROOM,84400.0,85000.0,5,44.0,77.0,478.57526735624606,7817.4925734456465
2000,SERANGOON,3 ROOM,157290.86904761905,158000.0,252,65.6547619047619,83.17063492063492,754.2164946390337,8498.036071711795
2000,SERANGOON,4 ROOM,258012.62004662005,250000.0,429,95.12121212121212,85.45221445221445,911.0925384005529,8627.393093488328
2000,SERANGOON,5 ROOM,385492.953125,383000.0,128,122.578125,87.3828125,1130.6036891038125,9079.421152931314
2000,SERANGOON,EXECUTIVE,492262.0,495000.0,74,147.98648648648648,88.02702702702703,1399.2881462927826,9403.367607177162
2000,TAMPINES,3 ROOM,187729.86900584796,189000.0,855,73.0140350877193,83.91345029239766,629.4949143800824,13045.757084865714
2000,TAMPINES,4 ROOM,285206.1830065359,287000.0,1530,101.82483660130718,88.63071895424837,625.8280441706083,13474.42939032582
2000,TAMPINES,5 ROOM,391042.28401727864,389000.0,926,125.49676025917927,91.12203023758099,601.2086123516845,13749.131659671566
2000,TAMPINES,EXECUTIVE,513079.69348659005,510000.0,261,146.60919540229884,90.89272030651341,712.4863066241768,13491.684017675057
2000,TAMPINES,MULTI-GENERATION,514000.0,531000.0,7,156.57142857142858,86.0,190.6214155799782,14203.727932770798
2000,TOA PAYOH,2 ROOM,106958.33333333333,108500.0,12,41.25,66.91666666666667,239.91668332449717,6212.590817661428
2000,TOA PAYOH,3 ROOM,164795.02127659574,165000.0,752,66.92420212765957,72.2247340425532,586.8208563078082,6009.039370935562
2000,TOA PAYOH,4 ROOM,299532.790560472,283000.0,339,96.02949852507375,83.09439528023599,590.128706376281,6047.7052600307
2000,TOA PAYOH,5 ROOM,448146.0,449000.0,184,122.64673913043478,87.2445652173913,711.1146524304013,6058.604860357187
2000,TOA PAYOH,EXECUTIVE,541248.3243243244,527000.0,37,149.6216216216216,87.05405405405405,578.498150207139,6186.426888047428
2000,WOODLANDS,3 ROOM,127889.72698412699,124000.0,315,70.46349206349207,82.26349206349207,800.5718647423877,19163.559567475084
2000,WOODLANDS,4 ROOM,225269.86012526095,232000.0,958,99.66597077244259,91.29227557411274,605.9966905648242,18644.564929850454
2000,WOODLANDS,5 ROOM,316392.04156171286,314000.0,794,124.87531486146096,93.47103274559194,622.244718266837,18669.019636304
2000,WOODLANDS,EXECUTIVE,444444.3388235294,440000.0,425,163.24941176470588,93.88941176470588,624.2953504248305,18532.059220212443
2000,YISHUN,3 ROOM,148358.71694417237,148000.0,1021,69.64544564152791,84.65230166503429,624.9393809636292,16299.09598686222
2000,YISHUN,4 ROOM,220324.466367713,229000.0,1561,94.23766816143498,85.64253683536195,721.1109917944691,15978.701835717808
2000,YISHUN,5 ROOM,333823.58153846156,330000.0,325,123.11384615384615,86.05538461538461,541.557615794736,15871.362741506171
2000,YISHUN,EXECUTIVE,430500.6551724138,420000.0,116,147.9051724137931,87.0,797.7445855931333,15638.926851874856
2000,YISHUN,MULTI-GENERATION,455714.28571428574,453000.0,7,166.14285714285714,86.0,815.522160201807,15071.59513908675
2001,ANG MO KIO,2 ROOM,94397.56097560975,94000.0,41,44.26829268292683,78.14634146341463,401.0267550843874,9489.273379643171
2001,ANG MO KIO,3 ROOM,155288.55182273051,148000.0,1399,71.20371694067191,77.57326661901358,625.3861453789214,9777.235937107194
2001,ANG MO KIO,4 ROOM,235961.90874524714,232750.0,526,93.22813688212928,77.9296577946768,628.2182018203898,9778.933351907834
2001,ANG MO KIO,5 ROOM,374669.24550898204,368500.0,167,123.1437125748503,80.50299401197604,585.1228389256335,9852.617505409113
2001,ANG MO KIO,EXECUTIVE,521880.0,532000.0,25,150.92,91.96,630.1715205630027,10343.057019158443
2001,BEDOK,2 ROOM,99000.0,98000.0,27,45.03703703703704,82.22222222222223,560.9470189099002,9449.042708558825
2001,BEDOK,3 ROOM,149939.26388888888,146000.0,1152,68.70659722222223,77.79427083333333,802.38679568322,10109.303391391273
2001,BEDOK,4 ROOM,225166.14359637775,220000.0,773,92.9366106080207,80.24579560155239,667.2284335522303,9894.892770210887
2001,BEDOK,5 ROOM,348425.5982905983,355000.0,468,123.31837606837607,83.69871794871794,652.7833708404721,9596.381147729524
2001,BEDOK,EXECUTIVE,474895.45323741005,470000.0,139,146.37410071942446,89.48920863309353,659.8340767119354,9154.997638432951
2001,BISHAN,3 ROOM,166778.8,171000.0,135,65.25925925925925,81.35555555555555,516.4835908206234,7748.600752227985
2001,BISHAN,4 ROOM,296349.34521158127,308000.0,449,97.75278396436525,86.86636971046771,716.4596268070286,7774.774395402882
2001,BISHAN,5 ROOM,423135.5085714286,423000.0,175,123.86857142857143,86.09142857142857,705.5064723891519,7577.371469598619
2001,BISHAN,EXECUTIVE,536402.6857142857,537500.0,70,150.02857142857144,88.22857142857143,769.7390088074377,8131.059411383306
2001,BISHAN,MULTI-GENERATION,490000.0,490000.0,1,147.0,85.0,979.249449678622,6781.861162560833
2001,BUKIT BATOK,3 ROOM,128316.0900409277,128000.0,733,68.81582537517053,83.76261937244202,632.4538097177848,13722.690236976543
2001,BUKIT BATOK,4 ROOM,225883.51728247915,232100.0,839,98.2657926102503,86.80810488676997,619.8572504344515,13580.131367620612
2001,BUKIT BATOK,5 ROOM,343903.4914089347,354000.0,291,124.4639175257732,89.77319587628865,629.9652218101572,13449.754333577275
2001,BUKIT BATOK,EXECUTIVE,415171.2402234637,407500.0,179,145.88826815642457,87.94413407821229,639.1913835946581,13597.692392638382
2001,BUKIT MERAH,1 ROOM,40334.61538461538,40000.0,52,29.692307692307693,69.3076923076923,1211.7946074494985,3588.8321407213525
2001,BUKIT MERAH,2 ROOM,74189.83050847458,73000.0,59,45.728813559322035,69.22033898305085,379.7196640735955,3797.273072626435
2001,BUKIT MERAH,3 ROOM,144899.22675367046,143000.0,613,65.70962479608482,74.30505709624796,686.4254278971033,3410.4355297387465
2001,BUKIT MERAH,4 ROOM,297047.9395770393,293000.0,331,94.8882175226586,83.5619335347432,702.8473988532253,3801.988930409018
2001,BUKIT MERAH,5 ROOM,432978.73148148146,428000.0,216,124.18055555555556,83.31018518518519,617.2220672590504,3490.748305910041
2001,BUKIT MERAH,EXECUTIVE,465000.0,465000.0,1,150.0,82.0,1115.4360851873685,2883.227480733984
2001,BUKIT PANJANG,3 ROOM,130300.17543859649,131400.0,228,72.07894736842105,86.07894736842105,991.8744369301428,13679.38571416688
2001,BUKIT PANJANG,4 ROOM,199483.68786127167,204000.0,519,99.6300578034682,88.9980732177264,1056.8675967624429,13971.883787017796
2001,BUKIT PANJANG,5 ROOM,289791.037037037,288000.0,216,122.24537037037037,91.43518518518519,1079.168079082777,14156.540617023224
2001,BUKIT PANJANG,EXECUTIVE,386000.0,383000.0,79,143.9873417721519,90.0126582278481,1113.7798997698387,14086.23664541865
2001,BUKIT TIMAH,3 ROOM,173105.26315789475,172000.0,19,68.84210526315789,74.6842105263158,225.2655676344208,6741.963182567039
2001,BUKIT TIMAH,4 ROOM,304400.0,313000.0,37,100.67567567567568,82.75675675675676,380.9118853833543,9579.805152314042
2001,BUKIT TIMAH,5 ROOM,429578.94736842107,430000.0,19,123.3157894736842,83.3157894736842,349.64666271387546,9704.585212749085
2001,BUKIT TIMAH,EXECUTIVE,524933.3333333334,515000.0,15,146.26666666666668,86.53333333333333,385.8703038341074,10450.998076572041
2001,CENTRAL AREA,2 ROOM,96345.83333333333,96000.0,24,51.708333333333336,73.29166666666667,565.449253520862,1418.0663211034625
2001,CENTRAL AREA,3 ROOM,175008.475,178000.0,160,64.75625,77.11875,250.61661603864334,1704.9737331098336
2001,CENTRAL AREA,4 ROOM,279520.8333333333,285750.0,60,91.25,79.6,261.7226781010678,1941.8666823777562
2001,CENTRAL AREA,5 ROOM,326200.0,393000.0,5,127.0,79.4,211.99794374002235,1434.4260337235473
2001,CHOA CHU KANG,3 ROOM,125101.75471698113,125500.0,106,72.5754716981132,81.91509433962264,898.8801702611823,15298.655957362362
2001,CHOA CHU KANG,4 ROOM,233102.80936819172,234000.0,918,104.96949891067538,91.39651416122004,530.6659792477411,16369.255276287699
2001,CHOA CHU KANG,5 ROOM,329319.7867647059,331000.0,544,125.23897058823529,92.24816176470588,482.1447398735896,16605.655782338672
2001,CHOA CHU KANG,EXECUTIVE,433811.6405529954,431500.0,217,146.81566820276498,92.23041474654377,515.1132150932241,16654.10741522743
2001,CLEMENTI,3 ROOM,152876.53731343284,148250.0,670,69.72089552238806,77.32388059701492,702.2199389105621,10195.751666549508
2001,CLEMENTI,4 ROOM,241895.53802816902,238000.0,355,92.3830985915493,77.4338028169014,765.1087904348693,10140.11391896516
2001,CLEMENTI,5 ROOM,374387.2545454545,370000.0,110,121.76363636363637,77.93636363636364,878.7617799986511,9818.114047897303
2001,CLEMENTI,EXECUTIVE,470053.5714285714,485000.0,28,149.25,82.46428571428571,944.891607678218,10277.348532580792
2001,GEYLANG,2 ROOM,75756.01851851853,75000.0,54,43.907407407407405,70.01851851851852,415.2947689203842,6281.481378018064
2001,GEYLANG,3 ROOM,126204.33976833976,121500.0,518,62.455598455598455,72.1969111969112,421.9890300472608,6155.98833133905
2001,GEYLANG,4 ROOM,237280.28493150685,239000.0,365,94.33972602739726,82.83561643835617,469.2541855867501,6491.564300646246
2001,GEYLANG,5 ROOM,374341.5714285714,377500.0,126,124.53968253968254,83.32539682539682,435.39172675498907,6110.947506600423
2001,GEYLANG,EXECUTIVE,455558.82352941175,461500.0,34,148.2941176470588,84.20588235294117,437.3352910055884,6406.616747579556
2001,HOUGANG,3 ROOM,136700.11490125672,135000.0,557,68.45960502692998,81.84739676840215,811.4568421611943,10093.495218135304
2001,HOUGANG,4 ROOM,235984.27598253274,245000.0,1145,97.89781659388646,87.94410480349345,777.3195846979712,10664.024956305004
2001,HOUGANG,5 ROOM,352443.90476190473,357000.0,420,121.39761904761905,90.25,754.7632757820596,10705.079820382412
2001,HOUGANG,EXECUTIVE,468621.3023255814,467750.0,172,145.12209302325581,89.63953488372093,613.3987046010653,10638.212280110196
2001,JURONG EAST,3 ROOM,137759.35218508999,141000.0,389,71.23136246786632,79.83033419023137,833.4517461301107,13920.937668846935
2001,JURONG EAST,4 ROOM,204357.8205128205,207750.0,234,97.35470085470085,81.57692307692308,839.2000426041933,14110.894292926978
2001,JURONG EAST,5 ROOM,297033.2021857923,306000.0,183,122.51912568306011,80.51366120218579,853.1436398044367,13929.690427694815
2001,JURONG EAST,EXECUTIVE,380669.4,381000.0,40,149.3,83.575,937.2239047623777,14734.29822560476
2001,JURONG WEST,2 ROOM,75000.0,75000.0,1,57.0,68.0,1176.2522169273268,15315.69609666586
2001,JURONG WEST,3 ROOM,117005.71794871795,124250.0,624,69.10096153846153,78.30288461538461,795.4939072508508,16594.7781062985
2001,JURONG WEST,4 ROOM,203337.32082216264,204000.0,1119,102.90974084003575,88.10187667560322,882.9146981263216,17130.26963782626
2001,JURONG WEST,5 ROOM,281920.5410958904,285944.0,584,125.06335616438356,89.86472602739725,913.0219381029644,17169.01002005163
2001,JURONG WEST,EXECUTIVE,380001.96138996136,380000.0,259,145.83011583011583,90.95366795366796,1102.371323714134,17062.182111155696
2001,KALLANG/WHAMPOA,2 ROOM,79500.0,80000.0,22,48.63636363636363,70.9090909090909,429.1665307042565,4244.093267639846
2001,KALLANG/WHAMPOA,3 ROOM,151049.70546737214,141000.0,567,67.62610229276896,74.4320987654321,463.6597930921915,4391.935516169472
2001,KALLANG/WHAMPOA,4 ROOM,266550.213740458,250000.0,262,95.88167938931298,81.42748091603053,457.6948570887793,4230.200990360615
2001,KALLANG/WHAMPOA,5 ROOM,384841.625,396500.0,144,123.02777777777777,82.15277777777777,491.6558003366021,4412.737884725098
2001,KALLANG/WHAMPOA,EXECUTIVE,474744.45454545453,457500.0,22,148.04545454545453,85.95454545454545,670.9630120116545,4749.489365183042
2001,MARINE PARADE,3 ROOM,194811.03896103895,188000.0,154,67.85714285714286,73.25324675324676,1884.3496419401472,7243.38863463638
2001,MARINE PARADE,4 ROOM,281278.3333333333,279250.0,60,86.31666666666666,73.4,1871.3188463707945,7095.099980881758
2001,MARINE PARADE,5 ROOM,471894.3661971831,475000.0,71,122.1830985915493,73.8169014084507,1915.3856799255402,7192.272002337943
2001,PASIR RIS,3 ROOM,113500.0,113500.0,2,66.0,78.5,3483.7741217889716,19128.62587214372
2001,PASIR RIS,4 ROOM,259991.26860841425,258000.0,618,105.70226537216828,90.85113268608414,1129.9709591718868,14743.487511766667
2001,PASIR RIS,5 ROOM,347835.7317880795,346000.0,604,126.14900662251655,92.30629139072848,1276.7595286348771,14544.595263316358
2001,PASIR RIS,EXECUTIVE,466052.128440367,463000.0,436,146.92201834862385,91.58256880733946,1074.1030222181187,14906.153943530464
2001,QUEENSTOWN,2 ROOM,70826.78571428571,70000.0,84,45.29761904761905,68.51190476190476,443.56318619666627,6180.0256142295775
2001,QUEENSTOWN,3 ROOM,134942.57759784075,136000.0,741,62.50742240215924,70.4804318488529,488.6831937108618,6644.131201380052
2001,QUEENSTOWN,4 ROOM,321905.86666666664,310000.0,165,97.4060606060606,82.93939393939394,481.2066672838404,6043.8950914441775
2001,QUEENSTOWN,5 ROOM,465120.2718446602,457000.0,103,123.23300970873787,84.48543689320388,485.17828241937735,6534.216623585558
2001,QUEENSTOWN,EXECUTIVE,631894.7368421053,623000.0,19,147.52631578947367,93.0,199.78055037688065,5385.4760135590695
2001,SERANGOON,2 ROOM,84300.0,85500.0,5,44.0,76.0,478.57526735624606,7817.4925734456465
2001,SERANGOON,3 ROOM,143393.16949152542,144000.0,236,65.44067796610169,82.44067796610169,792.2595351020972,8547.964718002828
2001,SERANGOON,4 ROOM,240608.17247097843,246000.0,603,96.70978441127694,87.46600331674959,1191.7149671496363,9061.348950082938
2001,SERANGOON,5 ROOM,362761.71244635194,363000.0,233,120.91845493562232,91.85407725321889,1669.4997686561742,9753.785951256232
2001,SERANGOON,EXECUTIVE,462603.5714285714,465000.0,112,146.03571428571428,89.30357142857143,1617.7729230638233,9687.165205042396
2001,TAMPINES,3 ROOM,175403.00570125427,177000.0,877,72.76624857468643,82.77651083238312,654.6381520635654,13004.201274453668
2001,TAMPINES,4 ROOM,262660.37700925476,264000.0,2053,101.56453969800292,89.42766682903068,796.8485417188962,13171.086422060496
2001,TAMPINES,5 ROOM,358342.2317460317,355000.0,1260,123.58809523809524,91.41031746031746,833.6800153056842,13419.74341655501
2001,TAMPINES,EXECUTIVE,481934.52444444445,480000.0,450,145.00666666666666,90.82666666666667,832.5006936495805,13093.39225701909
2001,TAMPINES,MULTI-GENERATION,503166.6666666667,501500.0,6,166.0,85.0,165.0242211190105,14188.380517208969
2001,TOA PAYOH,2 ROOM,99676.42857142857,102000.0,7,42.57142857142857,70.28571428571429,344.3945777937247,6188.29207581858
2001,TOA PAYOH,3 ROOM,156719.27570789866,158000.0,671,67.18628912071534,71.4828614008942,626.2009892712355,5969.184663733828
2001,TOA PAYOH,4 ROOM,283266.56603773584,278000.0,265,95.32075471698113,82.69056603773585,723.5042520187754,6019.037890653037
2001,TOA PAYOH,5 ROOM,442601.96756756754,460000.0,185,122.09189189189189,88.52432432432433,729.5106610144591,5983.281532680709
2001,TOA PAYOH,EXECUTIVE,533263.6363636364,525000.0,22,146.9090909090909,88.31818181818181,462.2958319434003,6212.056228106923
2001,WOODLANDS,3 ROOM,120700.0,114500.0,320,70.10625,82.2125,760.2384772891787,19125.535666913278
2001,WOODLANDS,4 ROOM,207495.63938730853,213000.0,2285,98.17592997811816,93.22625820568928,550.4256824828786,18489.999257602103
2001,WOODLANDS,5 ROOM,290487.21663019696,290000.0,1371,121.98978847556528,93.69146608315098,530.3603036858442,18528.710834782854
2001,WOODLANDS,EXECUTIVE,415604.4360587002,410000.0,477,157.28301886792454,93.29559748427673,525.228145010355,18475.664123765815
2001,YISHUN,3 ROOM,136355.85433070865,136000.0,762,69.65485564304461,83.61417322834646,636.379341348468,16297.90256291057
2001,YISHUN,4 ROOM,198111.62846153846,205000.0,1300,94.68076923076923,84.73923076923077,734.285470393179,15979.600541408443
2001,YISHUN,5 ROOM,299788.42729970324,298000.0,337,123.21364985163204,85.18991097922849,585.5785481782409,15884.972428681456
2001,YISHUN,EXECUTIVE,398044.7368421053,390500.0,114,148.7280701754386,86.10526315789474,842.5702526767403,15743.322975164048
2001,YISHUN,MULTI-GENERATION,437143.75,436500.0,16,161.6875,85.375,745.9476047030544,15206.775844670712
2002,ANG MO KIO,2 ROOM,90036.36363636363,89500.0,22,44.63636363636363,80.0909090909091,402.2925060886431,9891.571659621912
2002,ANG MO KIO,3 ROOM,154046.49957301453,146000.0,1171,71.400512382579,76.62596071733562,636.7920810260881,9754.59200484396
2002,ANG MO KIO,4 ROOM,226455.0579710145,220000.0,414,93.72222222222223,77.1086956521739,617.8028771132448,9768.81262149413
2002,ANG MO KIO,5 ROOM,356654.2456140351,350000.0,171,123.70175438596492,80.01754385964912,629.41647623378,9851.730252020294
2002,ANG MO KIO,EXECUTIVE,469570.3333333333,504000.0,24,155.04166666666666,87.20833333333333,719.1380731854098,10369.812852217918
2002,BEDOK,2 ROOM,95041.66666666667,95500.0,24,44.625,81.0,585.4404648089875,9454.679694503078
2002,BEDOK,3 ROOM,148434.67443946187,144000.0,1115,68.77937219730941,76.54080717488789,838.3163555027021,10082.336630787842
2002,BEDOK,4 ROOM,214188.7550200803,210000.0,747,92.74966532797858,79.4524765729585,662.2943145438451,9922.973183327176
2002,BEDOK,5 ROOM,336879.7063106796,343000.0,412,122.82038834951456,82.50242718446601,716.9700469990709,9707.420221366681
2002,BEDOK,EXECUTIVE,440120.4923076923,433750.0,130,145.7923076923077,88.27692307692308,604.22858646028,8953.794523151348
2002,BISHAN,3 ROOM,160709.23076923078,165000.0,130,65.46923076923076,79.43076923076923,515.5534158470891,7822.064310216321
2002,BISHAN,4 ROOM,297400.5140186916,307750.0,428,97.49299065420561,87.40186915887851,719.4524725209748,7848.118999623173
2002,BISHAN,5 ROOM,424362.7429906542,416500.0,214,122.44392523364486,87.5233644859813,685.5683095518806,7726.895065258463
2002,BISHAN,EXECUTIVE,522820.93023255817,525000.0,43,150.7674418604651,87.3953488372093,776.8012074869499,8076.227306479317
2002,BISHAN,MULTI-GENERATION,530000.0,530000.0,1,165.0,84.0,979.249449678622,6781.861162560833
2002,BUKIT BATOK,3 ROOM,129264.367278798,128000.0,599,68.61435726210351,82.67779632721202,639.4086374286168,13643.649202759465
2002,BUKIT BATOK,4 ROOM,220028.24748201438,225999.0,695,97.39280575539568,86.85323741007194,717.436695349058,13424.320244021956
2002,BUKIT BATOK,5 ROOM,337664.6283524904,341000.0,261,124.37547892720306,90.7088122605364,872.0533456097885,12938.83948252
2002,BUKIT BATOK,EXECUTIVE,419211.0508474576,420500.0,177,145.72881355932202,89.71186440677967,782.0772549322396,13241.906168729896
2002,BUKIT MERAH,1 ROOM,44427.27272727273,44000.0,55,30.01818181818182,69.16363636363636,1211.7946074494985,3588.8321407213525
2002,BUKIT MERAH,2 ROOM,76313.63636363637,75000.0,44,45.18181818181818,69.61363636363636,298.6539277636167,3838.9728315555735
2002,BUKIT MERAH,3 ROOM,148239.81853281852,143500.0,518,65.53281853281854,73.3069498069498,717.8884269212464,3351.940522547975
2002,BUKIT MERAH,4 ROOM,276401.9744680851,263000.0,235,92.62127659574467,79.64255319148936,723.5772401917584,3734.7958019009843
2002,BUKIT MERAH,5 ROOM,430235.4183673469,420000.0,196,124.29591836734694,82.28571428571429,650.3656085862593,3599.5273224663147
2002,BUKIT MERAH,EXECUTIVE,375000.0,375000.0,2,155.5,78.0,609.6779275331596,3770.499632668336
2002,BUKIT PANJANG,3 ROOM,126673.55905511811,128000.0,127,72.38582677165354,85.14173228346456,986.9824448424292,13669.919045389091
2002,BUKIT PANJANG,4 ROOM,195389.85932721713,196000.0,654,100.10703363914374,91.35015290519878,1036.6518513977242,14352.774505469062
2002,BUKIT PANJANG,5 ROOM,277541.7032258065,275250.0,310,121.8,91.56129032258065,1038.3464622301735,14327.375020405254
2002,BUKIT PANJANG,EXECUTIVE,372713.2916666667,371500.0,96,144.60416666666666,90.70833333333333,957.9259091975122,14302.294316441787
2002,BUKIT TIMAH,3 ROOM,185568.18181818182,185000.0,22,70.27272727272727,72.5909090909091,224.86675035515427,6469.742448781116
2002,BUKIT TIMAH,4 ROOM,287403.3333333333,289000.0,30,101.53333333333333,83.33333333333333,397.1700485283312,10057.824941876914
2002,BUKIT TIMAH,5 ROOM,403400.0,404000.0,25,122.72,81.36,306.592066925932,9404.97856136009
2002,BUKIT TIMAH,EXECUTIVE,504850.0,508250.0,10,146.8,85.4,384.41975570608554,10514.414099471167
2002,CENTRAL AREA,2 ROOM,109900.0,110000.0,12,51.833333333333336,70.33333333333333,663.545024618241,1567.6248897248197
2002,CENTRAL AREA,3 ROOM,178672.72727272726,184500.0,132,64.31060606060606,75.4469696969697,256.34747404360786,1795.0229691895995
2002,CENTRAL AREA,4 ROOM,283807.0869565217,296500.0,46,88.54347826086956,77.97826086956522,275.76509681077823,1815.2874849331843
2002,CENTRAL AREA,5 ROOM,290000.0,290000.0,2,133.5,77.5,273.2240286628974,2272.0179051630266
2002,CHOA CHU KANG,3 ROOM,122598.75,124500.0,80,72.9625,81.225,888.4686454005166,15293.141271568316
2002,CHOA CHU KANG,4 ROOM,217300.93851717902,213000.0,1106,103.18354430379746,91.54882459312839,592.2527064336322,16236.377355187447
2002,CHOA CHU KANG,5 ROOM,315450.33027522935,315000.0,654,124.92813455657492,92.3440366972477,524.097227712854,16458.562658391234
2002,CHOA CHU KANG,EXECUTIVE,412210.1196581197,406500.0,234,146.14529914529913,91.94017094017094,589.9333345349687,16458.280521643457
2002,CLEMENTI,3 ROOM,154497.80599647266,149000.0,567,69.95943562610229,76.48677248677248,728.7967113899251,10178.210693255709
2002,CLEMENTI,4 ROOM,243296.97520661156,240000.0,242,93.1900826446281,76.85537190082644,787.1287392029334,10147.420689205721
2002,CLEMENTI,5 ROOM,362640.8309859155,357000.0,71,121.2394366197183,77.16901408450704,844.2871192686191,9887.591849688268
2002,CLEMENTI,EXECUTIVE,420380.0,443000.0,25,150.92,80.68,934.0085129353204,10202.959251807426
2002,GEYLANG,2 ROOM,75047.42857142857,74500.0,63,43.666666666666664,68.34920634920636,356.5137976262391,6232.729239700996
2002,GEYLANG,3 ROOM,128074.44948453609,123000.0,485,63.154639175257735,71.94845360824742,435.38872709106755,6144.346545698021
2002,GEYLANG,4 ROOM,232360.89032258064,233000.0,310,94.80322580645161,82.31935483870967,471.87361809050134,6444.418475349369
2002,GEYLANG,5 ROOM,353792.704,363000.0,125,122.464,83.016,456.41963052709133,5999.914508001753
2002,GEYLANG,EXECUTIVE,439529.4117647059,446000.0,34,147.1764705882353,83.08823529411765,423.802274670008,6471.918350839484
2002,HOUGANG,3 ROOM,134055.83992467044,133800.0,531,69.15254237288136,80.74199623352166,816.2277201856643,10112.989782511315
2002,HOUGANG,4 ROOM,226711.58017894012,236500.0,1453,98.381280110117,88.45629731589814,868.3791834007197,10430.52872247008
2002,HOUGANG,5 ROOM,334694.3137254902,340000.0,612,122.00490196078431,91.09150326797386,940.0786943619364,10443.879559794303
2002,HOUGANG,EXECUTIVE,433077.16756756755,432000.0,185,145.75135135135136,87.46486486486486,722.4631135164634,10485.278924493015
2002,JURONG EAST,3 ROOM,136973.85041551245,138000.0,361,71.72576177285319,78.91135734072022,831.0719813869528,13907.291100988763
2002,JURONG EAST,4 ROOM,221934.35042735044,226000.0,468,96.88888888888889,88.45299145299145,872.4886099019067,13606.607876426968
2002,JURONG EAST,5 ROOM,313461.53068592056,318000.0,277,121.57039711191335,86.07942238267148,841.5770495085907,13650.511098330806
2002,JURONG EAST,EXECUTIVE,425197.9655172414,442500.0,116,145.08620689655172,91.38793103448276,738.8261755112601,13658.019327796572
2002,JURONG WEST,2 ROOM,66500.0,66500.0,2,57.0,67.0,1186.8737676765272,15275.975219502265
2002,JURONG WEST,3 ROOM,111722.88,106500.0,575,68.61739130434782,76.82782608695652,814.6653761489627,16584.441736462715
2002,JURONG WEST,4 ROOM,199078.9626719057,195000.0,1018,103.00196463654224,88.71709233791749,802.0037162148568,17420.356899203314
2002,JURONG WEST,5 ROOM,270563.5948963317,274000.0,627,124.59968102073366,90.03668261562999,806.092370563796,17504.036991139867
2002,JURONG WEST,EXECUTIVE,363375.8626609442,364000.0,233,146.18884120171674,89.93562231759657,987.7328137035215,17033.68570719232
2002,KALLANG/WHAMPOA,2 ROOM,87508.27586206897,85000.0,29,48.62068965517241,69.20689655172414,411.72186694912597,4218.77391086053
2002,KALLANG/WHAMPOA,3 ROOM,148246.24956672444,137000.0,577,67.29809358752166,73.22530329289428,488.75672832750035,4473.891036924328
2002,KALLANG/WHAMPOA,4 ROOM,269576.94615384616,255000.0,260,95.67307692307692,83.39615384615385,564.3222889380894,4326.437108562668
2002,KALLANG/WHAMPOA,5 ROOM,385147.36363636365,390500.0,132,123.64393939393939,83.77272727272727,578.8703902380563,4419.594420337373
2002,KALLANG/WHAMPOA,EXECUTIVE,429333.3333333333,414000.0,12,148.5,83.91666666666667,670.0866079594545,4742.2477337037635
2002,MARINE PARADE,3 ROOM,189192.59259259258,188000.0,135,67.9037037037037,72.22222222222223,1869.3818325516,7253.5726169532145
2002,MARINE PARADE,4 ROOM,272573.73913043475,271000.0,69,86.21739130434783,72.53623188405797,1887.1266016337377,7032.1983402144715
2002,MARINE PARADE,5 ROOM,456144.8,454750.0,60,121.65,72.6,1911.5046849423156,7267.249151627259
2002,PASIR RIS,2 ROOM,138000.0,138000.0,2,55.0,91.0,932.8284774223002,14917.773088298818
2002,PASIR RIS,3 ROOM,108380.0,103400.0,10,66.1,77.2,3485.241739278761,19149.13947099905
2002,PASIR RIS,4 ROOM,247992.11012433394,246000.0,563,105.76731793960924,89.3214920071048,1101.6194299760232,14885.637973034527
2002,PASIR RIS,5 ROOM,328939.18217054266,327000.0,516,125.76356589147287,90.88178294573643,1238.3923064771936,14651.367057941297
2002,PASIR RIS,EXECUTIVE,441946.2440318302,435000.0,377,146.87533156498674,90.44297082228117,1075.9029656507153,14954.002793239448
2002,QUEENSTOWN,2 ROOM,76776.14678899082,76500.0,109,45.07339449541284,67.63302752293578,467.3618023274259,6176.443707618648
2002,QUEENSTOWN,3 ROOM,138003.613480055,136000.0,727,61.785419532324624,69.42778541953233,489.7465839206783,6610.503289038105
2002,QUEENSTOWN,4 ROOM,331635.86285714287,338000.0,175,97.35428571428571,82.65142857142857,457.1191651074702,6184.167287049629
2002,QUEENSTOWN,5 ROOM,455949.2530120482,450000.0,83,123.4578313253012,83.40963855421687,457.4200977324958,6842.603504964085
2002,QUEENSTOWN,EXECUTIVE,612322.2222222222,609000.0,18,147.94444444444446,92.0,196.280706443098,5383.762393665904
2002,SEMBAWANG,4 ROOM,214211.30392156861,215000.0,102,98.8529411764706,95.59803921568627,420.2108473991681,18302.733518381705
2002,SEMBAWANG,5 ROOM,297815.8095238095,300500.0,42,121.04761904761905,95.61904761904762,392.7521232249793,18322.511791039047
2002,SEMBAWANG,EXECUTIVE,397866.6666666667,397000.0,15,140.73333333333332,95.2,335.453945552624,18466.87087365119
2002,SENGKANG,4 ROOM,224375.0,220000.0,24,94.45833333333333,96.0,824.3342134385153,13117.524453566266
2002,SENGKANG,5 ROOM,318000.0,318000.0,1,120.0,96.0,459.39060604440806,13083.095300665069
2002,SENGKANG,EXECUTIVE,416500.0,416500.0,2,140.5,95.0,1114.6099571512636,13112.611106743578
2002,SERANGOON,2 ROOM,85500.0,85000.0,5,44.0,75.0,478.57526735624606,7817.4925734456465
2002,SERANGOON,3 ROOM,139908.75833333333,140400.0,240,65.30833333333334,81.3625,899.3223276808073,8682.452116322549
2002,SERANGOON,4 ROOM,226107.42956120093,226000.0,433,95.80600461893765,85.86143187066975,1115.2882800102543,8939.8013203353
2002,SERANGOON,5 ROOM,332778.48128342244,336000.0,187,121.6470588235294,89.14438502673796,1583.4193649045822,9639.441982310827
2002,SERANGOON,EXECUTIVE,427760.38,429500.0,100,146.71,88.42,1510.3435783417692,9550.199146809442
2002,TAMPINES,3 ROOM,172607.37081339714,175000.0,836,72.39952153110048,81.86961722488039,659.094915008451,12996.457497477442
2002,TAMPINES,4 ROOM,249244.12483745124,250000.0,1538,101.25812743823147,87.11573472041613,784.4287978698375,13158.870242308378
2002,TAMPINES,5 ROOM,341012.3656147987,336000.0,919,124.13819368879217,89.18280739934711,802.0525725492689,13341.89973626789
2002,TAMPINES,EXECUTIVE,452012.7339449541,450000.0,327,146.0519877675841,88.5137614678899,816.0295541599996,13123.73626392619
2002,TAMPINES,MULTI-GENERATION,411450.0,411500.0,4,149.0,84.0,209.81931142570394,14215.238494442172
2002,TOA PAYOH,2 ROOM,102682.33333333333,102444.0,12,45.833333333333336,72.41666666666667,489.72389729186267,6122.1943660158095
2002,TOA PAYOH,3 ROOM,159046.23720136518,160000.0,586,67.22866894197952,70.47952218430034,597.6938637017709,6007.111243527419
2002,TOA PAYOH,4 ROOM,288789.48852459015,283000.0,305,96.55409836065574,84.01311475409837,841.819094268292,6030.423330545573
2002,TOA PAYOH,5 ROOM,424812.3522012579,450000.0,159,121.93081761006289,87.94339622641509,848.0227793463807,6002.188350866063
2002,TOA PAYOH,EXECUTIVE,505952.0,500000.0,25,146.6,86.92,481.6151075162319,6239.576960036592
2002,WOODLANDS,2 ROOM,60000.0,60000.0,1,45.0,83.0,1314.447297477601,20052.68377109522
2002,WOODLANDS,3 ROOM,118108.65317919075,113000.0,346,70.71676300578035,80.88150289017341,796.4237458861833,19151.778157958255
2002,WOODLANDS,4 ROOM,199207.74222622803,203000.0,2219,98.85624155024786,92.69580892293826,620.5356820789348,18549.008677387596
2002,WOODLANDS,5 ROOM,278461.32851711026,278000.0,1315,122.2212927756654,92.99391634980988,605.8980619491309,18544.185246579098
2002,WOODLANDS,EXECUTIVE,401729.85041551245,401000.0,361,155.5540166204986,92.61218836565097,502.6379363270775,18442.60321938192
2002,YISHUN,3 ROOM,132054.80836236934,130000.0,861,69.70150987224157,82.75377468060395,619.1918167755672,16277.877712390928
2002,YISHUN,4 ROOM,182741.9400544959,186000.0,1101,93.85558583106267,83.75840145322434,760.7113612145199,15998.194979157166
2002,YISHUN,5 ROOM,281021.1651090343,278000.0,321,123.69470404984423,84.40186915887851,655.1554170967096,15921.79830471184
2002,YISHUN,EXECUTIVE,369653.9813084112,366000.0,107,146.6728971962617,84.77570093457943,841.5408863758274,15661.880321896924
2002,YISHUN,MULTI-GENERATION,428250.0,428250.0,2,164.0,84.0,819.8391572721096,15069.896390866927
2003,ANG MO KIO,2 ROOM,107583.33333333333,109000.0,12,44.333333333333336,76.66666666666667,382.37929511367946,9547.5753040246
2003,ANG MO KIO,3 ROOM,167087.75312199807,163000.0,1041,71.09029779058598,75.59269932756965,622.6745867729603,9801.690277448224
2003,ANG MO KIO,4 ROOM,235311.81408450703,230000.0,355,93.26760563380282,75.75774647887324,615.6718590894394,9818.34987391923
2003,ANG MO KIO,5 ROOM,355361.6153846154,349000.0,117,123.45299145299145,79.11965811965813,648.9233845980344,9777.002702931386
2003,ANG MO KIO,EXECUTIVE,440500.0,430000.0,18,156.27777777777777,83.33333333333333,725.3120084528314,10254.570559057609
2003,BEDOK,2 ROOM,100730.94736842105,100000.0,19,44.36842105263158,78.63157894736842,758.2368224570877,9416.431552628314
2003,BEDOK,3 ROOM,164463.85495403473,162000.0,979,68.50255362614914,75.88661899897855,814.6767476295938,10098.707082505018
2003,BEDOK,4 ROOM,223354.92985318106,220000.0,613,92.13703099510603,78.16802610114192,680.6335549677183,9927.73555650802
2003,BEDOK,5 ROOM,334352.09854014596,340000.0,274,122.6970802919708,79.78102189781022,747.8084982144604,9839.634371537883
2003,BEDOK,EXECUTIVE,435251.1891891892,425850.0,74,146.5,86.43243243243244,704.630102957485,9333.016125150276
2003,BISHAN,3 ROOM,173850.42696629214,178000.0,89,65.4494382022472,79.43820224719101,556.4597251466331,7801.961051437481
2003,BISHAN,4 ROOM,289468.48122866894,290000.0,293,98.10238907849829,85.82252559726962,734.5849432547893,7896.581339335758
2003,BISHAN,5 ROOM,404699.18699186994,403000.0,123,123.4959349593496,86.16260162601625,684.5679599936456,7774.278634222347
2003,BISHAN,EXECUTIVE,496684.7,495000.0,40,154.925,85.1,584.1162814829042,8031.204366620128
2003,BISHAN,MULTI-GENERATION,533500.0,533500.0,2,165.0,83.0,844.1796890802154,6788.244144154121
2003,BUKIT BATOK,3 ROOM,147881.31707317074,149900.0,656,68.73475609756098,81.6844512195122,637.6040436049483,13697.304376589176
2003,BUKIT BATOK,4 ROOM,228709.33333333334,231500.0,594,98.08417508417509,84.91245791245791,687.9068653019057,13440.437100575858
2003,BUKIT BATOK,5 ROOM,332082.98159509205,340000.0,163,125.30061349693251,87.42331288343559,770.3252136312639,13095.278644293612
2003,BUKIT BATOK,EXECUTIVE,406051.4563106796,390000.0,103,147.32038834951456,86.97087378640776,701.2753205148956,13414.32641822882
2003,BUKIT MERAH,1 ROOM,54306.976744186046,55000.0,43,30.72093023255814,70.16279069767442,1211.7946074494985,3588.8321407213525
2003,BUKIT MERAH,2 ROOM,91104.16666666667,90000.0,24,46.666666666666664,68.125,351.9468538806937,3210.2242867933332
2003,BUKIT MERAH,3 ROOM,164814.50286806884,165000.0,523,66.02103250478011,72.35564053537284,711.4640731629399,3396.3758858016936
2003,BUKIT MERAH,4 ROOM,288033.665,280000.0,200,93.54,79.33,723.1429368993191,3631.2614534147156
2003,BUKIT MERAH,5 ROOM,411909.11258278147,397000.0,151,122.93377483443709,81.39735099337749,644.9624428028673,3644.8218668955765
2003,BUKIT PANJANG,3 ROOM,144271.19540229885,145000.0,174,72.29310344827586,83.97126436781609,946.0754902265833,13740.020151527098
2003,BUKIT PANJANG,4 ROOM,205744.02852614896,205000.0,631,99.47226624405705,90.87955625990492,834.9511727829766,14346.981394197937
2003,BUKIT PANJANG,5 ROOM,288233.9342560554,285000.0,289,121.65397923875433,92.39792387543253,813.1310249348643,14471.717094132338
2003,BUKIT PANJANG,EXECUTIVE,376421.1836734694,375000.0,98,144.03061224489795,91.39795918367346,773.9911753967102,14401.957673894725
2003,BUKIT TIMAH,3 ROOM,183775.0,190000.0,20,67.3,74.55,239.8546297919757,7388.780836042798
2003,BUKIT TIMAH,4 ROOM,287135.48387096776,288000.0,31,99.80645161290323,79.70967741935483,369.47171150036627,9196.912705812676
2003,BUKIT TIMAH,5 ROOM,403692.3076923077,397000.0,13,124.0,83.38461538461539,400.05384299476674,10292.66174267125
2003,BUKIT TIMAH,EXECUTIVE,481000.0,482000.0,5,148.4,84.4,370.6187885477033,10450.545546338466
2003,CENTRAL AREA,2 ROOM,116142.85714285714,116000.0,7,53.714285714285715,70.28571428571429,681.0868369627509,1368.2474676590502
2003,CENTRAL AREA,3 ROOM,199530.12121212122,203850.0,132,64.71212121212122,75.28787878787878,259.4451659373477,1684.5229994108013
2003,CENTRAL AREA,4 ROOM,292018.5714285714,295000.0,42,89.5,76.83333333333333,269.470577698287,1917.0192001191701
2003,CENTRAL AREA,5 ROOM,387500.0,387500.0,2,138.0,80.0,231.71706309759298,2695.012679946103
2003,CHOA CHU KANG,3 ROOM,137876.92307692306,140000.0,65,72.0923076923077,79.26153846153846,874.5999856986006,15283.188483198914
2003,CHOA CHU KANG,4 ROOM,227544.5706278027,225000.0,892,103.17152466367713,91.4585201793722,760.9463292833966,16461.004697304208
2003,CHOA CHU KANG,5 ROOM,311770.55367231637,312750.0,354,123.77966101694915,91.88983050847457,651.2232974314935,16556.522487824597
2003,CHOA CHU KANG,EXECUTIVE,389384.25925925927,383000.0,108,146.64814814814815,90.62962962962963,569.3896120105484,16576.063662180764
2003,CLEMENTI,3 ROOM,172483.0814814815,170000.0,540,70.06851851851852,75.27407407407408,691.2647091060636,10168.052947285796
2003,CLEMENTI,4 ROOM,247413.92727272728,243000.0,220,92.95454545454545,75.6,796.3088484546522,10095.061670219413
2003,CLEMENTI,5 ROOM,370480.3278688525,370000.0,61,121.95081967213115,75.78688524590164,825.8749889482773,9777.488014331708
2003,CLEMENTI,EXECUTIVE,412800.0,429000.0,16,150.125,79.5,949.7344549568932,10201.152920451483
2003,GEYLANG,2 ROOM,85891.30434782608,85000.0,46,43.891304347826086,66.8695652173913,317.73100070444434,6239.927802198595
2003,GEYLANG,3 ROOM,143241.28095238094,138500.0,420,62.75952380952381,70.9,437.38660792216774,6137.663786713447
2003,GEYLANG,4 ROOM,231032.64566929135,230000.0,254,94.13779527559055,80.33464566929133,473.5291006479725,6445.01891219139
2003,GEYLANG,5 ROOM,355976.8115942029,355000.0,69,124.69565217391305,79.73913043478261,426.011577070059,6009.834728383408
2003,GEYLANG,EXECUTIVE,426080.0,438000.0,25,146.92,82.12,364.4266235764925,6274.362313435065
2003,HOUGANG,3 ROOM,151202.4340044743,152000.0,447,69.03131991051454,79.67114093959732,809.8490024370059,10151.379141426043
2003,HOUGANG,4 ROOM,228781.30926594464,235000.0,831,98.05535499398316,86.7870036101083,860.9716364922981,10529.420382500046
2003,HOUGANG,5 ROOM,324635.3590504451,333000.0,337,121.68545994065282,89.84569732937686,972.2083116493011,10593.727165698449
2003,HOUGANG,EXECUTIVE,409475.0869565217,410000.0,92,145.7826086956522,86.66304347826087,690.2588348247058,10544.456240226911
2003,JURONG EAST,3 ROOM,149340.78289473685,153000.0,304,71.42763157894737,78.04276315789474,826.0762598251686,13925.286996292882
2003,JURONG EAST,4 ROOM,229923.4375,231550.0,320,98.29375,86.053125,863.1361543199524,13806.323990071693
2003,JURONG EAST,5 ROOM,313769.4125874126,321500.0,286,121.74475524475524,86.82167832167832,871.5879221231107,13627.988709546102
2003,JURONG EAST,EXECUTIVE,412125.4222222222,424000.0,90,145.1,90.63333333333334,731.151950868285,13716.777437162122
2003,JURONG WEST,2 ROOM,75000.0,75000.0,3,57.0,66.0,1186.8737676765272,15275.975219502265
2003,JURONG WEST,3 ROOM,130054.2258064516,130000.0,620,68.38870967741936,74.83225806451613,817.261821886384,16539.102726473404
2003,JURONG WEST,4 ROOM,209044.34838709678,206000.0,775,101.98967741935483,86.57161290322581,808.126349143262,17262.56507290283
2003,JURONG WEST,5 ROOM,271053.79274611396,273000.0,386,123.85233160621762,88.11917098445596,770.1228033594119,17366.341002980906
2003,JURONG WEST,EXECUTIVE,355675.358490566,361000.0,106,146.38679245283018,88.54716981132076,1018.6061897125046,17036.803509662164
2003,KALLANG/WHAMPOA,2 ROOM,104093.33333333333,105000.0,30,48.6,68.43333333333334,414.8607759017277,4169.74581677521
2003,KALLANG/WHAMPOA,3 ROOM,166110.24948024948,158000.0,481,67.16424116424116,72.77962577962577,467.5190018345532,4408.774726991584
2003,KALLANG/WHAMPOA,4 ROOM,277252.61818181816,279000.0,220,95.93181818181819,82.62727272727273,496.97617953961833,4236.653406994393
2003,KALLANG/WHAMPOA,5 ROOM,382202.31192660553,388000.0,109,122.88073394495413,84.63302752293578,509.56461840427824,4353.203036075533
2003,KALLANG/WHAMPOA,EXECUTIVE,453375.0,462500.0,8,147.25,85.25,721.6909422782427,4765.932239069773
2003,MARINE PARADE,3 ROOM,209166.19696969696,208000.0,132,68.45454545454545,71.25757575757575,1884.3817472895814,7253.977403020252
2003,MARINE PARADE,4 ROOM,280025.72857142857,277000.0,70,85.67142857142858,71.44285714285714,1898.9344917273265,7064.149628976419
2003,MARINE PARADE,5 ROOM,442218.4210526316,439500.0,38,122.71052631578948,71.78947368421052,1899.8088423670215,7192.204052558084
2003,PASIR RIS,2 ROOM,143500.0,143500.0,2,56.5,90.0,932.8284774223002,14917.773088298818
2003,PASIR RIS,3 ROOM,117666.66666666667,115000.0,3,66.0,76.33333333333333,3447.2532269050666,19135.734839315286
2003,PASIR RIS,4 ROOM,252360.86493506492,250000.0,385,105.7116883116883,88.36623376623376,1093.9201954994476,14915.932657954152
2003,PASIR RIS,5 ROOM,324010.1323529412,321000.0,272,126.33823529411765,89.78676470588235,1212.7151043339302,14731.122913608358
2003,PASIR RIS,EXECUTIVE,418653.9029126214,409400.0,206,147.5728155339806,89.20388349514563,1063.9549432033273,15013.838698221358
2003,QUEENSTOWN,2 ROOM,88063.84615384616,88000.0,91,45.32967032967033,66.84615384615384,440.68050789241795,6172.226053912402
2003,QUEENSTOWN,3 ROOM,159593.72672672672,156750.0,666,62.53903903903904,68.47297297297297,503.12896744501035,6624.561367493875
2003,QUEENSTOWN,4 ROOM,325890.4528301887,320000.0,106,97.16037735849056,80.43396226415095,492.9468503024497,6194.211356461338
2003,QUEENSTOWN,5 ROOM,451585.94444444444,460000.0,72,125.48611111111111,85.76388888888889,485.20650509122737,6580.663425948718
2003,QUEENSTOWN,EXECUTIVE,614166.6666666666,625000.0,6,152.5,90.66666666666667,296.2477365819822,5830.842068370694
2003,SEMBAWANG,4 ROOM,221446.86274509804,220000.0,306,99.58823529411765,94.87254901960785,459.9223645440095,18365.5523419409
2003,SEMBAWANG,5 ROOM,296913.95774647885,295000.0,142,120.47183098591549,94.74647887323944,448.2488882215078,18345.16239757335
2003,SEMBAWANG,EXECUTIVE,396527.75,394000.0,32,140.0,94.28125,444.99906977415566,18363.04368970143
2003,SENGKANG,4 ROOM,243629.9323943662,245000.0,355,99.31267605633803,94.99718309859155,753.8225628799539,12868.295805394657
2003,SENGKANG,5 ROOM,324365.90967741935,325000.0,155,120.19354838709677,95.01290322580645,695.8751800127465,12884.39514627671
2003,SENGKANG,EXECUTIVE,413002.9411764706,415000.0,34,141.73529411764707,94.67647058823529,914.6323760114632,12803.820687495794
2003,SERANGOON,2 ROOM,98537.5,96750.0,8,44.0,74.0,478.57526735624606,7817.4925734456465
2003,SERANGOON,3 ROOM,154824.75824175825,156250.0,182,65.15934065934066,80.84065934065934,843.4841909490009,8631.194442934715
2003,SERANGOON,4 ROOM,234651.98333333334,228500.0,360,96.43333333333334,84.10833333333333,968.1742470502033,8729.174231229092
2003,SERANGOON,5 ROOM,328332.35294117645,330000.0,102,121.3921568627451,88.15686274509804,1330.2613981635045,9309.08622142039
2003,SERANGOON,EXECUTIVE,429545.9770114943,430000.0,87,144.16091954022988,89.26436781609195,1027.1354187115955,8843.129213714943
2003,TAMPINES,3 ROOM,187307.58129496404,188000.0,695,72.94244604316546,80.87482014388489,636.797854127952,13031.512574293098
2003,TAMPINES,4 ROOM,253999.4235897436,255000.0,975,100.9251282051282,84.88205128205128,688.9798073904575,13223.991622713222
2003,TAMPINES,5 ROOM,335703.6077057793,330888.0,571,124.74430823117338,87.43432574430823,679.2533711352868,13497.031393012134
2003,TAMPINES,EXECUTIVE,428957.4294117647,428000.0,170,147.24705882352941,87.25294117647059,742.0749117031971,13211.672706148147
2003,TAMPINES,MULTI-GENERATION,421666.6666666667,460000.0,3,154.66666666666666,83.0,200.86029336436525,14209.866898995533
2003,TOA PAYOH,2 ROOM,111223.68421052632,113500.0,38,43.94736842105263,64.57894736842105,470.4723643823492,6062.0005451160805
2003,TOA PAYOH,3 ROOM,174493.48500881833,177000.0,567,67.13227513227513,68.88359788359789,575.7410638602644,5991.613391466011
2003,TOA PAYOH,4 ROOM,281247.5213675214,270000.0,234,95.8974358974359,81.87179487179488,745.3945533699113,6049.01012406714
2003,TOA PAYOH,5 ROOM,400743.13513513515,395000.0,111,123.98198198198199,85.63963963963964,768.4116496514108,5994.998397240558
2003,TOA PAYOH,EXECUTIVE,443047.0588235294,427000.0,17,149.11764705882354,83.94117647058823,668.9553800283499,6088.854781782337
2003,WOODLANDS,2 ROOM,99000.0,99000.0,1,45.0,82.0,1314.447297477601,20052.68377109522
2003,WOODLANDS,3 ROOM,134264.91722595078,132000.0,447,70.18568232662193,78.6152125279642,822.5630802251942,19216.561039278262
2003,WOODLANDS,4 ROOM,210629.2874186551,212000.0,1844,99.1675704989154,91.96691973969631,601.6773851915244,18279.684765517068
2003,WOODLANDS,5 ROOM,285233.2182857143,285000.0,875,122.92571428571429,92.56228571428572,567.4551880571496,18272.78370561302
2003,WOODLANDS,EXECUTIVE,399077.2793522267,396000.0,247,155.80566801619435,92.15789473684211,487.74864040030303,18402.18082330338
2003,YISHUN,3 ROOM,146332.99734042553,146500.0,752,69.65425531914893,81.68218085106383,618.8773358741332,16303.589266631976
2003,YISHUN,4 ROOM,192437.03380588876,192000.0,917,93.74918211559432,82.61286804798254,725.1313644889706,15988.061601557964
2003,YISHUN,5 ROOM,282470.4918032787,279000.0,183,123.29508196721312,83.30054644808743,572.8913961158261,15824.484326247159
2003,YISHUN,EXECUTIVE,364567.875,355500.0,72,148.72222222222223,84.36111111111111,800.2862397127915,15683.840708657362
2003,YISHUN,MULTI-GENERATION,406285.71428571426,420000.0,7,168.57142857142858,83.0,850.7568826913024,15080.949617460063
2004,ANG MO KIO,2 ROOM,114027.0,114600.0,30,44.6,76.66666666666667,395.5679817346876,9698.829069780644
2004,ANG MO KIO,3 ROOM,180573.17382999044,175000.0,1047,71.35625596943649,74.5549188156638,621.8416337429102,9812.142490817787
2004,ANG MO KIO,4 ROOM,243373.41176470587,240000.0,306,93.69934640522875,75.08169934640523,596.2588571288693,9781.527086977489
2004,ANG MO KIO,5 ROOM,351259.8736842105,354000.0,95,123.41052631578947,78.71578947368421,610.3475439287753,9822.151130100447
2004,ANG MO KIO,EXECUTIVE,431269.23076923075,465000.0,13,154.92307692307693,85.15384615384616,565.2447868352995,10413.560950218622
2004,BEDOK,2 ROOM,110680.0,113500.0,25,44.92,80.36,482.8858428442492,9508.250136057744
2004,BEDOK,3 ROOM,179319.81952117864,178000.0,1086,68.35635359116021,74.73756906077348,823.615959597343,10076.604755913384
2004,BEDOK,4 ROOM,235287.80407523512,232000.0,638,93.05799373040752,78.71316614420063,678.3584668453124,10071.242123155458
2004,BEDOK,5 ROOM,327951.171314741,330000.0,251,122.75697211155378,79.0199203187251,753.8651732600396,9847.786220826392
2004,BEDOK,EXECUTIVE,395289.2631578947,385000.0,57,144.859649122807,85.71929824561404,669.6192504760618,9065.921071986537
2004,BISHAN,3 ROOM,184643.00917431194,180000.0,109,65.37614678899082,79.21100917431193,525.9419216115994,7644.782896207975
2004,BISHAN,4 ROOM,282615.0965909091,280000.0,352,98.21022727272727,84.50568181818181,715.9584145721017,7858.883252598945
2004,BISHAN,5 ROOM,379631.25641025644,375250.0,156,123.89102564102564,84.48717948717949,656.9243025441073,7674.04892292464
2004,BISHAN,EXECUTIVE,466845.0188679245,460000.0,53,148.1509433962264,85.01886792452831,742.1100064184881,8027.4629643326925
2004,BISHAN,MULTI-GENERATION,507500.0,507500.0,2,166.0,82.0,844.1796890802154,6788.244144154121
2004,BUKIT BATOK,3 ROOM,163563.75825825825,161750.0,666,68.67567567567568,80.6921921921922,640.3704754183811,13643.16482151548
2004,BUKIT BATOK,4 ROOM,228727.04500978475,229500.0,511,96.9921722113503,82.71624266144813,628.8754544632167,13624.47565742233
2004,BUKIT BATOK,5 ROOM,321343.4516129032,323500.0,124,125.53225806451613,85.25,728.306875062089,13310.053584900397
2004,BUKIT BATOK,EXECUTIVE,383954.73170731706,377000.0,82,146.8170731707317,85.02439024390245,678.5514752266743,13435.810329651364
2004,BUKIT MERAH,1 ROOM,65204.76190476191,63000.0,21,31.0,70.0,1211.7946074494985,3588.8321407213525
2004,BUKIT MERAH,2 ROOM,105864.28571428571,103000.0,42,46.285714285714285,66.9047619047619,381.23035088394926,3587.855769844662
2004,BUKIT MERAH,3 ROOM,180827.17721518988,179000.0,553,66.72151898734177,71.374321880651,730.8504224937511,3352.2955261141838
2004,BUKIT MERAH,4 ROOM,292580.80876494024,280000.0,251,93.56573705179282,80.40637450199203,724.4224048996722,3603.414889374668
2004,BUKIT MERAH,5 ROOM,399722.12587412586,405000.0,143,123.32867132867133,82.60839160839161,645.8650330993909,3739.4643004066434
2004,BUKIT PANJANG,3 ROOM,161829.86111111112,160000.0,144,71.91666666666667,83.05555555555556,970.0511010284473,13664.30813079055
2004,BUKIT PANJANG,4 ROOM,212359.54329004328,210500.0,462,98.92640692640693,88.42857142857143,909.5244036994835,14220.899353590417
2004,BUKIT PANJANG,5 ROOM,284448.79910714284,290000.0,224,121.54464285714286,90.58035714285714,816.2627869412997,14339.417265921327
2004,BUKIT PANJANG,EXECUTIVE,356738.46153846156,346000.0,65,143.6769230769231,88.53846153846153,817.8510646428583,14228.66134692815
2004,BUKIT TIMAH,3 ROOM,197666.66666666666,195000.0,21,68.52380952380952,69.85714285714286,212.74022188511861,6259.987795416776
2004,BUKIT TIMAH,4 ROOM,289245.8333333333,291250.0,24,100.20833333333333,79.125,362.81235730667385,9336.970634392434
2004,BUKIT TIMAH,5 ROOM,396246.35294117645,398000.0,17,123.05882352941177,77.47058823529412,279.2275004258681,8813.007968682821
2004,BUKIT TIMAH,EXECUTIVE,474233.3333333333,489000.0,12,147.33333333333334,83.41666666666667,394.6780785059903,10488.925909617266
2004,CENTRAL AREA,2 ROOM,123525.0,125000.0,12,52.5,69.16666666666667,623.1107749350166,1421.76994737987
2004,CENTRAL AREA,3 ROOM,208389.34265734267,210000.0,143,66.02097902097903,73.22377622377623,279.0567291463568,1686.4158766956932
2004,CENTRAL AREA,4 ROOM,298592.07692307694,302500.0,52,91.0576923076923,76.3076923076923,269.6706145680725,1937.5520428764798
2004,CENTRAL AREA,5 ROOM,377400.0,360000.0,5,139.2,78.6,254.91724200813277,2739.7167348540884
2004,CHOA CHU KANG,3 ROOM,156921.1489361702,151500.0,94,73.1063829787234,77.53191489361703,826.1718528419874,15223.121484256035
2004,CHOA CHU KANG,4 ROOM,232181.9930232558,233000.0,860,103.79418604651163,90.5593023255814,688.7923061769811,16571.77375806348
2004,CHOA CHU KANG,5 ROOM,304258.31111111114,304750.0,360,124.16944444444445,90.77777777777777,619.1212233371618,16618.174293923486
2004,CHOA CHU KANG,EXECUTIVE,363370.8349514563,358000.0,103,145.46601941747574,89.9126213592233,631.8898844175679,16522.501761093798
2004,CLEMENTI,3 ROOM,182067.20512820513,179500.0,546,69.81868131868131,74.37179487179488,717.6180016385682,10182.002484710169
2004,CLEMENTI,4 ROOM,252011.15584415584,250000.0,231,93.14718614718615,74.9004329004329,784.2887936282536,10135.009178218648
2004,CLEMENTI,5 ROOM,355992.98630136985,355000.0,73,122.41095890410959,75.17808219178082,785.7513615000535,9870.645766986243
2004,CLEMENTI,EXECUTIVE,411155.55555555556,409000.0,18,152.61111111111111,79.16666666666667,1033.7663088551426,10187.935819192884
2004,GEYLANG,2 ROOM,102219.09090909091,102000.0,55,45.127272727272725,65.6,335.5370365107533,6266.875499007093
2004,GEYLANG,3 ROOM,162279.7457305503,160000.0,527,62.514231499051235,69.24667931688805,427.0113262713334,6191.353814655884
2004,GEYLANG,4 ROOM,246037.9829059829,243000.0,234,92.92735042735043,80.50854700854701,414.0972599526431,6220.147946059583
2004,GEYLANG,5 ROOM,343802.85148514854,350000.0,101,123.27722772277228,80.67326732673267,455.9948904845856,6118.2197694225215
2004,GEYLANG,EXECUTIVE,394830.76923076925,411000.0,13,147.69230769230768,81.23076923076923,505.15987974633424,6732.463578690886
2004,HOUGANG,3 ROOM,167302.52452025586,168000.0,469,68.7910447761194,78.41577825159915,804.4729685641355,10170.314033764069
2004,HOUGANG,4 ROOM,231933.02445302447,235000.0,777,98.1994851994852,85.44272844272844,837.3715886582272,10505.948176249056
2004,HOUGANG,5 ROOM,310801.0057142857,314500.0,350,121.19428571428571,89.13142857142857,943.8495148354394,10641.539842006181
2004,HOUGANG,EXECUTIVE,385410.15625,380000.0,128,145.15625,86.953125,748.4906562520806,10674.80192319798
2004,JURONG EAST,3 ROOM,165919.7486631016,165000.0,374,71.36363636363636,76.79144385026738,824.5348842406277,13935.18580154069
2004,JURONG EAST,4 ROOM,232108.50205761316,228000.0,243,97.95884773662551,83.88065843621399,849.2485443677937,13808.25658983025
2004,JURONG EAST,5 ROOM,305741.4583333333,310500.0,168,120.71428571428571,84.5297619047619,871.1170609126608,13613.581148886587
2004,JURONG EAST,EXECUTIVE,388806.5352112676,395000.0,71,145.73239436619718,88.59154929577464,725.097889100444,13915.346015281866
2004,JURONG WEST,3 ROOM,156893.67545076282,158500.0,721,67.71151178918169,73.59778085991678,832.1668944486026,16638.40477650675
2004,JURONG WEST,4 ROOM,228232.32248803828,230000.0,1045,97.97894736842105,89.29377990430622,675.5768198638817,17513.772871974612
2004,JURONG WEST,5 ROOM,283911.3553530752,283000.0,439,120.67425968109339,89.34851936218679,706.3382417458907,17540.518480813585
2004,JURONG WEST,EXECUTIVE,344414.95,348000.0,100,145.28,88.84,987.7935469065338,17235.964848986416
2004,KALLANG/WHAMPOA,2 ROOM,116328.125,120000.0,32,48.15625,69.0,428.6152755536705,4268.088553929253
2004,KALLANG/WHAMPOA,3 ROOM,183050.70781893004,170000.0,486,68.18518518518519,70.89506172839506,476.47504181504553,4541.410903813698
2004,KALLANG/WHAMPOA,4 ROOM,272412.3846153846,265000.0,208,95.74038461538461,80.5625,474.2861020354281,4302.200503685081
2004,KALLANG/WHAMPOA,5 ROOM,366307.1111111111,375000.0,81,123.58024691358025,82.32098765432099,506.16421130987965,4432.096403780101
2004,KALLANG/WHAMPOA,EXECUTIVE,408250.0,399000.0,8,148.625,80.625,610.1351490044601,4512.631559330464
2004,MARINE PARADE,3 ROOM,218730.37037037036,220000.0,135,68.06666666666666,70.27407407407408,1891.340979144811,7224.454324539548
2004,MARINE PARADE,4 ROOM,278104.44444444444,280000.0,45,86.06666666666666,70.42222222222222,1891.6662971472197,7102.619096057668
2004,MARINE PARADE,5 ROOM,428958.358490566,430000.0,53,122.0,70.75471698113208,1926.050804448845,7189.3615569584545
2004,PASIR RIS,2 ROOM,148000.0,148000.0,1,55.0,89.0,932.8284774223002,14917.773088298818
2004,PASIR RIS,3 ROOM,138333.33333333334,150000.0,3,66.33333333333333,75.33333333333333,3467.6184475962236,19138.07346293544
2004,PASIR RIS,4 ROOM,249417.18489583334,248000.0,384,105.74739583333333,87.18489583333333,1083.651219602407,14914.683749119919
2004,PASIR RIS,5 ROOM,310465.4552845528,310000.0,246,126.67073170731707,88.5040650406504,1129.2864011700806,14767.734975006766
2004,PASIR RIS,EXECUTIVE,395550.6285714286,395000.0,210,147.62857142857143,88.3,1029.3442989714952,14988.326313799023
2004,QUEENSTOWN,2 ROOM,104481.15,104500.0,120,45.541666666666664,65.625,447.477029883188,6179.824479711966
2004,QUEENSTOWN,3 ROOM,174378.88487282462,171000.0,747,62.19143239625167,67.26907630522088,500.29143172343106,6606.710071220189
2004,QUEENSTOWN,4 ROOM,320132.53125,319000.0,128,93.7734375,81.015625,450.3337733680602,5989.751124605365
2004,QUEENSTOWN,5 ROOM,429778.0714285714,434000.0,56,123.64285714285714,83.42857142857143,467.60322893377406,6664.909691401886
2004,QUEENSTOWN,EXECUTIVE,593125.0,582500.0,8,148.875,90.0,205.20642741717023,5390.533371451925
2004,SEMBAWANG,4 ROOM,225985.33783783784,226000.0,296,94.73310810810811,94.77364864864865,481.42816593524236,18754.82992333454
2004,SEMBAWANG,5 ROOM,290732.6783625731,290000.0,171,117.13450292397661,94.28654970760233,450.97288146084674,18558.131075851852
2004,SEMBAWANG,EXECUTIVE,369685.14285714284,365000.0,21,138.33333333333334,93.57142857142857,455.82282990645774,18465.002698513228
2004,SENGKANG,4 ROOM,242495.9224137931,242000.0,464,96.51508620689656,94.38793103448276,771.1316113741028,12913.876806358556
2004,SENGKANG,5 ROOM,308580.8115942029,306000.0,276,118.23188405797102,94.3586956521739,758.5554365769262,12953.206662973584
2004,SENGKANG,EXECUTIVE,368759.25925925927,365000.0,54,137.62962962962962,94.05555555555556,859.6067833269356,12925.54268019006
2004,SERANGOON,2 ROOM,105666.66666666667,105500.0,6,44.0,73.0,478.57526735624606,7817.492573445646
2004,SERANGOON,3 ROOM,168761.06358381503,168000.0,173,65.74566473988439,79.22543352601156,778.5808079740056,8530.11998940037
2004,SERANGOON,4 ROOM,236225.93569131833,229500.0,311,96.56591639871382,82.83279742765274,939.236933123162,8683.599019154868
2004,SERANGOON,5 ROOM,317070.40425531915,317000.0,94,122.23404255319149,86.03191489361703,1265.3310821229754,9227.565082063848
2004,SERANGOON,EXECUTIVE,388621.0857142857,382000.0,70,145.92857142857142,86.44285714285714,1183.3891243410792,9073.02828578781
2004,TAMPINES,3 ROOM,194869.07573149743,194000.0,581,72.66092943201377,79.87263339070569,649.6656452867406,13055.038947061887
2004,TAMPINES,4 ROOM,257628.9219114219,258000.0,858,100.96969696969697,84.24242424242425,702.0646042706359,13179.818874199755
2004,TAMPINES,5 ROOM,324043.53452115814,321000.0,449,124.15590200445435,86.5011135857461,722.0171856188213,13385.294822237125
2004,TAMPINES,EXECUTIVE,402281.17333333334,400000.0,150,146.3,85.84,792.2835576637772,13156.59654141189
2004,TAMPINES,MULTI-GENERATION,423000.0,411000.0,6,166.0,82.0,182.94225724168788,14199.12370810225
2004,TOA PAYOH,2 ROOM,114841.66666666667,114000.0,36,43.888888888888886,64.05555555555556,486.2467154880761,6069.447288999287
2004,TOA PAYOH,3 ROOM,183941.3672413793,183000.0,580,67.06724137931035,68.07758620689656,608.9032959087284,5983.5641909575625
2004,TOA PAYOH,4 ROOM,296493.30303030304,294500.0,198,96.05555555555556,82.57070707070707,617.6919109504138,6004.8135112061345
2004,TOA PAYOH,5 ROOM,388980.2631578947,408000.0,133,122.5187969924812,86.18796992481202,708.0922315684384,5974.50107216675
2004,TOA PAYOH,EXECUTIVE,431042.1052631579,440000.0,19,151.0,82.6842105263158,508.95409257847973,6105.335546692714
2004,WOODLANDS,2 ROOM,92000.0,92000.0,2,45.0,81.0,1314.447297477601,20052.68377109522
2004,WOODLANDS,3 ROOM,154428.08355091384,155000.0,383,69.99477806788512,77.17493472584856,855.2650170434729,19258.479279294832
2004,WOODLANDS,4 ROOM,225086.82740585774,226225.0,1912,98.3373430962343,91.65951882845188,556.7908802683179,18245.004509506376
2004,WOODLANDS,5 ROOM,284275.16759776534,280000.0,895,121.34748603351956,91.94413407821229,530.8303362616892,18201.074528155896
2004,WOODLANDS,EXECUTIVE,380836.01639344264,380000.0,244,155.79098360655738,90.8811475409836,487.2377829520443,18418.88252647614
2004,YISHUN,3 ROOM,164232.46272493573,163000.0,778,69.2133676092545,80.74293059125964,618.9719483359157,16265.723855157801
2004,YISHUN,4 ROOM,201460.9906323185,202000.0,854,93.68266978922716,81.96018735362998,716.506952293426,16025.754624436224
2004,YISHUN,5 ROOM,282681.1843575419,277500.0,179,122.16201117318435,83.13966480446928,594.5722370009788,15959.371307057669
2004,YISHUN,EXECUTIVE,348536.5142857143,345584.0,70,148.37142857142857,82.97142857142858,816.7144697480811,15743.262092811163
2004,YISHUN,MULTI-GENERATION,407250.0,415000.0,4,171.5,82.0,841.4815650655446,15077.633649482123
2005,ANG MO KIO,2 ROOM,116871.5,118000.0,32,44.46875,74.5625,408.6686939689679,9633.459581368119
2005,ANG MO KIO,3 ROOM,174737.68047882136,168000.0,1086,70.80939226519337,73.69981583793738,642.8001207864453,9774.964320772742
2005,ANG MO KIO,4 ROOM,251673.41147132168,242000.0,401,93.62593516209476,77.42892768079801,609.6785624175732,9637.347522005528
2005,ANG MO KIO,5 ROOM,347581.6766467066,340000.0,167,121.59880239520957,78.97604790419162,612.0679131064186,9731.007801238848
2005,ANG MO KIO,EXECUTIVE,408773.2,416944.0,20,153.25,84.75,572.8654553628752,10227.792051387236
2005,BEDOK,2 ROOM,118282.60869565218,120000.0,23,45.04347826086956,75.82608695652173,766.8251113280252,9314.959269657978
2005,BEDOK,3 ROOM,172688.9638055843,169000.0,967,68.36091003102378,73.68562564632886,807.9792029159089,10094.413271372927
2005,BEDOK,4 ROOM,231240.39310344827,228000.0,580,93.70517241379311,78.12931034482759,687.5263339549664,10068.606918410404
2005,BEDOK,5 ROOM,321215.79069767444,320000.0,301,121.65448504983388,79.64119601328903,745.1749135993672,9917.972358814015
2005,BEDOK,EXECUTIVE,370465.1842105263,370000.0,76,146.1315789473684,83.36842105263158,640.3715901679554,9500.214644825835
2005,BISHAN,3 ROOM,174366.31578947368,175000.0,95,65.71578947368421,77.03157894736842,538.4615120159309,7778.927879615169
2005,BISHAN,4 ROOM,278804.87066246057,280000.0,317,98.801261829653,83.63091482649843,740.6020005807089,7905.951958923668
2005,BISHAN,5 ROOM,358921.45454545453,351000.0,176,123.61931818181819,83.4659090909091,704.9120045688695,7773.140282791948
2005,BISHAN,EXECUTIVE,434229.17647058825,425000.0,51,153.68627450980392,83.31372549019608,689.3404233516976,7981.354634404289
2005,BISHAN,MULTI-GENERATION,488000.0,488000.0,1,165.0,81.0,979.249449678622,6781.861162560833
2005,BUKIT BATOK,3 ROOM,161297.06402439025,158000.0,656,68.69969512195122,79.71341463414635,642.245544811305,13689.433337569142
2005,BUKIT BATOK,4 ROOM,228110.65764023212,225000.0,517,97.15280464216634,82.28820116054159,643.7199242269186,13515.401953698323
2005,BUKIT BATOK,5 ROOM,317084.44715447153,320000.0,123,125.66666666666667,84.9349593495935,712.0604026439811,13344.355521484193
2005,BUKIT BATOK,EXECUTIVE,365848.8085106383,355000.0,94,146.13829787234042,84.31914893617021,681.435447801788,13502.153076221422
2005,BUKIT MERAH,1 ROOM,72195.65217391304,75000.0,23,31.0,69.0,1211.7946074494985,3588.832140721352
2005,BUKIT MERAH,2 ROOM,110633.33333333333,105000.0,39,46.46153846153846,65.71794871794872,361.90505919862557,3290.5207904582257
2005,BUKIT MERAH,3 ROOM,176427.2513761468,173000.0,545,65.74495412844037,69.98899082568808,676.8673255307575,3300.0053492004854
2005,BUKIT MERAH,4 ROOM,303467.7581699346,298000.0,306,94.46078431372548,83.00653594771242,651.1279123393612,3606.663903171967
2005,BUKIT MERAH,5 ROOM,386576.74860335194,380000.0,179,121.04469273743017,82.62011173184358,675.5030049272037,3665.5924859904753
2005,BUKIT PANJANG,3 ROOM,158407.94701986754,155000.0,151,72.02649006622516,82.03973509933775,987.3414817388688,13706.455960210174
2005,BUKIT PANJANG,4 ROOM,215340.31677018633,220000.0,483,97.0248447204969,89.27743271221532,908.5892507530439,14374.304965207837
2005,BUKIT PANJANG,5 ROOM,279154.75083056476,285000.0,301,118.52491694352159,90.79734219269103,805.4461446070269,14441.7775523698
2005,BUKIT PANJANG,EXECUTIVE,345425.71764705883,340000.0,85,141.7058823529412,89.32941176470588,834.4850710591561,14344.026278522775
2005,BUKIT TIMAH,3 ROOM,197856.2857142857,194250.0,14,69.64285714285714,69.0,197.4986287448308,6255.028267452428
2005,BUKIT TIMAH,4 ROOM,281946.4285714286,283500.0,28,98.89285714285714,76.78571428571429,365.1363395025846,8884.129073414308
2005,BUKIT TIMAH,5 ROOM,363045.45454545453,363000.0,22,123.13636363636364,79.72727272727273,359.82861658072477,9845.609365188495
2005,BUKIT TIMAH,EXECUTIVE,424066.6666666667,438000.0,15,147.33333333333334,82.4,394.16882463895126,10518.052382703818
2005,CENTRAL AREA,2 ROOM,124011.05882352941,125000.0,17,51.76470588235294,69.41176470588235,611.6829646556743,1449.8781528160723
2005,CENTRAL AREA,3 ROOM,206734.61538461538,206500.0,156,64.51923076923077,72.17948717948718,263.7893698526747,1712.9289113516852
2005,CENTRAL AREA,4 ROOM,285685.5,285000.0,56,87.82142857142857,75.625,275.6653620240424,1843.706522837492
2005,CENTRAL AREA,5 ROOM,289000.0,283000.0,4,127.75,74.75,272.65418739599727,2100.0136383939466
2005,CHOA CHU KANG,3 ROOM,153950.0,150000.0,56,72.60714285714286,77.39285714285714,868.745046949728,15261.368234889886
2005,CHOA CHU KANG,4 ROOM,227231.91812080538,225500.0,745,103.78657718120806,88.9275167785235,657.5493566157103,16497.83644706659
2005,CHOA CHU KANG,5 ROOM,286226.8779342723,285000.0,426,124.64553990610328,89.73474178403755,630.1740297178115,16586.48087286039
2005,CHOA CHU KANG,EXECUTIVE,341709.9142857143,342500.0,140,144.95714285714286,89.05714285714286,608.6085137425047,16577.810130090907
2005,CLEMENTI,3 ROOM,179657.59712230216,176000.0,556,69.78597122302158,73.55935251798562,730.4607903644642,10131.638788305625
2005,CLEMENTI,4 ROOM,253347.51063829788,250000.0,235,93.10212765957446,74.30212765957447,779.8249821308005,10079.641597835236
2005,CLEMENTI,5 ROOM,351437.6901408451,350000.0,71,122.56338028169014,74.32394366197182,803.5303663132734,9844.509734071813
2005,CLEMENTI,EXECUTIVE,381762.5,403000.0,24,149.91666666666666,77.625,1034.3892034283847,10157.320014283285
2005,GEYLANG,2 ROOM,104490.38461538461,104000.0,52,44.21153846153846,64.3076923076923,316.94526140103585,6169.937530416543
2005,GEYLANG,3 ROOM,160099.8576923077,155000.0,520,61.76923076923077,67.99807692307692,419.3403123235185,6063.95022873413
2005,GEYLANG,4 ROOM,242570.40350877194,240000.0,228,93.75877192982456,80.26315789473684,436.4604266177984,6235.2730574213
2005,GEYLANG,5 ROOM,342522.82608695654,352500.0,92,123.91304347826087,79.3586956521739,452.7017855794851,5957.683819100863
2005,GEYLANG,EXECUTIVE,397363.63636363635,389000.0,22,148.1818181818182,80.13636363636364,391.64672662678817,6295.674296679404
2005,HOUGANG,3 ROOM,160997.2129032258,160000.0,465,68.10537634408603,77.87096774193549,804.4621138485215,10186.53009047891
2005,HOUGANG,4 ROOM,223277.88381742738,227000.0,723,98.02904564315352,84.14522821576763,819.5453251707268,10553.18675124283
2005,HOUGANG,5 ROOM,290173.8,286750.0,305,122.14426229508197,86.96065573770491,942.2964564020316,10554.177049073425
2005,HOUGANG,EXECUTIVE,353106.17333333334,350000.0,150,144.85333333333332,85.68666666666667,826.6011775724439,10636.757355007814
2005,JURONG EAST,3 ROOM,162141.53943217665,163000.0,317,70.66876971608833,76.00946372239747,824.0731055142517,13926.344275385272
2005,JURONG EAST,4 ROOM,224940.02469135803,220000.0,243,97.73662551440329,81.65843621399176,895.1213614690985,13791.73583738413
2005,JURONG EAST,5 ROOM,297238.58192090393,301000.0,177,121.92655367231639,82.80225988700565,836.9728630790653,13682.62235065246
2005,JURONG EAST,EXECUTIVE,373268.9411764706,390000.0,68,145.2941176470588,87.95588235294117,725.965010768133,13855.797529925507
2005,JURONG WEST,3 ROOM,157714.86184210525,155000.0,608,68.77467105263158,73.23190789473684,848.3900822987384,16618.65892191217
2005,JURONG WEST,4 ROOM,222310.49376558603,224500.0,1203,97.3067331670823,88.75062344139651,698.896500759247,17435.242986693636
2005,JURONG WEST,5 ROOM,275068.2908366534,280000.0,502,119.62549800796813,88.60756972111554,679.1799196188024,17503.62601261218
2005,JURONG WEST,EXECUTIVE,324291.8271604938,323400.0,162,143.59259259259258,87.69135802469135,899.895150667685,17343.665117683136
2005,KALLANG/WHAMPOA,2 ROOM,114894.4,116500.0,20,47.05,66.95,413.4734263575953,3991.5459754553713
2005,KALLANG/WHAMPOA,3 ROOM,176050.15456674472,168000.0,427,66.73536299765809,70.65105386416862,469.9308859044937,4399.7756054855
2005,KALLANG/WHAMPOA,4 ROOM,264461.21904761903,258750.0,210,95.16666666666667,79.64761904761905,496.68228784194673,4324.735082721471
2005,KALLANG/WHAMPOA,5 ROOM,358371.74774774775,369388.0,111,123.22522522522523,80.77477477477477,491.88702788339344,4370.944105387263
2005,KALLANG/WHAMPOA,EXECUTIVE,395607.14285714284,407500.0,14,146.21428571428572,82.14285714285714,704.0972426045282,4778.394514170044
2005,MARINE PARADE,3 ROOM,213732.13223140495,212000.0,121,67.73553719008264,69.22314049586777,1865.4914522661163,7252.287731265008
2005,MARINE PARADE,4 ROOM,280116.92307692306,280000.0,65,85.8,69.46153846153847,1879.987134554547,7064.829161316553
2005,MARINE PARADE,5 ROOM,408894.1,409000.0,60,122.0,69.75,1894.9824606244292,7174.472552880158
2005,PASIR RIS,2 ROOM,150000.0,150000.0,1,55.0,88.0,932.8284774223002,14917.773088298818
2005,PASIR RIS,3 ROOM,152033.33333333334,151000.0,6,66.0,74.33333333333333,3457.4358372506454,19136.904151125364
2005,PASIR RIS,4 ROOM,238174.99523809523,237000.0,420,105.72380952380952,86.33809523809524,1106.373288807294,14888.337936023201
2005,PASIR RIS,5 ROOM,293305.51955307263,290000.0,358,126.10614525139665,87.60335195530726,1116.5390196582257,14734.892464475617
2005,PASIR RIS,EXECUTIVE,370966.2168674699,367000.0,249,147.37751004016064,87.4578313253012,1061.6567827024992,15035.373175796734
2005,PUNGGOL,4 ROOM,251000.0,252000.0,5,89.4,97.0,1595.3456760813065,13994.0334478395
2005,PUNGGOL,5 ROOM,301418.8,303944.0,10,110.0,97.3,1737.2958524583496,14167.534897528454
2005,QUEENSTOWN,2 ROOM,109017.58241758242,110000.0,91,45.54945054945055,64.73626373626374,443.01088576258485,6166.7066983595505
2005,QUEENSTOWN,3 ROOM,170228.9929078014,166000.0,705,61.66808510638298,66.40992907801419,492.5838307631066,6564.945065907943
2005,QUEENSTOWN,4 ROOM,312170.2291666667,319000.0,144,95.86805555555556,80.875,481.73332726217086,6036.315727632289
2005,QUEENSTOWN,5 ROOM,413215.7073170732,410000.0,82,122.36585365853658,81.53658536585365,426.32197090517064,6583.074219135394
2005,QUEENSTOWN,EXECUTIVE,505600.0,519000.0,10,147.4,88.6,302.00019964741205,5905.288707638174
2005,SEMBAWANG,4 ROOM,227218.712890625,228000.0,512,94.458984375,94.53515625,468.7533363683019,18835.004592869238
2005,SEMBAWANG,5 ROOM,277448.8765432099,273500.0,324,113.33641975308642,94.3858024691358,451.13050830304167,18814.507553287312
2005,SEMBAWANG,EXECUTIVE,342319.4166666667,341750.0,60,137.11666666666667,93.33333333333333,472.85746138104423,18576.64917975849
2005,SENGKANG,4 ROOM,237718.7561728395,235000.0,648,92.52623456790124,94.375,748.9658071194962,13024.492968049753
2005,SENGKANG,5 ROOM,289258.4251626898,285000.0,461,114.59002169197397,94.13665943600867,705.6947927876686,13016.325115461546
2005,SENGKANG,EXECUTIVE,344272.4383561644,345000.0,73,137.3835616438356,93.3013698630137,865.6822972811243,12908.276683718455
2005,SERANGOON,2 ROOM,99800.0,99000.0,5,44.0,72.0,478.57526735624606,7817.4925734456465
2005,SERANGOON,3 ROOM,164218.60185185185,163000.0,216,65.48611111111111,78.06018518518519,816.8991384560369,8581.116359705062
2005,SERANGOON,4 ROOM,223321.84918032787,220000.0,305,94.94754098360656,81.93442622950819,1032.9563542470344,8822.799745811153
2005,SERANGOON,5 ROOM,295782.14285714284,294500.0,140,120.92142857142858,85.85714285714286,1325.8242632299227,9318.704838481843
2005,SERANGOON,EXECUTIVE,361036.1818181818,356000.0,66,146.77272727272728,85.10606060606061,1281.1598985800288,9267.692543161273
2005,TAMPINES,3 ROOM,185083.3499142367,185000.0,583,72.44253859348198,78.96569468267582,667.0539238139389,13067.596273887753
2005,TAMPINES,4 ROOM,249445.22625400213,249000.0,937,101.19957310565636,83.2486659551761,700.1668738151866,13181.868737566729
2005,TAMPINES,5 ROOM,304516.96697247704,300000.0,545,124.07155963302752,85.28807339449541,712.3467060409099,13443.672657877385
2005,TAMPINES,EXECUTIVE,378371.62637362635,375750.0,182,146.4945054945055,85.36263736263736,773.9758935416043,13186.468857705273
2005,TAMPINES,MULTI-GENERATION,445000.0,445000.0,1,166.0,81.0,129.1881488736557,14166.894135422404
2005,TOA PAYOH,2 ROOM,115363.63636363637,115000.0,33,42.72727272727273,64.27272727272727,412.27870172935997,5864.280381282596
2005,TOA PAYOH,3 ROOM,177448.57142857142,179000.0,532,66.74624060150376,66.7312030075188,577.2928164089415,5980.943837173299
2005,TOA PAYOH,4 ROOM,286066.25498007966,282500.0,251,94.85657370517929,81.4980079681275,648.4278377944697,5991.912572420859
2005,TOA PAYOH,5 ROOM,377803.10828025476,380000.0,157,123.10828025477707,85.89808917197452,714.8609917081518,5962.490378619824
2005,TOA PAYOH,EXECUTIVE,422277.2727272727,430000.0,22,149.3181818181818,83.27272727272727,440.84869252564476,6169.228186273257
2005,WOODLANDS,2 ROOM,88000.0,88000.0,1,45.0,80.0,1314.447297477601,20052.68377109522
2005,WOODLANDS,3 ROOM,156983.9135802469,157250.0,324,70.20061728395062,76.99074074074075,802.5422043132431,19155.878370683404
2005,WOODLANDS,4 ROOM,221449.26841359775,222000.0,1412,97.86048158640227,89.96742209631728,587.6668612212511,18307.275647360126
2005,WOODLANDS,5 ROOM,277068.5037406484,275000.0,802,121.36034912718205,91.19700748129675,515.4315473247104,18223.576521437375
2005,WOODLANDS,EXECUTIVE,356827.4672131148,355000.0,244,153.84426229508196,90.43852459016394,480.87343794749864,18346.991217251678
2005,YISHUN,3 ROOM,161046.17965653897,157000.0,757,69.51254953764861,79.59709379128137,655.4516797985706,16350.131404370926
2005,YISHUN,4 ROOM,195448.51351351352,194000.0,851,94.10575793184489,81.1316098707403,749.9085564707614,16044.519792667263
2005,YISHUN,5 ROOM,275616.1059907834,270000.0,217,121.84331797235023,82.69124423963133,604.8949860375203,15945.412176107284
2005,YISHUN,EXECUTIVE,336891.84,330000.0,75,148.17333333333335,82.02666666666667,740.6867443476065,15575.13119288471
2005,YISHUN,MULTI-GENERATION,391666.6666666667,390000.0,3,166.0,81.33333333333333,749.3483532566305,15189.847625666915
2006,ANG MO KIO,2 ROOM,121013.72549019608,122000.0,51,44.13725490196079,72.62745098039215,534.2145226184457,9496.531785163634
2006,ANG MO KIO,3 ROOM,172351.14826498422,166000.0,951,70.94111461619347,72.55520504731861,631.078945152774,9830.82783522807
2006,ANG MO KIO,4 ROOM,261571.20918367346,245000.0,392,92.9234693877551,77.75255102040816,583.9688774013473,9687.376782429697
2006,ANG MO KIO,5 ROOM,355816.6582278481,345000.0,158,120.86075949367088,79.12658227848101,609.1052692063921,9771.585386570967
2006,ANG MO KIO,EXECUTIVE,416000.0,410000.0,13,150.46153846153845,85.07692307692308,634.9410138062192,10295.212437987357
2006,BEDOK,2 ROOM,125300.0,124500.0,10,45.0,79.0,516.4701514733811,9576.202681278275
2006,BEDOK,3 ROOM,165335.40584415584,162000.0,924,68.2608225108225,72.57792207792208,802.3381417206946,10131.040648905895
2006,BEDOK,4 ROOM,223891.30019880715,220000.0,503,93.08151093439363,76.24254473161034,707.9363869221893,10038.272634105735
2006,BEDOK,5 ROOM,319336.75333333336,318000.0,300,121.57333333333334,78.79333333333334,741.6294297185759,9883.236231402825
2006,BEDOK,EXECUTIVE,374266.69333333336,372000.0,75,146.89333333333335,82.97333333333333,617.4287248686752,9189.11194168494
2006,BISHAN,3 ROOM,170510.88,170500.0,100,65.51,75.1,584.6930593563403,7917.48642140301
2006,BISHAN,4 ROOM,282892.1589403974,280000.0,302,98.08278145695364,82.34437086092716,731.3406484849693,7826.009071721604
2006,BISHAN,5 ROOM,368185.4888888889,365000.0,180,123.66666666666667,81.89444444444445,721.6853493370417,7663.9339063612515
2006,BISHAN,EXECUTIVE,428150.79365079367,425000.0,63,151.0952380952381,82.93650793650794,719.5341545033059,8041.86400077018
2006,BISHAN,MULTI-GENERATION,493333.3333333333,490000.0,3,163.33333333333334,80.0,709.1099284818088,6794.62712574741
2006,BUKIT BATOK,3 ROOM,155220.45641025642,155500.0,585,68.77264957264957,78.63589743589743,665.858930656329,13674.812304283923
2006,BUKIT BATOK,4 ROOM,229524.06682577566,228000.0,419,97.77326968973748,80.9689737470167,648.4766307420233,13594.343482951233
2006,BUKIT BATOK,5 ROOM,314778.6666666667,327000.0,147,126.17006802721089,82.63265306122449,675.0873218531958,13389.874746977464
2006,BUKIT BATOK,EXECUTIVE,364975.5391304348,355000.0,115,146.63478260869564,83.0695652173913,700.3093358744889,13545.376859036665
2006,BUKIT MERAH,1 ROOM,82575.0,84500.0,24,31.0,68.0,1211.7946074494985,3588.832140721353
2006,BUKIT MERAH,2 ROOM,115102.17391304347,115000.0,46,45.84782608695652,66.67391304347827,333.81813738850525,3935.6715664717062
2006,BUKIT MERAH,3 ROOM,182800.99389002036,177000.0,491,65.60896130346232,70.5478615071283,694.1886452222196,3213.2614178171557
2006,BUKIT MERAH,4 ROOM,316944.4034090909,314400.0,352,93.36931818181819,84.0965909090909,642.0397336673268,3280.8924824696396
2006,BUKIT MERAH,5 ROOM,403604.9421052632,393500.0,190,121.11578947368422,82.7578947368421,624.9921741201629,3435.128481567213
2006,BUKIT PANJANG,3 ROOM,150884.64,152000.0,125,71.92,81.088,996.7222519216116,13710.553450860034
2006,BUKIT PANJANG,4 ROOM,215396.41106719367,219000.0,506,95.91304347826087,89.65612648221344,927.8405278697217,14438.793607398738
2006,BUKIT PANJANG,5 ROOM,276928.83450704225,282000.0,284,116.52816901408451,91.36971830985915,816.2096570076296,14567.250552500413
2006,BUKIT PANJANG,EXECUTIVE,328793.88,329000.0,75,142.09333333333333,87.68,828.18551908677,14322.854664146027
2006,BUKIT TIMAH,3 ROOM,192044.4,192500.0,20,67.75,69.5,227.19383409534345,6722.419205925689
2006,BUKIT TIMAH,4 ROOM,299537.037037037,302000.0,27,101.48148148148148,78.14814814814815,413.96672731093844,9679.201753956233
2006,BUKIT TIMAH,5 ROOM,348850.0,331500.0,20,122.25,77.75,320.857613967394,9559.907967386582
2006,BUKIT TIMAH,EXECUTIVE,436272.7272727273,441000.0,11,147.45454545454547,81.54545454545455,411.0251761262634,10485.542723283672
2006,CENTRAL AREA,2 ROOM,131833.33333333334,130000.0,12,54.333333333333336,68.75,674.7563638030856,1360.3503218410424
2006,CENTRAL AREA,3 ROOM,213718.37168141594,215000.0,113,64.71681415929204,71.28318584070796,268.90555323419886,1785.6237903721599
2006,CENTRAL AREA,4 ROOM,292908.1451612903,297000.0,62,87.7741935483871,76.51612903225806,268.7750331748655,2030.160083707757
2006,CENTRAL AREA,5 ROOM,403833.3333333333,416000.0,3,137.66666666666666,78.0,111.20323664194522,2581.6901819313475
2006,CHOA CHU KANG,3 ROOM,150793.5,152000.0,46,72.71739130434783,77.67391304347827,925.1071281915401,15273.890381776257
2006,CHOA CHU KANG,4 ROOM,223107.4921875,222000.0,640,101.8078125,88.5515625,682.2467811008635,16575.490406595178
2006,CHOA CHU KANG,5 ROOM,276139.3631284916,275000.0,358,122.6927374301676,89.37988826815642,672.6276572906585,16692.845576434607
2006,CHOA CHU KANG,EXECUTIVE,338632.4503311258,330000.0,151,145.7086092715232,88.37748344370861,647.8889333705686,16566.385714013766
2006,CLEMENTI,2 ROOM,121125.0,122500.0,4,44.0,72.0,546.3148326935268,9939.470296543004
2006,CLEMENTI,3 ROOM,175075.2877846791,170000.0,483,68.72256728778468,72.78674948240166,768.6665171615275,10167.198395535339
2006,CLEMENTI,4 ROOM,270860.24019607843,260000.0,204,92.3921568627451,76.61274509803921,752.4042324282492,10094.14678489081
2006,CLEMENTI,5 ROOM,369716.27397260274,366000.0,73,121.89041095890411,74.67123287671232,733.7609532664569,9872.383328109567
2006,CLEMENTI,EXECUTIVE,409517.2413793103,415000.0,29,151.06896551724137,76.93103448275862,966.4509144241362,10171.18469977359
2006,GEYLANG,2 ROOM,110348.46153846153,109250.0,52,45.23076923076923,65.5,357.8634827886905,6177.5920350883935
2006,GEYLANG,3 ROOM,155683.81395348837,150000.0,430,61.765116279069765,67.12093023255814,431.4620993404773,6115.740048613894
2006,GEYLANG,4 ROOM,241627.22842639594,233000.0,197,93.80710659898477,78.03045685279187,467.2015225490941,6283.218911612859
2006,GEYLANG,5 ROOM,335165.2839506173,330000.0,81,124.33333333333333,75.90123456790124,456.7827523271796,6048.189287583448
2006,GEYLANG,EXECUTIVE,383227.52,373000.0,25,147.24,79.12,415.34607043208007,6337.978946783538
2006,HOUGANG,3 ROOM,155568.88235294117,155000.0,391,68.27109974424552,76.46803069053709,822.3921785712091,10018.839062939292
2006,HOUGANG,4 ROOM,219897.75867768595,222000.0,605,97.51570247933884,82.99338842975206,826.4291272321344,10500.577732943184
2006,HOUGANG,5 ROOM,287422.5551839465,287000.0,299,122.17391304347827,85.48160535117057,911.774934941786,10564.13468352454
2006,HOUGANG,EXECUTIVE,350803.20245398773,340000.0,163,144.78527607361963,84.9079754601227,856.2962624994385,10519.209453183072
2006,JURONG EAST,3 ROOM,155319.03787878787,160000.0,264,70.94318181818181,74.75757575757575,815.6370720995052,13922.664147282587
2006,JURONG EAST,4 ROOM,229252.0202020202,223000.0,198,96.88888888888889,82.44444444444444,859.5093897047643,13822.390590985098
2006,JURONG EAST,5 ROOM,289377.86826347304,285000.0,167,121.92814371257485,80.59281437125749,856.6443990776004,13760.020774187524
2006,JURONG EAST,EXECUTIVE,359385.91549295775,389500.0,71,146.11267605633802,85.1830985915493,815.5683313561046,13934.04478040824
2006,JURONG WEST,3 ROOM,148170.65523809523,147000.0,525,68.01714285714286,71.93714285714286,845.5492988595123,16645.093347506994
2006,JURONG WEST,4 ROOM,218756.58526740666,220000.0,991,97.21897073662967,88.19071644803229,747.0898807403975,17614.01964616614
2006,JURONG WEST,5 ROOM,274134.4748603352,280000.0,537,117.79329608938548,89.1340782122905,639.2903418619134,17597.308655287892
2006,JURONG WEST,EXECUTIVE,319290.75324675324,320000.0,154,142.65584415584416,87.32467532467533,924.903449339938,17122.040280175508
2006,KALLANG/WHAMPOA,2 ROOM,124675.0,127500.0,20,47.65,66.25,393.7968232133024,3853.9588358534556
2006,KALLANG/WHAMPOA,3 ROOM,180885.8429561201,170000.0,433,68.11547344110855,69.45727482678984,476.0169063764657,4395.651512218693
2006,KALLANG/WHAMPOA,4 ROOM,273762.3188405797,268000.0,207,96.00966183574879,78.20289855072464,477.0476114574475,4258.347475204083
2006,KALLANG/WHAMPOA,5 ROOM,362011.1929824561,368000.0,114,123.13157894736842,79.6140350877193,501.90892499266994,4428.392355857182
2006,KALLANG/WHAMPOA,EXECUTIVE,367894.7368421053,355000.0,19,147.26315789473685,79.26315789473684,703.8290095783227,4774.988121023039
2006,MARINE PARADE,3 ROOM,216621.80188679244,219500.0,106,68.08490566037736,68.19811320754717,1857.9649835622954,7270.181296278582
2006,MARINE PARADE,4 ROOM,282844.89795918367,285000.0,49,86.16326530612245,68.40816326530613,1902.5527080979618,7095.162757452356
2006,MARINE PARADE,5 ROOM,428605.4054054054,424000.0,74,121.44594594594595,68.72972972972973,1908.9157642733264,7219.554751858152
2006,PASIR RIS,3 ROOM,146062.5,150000.0,8,66.125,73.125,3455.0608126144725,19150.75993528265
2006,PASIR RIS,4 ROOM,237829.27717391305,235000.0,368,105.55978260869566,85.38586956521739,1099.5105985868402,14850.263307309928
2006,PASIR RIS,5 ROOM,284866.0512820513,283000.0,312,125.84294871794872,86.51282051282051,1166.9846677853413,14779.369978058776
2006,PASIR RIS,EXECUTIVE,362590.1434599156,361000.0,237,147.44303797468353,86.35021097046413,1029.5933694211283,14945.290882065277
2006,PUNGGOL,4 ROOM,251258.75,253000.0,80,90.0875,96.0125,1541.489309959501,14085.7402423305
2006,PUNGGOL,5 ROOM,301743.8432835821,303000.0,134,110.25373134328358,95.99253731343283,1528.3616447651436,14130.907929199673
2006,PUNGGOL,EXECUTIVE,357000.0,355000.0,6,129.66666666666666,96.16666666666667,1402.577918193785,13997.48290898453
2006,QUEENSTOWN,2 ROOM,115662.16216216216,115500.0,74,45.351351351351354,62.87837837837838,441.30831099428883,6166.905847103165
2006,QUEENSTOWN,3 ROOM,171908.82512733448,168000.0,589,61.97453310696095,65.21052631578948,484.5351449308908,6520.261060844905
2006,QUEENSTOWN,4 ROOM,326296.9494949495,335000.0,99,98.0909090909091,79.29292929292929,451.93524689874084,6073.616293462767
2006,QUEENSTOWN,5 ROOM,417482.48780487804,415500.0,82,120.97560975609755,79.5,466.27428656153677,6525.397888763062
2006,QUEENSTOWN,EXECUTIVE,513490.0,518750.0,20,147.65,87.7,283.7295794156732,5781.538548695307
2006,SEMBAWANG,4 ROOM,227876.98958333334,228000.0,384,93.61197916666667,93.58072916666667,489.7087146212689,18815.493890836864
2006,SEMBAWANG,5 ROOM,279214.61075949366,277000.0,316,112.87025316455696,93.64873417721519,418.5425993997654,18799.94621283004
2006,SEMBAWANG,EXECUTIVE,329276.68292682926,328000.0,82,135.28048780487805,92.97560975609755,508.2008653296991,18754.33491259075
2006,SENGKANG,4 ROOM,236967.3613445378,235000.0,595,91.65714285714286,94.0436974789916,775.8304555013004,12960.653096810875
2006,SENGKANG,5 ROOM,286139.01481481484,285000.0,540,113.35925925925926,93.70185185185186,760.70765207134,12960.052376925452
2006,SENGKANG,EXECUTIVE,340742.390625,344000.0,64,136.25,92.5,888.833273300077,12988.683847412438
2006,SERANGOON,2 ROOM,120000.0,120000.0,1,44.0,71.0,478.57526735624606,7817.4925734456465
2006,SERANGOON,3 ROOM,159835.63218390805,159000.0,174,65.13793103448276,77.32758620689656,910.51585772601,8688.958983550474
2006,SERANGOON,4 ROOM,230794.06101694916,226000.0,295,95.60677966101694,80.69830508474577,999.7816293634214,8756.755384598035
2006,SERANGOON,5 ROOM,297581.73076923075,291000.0,104,121.84615384615384,84.24038461538461,1347.7031218614627,9334.534200903525
2006,SERANGOON,EXECUTIVE,367646.511627907,359000.0,86,146.38372093023256,84.36046511627907,1326.679450692393,9293.422137321651
2006,TAMPINES,3 ROOM,180403.88212180746,181000.0,509,71.97838899803536,77.94302554027504,631.8246604192265,13043.293166601974
2006,TAMPINES,4 ROOM,248008.37668711657,248000.0,815,100.98895705521473,82.14601226993865,697.0396820337699,13289.930664960248
2006,TAMPINES,5 ROOM,298575.3016194332,295000.0,494,124.41497975708502,83.87044534412955,680.7705194139003,13468.918492367551
2006,TAMPINES,EXECUTIVE,373657.25925925927,373000.0,216,146.67592592592592,83.92592592592592,762.5203267884414,13066.693706720604
2006,TAMPINES,MULTI-GENERATION,350000.0,350000.0,2,132.0,80.0,182.94225724168786,14199.12370810225
2006,TOA PAYOH,2 ROOM,120244.64285714286,120400.0,28,42.92857142857143,62.07142857142857,464.0189289627244,5945.92020491993
2006,TOA PAYOH,3 ROOM,174047.86405959033,173000.0,537,66.59404096834264,65.85661080074487,633.9635225371677,6017.423014163436
2006,TOA PAYOH,4 ROOM,294247.7489539749,295000.0,239,96.78242677824268,81.46861924686192,669.6152386766116,5963.086995607067
2006,TOA PAYOH,5 ROOM,386444.05479452055,390000.0,146,123.17808219178082,84.78082191780823,746.0524042488577,5999.6161270422435
2006,TOA PAYOH,EXECUTIVE,411521.73913043475,408000.0,23,151.08695652173913,80.82608695652173,499.03684902322675,6067.379195614427
2006,WOODLANDS,3 ROOM,145786.07518796992,147000.0,266,70.06766917293233,75.35714285714286,859.4974258939641,19278.888983656347
2006,WOODLANDS,4 ROOM,213795.0994208494,218000.0,1036,97.54633204633204,88.88416988416988,593.6186965203872,18356.923123199744
2006,WOODLANDS,5 ROOM,272761.25239616615,275000.0,626,120.8035143769968,90.2332268370607,526.9190563549834,18240.2870380317
2006,WOODLANDS,EXECUTIVE,347566.3464566929,345000.0,254,153.85826771653544,89.71259842519684,486.2693539755718,18315.864525303004
2006,YISHUN,3 ROOM,152907.12927191678,152800.0,673,69.19167904903418,78.5334323922734,633.4888043390067,16321.80047656028
2006,YISHUN,4 ROOM,192587.11518324606,189500.0,764,94.032722513089,80.04450261780104,766.4682856246515,16020.225936127987
2006,YISHUN,5 ROOM,272588.09426229505,272000.0,244,122.40163934426229,81.18032786885246,622.2619119923621,15996.759375928954
2006,YISHUN,EXECUTIVE,328755.9294117647,328000.0,85,148.2941176470588,81.05882352941177,762.7579299351765,15608.691009725828
2006,YISHUN,MULTI-GENERATION,378125.0,386500.0,8,170.25,80.0,789.008775093801,15061.711222290278
2007,ANG MO KIO,2 ROOM,136646.5,135900.0,32,44.125,71.5,438.3559242195469,9586.95292191929
2007,ANG MO KIO,3 ROOM,184170.3075,177000.0,800,70.7375,71.54375,631.6607217983553,9804.540433447331
2007,ANG MO KIO,4 ROOM,287925.7974683544,269000.0,316,93.3132911392405,75.58544303797468,568.5148027779355,9703.96752592661
2007,ANG MO KIO,5 ROOM,392560.0588235294,378000.0,136,120.76470588235294,77.79411764705883,613.256705089163,9743.54885125822
2007,ANG MO KIO,EXECUTIVE,505866.5833333333,490400.0,24,153.75,83.79166666666667,642.0147405384387,10314.619564448616
2007,BEDOK,2 ROOM,133078.26086956522,128800.0,23,44.78260869565217,74.82608695652173,576.3378172310831,9788.531601221814
2007,BEDOK,3 ROOM,177188.42895442358,175000.0,746,68.08310991957104,71.68632707774799,815.7377915367055,10114.940022438635
2007,BEDOK,4 ROOM,241006.34819532908,234000.0,471,93.48195329087049,75.74309978768578,665.127330054258,10044.349475696976
2007,BEDOK,5 ROOM,351182.3333333333,341000.0,300,121.7,78.46666666666667,711.7956821996845,9982.607668212031
2007,BEDOK,EXECUTIVE,412350.88372093026,414000.0,86,146.58139534883722,81.81395348837209,690.589627442777,9265.484084265217
2007,BISHAN,3 ROOM,193988.57142857142,196500.0,70,65.6,73.98571428571428,562.5579545297966,7765.829223215946
2007,BISHAN,4 ROOM,315289.0395683453,310750.0,278,98.65467625899281,81.38129496402878,722.3889664039216,7864.32864378988
2007,BISHAN,5 ROOM,415341.75,401500.0,176,123.0284090909091,80.91477272727273,661.1140120340256,7671.312142160111
2007,BISHAN,EXECUTIVE,496875.8620689655,485500.0,58,152.67241379310346,81.46551724137932,651.3298372965129,7929.972005654609
2007,BISHAN,MULTI-GENERATION,410000.0,410000.0,2,140.5,79.0,844.1796890802154,6788.244144154121
2007,BUKIT BATOK,3 ROOM,163835.9731958763,162000.0,485,68.58350515463917,77.8020618556701,641.3823035247954,13712.61011983342
2007,BUKIT BATOK,4 ROOM,252463.58438287154,244500.0,397,96.72040302267003,81.09571788413098,622.1049897926408,13669.670441951002
2007,BUKIT BATOK,5 ROOM,356260.2314049587,356000.0,121,123.35537190082644,83.98347107438016,605.3019649175494,13511.769335507297
2007,BUKIT BATOK,EXECUTIVE,383303.9918699187,374000.0,123,148.0731707317073,80.91869918699187,673.0690492811839,13487.54258027083
2007,BUKIT MERAH,1 ROOM,97550.0,94500.0,14,31.0,67.0,1211.7946074494987,3588.8321407213525
2007,BUKIT MERAH,2 ROOM,130514.70588235294,130400.0,34,43.0,65.67647058823529,356.0074362503922,3801.3958565628113
2007,BUKIT MERAH,3 ROOM,207130.60294117648,200000.0,408,65.61519607843137,68.42647058823529,703.5714653703345,3295.7686135849194
2007,BUKIT MERAH,4 ROOM,364522.9137931034,374500.0,348,91.07471264367815,84.66091954022988,622.7881717050396,3270.037700841381
2007,BUKIT MERAH,5 ROOM,477345.3533834586,486000.0,266,119.03383458646617,83.90225563909775,629.3805223678514,3365.408257188397
2007,BUKIT PANJANG,3 ROOM,158276.45918367346,158500.0,98,71.74489795918367,80.08163265306122,969.2715152955129,13678.237088080696
2007,BUKIT PANJANG,4 ROOM,225772.66216216216,222250.0,444,96.42342342342343,88.53378378378379,1002.9104328194782,14461.541158295346
2007,BUKIT PANJANG,5 ROOM,290314.0408163265,289000.0,343,116.15160349854227,90.69096209912536,994.2847192073721,14575.487274233747
2007,BUKIT PANJANG,EXECUTIVE,352906.89795918367,348000.0,98,141.46938775510205,87.42857142857143,830.7582376402939,14383.156203714812
2007,BUKIT TIMAH,3 ROOM,232555.55555555556,230000.0,9,71.0,68.0,253.78872184767363,6743.831743360696
2007,BUKIT TIMAH,4 ROOM,317977.2727272727,315000.0,22,100.27272727272727,76.5,431.1858043685474,9441.688882574565
2007,BUKIT TIMAH,5 ROOM,433158.1176470588,410000.0,17,122.82352941176471,75.29411764705883,313.3487716254656,9071.953796807586
2007,BUKIT TIMAH,EXECUTIVE,552538.4615384615,630000.0,13,146.92307692307693,80.61538461538461,412.0974965007689,10485.323255916019
2007,CENTRAL AREA,2 ROOM,150400.0,143500.0,10,52.2,66.8,602.2371028399768,1424.2596273245188
2007,CENTRAL AREA,3 ROOM,249354.39175257733,244000.0,97,64.71134020618557,70.25773195876289,256.071883655507,1662.979118418414
2007,CENTRAL AREA,4 ROOM,346559.9310344828,327500.0,58,86.96551724137932,75.91379310344827,282.4537209681599,2007.7458337097655
2007,CENTRAL AREA,5 ROOM,456000.0,436000.0,7,122.71428571428571,82.57142857142857,276.9314499481232,2510.855800781458
2007,CHOA CHU KANG,3 ROOM,157880.9375,156500.0,64,72.0,75.453125,867.1921005346837,15243.799376034876
2007,CHOA CHU KANG,4 ROOM,235378.67482993196,235000.0,735,100.96462585034014,87.92925170068027,672.6373794889337,16617.36486531859
2007,CHOA CHU KANG,5 ROOM,292906.34398034395,286500.0,407,122.2014742014742,88.987714987715,642.1746133030651,16784.845184236638
2007,CHOA CHU KANG,EXECUTIVE,348841.8850574713,342000.0,174,144.7816091954023,87.2183908045977,656.9434753605826,16582.825562486254
2007,CLEMENTI,2 ROOM,140500.0,140500.0,2,44.0,71.0,546.3148326935268,9939.470296543004
2007,CLEMENTI,3 ROOM,195192.53333333333,189000.0,435,69.40919540229885,72.07586206896552,753.8297856048367,10202.01031632916
2007,CLEMENTI,4 ROOM,309568.3201754386,295000.0,228,92.23245614035088,76.86842105263158,739.2669950668378,10043.350108963477
2007,CLEMENTI,5 ROOM,422360.27397260274,420000.0,73,122.05479452054794,73.53424657534246,775.5248700409309,9801.785771886372
2007,CLEMENTI,EXECUTIVE,485529.8461538461,460000.0,13,150.84615384615384,76.07692307692308,987.5676916502463,10304.714924355756
2007,GEYLANG,2 ROOM,119560.0,119000.0,25,44.52,63.04,337.5653598521171,6237.870453484967
2007,GEYLANG,3 ROOM,168922.61904761905,163000.0,378,62.72222222222222,66.05555555555556,439.5258836315245,6102.65186653761
2007,GEYLANG,4 ROOM,270348.6310160428,260000.0,187,93.6470588235294,77.01604278074866,443.7251557996448,6136.587155966705
2007,GEYLANG,5 ROOM,369180.4597701149,370000.0,87,122.73563218390805,76.85057471264368,453.816366153646,6162.71424976077
2007,GEYLANG,EXECUTIVE,403332.14285714284,383000.0,28,147.28571428571428,78.28571428571429,469.9376845173601,6522.133693909037
2007,HOUGANG,3 ROOM,170058.67605633804,169000.0,284,68.25352112676056,75.51760563380282,804.085294113161,10081.923358951864
2007,HOUGANG,4 ROOM,238872.96835443037,240000.0,632,96.92879746835443,82.3243670886076,865.5110014105205,10492.68183238301
2007,HOUGANG,5 ROOM,320683.42307692306,314000.0,312,122.38141025641026,85.18910256410257,917.8383475610684,10477.144190870345
2007,HOUGANG,EXECUTIVE,387277.0,379225.0,169,145.3550295857988,83.4733727810651,769.3363150364855,10519.495284480028
2007,JURONG EAST,3 ROOM,167596.56357388315,169000.0,291,70.95189003436425,74.02749140893471,825.1863129513969,13943.00439090987
2007,JURONG EAST,4 ROOM,240377.99004975124,236000.0,201,96.3681592039801,81.71641791044776,908.0253962970612,13796.243621968924
2007,JURONG EAST,5 ROOM,314940.0427807487,313888.0,187,120.63636363636364,80.71657754010695,948.2222858584701,13555.724317210766
2007,JURONG EAST,EXECUTIVE,408192.0634920635,424800.0,63,145.0,85.73015873015873,781.5217880844328,13700.304719233052
2007,JURONG WEST,3 ROOM,156142.06732673268,154500.0,505,68.0079207920792,71.13465346534653,841.5328343230327,16566.9609236878
2007,JURONG WEST,4 ROOM,229799.87857961055,226000.0,873,97.98625429553265,86.61397479954181,767.6539098297122,17636.675264906196
2007,JURONG WEST,5 ROOM,284144.55350553506,290000.0,542,118.10332103321034,87.88376383763837,664.4140244589074,17654.393830940466
2007,JURONG WEST,EXECUTIVE,335387.677852349,338000.0,149,142.64429530201343,86.6241610738255,1003.9932342843854,17078.814552809807
2007,KALLANG/WHAMPOA,2 ROOM,141429.41176470587,136500.0,17,47.411764705882355,65.88235294117646,422.7870840289203,4070.567521651153
2007,KALLANG/WHAMPOA,3 ROOM,202023.78841309823,180000.0,397,67.44332493702771,68.39042821158691,509.90768263882575,4530.386622401449
2007,KALLANG/WHAMPOA,4 ROOM,308429.0717703349,299000.0,209,94.74162679425838,78.3444976076555,520.17169765784,4228.161932799816
2007,KALLANG/WHAMPOA,5 ROOM,403533.1984126984,401500.0,126,121.92857142857143,78.68253968253968,501.7877942013507,4393.460297671873
2007,KALLANG/WHAMPOA,EXECUTIVE,469735.29411764705,480000.0,17,144.76470588235293,80.23529411764706,555.5478534804308,4511.917225480592
2007,MARINE PARADE,3 ROOM,248518.4150943396,245000.0,106,67.54716981132076,67.21698113207547,1881.7410514112573,7248.539590316627
2007,MARINE PARADE,4 ROOM,325417.5483870968,325000.0,62,85.8225806451613,67.5,1908.2691886831692,7041.742347666568
2007,MARINE PARADE,5 ROOM,505025.5238095238,482508.0,63,122.19047619047619,67.63492063492063,1917.2606190664392,7202.127807270467
2007,PASIR RIS,2 ROOM,188000.0,188000.0,1,55.0,86.0,932.8284774223002,14917.773088298818
2007,PASIR RIS,3 ROOM,152250.0,151500.0,4,66.5,72.0,3481.128845765831,19162.230547664232
2007,PASIR RIS,4 ROOM,253502.54193548387,250000.0,310,105.83548387096774,84.9483870967742,1167.5769239568522,14745.805918165648
2007,PASIR RIS,5 ROOM,303182.6923076923,298000.0,260,126.18846153846154,85.68846153846154,1211.5028235082248,14765.06566194485
2007,PASIR RIS,EXECUTIVE,390870.25333333336,380000.0,300,147.18666666666667,85.35,1025.4943118578913,14951.423417344065
2007,PUNGGOL,4 ROOM,259234.33590733592,256000.0,259,89.91119691119691,95.12355212355213,1599.774147272701,14079.570238365137
2007,PUNGGOL,5 ROOM,317596.0218818381,313000.0,457,110.34354485776805,95.06126914660831,1589.5186344462002,14123.77987350341
2007,PUNGGOL,EXECUTIVE,387741.652173913,388000.0,23,129.30434782608697,95.17391304347827,1453.3999029325826,14056.953369975496
2007,QUEENSTOWN,2 ROOM,127888.23076923077,125000.0,52,45.17307692307692,62.0,433.4509349968731,6183.595243475792
2007,QUEENSTOWN,3 ROOM,193629.11409395974,187000.0,596,61.40771812080537,63.86409395973154,492.7913754024621,6473.22600812425
2007,QUEENSTOWN,4 ROOM,388104.6875,389050.0,128,95.671875,80.984375,480.8012025226538,6151.843068977099
2007,QUEENSTOWN,5 ROOM,527083.5294117647,530000.0,85,123.28235294117647,80.61176470588235,443.9310813641866,6223.406685407961
2007,QUEENSTOWN,EXECUTIVE,626625.0,609000.0,24,149.41666666666666,87.0,195.63069696779766,5383.655050353283
2007,SEMBAWANG,4 ROOM,239309.62068965516,239500.0,290,92.1,93.12758620689655,557.9027413608757,18952.093924192064
2007,SEMBAWANG,5 ROOM,292973.1715116279,289000.0,344,112.71802325581395,92.77906976744185,468.61269570692093,18844.52532806323
2007,SEMBAWANG,EXECUTIVE,344537.76086956525,340000.0,92,134.8695652173913,92.1413043478261,503.32565758867275,18759.548198455843
2007,SENGKANG,4 ROOM,251661.5664845173,250000.0,549,92.10200364298726,93.0728597449909,884.7204601609722,13014.753402751783
2007,SENGKANG,5 ROOM,305768.4099722992,303000.0,722,112.84210526315789,93.01385041551247,801.3036839030543,12994.423488088063
2007,SENGKANG,EXECUTIVE,376209.65137614676,370000.0,109,134.77064220183487,91.97247706422019,906.6406829512115,12956.227038381629
2007,SERANGOON,2 ROOM,118500.0,121000.0,3,44.0,70.0,478.57526735624606,7817.492573445646
2007,SERANGOON,3 ROOM,173920.32653061225,170000.0,147,65.421768707483,76.25850340136054,847.0670558361641,8598.362811031304
2007,SERANGOON,4 ROOM,252765.49806949808,245000.0,259,96.57915057915058,79.95366795366796,1076.1259283309482,8873.685263979913
2007,SERANGOON,5 ROOM,325590.8163265306,320000.0,98,121.85714285714286,83.06122448979592,1398.442643413173,9411.892311753603
2007,SERANGOON,EXECUTIVE,389926.89,385000.0,100,146.5,82.79,1463.0107852406927,9473.292739092065
2007,TAMPINES,3 ROOM,195347.36842105264,192000.0,399,72.97493734335839,76.71428571428571,649.4764532396778,13001.768048939553
2007,TAMPINES,4 ROOM,265366.6345381526,263000.0,747,101.07630522088354,81.3748326639893,685.2597337692121,13274.597990128652
2007,TAMPINES,5 ROOM,321480.7888888889,312550.0,450,124.22888888888889,83.00666666666666,710.2280725391666,13513.499151807458
2007,TAMPINES,EXECUTIVE,405992.87603305787,397400.0,242,146.900826446281,82.78512396694215,743.784992766291,13183.927489896281
2007,TAMPINES,MULTI-GENERATION,441375.0,437500.0,8,157.5,79.0,142.62667596566374,14174.951528592366
2007,TOA PAYOH,2 ROOM,137228.125,135500.0,32,43.5,62.25,466.4609345911699,6011.621103286989
2007,TOA PAYOH,3 ROOM,194018.91286307055,193750.0,482,66.91908713692946,65.41078838174273,662.0851176222658,5964.834618967386
2007,TOA PAYOH,4 ROOM,325805.3541666667,330000.0,192,95.1875,80.328125,605.9540893809807,6032.191222287482
2007,TOA PAYOH,5 ROOM,442941.50344827585,440000.0,145,122.95172413793104,84.26206896551724,687.9725523520699,5945.792603233277
2007,TOA PAYOH,EXECUTIVE,464295.45454545453,457500.0,22,147.1818181818182,80.95454545454545,557.1257626235345,6108.862284572725
2007,WOODLANDS,2 ROOM,107833.33333333333,110000.0,6,45.0,76.0,1009.9304538657548,19417.24339507181
2007,WOODLANDS,3 ROOM,152988.88524590165,153750.0,244,70.05327868852459,73.8688524590164,806.5584270433272,19210.03597332237
2007,WOODLANDS,4 ROOM,225372.95576756287,226000.0,1153,96.8889852558543,88.6764960971379,627.3230361113426,18417.761145440072
2007,WOODLANDS,5 ROOM,281319.873221216,280000.0,773,120.26908150064683,89.62095730918499,574.2493831620113,18308.108401632948
2007,WOODLANDS,EXECUTIVE,357312.9364548495,354000.0,299,155.80602006688963,87.99665551839465,506.99920525161866,18384.3556647627
2007,YISHUN,3 ROOM,161605.6147403685,159000.0,597,69.5929648241206,77.58291457286433,678.1638410229866,16363.930766363857
2007,YISHUN,4 ROOM,203290.93113772455,200000.0,668,93.92065868263474,78.89071856287426,764.5211131661059,16046.686793031973
2007,YISHUN,5 ROOM,281877.4577777778,275000.0,225,122.62222222222222,80.04888888888888,616.0604481898887,16077.352940984627
2007,YISHUN,EXECUTIVE,341522.8461538461,329944.0,104,149.26923076923077,80.41346153846153,834.7706884713039,15638.27611192655
2007,YISHUN,MULTI-GENERATION,387090.9090909091,387000.0,11,165.9090909090909,79.0909090909091,802.9899991032974,15107.585955770406
2008,ANG MO KIO,2 ROOM,158323.5294117647,157000.0,17,44.470588235294116,72.82352941176471,451.3255938271109,9685.788864043816
2008,ANG MO KIO,3 ROOM,235425.9715585893,230000.0,879,71.12741751990899,70.53242320819113,627.8599380637294,9806.414625225756
2008,ANG MO KIO,4 ROOM,342437.0125,325000.0,320,93.171875,73.8875,560.2652198694433,9728.71628766332
2008,ANG MO KIO,5 ROOM,473020.2571428571,458000.0,140,120.39285714285714,77.12857142857143,607.6366823443444,9695.679823791867
2008,ANG MO KIO,EXECUTIVE,565335.8181818182,577500.0,22,157.63636363636363,79.54545454545455,641.786926837049,10200.880132485763
2008,BEDOK,2 ROOM,164581.0810810811,162000.0,37,45.432432432432435,70.86486486486487,824.8954328767599,9784.263924436942
2008,BEDOK,3 ROOM,215856.54624277458,214000.0,692,67.88728323699422,70.61271676300578,795.4944090202912,10063.363545953753
2008,BEDOK,4 ROOM,300533.39508928574,295000.0,448,93.92410714285714,75.55133928571429,678.7362854742452,10116.022261915208
2008,BEDOK,5 ROOM,423998.4109090909,422000.0,275,121.88,75.78545454545454,743.7245832706041,10055.923350400843
2008,BEDOK,EXECUTIVE,472944.4324324324,470000.0,74,145.78378378378378,81.78378378378379,546.6967150365537,9096.744464823872
2008,BISHAN,3 ROOM,255638.46153846153,275000.0,65,65.2,75.87692307692308,532.807077428876,7668.977044143595
2008,BISHAN,4 ROOM,377447.5274390244,380000.0,328,98.46341463414635,80.57621951219512,738.1135616560986,7889.786356632762
2008,BISHAN,5 ROOM,517617.0133333333,515600.0,150,123.98,80.43333333333334,713.7590895164129,7700.153295998193
2008,BISHAN,EXECUTIVE,592511.8620689656,586500.0,58,151.5,80.43103448275862,656.1059368887463,8007.199229204511
2008,BISHAN,MULTI-GENERATION,660000.0,660000.0,1,160.0,78.0,979.249449678622,6781.861162560833
2008,BUKIT BATOK,3 ROOM,207164.34782608695,208000.0,483,68.46583850931677,76.73706004140787,658.6781768127852,13675.735109315594
2008,BUKIT BATOK,4 ROOM,318410.25045045046,325000.0,555,95.58738738738738,83.03963963963965,635.4757933199919,13751.083697288237
2008,BUKIT BATOK,5 ROOM,438366.5060240964,448000.0,166,121.144578313253,86.49397590361446,642.1817445695276,13638.553771171713
2008,BUKIT BATOK,EXECUTIVE,465143.5643564357,460000.0,101,147.0,81.11881188118812,645.9828176319147,13539.074773669363
2008,BUKIT MERAH,1 ROOM,122473.68421052632,123000.0,19,31.0,66.0,1211.7946074494985,3588.8321407213525
2008,BUKIT MERAH,2 ROOM,172134.06896551725,166000.0,29,45.51724137931034,64.17241379310344,355.3041411007655,3801.6625671813886
2008,BUKIT MERAH,3 ROOM,259520.8908296943,255000.0,458,65.52401746724891,67.89519650655022,701.0396475799191,3292.225954334553
2008,BUKIT MERAH,4 ROOM,434674.8,430000.0,340,93.14117647058823,82.84411764705882,655.0901946365567,3317.872146442512
2008,BUKIT MERAH,5 ROOM,579300.3246753247,584000.0,231,119.78787878787878,82.17748917748918,597.298069653246,3478.2271247637627
2008,BUKIT PANJANG,3 ROOM,195286.92523364487,194000.0,107,72.57943925233644,79.14018691588785,1005.8779737735224,13663.467214315799
2008,BUKIT PANJANG,4 ROOM,275849.41991341993,273000.0,462,95.63636363636364,88.07142857142857,954.2900531796635,14540.4074264361
2008,BUKIT PANJANG,5 ROOM,345558.4322580645,347000.0,310,115.40322580645162,90.26129032258065,949.2432555183658,14675.230981483517
2008,BUKIT PANJANG,EXECUTIVE,426165.03225806454,430000.0,93,138.55913978494624,87.7741935483871,756.9014487490468,14464.467367657993
2008,BUKIT TIMAH,3 ROOM,297417.64705882355,294000.0,17,68.82352941176471,65.94117647058823,227.3584524447437,6270.655531131987
2008,BUKIT TIMAH,4 ROOM,419683.48387096776,422000.0,31,99.3225806451613,75.19354838709677,393.3804671845158,9374.906367076017
2008,BUKIT TIMAH,5 ROOM,547230.7692307692,529000.0,26,123.11538461538461,73.23076923076923,273.7316487360997,8781.642591686286
2008,BUKIT TIMAH,EXECUTIVE,652200.0,655000.0,15,146.93333333333334,79.46666666666667,372.7754016353298,10477.85579773354
2008,CENTRAL AREA,2 ROOM,186900.0,191000.0,12,52.583333333333336,68.08333333333333,556.6387114549393,1357.96111158071
2008,CENTRAL AREA,3 ROOM,299289.893129771,300000.0,131,64.65648854961832,69.48091603053435,266.3134970632021,1651.6358258909684
2008,CENTRAL AREA,4 ROOM,412468.08510638296,415000.0,47,89.7872340425532,73.0,241.6494277968851,2095.5746007633506
2008,CENTRAL AREA,5 ROOM,584500.0,581500.0,4,133.75,72.25,215.01045849228368,2068.1101598300575
2008,CHOA CHU KANG,3 ROOM,192690.0,191500.0,52,72.92307692307692,74.57692307692308,881.3949630679233,15324.989003405808
2008,CHOA CHU KANG,4 ROOM,282945.78571428574,283000.0,616,101.17857142857143,86.92207792207792,680.2080744721512,16559.35969227468
2008,CHOA CHU KANG,5 ROOM,343735.8886363636,347500.0,440,119.88181818181818,88.66818181818182,666.4367526163448,16878.303583995268
2008,CHOA CHU KANG,EXECUTIVE,418241.13513513515,410000.0,148,145.34459459459458,86.99324324324324,613.9109354289894,16807.33935425953
2008,CLEMENTI,2 ROOM,139000.0,139000.0,1,44.0,70.0,546.3148326935268,9939.470296543004
2008,CLEMENTI,3 ROOM,241721.73869346734,238000.0,398,69.41457286432161,70.94472361809045,766.7135676913643,10154.201232690562
2008,CLEMENTI,4 ROOM,361251.4947916667,360000.0,192,92.52604166666667,73.265625,750.7262206770058,10087.405639096625
2008,CLEMENTI,5 ROOM,511831.34246575343,508800.0,73,122.97260273972603,73.02739726027397,794.4761981288912,9862.798043893123
2008,CLEMENTI,EXECUTIVE,602284.7407407408,615000.0,27,150.2962962962963,75.18518518518519,989.0314058211038,10179.418695869208
2008,GEYLANG,2 ROOM,151132.35294117648,148000.0,34,46.088235294117645,61.588235294117645,344.8083286805283,6270.957700194115
2008,GEYLANG,3 ROOM,205409.41225626742,200000.0,359,61.56545961002786,64.77437325905292,408.7923362288779,6153.263607662683
2008,GEYLANG,4 ROOM,328162.10638297873,334000.0,188,94.31914893617021,75.88297872340425,440.41579703034324,6398.181869868308
2008,GEYLANG,5 ROOM,464410.1818181818,451000.0,77,122.66233766233766,76.96103896103897,408.4925671720535,5899.74413231826
2008,GEYLANG,EXECUTIVE,477316.0,475000.0,30,146.53333333333333,77.23333333333333,429.16296667670406,6290.825342268784
2008,HOUGANG,3 ROOM,212183.4083601286,213000.0,311,68.51125401929261,74.97749196141478,810.3413154209758,10190.282690058766
2008,HOUGANG,4 ROOM,289112.59820089955,290000.0,667,96.63568215892055,82.02248875562219,885.4411987513869,10628.893248515553
2008,HOUGANG,5 ROOM,371719.1875,370500.0,336,120.71428571428571,84.73809523809524,1003.025273070847,10594.575948309846
2008,HOUGANG,EXECUTIVE,461864.07547169813,460000.0,159,145.37106918238993,81.96855345911949,789.4699090014545,10452.703760608096
2008,JURONG EAST,3 ROOM,213350.55870445343,211000.0,247,71.06882591093117,73.1255060728745,837.7561103772173,13960.510615664462
2008,JURONG EAST,4 ROOM,293474.39361702127,295000.0,188,97.13829787234043,80.17553191489361,881.3150053601651,13877.19354397776
2008,JURONG EAST,5 ROOM,390341.2291666667,395000.0,192,122.078125,78.59375,865.1563842910338,13742.496696120603
2008,JURONG EAST,EXECUTIVE,494861.3333333333,510100.0,75,146.26666666666668,83.64,764.8970886709969,13942.192232836274
2008,JURONG WEST,3 ROOM,192674.55752212388,187000.0,452,68.29424778761062,69.89601769911505,828.8741355277913,16588.165943302127
2008,JURONG WEST,4 ROOM,275057.79529411765,275000.0,850,98.45058823529412,85.12352941176471,775.5868228148104,17579.033924726384
2008,JURONG WEST,5 ROOM,339946.9630200308,346000.0,649,116.18181818181819,88.5115562403698,660.718959189606,17734.173042880484
2008,JURONG WEST,EXECUTIVE,384738.3647798742,382000.0,159,143.1761006289308,84.50314465408805,928.6266713797105,17371.820021353993
2008,KALLANG/WHAMPOA,2 ROOM,177205.88235294117,175000.0,17,48.23529411764706,65.0,408.5876925618368,4082.847819502544
2008,KALLANG/WHAMPOA,3 ROOM,243490.5414507772,232000.0,386,66.32124352331606,68.03886010362694,493.5580985176166,4357.501203413555
2008,KALLANG/WHAMPOA,4 ROOM,386947.38427947595,380000.0,229,94.24890829694323,80.06986899563319,502.1695482609314,4103.639944454011
2008,KALLANG/WHAMPOA,5 ROOM,496491.2698412698,496500.0,126,122.60317460317461,79.48412698412699,490.2530898956914,4397.585489569829
2008,KALLANG/WHAMPOA,EXECUTIVE,519916.6666666667,521500.0,12,149.83333333333334,78.58333333333333,742.4867256124072,4894.583007696633
2008,MARINE PARADE,3 ROOM,307724.1391304348,303000.0,115,67.89565217391305,66.13913043478261,1872.822657591473,7302.661221611135
2008,MARINE PARADE,4 ROOM,384398.30508474575,385000.0,59,85.83050847457628,66.55932203389831,1890.6466236861272,7011.152536811177
2008,MARINE PARADE,5 ROOM,607109.0657894737,600000.0,76,121.9342105263158,66.85526315789474,1900.3604817336181,7167.456447588651
2008,PASIR RIS,2 ROOM,208000.0,208000.0,1,55.0,85.0,932.8284774223002,14917.773088298818
2008,PASIR RIS,3 ROOM,168750.0,169000.0,4,68.75,71.5,3483.7741217889716,19128.62587214372
2008,PASIR RIS,4 ROOM,307063.29568106314,306000.0,301,105.83056478405315,83.26910299003322,1095.1324870280125,14862.601075359025
2008,PASIR RIS,5 ROOM,365713.78231292515,365000.0,294,126.39455782312925,84.61224489795919,1153.7060150821767,14669.611973709876
2008,PASIR RIS,EXECUTIVE,477762.2588235294,480000.0,255,147.05490196078432,84.2392156862745,1005.2844422197537,14882.543197664338
2008,PUNGGOL,4 ROOM,316998.4039408867,317000.0,203,90.48275862068965,94.72906403940887,1719.2223370366166,14281.616688184877
2008,PUNGGOL,5 ROOM,383463.5202312139,383500.0,519,110.41618497109826,94.4393063583815,1668.9075862318632,14223.812671833022
2008,PUNGGOL,EXECUTIVE,445536.5853658537,447000.0,41,128.90243902439025,94.21951219512195,1563.0950245656081,14167.2249152761
2008,QUEENSTOWN,2 ROOM,163693.10344827586,164500.0,58,45.3448275862069,61.56896551724138,447.9987389842103,6168.503948839976
2008,QUEENSTOWN,3 ROOM,254594.63129496403,245000.0,556,62.47122302158273,63.18345323741007,490.7764106302008,6524.072515418828
2008,QUEENSTOWN,4 ROOM,454927.9929577465,463150.0,142,93.04225352112677,80.61267605633803,449.13327519347024,6166.753669157461
2008,QUEENSTOWN,5 ROOM,616914.1923076923,618000.0,104,121.36538461538461,80.52884615384616,463.9854395339807,6550.876697270616
2008,QUEENSTOWN,EXECUTIVE,795849.1428571428,794000.0,14,147.0,86.0,227.1716714115437,5415.898236225644
2008,SEMBAWANG,4 ROOM,290116.5034246575,290400.0,292,92.68493150684931,92.46232876712328,580.3287889764209,19014.240746726704
2008,SEMBAWANG,5 ROOM,345301.912596401,345000.0,389,112.5038560411311,91.98200514138817,488.05706141896644,18894.036956931268
2008,SEMBAWANG,EXECUTIVE,406871.0684931507,410000.0,73,134.4794520547945,91.10958904109589,475.0225464211934,18725.437504304133
2008,SENGKANG,4 ROOM,308925.05544147844,308800.0,487,92.74537987679672,92.31211498973306,981.8906319498118,12832.438499050446
2008,SENGKANG,5 ROOM,365675.39790575916,364500.0,764,112.57591623036649,92.34685863874346,916.8932446317883,12934.377020081185
2008,SENGKANG,EXECUTIVE,444237.8064516129,449000.0,124,132.25,91.70967741935483,876.9813334247026,12934.167616792247
2008,SERANGOON,2 ROOM,146250.0,144000.0,4,44.0,69.0,478.57526735624606,7817.4925734456465
2008,SERANGOON,3 ROOM,214959.83448275863,215000.0,145,65.70344827586207,75.29655172413793,846.825788870461,8625.473841645391
2008,SERANGOON,4 ROOM,312098.5907335907,308000.0,259,96.22007722007721,78.32046332046332,981.7708647310012,8708.129547633871
2008,SERANGOON,5 ROOM,398321.59375,390000.0,128,121.0078125,83.5,1431.5740790467075,9476.001977057613
2008,SERANGOON,EXECUTIVE,487030.86419753084,470000.0,81,146.320987654321,81.88888888888889,1221.1972479863948,9123.389572556196
2008,TAMPINES,3 ROOM,237083.1517857143,240000.0,448,72.359375,76.00892857142857,656.0923914930187,13059.727324906093
2008,TAMPINES,4 ROOM,320200.3769430052,318000.0,772,101.31994818652849,80.05051813471502,697.628771626573,13195.684607840038
2008,TAMPINES,5 ROOM,385853.8813229572,385000.0,514,124.53307392996109,82.12451361867704,693.0862670374174,13474.18356557624
2008,TAMPINES,EXECUTIVE,487081.51485148515,480000.0,202,147.06930693069307,82.06435643564356,745.3226582740559,13240.274348500443
2008,TAMPINES,MULTI-GENERATION,490000.0,525000.0,5,152.4,78.0,215.19472226250718,14218.461451710158
2008,TOA PAYOH,2 ROOM,162281.25,160000.0,32,43.40625,63.8125,504.05326800206007,5984.512766869221
2008,TOA PAYOH,3 ROOM,236788.42094455851,238000.0,487,66.89733059548254,64.435318275154,632.4008955073075,5959.866553870082
2008,TOA PAYOH,4 ROOM,386525.8307692308,385900.0,260,95.13846153846154,79.6,643.6368260168565,6008.06478810248
2008,TOA PAYOH,5 ROOM,522435.0933333333,540500.0,150,122.48666666666666,83.64,712.1240792704593,5969.590762779737
2008,TOA PAYOH,EXECUTIVE,598575.0,626000.0,32,147.875,80.9375,462.515335052731,6093.469252289429
2008,WOODLANDS,2 ROOM,130400.0,130400.0,2,45.0,75.0,1009.9304538657548,19417.24339507181
2008,WOODLANDS,3 ROOM,184178.6794425087,185000.0,287,69.7630662020906,72.73519163763066,848.511707853784,19240.128375654658
2008,WOODLANDS,4 ROOM,265306.40036231885,267000.0,1104,97.1376811594203,87.46557971014492,642.3037414262183,18421.407525970368
2008,WOODLANDS,5 ROOM,322352.0124069479,322000.0,806,118.56079404466502,89.22828784119106,614.4878476581299,18320.58063857715
2008,WOODLANDS,EXECUTIVE,407972.10236220475,404000.0,254,155.40551181102362,87.12992125984252,509.03633405038414,18421.754851622514
2008,YISHUN,3 ROOM,197802.9560067682,195000.0,591,69.4839255499154,76.66666666666667,648.1654219602792,16331.703960232087
2008,YISHUN,4 ROOM,244178.87249283667,240000.0,698,94.09598853868195,77.89828080229226,765.2256009763938,15955.86961897605
2008,YISHUN,5 ROOM,326414.67307692306,320500.0,208,122.53846153846153,79.4326923076923,626.0793349081143,15921.042485627173
2008,YISHUN,EXECUTIVE,387121.7625,376000.0,80,149.25,79.2625,909.4894733550333,15830.615693082542
2008,YISHUN,MULTI-GENERATION,454777.77777777775,452000.0,9,158.33333333333334,78.22222222222223,742.0828393819471,15143.909423947538
2009,ANG MO KIO,2 ROOM,180625.4193548387,181000.0,31,44.41935483870968,70.61290322580645,455.77717805131834,9644.2715614028
2009,ANG MO KIO,3 ROOM,256368.74601487778,250000.0,941,70.61530286928799,69.69075451647184,632.2825264129235,9784.380052773759
2009,ANG MO KIO,4 ROOM,363676.31395348837,349000.0,344,92.82558139534883,73.18023255813954,608.6633886243435,9681.699749403124
2009,ANG MO KIO,5 ROOM,493922.06211180124,483888.0,161,119.05590062111801,78.6024844720497,578.6846691833305,9675.832662695893
2009,ANG MO KIO,EXECUTIVE,568035.7142857143,562500.0,14,157.28571428571428,79.57142857142857,742.746819936083,10186.236463831621
2009,BEDOK,2 ROOM,180750.0,182000.0,24,44.666666666666664,72.08333333333333,637.1771078181633,10000.946006209595
2009,BEDOK,3 ROOM,240629.90024937657,237000.0,802,68.43142144638404,69.60598503740648,827.2961528720293,10065.553838992244
2009,BEDOK,4 ROOM,326809.6293103448,316500.0,580,92.95689655172414,74.69655172413793,682.9075647671659,10203.311304723375
2009,BEDOK,5 ROOM,436790.4784053156,430000.0,301,121.35215946843854,75.87043189368771,716.3546480145059,9980.305439988922
2009,BEDOK,EXECUTIVE,492957.64705882355,493000.0,85,146.28235294117647,78.83529411764705,640.8820476941471,9349.327263788233
2009,BISHAN,3 ROOM,272160.1956521739,291500.0,92,65.56521739130434,72.98913043478261,534.3621533439665,7701.591028426425
2009,BISHAN,4 ROOM,395648.42647058825,399500.0,340,96.81176470588235,79.15,716.9738956878816,7782.5866357251425
2009,BISHAN,5 ROOM,516688.3296703297,512500.0,182,123.39010989010988,79.25824175824175,697.3395199293109,7651.133139182937
2009,BISHAN,EXECUTIVE,597313.4769230769,596800.0,65,149.6769230769231,80.46153846153847,713.1240976381869,8106.816006206182
2009,BISHAN,MULTI-GENERATION,620000.0,620000.0,1,165.0,77.0,709.1099284818088,6794.62712574741
2009,BUKIT BATOK,3 ROOM,234828.5945945946,235000.0,518,68.83783783783784,75.64285714285714,665.2915012376967,13680.084993710496
2009,BUKIT BATOK,4 ROOM,336491.3570274637,342000.0,619,96.30048465266559,81.49434571890146,652.3073828698516,13726.241945914015
2009,BUKIT BATOK,5 ROOM,438553.7461928934,450000.0,197,123.751269035533,83.00507614213198,626.3684122847241,13583.65459051169
2009,BUKIT BATOK,EXECUTIVE,482516.8224299065,480000.0,107,147.39252336448598,79.92523364485982,733.1817126722608,13415.434361977701
2009,BUKIT MERAH,1 ROOM,153544.44444444444,151500.0,18,31.0,65.0,1211.7946074494985,3588.8321407213525
2009,BUKIT MERAH,2 ROOM,199821.40476190476,197500.0,42,45.142857142857146,61.285714285714285,453.11375342490317,3312.3795059349345
2009,BUKIT MERAH,3 ROOM,282940.42767295596,278000.0,477,65.96436058700209,66.42767295597484,695.8653253797872,3270.1566460735658
2009,BUKIT MERAH,4 ROOM,451346.5896656535,455000.0,329,93.12765957446808,81.33130699088146,647.7923753519642,3362.037007474415
2009,BUKIT MERAH,5 ROOM,566342.6666666666,568444.0,240,118.32916666666667,82.95833333333333,612.8218557960972,3492.213265394954
2009,BUKIT PANJANG,3 ROOM,225740.22641509434,225000.0,106,71.89622641509433,78.0377358490566,979.5770656348735,13732.21293481354
2009,BUKIT PANJANG,4 ROOM,298204.6598778004,293000.0,491,96.36659877800408,86.35641547861508,985.2294570815094,14460.557563582594
2009,BUKIT PANJANG,5 ROOM,366394.18604651163,370000.0,430,115.52790697674419,89.01860465116279,937.1250355837726,14643.095322356585
2009,BUKIT PANJANG,EXECUTIVE,446942.3043478261,444000.0,115,138.9391304347826,86.30434782608695,807.6515531895109,14449.090729354808
2009,BUKIT TIMAH,3 ROOM,329909.0909090909,332500.0,22,68.81818181818181,64.9090909090909,198.86672869943612,6257.125211791671
2009,BUKIT TIMAH,4 ROOM,429441.3793103448,433000.0,29,101.37931034482759,75.37931034482759,395.31863654395426,9742.115673281041
2009,BUKIT TIMAH,5 ROOM,560771.5555555555,552944.0,18,122.83333333333333,73.61111111111111,306.23649641423754,9158.189672245908
2009,BUKIT TIMAH,EXECUTIVE,638287.5294117647,645000.0,17,148.7058823529412,78.58823529411765,409.78960799171267,10489.251288468795
2009,CENTRAL AREA,2 ROOM,199148.5,195000.0,8,51.5,65.75,569.732302491868,1416.962120044266
2009,CENTRAL AREA,3 ROOM,314900.81300813006,310000.0,123,64.23577235772358,67.6178861788618,310.111888670665,1615.3105710615557
2009,CENTRAL AREA,4 ROOM,432485.7846153846,425000.0,65,88.07692307692308,75.55384615384615,299.00573446105415,2068.6014341679456
2009,CENTRAL AREA,5 ROOM,523000.0,517500.0,6,125.16666666666667,78.83333333333333,269.21633313712107,2742.316082253879
2009,CENTRAL AREA,EXECUTIVE,528000.0,528000.0,1,144.0,75.0,71.00928636405595,2543.317324724308
2009,CHOA CHU KANG,3 ROOM,218323.2876712329,220000.0,73,72.76712328767124,73.61643835616438,884.4466888164554,15279.962966030967
2009,CHOA CHU KANG,4 ROOM,307334.55126498005,307000.0,751,101.90013315579228,85.62316910785619,670.3412861122194,16562.14218193204
2009,CHOA CHU KANG,5 ROOM,365632.34444444446,363944.0,540,119.16481481481482,88.13333333333334,684.4232986526864,16952.460307135287
2009,CHOA CHU KANG,EXECUTIVE,433598.7814569537,428000.0,151,145.4503311258278,85.78145695364239,646.9268266826107,16669.47114393512
2009,CLEMENTI,2 ROOM,173000.0,173000.0,2,44.0,69.0,546.3148326935268,9939.470296543004
2009,CLEMENTI,3 ROOM,264167.7042889391,264000.0,443,69.17607223476298,70.19187358916479,726.8637765356272,10171.319103961892
2009,CLEMENTI,4 ROOM,390852.2270742358,391500.0,229,92.1004366812227,72.91266375545851,680.7089509813196,10099.585626225144
2009,CLEMENTI,5 ROOM,503353.97222222225,490000.0,72,120.86111111111111,71.29166666666667,820.2883793374237,9855.236918940993
2009,CLEMENTI,EXECUTIVE,601269.7142857143,623000.0,28,150.17857142857142,73.92857142857143,962.1304895424281,10243.811130692202
2009,GEYLANG,2 ROOM,176928.57142857142,176500.0,42,44.642857142857146,62.023809523809526,342.38071018193693,6143.8265357102455
2009,GEYLANG,3 ROOM,228037.7463414634,220000.0,410,61.678048780487806,63.797560975609755,421.39888596805054,6185.6884123971195
2009,GEYLANG,4 ROOM,358761.6706827309,360000.0,249,92.80321285140562,77.18875502008032,439.64052292525565,6308.274235056208
2009,GEYLANG,5 ROOM,481327.48514851485,460000.0,101,120.6930693069307,77.05940594059406,403.8648532454452,5613.874090644125
2009,GEYLANG,EXECUTIVE,527893.2692307692,555000.0,26,148.23076923076923,76.34615384615384,394.428470160217,6152.142883210608
2009,HOUGANG,3 ROOM,233408.5088235294,234000.0,340,68.2,73.91176470588235,813.8281429275346,10064.439511397539
2009,HOUGANG,4 ROOM,311574.45652173914,313400.0,690,96.82608695652173,80.82898550724637,865.1076257526637,10590.062521985425
2009,HOUGANG,5 ROOM,381927.5420054201,380000.0,369,120.17615176151762,84.57181571815718,1025.4208397520117,10693.432220676224
2009,HOUGANG,EXECUTIVE,467437.68786127167,465000.0,173,145.1907514450867,81.4393063583815,817.6319936065203,10587.704504508776
2009,JURONG EAST,3 ROOM,237473.7018181818,239000.0,275,70.59636363636363,71.94181818181818,864.7904576124914,13831.300180246419
2009,JURONG EAST,4 ROOM,324822.2741116751,322000.0,197,97.32994923857868,78.68020304568527,893.6558266647295,13787.183301202915
2009,JURONG EAST,5 ROOM,420591.60451977403,430000.0,177,121.56497175141243,79.20338983050847,854.1799050702871,13700.91923249553
2009,JURONG EAST,EXECUTIVE,502032.7594936709,520000.0,79,145.67088607594937,82.0886075949367,800.9649813777683,14039.35005853424
2009,JURONG WEST,3 ROOM,216748.4718446602,215000.0,515,67.95145631067962,69.36893203883496,854.9637360006067,16749.230544724203
2009,JURONG WEST,4 ROOM,307911.4633867277,305000.0,874,98.49885583524028,84.22654462242564,799.3088117375132,17644.58088695302
2009,JURONG WEST,5 ROOM,370199.8261351052,375000.0,903,116.13178294573643,87.45071982281284,669.0019920407823,17727.500490256785
2009,JURONG WEST,EXECUTIVE,423713.627027027,428000.0,185,141.48648648648648,84.46486486486486,882.6510668911781,17452.201801889056
2009,KALLANG/WHAMPOA,2 ROOM,187571.42857142858,192000.0,21,46.61904761904762,65.14285714285714,403.43661091863345,3857.0060395519026
2009,KALLANG/WHAMPOA,3 ROOM,278023.8164948454,253000.0,485,68.9319587628866,66.36494845360825,484.90653990435624,4431.381739299265
2009,KALLANG/WHAMPOA,4 ROOM,402698.7605042017,395500.0,238,92.38655462184875,81.16386554621849,515.0898602038709,4202.410061287196
2009,KALLANG/WHAMPOA,5 ROOM,520130.35114503815,515000.0,131,119.58015267175573,80.47328244274809,460.7634839441967,4321.626340656166
2009,KALLANG/WHAMPOA,EXECUTIVE,534836.2105263158,535000.0,19,149.0,76.21052631578948,721.8375769311106,4770.217965186927
2009,MARINE PARADE,2 ROOM,190000.0,190000.0,1,42.0,65.0,1796.4224632457044,7411.31011909098
2009,MARINE PARADE,3 ROOM,320706.1142857143,315000.0,140,67.30714285714286,65.23571428571428,1855.7913671467072,7257.638749337533
2009,MARINE PARADE,4 ROOM,409979.1666666667,406500.0,48,86.52083333333333,65.4375,1903.2169397349235,7086.610584220917
2009,MARINE PARADE,5 ROOM,615702.4705882353,608000.0,51,122.88235294117646,65.74509803921569,1908.2877056163316,7218.36952951866
2009,PASIR RIS,2 ROOM,213333.33333333334,220000.0,3,56.0,84.0,932.8284774223002,14917.773088298818
2009,PASIR RIS,3 ROOM,176345.45454545456,177000.0,55,66.56363636363636,70.98181818181818,3470.493875328599,19094.425436464648
2009,PASIR RIS,4 ROOM,332093.86513994914,332000.0,393,105.62849872773536,82.6793893129771,1135.1186187558187,14809.746851018293
2009,PASIR RIS,5 ROOM,384579.9789156627,385000.0,332,125.64156626506023,83.50301204819277,1163.0799042695437,14679.178070512502
2009,PASIR RIS,EXECUTIVE,488036.612244898,480000.0,294,147.6156462585034,83.16666666666667,990.6599860720773,14968.584340598576
2009,PUNGGOL,4 ROOM,334868.640776699,334500.0,206,90.29611650485437,93.70388349514563,1711.026812870809,14232.865831882844
2009,PUNGGOL,5 ROOM,392644.0154494382,391444.0,712,110.54634831460675,93.56460674157303,1682.328706249076,14240.923186246579
2009,PUNGGOL,EXECUTIVE,458501.3103448276,460000.0,58,128.82758620689654,93.25862068965517,1567.464932825115,14177.920385991069
2009,QUEENSTOWN,2 ROOM,185186.70967741936,183000.0,62,45.16129032258065,60.91935483870968,451.8032843734395,6141.5499395007655
2009,QUEENSTOWN,3 ROOM,278359.7148217636,275000.0,533,63.19887429643527,62.168855534709195,495.45594674628154,6555.644188838892
2009,QUEENSTOWN,4 ROOM,477341.6511627907,472250.0,172,93.36627906976744,81.81395348837209,471.2164569089882,5964.618268448213
2009,QUEENSTOWN,5 ROOM,605429.0275229358,606388.0,109,118.11009174311927,82.4770642201835,495.5108805521138,6409.517158524849
2009,QUEENSTOWN,EXECUTIVE,707492.0,705000.0,14,147.5,84.71428571428571,285.63592724986034,5767.6227546396185
2009,SEMBAWANG,4 ROOM,313725.5837696335,314250.0,382,93.11780104712042,91.282722513089,507.1465364701312,18889.621914980715
2009,SEMBAWANG,5 ROOM,363557.6286407767,363000.0,412,112.39563106796116,91.0364077669903,486.75367145730667,18906.667938892406
2009,SEMBAWANG,EXECUTIVE,418659.01754385966,417000.0,114,134.09649122807016,90.42105263157895,496.972509278436,18810.736214661596
2009,SENGKANG,4 ROOM,328693.03355704696,330000.0,596,92.8255033557047,91.66107382550335,1034.1859217603335,12767.044415239512
2009,SENGKANG,5 ROOM,382351.5703544576,382888.0,931,112.47690655209452,91.54887218045113,969.563262349739,12861.996596904708
2009,SENGKANG,EXECUTIVE,458222.65142857144,460000.0,175,131.69714285714286,90.77142857142857,822.842229727915,12993.467535933933
2009,SERANGOON,2 ROOM,159400.0,160000.0,5,44.0,68.0,478.57526735624606,7817.4925734456465
2009,SERANGOON,3 ROOM,239180.1746987952,240000.0,166,65.4578313253012,74.20481927710843,921.2653890086177,8707.542864043759
2009,SERANGOON,4 ROOM,340172.4591836735,332499.5,294,95.49659863945578,78.2687074829932,1006.6418582919051,8803.769374987178
2009,SERANGOON,5 ROOM,421830.2792792793,408000.0,111,121.78378378378379,81.50450450450451,1373.253614635983,9415.788274389331
2009,SERANGOON,EXECUTIVE,496413.22105263156,480000.0,95,146.26315789473685,80.90526315789474,1358.569729677528,9328.768449532381
2009,TAMPINES,3 ROOM,263113.3980582524,263000.0,515,72.46601941747574,74.92621359223301,651.5841887899927,13011.296276215371
2009,TAMPINES,4 ROOM,341430.6454445664,340000.0,911,101.15587266739847,79.12733260153678,712.9652839073576,13166.751315448899
2009,TAMPINES,5 ROOM,400206.0465549348,395000.0,537,124.25884543761639,81.04283054003724,697.7426320265953,13477.239596565563
2009,TAMPINES,EXECUTIVE,491496.18957345973,487000.0,211,147.13270142180096,81.05687203791469,761.7660789903958,13186.264250540156
2009,TAMPINES,MULTI-GENERATION,528000.0,528000.0,1,166.0,77.0,236.69636560972003,14231.353280782096
2009,TOA PAYOH,2 ROOM,183500.0,184000.0,29,42.48275862068966,63.86206896551724,506.3899321044408,5893.944491832205
2009,TOA PAYOH,3 ROOM,260769.326,261000.0,500,66.858,63.278,634.8651662631938,5977.670975484848
2009,TOA PAYOH,4 ROOM,397786.6842105263,400000.0,209,94.3157894736842,78.15789473684211,615.8026407428142,6047.631109113123
2009,TOA PAYOH,5 ROOM,514989.7469135802,526500.0,162,122.54938271604938,81.38888888888889,712.9486853536256,6016.143909513984
2009,TOA PAYOH,EXECUTIVE,568161.5,552944.0,24,150.0,78.29166666666667,477.19095041031954,6168.374496091606
2009,WOODLANDS,2 ROOM,127000.0,127000.0,1,45.0,76.0,1314.447297477601,20052.68377109522
2009,WOODLANDS,3 ROOM,206736.8322147651,203000.0,298,69.03355704697987,71.90604026845638,857.9231557895405,19251.513483393683
2009,WOODLANDS,4 ROOM,289430.90246045694,290750.0,1138,97.83479789103691,85.94551845342707,603.5850169669236,18395.657192722734
2009,WOODLANDS,5 ROOM,344693.4680337756,343888.0,829,119.12907117008444,88.08082026537997,563.2342856759396,18246.18304739668
2009,WOODLANDS,EXECUTIVE,425041.0256410256,420000.0,234,154.84188034188034,85.92735042735043,497.5394908475231,18359.926891683976
2009,YISHUN,3 ROOM,225569.17307692306,223000.0,624,69.35897435897436,75.67147435897436,645.6018880438801,16345.80010952796
2009,YISHUN,4 ROOM,273081.22192513366,270000.0,748,92.86764705882354,77.0120320855615,774.2215005062345,16056.311538747806
2009,YISHUN,5 ROOM,359695.13839285716,360600.0,224,122.97321428571429,78.02678571428571,617.546340934368,16003.207506910529
2009,YISHUN,EXECUTIVE,423934.2068965517,413000.0,87,150.2183908045977,78.42528735632185,862.8705769729983,15725.541958055315
2009,YISHUN,MULTI-GENERATION,493571.4285714286,486000.0,7,167.85714285714286,77.14285714285714,754.3940902045516,15111.949584550752
2010,ANG MO KIO,2 ROOM,211900.0,210000.0,31,44.193548387096776,68.7741935483871,381.57414588867306,9689.785332388641
2010,ANG MO KIO,3 ROOM,295936.8811973807,290000.0,1069,71.19363891487372,68.49298409728718,633.1276427883487,9755.717357598307
2010,ANG MO KIO,4 ROOM,405842.71078431373,395000.0,408,93.3578431372549,71.75980392156863,608.5603943274091,9661.042107802945
2010,ANG MO KIO,5 ROOM,553796.306122449,549000.0,196,119.72448979591837,77.23979591836735,619.9704533300581,9677.22521233433
2010,ANG MO KIO,EXECUTIVE,625608.695652174,625000.0,23,153.91304347826087,79.21739130434783,623.1796235523409,10222.160770553206
2010,BEDOK,2 ROOM,215082.72340425532,213000.0,47,44.702127659574465,69.23404255319149,765.8393060731958,9749.930756783879
2010,BEDOK,3 ROOM,278256.0391772772,275588.0,1021,67.91380999020568,68.56317335945151,817.3841546681342,10096.835847878336
2010,BEDOK,4 ROOM,366891.025,360000.0,640,92.7484375,73.571875,662.8454785928908,10091.527292610857
2010,BEDOK,5 ROOM,483688.0588235294,485000.0,340,121.57941176470588,74.06470588235294,747.0066686616586,9866.659961574314
2010,BEDOK,EXECUTIVE,553714.9090909091,545000.0,99,145.93939393939394,79.04040404040404,667.2482230813159,9107.22373388767
2010,BISHAN,3 ROOM,307881.53719008266,320000.0,121,65.32231404958678,72.37190082644628,523.7102633320661,7744.585798755557
2010,BISHAN,4 ROOM,446946.4516129032,446000.0,341,98.48973607038123,78.43988269794721,711.4568065473401,7853.160028861539
2010,BISHAN,5 ROOM,564745.681081081,563000.0,185,123.77297297297298,78.01621621621622,723.4063757899662,7710.023896458537
2010,BISHAN,EXECUTIVE,677747.4545454546,669000.0,88,150.70454545454547,78.30681818181819,695.0246060411263,7939.356040193269
2010,BISHAN,MULTI-GENERATION,690333.3333333334,698000.0,3,165.0,76.0,709.1099284818088,6794.62712574741
2010,BUKIT BATOK,3 ROOM,267909.7106109325,268000.0,622,68.67524115755627,74.80707395498392,653.8143790202475,13689.074213988812
2010,BUKIT BATOK,4 ROOM,370371.6475548061,370000.0,593,96.23440134907251,79.36256323777403,655.6473133153771,13696.66668872399
2010,BUKIT BATOK,5 ROOM,493686.75,510000.0,192,122.07291666666667,84.609375,684.3800229978201,13587.676509415103
2010,BUKIT BATOK,EXECUTIVE,537025.4887218045,539000.0,133,147.41353383458647,78.33082706766918,650.4164717585003,13651.1419653051
2010,BUKIT MERAH,1 ROOM,188476.19047619047,191000.0,21,31.0,64.0,1211.7946074494985,3588.8321407213525
2010,BUKIT MERAH,2 ROOM,236475.0,234500.0,40,45.225,61.8,361.1945669073526,3683.0394987048594
2010,BUKIT MERAH,3 ROOM,325151.68990825687,320000.0,545,65.89357798165138,66.02018348623854,701.9437077124194,3324.697012454069
2010,BUKIT MERAH,4 ROOM,508504.69333333336,510000.0,375,93.464,81.072,653.6097522856251,3402.051636183415
2010,BUKIT MERAH,5 ROOM,645464.8196202532,640000.0,316,118.02215189873418,81.17405063291139,627.3437232554861,3453.512391518115
2010,BUKIT MERAH,EXECUTIVE,620000.0,620000.0,1,156.0,71.0,1011.0149055756827,2370.679946293776
2010,BUKIT PANJANG,3 ROOM,270234.16438356164,268000.0,146,72.42465753424658,77.06164383561644,983.6015509603915,13677.455010122634
2010,BUKIT PANJANG,4 ROOM,337193.7186311787,333000.0,526,97.20722433460077,84.2680608365019,988.4985612385155,14395.652348374679
2010,BUKIT PANJANG,5 ROOM,408369.1907216495,400000.0,388,116.33505154639175,87.12371134020619,953.5178592892669,14569.14399834095
2010,BUKIT PANJANG,EXECUTIVE,501016.0,498000.0,147,138.93197278911563,86.08163265306122,911.7151284430388,14493.930363964504
2010,BUKIT TIMAH,3 ROOM,359394.4,354000.0,20,69.65,65.85,263.48178842846784,6939.083146549271
2010,BUKIT TIMAH,4 ROOM,481759.7,480000.0,40,98.5,72.225,338.3494608258064,9110.712910673374
2010,BUKIT TIMAH,5 ROOM,616022.8235294118,610000.0,17,123.17647058823529,72.11764705882354,263.1710910480352,9081.555930873306
2010,BUKIT TIMAH,EXECUTIVE,672386.6666666666,673000.0,15,146.4,77.53333333333333,395.05797621563306,10493.535400185288
2010,CENTRAL AREA,2 ROOM,239558.82352941178,241000.0,17,51.94117647058823,63.11764705882353,603.3122706333668,1445.791890917212
2010,CENTRAL AREA,3 ROOM,362598.53594771243,360000.0,153,64.05882352941177,67.20915032679738,263.0431166420137,1584.628250647489
2010,CENTRAL AREA,4 ROOM,468352.69620253163,460000.0,79,84.55696202531645,77.89873417721519,314.48002725305,2163.7949800611364
2010,CENTRAL AREA,5 ROOM,560625.0,575000.0,8,124.875,75.0,334.69220846681026,2221.3212377055493
2010,CHOA CHU KANG,3 ROOM,260463.58620689655,256500.0,58,72.87931034482759,72.67241379310344,886.451521342861,15318.620384106194
2010,CHOA CHU KANG,4 ROOM,345202.79401197605,345000.0,835,102.17604790419162,84.02634730538922,699.1869429986355,16488.262492822414
2010,CHOA CHU KANG,5 ROOM,405556.6331471136,403000.0,537,120.10800744878958,86.51024208566108,672.0874480426194,16848.945580128442
2010,CHOA CHU KANG,EXECUTIVE,492599.649122807,485000.0,171,145.4561403508772,84.34502923976608,597.6104337496699,16646.904241296466
2010,CLEMENTI,2 ROOM,214666.66666666666,218000.0,3,44.0,68.0,546.3148326935268,9939.470296543004
2010,CLEMENTI,3 ROOM,310802.3515625,310000.0,512,69.7734375,69.322265625,771.966465898451,10142.967120806294
2010,CLEMENTI,4 ROOM,437172.20083682006,435000.0,239,92.88702928870293,71.84937238493724,754.5473466346899,10063.931306773082
2010,CLEMENTI,5 ROOM,572595.3181818182,566500.0,88,123.55681818181819,69.43181818181819,902.2162996024447,9845.291011018455
2010,CLEMENTI,EXECUTIVE,668992.7741935484,675000.0,31,151.83870967741936,73.06451612903226,928.5657138286078,10256.073659838728
2010,GEYLANG,2 ROOM,206373.77049180327,208000.0,61,44.98360655737705,61.01639344262295,360.3235544045134,6155.177208836094
2010,GEYLANG,3 ROOM,267240.68512110726,260000.0,578,61.53979238754325,62.90484429065744,415.47505511401056,6122.2952997121965
2010,GEYLANG,4 ROOM,400634.81045751635,395500.0,306,93.26470588235294,76.50980392156863,446.6400002404351,6179.139323302888
2010,GEYLANG,5 ROOM,555828.8198757764,550000.0,161,123.03105590062111,77.16149068322981,417.5582564516808,5825.412468400673
2010,GEYLANG,EXECUTIVE,574632.9333333333,577500.0,30,147.1,75.23333333333333,437.50153337042343,6313.608090799514
2010,HOUGANG,3 ROOM,270033.03324808186,270000.0,391,68.37084398976982,72.78516624040921,831.3727724384335,10098.611767409968
2010,HOUGANG,4 ROOM,354742.0574162679,356000.0,836,96.99760765550239,79.38995215311004,853.9961120485945,10532.216982263904
2010,HOUGANG,5 ROOM,436819.0133333333,434000.0,375,121.38666666666667,81.896,960.9739749521514,10579.866952865726
2010,HOUGANG,EXECUTIVE,521273.1387559809,510000.0,209,145.98564593301435,79.91387559808612,787.2668862961192,10578.434304420074
2010,JURONG EAST,3 ROOM,274151.66343042074,275000.0,309,70.86731391585761,70.97734627831716,845.5217595568347,13917.445206568356
2010,JURONG EAST,4 ROOM,354482.1974789916,350000.0,238,96.60924369747899,77.28571428571429,930.4310689235682,13712.850394501707
2010,JURONG EAST,5 ROOM,455121.46153846156,460000.0,208,121.1201923076923,77.5,920.5443235923789,13642.17774951322
2010,JURONG EAST,EXECUTIVE,553048.9882352941,555000.0,85,146.8470588235294,80.91764705882353,784.4925728802816,14054.972446614747
2010,JURONG WEST,2 ROOM,199000.0,199000.0,2,52.0,63.0,999.7227342868553,16138.645086965997
2010,JURONG WEST,3 ROOM,255379.81601362862,255000.0,587,68.06814310051108,68.5741056218058,869.6631846167771,16745.110208539503
2010,JURONG WEST,4 ROOM,350595.2947277442,350000.0,1157,99.17286084701816,82.59377700950735,785.7520276791149,17629.07737159585
2010,JURONG WEST,5 ROOM,415880.578465063,418000.0,873,116.78579610538374,86.08820160366552,682.1947279469825,17801.30951979354
2010,JURONG WEST,EXECUTIVE,473941.08070175437,477000.0,285,141.8736842105263,83.25614035087719,898.1888876861171,17465.606938330533
2010,KALLANG/WHAMPOA,2 ROOM,218904.7619047619,215000.0,21,47.142857142857146,63.42857142857143,425.6137747722943,4057.444012540271
2010,KALLANG/WHAMPOA,3 ROOM,313191.58040665434,291000.0,541,68.23105360443623,65.57301293900184,486.45064053084997,4498.688129116324
2010,KALLANG/WHAMPOA,4 ROOM,455931.1301369863,451500.0,292,92.82876712328768,79.03767123287672,479.9854647518269,4250.857556881899
2010,KALLANG/WHAMPOA,5 ROOM,577014.7134502924,565000.0,171,119.85964912280701,80.01169590643275,469.61211990574935,4258.846131711146
2010,KALLANG/WHAMPOA,EXECUTIVE,592069.2307692308,588000.0,26,149.1153846153846,75.38461538461539,781.8643060591999,4888.4449754192365
2010,MARINE PARADE,3 ROOM,362909.13475177303,365000.0,141,67.33333333333333,64.26241134751773,1869.9222249713098,7223.966060165863
2010,MARINE PARADE,4 ROOM,464060.1525423729,462000.0,59,85.98305084745763,64.50847457627118,1896.7512599843246,7036.9944065693335
2010,MARINE PARADE,5 ROOM,675315.5942028986,680000.0,69,121.78260869565217,64.6376811594203,1919.51753761629,7232.178033122561
2010,PASIR RIS,2 ROOM,256500.0,256500.0,2,55.0,83.0,932.8284774223002,14917.773088298818
2010,PASIR RIS,3 ROOM,227500.0,226000.0,4,66.0,69.75,3477.459802041358,19110.946550525903
2010,PASIR RIS,4 ROOM,370176.7849462366,368000.0,465,105.7010752688172,81.26236559139785,1116.0432939732323,14917.9228648187
2010,PASIR RIS,5 ROOM,422911.39215686277,420000.0,408,125.75490196078431,82.70588235294117,1216.3710620667011,14710.009753219792
2010,PASIR RIS,EXECUTIVE,524854.9306666667,515000.0,375,147.048,82.16533333333334,1038.9690978071328,14959.27263792963
2010,PUNGGOL,4 ROOM,379769.29378531076,379000.0,177,90.29943502824858,92.70056497175142,1709.092271556477,14247.919708938289
2010,PUNGGOL,5 ROOM,442814.80319148937,442000.0,564,110.56028368794327,92.45390070921985,1650.1980420940256,14180.051588377879
2010,PUNGGOL,EXECUTIVE,515809.72307692305,513888.0,65,128.69230769230768,92.43076923076923,1614.9335932698166,14237.247611980576
2010,QUEENSTOWN,2 ROOM,212836.74074074073,213900.0,81,45.24691358024691,59.629629629629626,441.2482349408341,6174.237066886557
2010,QUEENSTOWN,3 ROOM,314384.29743589746,305000.0,585,62.47863247863248,61.023931623931624,495.4409284735697,6455.577086401153
2010,QUEENSTOWN,4 ROOM,547056.2626262626,550000.0,198,93.14646464646465,81.54545454545455,424.61795474367085,5801.835610790518
2010,QUEENSTOWN,5 ROOM,676691.304347826,680000.0,115,119.38260869565218,77.19130434782609,440.1887303326317,6398.352369673139
2010,QUEENSTOWN,EXECUTIVE,770464.0,780000.0,17,151.05882352941177,83.6470588235294,278.6828495239163,5668.373591895336
2010,SEMBAWANG,4 ROOM,356338.2873239437,358000.0,355,93.6281690140845,90.1774647887324,539.6572200705401,18905.022982747956
2010,SEMBAWANG,5 ROOM,406230.67415730335,404000.0,356,112.83988764044943,90.16573033707866,527.0387309467054,18907.246052376464
2010,SEMBAWANG,EXECUTIVE,463248.8,462000.0,110,133.95454545454547,89.50909090909092,516.8214830445271,18833.81558804154
2010,SENGKANG,4 ROOM,380623.7044854881,377000.0,758,92.44063324538259,91.06992084432717,882.0974533640563,12803.910658162185
2010,SENGKANG,5 ROOM,434546.4952879581,433000.0,955,113.09842931937173,90.42408376963351,916.0874815536805,12865.492967967311
2010,SENGKANG,EXECUTIVE,510692.32178217825,508000.0,202,132.36138613861385,89.52970297029702,865.7536387508299,12979.95822280951
2010,SERANGOON,2 ROOM,209444.0,209444.0,2,44.0,67.0,478.57526735624606,7817.4925734456465
2010,SERANGOON,3 ROOM,285102.41624365485,285000.0,197,65.4517766497462,73.27918781725889,839.5049412224587,8611.635089850975
2010,SERANGOON,4 ROOM,377456.813253012,374500.0,332,94.81626506024097,76.42771084337349,1106.531265147547,8921.725354448226
2010,SERANGOON,5 ROOM,468828.94488188974,458000.0,127,121.66929133858268,79.91338582677166,1410.7516946173644,9459.895840255864
2010,SERANGOON,EXECUTIVE,554716.2637362637,539000.0,91,147.9010989010989,78.97802197802197,1298.6551808863148,9293.13539515548
2010,TAMPINES,3 ROOM,297871.50673400675,298000.0,594,72.63804713804714,73.88383838383838,617.7134929598552,13018.376259492816
2010,TAMPINES,4 ROOM,382241.42189054727,380000.0,1005,100.79004975124379,77.97412935323383,680.4330372585582,13260.279776145024
2010,TAMPINES,5 ROOM,444815.83636363636,442000.0,550,124.65818181818182,79.86727272727273,685.0805744018281,13493.21820481104
2010,TAMPINES,EXECUTIVE,540128.7396226415,540000.0,265,146.63396226415094,79.92830188679245,736.9253738882628,13121.505808309481
2010,TAMPINES,MULTI-GENERATION,492000.0,492000.0,1,132.0,76.0,236.69636560972003,14231.353280782096
2010,TOA PAYOH,2 ROOM,217329.9393939394,216888.0,33,44.21212121212121,61.27272727272727,471.88322310266466,6001.4959278116285
2010,TOA PAYOH,3 ROOM,296990.4229452055,296000.0,584,66.95034246575342,62.111301369863014,632.3471812341467,5950.621217103031
2010,TOA PAYOH,4 ROOM,438091.4430379747,428000.0,237,94.9957805907173,76.0506329113924,655.6270586949161,6017.235567116738
2010,TOA PAYOH,5 ROOM,563895.8804347826,565250.0,184,121.4836956521739,80.41304347826087,735.1686428782955,6024.074024952385
2010,TOA PAYOH,EXECUTIVE,605787.52,585000.0,25,149.28,76.08,578.7707864235322,6116.56464509247
2010,WOODLANDS,2 ROOM,207000.0,207000.0,1,45.0,73.0,1009.9304538657548,19417.24339507181
2010,WOODLANDS,3 ROOM,243811.28150134048,241888.0,373,69.36997319034853,71.10723860589812,874.8527465353043,19275.4792557808
2010,WOODLANDS,4 ROOM,326413.77670572017,328000.0,1451,97.59269469331495,84.69882839421089,620.6726272029161,18394.77743800185
2010,WOODLANDS,5 ROOM,383827.50764818356,385000.0,1046,120.03824091778203,86.32026768642447,583.2926050894126,18308.359245174535
2010,WOODLANDS,EXECUTIVE,480629.15838509315,475000.0,322,155.59006211180125,85.22360248447205,499.0372794048869,18338.769930627517
2010,YISHUN,3 ROOM,262795.3145478375,261000.0,763,69.57536041939711,74.5478374836173,671.4971743809431,16388.194323519947
2010,YISHUN,4 ROOM,312845.6435742972,310000.0,996,93.1214859437751,75.89056224899599,796.5255628615186,16089.682752860688
2010,YISHUN,5 ROOM,403848.3333333333,401400.0,276,122.94927536231884,77.07608695652173,629.3546821699852,15969.55095145431
2010,YISHUN,EXECUTIVE,477989.48148148146,470444.0,108,147.55555555555554,76.88888888888889,805.593287889095,15689.74519007981
2010,YISHUN,MULTI-GENERATION,605486.0,596000.0,8,170.375,76.125,800.4489372265075,15120.233137916865
2011,ANG MO KIO,2 ROOM,252799.63636363635,253000.0,33,44.36363636363637,67.75757575757575,404.25280303542206,9565.33159916186
2011,ANG MO KIO,3 ROOM,334601.0474898236,330000.0,737,70.98914518317504,67.66892808683853,646.5217115896775,9791.368204076553
2011,ANG MO KIO,4 ROOM,447756.3304347826,435000.0,230,92.6304347826087,71.22608695652174,621.1723789735813,9749.620159949875
2011,ANG MO KIO,5 ROOM,621402.9836065574,607500.0,122,117.18032786885246,79.59836065573771,575.807879372905,9709.511240625117
2011,ANG MO KIO,EXECUTIVE,747000.0,730000.0,5,163.8,73.8,512.7265516210603,9975.423047147351
2011,BEDOK,2 ROOM,240075.0,239000.0,20,44.5,68.4,762.0728815216315,9929.113613972473
2011,BEDOK,3 ROOM,315443.8294209703,311000.0,639,67.98435054773083,67.78873239436619,810.0522337838601,10041.694452755963
2011,BEDOK,4 ROOM,419121.9176755448,410000.0,413,93.23728813559322,72.55690072639226,674.9215652829282,10156.166373190754
2011,BEDOK,5 ROOM,535279.6262135922,530000.0,206,121.31553398058253,73.44660194174757,696.5475828491902,9982.996940184063
2011,BEDOK,EXECUTIVE,619335.0,616500.0,60,146.06666666666666,76.9,613.59835273465,9383.94717859688
2011,BISHAN,3 ROOM,339273.58490566036,356000.0,53,65.16981132075472,71.41509433962264,606.9977754950372,7931.125996963483
2011,BISHAN,4 ROOM,489629.9205607477,488000.0,214,98.74299065420561,77.86915887850468,776.5328799657524,7870.599810768228
2011,BISHAN,5 ROOM,638550.0173913044,635000.0,115,123.67826086956522,77.41739130434783,695.8967030466653,7694.084230578676
2011,BISHAN,EXECUTIVE,746174.7272727273,747500.0,44,153.0681818181818,77.9090909090909,696.8783982770997,8112.941514063423
2011,BISHAN,MULTI-GENERATION,780000.0,780000.0,1,167.0,75.0,709.1099284818088,6794.62712574741
2011,BUKIT BATOK,3 ROOM,303014.10204081633,301000.0,392,68.36479591836735,74.09183673469387,630.1400228592438,13708.223480032848
2011,BUKIT BATOK,4 ROOM,409207.41761363635,408500.0,352,96.35227272727273,77.75852272727273,655.0827070093392,13710.371806245332
2011,BUKIT BATOK,5 ROOM,541299.4827586206,550900.0,116,123.07758620689656,81.4396551724138,654.021728453254,13687.312097532415
2011,BUKIT BATOK,EXECUTIVE,596540.3333333334,596500.0,84,147.17857142857142,77.54761904761905,694.8531380393537,13647.642058043813
2011,BUKIT MERAH,1 ROOM,213750.0,216500.0,16,31.0,63.0,1211.7946074494985,3588.8321407213525
2011,BUKIT MERAH,2 ROOM,272003.08196721313,265000.0,61,45.34426229508197,60.57377049180328,368.06919973666805,3531.2006704995265
2011,BUKIT MERAH,3 ROOM,362477.6987951807,358000.0,332,65.84939759036145,64.7710843373494,713.6596067308634,3341.817826704927
2011,BUKIT MERAH,4 ROOM,576675.3561643836,570000.0,292,94.10958904109589,81.48630136986301,591.7076474354335,3508.5458022620523
2011,BUKIT MERAH,5 ROOM,701804.4038461539,699000.0,208,117.4326923076923,81.94711538461539,651.7882108058623,3491.2428156932338
2011,BUKIT PANJANG,3 ROOM,307057.010989011,305000.0,91,71.61538461538461,76.13186813186813,1004.6486068297351,13684.951992355858
2011,BUKIT PANJANG,4 ROOM,388608.7040229885,383000.0,348,96.85919540229885,83.61494252873563,967.9060800358171,14396.770514630423
2011,BUKIT PANJANG,5 ROOM,464205.13103448274,456750.0,290,116.26896551724138,86.26551724137931,975.7938457926699,14569.96190066196
2011,BUKIT PANJANG,EXECUTIVE,549062.6048387097,546000.0,124,138.56451612903226,84.53225806451613,1085.983024099296,14456.348653230829
2011,BUKIT TIMAH,3 ROOM,405111.1111111111,410000.0,9,67.66666666666667,63.333333333333336,224.20385314753457,6282.183031135613
2011,BUKIT TIMAH,4 ROOM,531407.3333333334,540500.0,12,99.66666666666667,71.75,427.84869694115224,9166.175976292021
2011,BUKIT TIMAH,5 ROOM,759166.6666666666,746500.0,6,122.5,66.83333333333333,204.14911227842285,7711.904082965609
2011,BUKIT TIMAH,EXECUTIVE,775400.0,749000.0,5,147.6,76.4,380.52219285141507,10545.279253011442
2011,CENTRAL AREA,2 ROOM,279125.0,268500.0,8,54.75,66.125,646.7530571930521,1333.3236276901905
2011,CENTRAL AREA,3 ROOM,404244.55319148937,400000.0,94,65.58510638297872,66.80851063829788,261.9355978188831,1800.895004524623
2011,CENTRAL AREA,4 ROOM,514214.28571428574,485000.0,42,85.52380952380952,74.21428571428571,275.7639212476722,2147.768386226309
2011,CENTRAL AREA,5 ROOM,628865.6666666666,609444.0,12,109.08333333333333,86.58333333333333,340.85547070948496,2714.373347455129
2011,CHOA CHU KANG,3 ROOM,303644.23076923075,304000.0,52,72.76923076923077,72.48076923076923,895.785741173786,15249.332846097039
2011,CHOA CHU KANG,4 ROOM,390553.8388520971,387000.0,453,102.81015452538631,83.05739514348785,678.7957209709338,16487.536579359996
2011,CHOA CHU KANG,5 ROOM,448518.8788819876,443444.0,322,119.82298136645963,85.18944099378882,705.7406231775796,16758.476580301493
2011,CHOA CHU KANG,EXECUTIVE,542964.8474576271,545000.0,118,144.70338983050848,83.03389830508475,636.6001397546723,16650.649833773285
2011,CLEMENTI,2 ROOM,249000.0,253000.0,3,44.0,67.0,546.3148326935268,9939.470296543004
2011,CLEMENTI,3 ROOM,349953.9534883721,350000.0,301,69.93687707641196,68.39867109634551,797.2594907504122,10154.361651433012
2011,CLEMENTI,4 ROOM,497908.9846153846,495500.0,130,92.93846153846154,71.49230769230769,786.14448882287,10072.569099942199
2011,CLEMENTI,5 ROOM,632583.8947368421,622500.0,38,122.86842105263158,69.92105263157895,836.9917931778008,9832.745480840054
2011,CLEMENTI,EXECUTIVE,757862.5,746500.0,16,150.3125,72.125,931.8027621006911,10234.621912336394
2011,GEYLANG,2 ROOM,239760.0,240000.0,25,45.6,57.32,313.73835349098425,6312.694186700105
2011,GEYLANG,3 ROOM,306014.7075208914,298000.0,359,61.66852367688022,63.05849582172702,402.4365809396926,6165.9032500773965
2011,GEYLANG,4 ROOM,479991.0970873786,464000.0,206,91.87864077669903,78.85436893203884,414.9210847569464,6411.0410402368925
2011,GEYLANG,5 ROOM,618608.9552238806,630000.0,67,123.35820895522389,76.64179104477611,375.8772619890498,5874.4198766167565
2011,GEYLANG,EXECUTIVE,638933.3333333334,628000.0,15,147.93333333333334,74.2,408.2424840979507,6421.7808349501565
2011,HOUGANG,3 ROOM,315154.24812030076,314000.0,266,69.07894736842105,71.5375939849624,793.4746279045452,10087.76529105213
2011,HOUGANG,4 ROOM,402205.222614841,403750.0,566,96.52826855123675,78.23498233215548,854.3271295004713,10522.898405010164
2011,HOUGANG,5 ROOM,488792.58646616543,485000.0,266,119.8796992481203,82.77067669172932,1052.2924013336803,10640.051086184687
2011,HOUGANG,EXECUTIVE,581760.9327731093,580000.0,119,146.11764705882354,78.1344537815126,873.9057497407179,10354.574467768258
2011,JURONG EAST,3 ROOM,311182.93167701864,313000.0,161,70.98136645962732,70.29813664596273,833.8580328501229,13923.663717582107
2011,JURONG EAST,4 ROOM,406024.6234567901,401000.0,162,97.0,76.57407407407408,883.4896577755565,13828.17243676925
2011,JURONG EAST,5 ROOM,495876.3725490196,498000.0,102,120.96078431372548,76.6078431372549,956.9332194574934,13661.79227605122
2011,JURONG EAST,EXECUTIVE,602361.8378378379,595000.0,37,146.97297297297297,78.4054054054054,782.8793217952572,14268.246878380167
2011,JURONG WEST,2 ROOM,253333.33333333334,250000.0,3,54.666666666666664,83.33333333333333,639.8090996000084,17343.88558133037
2011,JURONG WEST,3 ROOM,290214.1335149864,288000.0,367,68.20708446866485,67.08991825613079,865.705875537773,16678.84576693569
2011,JURONG WEST,4 ROOM,394053.4832402235,391000.0,716,99.12849162011173,81.84357541899442,798.7194101861913,17665.58765084318
2011,JURONG WEST,5 ROOM,457660.260942761,458444.0,594,116.47306397306397,85.25420875420875,703.3930955386899,17890.53905029352
2011,JURONG WEST,EXECUTIVE,528107.6315789474,533000.0,171,140.7485380116959,82.65497076023392,857.6497858292813,17381.625963478375
2011,KALLANG/WHAMPOA,2 ROOM,253782.15384615384,246000.0,13,48.23076923076923,60.76923076923077,392.02051193423745,3993.5448733147355
2011,KALLANG/WHAMPOA,3 ROOM,352341.0843373494,330000.0,332,66.96686746987952,65.28012048192771,484.29708194943777,4434.587224686888
2011,KALLANG/WHAMPOA,4 ROOM,497531.1818181818,480000.0,176,92.5625,77.2215909090909,497.38703833740186,4210.364752156053
2011,KALLANG/WHAMPOA,5 ROOM,623401.708737864,613000.0,103,120.44660194174757,77.4368932038835,499.2644531891334,4424.32923297979
2011,KALLANG/WHAMPOA,EXECUTIVE,657168.0,651288.0,7,145.71428571428572,74.57142857142857,670.4146592418165,4686.521536906861
2011,MARINE PARADE,2 ROOM,236500.0,236500.0,2,42.5,63.0,1846.8874643779388,7371.660938386482
2011,MARINE PARADE,3 ROOM,405830.4090909091,400000.0,88,67.31818181818181,63.23863636363637,1879.1865592675988,7243.374180358326
2011,MARINE PARADE,4 ROOM,495836.1111111111,492500.0,36,86.02777777777777,63.388888888888886,1897.1571851891022,7115.662842207752
2011,MARINE PARADE,5 ROOM,745333.4054054054,740000.0,37,122.13513513513513,63.54054054054054,1925.014664929304,7264.989437682957
2011,PASIR RIS,2 ROOM,261500.0,261500.0,2,55.0,82.0,932.8284774223002,14917.773088298818
2011,PASIR RIS,3 ROOM,268000.0,263000.0,7,66.0,68.42857142857143,3450.6664062463065,19129.668037828545
2011,PASIR RIS,4 ROOM,416108.41366906476,415000.0,278,105.66546762589928,80.61870503597122,1152.8167541252785,14830.214468185792
2011,PASIR RIS,5 ROOM,479708.6929824561,482000.0,228,125.76754385964912,81.53947368421052,1196.1773827048637,14753.420630149125
2011,PASIR RIS,EXECUTIVE,585296.3963963964,580000.0,222,147.27927927927928,80.96396396396396,1049.6520670718194,15007.064777309946
2011,PUNGGOL,4 ROOM,444103.7831325301,445000.0,166,90.12048192771084,92.48795180722891,1628.2252216656525,14280.659844997697
2011,PUNGGOL,5 ROOM,505837.2451456311,505000.0,412,110.51941747572816,91.5873786407767,1622.2137168221445,14198.868413476928
2011,PUNGGOL,EXECUTIVE,571462.2222222222,572000.0,45,128.9111111111111,91.31111111111112,1561.3016350288785,14181.208588673175
2011,QUEENSTOWN,2 ROOM,247450.0,250000.0,48,45.208333333333336,59.208333333333336,452.6011868985106,6238.805620960779
2011,QUEENSTOWN,3 ROOM,352541.24725274724,338000.0,364,62.425824175824175,60.285714285714285,480.75200951112055,6442.942720976267
2011,QUEENSTOWN,4 ROOM,601599.3220338983,609000.0,118,92.46610169491525,84.26271186440678,427.92605319356056,5505.159148289617
2011,QUEENSTOWN,5 ROOM,743791.0175438597,747000.0,57,118.19298245614036,78.57894736842105,448.70394263975254,6344.363912118784
2011,QUEENSTOWN,EXECUTIVE,821876.4444444445,825000.0,9,146.33333333333334,83.0,227.39687987115485,5414.614549948656
2011,SEMBAWANG,4 ROOM,396018.1938325991,395500.0,227,93.64757709251101,89.22466960352423,544.1580121062137,18895.935171751247
2011,SEMBAWANG,5 ROOM,444355.5836734694,442000.0,245,112.36326530612244,89.18775510204081,522.1643145126662,18935.655665415055
2011,SEMBAWANG,EXECUTIVE,511657.54545454547,511500.0,88,132.97727272727272,88.56818181818181,470.9238404164342,18790.12905671191
2011,SENGKANG,4 ROOM,440325.33089579525,430000.0,547,92.3290676416819,90.64351005484461,892.9210227113413,12745.232787065106
2011,SENGKANG,5 ROOM,486010.79341317364,483444.0,668,113.2380239520958,89.38323353293413,935.8073895252517,12896.526666787788
2011,SENGKANG,EXECUTIVE,577119.1879699248,580000.0,133,131.70676691729324,88.7218045112782,807.5458050950972,12888.805234086125
2011,SERANGOON,2 ROOM,238000.0,238000.0,1,44.0,66.0,478.57526735624606,7817.4925734456465
2011,SERANGOON,3 ROOM,324518.07299270073,323000.0,137,65.18978102189782,72.26277372262774,932.2040280801933,8721.676715030466
2011,SERANGOON,4 ROOM,427405.3653846154,420000.0,208,94.34615384615384,75.79807692307692,1103.0351628952953,8919.916110427792
2011,SERANGOON,5 ROOM,535853.797752809,518000.0,89,121.89887640449439,79.32584269662921,1370.3628836169687,9438.715239957
2011,SERANGOON,EXECUTIVE,630027.0322580645,619000.0,62,147.19354838709677,78.8225806451613,1380.8310460482028,9354.115592019742
2011,TAMPINES,3 ROOM,337622.90839694656,338000.0,393,72.39185750636132,73.01272264631044,644.9425542605419,13065.424941349727
2011,TAMPINES,4 ROOM,429954.2970779221,428500.0,616,101.15584415584415,77.0,706.5894291469239,13219.16497549104
2011,TAMPINES,5 ROOM,501937.52469135803,499000.0,324,124.43827160493827,79.22839506172839,685.3307265669152,13555.372383158732
2011,TAMPINES,EXECUTIVE,610485.6038961039,603000.0,154,146.9025974025974,78.2987012987013,759.4218518020681,13013.564366397504
2011,TAMPINES,MULTI-GENERATION,640000.0,640000.0,1,150.0,75.0,129.1881488736557,14166.894135422404
2011,TOA PAYOH,2 ROOM,247692.93333333332,247500.0,30,42.266666666666666,59.13333333333333,443.97799879484677,5797.183004295556
2011,TOA PAYOH,3 ROOM,327234.1623529412,327000.0,425,66.50823529411765,61.03764705882353,633.9003612127638,5998.306961887613
2011,TOA PAYOH,4 ROOM,500822.43956043955,497500.0,182,93.26923076923077,76.81318681318682,602.0900824234946,5994.3562333822665
2011,TOA PAYOH,5 ROOM,656513.6705882353,663000.0,85,121.76470588235294,80.2,673.1625974563757,6002.606861290078
2011,TOA PAYOH,EXECUTIVE,701000.0,718000.0,15,148.93333333333334,76.8,474.60825463154225,6180.275128517235
2011,WOODLANDS,2 ROOM,229000.0,230500.0,4,45.0,72.0,1009.9304538657548,19417.24339507181
2011,WOODLANDS,3 ROOM,288283.2148760331,286000.0,242,69.50826446280992,70.93388429752066,846.564599929002,19218.96578547251
2011,WOODLANDS,4 ROOM,367816.0800942285,368000.0,849,96.88339222614842,83.5359246171967,619.7342282178226,18408.31699572558
2011,WOODLANDS,5 ROOM,424189.3596614951,422000.0,709,119.98871650211565,84.76445698166431,604.0054981137818,18353.723579101137
2011,WOODLANDS,EXECUTIVE,540008.819047619,530000.0,210,153.89523809523808,84.36190476190477,525.5871048911318,18355.56811494019
2011,YISHUN,3 ROOM,297481.7410881801,296000.0,533,69.19136960600375,73.68480300187618,688.1611851853635,16376.51972649628
2011,YISHUN,4 ROOM,364722.16519174044,363000.0,678,93.89823008849558,74.75811209439529,786.1979488553523,15998.822208312335
2011,YISHUN,5 ROOM,451478.74594594596,451000.0,185,122.7945945945946,76.25405405405405,641.7323227247188,15870.632108750375
2011,YISHUN,EXECUTIVE,534698.4193548387,521000.0,62,147.16129032258064,75.95161290322581,842.4173813900502,15791.557162478464
2011,YISHUN,MULTI-GENERATION,666250.0,670500.0,8,165.75,75.0,781.4540302207713,15064.684031674968
2012,ANG MO KIO,2 ROOM,264715.3846153846,265000.0,26,44.30769230769231,68.03846153846153,478.46941791229824,9651.80776303344
2012,ANG MO KIO,3 ROOM,359429.2676470588,353000.0,680,70.75441176470588,66.56470588235294,640.3691256002512,9805.772880284823
2012,ANG MO KIO,4 ROOM,483773.1906354515,470000.0,299,93.22408026755853,69.80267558528428,599.4889422876328,9684.144004379159
2012,ANG MO KIO,5 ROOM,643468.5283018867,630000.0,106,118.41509433962264,75.24528301886792,611.3956816956253,9764.21394517108
2012,ANG MO KIO,EXECUTIVE,780916.6666666666,790000.0,12,158.75,74.0,785.273370301913,10173.058838688185
2012,BEDOK,2 ROOM,267625.0,267000.0,16,44.75,70.4375,471.77371892270173,9842.201466130973
2012,BEDOK,3 ROOM,343778.1371610845,340000.0,627,67.9377990430622,66.52153110047847,813.1120280065965,10092.682467649653
2012,BEDOK,4 ROOM,446910.7483588621,435000.0,457,92.80743982494529,71.20131291028446,678.7142279199232,9969.49429839281
2012,BEDOK,5 ROOM,592331.551724138,585000.0,232,121.71120689655173,73.61637931034483,731.8061259185546,9888.290150162054
2012,BEDOK,EXECUTIVE,681377.3793103448,669000.0,58,147.91379310344828,76.94827586206897,643.2089179746505,9168.161733228902
2012,BISHAN,3 ROOM,367963.1304347826,380000.0,69,65.1304347826087,70.7536231884058,590.750571514057,7840.303597640088
2012,BISHAN,4 ROOM,516435.38144329895,511000.0,194,98.20618556701031,76.44329896907216,753.3039989336642,7908.4297206633355
2012,BISHAN,5 ROOM,673753.7307692308,676000.0,104,122.88461538461539,76.0,726.8812631271417,7584.373846691712
2012,BISHAN,EXECUTIVE,838653.5384615385,838000.0,39,151.71794871794873,76.48717948717949,705.0181983929178,7970.558979214567
2012,BISHAN,MULTI-GENERATION,877000.0,900000.0,5,152.6,74.0,871.1936412127236,6786.9675479365005
2012,BUKIT BATOK,3 ROOM,325290.1502347418,325000.0,426,68.44131455399061,72.9225352112676,642.2416206746414,13755.204316460846
2012,BUKIT BATOK,4 ROOM,437783.07455012854,430000.0,389,95.95115681233933,76.62467866323908,639.9709288237766,13807.428649225918
2012,BUKIT BATOK,5 ROOM,568529.1525423729,585900.0,118,124.11864406779661,79.41525423728814,652.1128487970901,13617.533450398576
2012,BUKIT BATOK,EXECUTIVE,650842.2608695652,636000.0,92,147.84782608695653,75.69565217391305,652.5731746701709,13629.952331821287
2012,BUKIT MERAH,1 ROOM,237062.5,237000.0,16,31.0,62.0,1211.7946074494985,3588.8321407213525
2012,BUKIT MERAH,2 ROOM,294765.15789473685,294444.0,38,45.526315789473685,59.578947368421055,373.5596685261715,3544.862954509708
2012,BUKIT MERAH,3 ROOM,388416.40356083086,380000.0,337,65.67359050445104,63.58456973293769,693.0064944170505,3301.366183268267
2012,BUKIT MERAH,4 ROOM,618354.607028754,615000.0,313,92.92012779552715,80.84984025559105,598.0656288261407,3446.1112707061247
2012,BUKIT MERAH,5 ROOM,751158.722513089,745800.0,191,118.57068062827226,80.68062827225131,600.246107534905,3547.3980847228945
2012,BUKIT PANJANG,3 ROOM,339882.97872340423,342750.0,94,72.36170212765957,75.08510638297872,984.2115711162668,13693.057203649489
2012,BUKIT PANJANG,4 ROOM,421508.2326869806,413000.0,361,97.20498614958449,82.17451523545706,989.4220001609347,14352.79500741601
2012,BUKIT PANJANG,5 ROOM,501870.70472440944,490000.0,254,116.52362204724409,85.18897637795276,978.4437812363034,14576.191817458077
2012,BUKIT PANJANG,EXECUTIVE,588442.7692307692,590000.0,117,137.86324786324786,83.94871794871794,1085.4896366297828,14460.116141475799
2012,BUKIT TIMAH,3 ROOM,429571.4285714286,427000.0,7,67.0,61.857142857142854,205.47491475770667,6264.723303176211
2012,BUKIT TIMAH,4 ROOM,575240.0,582750.0,20,98.65,71.65,345.2513701843621,9526.519960868238
2012,BUKIT TIMAH,5 ROOM,764500.0,733000.0,14,122.71428571428571,72.35714285714286,354.9405977121808,9725.183523754416
2012,BUKIT TIMAH,EXECUTIVE,835000.0,868000.0,3,148.66666666666666,76.0,452.34967838738663,10412.339481177623
2012,CENTRAL AREA,2 ROOM,286288.8,281000.0,10,52.1,62.9,609.5312441993059,1424.3365715568839
2012,CENTRAL AREA,3 ROOM,438112.8378378378,438000.0,74,64.77027027027027,66.72972972972973,265.3471228377331,1847.359915543818
2012,CENTRAL AREA,4 ROOM,548811.7575757576,533000.0,33,84.57575757575758,71.9090909090909,268.5612348976837,2013.4270716868962
2012,CENTRAL AREA,5 ROOM,684500.0,643000.0,13,110.07692307692308,83.46153846153847,313.5764293265484,2419.0371575048584
2012,CHOA CHU KANG,3 ROOM,327302.0833333333,329000.0,48,72.54166666666667,71.45833333333333,915.0673736562921,15309.959420246363
2012,CHOA CHU KANG,4 ROOM,423840.4042145594,420000.0,522,102.42528735632185,82.455938697318,700.5041929558741,16525.295601779468
2012,CHOA CHU KANG,5 ROOM,491310.32608695654,485500.0,368,120.71739130434783,84.26902173913044,668.2880487257962,16810.539282596408
2012,CHOA CHU KANG,EXECUTIVE,588637.3114754099,580000.0,122,144.45901639344262,82.26229508196721,674.4833725037972,16536.974884714153
2012,CLEMENTI,2 ROOM,265000.0,265000.0,1,44.0,66.0,546.3148326935268,9939.470296543004
2012,CLEMENTI,3 ROOM,372948.85131195333,375000.0,343,69.49562682215743,67.03206997084548,761.7128110039193,10141.367952046354
2012,CLEMENTI,4 ROOM,517819.25,503000.0,176,92.51136363636364,69.4034090909091,759.705936429148,10150.329615896319
2012,CLEMENTI,5 ROOM,679892.3076923077,675000.0,39,120.12820512820512,68.74358974358974,827.3051533180657,9798.513916978425
2012,CLEMENTI,EXECUTIVE,813312.5,807500.0,16,149.4375,71.375,915.6219435304452,10338.570472015792
2012,GEYLANG,2 ROOM,261850.0,261500.0,30,44.9,57.86666666666667,350.2236979576092,6211.134960760208
2012,GEYLANG,3 ROOM,327614.3448275862,314500.0,348,61.51724137931034,62.59770114942529,400.1214112298733,6207.1325890755015
2012,GEYLANG,4 ROOM,489984.7272727273,470000.0,198,92.98989898989899,75.37878787878788,443.2180314555408,6368.708157652346
2012,GEYLANG,5 ROOM,653127.6923076923,650000.0,65,121.33846153846154,76.0,438.5912166052993,6007.045676864961
2012,GEYLANG,EXECUTIVE,712203.9583333334,702500.0,24,147.33333333333334,73.29166666666667,459.36593751073207,6502.801199931441
2012,HOUGANG,3 ROOM,343645.6754716981,341888.0,265,68.84150943396226,71.19245283018869,801.0415155245242,10196.65814325393
2012,HOUGANG,4 ROOM,436489.415896488,435000.0,541,96.31238447319778,77.71534195933457,878.6594568574134,10561.302608905089
2012,HOUGANG,5 ROOM,533506.0952380953,520000.0,231,120.73593073593074,81.35064935064935,1038.1294674400003,10650.740115292232
2012,HOUGANG,EXECUTIVE,648737.5238095238,634400.0,126,145.29365079365078,78.67460317460318,821.2550664275088,10740.0816732043
2012,JURONG EAST,3 ROOM,336240.0663900415,338000.0,241,69.80497925311204,69.65560165975104,742.7469551215343,14047.256539266898
2012,JURONG EAST,4 ROOM,432416.0714285714,434500.0,168,97.51190476190476,75.00595238095238,972.6552957822043,13674.413206615962
2012,JURONG EAST,5 ROOM,537609.5934065934,540000.0,91,123.10989010989012,74.73626373626374,966.4850421231138,13705.942112259076
2012,JURONG EAST,EXECUTIVE,662848.2285714286,655000.0,35,145.11428571428573,79.28571428571429,806.8126283618572,14030.702664576826
2012,JURONG WEST,2 ROOM,270090.9090909091,270000.0,11,52.36363636363637,91.54545454545455,444.44073199647045,18077.61134810543
2012,JURONG WEST,3 ROOM,323289.69796954317,320000.0,394,68.51269035532995,67.46954314720813,830.4055244787166,16667.968837382843
2012,JURONG WEST,4 ROOM,425241.1330409357,420000.0,684,99.46929824561404,80.08333333333333,798.5558628382165,17602.41634235426
2012,JURONG WEST,5 ROOM,494585.1784511785,493250.0,594,116.28619528619528,84.84680134680134,727.2403704826874,17881.257084805802
2012,JURONG WEST,EXECUTIVE,577348.6491935484,580000.0,248,138.125,83.22983870967742,811.6209688685792,17484.061493219644
2012,KALLANG/WHAMPOA,2 ROOM,270916.6666666667,270000.0,12,45.333333333333336,65.66666666666667,407.956257933952,3868.4607198210156
2012,KALLANG/WHAMPOA,3 ROOM,372211.52824858757,350000.0,354,65.78248587570621,63.67231638418079,485.1171411095123,4393.814075109577
2012,KALLANG/WHAMPOA,4 ROOM,538752.8860759494,525000.0,158,92.42405063291139,75.91772151898734,463.94977480004854,4145.147194383836
2012,KALLANG/WHAMPOA,5 ROOM,671355.6559139785,660000.0,93,121.51612903225806,77.6236559139785,572.3237703491134,4451.161739521451
2012,KALLANG/WHAMPOA,EXECUTIVE,754411.7647058824,735000.0,17,144.58823529411765,75.17647058823529,558.0141967234066,4497.426783632389
2012,MARINE PARADE,3 ROOM,425236.65753424657,415000.0,73,66.72602739726027,62.31506849315068,1882.8374581112632,7217.990284827311
2012,MARINE PARADE,4 ROOM,536704.7,541944.0,40,85.475,62.375,1883.930633807632,7115.64107026633
2012,MARINE PARADE,5 ROOM,821387.512195122,820000.0,41,120.8780487804878,62.73170731707317,1904.4548566661106,7239.221149530796
2012,PASIR RIS,3 ROOM,313857.14285714284,315000.0,7,66.28571428571429,67.42857142857143,3468.1223096958697,19131.672572360105
2012,PASIR RIS,4 ROOM,446598.76676384837,445000.0,343,105.48104956268222,79.66472303206997,1146.1066070090026,14801.760218804542
2012,PASIR RIS,5 ROOM,522928.0153846154,520500.0,260,125.6576923076923,80.7,1149.3493537807433,14725.87691672094
2012,PASIR RIS,EXECUTIVE,645694.8520179372,637000.0,223,147.60538116591928,80.14349775784753,1037.7782263882277,14950.27471655143
2012,PUNGGOL,4 ROOM,485833.7843137255,482500.0,255,90.54901960784314,92.01176470588236,1602.829820579284,14310.500911513487
2012,PUNGGOL,5 ROOM,543105.5341176471,541000.0,425,110.51058823529412,90.52705882352942,1644.5704169148696,14225.022465546806
2012,PUNGGOL,EXECUTIVE,619216.4444444445,618500.0,54,128.5,90.37037037037037,1641.186460394052,14266.03088480457
2012,QUEENSTOWN,2 ROOM,265412.0,265000.0,49,45.30612244897959,57.30612244897959,449.1193844801741,6212.778815492061
2012,QUEENSTOWN,3 ROOM,387781.50552486186,380000.0,362,62.671270718232044,60.41988950276243,476.95625565975786,6493.862706111532
2012,QUEENSTOWN,4 ROOM,659952.4817518248,668000.0,137,90.11678832116789,83.32116788321167,368.3718634211261,5978.909341791155
2012,QUEENSTOWN,5 ROOM,805735.3650793651,810000.0,63,116.80952380952381,79.58730158730158,432.10613854610455,6087.629757338713
2012,QUEENSTOWN,EXECUTIVE,899000.0,895000.0,5,148.6,82.0,247.12585871953837,5438.408871826633
2012,SEMBAWANG,4 ROOM,423432.6842105263,425250.0,228,93.4298245614035,88.33333333333333,572.3720104939501,18931.741312230013
2012,SEMBAWANG,5 ROOM,479706.7914893617,477000.0,235,112.8340425531915,88.13191489361702,516.0396676064072,18918.572797426474
2012,SEMBAWANG,EXECUTIVE,547186.3853211009,548000.0,109,133.05504587155963,87.64220183486239,473.19207766399643,18843.441324790347
2012,SENGKANG,2 ROOM,248500.0,248500.0,2,44.5,94.0,614.0850913141455,12396.713291550335
2012,SENGKANG,3 ROOM,407400.0,420000.0,5,80.2,94.6,903.5804102080417,12401.464479754217
2012,SENGKANG,4 ROOM,470809.14700193424,455000.0,517,92.43326885880077,89.64796905222437,846.5242888044385,12723.961240909302
2012,SENGKANG,5 ROOM,520589.7849117175,516000.0,623,112.89406099518459,88.41733547351525,933.2521389413836,12884.005062389997
2012,SENGKANG,EXECUTIVE,609990.0317460317,611000.0,189,131.79365079365078,87.84656084656085,844.6345380602663,12960.887578610009
2012,SERANGOON,2 ROOM,256222.0,256444.0,4,44.0,65.0,478.57526735624606,7817.4925734456465
2012,SERANGOON,3 ROOM,354065.8387096774,345500.0,124,65.37096774193549,71.66935483870968,896.6511016369775,8684.695431735958
2012,SERANGOON,4 ROOM,479321.0896226415,476500.0,212,94.43396226415095,74.64622641509433,952.8358719111321,8692.5885496592
2012,SERANGOON,5 ROOM,583016.5714285715,552000.0,77,121.62337662337663,78.15584415584415,1444.9228445546473,9457.417611957952
2012,SERANGOON,EXECUTIVE,702461.5384615385,680000.0,65,146.73846153846154,77.4,1270.5645169692807,9198.547060612163
2012,TAMPINES,3 ROOM,367922.3222506394,370000.0,391,72.32225063938618,71.78260869565217,659.422305649916,13063.154691496631
2012,TAMPINES,4 ROOM,461980.4563106796,460000.0,721,100.52288488210819,76.15395284327323,732.3392578054028,13223.942279037861
2012,TAMPINES,5 ROOM,540765.2992125985,535000.0,381,124.49081364829397,78.32283464566929,724.9777611113225,13496.733070318984
2012,TAMPINES,EXECUTIVE,665815.1807228916,655500.0,166,146.56024096385542,78.06024096385542,773.4459350499986,13237.319339875577
2012,TAMPINES,MULTI-GENERATION,771250.0,752500.0,4,157.5,74.0,236.69636560972003,14231.353280782096
2012,TOA PAYOH,2 ROOM,262672.0,260000.0,25,43.72,59.6,514.66399794076,5914.143212499245
2012,TOA PAYOH,3 ROOM,351514.3814713897,350500.0,367,66.64032697547684,60.21525885558583,603.9115716887355,5970.342587999774
2012,TOA PAYOH,4 ROOM,549090.2697674419,546000.0,215,93.78139534883721,77.5953488372093,573.7851467518138,5996.32912761225
2012,TOA PAYOH,5 ROOM,688625.009009009,685000.0,111,120.78378378378379,78.82882882882883,716.0593997916734,5978.626106074149
2012,TOA PAYOH,EXECUTIVE,783712.9032258064,770000.0,31,147.8709677419355,75.51612903225806,534.4668036746286,6015.607654139887
2012,WOODLANDS,2 ROOM,246600.0,250000.0,5,45.0,71.4,1070.833822588124,19544.331470276495
2012,WOODLANDS,3 ROOM,313227.42335766426,310000.0,274,69.2919708029197,69.60583941605839,830.012674447785,19228.49225423295
2012,WOODLANDS,4 ROOM,401207.0243386243,402000.0,945,97.90687830687831,82.10793650793651,621.2098749089624,18424.042902863042
2012,WOODLANDS,5 ROOM,461033.6533333333,458000.0,675,120.24592592592593,84.31407407407407,591.2361156330595,18319.534552987876
2012,WOODLANDS,EXECUTIVE,591896.9451476793,580000.0,237,150.41772151898735,84.0084388185654,483.83432487205255,18237.910218981306
2012,YISHUN,3 ROOM,326781.8072519084,325000.0,524,68.97519083969466,72.58015267175573,649.2482693123926,16378.919132794488
2012,YISHUN,4 ROOM,398456.356846473,395000.0,723,93.56984785615491,73.82849239280775,795.0530701393276,16056.197077221947
2012,YISHUN,5 ROOM,496617.4648648649,495000.0,185,122.15675675675676,75.57297297297298,656.5070306661066,16027.82589432727
2012,YISHUN,EXECUTIVE,600182.4197530864,591000.0,81,149.34567901234567,75.19753086419753,865.4882572040633,15768.662768443653
2012,YISHUN,MULTI-GENERATION,702666.6666666666,708000.0,3,166.0,74.33333333333333,720.4918095320505,15179.531280846655
2013,ANG MO KIO,2 ROOM,279151.3103448276,280000.0,29,44.275862068965516,65.6896551724138,405.5047232534028,9690.585844766678
2013,ANG MO KIO,3 ROOM,370576.55,363000.0,480,70.63541666666667,65.70625,656.56422165293,9796.585478940262
2013,ANG MO KIO,4 ROOM,508701.1191709844,490000.0,193,93.9119170984456,68.98963730569949,572.7749930613752,9726.116258074986
2013,ANG MO KIO,5 ROOM,675963.0,656000.0,76,119.69736842105263,72.80263157894737,611.996836444789,9751.732405549288
2013,ANG MO KIO,EXECUTIVE,842000.0,815500.0,6,158.33333333333334,74.33333333333333,759.5757579828628,10264.469804315586
2013,BEDOK,2 ROOM,278013.63636363635,278400.0,22,44.72727272727273,67.68181818181819,634.0097244664656,10118.966355659646
2013,BEDOK,3 ROOM,355416.4427480916,348194.0,524,68.41984732824427,66.02290076335878,847.0099670325749,10130.520848068547
2013,BEDOK,4 ROOM,472958.90196078434,452000.0,357,92.53781512605042,71.5546218487395,697.0691419330929,10017.200010901988
2013,BEDOK,5 ROOM,614860.4285714285,617500.0,168,121.95833333333333,71.42261904761905,752.0255077300122,9871.947987452935
2013,BEDOK,EXECUTIVE,724219.4347826086,706250.0,46,147.0,75.71739130434783,625.9122279113187,9095.535631617402
2013,BISHAN,3 ROOM,375406.52173913043,385000.0,46,65.80434782608695,67.97826086956522,526.7516791863967,7875.6568516129755
2013,BISHAN,4 ROOM,548025.75,550000.0,140,98.71428571428571,75.93571428571428,725.2504747815047,7867.763670027746
2013,BISHAN,5 ROOM,732272.1159420289,730000.0,69,122.97101449275362,74.8695652173913,694.7614903309959,7507.826444469688
2013,BISHAN,EXECUTIVE,857855.5135135135,855000.0,37,152.54054054054055,75.37837837837837,649.4401799422283,7910.663292632248
2013,BUKIT BATOK,3 ROOM,335077.8797250859,336000.0,291,68.6701030927835,71.70103092783505,657.9926097947741,13607.696886322277
2013,BUKIT BATOK,4 ROOM,455244.5090909091,444650.0,220,95.98636363636363,75.17272727272727,637.5358535859647,13740.325304800312
2013,BUKIT BATOK,5 ROOM,604091.7058823529,607500.0,68,123.3529411764706,79.1029411764706,715.4311874632257,13525.78261519847
2013,BUKIT BATOK,EXECUTIVE,695868.5,683500.0,48,146.47916666666666,76.0625,696.7683209911056,13337.638711691725
2013,BUKIT MERAH,1 ROOM,240083.33333333334,239000.0,6,31.0,61.0,1211.7946074494985,3588.832140721353
2013,BUKIT MERAH,2 ROOM,290814.28571428574,287500.0,28,44.107142857142854,57.82142857142857,371.2967602441293,3385.442691350746
2013,BUKIT MERAH,3 ROOM,419084.30534351146,402250.0,262,66.69083969465649,64.64503816793894,639.6434077965438,3248.815437830762
2013,BUKIT MERAH,4 ROOM,663302.7710843374,670000.0,249,92.54618473895583,82.80722891566265,575.4038223728312,3286.6000113342843
2013,BUKIT MERAH,5 ROOM,787947.4693877551,800000.0,147,117.9047619047619,78.80272108843538,597.9026198138058,3365.6532753259457
2013,BUKIT PANJANG,3 ROOM,347349.01960784313,350000.0,51,72.29411764705883,74.07843137254902,1001.994522127934,13702.88905261962
2013,BUKIT PANJANG,4 ROOM,430285.10917030566,425000.0,229,97.41048034934498,80.46724890829694,972.7224023560377,14335.906525578817
2013,BUKIT PANJANG,5 ROOM,527206.7973856209,516000.0,153,116.4640522875817,84.40522875816994,944.3745814860912,14589.21078462481
2013,BUKIT PANJANG,EXECUTIVE,625851.5223880596,622500.0,67,137.86567164179104,83.6268656716418,1010.2569160140337,14514.553749971717
2013,BUKIT TIMAH,3 ROOM,456500.0,459000.0,8,70.375,62.125,263.6548711826418,6809.305884438314
2013,BUKIT TIMAH,4 ROOM,611535.2727272727,618000.0,11,97.45454545454545,69.18181818181819,365.9743296722155,9034.94666043551
2013,BUKIT TIMAH,5 ROOM,799300.0,790000.0,10,123.4,73.1,397.15752774416313,10180.770812830864
2013,BUKIT TIMAH,EXECUTIVE,937600.0,950000.0,5,146.8,74.6,410.7925574127591,10432.615675978994
2013,CENTRAL AREA,2 ROOM,298635.0,294945.0,14,51.785714285714285,59.07142857142857,634.8824910911757,1507.3989958851214
2013,CENTRAL AREA,3 ROOM,454217.21428571426,450000.0,56,66.33928571428571,64.78571428571429,254.51029010767397,1808.1915710664266
2013,CENTRAL AREA,4 ROOM,574618.074074074,567000.0,27,89.33333333333333,68.88888888888889,242.49261105392193,2157.0642115365617
2013,CENTRAL AREA,5 ROOM,679258.6666666666,623888.0,3,116.33333333333333,82.0,339.1118024796222,2835.5496091154455
2013,CHOA CHU KANG,3 ROOM,336596.77419354836,340000.0,31,72.93548387096774,69.6774193548387,904.85927277662,15309.547795772045
2013,CHOA CHU KANG,4 ROOM,436985.91891891893,435000.0,296,102.52702702702703,81.42567567567568,646.6423204200737,16567.485713438073
2013,CHOA CHU KANG,5 ROOM,505348.9756097561,499500.0,205,120.25365853658536,83.05365853658536,639.2099161159614,16800.773671025283
2013,CHOA CHU KANG,EXECUTIVE,610968.7741935484,611444.0,62,144.88709677419354,80.64516129032258,623.758894414902,16464.623562392237
2013,CLEMENTI,3 ROOM,381201.1330472103,375000.0,233,69.51931330472102,66.18884120171674,802.5385136041753,10156.1706667796
2013,CLEMENTI,4 ROOM,545207.9669421487,530000.0,121,92.52892561983471,68.97520661157024,780.8319996111077,10071.589458753884
2013,CLEMENTI,5 ROOM,738572.4545454546,725000.0,44,119.8409090909091,71.4090909090909,774.8127968072374,9903.379738605001
2013,CLEMENTI,EXECUTIVE,867750.0,862500.0,12,150.5,70.83333333333333,838.2636010550849,10468.542463534253
2013,GEYLANG,2 ROOM,261916.66666666666,260000.0,24,45.375,56.208333333333336,344.0605685921814,6307.772847706509
2013,GEYLANG,3 ROOM,338956.8985507246,323000.0,276,61.242753623188406,62.05797101449275,389.52614578644244,6187.6516905389235
2013,GEYLANG,4 ROOM,506438.2237762238,500000.0,143,93.87412587412588,74.1048951048951,420.20687268448137,6446.034519697351
2013,GEYLANG,5 ROOM,685772.4166666666,663500.0,48,121.625,74.0625,407.69476672065326,5654.938341470691
2013,GEYLANG,EXECUTIVE,740428.5714285715,740000.0,7,147.42857142857142,71.85714285714286,443.05326506275424,6814.577745149477
2013,HOUGANG,3 ROOM,354369.71428571426,351444.0,196,68.4438775510204,70.03061224489795,808.004609747022,10103.068016108973
2013,HOUGANG,4 ROOM,448092.33898305084,447000.0,413,96.64406779661017,76.61985472154964,852.9899242018553,10612.752601000564
2013,HOUGANG,5 ROOM,561042.2377622378,548000.0,143,121.15384615384616,79.43356643356644,1040.038876603718,10550.848189505077
2013,HOUGANG,EXECUTIVE,697652.459770115,685000.0,87,146.02298850574712,76.5632183908046,779.593640249411,10540.311191302386
2013,JURONG EAST,3 ROOM,343938.4666666667,343000.0,165,70.55151515151515,68.24242424242425,781.7165919950618,14010.266667027017
2013,JURONG EAST,4 ROOM,446447.3142857143,448000.0,105,97.20952380952382,72.87619047619047,935.6232751082193,13829.809774465572
2013,JURONG EAST,5 ROOM,568548.6117647059,565000.0,85,121.45882352941176,73.55294117647058,927.8066623496666,13630.783873298353
2013,JURONG EAST,EXECUTIVE,698216.6666666666,679000.0,36,146.05555555555554,76.55555555555556,804.2834059933336,14224.274810105977
2013,JURONG WEST,2 ROOM,250428.57142857142,232000.0,7,48.285714285714285,75.71428571428571,697.8907299981596,17285.38518178926
2013,JURONG WEST,3 ROOM,330345.5657894737,330000.0,304,68.08552631578948,66.53947368421052,839.0117711060639,16657.96641457585
2013,JURONG WEST,4 ROOM,436116.92811839323,430000.0,473,98.69133192389006,80.24101479915433,766.2237903281182,17539.97396786461
2013,JURONG WEST,5 ROOM,509456.849537037,510000.0,432,115.99537037037037,84.95370370370371,749.505642958459,17699.954457751508
2013,JURONG WEST,EXECUTIVE,593728.3190184049,598000.0,163,138.20245398773005,82.14110429447852,894.3974293373992,17782.742151379418
2013,KALLANG/WHAMPOA,2 ROOM,284725.86666666664,282000.0,15,48.2,57.8,404.87887572950456,4116.633672844199
2013,KALLANG/WHAMPOA,3 ROOM,378036.7071129707,362000.0,239,66.16317991631799,62.23849372384937,486.0769627081154,4534.786231689013
2013,KALLANG/WHAMPOA,4 ROOM,559679.2564102564,543000.0,156,92.37179487179488,76.4423076923077,504.50357459835647,4283.326391497866
2013,KALLANG/WHAMPOA,5 ROOM,711613.6266666667,680000.0,75,117.37333333333333,79.84,505.01092036668814,4321.347821070611
2013,KALLANG/WHAMPOA,EXECUTIVE,789148.0,775000.0,6,146.33333333333334,72.5,707.1464566082849,4724.807467391092
2013,MARINE PARADE,3 ROOM,444594.6206896552,440500.0,58,68.6896551724138,61.1551724137931,1877.4276766191365,7286.252717570075
2013,MARINE PARADE,4 ROOM,573675.52,558000.0,25,86.0,61.52,1910.2346105120837,7041.020959950693
2013,MARINE PARADE,5 ROOM,853506.074074074,855000.0,27,121.33333333333333,61.666666666666664,1912.9976795892564,7245.903656163153
2013,PASIR RIS,3 ROOM,316166.6666666667,306500.0,6,66.0,66.66666666666667,3469.3819649449847,19115.670345921764
2013,PASIR RIS,4 ROOM,460450.1459227468,457000.0,233,106.1587982832618,78.97854077253218,1176.4646349232912,14763.302889000537
2013,PASIR RIS,5 ROOM,534433.5214723926,530000.0,163,126.0,79.58282208588957,1156.2564745272762,14746.124983975169
2013,PASIR RIS,EXECUTIVE,655091.2794117647,646500.0,136,147.02205882352942,79.33088235294117,1136.063947561331,14951.510010752225
2013,PUNGGOL,4 ROOM,499784.02857142856,500000.0,140,90.96428571428571,91.65714285714286,1734.4552571985218,14302.716103587594
2013,PUNGGOL,5 ROOM,552250.6,547900.0,190,110.58947368421053,89.47894736842105,1650.653397465833,14204.178484749838
2013,PUNGGOL,EXECUTIVE,619008.1739130435,622000.0,23,128.82608695652175,89.30434782608695,1578.0394079083387,14190.543340371922
2013,QUEENSTOWN,2 ROOM,272639.4736842105,271000.0,38,45.86842105263158,57.44736842105263,465.2466175672051,6217.797148135771
2013,QUEENSTOWN,3 ROOM,398950.8827838828,383000.0,273,62.1941391941392,59.50915750915751,476.7229797433472,6498.766454929234
2013,QUEENSTOWN,4 ROOM,698478.6086956522,708000.0,115,91.91304347826087,85.04347826086956,435.6901476326077,6221.068188186918
2013,QUEENSTOWN,5 ROOM,840978.7234042553,830000.0,47,118.12765957446808,79.51063829787235,457.98198757777845,6397.085074515176
2013,QUEENSTOWN,EXECUTIVE,980000.0,980000.0,1,150.0,81.0,165.68760857835954,5357.608871
2013,SEMBAWANG,4 ROOM,431037.9319727891,435000.0,147,92.74829931972789,87.29251700680273,571.6415076637307,18948.49306734984
2013,SEMBAWANG,5 ROOM,494136.0,495000.0,123,113.4308943089431,86.86178861788618,471.7723445461247,18833.07622069454
2013,SEMBAWANG,EXECUTIVE,577321.8947368421,580000.0,76,132.56578947368422,86.6842105263158,448.44923857101026,18824.468815398024
2013,SENGKANG,2 ROOM,263500.0,263500.0,6,44.333333333333336,93.0,614.0850913141455,12396.713291550337
2013,SENGKANG,3 ROOM,393235.29411764705,395000.0,17,73.17647058823529,95.29411764705883,1737.5328819049275,12432.906102179972
2013,SENGKANG,4 ROOM,507784.246,490000.0,500,92.2,90.58,817.9085050297991,12593.08583401853
2013,SENGKANG,5 ROOM,535027.5107033639,533888.0,327,113.14984709480122,87.29357798165138,907.6552457051484,12892.404063709317
2013,SENGKANG,EXECUTIVE,628581.7435897436,628000.0,117,131.75213675213675,86.7094017094017,796.3602548677906,12979.205283657562
2013,SERANGOON,2 ROOM,265333.3333333333,258000.0,3,44.0,64.0,478.57526735624606,7817.492573445646
2013,SERANGOON,3 ROOM,365668.0,368000.0,105,65.06666666666666,70.00952380952381,860.4370579398146,8625.215541723086
2013,SERANGOON,4 ROOM,488167.3209876543,480000.0,162,95.95061728395062,73.69135802469135,1085.1028682366218,8914.213972913723
2013,SERANGOON,5 ROOM,611224.2448979592,585000.0,49,121.20408163265306,77.0204081632653,1355.7381066250778,9368.149366806869
2013,SERANGOON,EXECUTIVE,722685.9130434783,701444.0,46,146.84782608695653,76.84782608695652,1550.7537441248287,9694.650719338664
2013,TAMPINES,3 ROOM,371694.339100346,375000.0,289,71.9515570934256,70.96539792387543,628.7813552980024,13027.335876600511
2013,TAMPINES,4 ROOM,478417.2558685446,477444.0,426,101.54460093896714,75.05633802816901,684.5498213277401,13169.55546521927
2013,TAMPINES,5 ROOM,558673.88,555000.0,275,124.28,76.77090909090909,668.1203395140867,13490.95203345102
2013,TAMPINES,EXECUTIVE,698285.1962616822,692500.0,107,146.54205607476635,76.5233644859813,790.8251951317324,13054.453171297528
2013,TAMPINES,MULTI-GENERATION,855000.0,855000.0,2,166.0,73.0,182.94225724168786,14199.12370810225
2013,TOA PAYOH,2 ROOM,275669.8823529412,274000.0,17,44.0,58.588235294117645,476.4841780440406,6003.642111471302
2013,TOA PAYOH,3 ROOM,358187.0108303249,355000.0,277,66.75090252707581,59.42599277978339,635.7928009974154,5961.59050143304
2013,TOA PAYOH,4 ROOM,586620.4624277457,600000.0,173,91.01156069364161,80.91907514450867,494.70358056067323,5905.999702873032
2013,TOA PAYOH,5 ROOM,735038.5853658536,743000.0,82,120.23170731707317,79.32926829268293,643.6392041312067,5986.975855893738
2013,TOA PAYOH,EXECUTIVE,824727.2727272727,800000.0,11,149.45454545454547,75.18181818181819,627.4583509575373,5897.28622123263
2013,WOODLANDS,2 ROOM,256800.0,258000.0,5,45.0,70.4,1070.833822588124,19544.331470276495
2013,WOODLANDS,3 ROOM,325738.5929648241,322000.0,199,69.38190954773869,68.4321608040201,809.7084803134826,19218.52433428555
2013,WOODLANDS,4 ROOM,414215.6793048973,415000.0,633,97.7045813586098,81.55134281200633,610.6953957363721,18394.08281580061
2013,WOODLANDS,5 ROOM,478837.3796296296,475694.0,432,120.30787037037037,83.12037037037037,586.6532006670469,18338.095869909837
2013,WOODLANDS,EXECUTIVE,655669.4418604651,630000.0,172,158.18023255813952,81.87209302325581,497.9858834058481,18375.605115372746
2013,YISHUN,3 ROOM,336248.6370023419,335000.0,427,69.16861826697892,71.61826697892272,640.9731105985439,16350.694865204161
2013,YISHUN,4 ROOM,409579.5878661088,406000.0,478,92.92468619246861,72.86401673640168,800.1289106058849,16090.626973802166
2013,YISHUN,5 ROOM,512227.7037037037,510000.0,135,122.87407407407407,73.28888888888889,618.1917303102077,15993.784050222197
2013,YISHUN,EXECUTIVE,622595.8431372549,612000.0,51,147.4313725490196,73.7843137254902,844.2647733752028,15777.351888200734
2013,YISHUN,MULTI-GENERATION,731977.6,726000.0,5,157.0,73.2,777.5446748628221,15141.867131746918
2014,ANG MO KIO,2 ROOM,264090.9090909091,266000.0,22,44.04545454545455,64.13636363636364,568.57344651318,9428.337049048008
2014,ANG MO KIO,3 ROOM,349261.99603960395,345000.0,505,71.37425742574257,64.57821782178218,636.8985975410093,9767.222231732403
2014,ANG MO KIO,4 ROOM,480642.46315789473,465044.0,190,93.48421052631579,68.63684210526316,606.5770242821206,9708.886609833837
2014,ANG MO KIO,5 ROOM,659200.8181818182,642000.0,77,119.59740259740259,73.01298701298701,597.1841050413163,9856.994463544981
2014,ANG MO KIO,EXECUTIVE,830814.6666666666,809000.0,6,157.83333333333334,75.66666666666667,660.6293984724465,10487.991612002199
2014,BEDOK,2 ROOM,257055.55555555556,260000.0,18,44.94444444444444,68.0,538.3760572332842,10082.295443822954
2014,BEDOK,3 ROOM,334165.43119266053,325000.0,545,68.09357798165138,65.56880733944953,842.7849293732182,10102.219485247688
2014,BEDOK,4 ROOM,450470.08174386923,430000.0,367,92.6975476839237,70.80108991825612,722.1854781107426,10125.716322770306
2014,BEDOK,5 ROOM,584098.641025641,575000.0,156,120.9551282051282,71.73076923076923,697.1304859075304,9857.589734371695
2014,BEDOK,EXECUTIVE,682108.0,674500.0,36,147.33333333333334,73.91666666666667,597.2756887257153,9415.54451896559
2014,BISHAN,3 ROOM,363500.0,371500.0,48,65.33333333333333,68.125,580.5027032680731,7892.212289437138
2014,BISHAN,4 ROOM,524865.4571428571,519000.0,140,97.22857142857143,74.62857142857143,740.5462306586983,7780.88735903149
2014,BISHAN,5 ROOM,709176.7384615385,715000.0,65,124.29230769230769,73.83076923076923,740.898244998222,7654.555341854368
2014,BISHAN,EXECUTIVE,860512.1333333333,846500.0,30,149.3,74.3,720.2944921023593,8033.198245846536
2014,BUKIT BATOK,3 ROOM,308391.0857142857,308000.0,280,68.69285714285714,70.74642857142857,628.4419531437761,13686.063382116778
2014,BUKIT BATOK,4 ROOM,427586.6171171171,420000.0,222,96.57207207207207,74.36936936936937,635.7918875785293,13695.359251014712
2014,BUKIT BATOK,5 ROOM,558238.0571428571,569000.0,70,122.01428571428572,79.57142857142857,735.5634496910682,13431.536097234111
2014,BUKIT BATOK,EXECUTIVE,655952.0833333334,650000.0,48,148.45833333333334,73.10416666666667,637.9614586123338,13739.655635242396
2014,BUKIT MERAH,1 ROOM,222225.0,225000.0,20,31.0,60.0,1211.7946074494985,3588.8321407213525
2014,BUKIT MERAH,2 ROOM,280434.7826086957,275000.0,23,44.869565217391305,55.78260869565217,419.6120068682329,3564.532352465012
2014,BUKIT MERAH,3 ROOM,400080.7849462366,383000.0,279,66.79928315412187,62.7168458781362,662.6996636372604,3276.5811809288502
2014,BUKIT MERAH,4 ROOM,630904.6009389671,645000.0,213,92.6244131455399,80.72769953051643,571.4292723944649,3303.1445574381687
2014,BUKIT MERAH,5 ROOM,766420.9160305343,775000.0,131,118.96946564885496,77.00763358778626,573.8912495489342,3372.0796552192155
2014,BUKIT PANJANG,3 ROOM,320557.347826087,320017.0,69,72.34782608695652,73.08695652173913,1029.833005588821,13670.597158011757
2014,BUKIT PANJANG,4 ROOM,402744.2885375494,391000.0,253,96.699604743083,80.85375494071147,965.8148452880409,14417.385038897168
2014,BUKIT PANJANG,5 ROOM,486779.8888888889,470000.0,171,117.35087719298245,82.46198830409357,982.3243106652336,14488.940121030924
2014,BUKIT PANJANG,EXECUTIVE,580487.8181818182,590000.0,44,137.20454545454547,81.04545454545455,1022.4061300442208,14378.910981570494
2014,BUKIT TIMAH,3 ROOM,427750.0,437500.0,10,71.8,59.6,226.94462057821414,6260.141919215132
2014,BUKIT TIMAH,4 ROOM,661250.0,667500.0,4,100.75,69.75,367.7498307209743,9483.992825996886
2014,BUKIT TIMAH,5 ROOM,815125.0,825500.0,8,123.125,67.75,270.9879358223721,8974.13402692809
2014,BUKIT TIMAH,EXECUTIVE,921250.0,912500.0,4,149.0,73.5,392.9772599727101,10440.789850704921
2014,CENTRAL AREA,2 ROOM,283000.0,285000.0,15,53.93333333333333,64.2,713.9207631356691,1398.9786143165825
2014,CENTRAL AREA,3 ROOM,439807.6935483871,426500.0,62,66.62903225806451,63.38709677419355,278.59846316845994,1600.333341445917
2014,CENTRAL AREA,4 ROOM,585057.8709677419,596000.0,31,84.29032258064517,71.09677419354838,305.9751273516083,1835.940715723282
2014,CENTRAL AREA,5 ROOM,640000.0,640000.0,2,105.5,87.0,349.7211976295198,2853.105237339984
2014,CHOA CHU KANG,3 ROOM,307272.0,305000.0,29,73.13793103448276,68.27586206896552,838.4291961013682,15198.74080644627
2014,CHOA CHU KANG,4 ROOM,392220.2052980132,389444.0,302,102.40728476821192,79.61920529801324,659.004037325441,16485.746678440093
2014,CHOA CHU KANG,5 ROOM,474837.67441860464,470000.0,129,121.98449612403101,82.59689922480621,606.8885845908717,16913.156626429467
2014,CHOA CHU KANG,EXECUTIVE,573722.1818181818,578444.0,44,144.70454545454547,80.11363636363636,657.8634101451439,16424.771234156527
2014,CLEMENTI,2 ROOM,260500.0,261000.0,4,44.0,64.0,546.3148326935268,9939.470296543004
2014,CLEMENTI,3 ROOM,362149.4784482759,351444.0,232,69.5,65.0603448275862,743.8381430273174,10151.272992911321
2014,CLEMENTI,4 ROOM,515665.28925619833,515000.0,121,92.86776859504133,67.03305785123968,738.7604152384555,10055.333823048335
2014,CLEMENTI,5 ROOM,696022.8235294118,699000.0,34,120.82352941176471,68.08823529411765,739.7678330180394,9756.286727623165
2014,CLEMENTI,EXECUTIVE,844818.8,837694.0,10,148.3,69.5,1071.446561008336,10140.906043714369
2014,GEYLANG,2 ROOM,245825.68421052632,249000.0,19,44.8421052631579,54.31578947368421,316.8159072351423,6304.395970128408
2014,GEYLANG,3 ROOM,319992.30651340995,305000.0,261,62.2183908045977,60.93869731800766,429.06482793143005,6262.11150368094
2014,GEYLANG,4 ROOM,485186.68292682926,460000.0,123,92.91869918699187,72.27642276422765,431.8922864376067,6383.304907499541
2014,GEYLANG,5 ROOM,678517.3913043478,665000.0,46,121.54347826086956,72.78260869565217,399.3447723662913,5635.653725936489
2014,GEYLANG,EXECUTIVE,751200.0,770000.0,5,147.6,71.6,465.5825389222412,6278.109805573613
2014,HOUGANG,3 ROOM,326941.2183406114,324500.0,229,67.8995633187773,69.0349344978166,802.4570102930284,10083.904726281964
2014,HOUGANG,4 ROOM,422419.38873994636,420000.0,373,97.08579088471849,74.80428954423593,847.7553983843686,10558.56889578965
2014,HOUGANG,5 ROOM,534008.1610738256,520000.0,149,121.5503355704698,78.31543624161074,927.5966068745943,10584.716154212403
2014,HOUGANG,EXECUTIVE,675891.4520547945,680000.0,73,145.45205479452054,76.52054794520548,792.3068017537656,10468.738713122742
2014,JURONG EAST,3 ROOM,321240.2978723404,320500.0,188,69.96808510638297,67.36702127659575,856.5587676609465,13839.138518231004
2014,JURONG EAST,4 ROOM,433640.03846153844,430000.0,104,97.5576923076923,73.10576923076923,877.942585175002,13827.095248949829
2014,JURONG EAST,5 ROOM,544101.9069767442,529250.0,86,121.97674418604652,72.62790697674419,854.0436802986771,13930.115032785929
2014,JURONG EAST,EXECUTIVE,695142.8571428572,650000.0,21,144.57142857142858,75.0952380952381,795.8952117065968,14506.924810943023
2014,JURONG WEST,2 ROOM,259142.85714285713,268000.0,7,49.57142857142857,88.71428571428571,444.0710694290254,18136.052127314688
2014,JURONG WEST,3 ROOM,308702.3717948718,305000.0,312,68.48076923076923,65.66666666666667,819.960600015778,16689.362285989366
2014,JURONG WEST,4 ROOM,403233.9940828402,400000.0,507,97.94082840236686,79.94674556213018,765.1944259144685,17565.28261402567
2014,JURONG WEST,5 ROOM,473653.10576923075,474750.0,416,116.24038461538461,83.99278846153847,690.0077281061178,17707.244104615962
2014,JURONG WEST,EXECUTIVE,578655.1654135338,572000.0,133,137.85714285714286,81.54887218045113,790.1619790142277,17597.37427852964
2014,KALLANG/WHAMPOA,2 ROOM,267200.0,270000.0,10,45.2,59.7,389.14137232926254,3476.83214085562
2014,KALLANG/WHAMPOA,3 ROOM,364254.7415730337,345000.0,267,66.19475655430712,62.0749063670412,502.3618713890359,4426.3830458017255
2014,KALLANG/WHAMPOA,4 ROOM,536237.8846153846,532500.0,130,92.03846153846153,75.0923076923077,442.6869544544387,4103.277899714349
2014,KALLANG/WHAMPOA,5 ROOM,676418.6666666666,670000.0,69,120.23188405797102,74.28985507246377,520.5256555903055,4427.103262410013
2014,KALLANG/WHAMPOA,EXECUTIVE,753666.6666666666,750000.0,9,148.0,71.0,686.9831353502852,4768.024365148631
2014,MARINE PARADE,2 ROOM,277666.6666666667,280000.0,3,42.333333333333336,60.0,1796.4224632457044,7411.310118999999
2014,MARINE PARADE,3 ROOM,410387.84210526315,415000.0,76,67.11842105263158,60.28947368421053,1872.6618837630162,7230.70411327378
2014,MARINE PARADE,4 ROOM,544090.6052631579,542500.0,38,86.42105263157895,60.473684210526315,1867.5295259764055,7089.246798376053
2014,MARINE PARADE,5 ROOM,796529.4117647059,807500.0,34,120.79411764705883,60.8235294117647,1924.6567000008354,7188.68828224427
2014,PASIR RIS,3 ROOM,294600.0,300000.0,5,66.2,65.6,3469.0292614752325,19120.1509693245
2014,PASIR RIS,4 ROOM,427787.71548117156,428000.0,239,105.59414225941423,77.09623430962343,1067.7926638305034,14857.737654963841
2014,PASIR RIS,5 ROOM,505508.58666666667,504000.0,150,126.17333333333333,78.31333333333333,1173.3628807139146,14844.04680561387
2014,PASIR RIS,EXECUTIVE,633260.832,630000.0,125,147.336,78.008,1013.2682279277326,14997.634269711618
2014,PUNGGOL,4 ROOM,447966.68783068785,445000.0,189,91.24867724867725,91.19576719576719,1628.3020257726157,14381.198746747015
2014,PUNGGOL,5 ROOM,489707.07272727275,490000.0,220,110.6,88.43181818181819,1634.8327750031908,14201.339493304007
2014,PUNGGOL,EXECUTIVE,594306.4827586206,590000.0,29,128.6206896551724,88.37931034482759,1614.6773322539725,14250.783422863984
2014,QUEENSTOWN,2 ROOM,260650.0,260000.0,20,45.7,56.0,446.9557679384273,6186.741677963981
2014,QUEENSTOWN,3 ROOM,381570.29961089493,365000.0,257,63.64980544747082,59.280155642023345,489.0524410000064,6385.571525437762
2014,QUEENSTOWN,4 ROOM,679346.5401459854,688000.0,137,93.06569343065694,85.1970802919708,426.2509798360946,6195.799525169419
2014,QUEENSTOWN,5 ROOM,843755.75,857500.0,48,117.27083333333333,78.95833333333333,417.7324889518306,6608.13272339886
2014,QUEENSTOWN,EXECUTIVE,930000.0,930000.0,1,153.0,80.0,165.68760857835954,5357.608871
2014,SEMBAWANG,2 ROOM,240000.0,240000.0,1,40.0,96.0,570.3153005,19246.358587628085
2014,SEMBAWANG,4 ROOM,389746.51020408166,392500.0,196,93.0204081632653,87.76020408163265,603.8197130972266,19036.31404821398
2014,SEMBAWANG,5 ROOM,452679.69444444444,453000.0,144,113.09027777777777,85.82638888888889,464.29264452586034,18849.210927658623
2014,SEMBAWANG,EXECUTIVE,533383.4634146341,536666.0,41,132.21951219512195,85.60975609756098,424.41429992434826,18759.165490288553
2014,SENGKANG,2 ROOM,257500.0,257500.0,2,45.0,92.0,614.0850913141455,12396.713291550335
2014,SENGKANG,3 ROOM,377090.0,380000.0,20,73.5,94.5,1590.5999303838182,12430.32946889938
2014,SENGKANG,4 ROOM,452926.5208747515,440000.0,503,92.20874751491054,89.46520874751491,783.8696565180334,12615.083295818324
2014,SENGKANG,5 ROOM,487096.90502793295,485000.0,358,112.99162011173185,86.33798882681565,904.003648115216,12873.080704941862
2014,SENGKANG,EXECUTIVE,594054.956043956,595000.0,91,131.74725274725276,85.8021978021978,802.3922398952277,12893.911674469828
2014,SERANGOON,2 ROOM,260000.0,260000.0,1,44.0,63.0,478.57526735624606,7817.4925734456465
2014,SERANGOON,3 ROOM,352804.25,355000.0,112,66.35714285714286,69.33928571428571,850.4839354721887,8628.967815574912
2014,SERANGOON,4 ROOM,468120.4840764331,460000.0,157,96.03184713375796,72.73248407643312,1049.1693300388622,8848.783537246925
2014,SERANGOON,5 ROOM,574966.6666666666,535000.0,45,121.88888888888889,76.37777777777778,1354.60102514422,9461.878466030137
2014,SERANGOON,EXECUTIVE,719875.0243902439,695000.0,41,147.2439024390244,74.95121951219512,1200.8618591362822,9103.354391626133
2014,TAMPINES,3 ROOM,350947.44837758114,350000.0,339,72.89970501474926,69.92625368731564,615.5067078096961,13013.02381339496
2014,TAMPINES,4 ROOM,449969.16252390057,448000.0,523,101.22753346080306,73.8699808795411,723.1501714472031,13140.1448672265
2014,TAMPINES,5 ROOM,560842.0353982301,541000.0,339,121.28908554572271,79.49262536873157,856.6351749490354,13167.17764892427
2014,TAMPINES,EXECUTIVE,682806.8282828283,683888.0,99,147.0909090909091,75.44444444444444,760.8157169167658,13073.514430716657
2014,TOA PAYOH,2 ROOM,263130.4347826087,263000.0,23,45.21739130434783,56.65217391304348,502.6251195832594,6042.852772998645
2014,TOA PAYOH,3 ROOM,338270.6297577855,335000.0,289,67.0484429065744,58.50865051903114,641.8449727494051,6002.921995269082
2014,TOA PAYOH,4 ROOM,545605.2857142857,555000.0,140,92.21428571428571,76.28571428571429,550.7541921907142,5967.335480124694
2014,TOA PAYOH,5 ROOM,690093.75,697500.0,48,119.91666666666667,76.64583333333333,654.3468457426383,6064.850855481812
2014,TOA PAYOH,EXECUTIVE,804307.6923076923,793000.0,13,148.84615384615384,73.46153846153847,549.8541737336766,6133.967731304056
2014,WOODLANDS,2 ROOM,243666.66666666666,245000.0,3,45.0,69.0,1009.9304538657548,19417.24339507181
2014,WOODLANDS,3 ROOM,298356.2181818182,300000.0,165,69.35151515151514,67.63636363636364,841.6617021851637,19208.800944700986
2014,WOODLANDS,4 ROOM,380916.36363636365,380000.0,572,97.3041958041958,80.3881118881119,587.8663212307928,18408.337503514507
2014,WOODLANDS,5 ROOM,446428.85635359114,445000.0,362,119.74033149171271,82.59944751381215,578.019927820416,18258.994086390914
2014,WOODLANDS,EXECUTIVE,617743.5041322313,600000.0,121,154.31404958677686,81.46280991735537,487.75300347431994,18295.072258477012
2014,YISHUN,3 ROOM,308113.097826087,308000.0,460,69.32608695652173,70.59130434782608,649.7565148440253,16325.071850475375
2014,YISHUN,4 ROOM,375920.6355475763,375000.0,557,93.18850987432675,71.89407540394973,771.731428426272,16002.39484671301
2014,YISHUN,5 ROOM,476889.65765765763,475000.0,111,123.25225225225225,73.77477477477477,676.7238950741054,16067.190368701033
2014,YISHUN,EXECUTIVE,581600.075,571000.0,40,149.425,72.825,932.1949969522841,15931.181700492118
2014,YISHUN,MULTI-GENERATION,702000.0,690000.0,3,152.66666666666666,72.33333333333333,724.8470882303009,15188.653199103037
2015,ANG MO KIO,2 ROOM,242941.17647058822,240000.0,17,44.1764705882353,64.05882352941177,440.1147340176638,9697.420936311615
2015,ANG MO KIO,3 ROOM,325631.2346570397,320000.0,554,70.45487364620939,63.895306859205775,659.379329833901,9756.797642344936
2015,ANG MO KIO,4 ROOM,469531.17647058825,458400.0,238,93.10084033613445,67.60924369747899,606.3629572558326,9670.071475620189
2015,ANG MO KIO,5 ROOM,650429.9662921348,639988.0,89,119.91011235955057,71.40449438202248,614.9695896996813,9692.701606490793
2015,ANG MO KIO,EXECUTIVE,801333.3333333334,810000.0,6,156.66666666666666,74.66666666666667,739.9531143018181,10288.55224530423
2015,BEDOK,2 ROOM,242815.7894736842,245000.0,19,44.68421052631579,66.26315789473684,573.174450083967,10009.969389042444
2015,BEDOK,3 ROOM,312358.13036020583,306000.0,583,68.03430531732418,64.03945111492281,816.7396545611363,10058.754911594531
2015,BEDOK,4 ROOM,431073.6358974359,410000.0,390,92.5974358974359,69.81025641025641,724.9227613866543,10157.485983051944
2015,BEDOK,5 ROOM,571377.3184357542,568000.0,179,121.15642458100558,68.73743016759776,753.1660311213761,10001.437425276563
2015,BEDOK,EXECUTIVE,705428.3555555556,695000.0,45,148.48888888888888,73.91111111111111,629.4586886121398,9222.910752067806
2015,BISHAN,3 ROOM,373546.0,390000.0,50,64.98,68.1,533.8752601733994,7628.057220500054
2015,BISHAN,4 ROOM,533320.950310559,530000.0,161,98.45341614906832,73.11180124223603,759.0533191210775,7864.965913312226
2015,BISHAN,5 ROOM,714036.2816901408,718888.0,71,123.6056338028169,72.84507042253522,645.3104433759005,7776.35585577734
2015,BISHAN,EXECUTIVE,883224.9642857143,875000.0,28,150.64285714285714,74.64285714285714,724.8105341711853,8108.489316114459
2015,BISHAN,MULTI-GENERATION,805000.0,805000.0,1,147.0,71.0,709.1099284818088,6794.62712574741
2015,BUKIT BATOK,3 ROOM,287387.3795379538,287500.0,303,68.38613861386139,70.12871287128714,653.0357318857326,13735.981794139198
2015,BUKIT BATOK,4 ROOM,406631.9069767442,408000.0,301,97.09966777408638,73.62790697674419,636.4892434323608,13721.956980032799
2015,BUKIT BATOK,5 ROOM,555810.7848101265,550000.0,79,123.21518987341773,77.17721518987342,698.1680014355433,13502.14838204454
2015,BUKIT BATOK,EXECUTIVE,628082.3448275862,612500.0,58,147.22413793103448,72.03448275862068,667.6624862691707,13753.89980460645
2015,BUKIT MERAH,1 ROOM,208111.11111111112,208000.0,9,31.0,59.0,1211.7946074494985,3588.8321407213525
2015,BUKIT MERAH,2 ROOM,257663.42857142858,255400.0,28,43.642857142857146,55.535714285714285,442.42285860807993,3486.3959806408798
2015,BUKIT MERAH,3 ROOM,396121.59706959705,373000.0,273,67.07326007326007,63.443223443223445,666.1153481868051,3172.7304979159235
2015,BUKIT MERAH,4 ROOM,628260.3778801843,625000.0,217,92.77880184331798,79.6958525345622,579.1822025775748,3279.3845166466617
2015,BUKIT MERAH,5 ROOM,772179.8448275862,768000.0,116,119.57758620689656,77.25862068965517,623.6595487171654,3476.3451969407415
2015,BUKIT PANJANG,3 ROOM,292762.49333333335,290000.0,75,72.16,72.14666666666666,962.4992495744444,13682.623032486114
2015,BUKIT PANJANG,4 ROOM,369521.8552631579,360000.0,304,98.08552631578948,79.09539473684211,983.0891842037431,14360.401502914821
2015,BUKIT PANJANG,5 ROOM,466977.88324873097,450000.0,197,116.54314720812182,82.01522842639594,916.4129462659481,14585.183258937743
2015,BUKIT PANJANG,EXECUTIVE,579705.3333333334,572944.0,78,137.32051282051282,81.15384615384616,903.5906173859197,14484.441583500928
2015,BUKIT TIMAH,3 ROOM,400428.5714285714,390000.0,7,66.14285714285714,61.285714285714285,226.11765000561982,6906.63473492833
2015,BUKIT TIMAH,4 ROOM,648097.0,644000.0,8,98.5,68.75,342.50439201110504,9560.949028133338
2015,BUKIT TIMAH,5 ROOM,812666.6666666666,820000.0,9,124.88888888888889,67.33333333333333,307.8453204667691,9207.785508293055
2015,BUKIT TIMAH,EXECUTIVE,937800.0,949000.0,10,145.8,72.6,415.744259564615,10479.982529315483
2015,CENTRAL AREA,2 ROOM,284666.6666666667,291000.0,3,53.333333333333336,55.0,731.8575908941316,1416.0977643047863
2015,CENTRAL AREA,3 ROOM,435371.75384615385,435000.0,65,65.61538461538461,63.16923076923077,254.82680020459145,1642.8064715155213
2015,CENTRAL AREA,4 ROOM,794062.1217391305,842500.0,115,92.6608695652174,89.51304347826087,377.1342798038398,1471.3351526828685
2015,CENTRAL AREA,5 ROOM,967816.4571428571,965000.0,35,107.05714285714286,94.22857142857143,369.77141745707695,1340.549709992021
2015,CHOA CHU KANG,2 ROOM,246000.0,246000.0,1,46.0,95.0,662.6844512531343,16920.093972127474
2015,CHOA CHU KANG,3 ROOM,288885.71428571426,290000.0,35,72.31428571428572,68.48571428571428,896.267884262269,15248.787135842256
2015,CHOA CHU KANG,4 ROOM,359342.77434679336,355000.0,421,102.31353919239905,78.88836104513064,687.5538152074241,16473.851093789108
2015,CHOA CHU KANG,5 ROOM,431405.06666666665,425000.0,270,120.6,81.10740740740741,672.5654515312006,16819.078480559852
2015,CHOA CHU KANG,EXECUTIVE,568060.4305555555,565000.0,72,144.69444444444446,78.88888888888889,634.2870770320285,16508.74115907796
2015,CLEMENTI,2 ROOM,275000.0,275000.0,1,44.0,63.0,546.3148326935268,9939.470296543004
2015,CLEMENTI,3 ROOM,341184.25,340000.0,268,69.55597014925372,63.809701492537314,737.8595656422484,10185.183008658494
2015,CLEMENTI,4 ROOM,529160.5413533835,520000.0,133,92.82706766917293,67.64661654135338,703.8351937302234,10096.10114501018
2015,CLEMENTI,5 ROOM,682717.3913043478,677500.0,46,122.15217391304348,65.08695652173913,754.7601361693215,9858.705618563972
2015,CLEMENTI,EXECUTIVE,843088.8,860000.0,10,155.0,67.9,1017.7542019152272,10133.649352353987
2015,GEYLANG,2 ROOM,231650.0,230000.0,20,44.05,54.25,308.98114521813534,6191.773965022928
2015,GEYLANG,3 ROOM,305702.0826446281,290000.0,242,62.1198347107438,60.082644628099175,412.75652300700966,6193.168223524662
2015,GEYLANG,4 ROOM,499603.1111111111,485000.0,180,92.81111111111112,74.17777777777778,442.5121109138575,6433.28379854702
2015,GEYLANG,5 ROOM,651091.3220338983,622000.0,59,124.27118644067797,69.83050847457628,424.0836822573065,5896.445138098381
2015,GEYLANG,EXECUTIVE,711059.6923076923,712000.0,13,148.92307692307693,70.07692307692308,411.354954099869,6195.790465627408
2015,HOUGANG,3 ROOM,303905.3968253968,305000.0,252,68.78571428571429,67.51587301587301,815.7909738819465,10067.542303883873
2015,HOUGANG,4 ROOM,399840.0671641791,398000.0,402,97.2412935323383,74.16169154228855,805.0957775575366,10595.601703764323
2015,HOUGANG,5 ROOM,513551.275,494000.0,160,120.65625,77.475,929.2930262617987,10682.063504674374
2015,HOUGANG,EXECUTIVE,666246.6538461539,656000.0,104,145.47115384615384,74.79807692307692,797.0032903413703,10413.42578687165
2015,JURONG EAST,3 ROOM,308758.6,305500.0,160,70.73125,66.125,856.9235141052843,13842.340661189432
2015,JURONG EAST,4 ROOM,424181.8914728682,410000.0,129,97.04651162790698,72.49612403100775,905.1506747980349,13786.289339939733
2015,JURONG EAST,5 ROOM,543630.5454545454,545000.0,77,122.01298701298701,71.62337662337663,913.0422226656315,13836.490789686835
2015,JURONG EAST,EXECUTIVE,700690.9090909091,678000.0,33,145.42424242424244,75.48484848484848,763.550924953177,14133.048741852028
2015,JURONG WEST,2 ROOM,240600.0,235000.0,5,52.0,72.4,726.7713482842075,17174.135720363436
2015,JURONG WEST,3 ROOM,287968.1216216216,285000.0,296,68.39189189189189,67.00675675675676,844.4595247888119,16697.367329125365
2015,JURONG WEST,4 ROOM,384074.3022813688,375000.0,526,98.60266159695817,78.45817490494296,792.0632555846354,17516.08936657151
2015,JURONG WEST,5 ROOM,454968.4793028322,454000.0,459,115.7930283224401,82.50326797385621,684.2427510155834,17673.190452240084
2015,JURONG WEST,EXECUTIVE,564869.4545454546,558000.0,154,139.27272727272728,79.48701298701299,832.3676681687623,17471.634671649488
2015,KALLANG/WHAMPOA,2 ROOM,257307.6923076923,265000.0,13,47.07692307692308,58.53846153846154,410.1615293052472,3894.081981457605
2015,KALLANG/WHAMPOA,3 ROOM,362287.5662650602,338000.0,249,67.90361445783132,62.19277108433735,477.89927735687746,4489.568779918605
2015,KALLANG/WHAMPOA,4 ROOM,547807.9696969697,535000.0,165,92.80606060606061,76.18787878787879,489.657411761407,4183.19107366148
2015,KALLANG/WHAMPOA,5 ROOM,698714.7777777778,688000.0,72,119.19444444444444,75.66666666666667,500.83955958083595,4299.97001603902
2015,KALLANG/WHAMPOA,EXECUTIVE,748000.0,740000.0,7,149.28571428571428,70.0,722.2885988241422,4735.425139076462
2015,MARINE PARADE,3 ROOM,413795.9183673469,410000.0,49,69.40816326530613,59.244897959183675,1882.2218234379689,7219.556843511701
2015,MARINE PARADE,4 ROOM,540137.9310344828,545000.0,29,85.17241379310344,59.51724137931034,1914.7671676300918,7023.13097829326
2015,MARINE PARADE,5 ROOM,812274.25,800000.0,32,120.8125,59.75,1957.9805483326948,7116.944729009524
2015,PASIR RIS,3 ROOM,281000.0,280000.0,5,66.0,64.6,3469.0292614752325,19120.1509693245
2015,PASIR RIS,4 ROOM,404830.843373494,404000.0,249,105.3293172690763,76.5421686746988,1127.762908406298,14820.043612395519
2015,PASIR RIS,5 ROOM,475361.9763033175,470000.0,211,126.1611374407583,77.62085308056872,1158.0510826694947,14765.432005879156
2015,PASIR RIS,EXECUTIVE,606339.4965986394,600000.0,147,146.52380952380952,76.95918367346938,1075.4374339919702,15006.339862863679
2015,PUNGGOL,2 ROOM,270000.0,270000.0,2,50.0,96.0,1360.707013155151,14674.045225406302
2015,PUNGGOL,3 ROOM,365500.0,362500.0,6,69.33333333333333,96.0,1265.1765323800375,14745.519291694754
2015,PUNGGOL,4 ROOM,424829.9550561798,420000.0,267,91.40823970037454,90.5880149812734,1558.1775937135412,14423.228615178396
2015,PUNGGOL,5 ROOM,452767.6823899371,450000.0,318,110.64150943396227,87.56918238993711,1677.372857879419,14233.148987600565
2015,PUNGGOL,EXECUTIVE,554885.7142857143,550000.0,35,128.54285714285714,87.42857142857143,1645.133356646702,14256.009300027321
2015,QUEENSTOWN,2 ROOM,247192.0,247400.0,14,46.07142857142857,53.785714285714285,378.7573003923063,6576.3119266863205
2015,QUEENSTOWN,3 ROOM,379523.392996109,365888.0,257,65.22178988326849,59.17120622568093,497.70518374100874,6593.992140305021
2015,QUEENSTOWN,4 ROOM,664204.076433121,675000.0,157,91.52866242038216,82.7515923566879,449.17119011654466,6324.343155362586
2015,QUEENSTOWN,5 ROOM,850284.524590164,850000.0,61,118.18032786885246,81.39344262295081,463.91227267348904,6572.0975549056275
2015,QUEENSTOWN,EXECUTIVE,899444.0,899444.0,2,149.5,78.0,498.7366898755259,6725.466611899676
2015,SEMBAWANG,4 ROOM,368742.8922413793,370000.0,232,93.62931034482759,86.75,593.1720856828998,19002.338605922963
2015,SEMBAWANG,5 ROOM,422184.8043478261,420000.0,184,112.7663043478261,85.01086956521739,496.0715037414075,18904.197195466233
2015,SEMBAWANG,EXECUTIVE,497615.2289156627,498000.0,83,132.97590361445782,84.65060240963855,475.941787154406,18819.624394097893
2015,SENGKANG,2 ROOM,269500.0,270000.0,4,47.5,93.5,1441.175854916008,12348.236666227998
2015,SENGKANG,3 ROOM,356072.0,360000.0,33,71.0,94.51515151515152,1526.392754511448,12365.180698731554
2015,SENGKANG,4 ROOM,423311.77614379086,410000.0,612,92.17320261437908,88.7843137254902,903.8921304319889,12649.194610288241
2015,SENGKANG,5 ROOM,457994.7440758294,460000.0,422,112.48104265402844,85.49052132701422,888.6756917545177,12888.524905725913
2015,SENGKANG,EXECUTIVE,563201.219047619,560000.0,105,131.74285714285713,84.62857142857143,777.122843534239,12905.757555708538
2015,SERANGOON,3 ROOM,333903.25,330500.0,112,65.64285714285714,68.72321428571429,909.993917554731,8697.433098341573
2015,SERANGOON,4 ROOM,464781.8202247191,455000.0,178,95.24719101123596,71.9438202247191,1008.2637302808495,8765.42457589595
2015,SERANGOON,5 ROOM,546412.0701754387,504000.0,57,121.08771929824562,75.33333333333333,1427.2518834861403,9413.530895585202
2015,SERANGOON,EXECUTIVE,706583.306122449,688000.0,49,146.55102040816325,75.04081632653062,1389.0095106201948,9443.233513377956
2015,TAMPINES,3 ROOM,328918.2168674699,328000.0,332,72.42469879518072,68.99397590361446,667.5806675924779,13065.786514460118
2015,TAMPINES,4 ROOM,428166.45627376426,420000.0,526,101.17490494296578,73.57224334600761,729.989127225691,13180.439658767507
2015,TAMPINES,5 ROOM,533077.5786350148,520000.0,337,123.11275964391692,76.64688427299703,762.2480518281441,13323.30364567084
2015,TAMPINES,EXECUTIVE,673990.3185840708,670000.0,113,146.69026548672565,73.68141592920354,720.9751888920389,13045.900698360938
2015,TOA PAYOH,2 ROOM,244640.4705882353,242000.0,17,41.470588235294116,55.0,379.7217283663895,5855.742970948003
2015,TOA PAYOH,3 ROOM,317973.9363957597,310000.0,283,66.68197879858657,56.71378091872791,631.5417816783112,5960.497037533519
2015,TOA PAYOH,4 ROOM,522969.2185430463,520000.0,151,92.76821192052981,74.66225165562913,623.8580521541539,5951.494903151756
2015,TOA PAYOH,5 ROOM,684140.530120482,675000.0,83,120.98795180722891,76.43373493975903,722.9174100583211,5973.252911827146
2015,TOA PAYOH,EXECUTIVE,788500.0,791000.0,8,148.5,71.75,477.6613600490112,6284.357085730026
2015,WOODLANDS,2 ROOM,230000.0,230000.0,2,45.0,68.0,1009.9304538657548,19417.24339507181
2015,WOODLANDS,3 ROOM,274883.1666666667,272000.0,144,68.60416666666667,66.38888888888889,821.8652147487032,19212.296951120516
2015,WOODLANDS,4 ROOM,360624.393115942,360000.0,552,97.79891304347827,79.56702898550725,598.291413482387,18404.240727597557
2015,WOODLANDS,5 ROOM,428093.4686716792,425000.0,399,120.25563909774436,81.3157894736842,570.8444156592817,18281.12600223123
2015,WOODLANDS,EXECUTIVE,603804.4885496183,585000.0,131,154.66412213740458,80.12977099236642,481.95636003782835,18322.944272926667
2015,YISHUN,3 ROOM,292953.26857142855,290000.0,350,69.52285714285715,69.81428571428572,664.6476618567439,16297.707243729486
2015,YISHUN,4 ROOM,359304.1971830986,358000.0,497,94.06841046277665,70.85311871227364,786.6741844410418,16008.092103102996
2015,YISHUN,5 ROOM,459787.625,460000.0,128,123.0703125,71.9375,646.0199456736575,15834.092314804311
2015,YISHUN,EXECUTIVE,600588.8,588000.0,60,148.63333333333333,72.2,867.7053170669421,15772.885097601564
2016,ANG MO KIO,2 ROOM,244452.38095238095,245000.0,21,44.04761904761905,61.476190476190474,489.10840437525195,9407.146041962244
2016,ANG MO KIO,3 ROOM,327139.3460837887,318000.0,549,70.959927140255,63.31693989071038,622.196549708457,9817.46359248078
2016,ANG MO KIO,4 ROOM,486574.2426778243,465000.0,239,93.00836820083683,67.20083682008368,595.0154355638504,9684.779431093291
2016,ANG MO KIO,5 ROOM,685315.8032786886,665000.0,122,119.43442622950819,73.45081967213115,616.6189796014557,9696.5815111964
2016,ANG MO KIO,EXECUTIVE,773986.0,785000.0,16,155.25,70.8125,643.746880349944,9932.554287455338
2016,BEDOK,2 ROOM,237850.0,237500.0,20,44.75,64.65,576.7541132430266,10255.961231018704
2016,BEDOK,3 ROOM,308706.9678030303,300000.0,528,68.01515151515152,63.03219696969697,844.1517048828973,10081.411154085581
2016,BEDOK,4 ROOM,431131.5990566038,410000.0,424,93.07783018867924,68.5377358490566,690.4658006253694,10055.522816742514
2016,BEDOK,5 ROOM,572514.0404040404,559000.0,198,121.24242424242425,68.91919191919192,727.7337655102881,9960.679957703413
2016,BEDOK,EXECUTIVE,706607.1428571428,680000.0,56,145.64285714285714,71.80357142857143,657.0345790880572,9328.779183475006
2016,BISHAN,3 ROOM,347135.52,357500.0,50,65.78,65.02,557.2515232625326,7968.3202545349595
2016,BISHAN,4 ROOM,571336.2328042329,570000.0,189,99.01058201058201,74.03174603174604,742.6651930634997,7907.0696065166485
2016,BISHAN,5 ROOM,754632.612244898,753500.0,98,123.04081632653062,74.0204081632653,689.3835405577356,7699.846213974912
2016,BISHAN,EXECUTIVE,885675.6756756756,890000.0,37,152.13513513513513,73.45945945945945,738.1492067162526,8162.449165713575
2016,BUKIT BATOK,3 ROOM,283655.4557823129,283000.0,294,68.78571428571429,68.77891156462584,641.1982845910316,13736.60409943781
2016,BUKIT BATOK,4 ROOM,399111.2336448598,403888.0,321,96.60436137071652,72.97819314641744,634.6783494068402,13756.054969017432
2016,BUKIT BATOK,5 ROOM,558516.9411764706,552888.0,85,123.23529411764706,76.68235294117648,692.1113142059887,13537.701219608682
2016,BUKIT BATOK,EXECUTIVE,640633.3333333334,632500.0,60,146.88333333333333,71.9,683.9737031049809,13787.260201481049
2016,BUKIT MERAH,1 ROOM,212600.0,213000.0,5,31.0,58.0,1211.7946074494985,3588.8321407213525
2016,BUKIT MERAH,2 ROOM,255250.96296296295,245000.0,27,42.925925925925924,55.0,465.38984388302464,3037.9987429314356
2016,BUKIT MERAH,3 ROOM,386143.6231884058,363000.0,276,66.77898550724638,63.71739130434783,659.9832387589108,3332.4096360642548
2016,BUKIT MERAH,4 ROOM,633908.4580152672,618000.0,262,92.88167938931298,78.80916030534351,578.2412034586114,3311.3790413620723
2016,BUKIT MERAH,5 ROOM,752599.1052631579,740000.0,152,119.10526315789474,76.53289473684211,664.6166886328238,3547.25430446446
2016,BUKIT PANJANG,3 ROOM,286797.56,286500.0,100,72.29,72.79,1000.8735060213462,13740.167431647133
2016,BUKIT PANJANG,4 ROOM,369333.97855227883,355000.0,373,96.3538873994638,80.55764075067025,1018.8998320115661,14443.212667121225
2016,BUKIT PANJANG,5 ROOM,472873.70854271355,460000.0,199,116.48743718592965,81.05025125628141,919.7984094997526,14527.674108858828
2016,BUKIT PANJANG,EXECUTIVE,586038.6666666666,585000.0,72,139.65277777777777,79.5,956.9977021073179,14491.077990355167
2016,BUKIT TIMAH,3 ROOM,388125.0,392500.0,8,70.75,57.75,232.22793141804797,6261.430491364481
2016,BUKIT TIMAH,4 ROOM,645835.52,670000.0,25,100.08,66.68,385.1019044615695,9244.763738899535
2016,BUKIT TIMAH,5 ROOM,835446.1538461539,823000.0,13,123.38461538461539,64.76923076923077,282.11157008391103,8636.32674266936
2016,BUKIT TIMAH,EXECUTIVE,954125.0,969000.0,8,146.375,71.375,368.3999951059615,10491.069868241699
2016,CENTRAL AREA,2 ROOM,263750.0,265000.0,4,51.25,54.75,607.2225611989766,1627.9289292515978
2016,CENTRAL AREA,3 ROOM,435928.3,425000.0,80,64.5125,61.7375,274.4718233842527,1653.7325192378237
2016,CENTRAL AREA,4 ROOM,741194.6987951808,838000.0,83,90.40963855421687,83.08433734939759,330.6682887987661,1645.6886175279499
2016,CENTRAL AREA,5 ROOM,977911.04,995000.0,25,109.16,90.2,350.691738981059,1457.7188696536407
2016,CHOA CHU KANG,2 ROOM,246180.0,245000.0,5,46.0,94.0,662.6844512531343,16920.093972127474
2016,CHOA CHU KANG,3 ROOM,279846.9433962264,275000.0,53,72.37735849056604,70.56603773584905,887.1651125468061,15485.312121608153
2016,CHOA CHU KANG,4 ROOM,353816.0492813142,350000.0,487,102.44147843942505,77.64271047227926,689.6845149069077,16478.564768496588
2016,CHOA CHU KANG,5 ROOM,419803.45705521473,412944.0,326,119.9877300613497,80.03680981595092,680.5954377955347,16753.261453459974
2016,CHOA CHU KANG,EXECUTIVE,561199.96,560444.0,100,145.67,77.55,634.9159731200316,16582.827647076516
2016,CLEMENTI,2 ROOM,268000.0,268000.0,1,44.0,62.0,546.3148326935268,9939.470296543004
2016,CLEMENTI,3 ROOM,342779.7583892617,335900.0,298,69.70134228187919,63.41275167785235,741.3556153571258,10139.243792253408
2016,CLEMENTI,4 ROOM,533501.4513274336,510000.0,113,93.21238938053098,67.23008849557522,766.6933397610665,10064.63530440787
2016,CLEMENTI,5 ROOM,708409.6666666666,712500.0,48,118.6875,70.4375,795.152481578867,9771.71319442633
2016,CLEMENTI,EXECUTIVE,829392.5333333333,840000.0,15,153.4,66.73333333333333,875.0410767984312,10277.037941059176
2016,GEYLANG,2 ROOM,228328.0,230000.0,21,44.857142857142854,56.095238095238095,322.5925349082706,6096.748527263123
2016,GEYLANG,3 ROOM,296134.4769874477,285000.0,239,62.01255230125523,58.06276150627615,411.3526169297093,6209.476982894994
2016,GEYLANG,4 ROOM,495891.28651685396,477500.0,178,93.12359550561797,73.54494382022472,464.7287223756701,6576.659363368705
2016,GEYLANG,5 ROOM,687307.8032786886,655000.0,61,121.9672131147541,72.11475409836065,408.1596495277547,5737.154279399234
2016,GEYLANG,EXECUTIVE,725368.4210526316,730000.0,19,147.21052631578948,69.05263157894737,442.40756170162337,6286.147111215969
2016,HOUGANG,2 ROOM,258000.0,260000.0,5,47.0,95.0,1462.8850249547784,11417.179510306896
2016,HOUGANG,3 ROOM,294455.47906976746,295000.0,215,68.66046511627907,66.46511627906976,829.4911403950598,10004.637442834774
2016,HOUGANG,4 ROOM,383719.32773109246,380000.0,476,96.81932773109244,73.15336134453781,854.8924006603334,10524.296933220212
2016,HOUGANG,5 ROOM,503682.75897435896,498000.0,195,121.27179487179487,75.32820512820513,927.4895043526303,10526.678824986155
2016,HOUGANG,EXECUTIVE,669062.28,669000.0,100,145.29,73.93,779.2184218021283,10530.327290489695
2016,JURONG EAST,3 ROOM,303566.67441860464,302000.0,172,70.23255813953489,65.90697674418605,792.3829048423839,13921.393916360857
2016,JURONG EAST,4 ROOM,419900.5423728814,411000.0,118,97.48305084745763,71.91525423728814,854.6155646694688,13933.510022649798
2016,JURONG EAST,5 ROOM,557046.0384615385,592500.0,104,119.8173076923077,72.8173076923077,969.0688604575499,13485.460705402076
2016,JURONG EAST,EXECUTIVE,693891.6923076923,705000.0,39,145.12820512820514,75.71794871794872,873.2240402642826,13711.468776353453
2016,JURONG WEST,2 ROOM,239150.0,245000.0,10,52.4,88.0,420.9153961176727,18224.353599661797
2016,JURONG WEST,3 ROOM,282714.78125,280000.0,288,67.98263888888889,64.80902777777777,817.7893645879042,16680.582232769128
2016,JURONG WEST,4 ROOM,389363.55438596493,380000.0,570,98.61929824561403,77.60350877192982,767.4021784435872,17490.766141134776
2016,JURONG WEST,5 ROOM,464503.3348519362,465000.0,439,115.54897494305239,81.75854214123007,686.7214357762214,17735.464111183843
2016,JURONG WEST,EXECUTIVE,565480.964539007,560000.0,141,139.9290780141844,78.34042553191489,811.8749738139691,17658.176537871914
2016,KALLANG/WHAMPOA,2 ROOM,249125.0,251000.0,8,45.125,62.625,430.1135726723178,3820.949214936599
2016,KALLANG/WHAMPOA,3 ROOM,367043.60869565216,340000.0,299,67.17056856187291,63.35117056856188,479.58648412385077,4448.42104903774
2016,KALLANG/WHAMPOA,4 ROOM,577322.8823529412,570000.0,204,92.95588235294117,77.1029411764706,456.7676029783104,4171.714042543033
2016,KALLANG/WHAMPOA,5 ROOM,771592.7333333333,755500.0,120,117.3,81.25833333333334,445.11956881012196,4165.13265948363
2016,KALLANG/WHAMPOA,EXECUTIVE,793875.0,810500.0,8,149.375,68.75,766.4707818925971,4759.179637511121
2016,MARINE PARADE,3 ROOM,404416.13559322036,400000.0,59,67.22033898305085,58.152542372881356,1851.66432661195,7303.280132696768
2016,MARINE PARADE,4 ROOM,530142.8571428572,531500.0,28,85.32142857142857,58.392857142857146,1913.8156346471872,7081.304813095684
2016,MARINE PARADE,5 ROOM,809035.7142857143,810000.0,28,121.14285714285714,58.357142857142854,1894.8966779104758,7286.748695502059
2016,PASIR RIS,2 ROOM,240000.0,240000.0,1,55.0,77.0,932.8284774223002,14917.773088298818
2016,PASIR RIS,3 ROOM,297000.0,296000.0,3,66.0,64.0,3471.145482293745,19093.267228908087
2016,PASIR RIS,4 ROOM,406665.53225806454,404400.0,248,105.64516129032258,75.91532258064517,1163.4573195566797,14783.796787633042
2016,PASIR RIS,5 ROOM,474408.0,470000.0,170,125.82941176470588,76.56470588235294,1172.9741787569556,14794.21922362266
2016,PASIR RIS,EXECUTIVE,602930.3245033113,600000.0,151,147.25165562913907,75.98675496688742,1100.0393239503233,15048.110328408064
2016,PUNGGOL,2 ROOM,273600.0,272000.0,5,50.0,95.0,1365.3836481757494,14653.175036040866
2016,PUNGGOL,3 ROOM,366112.93333333335,362500.0,30,69.23333333333333,95.0,1301.05360545066,14718.560358726983
2016,PUNGGOL,4 ROOM,445086.7267441861,445000.0,516,92.61046511627907,92.82751937984496,1394.0310457241715,14605.85159741371
2016,PUNGGOL,5 ROOM,458798.98214285716,450000.0,336,111.23214285714286,87.07440476190476,1654.6317108128285,14236.276147463195
2016,PUNGGOL,EXECUTIVE,550965.0285714286,550000.0,35,129.0,86.25714285714285,1545.4150582249044,14154.998709433838
2016,QUEENSTOWN,2 ROOM,241758.11764705883,235000.0,17,45.64705882352941,53.94117647058823,384.69339459608545,6378.824175662876
2016,QUEENSTOWN,3 ROOM,383098.43859649124,365000.0,228,64.77631578947368,59.04385964912281,498.13337786408067,6674.886883289814
2016,QUEENSTOWN,4 ROOM,677550.1728395062,685000.0,162,91.96296296296296,83.85185185185185,454.72772132436637,6281.926749348865
2016,QUEENSTOWN,5 ROOM,831589.3333333334,850000.0,69,119.01449275362319,80.82608695652173,495.6522011387161,6604.396642336718
2016,QUEENSTOWN,EXECUTIVE,936750.0,947500.0,4,146.5,78.0,177.18462714934793,5359.702244297931
2016,SEMBAWANG,2 ROOM,229629.33333333334,225000.0,3,40.0,94.0,570.315300457023,19246.358587628085
2016,SEMBAWANG,4 ROOM,366953.3939393939,363500.0,198,93.07575757575758,85.48484848484848,577.1534753722498,19014.21267840146
2016,SEMBAWANG,5 ROOM,416848.5945945946,415000.0,222,112.43243243243244,84.18018018018019,502.20272304015293,18932.078478066516
2016,SEMBAWANG,EXECUTIVE,496608.47826086957,490944.0,92,132.70652173913044,83.44565217391305,448.12501579760743,18813.248891987725
2016,SENGKANG,2 ROOM,271494.4,268444.0,20,47.4,94.35,1908.0583812363898,12331.521790126346
2016,SENGKANG,3 ROOM,358794.41509433964,362888.0,53,69.50943396226415,94.26415094339623,1620.3098749819728,12388.333874987396
2016,SENGKANG,4 ROOM,418213.3106159895,412000.0,763,93.01441677588467,88.9305373525557,1004.4902983441492,12600.340916785024
2016,SENGKANG,5 ROOM,454477.64086021506,453000.0,465,112.97204301075269,84.54193548387097,863.0621432844214,12897.237378613972
2016,SENGKANG,EXECUTIVE,555467.6408450705,555444.0,142,132.51408450704224,83.6056338028169,828.445645119059,12940.676257108318
2016,SERANGOON,2 ROOM,243600.0,250000.0,5,44.0,61.0,478.57526735624606,7817.4925734456465
2016,SERANGOON,3 ROOM,320559.58762886596,320000.0,97,65.54639175257732,67.50515463917526,951.9969793933623,8738.080911356115
2016,SERANGOON,4 ROOM,465000.56038647343,450000.0,207,95.33816425120773,70.18357487922705,955.246559805171,8680.593143601314
2016,SERANGOON,5 ROOM,569974.5,517500.0,72,121.30555555555556,74.94444444444444,1350.1707228722862,9355.496907624176
2016,SERANGOON,EXECUTIVE,749745.9591836735,745000.0,49,146.14285714285714,74.12244897959184,1234.080376673105,9086.075455852226
2016,TAMPINES,2 ROOM,260000.0,260000.0,2,45.0,95.0,688.4115320128549,13615.116808659115
2016,TAMPINES,3 ROOM,327136.97538461536,326000.0,325,72.34461538461538,67.94461538461539,613.5116712842129,13023.472803684066
2016,TAMPINES,4 ROOM,432515.7807017544,425000.0,570,100.62631578947368,73.06315789473685,705.149539699204,13203.992776288942
2016,TAMPINES,5 ROOM,544175.9250720461,527888.0,347,122.54178674351586,76.14121037463977,722.2736480705104,13379.315586227287
2016,TAMPINES,EXECUTIVE,672734.5132743362,680000.0,113,146.4513274336283,73.83185840707965,725.7756519837696,13332.268190521603
2016,TAMPINES,MULTI-GENERATION,818000.0,818000.0,1,166.0,70.0,236.69636560972003,14231.353280782096
2016,TOA PAYOH,2 ROOM,234785.7142857143,234000.0,21,42.333333333333336,52.857142857142854,445.9530103090069,6056.534256406744
2016,TOA PAYOH,3 ROOM,311582.76056338026,305000.0,284,66.98591549295774,56.609154929577464,650.4532884425373,5961.100412187419
2016,TOA PAYOH,4 ROOM,551592.14375,569000.0,160,92.15625,75.43125,579.5900954212646,5952.461877416
2016,TOA PAYOH,5 ROOM,708246.72,700000.0,75,122.70666666666666,74.97333333333333,729.71765011434,6032.2892069243335
2016,TOA PAYOH,EXECUTIVE,820615.3846153846,840000.0,13,148.53846153846155,70.61538461538461,513.0164155572718,6196.615863926514
2016,WOODLANDS,3 ROOM,272465.45945945947,270000.0,148,69.3108108108108,66.12837837837837,835.0644422029542,19197.086243381724
2016,WOODLANDS,4 ROOM,354398.9708404803,355000.0,583,97.21783876500858,78.46140651801029,615.4009993483198,18414.810602899783
2016,WOODLANDS,5 ROOM,428162.33126293996,425000.0,483,119.96066252587991,81.04347826086956,555.9725173643293,18266.390014995417
2016,WOODLANDS,EXECUTIVE,606441.3184713376,588000.0,157,156.13375796178343,79.14012738853503,491.68463265357144,18355.29821670793
2016,YISHUN,2 ROOM,227000.0,235000.0,6,41.166666666666664,85.0,1476.3197126659077,15361.130956508912
2016,YISHUN,3 ROOM,290795.5220994475,288000.0,362,69.13259668508287,69.20718232044199,664.2406767654438,16361.668061139057
2016,YISHUN,4 ROOM,368073.513562387,368000.0,553,94.55877034358048,74.23869801084992,850.2180683817622,15904.62681494896
2016,YISHUN,5 ROOM,454701.05263157893,455888.0,133,122.41353383458646,71.203007518797,649.5402513385667,16036.679781194482
2016,YISHUN,EXECUTIVE,589501.0322580645,575000.0,62,146.98387096774192,71.11290322580645,916.9067564849864,15639.797796383453
2016,YISHUN,MULTI-GENERATION,691000.0,688000.0,3,163.66666666666666,70.33333333333333,749.3483532566305,15189.847625666915
2017,ANG MO KIO,2 ROOM,232869.5652173913,233000.0,23,44.17391304347826,61.869565217391305,435.09759070839937,9627.72445895239
2017,ANG MO KIO,3 ROOM,315994.4030710173,308888.0,521,70.98848368522073,62.489443378119,633.1878217979933,9759.21713954759
2017,ANG MO KIO,4 ROOM,494595.596,468000.0,250,92.984,68.628,603.7413809345517,9626.806417822292
2017,ANG MO KIO,5 ROOM,697567.5683453238,668000.0,139,118.57553956834532,75.62589928057554,565.5825815709237,9784.571246904603
2017,ANG MO KIO,EXECUTIVE,821000.0,850000.0,9,153.22222222222223,74.22222222222223,653.8752107592777,10479.724135394694
2017,BEDOK,2 ROOM,235555.55555555556,238000.0,9,45.0,64.33333333333333,545.0436265428006,10257.590006365506
2017,BEDOK,3 ROOM,306876.390593047,300000.0,489,68.12678936605317,62.2678936605317,832.6140648105309,10062.25293733912
2017,BEDOK,4 ROOM,443213.2236503856,418000.0,389,93.47814910025707,68.2879177377892,721.422123863968,10184.791066694737
2017,BEDOK,5 ROOM,579024.0343137255,569000.0,204,121.36274509803921,68.22058823529412,733.8824974470855,9816.243194132598
2017,BEDOK,EXECUTIVE,725935.649122807,705000.0,57,146.49122807017545,72.24561403508773,635.5349202518482,9241.9680996756
2017,BISHAN,3 ROOM,364453.488372093,370000.0,43,65.09302325581395,65.6046511627907,584.8341905563184,7662.941295397038
2017,BISHAN,4 ROOM,574538.5943396227,565500.0,212,96.68867924528301,72.6745283018868,703.422224608062,7755.54957098379
2017,BISHAN,5 ROOM,797099.4238410596,778000.0,151,123.49006622516556,76.06622516556291,727.1160047918712,7884.238433408127
2017,BISHAN,EXECUTIVE,905025.641025641,905000.0,39,148.56410256410257,71.23076923076923,667.9372784298679,7853.4091237702805
2017,BISHAN,MULTI-GENERATION,910000.0,910000.0,1,169.0,69.0,709.1099284818088,6794.62712574741
2017,BUKIT BATOK,3 ROOM,274558.7428571429,272000.0,315,68.92698412698412,67.55555555555556,652.6776888796302,13626.125674510771
2017,BUKIT BATOK,4 ROOM,397495.6388888889,399944.0,288,96.88541666666667,72.79166666666667,650.3258648315106,13618.090195028051
2017,BUKIT BATOK,5 ROOM,545912.4,541000.0,80,122.5875,77.5,684.2151169167565,13603.99003007159
2017,BUKIT BATOK,EXECUTIVE,656262.037735849,648000.0,53,148.0,71.56603773584905,660.5870323248427,13468.006133104514
2017,BUKIT MERAH,1 ROOM,200888.88888888888,203000.0,9,31.0,57.0,1211.7946074494985,3588.8321407213525
2017,BUKIT MERAH,2 ROOM,260890.81818181818,255000.0,22,44.59090909090909,57.13636363636363,341.5055604766285,3370.1319828738197
2017,BUKIT MERAH,3 ROOM,403671.4095238095,363000.0,315,67.12698412698413,66.02857142857142,658.2076443279384,3222.7528708901273
2017,BUKIT MERAH,4 ROOM,653573.2158730159,680000.0,315,93.26349206349207,80.96190476190476,562.5792799715626,3445.4526076437774
2017,BUKIT MERAH,5 ROOM,758250.1666666666,748000.0,168,118.80357142857143,75.57142857142857,632.9523079257442,3470.731755553091
2017,BUKIT PANJANG,3 ROOM,284888.38356164383,282000.0,73,71.6027397260274,73.15068493150685,965.1987106223075,13847.424219514116
2017,BUKIT PANJANG,4 ROOM,384936.72360248445,365000.0,322,96.29813664596273,80.69875776397515,926.2394467201663,14504.367713661664
2017,BUKIT PANJANG,5 ROOM,484529.4857142857,468000.0,210,116.29523809523809,80.47619047619048,866.9479329096413,14570.714297121573
2017,BUKIT PANJANG,EXECUTIVE,591461.6629213484,585000.0,89,138.73033707865167,77.79775280898876,917.465767708476,14350.771082388523
2017,BUKIT TIMAH,3 ROOM,412083.3333333333,412500.0,12,66.91666666666667,58.333333333333336,251.0879633770669,6649.943834637117
2017,BUKIT TIMAH,4 ROOM,648798.8571428572,670000.0,21,100.61904761904762,68.23809523809524,374.5899262420504,10022.15846363399
2017,BUKIT TIMAH,5 ROOM,821363.6363636364,813000.0,11,122.45454545454545,66.45454545454545,317.5047548337681,9441.814093665895
2017,BUKIT TIMAH,EXECUTIVE,932196.3076923077,918000.0,13,146.46153846153845,70.53846153846153,421.003923750284,10549.368013134434
2017,CENTRAL AREA,2 ROOM,254000.0,245000.0,5,53.4,59.8,671.1478479602531,1357.4257776736235
2017,CENTRAL AREA,3 ROOM,421540.35443037975,420000.0,79,65.24050632911393,61.35443037974684,251.50598612923807,1609.418392194512
2017,CENTRAL AREA,4 ROOM,752702.647887324,818000.0,71,91.90140845070422,80.92957746478874,338.2291507304266,1571.761286222267
2017,CENTRAL AREA,5 ROOM,949958.7777777778,960000.0,27,108.18518518518519,90.22222222222223,342.1523665583109,1482.3524231341876
2017,CHOA CHU KANG,2 ROOM,246666.66666666666,250000.0,3,46.0,93.0,662.6844512531343,16920.093972127474
2017,CHOA CHU KANG,3 ROOM,278373.724137931,273000.0,58,71.44827586206897,72.44827586206897,921.7092532889902,15526.48375166557
2017,CHOA CHU KANG,4 ROOM,350691.5051546392,345000.0,388,101.66237113402062,78.15979381443299,682.9006849396745,16494.88198458208
2017,CHOA CHU KANG,5 ROOM,417962.1377952756,410000.0,254,120.46456692913385,79.4251968503937,661.1452294153224,16773.03940599067
2017,CHOA CHU KANG,EXECUTIVE,535577.7425742574,535000.0,101,144.98019801980197,77.39603960396039,688.493508474629,16532.05103834451
2017,CLEMENTI,2 ROOM,340000.0,340000.0,1,49.0,95.0,817.6209742758207,9517.733859019812
2017,CLEMENTI,3 ROOM,346527.5366972477,338400.0,218,69.85779816513761,63.81651376146789,762.2833669573506,10076.141792159995
2017,CLEMENTI,4 ROOM,561184.0,545000.0,165,93.67272727272727,72.62424242424242,721.0789900830515,9949.27235000891
2017,CLEMENTI,5 ROOM,741700.0,728000.0,40,118.675,74.625,677.4177049603893,9751.867013258128
2017,CLEMENTI,EXECUTIVE,831428.5714285715,828500.0,14,149.14285714285714,66.71428571428571,982.0540388345277,10244.05384864172
2017,GEYLANG,2 ROOM,216681.81818181818,215000.0,22,45.27272727272727,53.04545454545455,324.2844190709365,6275.320010989862
2017,GEYLANG,3 ROOM,292172.66909090907,275000.0,275,62.014545454545456,57.98909090909091,398.5780026281983,6185.1497175070235
2017,GEYLANG,4 ROOM,512466.2034883721,485000.0,172,93.47093023255815,72.5,450.0113795600703,6323.179040174876
2017,GEYLANG,5 ROOM,669200.8205128205,636944.0,78,121.88461538461539,69.26923076923077,425.69105872037875,5814.1899533561045
2017,GEYLANG,EXECUTIVE,774194.4,775000.0,20,146.95,68.0,375.2727838323337,6270.24936026292
2017,HOUGANG,2 ROOM,250000.0,255000.0,7,47.0,94.0,1463.9838928820495,11415.8109425588
2017,HOUGANG,3 ROOM,291306.76,290000.0,200,68.905,66.045,829.0326059271133,10183.106761192255
2017,HOUGANG,4 ROOM,390173.09268292686,388000.0,410,97.52439024390245,72.8219512195122,848.377073048614,10557.04320478749
2017,HOUGANG,5 ROOM,494923.5,476500.0,246,120.4349593495935,76.26829268292683,1002.6364401763159,10654.059569927063
2017,HOUGANG,EXECUTIVE,663968.3076923077,650000.0,117,145.3846153846154,73.09401709401709,843.9801585655537,10491.870284729985
2017,JURONG EAST,2 ROOM,237500.0,235000.0,4,46.0,95.25,1078.4885745358915,13708.643786372584
2017,JURONG EAST,3 ROOM,292722.2696629214,287500.0,178,71.48876404494382,65.67415730337079,876.4077575121386,13873.019665132659
2017,JURONG EAST,4 ROOM,422516.40579710144,420000.0,138,95.66666666666667,75.15942028985508,979.7340167163223,13570.321682465601
2017,JURONG EAST,5 ROOM,536438.0194174757,523888.0,103,121.11650485436893,71.41747572815534,941.4217662216389,13639.636089718439
2017,JURONG EAST,EXECUTIVE,696820.4705882353,708500.0,34,145.8235294117647,73.82352941176471,814.9355539068683,13979.389041545972
2017,JURONG WEST,2 ROOM,224000.0,210000.0,9,47.666666666666664,73.33333333333333,667.6396855203458,17531.950425351297
2017,JURONG WEST,3 ROOM,269680.76051779935,270000.0,309,68.53074433656958,63.83171521035599,841.9974561815008,16675.68963102302
2017,JURONG WEST,4 ROOM,373512.14024390245,362750.0,656,98.84451219512195,76.90701219512195,786.5159863892046,17581.310715121606
2017,JURONG WEST,5 ROOM,455544.8798370672,460000.0,491,115.84928716904277,80.82281059063136,719.1394574480746,17770.477827917508
2017,JURONG WEST,EXECUTIVE,557341.6258064517,560000.0,155,138.04516129032257,78.33548387096774,878.3348494222697,17535.406388801413
2017,KALLANG/WHAMPOA,2 ROOM,251727.27272727274,256000.0,11,47.18181818181818,55.90909090909091,417.89924240884505,3814.6023759784216
2017,KALLANG/WHAMPOA,3 ROOM,337980.29194630875,323000.0,298,67.24161073825503,60.0,470.4528339916143,4437.148769400833
2017,KALLANG/WHAMPOA,4 ROOM,552957.1461187215,533000.0,219,92.08675799086758,75.61643835616438,491.82212137551267,4225.860554664275
2017,KALLANG/WHAMPOA,5 ROOM,730065.1428571428,710000.0,147,117.20408163265306,77.43537414965986,454.92779731398974,4275.735905167759
2017,KALLANG/WHAMPOA,EXECUTIVE,799812.5,795000.0,16,146.25,69.5,629.3962276327594,4690.882237366086
2017,MARINE PARADE,2 ROOM,238000.0,238000.0,1,43.0,57.0,1846.8874643779388,7371.660938386482
2017,MARINE PARADE,3 ROOM,405008.4137931034,402500.0,58,68.34482758620689,57.224137931034484,1890.0155147532573,7239.156932178969
2017,MARINE PARADE,4 ROOM,520853.65853658534,520000.0,41,86.5609756097561,57.36585365853659,1875.939890399855,7132.623121038682
2017,MARINE PARADE,5 ROOM,836791.6666666666,842500.0,24,123.04166666666667,57.583333333333336,1929.3233473279834,7253.443542160904
2017,PASIR RIS,3 ROOM,296833.3333333333,300000.0,6,67.83333333333333,62.666666666666664,3469.3819649449847,19115.670345921764
2017,PASIR RIS,4 ROOM,404832.29752066114,400000.0,242,105.45867768595042,74.84297520661157,1162.959393706924,14728.158028813685
2017,PASIR RIS,5 ROOM,475300.30046948354,475000.0,213,125.32394366197182,75.5774647887324,1162.6957543994943,14724.977252521692
2017,PASIR RIS,EXECUTIVE,613460.8666666667,602888.0,165,147.61818181818182,74.87272727272727,1080.7469798702398,15066.616497802805
2017,PUNGGOL,2 ROOM,264136.36363636365,260000.0,11,48.27272727272727,94.9090909090909,1493.7949332591613,14624.576221767278
2017,PUNGGOL,3 ROOM,359440.5689655172,358000.0,58,69.55172413793103,95.06896551724138,1448.5079164186584,14596.515897869906
2017,PUNGGOL,4 ROOM,444900.24097938143,443944.0,776,93.25,92.91623711340206,1421.0087333968315,14522.849353534024
2017,PUNGGOL,5 ROOM,470816.5205479452,440000.0,438,111.54566210045662,87.98173515981735,1591.5430064428417,14257.31126310983
2017,PUNGGOL,EXECUTIVE,550031.8787878788,552500.0,33,128.78787878787878,85.42424242424242,1591.5959744731729,14209.738670889044
2017,QUEENSTOWN,2 ROOM,233187.5,227500.0,16,46.4375,52.8125,340.84284392104985,6304.917216824648
2017,QUEENSTOWN,3 ROOM,382747.78423236514,355000.0,241,65.02074688796681,59.78423236514523,492.0700916993687,6664.711766968059
2017,QUEENSTOWN,4 ROOM,685353.4782608695,705000.0,184,92.29891304347827,84.78260869565217,482.7425331091437,6357.736430809169
2017,QUEENSTOWN,5 ROOM,835707.4303797468,824000.0,79,119.54430379746836,76.32911392405063,490.90792898114194,6731.78858070137
2017,QUEENSTOWN,EXECUTIVE,971142.8571428572,958000.0,7,152.28571428571428,77.0,174.4665895833429,5359.188470226177
2017,SEMBAWANG,2 ROOM,225000.0,225000.0,2,40.0,93.0,570.315300457023,19246.358587628085
2017,SEMBAWANG,4 ROOM,348198.5282258064,348000.0,248,92.83064516129032,84.22177419354838,579.8314781679244,19024.6227448994
2017,SEMBAWANG,5 ROOM,410009.30481283425,408000.0,187,112.64171122994652,83.1711229946524,494.2872958931133,18913.60204335293
2017,SEMBAWANG,EXECUTIVE,478684.07954545453,475000.0,88,133.2840909090909,82.45454545454545,474.4412787466435,18797.05866245594
2017,SENGKANG,2 ROOM,263662.93333333335,265000.0,30,47.13333333333333,93.16666666666667,1747.6227136382436,12339.562157927014
2017,SENGKANG,3 ROOM,348129.03225806454,350000.0,62,68.30645161290323,93.98387096774194,1948.02553204416,12398.554033689747
2017,SENGKANG,4 ROOM,415254.1540436457,415000.0,779,92.87034659820283,88.88703465982029,1081.3084637354666,12535.806852220232
2017,SENGKANG,5 ROOM,444648.1945525292,440000.0,514,112.70817120622569,84.1011673151751,955.1955840286373,12824.599348463442
2017,SENGKANG,EXECUTIVE,550778.4228187919,555000.0,149,131.83221476510067,82.77852348993288,797.2533304906445,12873.027560230768
2017,SERANGOON,3 ROOM,321426.76,320000.0,100,65.78,66.21,843.8649471222396,8615.573710113636
2017,SERANGOON,4 ROOM,461939.9378238342,443800.0,193,95.94818652849742,69.82901554404145,1015.1839288834923,8760.925400027058
2017,SERANGOON,5 ROOM,567259.5223880596,520000.0,67,122.05970149253731,73.55223880597015,1397.513259218061,9485.650602132366
2017,SERANGOON,EXECUTIVE,732117.3857142857,701500.0,70,147.24285714285713,73.07142857142857,1477.9752242159395,9512.93015086363
2017,TAMPINES,2 ROOM,250000.0,250000.0,2,45.5,95.0,519.8539693748742,14001.537238395867
2017,TAMPINES,3 ROOM,328320.65185185184,325000.0,270,72.16296296296296,67.32592592592593,653.5990230842916,12972.0845072707
2017,TAMPINES,4 ROOM,438111.4843137255,430000.0,510,101.17647058823529,71.76862745098039,712.0708759294585,13126.061770845849
2017,TAMPINES,5 ROOM,553607.8319559229,535000.0,363,122.22865013774104,75.84297520661157,713.5904115095926,13418.486466843628
2017,TAMPINES,EXECUTIVE,662849.7712418301,650000.0,153,146.13725490196077,72.81045751633987,742.9680748952691,13102.650875789264
2017,TAMPINES,MULTI-GENERATION,830000.0,830000.0,1,150.0,69.0,236.69636560972003,14231.353280782096
2017,TOA PAYOH,2 ROOM,216478.14285714287,215500.0,28,43.464285714285715,56.5,560.1180507661373,5991.535778299153
2017,TOA PAYOH,3 ROOM,318334.85714285716,304000.0,315,67.42222222222222,57.044444444444444,604.7769407696273,5999.9988609582
2017,TOA PAYOH,4 ROOM,577356.6913043478,598000.0,230,93.50434782608696,76.4,555.0147136751128,5951.657867396982
2017,TOA PAYOH,5 ROOM,798536.7594936709,848444.0,158,119.68987341772151,82.39240506329114,606.2802137213706,5941.560639663526
2017,TOA PAYOH,EXECUTIVE,840154.2222222222,850000.0,18,148.88888888888889,70.88888888888889,511.1929254367473,6156.944577935152
2017,WOODLANDS,2 ROOM,188000.0,188000.0,1,45.0,66.0,1009.9304538657548,19417.24339507181
2017,WOODLANDS,3 ROOM,267364.7012987013,264500.0,154,69.53246753246754,66.73376623376623,851.3445890689854,19193.14399541627
2017,WOODLANDS,4 ROOM,346036.67496542184,345000.0,723,97.02213001383126,79.04287690179807,624.6184972679093,18429.833756391414
2017,WOODLANDS,5 ROOM,417287.8185483871,415000.0,496,120.0100806451613,79.94354838709677,579.78106635105,18304.73937873065
2017,WOODLANDS,EXECUTIVE,608655.4394904459,585000.0,157,156.45222929936307,78.19745222929936,496.662359258767,18369.510466379747
2017,YISHUN,2 ROOM,236350.0,240000.0,12,45.833333333333336,91.58333333333333,1499.220402908408,15311.361068939628
2017,YISHUN,3 ROOM,281051.245,278000.0,400,68.9275,69.7225,685.8867331769699,16283.249623888369
2017,YISHUN,4 ROOM,354176.8459214502,350000.0,662,93.42900302114803,73.77341389728096,867.7931839490636,15811.121203390443
2017,YISHUN,5 ROOM,461349.1929824561,466500.0,114,122.03508771929825,70.36842105263158,575.9510033618674,15871.790849143408
2017,YISHUN,EXECUTIVE,589592.0,587000.0,67,147.43283582089552,69.94029850746269,814.9453869061414,15633.716930144728
2017,YISHUN,MULTI-GENERATION,697500.0,697500.0,2,165.0,69.0,819.8391572721096,15069.896390866927
2018,ANG MO KIO,2 ROOM,212500.0,210000.0,14,44.07142857142857,59.857142857142854,527.9748966850752,9361.667603207537
2018,ANG MO KIO,3 ROOM,295067.81785063754,288000.0,549,71.09836065573771,61.36247723132969,655.7404046307603,9765.234111732867
2018,ANG MO KIO,4 ROOM,491907.453815261,445000.0,249,92.59839357429719,69.73092369477912,579.6796530084802,9645.460026061568
2018,ANG MO KIO,5 ROOM,704653.3701657458,700000.0,181,118.95027624309392,75.97237569060773,609.4506383669349,9670.550371973965
2018,ANG MO KIO,EXECUTIVE,822000.0,815000.0,21,155.52380952380952,70.19047619047619,597.869088181473,10274.338475913604
2018,BEDOK,2 ROOM,221952.38095238095,220000.0,21,44.80952380952381,63.23809523809524,591.114391851465,10150.985426405394
2018,BEDOK,3 ROOM,296320.106122449,290000.0,490,68.41224489795918,61.173469387755105,810.7231880999466,10006.93103065226
2018,BEDOK,4 ROOM,432483.60113960115,405000.0,351,92.87749287749288,66.66381766381767,710.0849172275541,10028.01912112621
2018,BEDOK,5 ROOM,586634.0917874397,580000.0,207,121.71014492753623,67.45893719806763,753.7805671379575,10015.219225143726
2018,BEDOK,EXECUTIVE,717701.2753623188,720000.0,69,146.20289855072463,70.21739130434783,576.180770180447,9286.055950561285
2018,BISHAN,3 ROOM,354878.3783783784,363000.0,37,65.56756756756756,64.1891891891892,566.4551913526102,7810.322757004482
2018,BISHAN,4 ROOM,563382.85,550000.0,200,97.415,71.335,691.5495386513294,7759.442564107212
2018,BISHAN,5 ROOM,773260.7301587302,750000.0,126,123.55555555555556,73.07142857142857,728.6490068082013,7785.614751808905
2018,BISHAN,EXECUTIVE,910042.2857142857,900000.0,42,150.38095238095238,70.14285714285714,676.483786107645,7875.391511859216
2018,BUKIT BATOK,3 ROOM,262982.2475884244,262000.0,311,69.14790996784566,66.7427652733119,651.9657115660102,13646.73106489586
2018,BUKIT BATOK,4 ROOM,380350.59393939393,380000.0,330,96.35757575757576,71.76363636363637,666.6774316584286,13614.258969325418
2018,BUKIT BATOK,5 ROOM,512937.9921875,521500.0,128,122.453125,74.84375,701.5630102096652,13654.239006917202
2018,BUKIT BATOK,EXECUTIVE,609417.5416666666,606500.0,72,147.09722222222223,70.44444444444444,643.6557436450449,13703.528447094212
2018,BUKIT MERAH,1 ROOM,184111.11111111112,180000.0,9,31.0,56.0,1211.7946074494985,3588.8321407213525
2018,BUKIT MERAH,2 ROOM,240317.64705882352,223500.0,34,44.294117647058826,59.05882352941177,392.6964287936216,3707.4479482438323
2018,BUKIT MERAH,3 ROOM,374415.79238754325,340000.0,289,66.76470588235294,62.74740484429066,651.2587628808216,3182.29700769712
2018,BUKIT MERAH,4 ROOM,650104.2419825073,660000.0,343,92.91545189504373,80.49562682215743,571.4996183916969,3369.242990645353
2018,BUKIT MERAH,5 ROOM,779233.0050251256,788888.0,199,117.60301507537689,76.0251256281407,554.5466612676739,3300.5794888060086
2018,BUKIT PANJANG,2 ROOM,223625.0,224000.0,8,47.0,94.375,1067.6791258741819,15042.507829068814
2018,BUKIT PANJANG,3 ROOM,284614.14492753625,282000.0,69,71.72463768115942,73.71014492753623,1046.79603178274,13924.01150462898
2018,BUKIT PANJANG,4 ROOM,378549.9176829268,361000.0,328,96.08841463414635,79.49085365853658,977.8851542904519,14504.145049615192
2018,BUKIT PANJANG,5 ROOM,481678.5287356322,465000.0,261,116.1455938697318,79.64367816091954,904.8621966615531,14610.720247660758
2018,BUKIT PANJANG,EXECUTIVE,588985.5172413794,580000.0,87,138.83908045977012,77.26436781609195,965.3557551458737,14428.86581807399
2018,BUKIT TIMAH,3 ROOM,423055.55555555556,430000.0,9,71.77777777777777,56.77777777777778,217.52230366748492,6735.1188685537445
2018,BUKIT TIMAH,4 ROOM,640797.7142857143,638000.0,21,99.47619047619048,64.47619047619048,422.73452062584664,9185.27172287781
2018,BUKIT TIMAH,5 ROOM,815235.2941176471,818000.0,17,123.52941176470588,65.23529411764706,304.26468978356917,9340.737690741355
2018,BUKIT TIMAH,EXECUTIVE,954198.2857142857,946500.0,14,146.35714285714286,69.71428571428571,432.17704061524455,10503.29493440575
2018,CENTRAL AREA,2 ROOM,253200.0,250000.0,5,48.0,55.6,455.05266012118784,1656.6134871783518
2018,CENTRAL AREA,3 ROOM,408846.2465753425,390000.0,73,65.23287671232876,59.67123287671233,266.32293617819084,1672.2185332923611
2018,CENTRAL AREA,4 ROOM,760400.9275362319,850000.0,69,90.89855072463769,80.95652173913044,334.24636616493785,1680.1997087443824
2018,CENTRAL AREA,5 ROOM,939355.4666666667,982000.0,30,105.93333333333334,90.2,377.7947632450466,1620.6981265921956
2018,CHOA CHU KANG,2 ROOM,224800.0,229000.0,5,46.0,92.0,662.6844512531343,16920.093972127474
2018,CHOA CHU KANG,3 ROOM,276771.3965517241,273000.0,58,70.24137931034483,75.01724137931035,917.5588633132274,15692.51499335359
2018,CHOA CHU KANG,4 ROOM,339828.55803571426,335000.0,448,101.30357142857143,77.62053571428571,672.4857539411047,16552.025826260473
2018,CHOA CHU KANG,5 ROOM,407733.4935483871,400000.0,310,120.01935483870967,77.93870967741935,661.7091792916476,16818.27843584478
2018,CHOA CHU KANG,EXECUTIVE,527470.0357142857,535000.0,112,145.30357142857142,75.38392857142857,670.1526828674943,16391.00517408465
2018,CLEMENTI,2 ROOM,310666.6666666667,332000.0,9,47.55555555555556,82.66666666666667,703.7940565346385,9665.352113899686
2018,CLEMENTI,3 ROOM,330804.85774058575,318000.0,239,70.30962343096235,62.97489539748954,732.1831556925371,10088.536062126543
2018,CLEMENTI,4 ROOM,579110.6369426751,570000.0,157,94.20382165605096,75.62420382165605,700.5772694991368,9945.377256348358
2018,CLEMENTI,5 ROOM,694949.6166666667,671444.0,60,120.1,70.28333333333333,774.6490071229489,9734.39389690411
2018,CLEMENTI,EXECUTIVE,850708.9523809524,858000.0,21,153.38095238095238,64.52380952380952,977.029755547027,10148.754778320697
2018,GEYLANG,2 ROOM,204000.0,204000.0,18,44.666666666666664,53.166666666666664,323.93492151952904,6124.973969622912
2018,GEYLANG,3 ROOM,293021.21164021164,285000.0,189,62.783068783068785,58.64021164021164,406.3802656796711,6243.4540783119355
2018,GEYLANG,4 ROOM,521626.53846153844,481500.0,156,92.82051282051282,71.97435897435898,461.75416110989795,6338.912706408221
2018,GEYLANG,5 ROOM,702688.8484848485,653500.0,66,121.51515151515152,68.6969696969697,391.98480507630177,5815.641151504246
2018,GEYLANG,EXECUTIVE,743545.4545454546,756000.0,22,147.36363636363637,67.04545454545455,430.56928043241027,6600.403702537213
2018,HOUGANG,2 ROOM,242857.14285714287,242000.0,7,47.0,93.0,1469.4782325184049,11408.968103818319
2018,HOUGANG,3 ROOM,282291.9581151832,282000.0,191,68.06806282722513,67.59685863874346,912.0289201790978,10171.456410710816
2018,HOUGANG,4 ROOM,385441.8198198198,380000.0,444,97.62837837837837,73.29729729729729,892.3335588134793,10636.453045528951
2018,HOUGANG,5 ROOM,501423.9830508475,475500.0,236,121.05084745762711,74.04237288135593,957.9622794011096,10650.46136671739
2018,HOUGANG,EXECUTIVE,685215.949044586,668000.0,157,145.7515923566879,72.14012738853503,748.7354995721939,10738.760950366328
2018,JURONG EAST,2 ROOM,235700.0,233500.0,10,44.6,94.7,853.7802747131409,14568.928732820748
2018,JURONG EAST,3 ROOM,286073.012345679,282000.0,162,70.01851851851852,67.4753086419753,853.881099475749,13939.302452084257
2018,JURONG EAST,4 ROOM,413002.44444444444,410000.0,135,95.97777777777777,72.85185185185185,919.1330634311765,13686.070972070795
2018,JURONG EAST,5 ROOM,534712.7328244274,535000.0,131,120.59541984732824,71.4885496183206,884.7494724277706,13659.906421437994
2018,JURONG EAST,EXECUTIVE,674525.0196078431,650000.0,51,146.49019607843138,72.2156862745098,774.3269062500235,14126.021060819914
2018,JURONG WEST,2 ROOM,215786.66666666666,225000.0,15,47.333333333333336,81.26666666666667,902.322625886638,17324.44587001102
2018,JURONG WEST,3 ROOM,253273.31270358307,250000.0,307,67.55374592833876,64.52117263843648,870.0107557286815,16713.200816252145
2018,JURONG WEST,4 ROOM,361524.6918032787,350000.0,610,98.2344262295082,76.64590163934426,802.1748747366246,17460.367127641017
2018,JURONG WEST,5 ROOM,435646.8368522073,434000.0,521,116.18234165067179,79.63147792706334,743.2120422057534,17819.292502296845
2018,JURONG WEST,EXECUTIVE,546390.7218934911,545000.0,169,137.7041420118343,77.65680473372781,833.8972237641009,17546.689360588993
2018,KALLANG/WHAMPOA,2 ROOM,231533.33333333334,230000.0,9,46.77777777777778,57.333333333333336,448.32352307146687,4148.576379805603
2018,KALLANG/WHAMPOA,3 ROOM,331826.31506849313,305000.0,292,67.69520547945206,58.47260273972603,496.49218876352774,4390.8082070072605
2018,KALLANG/WHAMPOA,4 ROOM,557085.9009900991,529000.0,202,91.97029702970298,74.57425742574257,467.27465082947265,4212.106381806585
2018,KALLANG/WHAMPOA,5 ROOM,747925.0181818182,707500.0,110,118.2090909090909,76.82727272727273,492.10192601551023,4311.281974868615
2018,KALLANG/WHAMPOA,EXECUTIVE,770076.9230769231,766000.0,13,148.46153846153845,67.76923076923077,766.1903358691078,4868.472417791372
2018,MARINE PARADE,2 ROOM,180000.0,180000.0,1,42.0,56.0,1846.8874643779388,7371.660938386482
2018,MARINE PARADE,3 ROOM,395525.9692307692,395000.0,65,68.15384615384616,56.215384615384615,1894.6820703150574,7204.499980004239
2018,MARINE PARADE,4 ROOM,523397.05263157893,525000.0,38,86.1842105263158,56.3421052631579,1879.8468836163547,7158.638062660435
2018,MARINE PARADE,5 ROOM,824624.0,830000.0,36,120.52777777777777,56.55555555555556,1905.470642988895,7256.192052210983
2018,PASIR RIS,3 ROOM,285714.28571428574,295000.0,7,67.28571428571429,61.57142857142857,3455.786175258166,19120.567835598427
2018,PASIR RIS,4 ROOM,406051.11504424777,405000.0,226,105.61061946902655,73.11061946902655,1071.4068106561272,14914.593841721819
2018,PASIR RIS,5 ROOM,482114.77720207255,478000.0,193,126.37305699481865,74.62694300518135,1175.644295766877,14688.13258120595
2018,PASIR RIS,EXECUTIVE,626151.5728643216,618000.0,199,147.50251256281408,74.14070351758794,1056.8707769390828,14984.60005947908
2018,PUNGGOL,2 ROOM,260821.33333333334,260000.0,27,46.925925925925924,94.62962962962963,1394.5756425636864,14388.796820566939
2018,PUNGGOL,3 ROOM,349124.416,348000.0,125,68.216,94.608,1283.6409041037712,14328.44103232686
2018,PUNGGOL,4 ROOM,450100.4895104895,448000.0,858,93.12004662004662,92.86713286713287,1429.3426578683716,14457.516734380153
2018,PUNGGOL,5 ROOM,475557.4926624738,435000.0,477,111.57023060796645,87.55555555555556,1595.24210270328,14260.849455895877
2018,PUNGGOL,EXECUTIVE,544877.76,546500.0,50,128.86,84.3,1562.810156047047,14172.852174614884
2018,QUEENSTOWN,2 ROOM,251375.0,207500.0,16,46.8125,62.8125,416.450497061366,6632.460105822617
2018,QUEENSTOWN,3 ROOM,376524.75,345944.0,288,64.84722222222223,62.09375,457.79781773843985,6669.367536437341
2018,QUEENSTOWN,4 ROOM,688848.0228310502,720000.0,219,91.62100456621005,83.05479452054794,460.7545054559795,6297.851209809655
2018,QUEENSTOWN,5 ROOM,845029.8636363636,838000.0,88,117.72727272727273,77.29545454545455,467.29815494274715,6733.596912206203
2018,QUEENSTOWN,EXECUTIVE,997400.0,983000.0,10,147.1,76.0,172.90860654995438,5354.754190557753
2018,SEMBAWANG,2 ROOM,221250.0,215000.0,4,41.5,93.0,673.9776004819887,19317.319594615103
2018,SEMBAWANG,3 ROOM,288200.0,283000.0,5,67.0,96.0,1007.9759444007428,19557.19271002754
2018,SEMBAWANG,4 ROOM,336567.4503816794,335000.0,262,93.50381679389314,83.10687022900764,551.8751757019254,18960.311831186034
2018,SEMBAWANG,5 ROOM,393519.6905829596,388000.0,223,112.31838565022422,82.21076233183857,516.3775175151842,18941.626704064573
2018,SEMBAWANG,EXECUTIVE,479490.4347826087,473000.0,92,132.8913043478261,81.48913043478261,445.5401553719938,18795.043728358924
2018,SENGKANG,2 ROOM,243697.2,245000.0,40,46.9,94.3,1913.685036657186,12735.004836274447
2018,SENGKANG,3 ROOM,331506.990990991,334000.0,111,67.66666666666667,94.55855855855856,1970.0591128423757,12735.384168518112
2018,SENGKANG,4 ROOM,410096.9371794872,405000.0,780,92.8423076923077,89.19102564102565,1284.7100574069675,12653.926686259392
2018,SENGKANG,5 ROOM,445493.52743362833,438000.0,565,112.17699115044248,83.70796460176992,986.97979744979,12857.536928569436
2018,SENGKANG,EXECUTIVE,556657.4344827586,550000.0,145,131.89655172413794,81.70344827586207,793.5620709150214,12895.2845453322
2018,SERANGOON,2 ROOM,213467.0,211934.0,4,44.0,59.0,478.57526735624606,7817.4925734456465
2018,SERANGOON,3 ROOM,309609.8181818182,307500.0,88,65.93181818181819,64.43181818181819,785.1659176694394,8504.143923314437
2018,SERANGOON,4 ROOM,457018.7724867725,450000.0,189,95.39682539682539,68.54497354497354,1067.0551313345973,8857.0486467131
2018,SERANGOON,5 ROOM,543373.1489361703,509000.0,94,121.31914893617021,72.73404255319149,1468.994307184777,9586.238780302205
2018,SERANGOON,EXECUTIVE,736243.1058823529,700000.0,85,147.05882352941177,71.6,1426.6093660171116,9465.592578667052
2018,TAMPINES,2 ROOM,268000.0,265000.0,13,45.61538461538461,94.23076923076923,475.4236476791077,14077.307254201076
2018,TAMPINES,3 ROOM,331236.3283018868,330000.0,265,71.90943396226415,66.99622641509434,617.5290376364286,13053.998709318106
2018,TAMPINES,4 ROOM,433655.51844262297,428000.0,488,100.96926229508196,70.33196721311475,697.0601562015668,13212.368285712142
2018,TAMPINES,5 ROOM,548549.9802955665,535000.0,406,123.44581280788178,73.5615763546798,707.7127665811244,13385.189800082097
2018,TAMPINES,EXECUTIVE,685668.5263157894,669444.0,190,146.76315789473685,70.9,758.6429012254,13126.362342155842
2018,TAMPINES,MULTI-GENERATION,849333.3333333334,839000.0,6,157.66666666666666,68.0,218.77832948704267,14220.610089888813
2018,TOA PAYOH,2 ROOM,203400.0,204000.0,15,42.2,50.266666666666666,459.6837998956876,5921.0780899771335
2018,TOA PAYOH,3 ROOM,287933.8695652174,275000.0,299,67.01003344481606,54.76923076923077,645.3950471288142,5985.742505649056
2018,TOA PAYOH,4 ROOM,586494.4628820961,595000.0,229,92.5414847161572,77.1528384279476,541.994534555214,5921.462553257314
2018,TOA PAYOH,5 ROOM,808236.0,832888.0,171,118.14619883040936,82.05847953216374,564.6246013313234,5986.125910897134
2018,TOA PAYOH,EXECUTIVE,808133.3333333334,826000.0,15,148.93333333333334,69.2,497.40561173770476,6233.3645795452885
2018,WOODLANDS,2 ROOM,190000.0,190000.0,3,45.0,65.66666666666667,1111.4360684030369,19629.056853746282
2018,WOODLANDS,3 ROOM,266429.13106796116,261500.0,206,69.61650485436893,72.41747572815534,704.8749587000378,18822.199083716892
2018,WOODLANDS,4 ROOM,333868.4066749073,328000.0,809,96.716934487021,78.6168108776267,638.7408717150289,18446.202350024876
2018,WOODLANDS,5 ROOM,405321.38428874733,405000.0,471,119.33545647558387,79.35031847133757,592.6641317625309,18316.394463908822
2018,WOODLANDS,EXECUTIVE,587604.3218390804,565500.0,174,154.38505747126436,76.77011494252874,497.1669198344535,18384.709437158737
2018,YISHUN,2 ROOM,220125.0,227500.0,8,45.0,89.125,1526.0426842555335,15300.33858208236
2018,YISHUN,3 ROOM,267906.1848101266,263000.0,395,69.12658227848101,67.6506329113924,667.1373380207676,16287.392692107756
2018,YISHUN,4 ROOM,345276.5732484076,340250.0,628,94.28025477707007,73.97452229299363,912.3131648333219,15896.147294932576
2018,YISHUN,5 ROOM,454688.84444444446,450000.0,180,121.78888888888889,71.08888888888889,669.5685936442109,15923.633047842208
2018,YISHUN,EXECUTIVE,581154.6666666666,562500.0,66,148.8939393939394,69.24242424242425,848.239282807797,15762.255400224978
2018,YISHUN,MULTI-GENERATION,769432.0,770000.0,9,169.66666666666666,68.11111111111111,825.1987663248632,15120.196480620516
2019,ANG MO KIO,2 ROOM,195687.5,192500.0,16,44.375,61.4375,404.36789974219477,9860.02606091805
2019,ANG MO KIO,3 ROOM,282264.6347992352,275000.0,523,71.07456978967495,60.30975143403442,629.4644648469514,9789.78257910047
2019,ANG MO KIO,4 ROOM,445837.9335793358,405000.0,271,92.97047970479704,65.69741697416974,602.5802928635912,9663.934153472606
2019,ANG MO KIO,5 ROOM,658727.3405797102,628000.0,138,118.47826086956522,70.83333333333333,594.4677675429049,9606.081335694485
2019,ANG MO KIO,EXECUTIVE,795796.0,801444.0,6,164.16666666666666,62.0,657.8528803691419,9931.604526138837
2019,BEDOK,2 ROOM,209752.9411764706,210000.0,17,44.705882352941174,61.8235294117647,686.781729025605,10220.480206004322
2019,BEDOK,3 ROOM,283983.62890625,278000.0,512,68.419921875,60.099609375,801.3765931544586,10078.504189039986
2019,BEDOK,4 ROOM,426143.42076502735,390000.0,366,93.06284153005464,66.03825136612022,689.3533072793299,10141.25743131426
2019,BEDOK,5 ROOM,565226.1990291262,562500.0,206,121.68446601941747,66.86407766990291,707.7322549032124,9907.053402761936
2019,BEDOK,EXECUTIVE,706927.4782608695,714000.0,46,146.45652173913044,68.8913043478261,695.4741772086146,9352.384113737344
2019,BISHAN,3 ROOM,369114.0,380000.0,42,65.07142857142857,64.21428571428571,504.24644434560486,7680.506477355266
2019,BISHAN,4 ROOM,549636.6534653465,550000.0,202,98.7128712871287,69.97029702970298,760.6218369630475,7893.105179508731
2019,BISHAN,5 ROOM,748564.3720930233,728888.0,129,122.9922480620155,70.88372093023256,698.2763191294947,7726.308450322524
2019,BISHAN,EXECUTIVE,883344.4,868000.0,40,149.0,68.65,598.0912812611466,7750.560136856834
2019,BISHAN,MULTI-GENERATION,915972.0,917500.0,4,161.5,67.0,709.1099284818088,6794.62712574741
2019,BUKIT BATOK,3 ROOM,253129.04912280702,252000.0,285,68.67719298245613,65.62105263157895,667.3290994523558,13668.347814565977
2019,BUKIT BATOK,4 ROOM,366961.41689373297,362000.0,367,97.37057220708446,70.23978201634877,651.3160734151701,13722.163751499758
2019,BUKIT BATOK,5 ROOM,512762.045112782,516000.0,133,123.25563909774436,73.16541353383458,640.3316389767376,13582.33129927455
2019,BUKIT BATOK,EXECUTIVE,612463.3707865168,601000.0,89,147.02247191011236,69.01123595505618,626.863007767818,13531.11025249114
2019,BUKIT MERAH,1 ROOM,175842.54545454544,173268.0,11,31.0,55.0,1211.7946074494985,3588.832140721352
2019,BUKIT MERAH,2 ROOM,243714.2857142857,217500.0,28,45.82142857142857,58.285714285714285,400.30704106942085,3537.6863209021985
2019,BUKIT MERAH,3 ROOM,361784.6204620462,315000.0,303,66.77227722772277,61.0,662.2089566415832,3258.379882068985
2019,BUKIT MERAH,4 ROOM,646471.7808641975,680000.0,324,93.24074074074075,78.16666666666667,556.5985711672048,3216.611659693946
2019,BUKIT MERAH,5 ROOM,768834.1308411215,792500.0,214,118.32242990654206,74.08878504672897,562.1940293486787,3512.9905639222684
2019,BUKIT PANJANG,2 ROOM,233735.57894736843,238000.0,19,47.0,93.84210526315789,1202.0647019539515,14989.348603119903
2019,BUKIT PANJANG,3 ROOM,296291.5789473684,301444.0,114,69.2280701754386,82.35964912280701,1249.33407009606,14226.893060949009
2019,BUKIT PANJANG,4 ROOM,390752.2409638554,388000.0,415,95.25060240963856,82.62168674698795,1089.7298371659003,14527.206441261287
2019,BUKIT PANJANG,5 ROOM,481170.6723549488,470000.0,293,116.06143344709898,81.22184300341297,990.6184379017176,14626.069584832974
2019,BUKIT PANJANG,EXECUTIVE,601744.1666666666,589000.0,96,138.83333333333334,76.26041666666667,946.4721595962756,14436.15793604135
2019,BUKIT TIMAH,3 ROOM,418250.0,426250.0,10,69.1,54.6,185.8448107563226,6244.8419822000105
2019,BUKIT TIMAH,4 ROOM,629880.8571428572,654444.0,28,99.0,63.107142857142854,414.83461819305325,9086.756375683608
2019,BUKIT TIMAH,5 ROOM,811327.1111111111,811500.0,18,122.77777777777777,66.11111111111111,366.24097116095686,9897.659983585705
2019,BUKIT TIMAH,EXECUTIVE,964800.0,970000.0,15,147.6,68.73333333333333,417.3165542284471,10470.931274222514
2019,CENTRAL AREA,2 ROOM,232500.0,230000.0,6,54.0,56.5,762.1593278031836,1443.670052635115
2019,CENTRAL AREA,3 ROOM,411251.84,405000.0,75,65.28,57.93333333333333,273.5481862925246,1677.457191963211
2019,CENTRAL AREA,4 ROOM,735664.2048192772,670000.0,83,91.12048192771084,78.40963855421687,327.85508937438317,1796.3354354411726
2019,CENTRAL AREA,5 ROOM,944856.0,1000000.0,23,110.1304347826087,85.82608695652173,350.8843107491959,1762.0475130578213
2019,CHOA CHU KANG,2 ROOM,230222.22222222222,230000.0,9,46.77777777777778,94.11111111111111,924.6010373741683,15865.604973289122
2019,CHOA CHU KANG,3 ROOM,283240.8163265306,280000.0,49,70.22448979591837,78.40816326530613,810.738773204301,15922.773425045463
2019,CHOA CHU KANG,4 ROOM,342972.1569086651,335000.0,427,101.3231850117096,77.13348946135831,664.234316739374,16599.687072693236
2019,CHOA CHU KANG,5 ROOM,409074.14420062694,405000.0,319,120.77115987460814,77.36363636363636,656.322707793488,16839.05038848555
2019,CHOA CHU KANG,EXECUTIVE,529374.5882352941,538000.0,119,144.69747899159663,74.70588235294117,629.3799382544228,16506.681676295557
2019,CLEMENTI,2 ROOM,272833.3333333333,262500.0,6,46.833333333333336,76.0,664.4242505743605,9733.881659560515
2019,CLEMENTI,3 ROOM,312883.611814346,300000.0,237,69.73839662447257,62.016877637130804,779.3104011721299,10071.423109232137
2019,CLEMENTI,4 ROOM,530721.8280254777,484000.0,157,93.12738853503184,70.0828025477707,705.475328697907,9989.138354305402
2019,CLEMENTI,5 ROOM,692941.6393442623,666000.0,61,120.27868852459017,68.68852459016394,691.5595667516045,9810.581429035936
2019,CLEMENTI,EXECUTIVE,807611.1111111111,807500.0,18,150.61111111111111,64.22222222222223,934.7530665804422,10301.814919965636
2019,GEYLANG,2 ROOM,189333.33333333334,188000.0,24,43.583333333333336,51.75,307.858485231402,6118.786488438908
2019,GEYLANG,3 ROOM,276153.2510288066,260000.0,243,61.958847736625515,56.44855967078189,402.09407519871786,6219.627282582629
2019,GEYLANG,4 ROOM,513335.3405405405,473000.0,185,93.0972972972973,70.1027027027027,432.67854395903936,6296.266356824284
2019,GEYLANG,5 ROOM,691855.9322033898,652000.0,59,122.42372881355932,67.72881355932203,386.40176702416557,5668.091552899889
2019,GEYLANG,EXECUTIVE,704920.0,695000.0,25,146.6,66.0,457.43705037935064,6725.005210360746
2019,HOUGANG,2 ROOM,220000.0,226000.0,6,47.0,93.5,1590.7505065737448,11230.985685676938
2019,HOUGANG,3 ROOM,282764.7582938389,275000.0,211,68.37440758293839,68.67298578199052,892.1251970043695,10179.985006557888
2019,HOUGANG,4 ROOM,391058.1096196868,380000.0,447,96.12527964205816,74.75167785234899,923.4396190208804,10729.409311665979
2019,HOUGANG,5 ROOM,511257.6975609756,488000.0,205,120.21951219512195,75.09268292682927,987.3399794744327,10769.14685072918
2019,HOUGANG,EXECUTIVE,686036.2448979592,669000.0,98,146.01020408163265,70.74489795918367,782.0613539580281,10560.595792592343
2019,JURONG EAST,2 ROOM,240350.0,240000.0,20,44.65,93.75,825.671481974918,14662.085419610336
2019,JURONG EAST,3 ROOM,272715.1538461539,268000.0,156,70.23076923076923,65.28846153846153,815.2962457767688,13974.779019524138
2019,JURONG EAST,4 ROOM,390391.7852348993,385000.0,149,96.36241610738254,71.06040268456375,893.4405187949648,13810.960677861076
2019,JURONG EAST,5 ROOM,517147.2380952381,518000.0,126,123.25396825396825,68.2063492063492,876.0166560536408,13800.674466572675
2019,JURONG EAST,EXECUTIVE,651306.0408163265,617000.0,49,147.0408163265306,69.83673469387755,881.7604597479535,14241.24802037243
2019,JURONG WEST,2 ROOM,217046.73684210525,221000.0,19,48.0,87.05263157894737,918.1102957070958,17534.458543140754
2019,JURONG WEST,3 ROOM,252118.51359516615,254000.0,331,67.7190332326284,65.58610271903324,850.2756161086721,16615.169178889824
2019,JURONG WEST,4 ROOM,363051.9736408567,357000.0,607,97.95881383855024,77.73805601317957,811.3276497639564,17452.660178128877
2019,JURONG WEST,5 ROOM,440393.53211009176,438000.0,545,116.43119266055047,79.06605504587156,741.4569742331764,17626.88658524769
2019,JURONG WEST,EXECUTIVE,541473.3532338309,535000.0,201,141.25870646766168,74.22885572139303,877.853133298868,17252.885066109317
2019,KALLANG/WHAMPOA,2 ROOM,215866.66666666666,215000.0,15,47.46666666666667,53.46666666666667,419.322286436258,4052.9723445292425
2019,KALLANG/WHAMPOA,3 ROOM,348582.7195121951,320000.0,246,67.03252032520325,59.239837398373986,465.14461844907055,4317.322674248331
2019,KALLANG/WHAMPOA,4 ROOM,561910.1244019138,537500.0,209,92.57894736842105,73.4066985645933,458.2822637922031,4190.524887900458
2019,KALLANG/WHAMPOA,5 ROOM,732783.9145299145,695000.0,117,118.38461538461539,72.94871794871794,435.0355890665901,4198.50245038389
2019,KALLANG/WHAMPOA,EXECUTIVE,782153.8461538461,785000.0,13,147.15384615384616,67.61538461538461,730.8559806231232,4747.077785477366
2019,MARINE PARADE,3 ROOM,363221.2571428571,350000.0,70,68.02857142857142,55.24285714285714,1883.2924227622646,7231.413691350211
2019,MARINE PARADE,4 ROOM,494048.3076923077,489000.0,26,85.92307692307692,55.34615384615385,1888.21761666872,7130.73678362974
2019,MARINE PARADE,5 ROOM,783685.7931034482,800000.0,29,120.55172413793103,55.62068965517241,1933.3908712493917,7269.633345478974
2019,PASIR RIS,2 ROOM,257500.0,257500.0,2,47.0,95.0,340.47687036394063,14449.080804887875
2019,PASIR RIS,3 ROOM,332642.85714285716,370000.0,14,67.35714285714286,82.64285714285714,1496.7263809436367,16088.778331197827
2019,PASIR RIS,4 ROOM,422547.51091703057,410000.0,229,103.83842794759825,75.51528384279476,1029.1533516459945,14794.919073544903
2019,PASIR RIS,5 ROOM,495114.5233160622,483000.0,193,125.21243523316062,75.139896373057,1092.5195992090487,14782.866464812558
2019,PASIR RIS,EXECUTIVE,628674.9319727891,625000.0,147,147.8095238095238,72.68027210884354,1079.363093555345,15020.331544597462
2019,PUNGGOL,2 ROOM,248950.0,248500.0,40,46.6,93.7,1259.0341993160962,14267.609759149584
2019,PUNGGOL,3 ROOM,354997.0,358000.0,112,67.9375,94.14285714285714,1282.5314278953422,14378.965502248364
2019,PUNGGOL,4 ROOM,460470.17438271607,460000.0,648,92.83024691358025,92.07561728395062,1401.7733388745899,14480.263065299063
2019,PUNGGOL,5 ROOM,516231.6845238095,465000.0,336,112.07440476190476,87.80357142857143,1524.6311381597716,14306.70444066985
2019,PUNGGOL,EXECUTIVE,545695.3333333334,548000.0,24,129.16666666666666,83.29166666666667,1520.3863872735812,14130.96411704847
2019,QUEENSTOWN,2 ROOM,257815.7894736842,200000.0,19,46.1578947368421,65.05263157894737,392.0961964644049,6749.547376349755
2019,QUEENSTOWN,3 ROOM,357154.59541984735,315000.0,262,64.12595419847328,60.767175572519086,451.8574537687869,6521.0869614811645
2019,QUEENSTOWN,4 ROOM,694060.518134715,728000.0,193,92.82901554404145,81.96891191709845,444.147859413875,6150.611676254032
2019,QUEENSTOWN,5 ROOM,829248.1046511628,825000.0,86,117.69767441860465,74.4186046511628,457.0240841062883,6615.265493885736
2019,QUEENSTOWN,EXECUTIVE,1031666.6666666666,1065000.0,3,149.66666666666666,74.33333333333333,364.0975870515992,6237.636499168871
2019,SEMBAWANG,2 ROOM,223557.14285714287,225000.0,35,46.25714285714286,94.77142857142857,880.7848112798436,19050.864892609698
2019,SEMBAWANG,3 ROOM,290782.8888888889,292000.0,54,67.70370370370371,95.0,852.2373674657437,18978.628789122187
2019,SEMBAWANG,4 ROOM,347267.0522648084,343000.0,287,93.06968641114983,85.8362369337979,667.5254998354582,18997.99361263637
2019,SEMBAWANG,5 ROOM,398854.4175824176,395000.0,182,112.61538461538461,81.14285714285714,516.4255069364929,18930.659435298636
2019,SEMBAWANG,EXECUTIVE,478408.9882352941,470000.0,85,132.68235294117648,80.61176470588235,440.1071171138926,18824.170103951266
2019,SENGKANG,2 ROOM,241131.57894736843,238000.0,38,46.86842105263158,94.05263157894737,1953.6216918914192,12879.447735875865
2019,SENGKANG,3 ROOM,342628.7643312102,340000.0,157,67.47133757961784,94.06369426751593,1623.1273215757199,12690.205259280134
2019,SENGKANG,4 ROOM,426422.6192513369,420000.0,935,92.72620320855614,89.74652406417113,1211.1990333493966,12723.60817152703
2019,SENGKANG,5 ROOM,487045.07001795335,463888.0,557,112.68940754039497,85.46499102333932,937.805786511411,12855.050419186528
2019,SENGKANG,EXECUTIVE,570127.9629629629,566500.0,108,131.09259259259258,80.94444444444444,789.5569471203308,12869.201594256374
2019,SERANGOON,2 ROOM,207500.0,207500.0,2,44.0,58.0,478.57526735624606,7817.4925734456465
2019,SERANGOON,3 ROOM,306905.6842105263,305000.0,95,65.37894736842105,64.07368421052631,907.3559262713956,8679.618071767818
2019,SERANGOON,4 ROOM,455292.841025641,438000.0,195,96.63589743589743,68.28717948717949,1043.6905731678514,8866.236388767094
2019,SERANGOON,5 ROOM,581518.4047619047,547500.0,84,121.76190476190476,70.5952380952381,1252.0834969044975,9197.337159573863
2019,SERANGOON,EXECUTIVE,743678.4918032787,700000.0,61,147.2622950819672,69.90163934426229,1218.7844347148175,9114.664931124396
2019,TAMPINES,2 ROOM,266186.6666666667,265000.0,15,46.46666666666667,93.73333333333333,695.2150113519926,13765.670328064227
2019,TAMPINES,3 ROOM,336588.69375,325000.0,320,71.23125,70.3625,744.1758033367664,12906.489000488209
2019,TAMPINES,4 ROOM,442786.66211604094,428000.0,586,100.0,72.61092150170649,782.7150798060336,13104.66447076598
2019,TAMPINES,5 ROOM,550446.8617886179,525000.0,369,122.4308943089431,74.04878048780488,798.566442445699,13331.789243886315
2019,TAMPINES,EXECUTIVE,677848.9752066116,665000.0,121,146.8512396694215,70.22314049586777,764.8041688744579,13031.610118648663
2019,TAMPINES,MULTI-GENERATION,845000.0,845000.0,2,166.0,67.0,236.69636560972003,14231.353280782096
2019,TOA PAYOH,2 ROOM,196309.8947368421,195000.0,19,43.05263157894737,48.68421052631579,447.94539637082113,5990.692464805016
2019,TOA PAYOH,3 ROOM,269348.6886792453,250000.0,318,66.99371069182389,53.55345911949686,632.145225810198,5988.3184371413945
2019,TOA PAYOH,4 ROOM,556900.3773584906,550000.0,212,92.61792452830188,72.47641509433963,558.9537185135389,5941.11018085826
2019,TOA PAYOH,5 ROOM,752378.4927536232,786500.0,138,118.73188405797102,76.32608695652173,663.9081350386762,6027.11386384028
2019,TOA PAYOH,EXECUTIVE,725526.3157894737,718000.0,19,149.47368421052633,66.84210526315789,782.5504939691506,6071.694896141447
2019,WOODLANDS,2 ROOM,221099.58620689655,225000.0,29,46.86206896551724,92.93103448275862,911.045466785621,19194.6702854175
2019,WOODLANDS,3 ROOM,257026.17699115045,254000.0,226,68.39823008849558,73.26548672566372,796.8830409376088,19001.245076584033
2019,WOODLANDS,4 ROOM,335777.0364779874,330000.0,795,96.02389937106918,78.60880503144654,654.7505001089954,18525.570765556266
2019,WOODLANDS,5 ROOM,403034.39019963704,400000.0,551,119.6098003629764,77.7912885662432,620.6455836893178,18395.806972280378
2019,WOODLANDS,EXECUTIVE,586704.0777202073,565000.0,193,154.10362694300517,76.28497409326425,500.67898573056596,18351.76547656794
2019,YISHUN,2 ROOM,220196.26666666666,221500.0,30,45.6,90.83333333333333,1561.0041919619684,15408.697081678989
2019,YISHUN,3 ROOM,272488.7248908297,265000.0,458,68.80349344978166,71.85152838427948,808.1343023584188,16300.816284599316
2019,YISHUN,4 ROOM,365891.2259887006,360000.0,885,93.2813559322034,78.07118644067796,963.1578970869955,15932.4741516235
2019,YISHUN,5 ROOM,477724.41139240505,475000.0,316,117.70886075949367,80.60759493670886,880.5441534967848,16017.664862832187
2019,YISHUN,EXECUTIVE,567527.3010752688,549999.0,93,147.20430107526883,67.90322580645162,829.2075157950159,15735.250977120382
2019,YISHUN,MULTI-GENERATION,764347.0,753000.0,8,167.375,67.125,787.9945038179461,15112.943789263123
2020,ANG MO KIO,2 ROOM,205375.0,204000.0,16,44.0625,57.9375,452.71491227498666,9512.334867804171
2020,ANG MO KIO,3 ROOM,295265.9125248509,285000.0,503,71.3399602385686,60.39960238568588,651.8601532430727,9769.862503161663
2020,ANG MO KIO,4 ROOM,449672.5714285714,405888.0,301,92.79401993355482,65.27242524916943,614.59301131519,9626.662751204694
2020,ANG MO KIO,5 ROOM,654862.6234567901,629444.0,162,117.67283950617283,70.4753086419753,581.5764281517359,9687.580688185804
2020,ANG MO KIO,EXECUTIVE,810733.3333333334,800000.0,15,156.4,66.0,550.2065042421768,10253.084458830866
2020,BEDOK,2 ROOM,215250.0,215000.0,22,44.90909090909091,64.4090909090909,671.7485547420872,10029.839190095403
2020,BEDOK,3 ROOM,289222.37386569876,280000.0,551,67.96370235934664,60.578947368421055,802.4647908850245,10001.973863304325
2020,BEDOK,4 ROOM,444349.02169197396,395000.0,461,92.52711496746204,67.81127982646422,712.6163048399991,9986.43971757733
2020,BEDOK,5 ROOM,579977.6113744075,570000.0,211,120.30805687203791,66.90995260663507,717.6456923825837,9876.784253737953
2020,BEDOK,EXECUTIVE,707804.6714285715,712500.0,70,146.52857142857144,68.64285714285714,642.625350462821,9168.394974022309
2020,BISHAN,3 ROOM,337597.9591836735,365000.0,49,65.79591836734694,60.775510204081634,535.3560925929245,7727.712236346278
2020,BISHAN,4 ROOM,541635.7365853658,528000.0,205,98.08292682926829,69.40487804878049,756.8381700394266,7847.6901454078115
2020,BISHAN,5 ROOM,749556.5352112676,723000.0,142,122.96478873239437,70.45070422535211,730.4029373406737,7647.992151324108
2020,BISHAN,EXECUTIVE,891591.4509803922,880000.0,51,149.19607843137254,68.68627450980392,762.1891425497755,7971.394499710938
2020,BISHAN,MULTI-GENERATION,940000.0,940000.0,1,160.0,66.0,979.249449678622,6781.861162560833
2020,BUKIT BATOK,3 ROOM,262647.47540983604,262000.0,183,68.16939890710383,64.80327868852459,637.9009002863451,13639.356418947462
2020,BUKIT BATOK,4 ROOM,368251.4539007092,360000.0,282,96.28368794326241,68.06382978723404,657.1985239107123,13719.533351258304
2020,BUKIT BATOK,5 ROOM,523592.1,530000.0,120,123.85,71.55,657.7663551885078,13553.51127780926
2020,BUKIT BATOK,EXECUTIVE,611615.0099009901,600000.0,101,146.65346534653466,67.23762376237623,642.9366441299856,13583.531777015234
2020,BUKIT MERAH,1 ROOM,180000.0,174000.0,10,31.0,54.0,1211.7946074494985,3588.8321407213525
2020,BUKIT MERAH,2 ROOM,249934.06896551725,210000.0,29,45.6551724137931,58.06896551724138,394.3888263413932,3209.760629956498
2020,BUKIT MERAH,3 ROOM,380850.924137931,320000.0,290,66.66896551724138,61.42068965517242,625.297086132632,3174.7342762579956
2020,BUKIT MERAH,4 ROOM,662158.9629629629,675000.0,270,93.08888888888889,77.78888888888889,567.8487437161386,3280.794490475802
2020,BUKIT MERAH,5 ROOM,760049.1224489796,750000.0,196,118.38265306122449,71.7295918367347,626.6940321482739,3437.892048747001
2020,BUKIT PANJANG,2 ROOM,233447.8260869565,235000.0,23,46.82608695652174,93.1304347826087,1246.9667591413104,15038.559094680168
2020,BUKIT PANJANG,3 ROOM,308510.79354838707,310000.0,155,69.23870967741935,84.50967741935484,1199.169324391048,14360.63636051989
2020,BUKIT PANJANG,4 ROOM,412709.7482394366,419444.0,568,94.45598591549296,85.51760563380282,1111.5013811695708,14711.885796912513
2020,BUKIT PANJANG,5 ROOM,513722.0169491525,515000.0,295,115.13898305084746,84.09152542372881,1027.3100067607666,14647.468679758493
2020,BUKIT PANJANG,EXECUTIVE,602053.3333333334,604000.0,102,138.95098039215685,74.92156862745098,982.3606721829628,14396.918129634098
2020,BUKIT TIMAH,3 ROOM,392688.8,397500.0,10,69.1,54.2,293.28061711370907,6278.819812056905
2020,BUKIT TIMAH,4 ROOM,632934.125,622500.0,16,100.75,63.8125,420.4892216807656,9525.972325447627
2020,BUKIT TIMAH,5 ROOM,858000.0,855000.0,12,123.75,63.916666666666664,316.0287156549253,9491.09186551782
2020,BUKIT TIMAH,EXECUTIVE,941444.4444444445,962000.0,9,146.0,67.44444444444444,415.62740588913806,10551.094086951845
2020,CENTRAL AREA,2 ROOM,238777.77777777778,222000.0,9,52.77777777777778,56.55555555555556,659.6095134023102,1495.1741416925495
2020,CENTRAL AREA,3 ROOM,407383.1176470588,409444.0,68,65.66176470588235,57.779411764705884,270.5927322116046,1668.6013699281868
2020,CENTRAL AREA,4 ROOM,704762.7076923077,625000.0,65,90.83076923076923,73.26153846153846,314.40548833145124,1870.1756156786569
2020,CENTRAL AREA,5 ROOM,943609.8571428572,1009000.0,28,107.28571428571429,85.32142857142857,347.87900232870214,1791.4975479426885
2020,CHOA CHU KANG,2 ROOM,228453.33333333334,220000.0,15,46.86666666666667,93.86666666666666,978.6828660730546,15756.174947307003
2020,CHOA CHU KANG,3 ROOM,306959.1875,315000.0,64,69.21875,84.8125,938.8713004486957,15891.124299575169
2020,CHOA CHU KANG,4 ROOM,371512.6317016317,362000.0,429,99.48484848484848,80.51981351981352,813.0481539674172,16424.925730391198
2020,CHOA CHU KANG,5 ROOM,446592.47530864197,435000.0,324,119.79629629629629,80.2746913580247,767.7446447618485,16655.2665276059
2020,CHOA CHU KANG,EXECUTIVE,537192.6181818182,539444.0,110,144.13636363636363,73.75454545454545,695.6524184031226,16522.961397970957
2020,CLEMENTI,2 ROOM,312000.0,310500.0,6,49.333333333333336,92.0,791.3054949103508,9525.653231688473
2020,CLEMENTI,3 ROOM,339928.70566037734,310000.0,265,68.33962264150944,64.48679245283019,685.2810049934703,10136.688816650929
2020,CLEMENTI,4 ROOM,565491.6350710901,508000.0,211,90.04265402843602,72.59241706161137,660.8122791000746,10141.732186587675
2020,CLEMENTI,5 ROOM,751804.1518987342,760000.0,79,116.20253164556962,74.56962025316456,738.3014983634189,9973.264544991134
2020,CLEMENTI,EXECUTIVE,788239.8181818182,785444.0,22,149.9090909090909,63.31818181818182,905.1499937028311,10406.795146396413
2020,GEYLANG,2 ROOM,196617.64705882352,200000.0,17,44.411764705882355,53.05882352941177,333.0303634925579,6040.128265395153
2020,GEYLANG,3 ROOM,278893.1782945736,257000.0,258,63.127906976744185,57.166666666666664,415.4432644295567,6173.818577203172
2020,GEYLANG,4 ROOM,547268.1194029851,528000.0,201,93.75621890547264,73.41293532338308,432.03928707792454,6344.0229600675875
2020,GEYLANG,5 ROOM,667907.8857142857,651500.0,70,120.65714285714286,67.61428571428571,411.2315370763071,5817.243154299709
2020,GEYLANG,EXECUTIVE,752861.0,750000.0,24,147.375,65.29166666666667,418.1020135032611,6195.8761348371045
2020,HOUGANG,2 ROOM,230400.0,231500.0,14,47.0,92.5,1579.7618273010341,11244.6713631579
2020,HOUGANG,3 ROOM,302565.9299610895,286000.0,257,68.42412451361868,70.56420233463035,943.8403374732055,10337.750442503668
2020,HOUGANG,4 ROOM,417780.44756554306,400000.0,534,96.2059925093633,76.79588014981273,962.156829233886,10910.61706995905
2020,HOUGANG,5 ROOM,556631.6327868853,523000.0,305,118.33114754098361,78.44590163934426,1029.4852115813774,10950.837236968739
2020,HOUGANG,EXECUTIVE,678372.5428571429,666500.0,140,146.15714285714284,69.0,787.1388291982455,10449.938985568502
2020,JURONG EAST,2 ROOM,247999.9,250000.0,10,44.8,92.7,849.7415840243902,14565.803766343339
2020,JURONG EAST,3 ROOM,286177.7662337662,280000.0,154,70.3051948051948,66.04545454545455,886.6914605367837,13835.477428555827
2020,JURONG EAST,4 ROOM,401767.0133333333,396500.0,150,95.91333333333333,72.24666666666667,926.05408807517,13744.287785254868
2020,JURONG EAST,5 ROOM,494975.5298507463,487500.0,134,121.00746268656717,66.31343283582089,854.3603118619769,13783.503401514112
2020,JURONG EAST,EXECUTIVE,665018.5185185185,632500.0,54,146.74074074074073,70.0925925925926,828.7385294260004,14140.666984459516
2020,JURONG WEST,2 ROOM,228400.0,230000.0,15,49.13333333333333,85.0,673.58421531863,17845.84580352478
2020,JURONG WEST,3 ROOM,274179.85388127854,265000.0,219,67.77168949771689,66.1689497716895,912.6099812730266,16629.10313617419
2020,JURONG WEST,4 ROOM,377571.2392638037,360000.0,489,97.9161554192229,76.0879345603272,855.9489206616943,17309.770708553337
2020,JURONG WEST,5 ROOM,456968.5475285171,450000.0,526,116.43155893536121,77.81558935361217,770.9648049412622,17510.769775160767
2020,JURONG WEST,EXECUTIVE,556438.252631579,553500.0,190,139.59473684210528,74.1421052631579,831.9551962375932,17469.535501603394
2020,KALLANG/WHAMPOA,2 ROOM,206800.0,199000.0,10,48.1,50.6,417.6755903794468,4208.648433105792
2020,KALLANG/WHAMPOA,3 ROOM,337169.84251968504,292250.0,254,67.39370078740157,57.574803149606296,508.72946797956627,4450.332261703144
2020,KALLANG/WHAMPOA,4 ROOM,542161.1369047619,518000.0,168,94.26785714285714,69.29166666666667,491.6829489481298,4219.155071218874
2020,KALLANG/WHAMPOA,5 ROOM,699873.5462184874,670000.0,119,118.00840336134453,71.02521008403362,492.31104971648904,4455.005039865719
2020,KALLANG/WHAMPOA,EXECUTIVE,773934.5882352941,768000.0,17,148.1764705882353,66.23529411764706,765.0880405170947,4847.256549178622
2020,MARINE PARADE,3 ROOM,363225.39130434784,360000.0,69,67.44927536231884,54.289855072463766,1886.3284905561547,7158.208098111699
2020,MARINE PARADE,4 ROOM,476343.76470588235,478000.0,34,86.11764705882354,54.44117647058823,1892.8130601169107,7084.4779881400555
2020,MARINE PARADE,5 ROOM,785254.7586206896,768000.0,29,121.13793103448276,54.689655172413794,1936.3627867852283,7183.286832890199
2020,PASIR RIS,2 ROOM,262750.0,261500.0,16,47.5,92.6875,441.9961652393588,14427.833708330738
2020,PASIR RIS,3 ROOM,377602.7027027027,380000.0,37,67.54054054054055,90.27027027027027,719.1551032517714,14933.811280779371
2020,PASIR RIS,4 ROOM,452329.3903133903,430000.0,351,100.65811965811966,79.96296296296296,858.500920134428,14667.400875106767
2020,PASIR RIS,5 ROOM,517396.98412698414,500000.0,252,123.31746031746032,76.10714285714286,1017.8521837851978,14745.627532360577
2020,PASIR RIS,EXECUTIVE,625801.7616580311,615000.0,193,146.87564766839378,71.90673575129534,1056.967323608497,15017.02898406847
2020,PUNGGOL,2 ROOM,250032.55172413794,250000.0,58,45.810344827586206,93.25862068965517,1218.7861585304759,14551.544525537185
2020,PUNGGOL,3 ROOM,362701.1100478469,363000.0,209,67.09569377990431,94.21052631578948,1320.7021486378412,14772.681016171115
2020,PUNGGOL,4 ROOM,468028.8617801047,468888.0,955,92.52984293193717,92.40837696335079,1373.1720313711442,14625.545836978054
2020,PUNGGOL,5 ROOM,533741.006,511944.0,500,111.792,88.394,1529.0395926552458,14445.76068796295
2020,PUNGGOL,EXECUTIVE,547572.6153846154,551500.0,26,128.65384615384616,82.3076923076923,1634.037357164745,14225.464763977265
2020,QUEENSTOWN,2 ROOM,246647.0588235294,220000.0,17,46.294117647058826,58.1764705882353,394.9153247938817,6772.522609649526
2020,QUEENSTOWN,3 ROOM,370499.45588235295,318000.0,272,64.62867647058823,59.55882352941177,490.54477096958254,6408.026208959536
2020,QUEENSTOWN,4 ROOM,744268.4432234432,780000.0,273,89.71062271062272,85.67399267399267,487.8983124930096,5598.041033726751
2020,QUEENSTOWN,5 ROOM,860776.5925925926,860000.0,81,115.81481481481481,77.8641975308642,441.9265593921909,5903.95384370168
2020,QUEENSTOWN,EXECUTIVE,982900.0,980000.0,10,149.0,73.8,233.3731361058993,5627.220019159674
2020,SEMBAWANG,2 ROOM,225732.66666666666,227000.0,18,45.05555555555556,93.11111111111111,861.3386726085156,19175.43663739627
2020,SEMBAWANG,3 ROOM,304695.652173913,300000.0,23,67.69565217391305,94.0,853.0512080027681,18986.08731357342
2020,SEMBAWANG,4 ROOM,362790.82352941175,356000.0,170,93.64117647058823,84.50588235294117,658.572876916092,18999.105618702582
2020,SEMBAWANG,5 ROOM,414335.89677419356,410000.0,155,112.53548387096774,79.93548387096774,480.79431743564174,18874.863997335335
2020,SEMBAWANG,EXECUTIVE,493319.6666666667,488000.0,84,132.8452380952381,79.66666666666667,502.55335945310236,18860.84879534063
2020,SENGKANG,2 ROOM,247036.58536585365,240000.0,41,46.5609756097561,91.73170731707317,1841.0155311242372,12684.655033323244
2020,SENGKANG,3 ROOM,347701.20958083833,347000.0,167,67.73053892215569,93.7065868263473,1591.8468687517027,12713.813682202677
2020,SENGKANG,4 ROOM,434480.52918660286,430000.0,1045,92.6755980861244,89.97703349282297,1281.919330752623,12714.817236668698
2020,SENGKANG,5 ROOM,497427.9181585678,487444.0,782,112.70588235294117,86.33503836317135,1134.9586358887161,12837.381120963184
2020,SENGKANG,EXECUTIVE,570309.9435483871,570000.0,124,131.98387096774192,79.69354838709677,815.3420611954348,12944.826043498086
2020,SERANGOON,2 ROOM,240000.0,240000.0,2,44.0,57.0,478.57526735624606,7817.4925734456465
2020,SERANGOON,3 ROOM,314310.0215053763,310000.0,93,65.72043010752688,63.41935483870968,833.7917361078315,8618.602180167924
2020,SERANGOON,4 ROOM,455069.70165745856,438000.0,181,96.22651933701657,67.0939226519337,1051.4150008652944,8834.153275599103
2020,SERANGOON,5 ROOM,579325.3513513514,544500.0,74,121.86486486486487,69.33783783783784,1289.1967844886065,9299.586863152623
2020,SERANGOON,EXECUTIVE,741771.0,710000.0,68,146.55882352941177,69.26470588235294,1330.3241186946145,9270.836864705094
2020,TAMPINES,2 ROOM,260250.0,257500.0,8,45.625,92.125,640.8187560246236,13784.600261745045
2020,TAMPINES,3 ROOM,340013.14803625375,328888.0,331,70.98187311178248,70.29909365558912,731.8446169052255,13044.608719900029
2020,TAMPINES,4 ROOM,450558.2027777778,430000.0,720,98.81388888888888,73.13055555555556,833.4628406469993,12933.756644322642
2020,TAMPINES,5 ROOM,558004.8114035088,530000.0,456,121.89035087719299,73.41885964912281,820.2486980322126,13221.453639770229
2020,TAMPINES,EXECUTIVE,689166.3387978142,682000.0,183,146.43715846994536,69.5464480874317,764.6145282323896,12951.864049089216
2020,TAMPINES,MULTI-GENERATION,742500.0,742500.0,2,146.5,66.0,182.94225724168786,14199.12370810225
2020,TOA PAYOH,2 ROOM,196120.69565217392,198000.0,23,43.78260869565217,52.130434782608695,496.52106483825565,5909.992185899321
2020,TOA PAYOH,3 ROOM,270972.29022082017,257000.0,317,66.64984227129338,52.8422712933754,578.6723833471649,6018.723070998025
2020,TOA PAYOH,4 ROOM,554876.6958762887,550000.0,194,93.76288659793815,70.9639175257732,588.5040526844191,6035.215314282663
2020,TOA PAYOH,5 ROOM,728413.8536585366,735000.0,123,119.69918699186992,73.42276422764228,686.7832775741786,6036.117600278258
2020,TOA PAYOH,EXECUTIVE,792706.2857142857,791000.0,14,148.07142857142858,67.28571428571429,519.3137988405491,6248.88331013349
2020,WOODLANDS,2 ROOM,226283.33333333334,230000.0,24,47.0,94.0,877.1673025100857,19141.598953835437
2020,WOODLANDS,3 ROOM,266143.2546583851,260000.0,161,68.85714285714286,71.27950310559007,829.1449889109625,19058.884384279914
2020,WOODLANDS,4 ROOM,352869.43157894735,349500.0,570,96.37543859649122,78.13859649122807,656.1510523362073,18479.090980656114
2020,WOODLANDS,5 ROOM,423414.4692982456,420000.0,456,119.95833333333333,77.04824561403508,610.7030735721803,18393.736882072662
2020,WOODLANDS,EXECUTIVE,616019.6307692308,590000.0,195,158.82564102564103,74.92820512820512,531.0629634598174,18391.265190051323
2020,YISHUN,2 ROOM,223380.0,225000.0,25,46.2,90.72,1564.310540300218,15398.727788334016
2020,YISHUN,3 ROOM,284312.55529411766,278000.0,425,68.81176470588235,72.12705882352941,799.4852188264465,16164.00348229918
2020,YISHUN,4 ROOM,372337.35696517414,370000.0,804,93.19527363184079,79.136815920398,1005.1328599689296,15930.989243272394
2020,YISHUN,5 ROOM,486036.4362606232,490000.0,353,116.6770538243626,81.8215297450425,996.3916276877036,15843.794474831871
2020,YISHUN,EXECUTIVE,599154.1,581500.0,80,147.2375,66.8125,806.689457179277,15623.681760253452
2020,YISHUN,MULTI-GENERATION,752000.0,750000.0,5,165.8,66.0,779.1675089041898,15059.895024590365
2021,ANG MO KIO,2 ROOM,228227.27272727274,230000.0,11,44.36363636363637,59.36363636363637,401.6913489656844,9853.329378956843
2021,ANG MO KIO,3 ROOM,331721.6382978723,326000.0,564,71.00886524822695,58.6241134751773,629.6479402737989,9787.688600308902
2021,ANG MO KIO,4 ROOM,490748.55633802817,448000.0,284,93.12676056338029,63.84507042253521,581.8402163595595,9685.774445706847
2021,ANG MO KIO,5 ROOM,682737.6590909091,646944.0,176,119.85227272727273,67.05681818181819,625.2317399013996,9761.680214609662
2021,ANG MO KIO,EXECUTIVE,892994.4,899000.0,20,152.8,67.85,624.5907362816021,10211.149970311275
2021,BEDOK,2 ROOM,254630.92857142858,250972.0,14,45.285714285714285,68.64285714285714,629.8941092505809,9812.742511121536
2021,BEDOK,3 ROOM,328491.27046263346,318000.0,562,68.16903914590748,59.87544483985765,814.7436680047566,10086.678394188544
2021,BEDOK,4 ROOM,488177.75626043405,446000.0,599,93.01335559265442,68.93489148580969,756.2638749245768,10096.605044762317
2021,BEDOK,5 ROOM,616580.3616438357,615000.0,365,119.96712328767123,66.37534246575342,706.828308233425,9937.483296234246
2021,BEDOK,EXECUTIVE,779381.1052631579,760000.0,76,145.76315789473685,68.60526315789474,642.6189136513055,9180.212548732148
2021,BISHAN,3 ROOM,387566.6153846154,400000.0,52,65.03846153846153,62.17307692307692,566.8452426576546,7611.7478028227815
2021,BISHAN,4 ROOM,579664.8362369338,570000.0,287,99.2439024390244,67.75261324041811,731.2531343113242,7869.722052074419
2021,BISHAN,5 ROOM,810960.2366863905,780000.0,169,123.18343195266272,69.19526627218934,719.4524982553966,7688.053651935421
2021,BISHAN,EXECUTIVE,963708.350877193,960000.0,57,158.56140350877192,67.9298245614035,715.951832371105,8162.0479226577245
2021,BISHAN,MULTI-GENERATION,895200.0,921000.0,5,151.6,65.0,925.2215454392593,6784.414355198149
2021,BUKIT BATOK,3 ROOM,317512.11155378487,315000.0,251,68.66533864541833,64.87250996015936,629.8166604632929,13688.408606152874
2021,BUKIT BATOK,4 ROOM,443390.0071174377,430000.0,281,96.39857651245552,70.24199288256227,637.8020340794436,13618.735474069239
2021,BUKIT BATOK,5 ROOM,600338.624,580000.0,125,122.24,74.512,688.1604069161277,13459.63857405899
2021,BUKIT BATOK,EXECUTIVE,697439.3684210526,695000.0,95,146.8736842105263,68.15789473684211,716.7234204916111,13485.048556379132
2021,BUKIT MERAH,1 ROOM,197222.22222222222,198000.0,9,31.0,53.0,1211.7946074494985,3588.8321407213525
2021,BUKIT MERAH,2 ROOM,278634.4827586207,245000.0,29,46.6551724137931,55.827586206896555,337.66890086741745,3124.5011222041176
2021,BUKIT MERAH,3 ROOM,405088.5593220339,350000.0,413,66.66585956416465,60.450363196125906,625.663338854894,3269.6873731880487
2021,BUKIT MERAH,4 ROOM,706957.3038548753,750000.0,441,92.84353741496598,79.40816326530613,562.0096278069343,3372.6255482700217
2021,BUKIT MERAH,5 ROOM,805605.5971223022,820000.0,278,117.78057553956835,72.3021582733813,606.9533184392884,3300.477261776733
2021,BUKIT MERAH,EXECUTIVE,785666.6666666666,750000.0,3,160.33333333333334,57.666666666666664,819.6939458742804,3198.868859600376
2021,BUKIT PANJANG,2 ROOM,275084.1212121212,276888.0,33,46.78787878787879,92.18181818181819,1125.3480937405086,15099.148380733559
2021,BUKIT PANJANG,3 ROOM,339178.2,338000.0,120,69.8,79.51666666666667,1130.8994204937708,14214.642095428577
2021,BUKIT PANJANG,4 ROOM,451717.80126849894,450000.0,473,95.46088794926004,81.5813953488372,1039.5433731462813,14561.807207919514
2021,BUKIT PANJANG,5 ROOM,558234.0,550000.0,308,115.87662337662337,79.76623376623377,967.4776816842775,14603.339099530538
2021,BUKIT PANJANG,EXECUTIVE,691104.7933884298,698000.0,121,138.5785123966942,74.36363636363636,882.757293852344,14423.969847374428
2021,BUKIT TIMAH,3 ROOM,413615.3846153846,415000.0,13,69.84615384615384,52.61538461538461,195.96637680594785,6255.859133596823
2021,BUKIT TIMAH,4 ROOM,614665.625,637500.0,32,98.78125,60.46875,372.3865634655248,8868.626844268227
2021,BUKIT TIMAH,5 ROOM,862464.0,862888.0,17,122.94117647058823,63.76470588235294,359.57886664604337,9888.368220002285
2021,BUKIT TIMAH,EXECUTIVE,1036950.0,1029000.0,20,147.25,66.45,385.0296117942345,10482.085865698167
2021,CENTRAL AREA,2 ROOM,269250.0,262500.0,8,52.375,53.625,630.5018728419011,1483.6493009716753
2021,CENTRAL AREA,3 ROOM,430070.31111111114,431000.0,90,65.76666666666667,56.51111111111111,257.9361128477952,1690.3974036765992
2021,CENTRAL AREA,4 ROOM,859548.5185185185,941000.0,108,92.67592592592592,80.28703703703704,352.0429942178781,1600.4037733957116
2021,CENTRAL AREA,5 ROOM,1013691.8545454545,1052000.0,55,107.81818181818181,85.30909090909091,379.33346307066887,1614.2399519925486
2021,CHOA CHU KANG,2 ROOM,264538.46153846156,268000.0,13,46.84615384615385,93.61538461538461,1010.7790141002768,15821.768252956397
2021,CHOA CHU KANG,3 ROOM,356530.95652173914,365000.0,115,69.17391304347827,84.98260869565217,1001.1646660051812,15665.284960895851
2021,CHOA CHU KANG,4 ROOM,449026.47952443856,455000.0,757,96.60105680317041,85.21796565389697,941.9674677541009,15987.203360934682
2021,CHOA CHU KANG,5 ROOM,530861.1138790036,530000.0,562,117.63345195729538,83.27935943060498,884.5512424407965,16278.635051823374
2021,CHOA CHU KANG,EXECUTIVE,617806.650406504,615000.0,123,144.7479674796748,72.97560975609755,687.8439081814925,16543.656524051024
2021,CLEMENTI,2 ROOM,330111.0,329444.0,8,49.375,91.0,791.3054949103508,9525.653231688473
2021,CLEMENTI,3 ROOM,372951.23396226414,342000.0,265,69.4,63.011320754716984,716.7818368243162,10112.969342694934
2021,CLEMENTI,4 ROOM,639687.6415770609,705000.0,279,89.80645161290323,76.82437275985663,634.1817870701822,10160.6721306024
2021,CLEMENTI,5 ROOM,765340.5656565657,700000.0,99,118.39393939393939,71.0909090909091,697.4321171715007,9939.94866303952
2021,CLEMENTI,EXECUTIVE,843137.5238095238,858000.0,21,149.28571428571428,62.523809523809526,1076.3588491523496,10120.96475058611
2021,GEYLANG,2 ROOM,214100.0,216500.0,10,43.1,50.4,380.23213446548664,6230.81452193222
2021,GEYLANG,3 ROOM,326139.7818791946,290000.0,298,62.65436241610738,58.788590604026844,407.83982530034746,6060.531699391209
2021,GEYLANG,4 ROOM,589537.029315961,600000.0,307,94.50488599348535,73.14983713355049,433.87500030008493,6189.989780385906
2021,GEYLANG,5 ROOM,708602.2,698000.0,100,121.34,64.43,442.99917342811744,5831.638041824572
2021,GEYLANG,EXECUTIVE,819988.4137931034,815000.0,29,148.68965517241378,64.0,414.9198920902417,6488.8565589870195
2021,HOUGANG,2 ROOM,254777.77777777778,255000.0,9,47.0,91.33333333333333,1579.1072560019365,11248.480563668043
2021,HOUGANG,3 ROOM,340922.59489051095,326500.0,274,67.92335766423358,69.97445255474453,905.6994551752613,10373.43020189892
2021,HOUGANG,4 ROOM,463785.51301684533,445000.0,653,95.85451761102604,76.59724349157733,961.8709953702046,10823.630595513789
2021,HOUGANG,5 ROOM,600307.1675675676,578500.0,370,118.95405405405405,77.50540540540541,979.5437119836474,10961.88665151988
2021,HOUGANG,EXECUTIVE,739861.7696969697,730000.0,165,145.64848484848486,68.98787878787878,767.2611022756593,10450.920298915411
2021,JURONG EAST,2 ROOM,267285.71428571426,277000.0,7,44.57142857142857,91.71428571428571,837.6718096961471,14589.294996091523
2021,JURONG EAST,3 ROOM,335521.5802469136,330500.0,162,70.0,68.9753086419753,888.9131231914458,13927.377071604593
2021,JURONG EAST,4 ROOM,445283.5628415301,441000.0,183,96.0327868852459,71.75409836065573,1004.0966243581441,13696.96455031764
2021,JURONG EAST,5 ROOM,564776.6363636364,580000.0,132,121.61363636363636,67.46212121212122,895.8459724355645,13722.79922294232
2021,JURONG EAST,EXECUTIVE,739430.7283950617,755000.0,81,145.34567901234567,70.49382716049382,775.8818331550419,14021.2217196404
2021,JURONG WEST,2 ROOM,262380.95238095237,268000.0,21,48.0,85.9047619047619,997.1195244864085,17369.560192589583
2021,JURONG WEST,3 ROOM,311231.2786259542,291944.0,262,67.23664122137404,64.0114503816794,883.3103521967107,16549.462037364927
2021,JURONG WEST,4 ROOM,436668.3542435424,425000.0,542,97.3339483394834,76.56457564575646,813.2799570164116,17328.423851633157
2021,JURONG WEST,5 ROOM,508150.38323353295,505000.0,501,116.3932135728543,76.98602794411178,748.9758963795607,17595.77567263974
2021,JURONG WEST,EXECUTIVE,605986.4022988506,610000.0,174,138.59195402298852,74.0,829.4210893839031,17521.809562847084
2021,KALLANG/WHAMPOA,2 ROOM,252923.07692307694,250000.0,13,46.84615384615385,51.46153846153846,402.00163422046637,3888.1734889930067
2021,KALLANG/WHAMPOA,3 ROOM,385201.7859007833,325000.0,383,68.60574412532637,59.97127937336815,494.4224577709582,4528.786652317417
2021,KALLANG/WHAMPOA,4 ROOM,635366.1559322034,640888.0,295,92.7728813559322,76.40677966101696,516.5503550287689,4335.315117595646
2021,KALLANG/WHAMPOA,5 ROOM,773148.9820359282,738000.0,167,118.41317365269461,71.76047904191617,468.36232116670175,4307.470610256947
2021,KALLANG/WHAMPOA,EXECUTIVE,844791.6666666666,845000.0,24,146.91666666666666,64.0,611.5801854685511,4520.5803441320295
2021,MARINE PARADE,2 ROOM,235000.0,235000.0,2,42.0,53.0,1821.6549638118217,7391.485528738731
2021,MARINE PARADE,3 ROOM,391626.3647058823,382000.0,85,67.56470588235294,53.258823529411764,1890.219192487713,7241.147473231162
2021,MARINE PARADE,4 ROOM,495882.6341463415,490000.0,41,85.97560975609755,53.31707317073171,1896.6429600153194,7184.780510732345
2021,MARINE PARADE,5 ROOM,800871.8947368421,800000.0,76,121.3157894736842,53.526315789473685,1902.6956223172267,7288.703797372833
2021,PASIR RIS,2 ROOM,303428.5714285714,295000.0,7,47.0,93.0,380.25005618283313,14417.73991381313
2021,PASIR RIS,3 ROOM,437057.6923076923,442500.0,26,66.26923076923077,85.07692307692308,1024.6272409613748,15609.846853876545
2021,PASIR RIS,4 ROOM,490479.9639889197,470000.0,361,101.20498614958449,76.80609418282549,887.2055210478454,14739.580581374767
2021,PASIR RIS,5 ROOM,572099.2077922078,555000.0,308,124.07467532467533,74.17532467532467,1036.3406093665249,14698.350543577595
2021,PASIR RIS,EXECUTIVE,691944.2730923694,688898.0,249,147.09236947791166,70.85140562248996,1034.1812200958843,14997.903717820749
2021,PUNGGOL,2 ROOM,275608.6956521739,275000.0,46,46.15217391304348,92.5,1274.2718270626267,14581.193488591922
2021,PUNGGOL,3 ROOM,391059.264,390500.0,250,67.528,93.4,1398.0672007421565,14663.195994296026
2021,PUNGGOL,4 ROOM,495539.0921787709,495944.0,1432,92.4141061452514,91.92946927374301,1388.825798732438,14652.310564834843
2021,PUNGGOL,5 ROOM,579813.5907216495,593000.0,970,111.77731958762887,88.78865979381443,1482.3441050765005,14508.863509055247
2021,PUNGGOL,EXECUTIVE,595935.5454545454,586500.0,44,128.95454545454547,81.36363636363636,1557.1930736682248,14182.429154704249
2021,QUEENSTOWN,2 ROOM,279644.4,250000.0,20,46.55,59.75,374.9598804769651,6477.240733236747
2021,QUEENSTOWN,3 ROOM,405403.4520547945,355000.0,365,65.38630136986302,60.1972602739726,489.047765589568,6427.149696930163
2021,QUEENSTOWN,4 ROOM,762952.6831460674,785000.0,445,90.29887640449438,85.29887640449438,482.566512080052,5598.711720605191
2021,QUEENSTOWN,5 ROOM,903316.0784313725,900000.0,153,114.26797385620915,79.2156862745098,443.7315209411115,6147.436169292957
2021,QUEENSTOWN,EXECUTIVE,1092200.0,1094400.0,4,145.75,73.0,242.03596808571473,5433.358871715123
2021,SEMBAWANG,2 ROOM,261581.25,268000.0,16,45.9375,92.5,830.0404633865616,18973.56241493055
2021,SEMBAWANG,3 ROOM,334052.63157894736,325000.0,19,67.63157894736842,93.0,877.4339044944186,19052.928101293946
2021,SEMBAWANG,4 ROOM,417918.1028037383,412500.0,214,92.2803738317757,82.96728971962617,614.7000806488101,18989.363860600715
2021,SEMBAWANG,5 ROOM,483598.6742857143,480000.0,175,112.63428571428571,79.30285714285715,488.4550543179634,18869.848592906455
2021,SEMBAWANG,EXECUTIVE,567313.9325842697,565000.0,89,132.41573033707866,78.68539325842697,474.5644833445385,18843.35855360623
2021,SENGKANG,2 ROOM,284023.52,285000.0,50,47.22,91.62,2052.659276695418,12659.633372307082
2021,SENGKANG,3 ROOM,386387.6707317073,382044.0,164,68.21951219512195,92.9329268292683,1435.8022158845176,12825.638425086558
2021,SENGKANG,4 ROOM,476835.96062992123,468000.0,1397,92.68217609162491,88.95705082319256,1150.9962034152963,12735.360800507739
2021,SENGKANG,5 ROOM,545130.0295315682,524000.0,982,112.92362525458249,85.23930753564154,966.3859027908186,12897.3041173939
2021,SENGKANG,EXECUTIVE,622280.6835443038,619000.0,158,131.60759493670886,78.86708860759494,781.8992601848183,12911.2736737549
2021,SERANGOON,2 ROOM,247500.0,247500.0,2,44.0,56.0,478.57526735624606,7817.4925734456465
2021,SERANGOON,3 ROOM,345048.40594059404,345000.0,101,64.81188118811882,62.039603960396036,761.9895234771365,8531.599217512987
2021,SERANGOON,4 ROOM,487894.0,475444.0,220,95.43636363636364,65.81818181818181,1042.6189044674363,8818.035365457568
2021,SERANGOON,5 ROOM,635553.9705882353,615900.0,102,121.07843137254902,69.41176470588235,1317.0999977074905,9299.322923348422
2021,SERANGOON,EXECUTIVE,820627.2872340425,800000.0,94,146.43617021276594,68.34042553191489,1189.0087038390332,9033.973291023563
2021,TAMPINES,2 ROOM,284384.6153846154,288000.0,13,46.61538461538461,92.61538461538461,1059.298092064192,13436.32998201509
2021,TAMPINES,3 ROOM,370333.615942029,360000.0,414,70.95410628019323,68.96618357487922,733.8883894007753,13013.320703004123
2021,TAMPINES,4 ROOM,487412.3816091954,470000.0,870,99.24597701149425,72.67241379310344,823.3238325721893,12938.574837499007
2021,TAMPINES,5 ROOM,606542.2487223168,580000.0,587,121.50425894378195,73.61669505962521,812.0124195699351,13300.722104407767
2021,TAMPINES,EXECUTIVE,733143.1128404669,728000.0,257,147.05836575875486,68.46692607003891,745.3301608863402,13130.353445395056
2021,TAMPINES,MULTI-GENERATION,764375.0,772500.0,8,149.0,65.0,142.62667596566374,14174.951528592366
2021,TOA PAYOH,2 ROOM,233978.26086956522,233000.0,23,42.73913043478261,48.30434782608695,418.7489447749139,5973.938067853774
2021,TOA PAYOH,3 ROOM,311478.93066666665,290000.0,375,67.09066666666666,52.885333333333335,624.7298130929003,5988.944646266781
2021,TOA PAYOH,4 ROOM,603804.8172757475,620000.0,301,93.00996677740864,72.734219269103,561.2869140385927,5994.768661736415
2021,TOA PAYOH,5 ROOM,808231.9788359788,810000.0,189,119.46560846560847,74.78835978835978,643.32318035895,5948.96798349165
2021,TOA PAYOH,EXECUTIVE,855187.5,858500.0,28,148.17857142857142,66.64285714285714,616.4355907232192,6146.265297519788
2021,WOODLANDS,2 ROOM,262230.76923076925,267000.0,13,46.69230769230769,88.38461538461539,931.7635402051467,19242.535705671078
2021,WOODLANDS,3 ROOM,313402.75916230364,305000.0,191,68.80628272251309,70.84293193717278,753.514735590226,18997.667901631154
2021,WOODLANDS,4 ROOM,413716.2496433666,410000.0,701,96.44793152639087,77.49643366619115,626.4533652151273,18446.82670385453
2021,WOODLANDS,5 ROOM,495649.4168297456,490000.0,511,119.16438356164383,77.54011741682974,609.6728340422463,18334.623455582616
2021,WOODLANDS,EXECUTIVE,685660.5882352941,680000.0,221,154.3393665158371,74.15384615384616,509.5126354844612,18377.800497679
2021,YISHUN,2 ROOM,249823.5294117647,250000.0,17,45.470588235294116,90.41176470588235,1479.7648815267964,15343.49117085429
2021,YISHUN,3 ROOM,330116.5730088496,325000.0,452,68.86061946902655,70.29203539823008,779.9395266041703,16148.846212170598
2021,YISHUN,4 ROOM,429610.9347568209,430000.0,843,93.11032028469751,77.95373665480427,992.032397102198,15826.797607444138
2021,YISHUN,5 ROOM,550564.5993883793,545000.0,327,118.2262996941896,78.91131498470948,900.0417485316586,15803.516353859242
2021,YISHUN,EXECUTIVE,669485.5094339623,650500.0,106,147.12264150943398,65.72641509433963,862.4992814806691,15740.283224598874
2021,YISHUN,MULTI-GENERATION,836600.0,860000.0,5,169.8,65.0,796.4814351389379,15066.084831482522
2022,ANG MO KIO,2 ROOM,268068.0,278000.0,23,44.30434782608695,56.608695652173914,407.2430476740236,9689.569080301857
2022,ANG MO KIO,3 ROOM,376950.54734848486,365000.0,528,70.66098484848484,58.63257575757576,643.4286113099167,9746.358262114043
2022,ANG MO KIO,4 ROOM,599339.7475409836,513000.0,305,93.00655737704918,69.76065573770492,621.1877015252727,9684.929486058683
2022,ANG MO KIO,5 ROOM,812362.2207792208,782500.0,154,117.7987012987013,74.14935064935065,623.8561963513139,9692.038206789359
2022,ANG MO KIO,EXECUTIVE,941500.0,936500.0,16,153.5,66.0625,720.8164167371015,9995.635462080689
2022,BEDOK,2 ROOM,272350.0,262500.0,20,45.2,63.95,647.1887016334225,10130.153487842072
2022,BEDOK,3 ROOM,358417.41335740074,350000.0,554,68.14620938628158,58.31949458483754,820.5480005781544,10060.358437292898
2022,BEDOK,4 ROOM,508717.51193058566,470000.0,461,92.46203904555314,65.15401301518438,724.7895708123339,10017.227170169635
2022,BEDOK,5 ROOM,667291.2252964426,650000.0,253,120.45849802371542,65.08695652173913,747.4029307105135,10027.062059749105
2022,BEDOK,EXECUTIVE,847416.6233766234,850000.0,77,147.32467532467533,65.84415584415585,627.392491878674,9564.061227085223
2022,BISHAN,3 ROOM,405223.8923076923,428000.0,65,65.95384615384616,58.8,485.90785490737545,7815.669076072554
2022,BISHAN,4 ROOM,640889.708737864,640000.0,206,98.57281553398059,66.8252427184466,707.2832395099599,7851.64479789936
2022,BISHAN,5 ROOM,876298.1870503597,850000.0,139,122.64028776978417,67.66187050359713,692.8421504684536,7589.214833488107
2022,BISHAN,EXECUTIVE,1046216.1454545455,1030000.0,55,150.01818181818183,66.89090909090909,738.0886822995517,8149.226437064565
2022,BUKIT BATOK,2 ROOM,338666.6666666667,338000.0,3,47.0,96.0,871.4688016920135,13841.342532967503
2022,BUKIT BATOK,3 ROOM,361273.6797153025,350000.0,281,69.04982206405694,66.09608540925267,651.3168766749365,13630.688595668029
2022,BUKIT BATOK,4 ROOM,525035.7348066298,495000.0,362,95.96132596685082,73.87016574585635,664.0654959557539,13649.917409486274
2022,BUKIT BATOK,5 ROOM,709542.5,693000.0,156,121.07051282051282,78.7051282051282,669.3170143775114,13440.437373436445
2022,BUKIT BATOK,EXECUTIVE,781103.0,780000.0,84,147.53571428571428,66.8452380952381,659.869960832126,13582.321725564056
2022,BUKIT MERAH,1 ROOM,230888.8,231944.0,10,31.0,52.0,1211.7946074494985,3588.8321407213525
2022,BUKIT MERAH,2 ROOM,301222.22222222225,265000.0,27,44.77777777777778,52.74074074074074,424.85247779026435,3269.5602096800667
2022,BUKIT MERAH,3 ROOM,437544.21492537315,380000.0,335,66.37611940298507,61.45373134328358,676.4167820159321,3321.742416877401
2022,BUKIT MERAH,4 ROOM,716379.4078212291,750000.0,358,92.90223463687151,76.27932960893855,588.4952202678056,3500.619139827672
2022,BUKIT MERAH,5 ROOM,866970.8025751073,870000.0,233,118.22317596566523,70.3862660944206,560.0688663146548,3401.4966243265208
2022,BUKIT PANJANG,2 ROOM,295578.94736842107,298000.0,19,46.63157894736842,91.21052631578948,1245.309134942292,15078.15370691192
2022,BUKIT PANJANG,3 ROOM,372554.0,370000.0,110,70.48181818181818,74.85454545454546,1130.7793860260842,14074.414149044853
2022,BUKIT PANJANG,4 ROOM,480776.22510822513,470000.0,462,95.87229437229438,77.97619047619048,1045.286226608609,14519.54653853901
2022,BUKIT PANJANG,5 ROOM,605319.3922261484,595000.0,283,115.9434628975265,77.9469964664311,975.7165035092866,14613.823922074773
2022,BUKIT PANJANG,EXECUTIVE,732082.75,750000.0,80,138.175,73.4125,1053.4381899377058,14368.70115324106
2022,BUKIT TIMAH,3 ROOM,431692.3076923077,450000.0,13,70.46153846153847,52.92307692307692,207.08169578559338,6601.503750694116
2022,BUKIT TIMAH,4 ROOM,656202.2857142857,618444.0,28,96.17857142857143,57.67857142857143,364.573425114255,8288.608289394373
2022,BUKIT TIMAH,5 ROOM,895262.5454545454,900000.0,11,122.27272727272727,61.63636363636363,343.4444076419337,9418.451104314967
2022,BUKIT TIMAH,EXECUTIVE,1205657.7,1201000.0,10,147.2,65.4,357.7876322299898,10467.322420289365
2022,CENTRAL AREA,2 ROOM,313972.3333333333,308000.0,12,54.083333333333336,53.833333333333336,596.724236192019,1285.091984382386
2022,CENTRAL AREA,3 ROOM,445649.8604651163,444000.0,86,65.74418604651163,56.127906976744185,288.72165194064297,1725.890357269456
2022,CENTRAL AREA,4 ROOM,852343.6279069767,849044.0,86,91.67441860465117,73.83720930232558,323.4801536126087,1711.6665741943234
2022,CENTRAL AREA,5 ROOM,1130746.2068965517,1170000.0,29,109.44827586206897,84.06896551724138,346.08691757360896,1593.9502676929735
2022,CHOA CHU KANG,2 ROOM,284076.92307692306,290000.0,13,46.69230769230769,91.23076923076923,916.4362316199168,16003.02295242879
2022,CHOA CHU KANG,3 ROOM,381811.64,391500.0,100,69.48,80.47,1016.6820722167745,15548.9753545417
2022,CHOA CHU KANG,4 ROOM,487088.65871833084,488000.0,671,97.95081967213115,82.06706408345752,900.5440060324112,16139.42097741833
2022,CHOA CHU KANG,5 ROOM,576634.594,579444.0,500,118.256,81.072,843.6206801206804,16338.972405406184
2022,CHOA CHU KANG,EXECUTIVE,698757.5333333333,702500.0,120,144.58333333333334,71.925,698.3005095786684,16507.124932610495
2022,CLEMENTI,2 ROOM,362314.6666666667,374000.0,6,48.666666666666664,84.33333333333333,763.6314575569485,9590.663056163232
2022,CLEMENTI,3 ROOM,419428.7826086957,380000.0,276,69.03623188405797,64.65217391304348,716.9401057089698,10178.011074666154
2022,CLEMENTI,4 ROOM,657930.2123893806,660000.0,226,92.21681415929204,73.61504424778761,667.2657874063992,10158.70867547272
2022,CLEMENTI,5 ROOM,841605.5348837209,845000.0,86,117.93023255813954,73.12790697674419,699.6071408844117,9952.359465008782
2022,CLEMENTI,EXECUTIVE,918105.5,910000.0,16,151.125,61.375,881.718625729263,10285.174765156506
2022,GEYLANG,2 ROOM,240094.35,240000.0,20,43.1,48.45,306.07520997149896,6141.170494931911
2022,GEYLANG,3 ROOM,345107.8178913738,324000.0,313,62.69968051118211,54.48242811501598,403.85937329507505,5985.783715333902
2022,GEYLANG,4 ROOM,597185.9625,562500.0,240,92.85,68.99166666666666,430.21819827445984,6347.290830905687
2022,GEYLANG,5 ROOM,797349.1219512195,791500.0,82,120.26829268292683,65.07317073170732,411.4563585783356,5695.465421965679
2022,GEYLANG,EXECUTIVE,875988.0,860000.0,28,147.35714285714286,63.32142857142857,416.10391746668586,6265.99135425179
2022,HOUGANG,2 ROOM,303933.3333333333,300000.0,3,47.0,89.0,1473.1411256093081,11404.406211324667
2022,HOUGANG,3 ROOM,377787.4503311258,370000.0,302,67.84105960264901,68.47350993377484,872.5665141272137,10318.627027476034
2022,HOUGANG,4 ROOM,520932.9435736677,500000.0,638,95.81191222570533,75.64890282131661,909.1001653567905,10833.422775123223
2022,HOUGANG,5 ROOM,647374.5859375,620000.0,256,120.25390625,73.85546875,985.8175376754663,10768.01855071754
2022,HOUGANG,EXECUTIVE,813116.4803149606,815000.0,127,145.3779527559055,67.14173228346456,845.9214829470915,10263.60281532774
2022,JURONG EAST,2 ROOM,286333.3333333333,286500.0,6,45.5,90.5,958.138064288531,14190.052052707577
2022,JURONG EAST,3 ROOM,358980.80898876407,355000.0,178,70.7247191011236,63.50561797752809,874.0119091163704,13886.887506228939
2022,JURONG EAST,4 ROOM,477060.34057971014,464000.0,138,96.06521739130434,71.03623188405797,941.549346029319,13778.36580393409
2022,JURONG EAST,5 ROOM,609649.2689075631,620000.0,119,121.7983193277311,64.83193277310924,943.029961066977,13559.776810613343
2022,JURONG EAST,EXECUTIVE,781861.0909090909,763444.0,44,146.04545454545453,67.79545454545455,918.2254853649439,13878.816801245126
2022,JURONG WEST,2 ROOM,295952.38095238095,300000.0,21,47.80952380952381,86.33333333333333,916.0093128608414,17193.08984227943
2022,JURONG WEST,3 ROOM,345621.3644859813,343000.0,321,67.85669781931465,65.57943925233644,870.750202993885,16649.2708432673
2022,JURONG WEST,4 ROOM,480905.760942761,468000.0,594,97.02693602693603,76.27609427609427,866.5074192563166,17199.415668189118
2022,JURONG WEST,5 ROOM,562721.9735349716,550000.0,529,116.44045368620039,76.64461247637051,784.0215684663306,17470.868818838535
2022,JURONG WEST,EXECUTIVE,663735.0947368421,660750.0,190,140.84736842105264,71.48947368421052,940.276067541211,17363.83786079873
2022,KALLANG/WHAMPOA,2 ROOM,275250.0,274000.0,8,49.25,48.375,371.89789758743643,4012.9168000092873
2022,KALLANG/WHAMPOA,3 ROOM,437972.3930635838,379000.0,346,66.59537572254335,63.320809248554916,476.3955059074132,4364.775769557061
2022,KALLANG/WHAMPOA,4 ROOM,747796.688372093,777694.0,430,92.49767441860465,82.16976744186047,459.89476864013255,4256.187202752164
2022,KALLANG/WHAMPOA,5 ROOM,834809.1023622047,810000.0,127,117.45669291338582,72.1259842519685,463.07118143603157,4311.269028414125
2022,KALLANG/WHAMPOA,EXECUTIVE,969368.0,952500.0,16,148.3125,66.3125,706.1056709731572,4787.936160286055
2022,MARINE PARADE,3 ROOM,415264.62637362635,418000.0,91,68.58241758241758,52.2967032967033,1862.479447618306,7257.2541446761015
2022,MARINE PARADE,4 ROOM,534396.9090909091,545000.0,44,85.47727272727273,52.52272727272727,1914.6743944721122,7014.374501250062
2022,MARINE PARADE,5 ROOM,856639.3728813559,850000.0,59,121.8135593220339,52.50847457627118,1892.9745436388043,7261.438012977924
2022,PASIR RIS,2 ROOM,322500.0,332500.0,6,48.333333333333336,88.5,462.96005826967917,14509.371487430675
2022,PASIR RIS,3 ROOM,474532.5238095238,480000.0,21,66.57142857142857,88.71428571428571,610.1646430099411,14983.860455830101
2022,PASIR RIS,4 ROOM,523713.93548387097,510000.0,310,102.96451612903226,73.57096774193549,989.6696881668735,14771.337875453175
2022,PASIR RIS,5 ROOM,623790.4182509505,615000.0,263,125.28897338403041,71.6083650190114,1097.34139547928,14753.639055653637
2022,PASIR RIS,EXECUTIVE,776321.3944954128,766500.0,218,147.67889908256882,70.20642201834862,1090.8342890665376,15071.896600393331
2022,PUNGGOL,2 ROOM,312328.05,310000.0,40,45.8,92.5,1268.3100930119222,14600.021315228698
2022,PUNGGOL,3 ROOM,434229.8115942029,430000.0,207,67.487922705314,92.80193236714976,1366.3159360774685,14683.302974650998
2022,PUNGGOL,4 ROOM,550915.875,550000.0,1048,92.55916030534351,90.37786259541984,1403.6063388712205,14613.11226690858
2022,PUNGGOL,5 ROOM,630465.6852941177,616500.0,680,111.83382352941176,86.89117647058823,1520.6275086043815,14413.263367725824
2022,PUNGGOL,EXECUTIVE,668654.4,661428.0,30,128.76666666666668,80.36666666666666,1599.2139881922028,14212.878434925091
2022,QUEENSTOWN,2 ROOM,299466.6666666667,265000.0,15,46.6,60.53333333333333,342.76752215236377,6554.976184061009
2022,QUEENSTOWN,3 ROOM,437601.0457317073,381500.0,328,65.08841463414635,61.03048780487805,501.5319210325172,6589.352850823228
2022,QUEENSTOWN,4 ROOM,805792.966442953,838000.0,298,90.4496644295302,84.5738255033557,508.4370584127324,6244.27319912853
2022,QUEENSTOWN,5 ROOM,933841.679245283,900000.0,106,116.31132075471699,74.83962264150944,468.90965629506996,6159.553758746469
2022,QUEENSTOWN,EXECUTIVE,1153428.5714285714,1130000.0,7,148.14285714285714,72.0,230.4855555724573,5416.473315249141
2022,SEMBAWANG,2 ROOM,314884.0,318000.0,46,45.41304347826087,93.6304347826087,650.0363125285677,18590.61338301004
2022,SEMBAWANG,3 ROOM,422965.93548387097,426500.0,62,67.7741935483871,94.2741935483871,612.2701975789711,18418.623045832366
2022,SEMBAWANG,4 ROOM,505186.5474860335,492000.0,358,92.94134078212291,86.45530726256983,592.8405522610929,18705.68114901717
2022,SEMBAWANG,5 ROOM,585487.9215686275,555000.0,255,112.74509803921569,83.96078431372548,498.733990386634,18658.62714049092
2022,SEMBAWANG,EXECUTIVE,623287.5942028986,625000.0,69,133.7826086956522,77.55072463768116,515.7197170396562,18817.57724614648
2022,SENGKANG,2 ROOM,314935.3962264151,315000.0,53,45.77358490566038,91.32075471698113,1914.8264927121895,12598.317320226648
2022,SENGKANG,3 ROOM,427704.5056179775,430000.0,178,68.06179775280899,91.98876404494382,1492.0081025130746,12810.680553817996
2022,SENGKANG,4 ROOM,528709.7060900265,525000.0,1133,92.85966460723742,87.67078552515446,1101.7126146647852,12842.215044907249
2022,SENGKANG,5 ROOM,603440.2850061958,580000.0,807,112.82156133828997,84.06443618339529,927.2956280700067,13002.31268536335
2022,SENGKANG,EXECUTIVE,698626.6484375,700000.0,128,132.859375,77.46875,786.325600212905,12898.278112345173
2022,SERANGOON,2 ROOM,262000.0,261500.0,4,44.0,55.0,478.57526735624606,7817.4925734456465
2022,SERANGOON,3 ROOM,380373.7826086957,380000.0,92,66.05434782608695,60.69565217391305,780.3078812821307,8521.465130962379
2022,SERANGOON,4 ROOM,546691.4371859296,520000.0,199,95.15577889447236,64.35175879396985,950.6237009631128,8681.638287156109
2022,SERANGOON,5 ROOM,694922.88,688000.0,75,121.21333333333334,68.24,1246.303077345975,9216.639836617689
2022,SERANGOON,EXECUTIVE,915250.8965517242,893444.0,58,147.60344827586206,67.05172413793103,1191.1020474439615,9095.251092513874
2022,TAMPINES,2 ROOM,326333.3333333333,327000.0,12,46.25,91.16666666666667,757.6459711151233,13795.383458339938
2022,TAMPINES,3 ROOM,404429.3194805195,395000.0,385,71.02857142857142,67.20519480519481,745.6570395612907,12957.71813474988
2022,TAMPINES,4 ROOM,535050.3145896656,520000.0,658,99.580547112462,70.16413373860182,786.9497747646074,13037.948784667806
2022,TAMPINES,5 ROOM,657123.3431151242,635000.0,443,122.54401805869074,71.18510158013544,778.4279698940376,13303.928603889437
2022,TAMPINES,EXECUTIVE,830908.1782178218,832388.0,202,146.53960396039605,67.3019801980198,759.9042772013319,12940.652012284887
2022,TAMPINES,MULTI-GENERATION,820722.0,815500.0,4,145.0,64.0,182.94225724168786,14199.12370810225
2022,TOA PAYOH,2 ROOM,261021.73913043478,260000.0,23,43.21739130434783,48.21739130434783,467.58738286816845,6020.974184632905
2022,TOA PAYOH,3 ROOM,373778.19896640826,335000.0,387,67.03359173126616,54.21963824289406,567.1842307080991,5992.146801019405
2022,TOA PAYOH,4 ROOM,702863.5607142857,718500.0,280,93.46071428571429,75.45357142857142,532.1848227866025,6003.968871541579
2022,TOA PAYOH,5 ROOM,862148.3211678832,838000.0,137,120.72262773722628,71.94160583941606,679.6210967938097,5990.325428120118
2022,TOA PAYOH,EXECUTIVE,952156.4545454546,952500.0,22,149.63636363636363,64.18181818181819,492.4001200313136,6155.29292784416
2022,WOODLANDS,2 ROOM,301420.5714285714,306444.0,28,46.357142857142854,88.60714285714286,789.504534333647,18578.925539429416
2022,WOODLANDS,3 ROOM,360883.91769547324,357500.0,243,68.65843621399176,73.25925925925925,746.6589577451558,18825.5050677561
2022,WOODLANDS,4 ROOM,472185.39448441245,461500.0,834,96.07434052757793,78.90047961630695,627.8144013337593,18373.042728804365
2022,WOODLANDS,5 ROOM,564246.3644366197,555900.0,568,119.30281690140845,77.54225352112677,584.0452139933763,18332.68225484995
2022,WOODLANDS,EXECUTIVE,783286.5939086295,760000.0,197,156.84263959390864,73.01522842639594,519.2043611218078,18416.203481103585
2022,YISHUN,2 ROOM,298437.5,300000.0,48,45.729166666666664,92.33333333333333,1298.344398014851,15259.325220709676
2022,YISHUN,3 ROOM,371607.51582867786,365000.0,537,68.87895716945997,71.05586592178771,754.5205270682354,16057.503550082123
2022,YISHUN,4 ROOM,468175.8110403397,468000.0,942,93.48089171974522,75.50424628450106,939.6583144793724,15723.747977610326
2022,YISHUN,5 ROOM,609825.2307692308,610000.0,364,117.52747252747253,79.49725274725274,894.4475584361722,15673.717151523102
2022,YISHUN,EXECUTIVE,787354.8351648352,773000.0,91,149.17582417582418,65.26373626373626,899.7039863261064,15734.080507235678
2022,YISHUN,MULTI-GENERATION,902062.5,871000.0,8,165.625,64.125,767.985325536355,15108.627249994071
2023,ANG MO KIO,2 ROOM,291086.0,288900.0,8,44.75,55.25,453.46122870786155,9393.724524141095
2023,ANG MO KIO,3 ROOM,398004.1066666667,380000.0,150,71.07333333333334,58.38666666666666,622.9378633430358,9784.488259444655
2023,ANG MO KIO,4 ROOM,663211.8736842105,603300.0,95,92.67368421052632,71.89473684210526,572.5554866314131,9652.711650040352
2023,ANG MO KIO,5 ROOM,802598.4516129033,780000.0,31,121.48387096774194,68.12903225806451,619.8234962798188,9641.992023387485
2023,ANG MO KIO,EXECUTIVE,1016500.0,1016500.0,2,159.0,62.0,516.794609865188,9610.995373569905
2023,BEDOK,2 ROOM,285000.0,285000.0,1,45.0,62.0,53.92679458320445,9319.255495011792
2023,BEDOK,3 ROOM,381159.86516853934,365000.0,178,68.52808988764045,57.89887640449438,839.0245903632061,10046.969570221301
2023,BEDOK,4 ROOM,542071.4418604651,488000.0,129,92.09302325581395,65.42635658914729,693.5060313689819,10205.274691373708
2023,BEDOK,5 ROOM,676357.9636363636,660000.0,55,122.6,64.2,638.6560714554502,9747.726754330293
2023,BEDOK,EXECUTIVE,874904.7619047619,865000.0,21,147.0952380952381,64.57142857142857,499.50577722631647,8783.484057349831
2023,BISHAN,3 ROOM,429857.14285714284,455000.0,14,64.71428571428571,58.642857142857146,585.6491878793804,8020.964187124601
2023,BISHAN,4 ROOM,682626.695652174,677500.0,46,98.73913043478261,67.15217391304348,739.0973115099699,7943.518981358237
2023,BISHAN,5 ROOM,926460.0,900000.0,25,122.68,67.64,705.2788530735567,7751.462677382357
2023,BISHAN,EXECUTIVE,1046288.8,1044000.0,10,147.3,66.0,799.7299698591139,8108.369108796591
2023,BUKIT BATOK,2 ROOM,334333.3333333333,340000.0,9,44.888888888888886,95.0,955.9758808749466,14096.227394717387
2023,BUKIT BATOK,3 ROOM,393197.5308641975,370000.0,81,68.34567901234568,71.71604938271605,723.6452879728243,13608.211734680192
2023,BUKIT BATOK,4 ROOM,592413.198630137,597500.0,146,94.45890410958904,83.82191780821918,842.6869285906295,13789.933446837491
2023,BUKIT BATOK,5 ROOM,770024.8275862068,771500.0,58,114.60344827586206,89.79310344827586,945.0586008161735,13900.042288566894
2023,BUKIT BATOK,EXECUTIVE,818003.304347826,810000.0,23,149.04347826086956,64.08695652173913,578.9786469737413,13896.536642880621
2023,BUKIT MERAH,1 ROOM,237000.0,237000.0,1,31.0,51.0,1211.7946074494985,3588.8321407213525
2023,BUKIT MERAH,2 ROOM,268400.0,270000.0,5,44.0,46.0,478.3948783082402,2993.0727043310267
2023,BUKIT MERAH,3 ROOM,485518.35555555555,395000.0,90,66.91111111111111,63.922222222222224,668.8511859941625,3546.8476183391713
2023,BUKIT MERAH,4 ROOM,782148.9,815000.0,120,92.2,79.74166666666666,568.2028132768866,3718.041422643052
2023,BUKIT MERAH,5 ROOM,864886.9268292683,860000.0,41,118.7560975609756,68.63414634146342,645.4654712550343,3386.1953347954072
2023,BUKIT PANJANG,2 ROOM,306250.0,302500.0,4,47.0,91.0,1405.6116731386396,14862.364792562596
2023,BUKIT PANJANG,3 ROOM,390242.85714285716,380000.0,35,70.88571428571429,72.34285714285714,1040.5732299615443,14100.050923717954
2023,BUKIT PANJANG,4 ROOM,509090.1359223301,490000.0,103,95.41747572815534,77.80582524271844,1018.3525856436398,14551.88876512517
2023,BUKIT PANJANG,5 ROOM,620784.8510638297,620000.0,47,117.06382978723404,76.95744680851064,1009.4873779827286,14571.701366738758
2023,BUKIT PANJANG,EXECUTIVE,790838.8,798444.0,20,139.75,72.7,927.0806305129015,14420.187740902747
2023,BUKIT TIMAH,3 ROOM,465000.0,465000.0,2,73.0,50.0,171.76282565601636,6233.295792849287
2023,BUKIT TIMAH,4 ROOM,740126.8571428572,755000.0,7,100.0,60.285714285714285,413.42870362261726,9380.829292398548
2023,BUKIT TIMAH,EXECUTIVE,1288000.0,1288000.0,1,154.0,64.0,326.03288493166826,10471.876088411582
2023,CENTRAL AREA,2 ROOM,332933.3333333333,328000.0,3,50.0,52.0,418.25438988683703,1554.954666543945
2023,CENTRAL AREA,3 ROOM,452482.7586206897,450000.0,29,61.55172413793103,54.0,264.8261764883461,1774.5716095997286
2023,CENTRAL AREA,4 ROOM,895615.6666666666,884000.0,24,94.75,73.29166666666667,328.0251789362545,1851.846250266024
2023,CENTRAL AREA,5 ROOM,1278333.3333333333,1340000.0,6,111.83333333333333,82.5,375.3897294190233,1554.7724492027512
2023,CHOA CHU KANG,2 ROOM,295250.0,291500.0,4,46.75,90.5,933.3931464359933,15927.445958495167
2023,CHOA CHU KANG,3 ROOM,406125.0,414000.0,24,68.54166666666667,81.83333333333333,955.6560607667842,15719.30587440019
2023,CHOA CHU KANG,4 ROOM,494720.46540880506,490000.0,159,99.66666666666667,76.9245283018868,824.4119064307412,16209.625739934057
2023,CHOA CHU KANG,5 ROOM,585196.9905660377,581000.0,106,119.0377358490566,77.86792452830188,867.1234709678023,16390.963843470065
2023,CHOA CHU KANG,EXECUTIVE,723016.6,714000.0,40,144.925,70.925,665.0812300462837,16510.807565833693
2023,CLEMENTI,3 ROOM,440456.9195402299,409000.0,87,70.60919540229885,62.44827586206897,656.7674585269206,10112.71550603623
2023,CLEMENTI,4 ROOM,667648.7164179104,649000.0,67,91.38805970149254,72.08955223880596,667.9551631405225,10085.328583334087
2023,CLEMENTI,5 ROOM,831565.2173913043,735000.0,23,118.73913043478261,67.47826086956522,709.7017597963998,9911.143700132385
2023,CLEMENTI,EXECUTIVE,948400.0,945000.0,10,147.7,60.3,871.5872969992221,10359.535483081101
2023,GEYLANG,2 ROOM,256590.9090909091,256000.0,11,43.72727272727273,48.72727272727273,373.1266627143195,6122.152952318292
2023,GEYLANG,3 ROOM,374992.8202247191,340000.0,89,62.31460674157304,58.04494382022472,413.82952246964425,6100.480823567693
2023,GEYLANG,4 ROOM,595875.04,555000.0,75,93.56,66.14666666666666,451.4448941925565,6418.665675433026
2023,GEYLANG,5 ROOM,755626.8571428572,710000.0,14,121.92857142857143,58.92857142857143,384.4017142082808,5904.032726087409
2023,GEYLANG,EXECUTIVE,944000.0,944000.0,2,146.0,62.5,329.73285488243846,5654.112505401457
2023,HOUGANG,2 ROOM,338000.0,330000.0,3,47.0,90.0,1625.6802582891694,11178.501051703623
2023,HOUGANG,3 ROOM,394043.8588235294,385000.0,85,69.4,64.81176470588235,868.7303433656319,10122.363695695238
2023,HOUGANG,4 ROOM,531216.3855421686,518000.0,166,96.33132530120481,72.86746987951807,885.9829448526152,10810.633804042785
2023,HOUGANG,5 ROOM,676827.1111111111,669000.0,72,119.25,74.84722222222223,1035.8543974959682,10872.640868773335
2023,HOUGANG,EXECUTIVE,858347.6129032258,850000.0,31,145.32258064516128,66.54838709677419,834.1382993652795,10546.482109899156
2023,JURONG EAST,2 ROOM,311500.0,311500.0,2,45.5,89.5,958.138064288531,14190.052052707575
2023,JURONG EAST,3 ROOM,372535.1666666667,365500.0,48,71.10416666666667,62.8125,929.6451952066683,13900.40895016228
2023,JURONG EAST,4 ROOM,474713.87234042556,470000.0,47,96.48936170212765,65.68085106382979,943.8871017035653,13754.713792677854
2023,JURONG EAST,5 ROOM,634843.5555555555,650000.0,27,122.33333333333333,64.70370370370371,859.8522372309386,13789.210181233573
2023,JURONG EAST,EXECUTIVE,838833.3333333334,789000.0,12,145.5,68.58333333333333,697.6507902295201,14075.775967550848
2023,JURONG WEST,2 ROOM,307800.0,296000.0,5,46.8,90.4,909.221170633529,17256.537616364883
2023,JURONG WEST,3 ROOM,342547.0375,339000.0,80,67.0625,60.775,864.1380743163802,16488.03407423943
2023,JURONG WEST,4 ROOM,487989.2530120482,475000.0,166,97.86144578313252,74.13855421686748,884.4058489166786,17199.652783504338
2023,JURONG WEST,5 ROOM,596208.9523809524,580000.0,105,116.33333333333333,76.18095238095238,792.5909653194387,17412.48336590661
2023,JURONG WEST,EXECUTIVE,697685.7142857143,690000.0,42,142.64285714285714,69.11904761904762,956.7040292371286,17490.789663073723
2023,KALLANG/WHAMPOA,2 ROOM,293200.0,278000.0,5,49.0,46.0,393.7072857271522,4159.955552904617
2023,KALLANG/WHAMPOA,3 ROOM,448074.6597938144,385000.0,97,67.35051546391753,61.16494845360825,483.10616686922833,4385.720099715045
2023,KALLANG/WHAMPOA,4 ROOM,714883.9069767442,730000.0,86,92.82558139534883,74.88372093023256,483.6609125845394,4188.160619057579
2023,KALLANG/WHAMPOA,5 ROOM,829361.0769230769,802500.0,26,115.6923076923077,65.6923076923077,476.1738762522494,4256.258972250384
2023,KALLANG/WHAMPOA,EXECUTIVE,974760.0,962800.0,5,144.6,63.6,525.5943462069888,4533.451489486589
2023,MARINE PARADE,3 ROOM,452807.95454545453,437444.0,22,70.9090909090909,51.09090909090909,1878.0149898220857,7266.762347869191
2023,MARINE PARADE,4 ROOM,579666.6666666666,570000.0,6,85.66666666666667,51.5,1879.15457799854,7081.297368123439
2023,MARINE PARADE,5 ROOM,842188.8,841500.0,10,122.7,51.8,1876.8096105180696,7246.046973031519
2023,PASIR RIS,2 ROOM,355000.0,355000.0,1,47.0,91.0,340.47687036394063,14449.080804887875
2023,PASIR RIS,3 ROOM,435000.0,435000.0,2,67.0,74.0,1905.8111763288427,16771.17401689798
2023,PASIR RIS,4 ROOM,548298.1764705882,536500.0,68,104.3970588235294,70.5,1011.4669917354083,14813.677955410863
2023,PASIR RIS,5 ROOM,648932.9411764706,643000.0,68,126.27941176470588,70.61764705882354,1128.4898043377716,14721.67219638829
2023,PASIR RIS,EXECUTIVE,805764.5263157894,803750.0,38,147.21052631578948,68.89473684210526,1079.4980046290868,15064.869796049374
2023,PUNGGOL,2 ROOM,330028.6451612903,335000.0,31,46.193548387096776,92.7741935483871,1273.6814727795493,14484.342235716393
2023,PUNGGOL,3 ROOM,451591.3469387755,450000.0,98,67.81632653061224,92.59183673469387,1314.28391942342,14519.046698362607
2023,PUNGGOL,4 ROOM,579531.8591549295,580888.0,284,92.60915492957747,89.79225352112677,1407.4067992571993,14498.82908745748
2023,PUNGGOL,5 ROOM,665191.2049689441,665000.0,161,112.09937888198758,86.48447204968944,1512.3986393127348,14414.307535054839
2023,PUNGGOL,EXECUTIVE,710500.0,694000.0,6,129.66666666666666,79.16666666666667,1432.058636989232,14002.471577432327
2023,QUEENSTOWN,2 ROOM,304250.0,262500.0,4,45.5,55.25,451.1855037372761,6581.944418385347
2023,QUEENSTOWN,3 ROOM,434451.8918918919,401250.0,74,66.1891891891892,56.0945945945946,486.2303784806625,6538.423355308447
2023,QUEENSTOWN,4 ROOM,847257.3815789474,864000.0,76,91.01315789473684,84.76315789473684,529.0399027941938,6682.209135907558
2023,QUEENSTOWN,5 ROOM,971581.6470588235,945000.0,17,116.3529411764706,69.82352941176471,467.0089275290522,6631.874574584462
2023,QUEENSTOWN,EXECUTIVE,1185000.0,1190000.0,4,149.25,71.0,198.86945812294292,5384.200722133615
2023,SEMBAWANG,2 ROOM,325578.6666666667,323500.0,24,44.75,93.70833333333333,564.9128543398438,18321.80129197286
2023,SEMBAWANG,3 ROOM,436875.0,435750.0,24,67.79166666666667,94.0,511.01194561100084,18262.124021479733
2023,SEMBAWANG,4 ROOM,535496.1649484537,528000.0,97,93.6082474226804,87.78350515463917,575.1420914902641,18594.907796137068
2023,SEMBAWANG,5 ROOM,600989.9487179487,578000.0,78,113.1025641025641,81.37179487179488,482.2273115689527,18683.33662594497
2023,SEMBAWANG,EXECUTIVE,660503.0588235294,658000.0,17,134.05882352941177,76.47058823529412,537.119543899721,18808.00637891824
2023,SENGKANG,2 ROOM,336870.22222222225,335944.0,18,47.111111111111114,90.38888888888889,1970.92895257013,12583.165911048767
2023,SENGKANG,3 ROOM,439857.8888888889,435000.0,27,67.51851851851852,90.88888888888889,1522.9224282891444,12922.466183719911
2023,SENGKANG,4 ROOM,560327.8061674009,560000.0,227,93.15418502202643,85.6784140969163,1171.719178962762,12684.097541964611
2023,SENGKANG,5 ROOM,628891.1965317919,605000.0,173,113.05202312138728,82.40462427745665,934.9281449669567,12996.347558305031
2023,SENGKANG,EXECUTIVE,731023.0,725500.0,24,132.91666666666666,76.625,824.9621013060564,12726.897159987957
2023,SERANGOON,3 ROOM,396086.71875,395000.0,32,66.34375,60.71875,940.0885393032175,8728.216439231508
2023,SERANGOON,4 ROOM,597485.7674418605,577000.0,43,96.5813953488372,64.51162790697674,829.98054808794,8552.410611635973
2023,SERANGOON,5 ROOM,674754.8888888889,664000.0,18,122.72222222222223,68.0,1590.9600863809314,9804.16545106432
2023,SERANGOON,EXECUTIVE,946733.3333333334,900000.0,15,147.13333333333333,66.2,1224.8093636314195,9189.62465836954
2023,TAMPINES,2 ROOM,338250.0,337500.0,4,46.0,90.0,342.3062199705157,14366.176282664803
2023,TAMPINES,3 ROOM,421391.00775193796,415000.0,129,71.75193798449612,65.74418604651163,691.6748468321883,13038.872811972566
2023,TAMPINES,4 ROOM,566499.1875,557944.0,192,100.11458333333333,69.59895833333333,775.6975846241054,13232.258400766266
2023,TAMPINES,5 ROOM,683923.52,670000.0,125,122.928,70.36,737.4821101083506,13400.329445855852
2023,TAMPINES,EXECUTIVE,858023.5151515151,868000.0,33,147.12121212121212,65.75757575757575,731.3308327312506,13002.836805741239
2023,TOA PAYOH,2 ROOM,264825.14285714284,268888.0,7,44.142857142857146,45.42857142857143,395.61959490072496,5756.804354070051
2023,TOA PAYOH,3 ROOM,397963.8736842105,358000.0,95,67.0421052631579,55.82105263157895,538.7419267664317,6063.247885934797
2023,TOA PAYOH,4 ROOM,742987.68,779000.0,50,93.46,75.5,509.3242985149093,6100.964767243263
2023,TOA PAYOH,5 ROOM,878876.4444444445,880000.0,36,120.72222222222223,69.05555555555556,577.6316845280231,6135.158068228189
2023,TOA PAYOH,EXECUTIVE,1033000.0,1030000.0,7,149.42857142857142,64.71428571428571,459.0616946415422,6068.97222446576
2023,WOODLANDS,2 ROOM,321571.4285714286,317500.0,14,44.142857142857146,92.92857142857143,636.2663021134749,18282.784735724115
2023,WOODLANDS,3 ROOM,384713.5348837209,392500.0,86,68.51162790697674,75.98837209302326,627.5044945655459,18595.539173630335
2023,WOODLANDS,4 ROOM,489720.2189781022,482500.0,274,95.76277372262774,78.2956204379562,623.6913852937796,18355.145552979317
2023,WOODLANDS,5 ROOM,592659.8850574712,581944.0,174,119.0632183908046,78.29310344827586,579.9233546785557,18318.198968731907
2023,WOODLANDS,EXECUTIVE,803250.0,772500.0,46,155.2608695652174,72.6086956521739,499.12391857106724,18346.585530561766
2023,YISHUN,2 ROOM,316500.0,315000.0,26,46.57692307692308,92.11538461538461,1248.8789008277872,15244.077691775456
2023,YISHUN,3 ROOM,382646.7712418301,378000.0,153,68.76470588235294,70.16339869281046,774.7356199904619,16042.123345642978
2023,YISHUN,4 ROOM,484398.123015873,479500.0,252,93.69047619047619,74.03968253968254,956.959059929642,15785.664165658622
2023,YISHUN,5 ROOM,637132.9263157895,635000.0,95,117.4,79.28421052631579,940.7297558485342,15740.229400511897
2023,YISHUN,EXECUTIVE,819466.6666666666,800000.0,15,148.8,64.06666666666666,883.6438753647524,15867.634211434108
2023,YISHUN,MULTI-GENERATION,1080000.0,1080000.0,1,179.0,63.0,863.1239728589795,15085.370908097317
