SORA Value Date,Month,Day,Date,SORA Publication Date,Compound SORA - 1 month
2005,Jul,1,1-Jul-2005,4-Jul-05,-
2005,Jul,4,4-Jul-2005,5-Jul-05,-
2005,Jul,5,5-Jul-2005,6-Jul-05,-
2005,Jul,6,6-Jul-2005,7-Jul-05,-
2005,Jul,7,7-Jul-2005,8-Jul-05,-
2005,Jul,8,8-Jul-2005,11-Jul-05,-
2005,Jul,11,11-Jul-2005,12-Jul-05,-
2005,Jul,12,12-Jul-2005,13-Jul-05,-
2005,Jul,13,13-Jul-2005,14-Jul-05,-
2005,Jul,14,14-Jul-2005,15-Jul-05,-
2005,Jul,15,15-Jul-2005,18-Jul-05,-
2005,Jul,18,18-Jul-2005,19-Jul-05,-
2005,Jul,19,19-Jul-2005,20-Jul-05,-
2005,Jul,20,20-Jul-2005,21-Jul-05,-
2005,Jul,21,21-Jul-2005,22-Jul-05,-
2005,Jul,22,22-Jul-2005,25-Jul-05,-
2005,Jul,25,25-Jul-2005,26-Jul-05,-
2005,Jul,26,26-Jul-2005,27-Jul-05,-
2005,Jul,27,27-Jul-2005,28-Jul-05,-
2005,Jul,28,28-Jul-2005,29-Jul-05,-
2005,Jul,29,29-Jul-2005,1-Aug-05,-
2005,Aug,1,1-Aug-2005,2-Aug-05,-
2005,Aug,2,2-Aug-2005,3-Aug-05,-
2005,Aug,3,3-Aug-2005,4-Aug-05,1.7611
2005,Aug,4,4-Aug-2005,5-Aug-05,1.7618
2005,Aug,5,5-Aug-2005,8-Aug-05,1.7597
2005,Aug,8,8-Aug-2005,10-Aug-05,1.758
2005,Aug,10,10-Aug-2005,11-Aug-05,1.7577
2005,Aug,11,11-Aug-2005,12-Aug-05,1.7571
2005,Aug,12,12-Aug-2005,15-Aug-05,1.7592
2005,Aug,15,15-Aug-2005,16-Aug-05,1.7595
2005,Aug,16,16-Aug-2005,17-Aug-05,1.7597
2005,Aug,17,17-Aug-2005,18-Aug-05,1.7581
2005,Aug,18,18-Aug-2005,19-Aug-05,1.7577
2005,Aug,19,19-Aug-2005,22-Aug-05,1.7557
2005,Aug,22,22-Aug-2005,23-Aug-05,1.7555
2005,Aug,23,23-Aug-2005,24-Aug-05,1.7594
2005,Aug,24,24-Aug-2005,25-Aug-05,1.7638
2005,Aug,25,25-Aug-2005,26-Aug-05,1.7629
2005,Aug,26,26-Aug-2005,29-Aug-05,1.7626
2005,Aug,29,29-Aug-2005,30-Aug-05,1.7643
2005,Aug,30,30-Aug-2005,31-Aug-05,1.7693
2005,Aug,31,31-Aug-2005,1-Sep-05,1.7758
2005,Sep,1,1-Sep-2005,2-Sep-05,1.7822
2005,Sep,2,2-Sep-2005,5-Sep-05,1.8005
2005,Sep,5,5-Sep-2005,6-Sep-05,1.8063
2005,Sep,6,6-Sep-2005,7-Sep-05,1.8147
2005,Sep,7,7-Sep-2005,8-Sep-05,1.8247
2005,Sep,8,8-Sep-2005,9-Sep-05,1.8297
2005,Sep,9,9-Sep-2005,12-Sep-05,1.8486
2005,Sep,12,12-Sep-2005,13-Sep-05,1.8572
2005,Sep,13,13-Sep-2005,14-Sep-05,1.869
2005,Sep,14,14-Sep-2005,15-Sep-05,1.8807
2005,Sep,15,15-Sep-2005,16-Sep-05,1.8956
2005,Sep,16,16-Sep-2005,19-Sep-05,1.9441
2005,Sep,19,19-Sep-2005,20-Sep-05,1.956
2005,Sep,20,20-Sep-2005,21-Sep-05,1.9697
2005,Sep,21,21-Sep-2005,22-Sep-05,1.9854
2005,Sep,22,22-Sep-2005,23-Sep-05,2.0015
2005,Sep,23,23-Sep-2005,26-Sep-05,2.0485
2005,Sep,26,26-Sep-2005,27-Sep-05,2.0655
2005,Sep,27,27-Sep-2005,28-Sep-05,2.0826
2005,Sep,28,28-Sep-2005,29-Sep-05,2.0982
2005,Sep,29,29-Sep-2005,30-Sep-05,2.1118
2005,Sep,30,30-Sep-2005,3-Oct-05,2.1452
2005,Oct,3,3-Oct-2005,4-Oct-05,2.1508
2005,Oct,4,4-Oct-2005,5-Oct-05,2.1554
2005,Oct,5,5-Oct-2005,6-Oct-05,2.1578
2005,Oct,6,6-Oct-2005,7-Oct-05,2.1596
2005,Oct,7,7-Oct-2005,10-Oct-05,2.1728
2005,Oct,10,10-Oct-2005,11-Oct-05,2.1794
2005,Oct,11,11-Oct-2005,12-Oct-05,2.1887
2005,Oct,12,12-Oct-2005,13-Oct-05,2.1983
2005,Oct,13,13-Oct-2005,14-Oct-05,2.2033
2005,Oct,14,14-Oct-2005,17-Oct-05,2.2054
2005,Oct,17,17-Oct-2005,18-Oct-05,2.2043
2005,Oct,18,18-Oct-2005,19-Oct-05,2.2009
2005,Oct,19,19-Oct-2005,20-Oct-05,2.2007
2005,Oct,20,20-Oct-2005,21-Oct-05,2.199
2005,Oct,21,21-Oct-2005,24-Oct-05,2.1799
2005,Oct,24,24-Oct-2005,25-Oct-05,2.1726
2005,Oct,25,25-Oct-2005,26-Oct-05,2.1669
2005,Oct,26,26-Oct-2005,27-Oct-05,2.165
2005,Oct,27,27-Oct-2005,28-Oct-05,2.1647
2005,Oct,28,28-Oct-2005,31-Oct-05,2.1751
2005,Oct,31,31-Oct-2005,2-Nov-05,2.1962
2005,Nov,2,2-Nov-2005,4-Nov-05,2.2164
2005,Nov,4,4-Nov-2005,7-Nov-05,2.265
2005,Nov,7,7-Nov-2005,8-Nov-05,2.2802
2005,Nov,8,8-Nov-2005,9-Nov-05,2.2951
2005,Nov,9,9-Nov-2005,10-Nov-05,2.3118
2005,Nov,10,10-Nov-2005,11-Nov-05,2.3287
2005,Nov,11,11-Nov-2005,14-Nov-05,2.3788
2005,Nov,14,14-Nov-2005,15-Nov-05,2.3958
2005,Nov,15,15-Nov-2005,16-Nov-05,2.4118
2005,Nov,16,16-Nov-2005,17-Nov-05,2.4243
2005,Nov,17,17-Nov-2005,18-Nov-05,2.4386
2005,Nov,18,18-Nov-2005,21-Nov-05,2.492
2005,Nov,21,21-Nov-2005,22-Nov-05,2.5133
2005,Nov,22,22-Nov-2005,23-Nov-05,2.5356
2005,Nov,23,23-Nov-2005,24-Nov-05,2.5499
2005,Nov,24,24-Nov-2005,25-Nov-05,2.5755
2005,Nov,25,25-Nov-2005,28-Nov-05,2.6241
2005,Nov,28,28-Nov-2005,29-Nov-05,2.6368
2005,Nov,29,29-Nov-2005,30-Nov-05,2.6477
2005,Nov,30,30-Nov-2005,1-Dec-05,2.6697
2005,Dec,1,1-Dec-2005,2-Dec-05,2.682
2005,Dec,2,2-Dec-2005,5-Dec-05,2.7071
2005,Dec,5,5-Dec-2005,6-Dec-05,2.711
2005,Dec,6,6-Dec-2005,7-Dec-05,2.7118
2005,Dec,7,7-Dec-2005,8-Dec-05,2.7063
2005,Dec,8,8-Dec-2005,9-Dec-05,2.7077
2005,Dec,9,9-Dec-2005,12-Dec-05,2.7162
2005,Dec,12,12-Dec-2005,13-Dec-05,2.7145
2005,Dec,13,13-Dec-2005,14-Dec-05,2.7087
2005,Dec,14,14-Dec-2005,15-Dec-05,2.7115
2005,Dec,15,15-Dec-2005,16-Dec-05,2.7376
2005,Dec,16,16-Dec-2005,19-Dec-05,2.816
2005,Dec,19,19-Dec-2005,20-Dec-05,2.8343
2005,Dec,20,20-Dec-2005,21-Dec-05,2.8411
2005,Dec,21,21-Dec-2005,22-Dec-05,2.8391
2005,Dec,22,22-Dec-2005,23-Dec-05,2.8404
2005,Dec,23,23-Dec-2005,27-Dec-05,2.86
2005,Dec,27,27-Dec-2005,28-Dec-05,2.8613
2005,Dec,28,28-Dec-2005,29-Dec-05,2.8686
2005,Dec,29,29-Dec-2005,30-Dec-05,2.8767
2005,Dec,30,30-Dec-2005,3-Jan-06,2.9947
2006,Jan,3,3-Jan-2006,4-Jan-06,3.0086
2006,Jan,4,4-Jan-2006,5-Jan-06,3.034
2006,Jan,5,5-Jan-2006,6-Jan-06,3.0599
2006,Jan,6,6-Jan-2006,9-Jan-06,3.1125
2006,Jan,9,9-Jan-2006,11-Jan-06,3.1212
2006,Jan,11,11-Jan-2006,12-Jan-06,3.1318
2006,Jan,12,12-Jan-2006,13-Jan-06,3.1514
2006,Jan,13,13-Jan-2006,16-Jan-06,3.1874
2006,Jan,16,16-Jan-2006,17-Jan-06,3.1748
2006,Jan,17,17-Jan-2006,18-Jan-06,3.1673
2006,Jan,18,18-Jan-2006,19-Jan-06,3.158
2006,Jan,19,19-Jan-2006,20-Jan-06,3.1577
2006,Jan,20,20-Jan-2006,23-Jan-06,3.1921
2006,Jan,23,23-Jan-2006,24-Jan-06,3.1998
2006,Jan,24,24-Jan-2006,25-Jan-06,3.2008
2006,Jan,25,25-Jan-2006,26-Jan-06,3.2013
2006,Jan,26,26-Jan-2006,27-Jan-06,3.2059
2006,Jan,27,27-Jan-2006,1-Feb-06,3.2662
2006,Feb,1,1-Feb-2006,2-Feb-06,3.2554
2006,Feb,2,2-Feb-2006,3-Feb-06,3.2482
2006,Feb,3,3-Feb-2006,6-Feb-06,3.2581
2006,Feb,6,6-Feb-2006,7-Feb-06,3.2729
2006,Feb,7,7-Feb-2006,8-Feb-06,3.2833
2006,Feb,8,8-Feb-2006,9-Feb-06,3.282
2006,Feb,9,9-Feb-2006,10-Feb-06,3.274
2006,Feb,10,10-Feb-2006,13-Feb-06,3.2383
2006,Feb,13,13-Feb-2006,14-Feb-06,3.2136
2006,Feb,14,14-Feb-2006,15-Feb-06,3.1749
2006,Feb,15,15-Feb-2006,16-Feb-06,3.1068
2006,Feb,16,16-Feb-2006,17-Feb-06,3.0999
2006,Feb,17,17-Feb-2006,20-Feb-06,3.0946
2006,Feb,20,20-Feb-2006,21-Feb-06,3.0934
2006,Feb,21,21-Feb-2006,22-Feb-06,3.097
2006,Feb,22,22-Feb-2006,23-Feb-06,3.1003
2006,Feb,23,23-Feb-2006,24-Feb-06,3.1057
2006,Feb,24,24-Feb-2006,27-Feb-06,3.1314
2006,Feb,27,27-Feb-2006,28-Feb-06,3.1191
2006,Feb,28,28-Feb-2006,1-Mar-06,3.055
2006,Mar,1,1-Mar-2006,2-Mar-06,3.0477
2006,Mar,2,2-Mar-2006,3-Mar-06,3.0371
2006,Mar,3,3-Mar-2006,6-Mar-06,3.0099
2006,Mar,6,6-Mar-2006,7-Mar-06,2.999
2006,Mar,7,7-Mar-2006,8-Mar-06,2.99
2006,Mar,8,8-Mar-2006,9-Mar-06,2.9942
2006,Mar,9,9-Mar-2006,10-Mar-06,3.0136
2006,Mar,10,10-Mar-2006,13-Mar-06,3.0635
2006,Mar,13,13-Mar-2006,14-Mar-06,3.0886
2006,Mar,14,14-Mar-2006,15-Mar-06,3.127
2006,Mar,15,15-Mar-2006,16-Mar-06,3.1976
2006,Mar,16,16-Mar-2006,17-Mar-06,3.213
2006,Mar,17,17-Mar-2006,20-Mar-06,3.2262
2006,Mar,20,20-Mar-2006,21-Mar-06,3.2281
2006,Mar,21,21-Mar-2006,22-Mar-06,3.2217
2006,Mar,22,22-Mar-2006,23-Mar-06,3.2188
2006,Mar,23,23-Mar-2006,24-Mar-06,3.2146
2006,Mar,24,24-Mar-2006,27-Mar-06,3.2196
2006,Mar,27,27-Mar-2006,28-Mar-06,3.22
2006,Mar,28,28-Mar-2006,29-Mar-06,3.2198
2006,Mar,29,29-Mar-2006,30-Mar-06,3.2049
2006,Mar,30,30-Mar-2006,31-Mar-06,3.1984
2006,Mar,31,31-Mar-2006,3-Apr-06,3.1928
2006,Apr,3,3-Apr-2006,4-Apr-06,3.1919
2006,Apr,4,4-Apr-2006,5-Apr-06,3.1892
2006,Apr,5,5-Apr-2006,6-Apr-06,3.1842
2006,Apr,6,6-Apr-2006,7-Apr-06,3.1745
2006,Apr,7,7-Apr-2006,10-Apr-06,3.1641
2006,Apr,10,10-Apr-2006,11-Apr-06,3.1603
2006,Apr,11,11-Apr-2006,12-Apr-06,3.1573
2006,Apr,12,12-Apr-2006,13-Apr-06,3.1545
2006,Apr,13,13-Apr-2006,17-Apr-06,3.1392
2006,Apr,17,17-Apr-2006,18-Apr-06,3.1319
2006,Apr,18,18-Apr-2006,19-Apr-06,3.1228
2006,Apr,19,19-Apr-2006,20-Apr-06,3.1138
2006,Apr,20,20-Apr-2006,21-Apr-06,3.107
2006,Apr,21,21-Apr-2006,24-Apr-06,3.0899
2006,Apr,24,24-Apr-2006,25-Apr-06,3.081
2006,Apr,25,25-Apr-2006,26-Apr-06,3.0753
2006,Apr,26,26-Apr-2006,27-Apr-06,3.0703
2006,Apr,27,27-Apr-2006,28-Apr-06,3.0706
2006,Apr,28,28-Apr-2006,2-May-06,3.0918
2006,May,2,2-May-2006,3-May-06,3.0918
2006,May,3,3-May-2006,4-May-06,3.0872
2006,May,4,4-May-2006,5-May-06,3.0851
2006,May,5,5-May-2006,8-May-06,3.0959
2006,May,8,8-May-2006,9-May-06,3.0942
2006,May,9,9-May-2006,10-May-06,3.089
2006,May,10,10-May-2006,11-May-06,3.0859
2006,May,11,11-May-2006,15-May-06,3.082
2006,May,15,15-May-2006,16-May-06,3.0796
2006,May,16,16-May-2006,17-May-06,3.0767
2006,May,17,17-May-2006,18-May-06,3.0761
2006,May,18,18-May-2006,19-May-06,3.0777
2006,May,19,19-May-2006,22-May-06,3.0784
2006,May,22,22-May-2006,23-May-06,3.0761
2006,May,23,23-May-2006,24-May-06,3.072
2006,May,24,24-May-2006,25-May-06,3.0671
2006,May,25,25-May-2006,26-May-06,3.0691
2006,May,26,26-May-2006,29-May-06,3.067
2006,May,29,29-May-2006,30-May-06,3.0574
2006,May,30,30-May-2006,31-May-06,3.0546
2006,May,31,31-May-2006,1-Jun-06,3.0519
2006,Jun,1,1-Jun-2006,2-Jun-06,3.0504
2006,Jun,2,2-Jun-2006,5-Jun-06,3.0657
2006,Jun,5,5-Jun-2006,6-Jun-06,3.0691
2006,Jun,6,6-Jun-2006,7-Jun-06,3.0698
2006,Jun,7,7-Jun-2006,8-Jun-06,3.0722
2006,Jun,8,8-Jun-2006,9-Jun-06,3.0756
2006,Jun,9,9-Jun-2006,12-Jun-06,3.0859
2006,Jun,12,12-Jun-2006,13-Jun-06,3.0852
2006,Jun,13,13-Jun-2006,14-Jun-06,3.0863
2006,Jun,14,14-Jun-2006,15-Jun-06,3.0879
2006,Jun,15,15-Jun-2006,16-Jun-06,3.0961
2006,Jun,16,16-Jun-2006,19-Jun-06,3.1333
2006,Jun,19,19-Jun-2006,20-Jun-06,3.1459
2006,Jun,20,20-Jun-2006,21-Jun-06,3.1582
2006,Jun,21,21-Jun-2006,22-Jun-06,3.1685
2006,Jun,22,22-Jun-2006,23-Jun-06,3.1814
2006,Jun,23,23-Jun-2006,26-Jun-06,3.2181
2006,Jun,26,26-Jun-2006,27-Jun-06,3.2203
2006,Jun,27,27-Jun-2006,28-Jun-06,3.2239
2006,Jun,28,28-Jun-2006,29-Jun-06,3.2282
2006,Jun,29,29-Jun-2006,30-Jun-06,3.2424
2006,Jun,30,30-Jun-2006,3-Jul-06,3.2625
2006,Jul,3,3-Jul-2006,4-Jul-06,3.2611
2006,Jul,4,4-Jul-2006,5-Jul-06,3.2531
2006,Jul,5,5-Jul-2006,6-Jul-06,3.2488
2006,Jul,6,6-Jul-2006,7-Jul-06,3.2547
2006,Jul,7,7-Jul-2006,10-Jul-06,3.2781
2006,Jul,10,10-Jul-2006,11-Jul-06,3.287
2006,Jul,11,11-Jul-2006,12-Jul-06,3.2963
2006,Jul,12,12-Jul-2006,13-Jul-06,3.3066
2006,Jul,13,13-Jul-2006,14-Jul-06,3.3148
2006,Jul,14,14-Jul-2006,17-Jul-06,3.3218
2006,Jul,17,17-Jul-2006,18-Jul-06,3.3123
2006,Jul,18,18-Jul-2006,19-Jul-06,3.3005
2006,Jul,19,19-Jul-2006,20-Jul-06,3.2892
2006,Jul,20,20-Jul-2006,21-Jul-06,3.2854
2006,Jul,21,21-Jul-2006,24-Jul-06,3.2806
2006,Jul,24,24-Jul-2006,25-Jul-06,3.2762
2006,Jul,25,25-Jul-2006,26-Jul-06,3.2727
2006,Jul,26,26-Jul-2006,27-Jul-06,3.2701
2006,Jul,27,27-Jul-2006,28-Jul-06,3.2655
2006,Jul,28,28-Jul-2006,31-Jul-06,3.235
2006,Jul,31,31-Jul-2006,1-Aug-06,3.2222
2006,Aug,1,1-Aug-2006,2-Aug-06,3.213
2006,Aug,2,2-Aug-2006,3-Aug-06,3.2067
2006,Aug,3,3-Aug-2006,4-Aug-06,3.2057
2006,Aug,4,4-Aug-2006,7-Aug-06,3.1917
2006,Aug,7,7-Aug-2006,8-Aug-06,3.1768
2006,Aug,8,8-Aug-2006,10-Aug-06,3.1566
2006,Aug,10,10-Aug-2006,11-Aug-06,3.1525
2006,Aug,11,11-Aug-2006,14-Aug-06,3.1374
2006,Aug,14,14-Aug-2006,15-Aug-06,3.134
2006,Aug,15,15-Aug-2006,16-Aug-06,3.1308
2006,Aug,16,16-Aug-2006,17-Aug-06,3.1266
2006,Aug,17,17-Aug-2006,18-Aug-06,3.1314
2006,Aug,18,18-Aug-2006,21-Aug-06,3.1435
2006,Aug,21,21-Aug-2006,22-Aug-06,3.1419
2006,Aug,22,22-Aug-2006,23-Aug-06,3.1418
2006,Aug,23,23-Aug-2006,24-Aug-06,3.143
2006,Aug,24,24-Aug-2006,25-Aug-06,3.149
2006,Aug,25,25-Aug-2006,28-Aug-06,3.1685
2006,Aug,28,28-Aug-2006,29-Aug-06,3.1799
2006,Aug,29,29-Aug-2006,30-Aug-06,3.1913
2006,Aug,30,30-Aug-2006,31-Aug-06,3.1992
2006,Aug,31,31-Aug-2006,1-Sep-06,3.2141
2006,Sep,1,1-Sep-2006,4-Sep-06,3.2445
2006,Sep,4,4-Sep-2006,5-Sep-06,3.2509
2006,Sep,5,5-Sep-2006,6-Sep-06,3.2547
2006,Sep,6,6-Sep-2006,7-Sep-06,3.2585
2006,Sep,7,7-Sep-2006,8-Sep-06,3.2628
2006,Sep,8,8-Sep-2006,11-Sep-06,3.2498
2006,Sep,11,11-Sep-2006,12-Sep-06,3.2372
2006,Sep,12,12-Sep-2006,13-Sep-06,3.2279
2006,Sep,13,13-Sep-2006,14-Sep-06,3.2286
2006,Sep,14,14-Sep-2006,15-Sep-06,3.2296
2006,Sep,15,15-Sep-2006,18-Sep-06,3.2347
2006,Sep,18,18-Sep-2006,19-Sep-06,3.2365
2006,Sep,19,19-Sep-2006,20-Sep-06,3.2402
2006,Sep,20,20-Sep-2006,21-Sep-06,3.2484
2006,Sep,21,21-Sep-2006,22-Sep-06,3.2671
2006,Sep,22,22-Sep-2006,25-Sep-06,3.3126
2006,Sep,25,25-Sep-2006,26-Sep-06,3.3165
2006,Sep,26,26-Sep-2006,27-Sep-06,3.3166
2006,Sep,27,27-Sep-2006,28-Sep-06,3.3146
2006,Sep,28,28-Sep-2006,29-Sep-06,3.3097
2006,Sep,29,29-Sep-2006,2-Oct-06,3.307
2006,Oct,2,2-Oct-2006,3-Oct-06,3.3039
2006,Oct,3,3-Oct-2006,4-Oct-06,3.3001
2006,Oct,4,4-Oct-2006,5-Oct-06,3.2997
2006,Oct,5,5-Oct-2006,6-Oct-06,3.2948
2006,Oct,6,6-Oct-2006,9-Oct-06,3.2963
2006,Oct,9,9-Oct-2006,10-Oct-06,3.3023
2006,Oct,10,10-Oct-2006,11-Oct-06,3.3154
2006,Oct,11,11-Oct-2006,12-Oct-06,3.3402
2006,Oct,12,12-Oct-2006,13-Oct-06,3.3608
2006,Oct,13,13-Oct-2006,16-Oct-06,3.3802
2006,Oct,16,16-Oct-2006,17-Oct-06,3.3867
2006,Oct,17,17-Oct-2006,18-Oct-06,3.3949
2006,Oct,18,18-Oct-2006,19-Oct-06,3.4018
2006,Oct,19,19-Oct-2006,20-Oct-06,3.4048
2006,Oct,20,20-Oct-2006,23-Oct-06,3.3694
2006,Oct,23,23-Oct-2006,25-Oct-06,3.3372
2006,Oct,25,25-Oct-2006,26-Oct-06,3.3325
2006,Oct,26,26-Oct-2006,27-Oct-06,3.336
2006,Oct,27,27-Oct-2006,30-Oct-06,3.3664
2006,Oct,30,30-Oct-2006,31-Oct-06,3.3759
2006,Oct,31,31-Oct-2006,1-Nov-06,3.386
2006,Nov,1,1-Nov-2006,2-Nov-06,3.3944
2006,Nov,2,2-Nov-2006,3-Nov-06,3.4002
2006,Nov,3,3-Nov-2006,6-Nov-06,3.4268
2006,Nov,6,6-Nov-2006,7-Nov-06,3.4356
2006,Nov,7,7-Nov-2006,8-Nov-06,3.4439
2006,Nov,8,8-Nov-2006,9-Nov-06,3.4528
2006,Nov,9,9-Nov-2006,10-Nov-06,3.4575
2006,Nov,10,10-Nov-2006,13-Nov-06,3.4295
2006,Nov,13,13-Nov-2006,14-Nov-06,3.4219
2006,Nov,14,14-Nov-2006,15-Nov-06,3.4109
2006,Nov,15,15-Nov-2006,16-Nov-06,3.4007
2006,Nov,16,16-Nov-2006,17-Nov-06,3.3927
2006,Nov,17,17-Nov-2006,20-Nov-06,3.3711
2006,Nov,20,20-Nov-2006,21-Nov-06,3.3666
2006,Nov,21,21-Nov-2006,22-Nov-06,3.362
2006,Nov,22,22-Nov-2006,23-Nov-06,3.3552
2006,Nov,23,23-Nov-2006,24-Nov-06,3.3483
2006,Nov,24,24-Nov-2006,27-Nov-06,3.3225
2006,Nov,27,27-Nov-2006,28-Nov-06,3.3073
2006,Nov,28,28-Nov-2006,29-Nov-06,3.2915
2006,Nov,29,29-Nov-2006,30-Nov-06,3.2716
2006,Nov,30,30-Nov-2006,1-Dec-06,3.2388
2006,Dec,1,1-Dec-2006,4-Dec-06,3.1954
2006,Dec,4,4-Dec-2006,5-Dec-06,3.1813
2006,Dec,5,5-Dec-2006,6-Dec-06,3.1663
2006,Dec,6,6-Dec-2006,7-Dec-06,3.1562
2006,Dec,7,7-Dec-2006,8-Dec-06,3.1493
2006,Dec,8,8-Dec-2006,11-Dec-06,3.1365
2006,Dec,11,11-Dec-2006,12-Dec-06,3.1331
2006,Dec,12,12-Dec-2006,13-Dec-06,3.1292
2006,Dec,13,13-Dec-2006,14-Dec-06,3.1228
2006,Dec,14,14-Dec-2006,15-Dec-06,3.1254
2006,Dec,15,15-Dec-2006,18-Dec-06,3.1427
2006,Dec,18,18-Dec-2006,19-Dec-06,3.1455
2006,Dec,19,19-Dec-2006,20-Dec-06,3.1423
2006,Dec,20,20-Dec-2006,21-Dec-06,3.1401
2006,Dec,21,21-Dec-2006,22-Dec-06,3.1383
2006,Dec,22,22-Dec-2006,26-Dec-06,3.1411
2006,Dec,26,26-Dec-2006,27-Dec-06,3.1431
2006,Dec,27,27-Dec-2006,28-Dec-06,3.1474
2006,Dec,28,28-Dec-2006,29-Dec-06,3.1566
2006,Dec,29,29-Dec-2006,3-Jan-07,3.2384
2007,Jan,3,3-Jan-2007,4-Jan-07,3.2373
2007,Jan,4,4-Jan-2007,5-Jan-07,3.2421
2007,Jan,5,5-Jan-2007,8-Jan-07,3.2492
2007,Jan,8,8-Jan-2007,9-Jan-07,3.2465
2007,Jan,9,9-Jan-2007,10-Jan-07,3.2439
2007,Jan,10,10-Jan-2007,11-Jan-07,3.2458
2007,Jan,11,11-Jan-2007,12-Jan-07,3.249
2007,Jan,12,12-Jan-2007,15-Jan-07,3.2562
2007,Jan,15,15-Jan-2007,16-Jan-07,3.248
2007,Jan,16,16-Jan-2007,17-Jan-07,3.2322
2007,Jan,17,17-Jan-2007,18-Jan-07,3.2162
2007,Jan,18,18-Jan-2007,19-Jan-07,3.2067
2007,Jan,19,19-Jan-2007,22-Jan-07,3.1926
2007,Jan,22,22-Jan-2007,23-Jan-07,3.1897
2007,Jan,23,23-Jan-2007,24-Jan-07,3.1885
2007,Jan,24,24-Jan-2007,25-Jan-07,3.1882
2007,Jan,25,25-Jan-2007,26-Jan-07,3.1885
2007,Jan,26,26-Jan-2007,29-Jan-07,3.1775
2007,Jan,29,29-Jan-2007,30-Jan-07,3.1653
2007,Jan,30,30-Jan-2007,31-Jan-07,3.1554
2007,Jan,31,31-Jan-2007,1-Feb-07,3.1449
2007,Feb,1,1-Feb-2007,2-Feb-07,3.1345
2007,Feb,2,2-Feb-2007,5-Feb-07,3.118
2007,Feb,5,5-Feb-2007,6-Feb-07,3.1167
2007,Feb,6,6-Feb-2007,7-Feb-07,3.1145
2007,Feb,7,7-Feb-2007,8-Feb-07,3.114
2007,Feb,8,8-Feb-2007,9-Feb-07,3.1146
2007,Feb,9,9-Feb-2007,12-Feb-07,3.1115
2007,Feb,12,12-Feb-2007,13-Feb-07,3.1109
2007,Feb,13,13-Feb-2007,14-Feb-07,3.109
2007,Feb,14,14-Feb-2007,15-Feb-07,3.1042
2007,Feb,15,15-Feb-2007,16-Feb-07,3.1046
2007,Feb,16,16-Feb-2007,21-Feb-07,3.1192
2007,Feb,21,21-Feb-2007,22-Feb-07,3.1216
2007,Feb,22,22-Feb-2007,23-Feb-07,3.1221
2007,Feb,23,23-Feb-2007,26-Feb-07,3.1149
2007,Feb,26,26-Feb-2007,27-Feb-07,3.107
2007,Feb,27,27-Feb-2007,28-Feb-07,3.0918
2007,Feb,28,28-Feb-2007,1-Mar-07,3.0527
2007,Mar,1,1-Mar-2007,2-Mar-07,3.044
2007,Mar,2,2-Mar-2007,5-Mar-07,3.0264
2007,Mar,5,5-Mar-2007,6-Mar-07,3.0084
2007,Mar,6,6-Mar-2007,7-Mar-07,2.9783
2007,Mar,7,7-Mar-2007,8-Mar-07,2.9423
2007,Mar,8,8-Mar-2007,9-Mar-07,2.9089
2007,Mar,9,9-Mar-2007,12-Mar-07,2.8039
2007,Mar,12,12-Mar-2007,13-Mar-07,2.7601
2007,Mar,13,13-Mar-2007,14-Mar-07,2.7139
2007,Mar,14,14-Mar-2007,15-Mar-07,2.6695
2007,Mar,15,15-Mar-2007,16-Mar-07,2.6345
2007,Mar,16,16-Mar-2007,19-Mar-07,2.6273
2007,Mar,19,19-Mar-2007,20-Mar-07,2.6223
2007,Mar,20,20-Mar-2007,21-Mar-07,2.6156
2007,Mar,21,21-Mar-2007,22-Mar-07,2.6064
2007,Mar,22,22-Mar-2007,23-Mar-07,2.5964
2007,Mar,23,23-Mar-2007,26-Mar-07,2.5803
2007,Mar,26,26-Mar-2007,27-Mar-07,2.5751
2007,Mar,27,27-Mar-2007,28-Mar-07,2.5705
2007,Mar,28,28-Mar-2007,29-Mar-07,2.5567
2007,Mar,29,29-Mar-2007,30-Mar-07,2.5594
2007,Mar,30,30-Mar-2007,2-Apr-07,2.5753
2007,Apr,2,2-Apr-2007,3-Apr-07,2.5663
2007,Apr,3,3-Apr-2007,4-Apr-07,2.5521
2007,Apr,4,4-Apr-2007,5-Apr-07,2.5388
2007,Apr,5,5-Apr-2007,9-Apr-07,2.5831
2007,Apr,9,9-Apr-2007,10-Apr-07,2.5944
2007,Apr,10,10-Apr-2007,11-Apr-07,2.6036
2007,Apr,11,11-Apr-2007,12-Apr-07,2.6103
2007,Apr,12,12-Apr-2007,13-Apr-07,2.624
2007,Apr,13,13-Apr-2007,16-Apr-07,2.6659
2007,Apr,16,16-Apr-2007,17-Apr-07,2.6427
2007,Apr,17,17-Apr-2007,18-Apr-07,2.6096
2007,Apr,18,18-Apr-2007,19-Apr-07,2.5725
2007,Apr,19,19-Apr-2007,20-Apr-07,2.5409
2007,Apr,20,20-Apr-2007,23-Apr-07,2.476
2007,Apr,23,23-Apr-2007,24-Apr-07,2.4578
2007,Apr,24,24-Apr-2007,25-Apr-07,2.442
2007,Apr,25,25-Apr-2007,26-Apr-07,2.429
2007,Apr,26,26-Apr-2007,27-Apr-07,2.4179
2007,Apr,27,27-Apr-2007,30-Apr-07,2.4193
2007,Apr,30,30-Apr-2007,2-May-07,2.3754
2007,May,2,2-May-2007,3-May-07,2.3653
2007,May,3,3-May-2007,4-May-07,2.3636
2007,May,4,4-May-2007,7-May-07,2.3536
2007,May,7,7-May-2007,8-May-07,2.3487
2007,May,8,8-May-2007,9-May-07,2.3409
2007,May,9,9-May-2007,10-May-07,2.3346
2007,May,10,10-May-2007,11-May-07,2.3288
2007,May,11,11-May-2007,14-May-07,2.3213
2007,May,14,14-May-2007,15-May-07,2.3184
2007,May,15,15-May-2007,16-May-07,2.3085
2007,May,16,16-May-2007,17-May-07,2.296
2007,May,17,17-May-2007,18-May-07,2.2901
2007,May,18,18-May-2007,21-May-07,2.2611
2007,May,21,21-May-2007,22-May-07,2.2471
2007,May,22,22-May-2007,23-May-07,2.2338
2007,May,23,23-May-2007,24-May-07,2.227
2007,May,24,24-May-2007,25-May-07,2.2157
2007,May,25,25-May-2007,28-May-07,2.1785
2007,May,28,28-May-2007,29-May-07,2.1646
2007,May,29,29-May-2007,30-May-07,2.1499
2007,May,30,30-May-2007,1-Jun-07,2.148
2007,Jun,1,1-Jun-2007,4-Jun-07,2.1323
2007,Jun,4,4-Jun-2007,5-Jun-07,2.1208
2007,Jun,5,5-Jun-2007,6-Jun-07,2.105
2007,Jun,6,6-Jun-2007,7-Jun-07,2.0891
2007,Jun,7,7-Jun-2007,8-Jun-07,2.0768
2007,Jun,8,8-Jun-2007,11-Jun-07,2.0615
2007,Jun,11,11-Jun-2007,12-Jun-07,2.0592
2007,Jun,12,12-Jun-2007,13-Jun-07,2.0592
2007,Jun,13,13-Jun-2007,14-Jun-07,2.0603
2007,Jun,14,14-Jun-2007,15-Jun-07,2.0615
2007,Jun,15,15-Jun-2007,18-Jun-07,2.0983
2007,Jun,18,18-Jun-2007,19-Jun-07,2.1148
2007,Jun,19,19-Jun-2007,20-Jun-07,2.1247
2007,Jun,20,20-Jun-2007,21-Jun-07,2.1396
2007,Jun,21,21-Jun-2007,22-Jun-07,2.1544
2007,Jun,22,22-Jun-2007,25-Jun-07,2.1794
2007,Jun,25,25-Jun-2007,26-Jun-07,2.1797
2007,Jun,26,26-Jun-2007,27-Jun-07,2.1807
2007,Jun,27,27-Jun-2007,28-Jun-07,2.1826
2007,Jun,28,28-Jun-2007,29-Jun-07,2.187
2007,Jun,29,29-Jun-2007,2-Jul-07,2.1871
2007,Jul,2,2-Jul-2007,3-Jul-07,2.1779
2007,Jul,3,3-Jul-2007,4-Jul-07,2.1707
2007,Jul,4,4-Jul-2007,5-Jul-07,2.1734
2007,Jul,5,5-Jul-2007,6-Jul-07,2.184
2007,Jul,6,6-Jul-2007,9-Jul-07,2.2052
2007,Jul,9,9-Jul-2007,10-Jul-07,2.2061
2007,Jul,10,10-Jul-2007,11-Jul-07,2.2092
2007,Jul,11,11-Jul-2007,12-Jul-07,2.2116
2007,Jul,12,12-Jul-2007,13-Jul-07,2.2123
2007,Jul,13,13-Jul-2007,16-Jul-07,2.2137
2007,Jul,16,16-Jul-2007,17-Jul-07,2.2125
2007,Jul,17,17-Jul-2007,18-Jul-07,2.2105
2007,Jul,18,18-Jul-2007,19-Jul-07,2.2127
2007,Jul,19,19-Jul-2007,20-Jul-07,2.2231
2007,Jul,20,20-Jul-2007,23-Jul-07,2.2378
2007,Jul,23,23-Jul-2007,24-Jul-07,2.2394
2007,Jul,24,24-Jul-2007,25-Jul-07,2.2417
2007,Jul,25,25-Jul-2007,26-Jul-07,2.248
2007,Jul,26,26-Jul-2007,27-Jul-07,2.2538
2007,Jul,27,27-Jul-2007,30-Jul-07,2.2595
2007,Jul,30,30-Jul-2007,31-Jul-07,2.2607
2007,Jul,31,31-Jul-2007,1-Aug-07,2.2664
2007,Aug,1,1-Aug-2007,2-Aug-07,2.2707
2007,Aug,2,2-Aug-2007,3-Aug-07,2.2857
2007,Aug,3,3-Aug-2007,6-Aug-07,2.2981
2007,Aug,6,6-Aug-2007,7-Aug-07,2.2975
2007,Aug,7,7-Aug-2007,8-Aug-07,2.2963
2007,Aug,8,8-Aug-2007,10-Aug-07,2.2985
2007,Aug,10,10-Aug-2007,13-Aug-07,2.3216
2007,Aug,13,13-Aug-2007,14-Aug-07,2.3282
2007,Aug,14,14-Aug-2007,15-Aug-07,2.3292
2007,Aug,15,15-Aug-2007,16-Aug-07,2.3319
2007,Aug,16,16-Aug-2007,17-Aug-07,2.3445
2007,Aug,17,17-Aug-2007,20-Aug-07,2.3675
2007,Aug,20,20-Aug-2007,21-Aug-07,2.3698
2007,Aug,21,21-Aug-2007,22-Aug-07,2.3671
2007,Aug,22,22-Aug-2007,23-Aug-07,2.3583
2007,Aug,23,23-Aug-2007,24-Aug-07,2.3514
2007,Aug,24,24-Aug-2007,27-Aug-07,2.3419
2007,Aug,27,27-Aug-2007,28-Aug-07,2.3408
2007,Aug,28,28-Aug-2007,29-Aug-07,2.3401
2007,Aug,29,29-Aug-2007,30-Aug-07,2.3327
2007,Aug,30,30-Aug-2007,31-Aug-07,2.3297
2007,Aug,31,31-Aug-2007,3-Sep-07,2.3293
2007,Sep,3,3-Sep-2007,4-Sep-07,2.3374
2007,Sep,4,4-Sep-2007,5-Sep-07,2.3368
2007,Sep,5,5-Sep-2007,6-Sep-07,2.3342
2007,Sep,6,6-Sep-2007,7-Sep-07,2.3371
2007,Sep,7,7-Sep-2007,10-Sep-07,2.3517
2007,Sep,10,10-Sep-2007,11-Sep-07,2.3439
2007,Sep,11,11-Sep-2007,12-Sep-07,2.3368
2007,Sep,12,12-Sep-2007,13-Sep-07,2.3183
2007,Sep,13,13-Sep-2007,14-Sep-07,2.3035
2007,Sep,14,14-Sep-2007,17-Sep-07,2.2652
2007,Sep,17,17-Sep-2007,18-Sep-07,2.252
2007,Sep,18,18-Sep-2007,19-Sep-07,2.2409
2007,Sep,19,19-Sep-2007,20-Sep-07,2.2277
2007,Sep,20,20-Sep-2007,21-Sep-07,2.2175
2007,Sep,21,21-Sep-2007,24-Sep-07,2.2277
2007,Sep,24,24-Sep-2007,25-Sep-07,2.2271
2007,Sep,25,25-Sep-2007,26-Sep-07,2.2284
2007,Sep,26,26-Sep-2007,27-Sep-07,2.2287
2007,Sep,27,27-Sep-2007,28-Sep-07,2.2305
2007,Sep,28,28-Sep-2007,1-Oct-07,2.2408
2007,Oct,1,1-Oct-2007,2-Oct-07,2.2305
2007,Oct,2,2-Oct-2007,3-Oct-07,2.2175
2007,Oct,3,3-Oct-2007,4-Oct-07,2.1984
2007,Oct,4,4-Oct-2007,5-Oct-07,2.1908
2007,Oct,5,5-Oct-2007,8-Oct-07,2.1659
2007,Oct,8,8-Oct-2007,9-Oct-07,2.1563
2007,Oct,9,9-Oct-2007,10-Oct-07,2.147
2007,Oct,10,10-Oct-2007,11-Oct-07,2.145
2007,Oct,11,11-Oct-2007,12-Oct-07,2.1405
2007,Oct,12,12-Oct-2007,15-Oct-07,2.1561
2007,Oct,15,15-Oct-2007,16-Oct-07,2.1617
2007,Oct,16,16-Oct-2007,17-Oct-07,2.1689
2007,Oct,17,17-Oct-2007,18-Oct-07,2.1807
2007,Oct,18,18-Oct-2007,19-Oct-07,2.1921
2007,Oct,19,19-Oct-2007,22-Oct-07,2.2295
2007,Oct,22,22-Oct-2007,23-Oct-07,2.2345
2007,Oct,23,23-Oct-2007,24-Oct-07,2.2337
2007,Oct,24,24-Oct-2007,25-Oct-07,2.2198
2007,Oct,25,25-Oct-2007,26-Oct-07,2.2091
2007,Oct,26,26-Oct-2007,29-Oct-07,2.1918
2007,Oct,29,29-Oct-2007,30-Oct-07,2.1867
2007,Oct,30,30-Oct-2007,31-Oct-07,2.1888
2007,Oct,31,31-Oct-2007,1-Nov-07,2.1889
2007,Nov,1,1-Nov-2007,2-Nov-07,2.1956
2007,Nov,2,2-Nov-2007,5-Nov-07,2.2273
2007,Nov,5,5-Nov-2007,6-Nov-07,2.2267
2007,Nov,6,6-Nov-2007,7-Nov-07,2.206
2007,Nov,7,7-Nov-2007,9-Nov-07,2.1206
2007,Nov,9,9-Nov-2007,12-Nov-07,2.0847
2007,Nov,12,12-Nov-2007,13-Nov-07,2.0813
2007,Nov,13,13-Nov-2007,14-Nov-07,2.074
2007,Nov,14,14-Nov-2007,15-Nov-07,2.0595
2007,Nov,15,15-Nov-2007,16-Nov-07,2.0431
2007,Nov,16,16-Nov-2007,19-Nov-07,1.9624
2007,Nov,19,19-Nov-2007,20-Nov-07,1.9323
2007,Nov,20,20-Nov-2007,21-Nov-07,1.9024
2007,Nov,21,21-Nov-2007,22-Nov-07,1.873
2007,Nov,22,22-Nov-2007,23-Nov-07,1.8528
2007,Nov,23,23-Nov-2007,26-Nov-07,1.8447
2007,Nov,26,26-Nov-2007,27-Nov-07,1.8324
2007,Nov,27,27-Nov-2007,28-Nov-07,1.8153
2007,Nov,28,28-Nov-2007,29-Nov-07,1.7889
2007,Nov,29,29-Nov-2007,30-Nov-07,1.7518
2007,Nov,30,30-Nov-2007,3-Dec-07,1.6126
2007,Dec,3,3-Dec-2007,4-Dec-07,1.5629
2007,Dec,4,4-Dec-2007,5-Dec-07,1.5092
2007,Dec,5,5-Dec-2007,6-Dec-07,1.4563
2007,Dec,6,6-Dec-2007,7-Dec-07,1.4355
2007,Dec,7,7-Dec-2007,10-Dec-07,1.4187
2007,Dec,10,10-Dec-2007,11-Dec-07,1.3881
2007,Dec,11,11-Dec-2007,12-Dec-07,1.3596
2007,Dec,12,12-Dec-2007,13-Dec-07,1.3243
2007,Dec,13,13-Dec-2007,14-Dec-07,1.3013
2007,Dec,14,14-Dec-2007,17-Dec-07,1.2937
2007,Dec,17,17-Dec-2007,18-Dec-07,1.2935
2007,Dec,18,18-Dec-2007,19-Dec-07,1.2758
2007,Dec,19,19-Dec-2007,21-Dec-07,1.2034
2007,Dec,21,21-Dec-2007,24-Dec-07,1.0985
2007,Dec,24,24-Dec-2007,26-Dec-07,1.0169
2007,Dec,26,26-Dec-2007,27-Dec-07,0.9837
2007,Dec,27,27-Dec-2007,28-Dec-07,0.9528
2007,Dec,28,28-Dec-2007,31-Dec-07,0.9049
2007,Dec,31,31-Dec-2007,2-Jan-08,0.897
2008,Jan,2,2-Jan-2008,3-Jan-08,0.8899
2008,Jan,3,3-Jan-2008,4-Jan-08,0.8884
2008,Jan,4,4-Jan-2008,7-Jan-08,0.8905
2008,Jan,7,7-Jan-2008,8-Jan-08,0.883
2008,Jan,8,8-Jan-2008,9-Jan-08,0.8776
2008,Jan,9,9-Jan-2008,10-Jan-08,0.8763
2008,Jan,10,10-Jan-2008,11-Jan-08,0.8776
2008,Jan,11,11-Jan-2008,14-Jan-08,0.8804
2008,Jan,14,14-Jan-2008,15-Jan-08,0.8662
2008,Jan,15,15-Jan-2008,16-Jan-08,0.8543
2008,Jan,16,16-Jan-2008,17-Jan-08,0.8442
2008,Jan,17,17-Jan-2008,18-Jan-08,0.835
2008,Jan,18,18-Jan-2008,21-Jan-08,0.9082
2008,Jan,21,21-Jan-2008,22-Jan-08,0.9332
2008,Jan,22,22-Jan-2008,23-Jan-08,0.9589
2008,Jan,23,23-Jan-2008,24-Jan-08,0.9784
2008,Jan,24,24-Jan-2008,25-Jan-08,0.9986
2008,Jan,25,25-Jan-2008,28-Jan-08,1.0654
2008,Jan,28,28-Jan-2008,29-Jan-08,1.0943
2008,Jan,29,29-Jan-2008,30-Jan-08,1.1324
2008,Jan,30,30-Jan-2008,31-Jan-08,1.1708
2008,Jan,31,31-Jan-2008,1-Feb-08,1.1956
2008,Feb,1,1-Feb-2008,4-Feb-08,1.2766
2008,Feb,4,4-Feb-2008,5-Feb-08,1.306
2008,Feb,5,5-Feb-2008,6-Feb-08,1.3339
2008,Feb,6,6-Feb-2008,11-Feb-08,1.4609
2008,Feb,11,11-Feb-2008,12-Feb-08,1.469
2008,Feb,12,12-Feb-2008,13-Feb-08,1.478
2008,Feb,13,13-Feb-2008,14-Feb-08,1.4794
2008,Feb,14,14-Feb-2008,15-Feb-08,1.475
2008,Feb,15,15-Feb-2008,18-Feb-08,1.4543
2008,Feb,18,18-Feb-2008,19-Feb-08,1.4452
2008,Feb,19,19-Feb-2008,20-Feb-08,1.4371
2008,Feb,20,20-Feb-2008,21-Feb-08,1.4312
2008,Feb,21,21-Feb-2008,22-Feb-08,1.4244
2008,Feb,22,22-Feb-2008,25-Feb-08,1.4082
2008,Feb,25,25-Feb-2008,26-Feb-08,1.401
2008,Feb,26,26-Feb-2008,27-Feb-08,1.3932
2008,Feb,27,27-Feb-2008,28-Feb-08,1.3801
2008,Feb,28,28-Feb-2008,29-Feb-08,1.3666
2008,Feb,29,29-Feb-2008,3-Mar-08,1.268
2008,Mar,3,3-Mar-2008,4-Mar-08,1.2458
2008,Mar,4,4-Mar-2008,5-Mar-08,1.2264
2008,Mar,5,5-Mar-2008,6-Mar-08,1.2086
2008,Mar,6,6-Mar-2008,7-Mar-08,1.1835
2008,Mar,7,7-Mar-2008,10-Mar-08,1.0732
2008,Mar,10,10-Mar-2008,11-Mar-08,1.0318
2008,Mar,11,11-Mar-2008,12-Mar-08,0.9967
2008,Mar,12,12-Mar-2008,13-Mar-08,0.9609
2008,Mar,13,13-Mar-2008,14-Mar-08,0.9342
2008,Mar,14,14-Mar-2008,17-Mar-08,0.8786
2008,Mar,17,17-Mar-2008,18-Mar-08,0.869
2008,Mar,18,18-Mar-2008,19-Mar-08,0.8593
2008,Mar,19,19-Mar-2008,20-Mar-08,0.8481
2008,Mar,20,20-Mar-2008,24-Mar-08,0.814
2008,Mar,24,24-Mar-2008,25-Mar-08,0.8108
2008,Mar,25,25-Mar-2008,26-Mar-08,0.8075
2008,Mar,26,26-Mar-2008,27-Mar-08,0.7947
2008,Mar,27,27-Mar-2008,28-Mar-08,0.7837
2008,Mar,28,28-Mar-2008,31-Mar-08,0.7635
2008,Mar,31,31-Mar-2008,1-Apr-08,0.7529
2008,Apr,1,1-Apr-2008,2-Apr-08,0.7391
2008,Apr,2,2-Apr-2008,3-Apr-08,0.7253
2008,Apr,3,3-Apr-2008,4-Apr-08,0.7105
2008,Apr,4,4-Apr-2008,7-Apr-08,0.6831
2008,Apr,7,7-Apr-2008,8-Apr-08,0.6874
2008,Apr,8,8-Apr-2008,9-Apr-08,0.6904
2008,Apr,9,9-Apr-2008,10-Apr-08,0.6862
2008,Apr,10,10-Apr-2008,11-Apr-08,0.6894
2008,Apr,11,11-Apr-2008,14-Apr-08,0.7024
2008,Apr,14,14-Apr-2008,15-Apr-08,0.6992
2008,Apr,15,15-Apr-2008,16-Apr-08,0.6961
2008,Apr,16,16-Apr-2008,17-Apr-08,0.694
2008,Apr,17,17-Apr-2008,18-Apr-08,0.6761
2008,Apr,18,18-Apr-2008,21-Apr-08,0.6038
2008,Apr,21,21-Apr-2008,22-Apr-08,0.5786
2008,Apr,22,22-Apr-2008,23-Apr-08,0.5513
2008,Apr,23,23-Apr-2008,24-Apr-08,0.5242
2008,Apr,24,24-Apr-2008,25-Apr-08,0.5031
2008,Apr,25,25-Apr-2008,28-Apr-08,0.4965
2008,Apr,28,28-Apr-2008,29-Apr-08,0.5101
2008,Apr,29,29-Apr-2008,30-Apr-08,0.5217
2008,Apr,30,30-Apr-2008,2-May-08,0.5453
2008,May,2,2-May-2008,5-May-08,0.5671
2008,May,5,5-May-2008,6-May-08,0.5653
2008,May,6,6-May-2008,7-May-08,0.5613
2008,May,7,7-May-2008,8-May-08,0.5553
2008,May,8,8-May-2008,9-May-08,0.5571
2008,May,9,9-May-2008,12-May-08,0.5929
2008,May,12,12-May-2008,13-May-08,0.6056
2008,May,13,13-May-2008,14-May-08,0.6165
2008,May,14,14-May-2008,15-May-08,0.6286
2008,May,15,15-May-2008,16-May-08,0.6319
2008,May,16,16-May-2008,20-May-08,0.6622
2008,May,20,20-May-2008,21-May-08,0.6719
2008,May,21,21-May-2008,22-May-08,0.6782
2008,May,22,22-May-2008,23-May-08,0.694
2008,May,23,23-May-2008,26-May-08,0.7295
2008,May,26,26-May-2008,27-May-08,0.728
2008,May,27,27-May-2008,28-May-08,0.724
2008,May,28,28-May-2008,29-May-08,0.7052
2008,May,29,29-May-2008,30-May-08,0.6888
2008,May,30,30-May-2008,2-Jun-08,0.6484
2008,Jun,2,2-Jun-2008,3-Jun-08,0.6314
2008,Jun,3,3-Jun-2008,4-Jun-08,0.6122
2008,Jun,4,4-Jun-2008,5-Jun-08,0.5907
2008,Jun,5,5-Jun-2008,6-Jun-08,0.5804
2008,Jun,6,6-Jun-2008,9-Jun-08,0.5543
2008,Jun,9,9-Jun-2008,10-Jun-08,0.5383
2008,Jun,10,10-Jun-2008,11-Jun-08,0.523
2008,Jun,11,11-Jun-2008,12-Jun-08,0.5063
2008,Jun,12,12-Jun-2008,13-Jun-08,0.4874
2008,Jun,13,13-Jun-2008,16-Jun-08,0.446
2008,Jun,16,16-Jun-2008,17-Jun-08,0.4378
2008,Jun,17,17-Jun-2008,18-Jun-08,0.425
2008,Jun,18,18-Jun-2008,19-Jun-08,0.4143
2008,Jun,19,19-Jun-2008,20-Jun-08,0.4079
2008,Jun,20,20-Jun-2008,23-Jun-08,0.3935
2008,Jun,23,23-Jun-2008,24-Jun-08,0.3783
2008,Jun,24,24-Jun-2008,25-Jun-08,0.3606
2008,Jun,25,25-Jun-2008,26-Jun-08,0.3438
2008,Jun,26,26-Jun-2008,27-Jun-08,0.3309
2008,Jun,27,27-Jun-2008,30-Jun-08,0.3334
2008,Jun,30,30-Jun-2008,1-Jul-08,0.3363
2008,Jul,1,1-Jul-2008,2-Jul-08,0.3277
2008,Jul,2,2-Jul-2008,3-Jul-08,0.3247
2008,Jul,3,3-Jul-2008,4-Jul-08,0.328
2008,Jul,4,4-Jul-2008,7-Jul-08,0.3396
2008,Jul,7,7-Jul-2008,8-Jul-08,0.3405
2008,Jul,8,8-Jul-2008,9-Jul-08,0.3424
2008,Jul,9,9-Jul-2008,10-Jul-08,0.3435
2008,Jul,10,10-Jul-2008,11-Jul-08,0.3451
2008,Jul,11,11-Jul-2008,14-Jul-08,0.3543
2008,Jul,14,14-Jul-2008,15-Jul-08,0.357
2008,Jul,15,15-Jul-2008,16-Jul-08,0.3594
2008,Jul,16,16-Jul-2008,17-Jul-08,0.3598
2008,Jul,17,17-Jul-2008,18-Jul-08,0.3676
2008,Jul,18,18-Jul-2008,21-Jul-08,0.3753
2008,Jul,21,21-Jul-2008,22-Jul-08,0.3755
2008,Jul,22,22-Jul-2008,23-Jul-08,0.3793
2008,Jul,23,23-Jul-2008,24-Jul-08,0.385
2008,Jul,24,24-Jul-2008,25-Jul-08,0.3922
2008,Jul,25,25-Jul-2008,28-Jul-08,0.3908
2008,Jul,28,28-Jul-2008,29-Jul-08,0.3804
2008,Jul,29,29-Jul-2008,30-Jul-08,0.3676
2008,Jul,30,30-Jul-2008,31-Jul-08,0.3612
2008,Jul,31,31-Jul-2008,1-Aug-08,0.3429
2008,Aug,1,1-Aug-2008,4-Aug-08,0.3453
2008,Aug,4,4-Aug-2008,5-Aug-08,0.3423
2008,Aug,5,5-Aug-2008,6-Aug-08,0.3388
2008,Aug,6,6-Aug-2008,7-Aug-08,0.3376
2008,Aug,7,7-Aug-2008,8-Aug-08,0.3391
2008,Aug,8,8-Aug-2008,11-Aug-08,0.3556
2008,Aug,11,11-Aug-2008,12-Aug-08,0.3646
2008,Aug,12,12-Aug-2008,13-Aug-08,0.376
2008,Aug,13,13-Aug-2008,14-Aug-08,0.3876
2008,Aug,14,14-Aug-2008,15-Aug-08,0.4018
2008,Aug,15,15-Aug-2008,18-Aug-08,0.4688
2008,Aug,18,18-Aug-2008,19-Aug-08,0.4822
2008,Aug,19,19-Aug-2008,20-Aug-08,0.4925
2008,Aug,20,20-Aug-2008,21-Aug-08,0.5003
2008,Aug,21,21-Aug-2008,22-Aug-08,0.5129
2008,Aug,22,22-Aug-2008,25-Aug-08,0.5315
2008,Aug,25,25-Aug-2008,26-Aug-08,0.5383
2008,Aug,26,26-Aug-2008,27-Aug-08,0.5439
2008,Aug,27,27-Aug-2008,28-Aug-08,0.5513
2008,Aug,28,28-Aug-2008,29-Aug-08,0.5644
2008,Aug,29,29-Aug-2008,1-Sep-08,0.6094
2008,Sep,1,1-Sep-2008,2-Sep-08,0.6148
2008,Sep,2,2-Sep-2008,3-Sep-08,0.6223
2008,Sep,3,3-Sep-2008,4-Sep-08,0.6327
2008,Sep,4,4-Sep-2008,5-Sep-08,0.6462
2008,Sep,5,5-Sep-2008,8-Sep-08,0.6905
2008,Sep,8,8-Sep-2008,9-Sep-08,0.6997
2008,Sep,9,9-Sep-2008,10-Sep-08,0.7089
2008,Sep,10,10-Sep-2008,11-Sep-08,0.7176
2008,Sep,11,11-Sep-2008,12-Sep-08,0.7268
2008,Sep,12,12-Sep-2008,15-Sep-08,0.7471
2008,Sep,15,15-Sep-2008,16-Sep-08,0.747
2008,Sep,16,16-Sep-2008,17-Sep-08,0.755
2008,Sep,17,17-Sep-2008,18-Sep-08,0.7657
2008,Sep,18,18-Sep-2008,19-Sep-08,0.7921
2008,Sep,19,19-Sep-2008,22-Sep-08,0.8637
2008,Sep,22,22-Sep-2008,23-Sep-08,0.8902
2008,Sep,23,23-Sep-2008,24-Sep-08,0.9215
2008,Sep,24,24-Sep-2008,25-Sep-08,0.9504
2008,Sep,25,25-Sep-2008,26-Sep-08,0.9866
2008,Sep,26,26-Sep-2008,29-Sep-08,1.0898
2008,Sep,29,29-Sep-2008,30-Sep-08,1.1193
2008,Sep,30,30-Sep-2008,2-Oct-08,1.1963
2008,Oct,2,2-Oct-2008,3-Oct-08,1.2178
2008,Oct,3,3-Oct-2008,6-Oct-08,1.2261
2008,Oct,6,6-Oct-2008,7-Oct-08,1.2261
2008,Oct,7,7-Oct-2008,8-Oct-08,1.2196
2008,Oct,8,8-Oct-2008,9-Oct-08,1.2156
2008,Oct,9,9-Oct-2008,10-Oct-08,1.2056
2008,Oct,10,10-Oct-2008,13-Oct-08,1.1583
2008,Oct,13,13-Oct-2008,14-Oct-08,1.146
2008,Oct,14,14-Oct-2008,15-Oct-08,1.1372
2008,Oct,15,15-Oct-2008,16-Oct-08,1.1242
2008,Oct,16,16-Oct-2008,17-Oct-08,1.099
2008,Oct,17,17-Oct-2008,20-Oct-08,0.9945
2008,Oct,20,20-Oct-2008,21-Oct-08,0.9592
2008,Oct,21,21-Oct-2008,22-Oct-08,0.9201
2008,Oct,22,22-Oct-2008,23-Oct-08,0.8756
2008,Oct,23,23-Oct-2008,24-Oct-08,0.8266
2008,Oct,24,24-Oct-2008,28-Oct-08,0.6508
2008,Oct,28,28-Oct-2008,29-Oct-08,0.6102
2008,Oct,29,29-Oct-2008,30-Oct-08,0.5847
2008,Oct,30,30-Oct-2008,31-Oct-08,0.5867
2008,Oct,31,31-Oct-2008,3-Nov-08,0.4896
2008,Nov,3,3-Nov-2008,4-Nov-08,0.4712
2008,Nov,4,4-Nov-2008,5-Nov-08,0.4487
2008,Nov,5,5-Nov-2008,6-Nov-08,0.4248
2008,Nov,6,6-Nov-2008,7-Nov-08,0.4013
2008,Nov,7,7-Nov-2008,10-Nov-08,0.3535
2008,Nov,10,10-Nov-2008,11-Nov-08,0.347
2008,Nov,11,11-Nov-2008,12-Nov-08,0.3516
2008,Nov,12,12-Nov-2008,13-Nov-08,0.3609
2008,Nov,13,13-Nov-2008,14-Nov-08,0.3683
2008,Nov,14,14-Nov-2008,17-Nov-08,0.3783
2008,Nov,17,17-Nov-2008,18-Nov-08,0.3822
2008,Nov,18,18-Nov-2008,19-Nov-08,0.3793
2008,Nov,19,19-Nov-2008,20-Nov-08,0.3787
2008,Nov,20,20-Nov-2008,21-Nov-08,0.3809
2008,Nov,21,21-Nov-2008,24-Nov-08,0.4101
2008,Nov,24,24-Nov-2008,25-Nov-08,0.4176
2008,Nov,25,25-Nov-2008,26-Nov-08,0.4236
2008,Nov,26,26-Nov-2008,27-Nov-08,0.4286
2008,Nov,27,27-Nov-2008,28-Nov-08,0.4331
2008,Nov,28,28-Nov-2008,1-Dec-08,0.4258
2008,Dec,1,1-Dec-2008,2-Dec-08,0.4278
2008,Dec,2,2-Dec-2008,3-Dec-08,0.4279
2008,Dec,3,3-Dec-2008,4-Dec-08,0.4316
2008,Dec,4,4-Dec-2008,5-Dec-08,0.4421
2008,Dec,5,5-Dec-2008,9-Dec-08,0.4937
2008,Dec,9,9-Dec-2008,10-Dec-08,0.5047
2008,Dec,10,10-Dec-2008,11-Dec-08,0.5102
2008,Dec,11,11-Dec-2008,12-Dec-08,0.4997
2008,Dec,12,12-Dec-2008,15-Dec-08,0.4512
2008,Dec,15,15-Dec-2008,16-Dec-08,0.4348
2008,Dec,16,16-Dec-2008,17-Dec-08,0.4195
2008,Dec,17,17-Dec-2008,18-Dec-08,0.4113
2008,Dec,18,18-Dec-2008,19-Dec-08,0.412
2008,Dec,19,19-Dec-2008,22-Dec-08,0.4166
2008,Dec,22,22-Dec-2008,23-Dec-08,0.4175
2008,Dec,23,23-Dec-2008,24-Dec-08,0.4177
2008,Dec,24,24-Dec-2008,26-Dec-08,0.412
2008,Dec,26,26-Dec-2008,29-Dec-08,0.3987
2008,Dec,29,29-Dec-2008,30-Dec-08,0.3931
2008,Dec,30,30-Dec-2008,31-Dec-08,0.3899
2008,Dec,31,31-Dec-2008,2-Jan-09,0.3737
2009,Jan,2,2-Jan-2009,5-Jan-09,0.3591
2009,Jan,5,5-Jan-2009,6-Jan-09,0.3499
2009,Jan,6,6-Jan-2009,7-Jan-09,0.3381
2009,Jan,7,7-Jan-2009,8-Jan-09,0.3253
2009,Jan,8,8-Jan-2009,9-Jan-09,0.3118
2009,Jan,9,9-Jan-2009,12-Jan-09,0.2828
2009,Jan,12,12-Jan-2009,13-Jan-09,0.277
2009,Jan,13,13-Jan-2009,14-Jan-09,0.2709
2009,Jan,14,14-Jan-2009,15-Jan-09,0.2658
2009,Jan,15,15-Jan-2009,16-Jan-09,0.2633
2009,Jan,16,16-Jan-2009,19-Jan-09,0.2491
2009,Jan,19,19-Jan-2009,20-Jan-09,0.2366
2009,Jan,20,20-Jan-2009,21-Jan-09,0.2232
2009,Jan,21,21-Jan-2009,22-Jan-09,0.2104
2009,Jan,22,22-Jan-2009,23-Jan-09,0.1963
2009,Jan,23,23-Jan-2009,28-Jan-09,0.149
2009,Jan,28,28-Jan-2009,29-Jan-09,0.1413
2009,Jan,29,29-Jan-2009,30-Jan-09,0.1336
2009,Jan,30,30-Jan-2009,2-Feb-09,0.1288
2009,Feb,2,2-Feb-2009,3-Feb-09,0.1251
2009,Feb,3,3-Feb-2009,4-Feb-09,0.1221
2009,Feb,4,4-Feb-2009,5-Feb-09,0.118
2009,Feb,5,5-Feb-2009,6-Feb-09,0.1159
2009,Feb,6,6-Feb-2009,9-Feb-09,0.1153
2009,Feb,9,9-Feb-2009,10-Feb-09,0.1166
2009,Feb,10,10-Feb-2009,11-Feb-09,0.1175
2009,Feb,11,11-Feb-2009,12-Feb-09,0.118
2009,Feb,12,12-Feb-2009,13-Feb-09,0.119
2009,Feb,13,13-Feb-2009,16-Feb-09,0.1255
2009,Feb,16,16-Feb-2009,17-Feb-09,0.128
2009,Feb,17,17-Feb-2009,18-Feb-09,0.1322
2009,Feb,18,18-Feb-2009,19-Feb-09,0.1358
2009,Feb,19,19-Feb-2009,20-Feb-09,0.1414
2009,Feb,20,20-Feb-2009,23-Feb-09,0.1617
2009,Feb,23,23-Feb-2009,24-Feb-09,0.1672
2009,Feb,24,24-Feb-2009,25-Feb-09,0.1712
2009,Feb,25,25-Feb-2009,26-Feb-09,0.1721
2009,Feb,26,26-Feb-2009,27-Feb-09,0.1748
2009,Feb,27,27-Feb-2009,2-Mar-09,0.182
2009,Mar,2,2-Mar-2009,3-Mar-09,0.1853
2009,Mar,3,3-Mar-2009,4-Mar-09,0.1869
2009,Mar,4,4-Mar-2009,5-Mar-09,0.1883
2009,Mar,5,5-Mar-2009,6-Mar-09,0.1886
2009,Mar,6,6-Mar-2009,9-Mar-09,0.196
2009,Mar,9,9-Mar-2009,10-Mar-09,0.1956
2009,Mar,10,10-Mar-2009,11-Mar-09,0.1945
2009,Mar,11,11-Mar-2009,12-Mar-09,0.1945
2009,Mar,12,12-Mar-2009,13-Mar-09,0.1953
2009,Mar,13,13-Mar-2009,16-Mar-09,0.2069
2009,Mar,16,16-Mar-2009,17-Mar-09,0.2161
2009,Mar,17,17-Mar-2009,18-Mar-09,0.2283
2009,Mar,18,18-Mar-2009,19-Mar-09,0.2426
2009,Mar,19,19-Mar-2009,20-Mar-09,0.2554
2009,Mar,20,20-Mar-2009,23-Mar-09,0.2598
2009,Mar,23,23-Mar-2009,24-Mar-09,0.2578
2009,Mar,24,24-Mar-2009,25-Mar-09,0.2568
2009,Mar,25,25-Mar-2009,26-Mar-09,0.2616
2009,Mar,26,26-Mar-2009,27-Mar-09,0.2705
2009,Mar,27,27-Mar-2009,30-Mar-09,0.2934
2009,Mar,30,30-Mar-2009,31-Mar-09,0.2943
2009,Mar,31,31-Mar-2009,1-Apr-09,0.3008
2009,Apr,1,1-Apr-2009,2-Apr-09,0.303
2009,Apr,2,2-Apr-2009,3-Apr-09,0.3023
2009,Apr,3,3-Apr-2009,6-Apr-09,0.2942
2009,Apr,6,6-Apr-2009,7-Apr-09,0.2914
2009,Apr,7,7-Apr-2009,8-Apr-09,0.2878
2009,Apr,8,8-Apr-2009,9-Apr-09,0.2838
2009,Apr,9,9-Apr-2009,13-Apr-09,0.2854
2009,Apr,13,13-Apr-2009,14-Apr-09,0.2806
2009,Apr,14,14-Apr-2009,15-Apr-09,0.2776
2009,Apr,15,15-Apr-2009,16-Apr-09,0.2793
2009,Apr,16,16-Apr-2009,17-Apr-09,0.2799
2009,Apr,17,17-Apr-2009,20-Apr-09,0.2324
2009,Apr,20,20-Apr-2009,21-Apr-09,0.2261
2009,Apr,21,21-Apr-2009,22-Apr-09,0.2181
2009,Apr,22,22-Apr-2009,23-Apr-09,0.2097
2009,Apr,23,23-Apr-2009,24-Apr-09,0.2042
2009,Apr,24,24-Apr-2009,27-Apr-09,0.1797
2009,Apr,27,27-Apr-2009,28-Apr-09,0.1657
2009,Apr,28,28-Apr-2009,29-Apr-09,0.1511
2009,Apr,29,29-Apr-2009,30-Apr-09,0.1367
2009,Apr,30,30-Apr-2009,4-May-09,0.1024
2009,May,4,4-May-2009,5-May-09,0.102
2009,May,5,5-May-2009,6-May-09,0.1009
2009,May,6,6-May-2009,7-May-09,0.1004
2009,May,7,7-May-2009,8-May-09,0.1015
2009,May,8,8-May-2009,11-May-09,0.1008
2009,May,11,11-May-2009,12-May-09,0.0987
2009,May,12,12-May-2009,13-May-09,0.0969
2009,May,13,13-May-2009,14-May-09,0.095
2009,May,14,14-May-2009,15-May-09,0.0911
2009,May,15,15-May-2009,18-May-09,0.0674
2009,May,18,18-May-2009,19-May-09,0.0674
2009,May,19,19-May-2009,20-May-09,0.0698
2009,May,20,20-May-2009,21-May-09,0.0703
2009,May,21,21-May-2009,22-May-09,0.0766
2009,May,22,22-May-2009,25-May-09,0.0853
2009,May,25,25-May-2009,26-May-09,0.0855
2009,May,26,26-May-2009,27-May-09,0.085
2009,May,27,27-May-2009,28-May-09,0.0851
2009,May,28,28-May-2009,29-May-09,0.0854
2009,May,29,29-May-2009,1-Jun-09,0.0853
2009,Jun,1,1-Jun-2009,2-Jun-09,0.0848
2009,Jun,2,2-Jun-2009,3-Jun-09,0.0844
2009,Jun,3,3-Jun-2009,4-Jun-09,0.0865
2009,Jun,4,4-Jun-2009,5-Jun-09,0.0959
2009,Jun,5,5-Jun-2009,8-Jun-09,0.1309
2009,Jun,8,8-Jun-2009,9-Jun-09,0.1335
2009,Jun,9,9-Jun-2009,10-Jun-09,0.1355
2009,Jun,10,10-Jun-2009,11-Jun-09,0.1375
2009,Jun,11,11-Jun-2009,12-Jun-09,0.1384
2009,Jun,12,12-Jun-2009,15-Jun-09,0.1368
2009,Jun,15,15-Jun-2009,16-Jun-09,0.1361
2009,Jun,16,16-Jun-2009,17-Jun-09,0.1362
2009,Jun,17,17-Jun-2009,18-Jun-09,0.1363
2009,Jun,18,18-Jun-2009,19-Jun-09,0.1353
2009,Jun,19,19-Jun-2009,22-Jun-09,0.1246
2009,Jun,22,22-Jun-2009,23-Jun-09,0.1241
2009,Jun,23,23-Jun-2009,24-Jun-09,0.1237
2009,Jun,24,24-Jun-2009,25-Jun-09,0.1242
2009,Jun,25,25-Jun-2009,26-Jun-09,0.1269
2009,Jun,26,26-Jun-2009,29-Jun-09,0.1448
2009,Jun,29,29-Jun-2009,30-Jun-09,0.1568
2009,Jun,30,30-Jun-2009,1-Jul-09,0.1682
2009,Jul,1,1-Jul-2009,2-Jul-09,0.171
2009,Jul,2,2-Jul-2009,3-Jul-09,0.1731
2009,Jul,3,3-Jul-2009,6-Jul-09,0.1522
2009,Jul,6,6-Jul-2009,7-Jul-09,0.1416
2009,Jul,7,7-Jul-2009,8-Jul-09,0.1306
2009,Jul,8,8-Jul-2009,9-Jul-09,0.128
2009,Jul,9,9-Jul-2009,10-Jul-09,0.1262
2009,Jul,10,10-Jul-2009,13-Jul-09,0.1258
2009,Jul,13,13-Jul-2009,14-Jul-09,0.1275
2009,Jul,14,14-Jul-2009,15-Jul-09,0.1287
2009,Jul,15,15-Jul-2009,16-Jul-09,0.13
2009,Jul,16,16-Jul-2009,17-Jul-09,0.1309
2009,Jul,17,17-Jul-2009,20-Jul-09,0.1327
2009,Jul,20,20-Jul-2009,21-Jul-09,0.1337
2009,Jul,21,21-Jul-2009,22-Jul-09,0.1347
2009,Jul,22,22-Jul-2009,23-Jul-09,0.1333
2009,Jul,23,23-Jul-2009,24-Jul-09,0.1324
2009,Jul,24,24-Jul-2009,27-Jul-09,0.1289
2009,Jul,27,27-Jul-2009,28-Jul-09,0.1266
2009,Jul,28,28-Jul-2009,29-Jul-09,0.1258
2009,Jul,29,29-Jul-2009,30-Jul-09,0.119
2009,Jul,30,30-Jul-2009,31-Jul-09,0.1233
2009,Jul,31,31-Jul-2009,3-Aug-09,0.1487
2009,Aug,3,3-Aug-2009,4-Aug-09,0.1616
2009,Aug,4,4-Aug-2009,5-Aug-09,0.1737
2009,Aug,5,5-Aug-2009,6-Aug-09,0.1827
2009,Aug,6,6-Aug-2009,7-Aug-09,0.1916
2009,Aug,7,7-Aug-2009,11-Aug-09,0.225
2009,Aug,11,11-Aug-2009,12-Aug-09,0.2342
2009,Aug,12,12-Aug-2009,13-Aug-09,0.2368
2009,Aug,13,13-Aug-2009,14-Aug-09,0.2387
2009,Aug,14,14-Aug-2009,17-Aug-09,0.2469
2009,Aug,17,17-Aug-2009,18-Aug-09,0.2488
2009,Aug,18,18-Aug-2009,19-Aug-09,0.251
2009,Aug,19,19-Aug-2009,20-Aug-09,0.2535
2009,Aug,20,20-Aug-2009,21-Aug-09,0.2552
2009,Aug,21,21-Aug-2009,24-Aug-09,0.262
2009,Aug,24,24-Aug-2009,25-Aug-09,0.2632
2009,Aug,25,25-Aug-2009,26-Aug-09,0.2643
2009,Aug,26,26-Aug-2009,27-Aug-09,0.266
2009,Aug,27,27-Aug-2009,28-Aug-09,0.2696
2009,Aug,28,28-Aug-2009,31-Aug-09,0.2797
2009,Aug,31,31-Aug-2009,1-Sep-09,0.279
2009,Sep,1,1-Sep-2009,2-Sep-09,0.2723
2009,Sep,2,2-Sep-2009,3-Sep-09,0.268
2009,Sep,3,3-Sep-2009,4-Sep-09,0.2625
2009,Sep,4,4-Sep-2009,7-Sep-09,0.2482
2009,Sep,7,7-Sep-2009,8-Sep-09,0.2419
2009,Sep,8,8-Sep-2009,9-Sep-09,0.2362
2009,Sep,9,9-Sep-2009,10-Sep-09,0.228
2009,Sep,10,10-Sep-2009,11-Sep-09,0.2213
2009,Sep,11,11-Sep-2009,14-Sep-09,0.2108
2009,Sep,14,14-Sep-2009,15-Sep-09,0.2077
2009,Sep,15,15-Sep-2009,16-Sep-09,0.2056
2009,Sep,16,16-Sep-2009,17-Sep-09,0.2041
2009,Sep,17,17-Sep-2009,18-Sep-09,0.203
2009,Sep,18,18-Sep-2009,22-Sep-09,0.2025
2009,Sep,22,22-Sep-2009,23-Sep-09,0.2045
2009,Sep,23,23-Sep-2009,24-Sep-09,0.2103
2009,Sep,24,24-Sep-2009,25-Sep-09,0.2152
2009,Sep,25,25-Sep-2009,28-Sep-09,0.2218
2009,Sep,28,28-Sep-2009,29-Sep-09,0.2203
2009,Sep,29,29-Sep-2009,30-Sep-09,0.2199
2009,Sep,30,30-Sep-2009,1-Oct-09,0.2128
2009,Oct,1,1-Oct-2009,2-Oct-09,0.2158
2009,Oct,2,2-Oct-2009,5-Oct-09,0.2117
2009,Oct,5,5-Oct-2009,6-Oct-09,0.208
2009,Oct,6,6-Oct-2009,7-Oct-09,0.2068
2009,Oct,7,7-Oct-2009,8-Oct-09,0.2173
2009,Oct,8,8-Oct-2009,9-Oct-09,0.2203
2009,Oct,9,9-Oct-2009,12-Oct-09,0.2405
2009,Oct,12,12-Oct-2009,13-Oct-09,0.2461
2009,Oct,13,13-Oct-2009,14-Oct-09,0.2504
2009,Oct,14,14-Oct-2009,15-Oct-09,0.2564
2009,Oct,15,15-Oct-2009,16-Oct-09,0.2615
2009,Oct,16,16-Oct-2009,19-Oct-09,0.2757
2009,Oct,19,19-Oct-2009,20-Oct-09,0.2789
2009,Oct,20,20-Oct-2009,21-Oct-09,0.2823
2009,Oct,21,21-Oct-2009,22-Oct-09,0.2852
2009,Oct,22,22-Oct-2009,23-Oct-09,0.2859
2009,Oct,23,23-Oct-2009,26-Oct-09,0.2791
2009,Oct,26,26-Oct-2009,27-Oct-09,0.2777
2009,Oct,27,27-Oct-2009,28-Oct-09,0.2763
2009,Oct,28,28-Oct-2009,29-Oct-09,0.275
2009,Oct,29,29-Oct-2009,30-Oct-09,0.2729
2009,Oct,30,30-Oct-2009,2-Nov-09,0.2826
2009,Nov,2,2-Nov-2009,3-Nov-09,0.2896
2009,Nov,3,3-Nov-2009,4-Nov-09,0.2931
2009,Nov,4,4-Nov-2009,5-Nov-09,0.2931
2009,Nov,5,5-Nov-2009,6-Nov-09,0.2981
2009,Nov,6,6-Nov-2009,9-Nov-09,0.2983
2009,Nov,9,9-Nov-2009,10-Nov-09,0.2961
2009,Nov,10,10-Nov-2009,11-Nov-09,0.294
2009,Nov,11,11-Nov-2009,12-Nov-09,0.2918
2009,Nov,12,12-Nov-2009,13-Nov-09,0.2911
2009,Nov,13,13-Nov-2009,16-Nov-09,0.2852
2009,Nov,16,16-Nov-2009,17-Nov-09,0.2816
2009,Nov,17,17-Nov-2009,18-Nov-09,0.2755
2009,Nov,18,18-Nov-2009,19-Nov-09,0.2686
2009,Nov,19,19-Nov-2009,20-Nov-09,0.2667
2009,Nov,20,20-Nov-2009,23-Nov-09,0.2679
2009,Nov,23,23-Nov-2009,24-Nov-09,0.2678
2009,Nov,24,24-Nov-2009,25-Nov-09,0.2675
2009,Nov,25,25-Nov-2009,26-Nov-09,0.2746
2009,Nov,26,26-Nov-2009,30-Nov-09,0.2797
2009,Nov,30,30-Nov-2009,1-Dec-09,0.2687
2009,Dec,1,1-Dec-2009,2-Dec-09,0.2604
2009,Dec,2,2-Dec-2009,3-Dec-09,0.2482
2009,Dec,3,3-Dec-2009,4-Dec-09,0.2428
2009,Dec,4,4-Dec-2009,7-Dec-09,0.2362
2009,Dec,7,7-Dec-2009,8-Dec-09,0.2315
2009,Dec,8,8-Dec-2009,9-Dec-09,0.2263
2009,Dec,9,9-Dec-2009,10-Dec-09,0.2229
2009,Dec,10,10-Dec-2009,11-Dec-09,0.2179
2009,Dec,11,11-Dec-2009,14-Dec-09,0.1978
2009,Dec,14,14-Dec-2009,15-Dec-09,0.1928
2009,Dec,15,15-Dec-2009,16-Dec-09,0.1874
2009,Dec,16,16-Dec-2009,17-Dec-09,0.1832
2009,Dec,17,17-Dec-2009,18-Dec-09,0.1828
2009,Dec,18,18-Dec-2009,21-Dec-09,0.1737
2009,Dec,21,21-Dec-2009,22-Dec-09,0.1681
2009,Dec,22,22-Dec-2009,23-Dec-09,0.1625
2009,Dec,23,23-Dec-2009,24-Dec-09,0.1574
2009,Dec,24,24-Dec-2009,28-Dec-09,0.1284
2009,Dec,28,28-Dec-2009,29-Dec-09,0.1213
2009,Dec,29,29-Dec-2009,30-Dec-09,0.1127
2009,Dec,30,30-Dec-2009,31-Dec-09,0.1101
2009,Dec,31,31-Dec-2009,4-Jan-10,0.1096
2010,Jan,4,4-Jan-2010,5-Jan-10,0.1072
2010,Jan,5,5-Jan-2010,6-Jan-10,0.1045
2010,Jan,6,6-Jan-2010,7-Jan-10,0.1018
2010,Jan,7,7-Jan-2010,8-Jan-10,0.1005
2010,Jan,8,8-Jan-2010,11-Jan-10,0.1016
2010,Jan,11,11-Jan-2010,12-Jan-10,0.1057
2010,Jan,12,12-Jan-2010,13-Jan-10,0.1087
2010,Jan,13,13-Jan-2010,14-Jan-10,0.112
2010,Jan,14,14-Jan-2010,15-Jan-10,0.113
2010,Jan,15,15-Jan-2010,18-Jan-10,0.1207
2010,Jan,18,18-Jan-2010,19-Jan-10,0.1206
2010,Jan,19,19-Jan-2010,20-Jan-10,0.1232
2010,Jan,20,20-Jan-2010,21-Jan-10,0.1255
2010,Jan,21,21-Jan-2010,22-Jan-10,0.1271
2010,Jan,22,22-Jan-2010,25-Jan-10,0.1298
2010,Jan,25,25-Jan-2010,26-Jan-10,0.1306
2010,Jan,26,26-Jan-2010,27-Jan-10,0.131
2010,Jan,27,27-Jan-2010,28-Jan-10,0.1305
2010,Jan,28,28-Jan-2010,29-Jan-10,0.1313
2010,Jan,29,29-Jan-2010,1-Feb-10,0.1365
2010,Feb,1,1-Feb-2010,2-Feb-10,0.1353
2010,Feb,2,2-Feb-2010,3-Feb-10,0.1335
2010,Feb,3,3-Feb-2010,4-Feb-10,0.1319
2010,Feb,4,4-Feb-2010,5-Feb-10,0.1317
2010,Feb,5,5-Feb-2010,8-Feb-10,0.138
2010,Feb,8,8-Feb-2010,9-Feb-10,0.1379
2010,Feb,9,9-Feb-2010,10-Feb-10,0.1379
2010,Feb,10,10-Feb-2010,11-Feb-10,0.1364
2010,Feb,11,11-Feb-2010,12-Feb-10,0.1354
2010,Feb,12,12-Feb-2010,17-Feb-10,0.1419
2010,Feb,17,17-Feb-2010,18-Feb-10,0.1417
2010,Feb,18,18-Feb-2010,19-Feb-10,0.1431
2010,Feb,19,19-Feb-2010,22-Feb-10,0.1414
2010,Feb,22,22-Feb-2010,23-Feb-10,0.1414
2010,Feb,23,23-Feb-2010,24-Feb-10,0.141
2010,Feb,24,24-Feb-2010,25-Feb-10,0.1397
2010,Feb,25,25-Feb-2010,26-Feb-10,0.1421
2010,Feb,26,26-Feb-2010,1-Mar-10,0.1629
2010,Mar,1,1-Mar-2010,2-Mar-10,0.1644
2010,Mar,2,2-Mar-2010,3-Mar-10,0.1656
2010,Mar,3,3-Mar-2010,4-Mar-10,0.1654
2010,Mar,4,4-Mar-2010,5-Mar-10,0.1636
2010,Mar,5,5-Mar-2010,8-Mar-10,0.153
2010,Mar,8,8-Mar-2010,9-Mar-10,0.1501
2010,Mar,9,9-Mar-2010,10-Mar-10,0.1469
2010,Mar,10,10-Mar-2010,11-Mar-10,0.1446
2010,Mar,11,11-Mar-2010,12-Mar-10,0.1423
2010,Mar,12,12-Mar-2010,15-Mar-10,0.134
2010,Mar,15,15-Mar-2010,16-Mar-10,0.131
2010,Mar,16,16-Mar-2010,17-Mar-10,0.1275
2010,Mar,17,17-Mar-2010,18-Mar-10,0.1257
2010,Mar,18,18-Mar-2010,19-Mar-10,0.124
2010,Mar,19,19-Mar-2010,22-Mar-10,0.1185
2010,Mar,22,22-Mar-2010,23-Mar-10,0.117
2010,Mar,23,23-Mar-2010,24-Mar-10,0.1161
2010,Mar,24,24-Mar-2010,25-Mar-10,0.1157
2010,Mar,25,25-Mar-2010,26-Mar-10,0.1143
2010,Mar,26,26-Mar-2010,29-Mar-10,0.1047
2010,Mar,29,29-Mar-2010,30-Mar-10,0.1047
2010,Mar,30,30-Mar-2010,31-Mar-10,0.1047
2010,Mar,31,31-Mar-2010,1-Apr-10,0.1013
2010,Apr,1,1-Apr-2010,5-Apr-10,0.1192
2010,Apr,5,5-Apr-2010,6-Apr-10,0.1205
2010,Apr,6,6-Apr-2010,7-Apr-10,0.1217
2010,Apr,7,7-Apr-2010,8-Apr-10,0.12
2010,Apr,8,8-Apr-2010,9-Apr-10,0.122
2010,Apr,9,9-Apr-2010,12-Apr-10,0.1239
2010,Apr,12,12-Apr-2010,13-Apr-10,0.1245
2010,Apr,13,13-Apr-2010,14-Apr-10,0.124
2010,Apr,14,14-Apr-2010,15-Apr-10,0.1235
2010,Apr,15,15-Apr-2010,16-Apr-10,0.1229
2010,Apr,16,16-Apr-2010,19-Apr-10,0.122
2010,Apr,19,19-Apr-2010,20-Apr-10,0.122
2010,Apr,20,20-Apr-2010,21-Apr-10,0.1221
2010,Apr,21,21-Apr-2010,22-Apr-10,0.1209
2010,Apr,22,22-Apr-2010,23-Apr-10,0.1195
2010,Apr,23,23-Apr-2010,26-Apr-10,0.1135
2010,Apr,26,26-Apr-2010,27-Apr-10,0.1116
2010,Apr,27,27-Apr-2010,28-Apr-10,0.112
2010,Apr,28,28-Apr-2010,29-Apr-10,0.1144
2010,Apr,29,29-Apr-2010,30-Apr-10,0.1149
2010,Apr,30,30-Apr-2010,3-May-10,0.0982
2010,May,3,3-May-2010,4-May-10,0.092
2010,May,4,4-May-2010,5-May-10,0.0855
2010,May,5,5-May-2010,6-May-10,0.0829
2010,May,6,6-May-2010,7-May-10,0.0825
2010,May,7,7-May-2010,10-May-10,0.0911
2010,May,10,10-May-2010,11-May-10,0.0924
2010,May,11,11-May-2010,12-May-10,0.0923
2010,May,12,12-May-2010,13-May-10,0.09
2010,May,13,13-May-2010,14-May-10,0.0886
2010,May,14,14-May-2010,17-May-10,0.0852
2010,May,17,17-May-2010,18-May-10,0.0839
2010,May,18,18-May-2010,19-May-10,0.083
2010,May,19,19-May-2010,20-May-10,0.0816
2010,May,20,20-May-2010,21-May-10,0.0805
2010,May,21,21-May-2010,24-May-10,0.0853
2010,May,24,24-May-2010,25-May-10,0.0869
2010,May,25,25-May-2010,26-May-10,0.0906
2010,May,26,26-May-2010,27-May-10,0.096
2010,May,27,27-May-2010,31-May-10,0.103
2010,May,31,31-May-2010,1-Jun-10,0.1038
2010,Jun,1,1-Jun-2010,2-Jun-10,0.1035
2010,Jun,2,2-Jun-2010,3-Jun-10,0.1028
2010,Jun,3,3-Jun-2010,4-Jun-10,0.1053
2010,Jun,4,4-Jun-2010,7-Jun-10,0.1217
2010,Jun,7,7-Jun-2010,8-Jun-10,0.1251
2010,Jun,8,8-Jun-2010,9-Jun-10,0.1291
2010,Jun,9,9-Jun-2010,10-Jun-10,0.1327
2010,Jun,10,10-Jun-2010,11-Jun-10,0.1326
2010,Jun,11,11-Jun-2010,14-Jun-10,0.1346
2010,Jun,14,14-Jun-2010,15-Jun-10,0.1358
2010,Jun,15,15-Jun-2010,16-Jun-10,0.1365
2010,Jun,16,16-Jun-2010,17-Jun-10,0.1373
2010,Jun,17,17-Jun-2010,18-Jun-10,0.1389
2010,Jun,18,18-Jun-2010,21-Jun-10,0.1482
2010,Jun,21,21-Jun-2010,22-Jun-10,0.1466
2010,Jun,22,22-Jun-2010,23-Jun-10,0.1451
2010,Jun,23,23-Jun-2010,24-Jun-10,0.1432
2010,Jun,24,24-Jun-2010,25-Jun-10,0.1424
2010,Jun,25,25-Jun-2010,28-Jun-10,0.1438
2010,Jun,28,28-Jun-2010,29-Jun-10,0.1418
2010,Jun,29,29-Jun-2010,30-Jun-10,0.1383
2010,Jun,30,30-Jun-2010,1-Jul-10,0.1363
2010,Jul,1,1-Jul-2010,2-Jul-10,0.1361
2010,Jul,2,2-Jul-2010,5-Jul-10,0.1268
2010,Jul,5,5-Jul-2010,6-Jul-10,0.1203
2010,Jul,6,6-Jul-2010,7-Jul-10,0.1141
2010,Jul,7,7-Jul-2010,8-Jul-10,0.1079
2010,Jul,8,8-Jul-2010,9-Jul-10,0.1017
2010,Jul,9,9-Jul-2010,12-Jul-10,0.1026
2010,Jul,12,12-Jul-2010,13-Jul-10,0.1055
2010,Jul,13,13-Jul-2010,14-Jul-10,0.1068
2010,Jul,14,14-Jul-2010,15-Jul-10,0.1079
2010,Jul,15,15-Jul-2010,16-Jul-10,0.1104
2010,Jul,16,16-Jul-2010,19-Jul-10,0.1196
2010,Jul,19,19-Jul-2010,20-Jul-10,0.1194
2010,Jul,20,20-Jul-2010,21-Jul-10,0.1183
2010,Jul,21,21-Jul-2010,22-Jul-10,0.1206
2010,Jul,22,22-Jul-2010,23-Jul-10,0.1226
2010,Jul,23,23-Jul-2010,26-Jul-10,0.1233
2010,Jul,26,26-Jul-2010,27-Jul-10,0.1189
2010,Jul,27,27-Jul-2010,28-Jul-10,0.1148
2010,Jul,28,28-Jul-2010,29-Jul-10,0.1145
2010,Jul,29,29-Jul-2010,30-Jul-10,0.117
2010,Jul,30,30-Jul-2010,2-Aug-10,0.1262
2010,Aug,2,2-Aug-2010,3-Aug-10,0.1279
2010,Aug,3,3-Aug-2010,4-Aug-10,0.1285
2010,Aug,4,4-Aug-2010,5-Aug-10,0.1279
2010,Aug,5,5-Aug-2010,6-Aug-10,0.1276
2010,Aug,6,6-Aug-2010,10-Aug-10,0.1268
2010,Aug,10,10-Aug-2010,11-Aug-10,0.1247
2010,Aug,11,11-Aug-2010,12-Aug-10,0.1217
2010,Aug,12,12-Aug-2010,13-Aug-10,0.1195
2010,Aug,13,13-Aug-2010,16-Aug-10,0.1166
2010,Aug,16,16-Aug-2010,17-Aug-10,0.1134
2010,Aug,17,17-Aug-2010,18-Aug-10,0.111
2010,Aug,18,18-Aug-2010,19-Aug-10,0.1083
2010,Aug,19,19-Aug-2010,20-Aug-10,0.1081
2010,Aug,20,20-Aug-2010,23-Aug-10,0.1077
2010,Aug,23,23-Aug-2010,24-Aug-10,0.108
2010,Aug,24,24-Aug-2010,25-Aug-10,0.1077
2010,Aug,25,25-Aug-2010,26-Aug-10,0.1078
2010,Aug,26,26-Aug-2010,27-Aug-10,0.1102
2010,Aug,27,27-Aug-2010,30-Aug-10,0.1118
2010,Aug,30,30-Aug-2010,31-Aug-10,0.1105
2010,Aug,31,31-Aug-2010,1-Sep-10,0.1093
2010,Sep,1,1-Sep-2010,2-Sep-10,0.1063
2010,Sep,2,2-Sep-2010,3-Sep-10,0.1066
2010,Sep,3,3-Sep-2010,6-Sep-10,0.1096
2010,Sep,6,6-Sep-2010,7-Sep-10,0.1084
2010,Sep,7,7-Sep-2010,8-Sep-10,0.1082
2010,Sep,8,8-Sep-2010,9-Sep-10,0.1074
2010,Sep,9,9-Sep-2010,13-Sep-10,0.1041
2010,Sep,13,13-Sep-2010,14-Sep-10,0.1048
2010,Sep,14,14-Sep-2010,15-Sep-10,0.1053
2010,Sep,15,15-Sep-2010,16-Sep-10,0.106
2010,Sep,16,16-Sep-2010,17-Sep-10,0.1074
2010,Sep,17,17-Sep-2010,20-Sep-10,0.1142
2010,Sep,20,20-Sep-2010,21-Sep-10,0.1157
2010,Sep,21,21-Sep-2010,22-Sep-10,0.1192
2010,Sep,22,22-Sep-2010,23-Sep-10,0.1233
2010,Sep,23,23-Sep-2010,24-Sep-10,0.1232
2010,Sep,24,24-Sep-2010,27-Sep-10,0.119
2010,Sep,27,27-Sep-2010,28-Sep-10,0.1171
2010,Sep,28,28-Sep-2010,29-Sep-10,0.1147
2010,Sep,29,29-Sep-2010,30-Sep-10,0.1125
2010,Sep,30,30-Sep-2010,1-Oct-10,0.1104
2010,Oct,1,1-Oct-2010,4-Oct-10,0.1082
2010,Oct,4,4-Oct-2010,5-Oct-10,0.1069
2010,Oct,5,5-Oct-2010,6-Oct-10,0.1056
2010,Oct,6,6-Oct-2010,7-Oct-10,0.1049
2010,Oct,7,7-Oct-2010,8-Oct-10,0.1031
2010,Oct,8,8-Oct-2010,11-Oct-10,0.1009
2010,Oct,11,11-Oct-2010,12-Oct-10,0.1005
2010,Oct,12,12-Oct-2010,13-Oct-10,0.1002
2010,Oct,13,13-Oct-2010,14-Oct-10,0.0985
2010,Oct,14,14-Oct-2010,15-Oct-10,0.0968
2010,Oct,15,15-Oct-2010,18-Oct-10,0.098
2010,Oct,18,18-Oct-2010,19-Oct-10,0.0988
2010,Oct,19,19-Oct-2010,20-Oct-10,0.0966
2010,Oct,20,20-Oct-2010,21-Oct-10,0.0951
2010,Oct,21,21-Oct-2010,22-Oct-10,0.0907
2010,Oct,22,22-Oct-2010,25-Oct-10,0.0832
2010,Oct,25,25-Oct-2010,26-Oct-10,0.0824
2010,Oct,26,26-Oct-2010,27-Oct-10,0.0822
2010,Oct,27,27-Oct-2010,28-Oct-10,0.0819
2010,Oct,28,28-Oct-2010,29-Oct-10,0.082
2010,Oct,29,29-Oct-2010,1-Nov-10,0.0798
2010,Nov,1,1-Nov-2010,2-Nov-10,0.0798
2010,Nov,2,2-Nov-2010,3-Nov-10,0.079
2010,Nov,3,3-Nov-2010,4-Nov-10,0.0776
2010,Nov,4,4-Nov-2010,8-Nov-10,0.0843
2010,Nov,8,8-Nov-2010,9-Nov-10,0.0859
2010,Nov,9,9-Nov-2010,10-Nov-10,0.087
2010,Nov,10,10-Nov-2010,11-Nov-10,0.0886
2010,Nov,11,11-Nov-2010,12-Nov-10,0.0885
2010,Nov,12,12-Nov-2010,15-Nov-10,0.0905
2010,Nov,15,15-Nov-2010,16-Nov-10,0.0885
2010,Nov,16,16-Nov-2010,18-Nov-10,0.0828
2010,Nov,18,18-Nov-2010,19-Nov-10,0.0783
2010,Nov,19,19-Nov-2010,22-Nov-10,0.0736
2010,Nov,22,22-Nov-2010,23-Nov-10,0.0733
2010,Nov,23,23-Nov-2010,24-Nov-10,0.0735
2010,Nov,24,24-Nov-2010,25-Nov-10,0.0735
2010,Nov,25,25-Nov-2010,26-Nov-10,0.0754
2010,Nov,26,26-Nov-2010,29-Nov-10,0.0825
2010,Nov,29,29-Nov-2010,30-Nov-10,0.087
2010,Nov,30,30-Nov-2010,1-Dec-10,0.0905
2010,Dec,1,1-Dec-2010,2-Dec-10,0.0899
2010,Dec,2,2-Dec-2010,3-Dec-10,0.0903
2010,Dec,3,3-Dec-2010,6-Dec-10,0.0891
2010,Dec,6,6-Dec-2010,7-Dec-10,0.0879
2010,Dec,7,7-Dec-2010,8-Dec-10,0.0866
2010,Dec,8,8-Dec-2010,9-Dec-10,0.0856
2010,Dec,9,9-Dec-2010,10-Dec-10,0.0852
2010,Dec,10,10-Dec-2010,13-Dec-10,0.0878
2010,Dec,13,13-Dec-2010,14-Dec-10,0.0878
2010,Dec,14,14-Dec-2010,15-Dec-10,0.0878
2010,Dec,15,15-Dec-2010,16-Dec-10,0.0865
2010,Dec,16,16-Dec-2010,17-Dec-10,0.0865
2010,Dec,17,17-Dec-2010,20-Dec-10,0.0843
2010,Dec,20,20-Dec-2010,21-Dec-10,0.084
2010,Dec,21,21-Dec-2010,22-Dec-10,0.0836
2010,Dec,22,22-Dec-2010,23-Dec-10,0.0828
2010,Dec,23,23-Dec-2010,24-Dec-10,0.0814
2010,Dec,24,24-Dec-2010,27-Dec-10,0.076
2010,Dec,27,27-Dec-2010,28-Dec-10,0.0737
2010,Dec,28,28-Dec-2010,29-Dec-10,0.0713
2010,Dec,29,29-Dec-2010,30-Dec-10,0.0659
2010,Dec,30,30-Dec-2010,31-Dec-10,0.0661
2010,Dec,31,31-Dec-2010,3-Jan-11,0.0685
2011,Jan,3,3-Jan-2011,4-Jan-11,0.0707
2011,Jan,4,4-Jan-2011,5-Jan-11,0.0713
2011,Jan,5,5-Jan-2011,6-Jan-11,0.0718
2011,Jan,6,6-Jan-2011,7-Jan-11,0.0722
2011,Jan,7,7-Jan-2011,10-Jan-11,0.0726
2011,Jan,10,10-Jan-2011,11-Jan-11,0.0719
2011,Jan,11,11-Jan-2011,12-Jan-11,0.0701
2011,Jan,12,12-Jan-2011,13-Jan-11,0.0678
2011,Jan,13,13-Jan-2011,14-Jan-11,0.0666
2011,Jan,14,14-Jan-2011,17-Jan-11,0.0642
2011,Jan,17,17-Jan-2011,18-Jan-11,0.0639
2011,Jan,18,18-Jan-2011,19-Jan-11,0.0639
2011,Jan,19,19-Jan-2011,20-Jan-11,0.0634
2011,Jan,20,20-Jan-2011,21-Jan-11,0.0631
2011,Jan,21,21-Jan-2011,24-Jan-11,0.0634
2011,Jan,24,24-Jan-2011,25-Jan-11,0.0626
2011,Jan,25,25-Jan-2011,26-Jan-11,0.0616
2011,Jan,26,26-Jan-2011,27-Jan-11,0.0612
2011,Jan,27,27-Jan-2011,28-Jan-11,0.0618
2011,Jan,28,28-Jan-2011,31-Jan-11,0.0689
2011,Jan,31,31-Jan-2011,1-Feb-11,0.0722
2011,Feb,1,1-Feb-2011,2-Feb-11,0.0742
2011,Feb,2,2-Feb-2011,7-Feb-11,0.0939
2011,Feb,7,7-Feb-2011,8-Feb-11,0.0938
2011,Feb,8,8-Feb-2011,9-Feb-11,0.0932
2011,Feb,9,9-Feb-2011,10-Feb-11,0.0917
2011,Feb,10,10-Feb-2011,11-Feb-11,0.0901
2011,Feb,11,11-Feb-2011,14-Feb-11,0.0891
2011,Feb,14,14-Feb-2011,15-Feb-11,0.0888
2011,Feb,15,15-Feb-2011,16-Feb-11,0.0892
2011,Feb,16,16-Feb-2011,17-Feb-11,0.0894
2011,Feb,17,17-Feb-2011,18-Feb-11,0.0897
2011,Feb,18,18-Feb-2011,21-Feb-11,0.0912
2011,Feb,21,21-Feb-2011,22-Feb-11,0.0915
2011,Feb,22,22-Feb-2011,23-Feb-11,0.0918
2011,Feb,23,23-Feb-2011,24-Feb-11,0.0913
2011,Feb,24,24-Feb-2011,25-Feb-11,0.0916
2011,Feb,25,25-Feb-2011,28-Feb-11,0.0936
2011,Feb,28,28-Feb-2011,1-Mar-11,0.0834
2011,Mar,1,1-Mar-2011,2-Mar-11,0.0789
2011,Mar,2,2-Mar-2011,3-Mar-11,0.0721
2011,Mar,3,3-Mar-2011,4-Mar-11,0.065
2011,Mar,4,4-Mar-2011,7-Mar-11,0.044
2011,Mar,7,7-Mar-2011,8-Mar-11,0.0424
2011,Mar,8,8-Mar-2011,9-Mar-11,0.0413
2011,Mar,9,9-Mar-2011,10-Mar-11,0.0411
2011,Mar,10,10-Mar-2011,11-Mar-11,0.0408
2011,Mar,11,11-Mar-2011,14-Mar-11,0.0401
2011,Mar,14,14-Mar-2011,15-Mar-11,0.0397
2011,Mar,15,15-Mar-2011,16-Mar-11,0.0384
2011,Mar,16,16-Mar-2011,17-Mar-11,0.0373
2011,Mar,17,17-Mar-2011,18-Mar-11,0.0364
2011,Mar,18,18-Mar-2011,21-Mar-11,0.0328
2011,Mar,21,21-Mar-2011,22-Mar-11,0.0314
2011,Mar,22,22-Mar-2011,23-Mar-11,0.03
2011,Mar,23,23-Mar-2011,24-Mar-11,0.0293
2011,Mar,24,24-Mar-2011,25-Mar-11,0.0284
2011,Mar,25,25-Mar-2011,28-Mar-11,0.0223
2011,Mar,28,28-Mar-2011,29-Mar-11,0.023
2011,Mar,29,29-Mar-2011,30-Mar-11,0.0241
2011,Mar,30,30-Mar-2011,31-Mar-11,0.0264
2011,Mar,31,31-Mar-2011,1-Apr-11,0.0292
2011,Apr,1,1-Apr-2011,4-Apr-11,0.0389
2011,Apr,4,4-Apr-2011,5-Apr-11,0.0413
2011,Apr,5,5-Apr-2011,6-Apr-11,0.0418
2011,Apr,6,6-Apr-2011,7-Apr-11,0.0418
2011,Apr,7,7-Apr-2011,8-Apr-11,0.042
2011,Apr,8,8-Apr-2011,11-Apr-11,0.042
2011,Apr,11,11-Apr-2011,12-Apr-11,0.0419
2011,Apr,12,12-Apr-2011,13-Apr-11,0.0419
2011,Apr,13,13-Apr-2011,14-Apr-11,0.0418
2011,Apr,14,14-Apr-2011,15-Apr-11,0.0417
2011,Apr,15,15-Apr-2011,18-Apr-11,0.0427
2011,Apr,18,18-Apr-2011,19-Apr-11,0.043
2011,Apr,19,19-Apr-2011,20-Apr-11,0.0449
2011,Apr,20,20-Apr-2011,21-Apr-11,0.0481
2011,Apr,21,21-Apr-2011,25-Apr-11,0.0567
2011,Apr,25,25-Apr-2011,26-Apr-11,0.0583
2011,Apr,26,26-Apr-2011,27-Apr-11,0.0619
2011,Apr,27,27-Apr-2011,28-Apr-11,0.0672
2011,Apr,28,28-Apr-2011,29-Apr-11,0.0698
2011,Apr,29,29-Apr-2011,3-May-11,0.0693
2011,May,3,3-May-2011,4-May-11,0.0674
2011,May,4,4-May-2011,5-May-11,0.0661
2011,May,5,5-May-2011,6-May-11,0.0656
2011,May,6,6-May-2011,9-May-11,0.0665
2011,May,9,9-May-2011,10-May-11,0.0675
2011,May,10,10-May-2011,11-May-11,0.0704
2011,May,11,11-May-2011,12-May-11,0.0733
2011,May,12,12-May-2011,13-May-11,0.0744
2011,May,13,13-May-2011,16-May-11,0.0809
2011,May,16,16-May-2011,18-May-11,0.0821
2011,May,18,18-May-2011,19-May-11,0.0827
2011,May,19,19-May-2011,20-May-11,0.0813
2011,May,20,20-May-2011,23-May-11,0.075
2011,May,23,23-May-2011,24-May-11,0.0733
2011,May,24,24-May-2011,25-May-11,0.0722
2011,May,25,25-May-2011,26-May-11,0.0735
2011,May,26,26-May-2011,27-May-11,0.0733
2011,May,27,27-May-2011,30-May-11,0.0681
2011,May,30,30-May-2011,31-May-11,0.0685
2011,May,31,31-May-2011,1-Jun-11,0.0674
2011,Jun,1,1-Jun-2011,2-Jun-11,0.0656
2011,Jun,2,2-Jun-2011,3-Jun-11,0.0636
2011,Jun,3,3-Jun-2011,6-Jun-11,0.0645
2011,Jun,6,6-Jun-2011,7-Jun-11,0.0654
2011,Jun,7,7-Jun-2011,8-Jun-11,0.0651
2011,Jun,8,8-Jun-2011,9-Jun-11,0.0652
2011,Jun,9,9-Jun-2011,10-Jun-11,0.0645
2011,Jun,10,10-Jun-2011,13-Jun-11,0.0582
2011,Jun,13,13-Jun-2011,14-Jun-11,0.0564
2011,Jun,14,14-Jun-2011,15-Jun-11,0.0549
2011,Jun,15,15-Jun-2011,16-Jun-11,0.0534
2011,Jun,16,16-Jun-2011,17-Jun-11,0.0538
2011,Jun,17,17-Jun-2011,20-Jun-11,0.0565
2011,Jun,20,20-Jun-2011,21-Jun-11,0.058
2011,Jun,21,21-Jun-2011,22-Jun-11,0.0584
2011,Jun,22,22-Jun-2011,23-Jun-11,0.0585
2011,Jun,23,23-Jun-2011,24-Jun-11,0.0586
2011,Jun,24,24-Jun-2011,27-Jun-11,0.0531
2011,Jun,27,27-Jun-2011,28-Jun-11,0.0515
2011,Jun,28,28-Jun-2011,29-Jun-11,0.0512
2011,Jun,29,29-Jun-2011,30-Jun-11,0.0496
2011,Jun,30,30-Jun-2011,1-Jul-11,0.048
2011,Jul,1,1-Jul-2011,4-Jul-11,0.0456
2011,Jul,4,4-Jul-2011,5-Jul-11,0.0444
2011,Jul,5,5-Jul-2011,6-Jul-11,0.0434
2011,Jul,6,6-Jul-2011,7-Jul-11,0.0433
2011,Jul,7,7-Jul-2011,8-Jul-11,0.0444
2011,Jul,8,8-Jul-2011,11-Jul-11,0.0449
2011,Jul,11,11-Jul-2011,12-Jul-11,0.0455
2011,Jul,12,12-Jul-2011,13-Jul-11,0.0456
2011,Jul,13,13-Jul-2011,14-Jul-11,0.046
2011,Jul,14,14-Jul-2011,15-Jul-11,0.0464
2011,Jul,15,15-Jul-2011,18-Jul-11,0.0467
2011,Jul,18,18-Jul-2011,19-Jul-11,0.0463
2011,Jul,19,19-Jul-2011,20-Jul-11,0.0457
2011,Jul,20,20-Jul-2011,21-Jul-11,0.0441
2011,Jul,21,21-Jul-2011,22-Jul-11,0.0444
2011,Jul,22,22-Jul-2011,25-Jul-11,0.0448
2011,Jul,25,25-Jul-2011,26-Jul-11,0.0442
2011,Jul,26,26-Jul-2011,27-Jul-11,0.0439
2011,Jul,27,27-Jul-2011,28-Jul-11,0.0433
2011,Jul,28,28-Jul-2011,29-Jul-11,0.0409
2011,Jul,29,29-Jul-2011,1-Aug-11,0.0378
2011,Aug,1,1-Aug-2011,2-Aug-11,0.0376
2011,Aug,2,2-Aug-2011,3-Aug-11,0.0373
2011,Aug,3,3-Aug-2011,4-Aug-11,0.0383
2011,Aug,4,4-Aug-2011,5-Aug-11,0.0387
2011,Aug,5,5-Aug-2011,8-Aug-11,0.0378
2011,Aug,8,8-Aug-2011,10-Aug-11,0.0395
2011,Aug,10,10-Aug-2011,11-Aug-11,0.0394
2011,Aug,11,11-Aug-2011,12-Aug-11,0.0384
2011,Aug,12,12-Aug-2011,15-Aug-11,0.0366
2011,Aug,15,15-Aug-2011,16-Aug-11,0.0355
2011,Aug,16,16-Aug-2011,17-Aug-11,0.0349
2011,Aug,17,17-Aug-2011,18-Aug-11,0.0357
2011,Aug,18,18-Aug-2011,19-Aug-11,0.0372
2011,Aug,19,19-Aug-2011,22-Aug-11,0.0396
2011,Aug,22,22-Aug-2011,23-Aug-11,0.0419
2011,Aug,23,23-Aug-2011,24-Aug-11,0.0438
2011,Aug,24,24-Aug-2011,25-Aug-11,0.0451
2011,Aug,25,25-Aug-2011,26-Aug-11,0.0455
2011,Aug,26,26-Aug-2011,29-Aug-11,0.0475
2011,Aug,29,29-Aug-2011,31-Aug-11,0.0479
2011,Aug,31,31-Aug-2011,1-Sep-11,0.049
2011,Sep,1,1-Sep-2011,2-Sep-11,0.049
2011,Sep,2,2-Sep-2011,5-Sep-11,0.0483
2011,Sep,5,5-Sep-2011,6-Sep-11,0.048
2011,Sep,6,6-Sep-2011,7-Sep-11,0.0479
2011,Sep,7,7-Sep-2011,8-Sep-11,0.0479
2011,Sep,8,8-Sep-2011,9-Sep-11,0.0476
2011,Sep,9,9-Sep-2011,12-Sep-11,0.0499
2011,Sep,12,12-Sep-2011,13-Sep-11,0.0515
2011,Sep,13,13-Sep-2011,14-Sep-11,0.0527
2011,Sep,14,14-Sep-2011,15-Sep-11,0.0541
2011,Sep,15,15-Sep-2011,16-Sep-11,0.0559
2011,Sep,16,16-Sep-2011,19-Sep-11,0.0548
2011,Sep,19,19-Sep-2011,20-Sep-11,0.0537
2011,Sep,20,20-Sep-2011,21-Sep-11,0.0537
2011,Sep,21,21-Sep-2011,22-Sep-11,0.0532
2011,Sep,22,22-Sep-2011,23-Sep-11,0.0516
2011,Sep,23,23-Sep-2011,26-Sep-11,0.0528
2011,Sep,26,26-Sep-2011,27-Sep-11,0.0538
2011,Sep,27,27-Sep-2011,28-Sep-11,0.0546
2011,Sep,28,28-Sep-2011,29-Sep-11,0.0542
2011,Sep,29,29-Sep-2011,30-Sep-11,0.054
2011,Sep,30,30-Sep-2011,3-Oct-11,0.0554
2011,Oct,3,3-Oct-2011,4-Oct-11,0.0564
2011,Oct,4,4-Oct-2011,5-Oct-11,0.0567
2011,Oct,5,5-Oct-2011,6-Oct-11,0.0573
2011,Oct,6,6-Oct-2011,7-Oct-11,0.057
2011,Oct,7,7-Oct-2011,10-Oct-11,0.0544
2011,Oct,10,10-Oct-2011,11-Oct-11,0.0533
2011,Oct,11,11-Oct-2011,12-Oct-11,0.0525
2011,Oct,12,12-Oct-2011,13-Oct-11,0.0511
2011,Oct,13,13-Oct-2011,14-Oct-11,0.0502
2011,Oct,14,14-Oct-2011,17-Oct-11,0.048
2011,Oct,17,17-Oct-2011,18-Oct-11,0.0491
2011,Oct,18,18-Oct-2011,19-Oct-11,0.0491
2011,Oct,19,19-Oct-2011,20-Oct-11,0.0503
2011,Oct,20,20-Oct-2011,21-Oct-11,0.0502
2011,Oct,21,21-Oct-2011,24-Oct-11,0.0498
2011,Oct,24,24-Oct-2011,25-Oct-11,0.0487
2011,Oct,25,25-Oct-2011,27-Oct-11,0.0475
2011,Oct,27,27-Oct-2011,28-Oct-11,0.047
2011,Oct,28,28-Oct-2011,31-Oct-11,0.0486
2011,Oct,31,31-Oct-2011,1-Nov-11,0.0498
2011,Nov,1,1-Nov-2011,2-Nov-11,0.0511
2011,Nov,2,2-Nov-2011,3-Nov-11,0.0529
2011,Nov,3,3-Nov-2011,4-Nov-11,0.052
2011,Nov,4,4-Nov-2011,8-Nov-11,0.0499
2011,Nov,8,8-Nov-2011,9-Nov-11,0.0503
2011,Nov,9,9-Nov-2011,10-Nov-11,0.0504
2011,Nov,10,10-Nov-2011,11-Nov-11,0.0511
2011,Nov,11,11-Nov-2011,14-Nov-11,0.0521
2011,Nov,14,14-Nov-2011,15-Nov-11,0.0514
2011,Nov,15,15-Nov-2011,16-Nov-11,0.0507
2011,Nov,16,16-Nov-2011,17-Nov-11,0.0504
2011,Nov,17,17-Nov-2011,18-Nov-11,0.0492
2011,Nov,18,18-Nov-2011,21-Nov-11,0.0529
2011,Nov,21,21-Nov-2011,22-Nov-11,0.0568
2011,Nov,22,22-Nov-2011,23-Nov-11,0.0622
2011,Nov,23,23-Nov-2011,24-Nov-11,0.0629
2011,Nov,24,24-Nov-2011,25-Nov-11,0.0624
2011,Nov,25,25-Nov-2011,28-Nov-11,0.0625
2011,Nov,28,28-Nov-2011,29-Nov-11,0.0623
2011,Nov,29,29-Nov-2011,30-Nov-11,0.0631
2011,Nov,30,30-Nov-2011,1-Dec-11,0.0621
2011,Dec,1,1-Dec-2011,2-Dec-11,0.0601
2011,Dec,2,2-Dec-2011,5-Dec-11,0.0566
2011,Dec,5,5-Dec-2011,6-Dec-11,0.0568
2011,Dec,6,6-Dec-2011,7-Dec-11,0.0572
2011,Dec,7,7-Dec-2011,8-Dec-11,0.0582
2011,Dec,8,8-Dec-2011,9-Dec-11,0.0586
2011,Dec,9,9-Dec-2011,12-Dec-11,0.0628
2011,Dec,12,12-Dec-2011,13-Dec-11,0.0635
2011,Dec,13,13-Dec-2011,14-Dec-11,0.0642
2011,Dec,14,14-Dec-2011,15-Dec-11,0.0677
2011,Dec,15,15-Dec-2011,16-Dec-11,0.0693
2011,Dec,16,16-Dec-2011,19-Dec-11,0.0665
2011,Dec,19,19-Dec-2011,20-Dec-11,0.064
2011,Dec,20,20-Dec-2011,21-Dec-11,0.0617
2011,Dec,21,21-Dec-2011,22-Dec-11,0.0567
2011,Dec,22,22-Dec-2011,23-Dec-11,0.0504
2011,Dec,23,23-Dec-2011,27-Dec-11,0.047
2011,Dec,27,27-Dec-2011,28-Dec-11,0.0468
2011,Dec,28,28-Dec-2011,29-Dec-11,0.0465
2011,Dec,29,29-Dec-2011,30-Dec-11,0.0456
2011,Dec,30,30-Dec-2011,3-Jan-12,0.0543
2012,Jan,3,3-Jan-2012,4-Jan-12,0.0544
2012,Jan,4,4-Jan-2012,5-Jan-12,0.0549
2012,Jan,5,5-Jan-2012,6-Jan-12,0.0563
2012,Jan,6,6-Jan-2012,9-Jan-12,0.0612
2012,Jan,9,9-Jan-2012,10-Jan-12,0.0601
2012,Jan,10,10-Jan-2012,11-Jan-12,0.0588
2012,Jan,11,11-Jan-2012,12-Jan-12,0.0572
2012,Jan,12,12-Jan-2012,13-Jan-12,0.0561
2012,Jan,13,13-Jan-2012,16-Jan-12,0.0506
2012,Jan,16,16-Jan-2012,17-Jan-12,0.0504
2012,Jan,17,17-Jan-2012,18-Jan-12,0.0505
2012,Jan,18,18-Jan-2012,19-Jan-12,0.0505
2012,Jan,19,19-Jan-2012,20-Jan-12,0.0515
2012,Jan,20,20-Jan-2012,25-Jan-12,0.0648
2012,Jan,25,25-Jan-2012,26-Jan-12,0.0675
2012,Jan,26,26-Jan-2012,27-Jan-12,0.0703
2012,Jan,27,27-Jan-2012,30-Jan-12,0.0723
2012,Jan,30,30-Jan-2012,31-Jan-12,0.0721
2012,Jan,31,31-Jan-2012,1-Feb-12,0.0719
2012,Feb,1,1-Feb-2012,2-Feb-12,0.0714
2012,Feb,2,2-Feb-2012,3-Feb-12,0.0711
2012,Feb,3,3-Feb-2012,6-Feb-12,0.0693
2012,Feb,6,6-Feb-2012,7-Feb-12,0.0672
2012,Feb,7,7-Feb-2012,8-Feb-12,0.0651
2012,Feb,8,8-Feb-2012,9-Feb-12,0.0634
2012,Feb,9,9-Feb-2012,10-Feb-12,0.0629
2012,Feb,10,10-Feb-2012,13-Feb-12,0.0636
2012,Feb,13,13-Feb-2012,14-Feb-12,0.0634
2012,Feb,14,14-Feb-2012,15-Feb-12,0.0639
2012,Feb,15,15-Feb-2012,16-Feb-12,0.0642
2012,Feb,16,16-Feb-2012,17-Feb-12,0.0647
2012,Feb,17,17-Feb-2012,20-Feb-12,0.0622
2012,Feb,20,20-Feb-2012,21-Feb-12,0.059
2012,Feb,21,21-Feb-2012,22-Feb-12,0.0562
2012,Feb,22,22-Feb-2012,23-Feb-12,0.0532
2012,Feb,23,23-Feb-2012,24-Feb-12,0.0502
2012,Feb,24,24-Feb-2012,27-Feb-12,0.0408
2012,Feb,27,27-Feb-2012,28-Feb-12,0.0395
2012,Feb,28,28-Feb-2012,29-Feb-12,0.0386
2012,Feb,29,29-Feb-2012,1-Mar-12,0.0343
2012,Mar,1,1-Mar-2012,2-Mar-12,0.0331
2012,Mar,2,2-Mar-2012,5-Mar-12,0.0342
2012,Mar,5,5-Mar-2012,6-Mar-12,0.0354
2012,Mar,6,6-Mar-2012,7-Mar-12,0.0354
2012,Mar,7,7-Mar-2012,8-Mar-12,0.0358
2012,Mar,8,8-Mar-2012,9-Mar-12,0.0355
2012,Mar,9,9-Mar-2012,12-Mar-12,0.0352
2012,Mar,12,12-Mar-2012,13-Mar-12,0.0348
2012,Mar,13,13-Mar-2012,14-Mar-12,0.0352
2012,Mar,14,14-Mar-2012,15-Mar-12,0.0349
2012,Mar,15,15-Mar-2012,16-Mar-12,0.0351
2012,Mar,16,16-Mar-2012,19-Mar-12,0.0388
2012,Mar,19,19-Mar-2012,20-Mar-12,0.0413
2012,Mar,20,20-Mar-2012,21-Mar-12,0.0426
2012,Mar,21,21-Mar-2012,22-Mar-12,0.043
2012,Mar,22,22-Mar-2012,23-Mar-12,0.0431
2012,Mar,23,23-Mar-2012,26-Mar-12,0.0429
2012,Mar,26,26-Mar-2012,27-Mar-12,0.043
2012,Mar,27,27-Mar-2012,28-Mar-12,0.0432
2012,Mar,28,28-Mar-2012,29-Mar-12,0.044
2012,Mar,29,29-Mar-2012,30-Mar-12,0.044
2012,Mar,30,30-Mar-2012,2-Apr-12,0.0428
2012,Apr,2,2-Apr-2012,3-Apr-12,0.0422
2012,Apr,3,3-Apr-2012,4-Apr-12,0.0409
2012,Apr,4,4-Apr-2012,5-Apr-12,0.04
2012,Apr,5,5-Apr-2012,9-Apr-12,0.0374
2012,Apr,9,9-Apr-2012,10-Apr-12,0.0374
2012,Apr,10,10-Apr-2012,11-Apr-12,0.037
2012,Apr,11,11-Apr-2012,12-Apr-12,0.0367
2012,Apr,12,12-Apr-2012,13-Apr-12,0.0366
2012,Apr,13,13-Apr-2012,16-Apr-12,0.0356
2012,Apr,16,16-Apr-2012,17-Apr-12,0.0343
2012,Apr,17,17-Apr-2012,18-Apr-12,0.0329
2012,Apr,18,18-Apr-2012,19-Apr-12,0.0319
2012,Apr,19,19-Apr-2012,20-Apr-12,0.0297
2012,Apr,20,20-Apr-2012,23-Apr-12,0.0276
2012,Apr,23,23-Apr-2012,24-Apr-12,0.0277
2012,Apr,24,24-Apr-2012,25-Apr-12,0.0279
2012,Apr,25,25-Apr-2012,26-Apr-12,0.0286
2012,Apr,26,26-Apr-2012,27-Apr-12,0.0293
2012,Apr,27,27-Apr-2012,30-Apr-12,0.0299
2012,Apr,30,30-Apr-2012,2-May-12,0.0325
2012,May,2,2-May-2012,3-May-12,0.0341
2012,May,3,3-May-2012,4-May-12,0.0365
2012,May,4,4-May-2012,7-May-12,0.0507
2012,May,7,7-May-2012,8-May-12,0.0536
2012,May,8,8-May-2012,9-May-12,0.0548
2012,May,9,9-May-2012,10-May-12,0.0547
2012,May,10,10-May-2012,11-May-12,0.0551
2012,May,11,11-May-2012,14-May-12,0.0571
2012,May,14,14-May-2012,15-May-12,0.0582
2012,May,15,15-May-2012,16-May-12,0.0592
2012,May,16,16-May-2012,17-May-12,0.0598
2012,May,17,17-May-2012,18-May-12,0.0602
2012,May,18,18-May-2012,21-May-12,0.0619
2012,May,21,21-May-2012,22-May-12,0.0621
2012,May,22,22-May-2012,23-May-12,0.0627
2012,May,23,23-May-2012,24-May-12,0.063
2012,May,24,24-May-2012,25-May-12,0.0634
2012,May,25,25-May-2012,28-May-12,0.0633
2012,May,28,28-May-2012,29-May-12,0.0628
2012,May,29,29-May-2012,30-May-12,0.0628
2012,May,30,30-May-2012,31-May-12,0.0622
2012,May,31,31-May-2012,1-Jun-12,0.0612
2012,Jun,1,1-Jun-2012,4-Jun-12,0.0561
2012,Jun,4,4-Jun-2012,5-Jun-12,0.0516
2012,Jun,5,5-Jun-2012,6-Jun-12,0.0481
2012,Jun,6,6-Jun-2012,7-Jun-12,0.045
2012,Jun,7,7-Jun-2012,8-Jun-12,0.0434
2012,Jun,8,8-Jun-2012,11-Jun-12,0.0459
2012,Jun,11,11-Jun-2012,12-Jun-12,0.0459
2012,Jun,12,12-Jun-2012,13-Jun-12,0.0456
2012,Jun,13,13-Jun-2012,14-Jun-12,0.0464
2012,Jun,14,14-Jun-2012,15-Jun-12,0.0461
2012,Jun,15,15-Jun-2012,18-Jun-12,0.0476
2012,Jun,18,18-Jun-2012,19-Jun-12,0.0473
2012,Jun,19,19-Jun-2012,20-Jun-12,0.0483
2012,Jun,20,20-Jun-2012,21-Jun-12,0.0501
2012,Jun,21,21-Jun-2012,22-Jun-12,0.0511
2012,Jun,22,22-Jun-2012,25-Jun-12,0.0529
2012,Jun,25,25-Jun-2012,26-Jun-12,0.0526
2012,Jun,26,26-Jun-2012,27-Jun-12,0.0519
2012,Jun,27,27-Jun-2012,28-Jun-12,0.0518
2012,Jun,28,28-Jun-2012,29-Jun-12,0.0516
2012,Jun,29,29-Jun-2012,2-Jul-12,0.0527
2012,Jul,2,2-Jul-2012,3-Jul-12,0.0526
2012,Jul,3,3-Jul-2012,4-Jul-12,0.0522
2012,Jul,4,4-Jul-2012,5-Jul-12,0.0521
2012,Jul,5,5-Jul-2012,6-Jul-12,0.0508
2012,Jul,6,6-Jul-2012,9-Jul-12,0.0494
2012,Jul,9,9-Jul-2012,10-Jul-12,0.048
2012,Jul,10,10-Jul-2012,11-Jul-12,0.0468
2012,Jul,11,11-Jul-2012,12-Jul-12,0.0466
2012,Jul,12,12-Jul-2012,13-Jul-12,0.0461
2012,Jul,13,13-Jul-2012,16-Jul-12,0.0436
2012,Jul,16,16-Jul-2012,17-Jul-12,0.0426
2012,Jul,17,17-Jul-2012,18-Jul-12,0.0419
2012,Jul,18,18-Jul-2012,19-Jul-12,0.0419
2012,Jul,19,19-Jul-2012,20-Jul-12,0.0416
2012,Jul,20,20-Jul-2012,23-Jul-12,0.0403
2012,Jul,23,23-Jul-2012,24-Jul-12,0.0401
2012,Jul,24,24-Jul-2012,25-Jul-12,0.0417
2012,Jul,25,25-Jul-2012,26-Jul-12,0.0434
2012,Jul,26,26-Jul-2012,27-Jul-12,0.0453
2012,Jul,27,27-Jul-2012,30-Jul-12,0.0538
2012,Jul,30,30-Jul-2012,31-Jul-12,0.0566
2012,Jul,31,31-Jul-2012,1-Aug-12,0.0597
2012,Aug,1,1-Aug-2012,2-Aug-12,0.0608
2012,Aug,2,2-Aug-2012,3-Aug-12,0.0611
2012,Aug,3,3-Aug-2012,6-Aug-12,0.0634
2012,Aug,6,6-Aug-2012,7-Aug-12,0.0635
2012,Aug,7,7-Aug-2012,8-Aug-12,0.0636
2012,Aug,8,8-Aug-2012,10-Aug-12,0.067
2012,Aug,10,10-Aug-2012,13-Aug-12,0.0705
2012,Aug,13,13-Aug-2012,14-Aug-12,0.072
2012,Aug,14,14-Aug-2012,15-Aug-12,0.0735
2012,Aug,15,15-Aug-2012,16-Aug-12,0.0771
2012,Aug,16,16-Aug-2012,17-Aug-12,0.0796
2012,Aug,17,17-Aug-2012,21-Aug-12,0.0813
2012,Aug,21,21-Aug-2012,22-Aug-12,0.0821
2012,Aug,22,22-Aug-2012,23-Aug-12,0.0822
2012,Aug,23,23-Aug-2012,24-Aug-12,0.0838
2012,Aug,24,24-Aug-2012,27-Aug-12,0.084
2012,Aug,27,27-Aug-2012,28-Aug-12,0.0822
2012,Aug,28,28-Aug-2012,29-Aug-12,0.0792
2012,Aug,29,29-Aug-2012,30-Aug-12,0.0766
2012,Aug,30,30-Aug-2012,31-Aug-12,0.0737
2012,Aug,31,31-Aug-2012,3-Sep-12,0.0736
2012,Sep,3,3-Sep-2012,4-Sep-12,0.0739
2012,Sep,4,4-Sep-2012,5-Sep-12,0.0746
2012,Sep,5,5-Sep-2012,6-Sep-12,0.0749
2012,Sep,6,6-Sep-2012,7-Sep-12,0.0747
2012,Sep,7,7-Sep-2012,10-Sep-12,0.0726
2012,Sep,10,10-Sep-2012,11-Sep-12,0.0727
2012,Sep,11,11-Sep-2012,12-Sep-12,0.0727
2012,Sep,12,12-Sep-2012,13-Sep-12,0.0728
2012,Sep,13,13-Sep-2012,14-Sep-12,0.0714
2012,Sep,14,14-Sep-2012,17-Sep-12,0.0661
2012,Sep,17,17-Sep-2012,18-Sep-12,0.066
2012,Sep,18,18-Sep-2012,19-Sep-12,0.0654
2012,Sep,19,19-Sep-2012,20-Sep-12,0.0652
2012,Sep,20,20-Sep-2012,21-Sep-12,0.0649
2012,Sep,21,21-Sep-2012,24-Sep-12,0.0628
2012,Sep,24,24-Sep-2012,25-Sep-12,0.0633
2012,Sep,25,25-Sep-2012,26-Sep-12,0.066
2012,Sep,26,26-Sep-2012,27-Sep-12,0.0687
2012,Sep,27,27-Sep-2012,28-Sep-12,0.0752
2012,Sep,28,28-Sep-2012,1-Oct-12,0.0999
2012,Oct,1,1-Oct-2012,2-Oct-12,0.1041
2012,Oct,2,2-Oct-2012,3-Oct-12,0.1039
2012,Oct,3,3-Oct-2012,4-Oct-12,0.1028
2012,Oct,4,4-Oct-2012,5-Oct-12,0.1014
2012,Oct,5,5-Oct-2012,8-Oct-12,0.0978
2012,Oct,8,8-Oct-2012,9-Oct-12,0.097
2012,Oct,9,9-Oct-2012,10-Oct-12,0.096
2012,Oct,10,10-Oct-2012,11-Oct-12,0.0948
2012,Oct,11,11-Oct-2012,12-Oct-12,0.0936
2012,Oct,12,12-Oct-2012,15-Oct-12,0.0909
2012,Oct,15,15-Oct-2012,16-Oct-12,0.0899
2012,Oct,16,16-Oct-2012,17-Oct-12,0.0895
2012,Oct,17,17-Oct-2012,18-Oct-12,0.0899
2012,Oct,18,18-Oct-2012,19-Oct-12,0.0902
2012,Oct,19,19-Oct-2012,22-Oct-12,0.0877
2012,Oct,22,22-Oct-2012,23-Oct-12,0.0878
2012,Oct,23,23-Oct-2012,24-Oct-12,0.0888
2012,Oct,24,24-Oct-2012,25-Oct-12,0.0896
2012,Oct,25,25-Oct-2012,29-Oct-12,0.0821
2012,Oct,29,29-Oct-2012,30-Oct-12,0.0754
2012,Oct,30,30-Oct-2012,31-Oct-12,0.0745
2012,Oct,31,31-Oct-2012,1-Nov-12,0.0671
2012,Nov,1,1-Nov-2012,2-Nov-12,0.0609
2012,Nov,2,2-Nov-2012,5-Nov-12,0.063
2012,Nov,5,5-Nov-2012,6-Nov-12,0.0638
2012,Nov,6,6-Nov-2012,7-Nov-12,0.0642
2012,Nov,7,7-Nov-2012,8-Nov-12,0.0644
2012,Nov,8,8-Nov-2012,9-Nov-12,0.0643
2012,Nov,9,9-Nov-2012,12-Nov-12,0.0655
2012,Nov,12,12-Nov-2012,14-Nov-12,0.0657
2012,Nov,14,14-Nov-2012,15-Nov-12,0.0679
2012,Nov,15,15-Nov-2012,16-Nov-12,0.0727
2012,Nov,16,16-Nov-2012,19-Nov-12,0.0799
2012,Nov,19,19-Nov-2012,20-Nov-12,0.0803
2012,Nov,20,20-Nov-2012,21-Nov-12,0.0806
2012,Nov,21,21-Nov-2012,22-Nov-12,0.0805
2012,Nov,22,22-Nov-2012,23-Nov-12,0.0794
2012,Nov,23,23-Nov-2012,26-Nov-12,0.0697
2012,Nov,26,26-Nov-2012,27-Nov-12,0.0657
2012,Nov,27,27-Nov-2012,28-Nov-12,0.0618
2012,Nov,28,28-Nov-2012,29-Nov-12,0.0578
2012,Nov,29,29-Nov-2012,30-Nov-12,0.0567
2012,Nov,30,30-Nov-2012,3-Dec-12,0.0617
2012,Dec,3,3-Dec-2012,4-Dec-12,0.0627
2012,Dec,4,4-Dec-2012,5-Dec-12,0.0645
2012,Dec,5,5-Dec-2012,6-Dec-12,0.0649
2012,Dec,6,6-Dec-2012,7-Dec-12,0.065
2012,Dec,7,7-Dec-2012,10-Dec-12,0.0644
2012,Dec,10,10-Dec-2012,11-Dec-12,0.0638
2012,Dec,11,11-Dec-2012,12-Dec-12,0.0631
2012,Dec,12,12-Dec-2012,13-Dec-12,0.063
2012,Dec,13,13-Dec-2012,14-Dec-12,0.063
2012,Dec,14,14-Dec-2012,17-Dec-12,0.0539
2012,Dec,17,17-Dec-2012,18-Dec-12,0.0532
2012,Dec,18,18-Dec-2012,19-Dec-12,0.0513
2012,Dec,19,19-Dec-2012,20-Dec-12,0.0517
2012,Dec,20,20-Dec-2012,21-Dec-12,0.051
2012,Dec,21,21-Dec-2012,24-Dec-12,0.0517
2012,Dec,24,24-Dec-2012,26-Dec-12,0.0532
2012,Dec,26,26-Dec-2012,27-Dec-12,0.0552
2012,Dec,27,27-Dec-2012,28-Dec-12,0.0567
2012,Dec,28,28-Dec-2012,31-Dec-12,0.0574
2012,Dec,31,31-Dec-2012,2-Jan-13,0.0536
2012,Jan,2,2-Jan-2012,3-Jan-13,0.051
2012,Jan,3,3-Jan-2012,4-Jan-13,0.0485
2012,Jan,4,4-Jan-2012,7-Jan-13,0.0442
2012,Jan,7,7-Jan-2012,8-Jan-13,0.0444
2012,Jan,8,8-Jan-2012,9-Jan-13,0.0446
2012,Jan,9,9-Jan-2012,10-Jan-13,0.0445
2012,Jan,10,10-Jan-2012,11-Jan-13,0.0444
2012,Jan,11,11-Jan-2012,14-Jan-13,0.0441
2012,Jan,14,14-Jan-2012,15-Jan-13,0.0434
2012,Jan,15,15-Jan-2012,16-Jan-13,0.0429
2012,Jan,16,16-Jan-2012,17-Jan-13,0.0423
2012,Jan,17,17-Jan-2012,18-Jan-13,0.0396
2012,Jan,18,18-Jan-2012,21-Jan-13,0.0397
2012,Jan,21,21-Jan-2012,22-Jan-13,0.0404
2012,Jan,22,22-Jan-2012,23-Jan-13,0.0412
2012,Jan,23,23-Jan-2012,24-Jan-13,0.0434
2012,Jan,24,24-Jan-2012,25-Jan-13,0.0436
2012,Jan,25,25-Jan-2012,28-Jan-13,0.0387
2012,Jan,28,28-Jan-2012,29-Jan-13,0.038
2012,Jan,29,29-Jan-2012,30-Jan-13,0.0376
2012,Jan,30,30-Jan-2012,31-Jan-13,0.0372
2012,Jan,31,31-Jan-2012,1-Feb-13,0.0383
2012,Feb,1,1-Feb-2012,4-Feb-13,0.0415
2012,Feb,4,4-Feb-2012,5-Feb-13,0.0431
2012,Feb,5,5-Feb-2012,6-Feb-13,0.0432
2012,Feb,6,6-Feb-2012,7-Feb-13,0.0432
2012,Feb,7,7-Feb-2012,8-Feb-13,0.0433
2012,Feb,8,8-Feb-2012,13-Feb-13,0.0517
2012,Feb,13,13-Feb-2012,14-Feb-13,0.0535
2012,Feb,14,14-Feb-2012,15-Feb-13,0.0558
2012,Feb,15,15-Feb-2012,18-Feb-13,0.0628
2012,Feb,18,18-Feb-2012,19-Feb-13,0.0625
2012,Feb,19,19-Feb-2012,20-Feb-13,0.0621
2012,Feb,20,20-Feb-2012,21-Feb-13,0.0611
2012,Feb,21,21-Feb-2012,22-Feb-13,0.0605
2012,Feb,22,22-Feb-2012,25-Feb-13,0.0572
2012,Feb,25,25-Feb-2012,26-Feb-13,0.057
2012,Feb,26,26-Feb-2012,27-Feb-13,0.0571
2012,Feb,27,27-Feb-2012,28-Feb-13,0.0577
2012,Feb,28,28-Feb-2012,1-Mar-13,0.0585
2012,Mar,1,1-Mar-2012,4-Mar-13,0.0592
2012,Mar,4,4-Mar-2012,5-Mar-13,0.0585
2012,Mar,5,5-Mar-2012,6-Mar-13,0.059
2012,Mar,6,6-Mar-2012,7-Mar-13,0.06
2012,Mar,7,7-Mar-2012,8-Mar-13,0.0597
2012,Mar,8,8-Mar-2012,11-Mar-13,0.0545
2012,Mar,11,11-Mar-2012,12-Mar-13,0.0531
2012,Mar,12,12-Mar-2012,13-Mar-13,0.0516
2012,Mar,13,13-Mar-2012,14-Mar-13,0.0495
2012,Mar,14,14-Mar-2012,15-Mar-13,0.0469
2012,Mar,15,15-Mar-2012,18-Mar-13,0.0405
2012,Mar,18,18-Mar-2012,19-Mar-13,0.0404
2012,Mar,19,19-Mar-2012,20-Mar-13,0.0421
2012,Mar,20,20-Mar-2012,21-Mar-13,0.0449
2012,Mar,21,21-Mar-2012,22-Mar-13,0.0457
2012,Mar,22,22-Mar-2012,25-Mar-13,0.0531
2012,Mar,25,25-Mar-2012,26-Mar-13,0.0536
2012,Mar,26,26-Mar-2012,27-Mar-13,0.0533
2012,Mar,27,27-Mar-2012,28-Mar-13,0.052
2012,Mar,28,28-Mar-2012,1-Apr-13,0.0492
2012,Apr,1,1-Apr-2012,2-Apr-13,0.0478
2012,Apr,2,2-Apr-2012,3-Apr-13,0.0467
2012,Apr,3,3-Apr-2012,4-Apr-13,0.0452
2012,Apr,4,4-Apr-2012,5-Apr-13,0.0443
2012,Apr,5,5-Apr-2012,8-Apr-13,0.0434
2012,Apr,8,8-Apr-2012,9-Apr-13,0.0432
2012,Apr,9,9-Apr-2012,10-Apr-13,0.0433
2012,Apr,10,10-Apr-2012,11-Apr-13,0.0444
2012,Apr,11,11-Apr-2012,12-Apr-13,0.0448
2012,Apr,12,12-Apr-2012,15-Apr-13,0.0462
2012,Apr,15,15-Apr-2012,16-Apr-13,0.0458
2012,Apr,16,16-Apr-2012,17-Apr-13,0.0456
2012,Apr,17,17-Apr-2012,18-Apr-13,0.0464
2012,Apr,18,18-Apr-2012,19-Apr-13,0.0465
2012,Apr,19,19-Apr-2012,22-Apr-13,0.0421
2012,Apr,22,22-Apr-2012,23-Apr-13,0.0395
2012,Apr,23,23-Apr-2012,24-Apr-13,0.0368
2012,Apr,24,24-Apr-2012,25-Apr-13,0.0343
2012,Apr,25,25-Apr-2012,26-Apr-13,0.0341
2012,Apr,26,26-Apr-2012,29-Apr-13,0.0361
2012,Apr,29,29-Apr-2012,30-Apr-13,0.0375
2012,Apr,30,30-Apr-2012,2-May-13,0.0425
2012,May,2,2-May-2012,3-May-13,0.0441
2012,May,3,3-May-2012,6-May-13,0.0505
2012,May,6,6-May-2012,7-May-13,0.0521
2012,May,7,7-May-2012,8-May-13,0.0523
2012,May,8,8-May-2012,9-May-13,0.0528
2012,May,9,9-May-2012,10-May-13,0.0529
2012,May,10,10-May-2012,13-May-13,0.0503
2012,May,13,13-May-2012,14-May-13,0.05
2012,May,14,14-May-2012,15-May-13,0.0495
2012,May,15,15-May-2012,16-May-13,0.0495
2012,May,16,16-May-2012,17-May-13,0.0496
2012,May,17,17-May-2012,20-May-13,0.0505
2012,May,20,20-May-2012,21-May-13,0.0516
2012,May,21,21-May-2012,22-May-13,0.0537
2012,May,22,22-May-2012,23-May-13,0.0559
2012,May,23,23-May-2012,27-May-13,0.0691
2012,May,27,27-May-2012,28-May-13,0.0698
2012,May,28,28-May-2012,29-May-13,0.0701
2012,May,29,29-May-2012,30-May-13,0.0695
2012,May,30,30-May-2012,31-May-13,0.0697
2012,May,31,31-May-2012,3-Jun-13,0.0658
2012,Jun,3,3-Jun-2012,4-Jun-13,0.064
2012,Jun,4,4-Jun-2012,5-Jun-13,0.0625
2012,Jun,5,5-Jun-2012,6-Jun-13,0.061
2012,Jun,6,6-Jun-2012,7-Jun-13,0.0592
2012,Jun,7,7-Jun-2012,10-Jun-13,0.0575
2012,Jun,10,10-Jun-2012,11-Jun-13,0.0573
2012,Jun,11,11-Jun-2012,12-Jun-13,0.0574
2012,Jun,12,12-Jun-2012,13-Jun-13,0.0575
2012,Jun,13,13-Jun-2012,14-Jun-13,0.0578
2012,Jun,14,14-Jun-2012,17-Jun-13,0.0579
2012,Jun,17,17-Jun-2012,18-Jun-13,0.057
2012,Jun,18,18-Jun-2012,19-Jun-13,0.0562
2012,Jun,19,19-Jun-2012,20-Jun-13,0.0557
2012,Jun,20,20-Jun-2012,21-Jun-13,0.0552
2012,Jun,21,21-Jun-2012,24-Jun-13,0.0506
2012,Jun,24,24-Jun-2012,25-Jun-13,0.0482
2012,Jun,25,25-Jun-2012,26-Jun-13,0.0454
2012,Jun,26,26-Jun-2012,27-Jun-13,0.0426
2012,Jun,27,27-Jun-2012,28-Jun-13,0.0421
2012,Jun,28,28-Jun-2012,1-Jul-13,0.0401
2012,Jul,1,1-Jul-2012,2-Jul-13,0.0404
2012,Jul,2,2-Jul-2012,3-Jul-13,0.0408
2012,Jul,3,3-Jul-2012,4-Jul-13,0.042
2012,Jul,4,4-Jul-2012,5-Jul-13,0.0428
2012,Jul,5,5-Jul-2012,8-Jul-13,0.0436
2012,Jul,8,8-Jul-2012,9-Jul-13,0.0438
2012,Jul,9,9-Jul-2012,10-Jul-13,0.0444
2012,Jul,10,10-Jul-2012,11-Jul-13,0.0445
2012,Jul,11,11-Jul-2012,12-Jul-13,0.0447
2012,Jul,12,12-Jul-2012,15-Jul-13,0.0461
2012,Jul,15,15-Jul-2012,16-Jul-13,0.0462
2012,Jul,16,16-Jul-2012,17-Jul-13,0.0466
2012,Jul,17,17-Jul-2012,18-Jul-13,0.0464
2012,Jul,18,18-Jul-2012,19-Jul-13,0.0466
2012,Jul,19,19-Jul-2012,22-Jul-13,0.0456
2012,Jul,22,22-Jul-2012,23-Jul-13,0.0447
2012,Jul,23,23-Jul-2012,24-Jul-13,0.044
2012,Jul,24,24-Jul-2012,25-Jul-13,0.0444
2012,Jul,25,25-Jul-2012,26-Jul-13,0.0442
2012,Jul,26,26-Jul-2012,29-Jul-13,0.0435
2012,Jul,29,29-Jul-2012,30-Jul-13,0.0444
2012,Jul,30,30-Jul-2012,31-Jul-13,0.0447
2012,Jul,31,31-Jul-2012,1-Aug-13,0.0449
2012,Aug,1,1-Aug-2012,2-Aug-13,0.0438
2012,Aug,2,2-Aug-2012,5-Aug-13,0.0403
2012,Aug,5,5-Aug-2012,6-Aug-13,0.0401
2012,Aug,6,6-Aug-2012,7-Aug-13,0.0406
2012,Aug,7,7-Aug-2012,12-Aug-13,0.0437
2012,Aug,12,12-Aug-2012,13-Aug-13,0.0439
2012,Aug,13,13-Aug-2012,14-Aug-13,0.0433
2012,Aug,14,14-Aug-2012,15-Aug-13,0.043
2012,Aug,15,15-Aug-2012,16-Aug-13,0.0434
2012,Aug,16,16-Aug-2012,19-Aug-13,0.044
2012,Aug,19,19-Aug-2012,20-Aug-13,0.0436
2012,Aug,20,20-Aug-2012,21-Aug-13,0.0433
2012,Aug,21,21-Aug-2012,22-Aug-13,0.0443
2012,Aug,22,22-Aug-2012,23-Aug-13,0.0452
2012,Aug,23,23-Aug-2012,26-Aug-13,0.0464
2012,Aug,26,26-Aug-2012,27-Aug-13,0.0464
2012,Aug,27,27-Aug-2012,28-Aug-13,0.0462
2012,Aug,28,28-Aug-2012,29-Aug-13,0.0466
2012,Aug,29,29-Aug-2012,30-Aug-13,0.0456
2012,Aug,30,30-Aug-2012,2-Sep-13,0.0442
2012,Sep,2,2-Sep-2012,3-Sep-13,0.0444
2012,Sep,3,3-Sep-2012,4-Sep-13,0.0446
2012,Sep,4,4-Sep-2012,5-Sep-13,0.0451
2012,Sep,5,5-Sep-2012,6-Sep-13,0.0448
2012,Sep,6,6-Sep-2012,9-Sep-13,0.0416
2012,Sep,9,9-Sep-2012,10-Sep-13,0.0411
2012,Sep,10,10-Sep-2012,11-Sep-13,0.0404
2012,Sep,11,11-Sep-2012,12-Sep-13,0.04
2012,Sep,12,12-Sep-2012,13-Sep-13,0.0392
2012,Sep,13,13-Sep-2012,16-Sep-13,0.0397
2012,Sep,16,16-Sep-2012,17-Sep-13,0.0391
2012,Sep,17,17-Sep-2012,18-Sep-13,0.0389
2012,Sep,18,18-Sep-2012,19-Sep-13,0.0385
2012,Sep,19,19-Sep-2012,20-Sep-13,0.0385
2012,Sep,20,20-Sep-2012,23-Sep-13,0.0353
2012,Sep,23,23-Sep-2012,24-Sep-13,0.0341
2012,Sep,24,24-Sep-2012,25-Sep-13,0.0326
2012,Sep,25,25-Sep-2012,26-Sep-13,0.0312
2012,Sep,26,26-Sep-2012,27-Sep-13,0.0307
2012,Sep,27,27-Sep-2012,30-Sep-13,0.0285
2012,Sep,30,30-Sep-2012,1-Oct-13,0.0292
2012,Oct,1,1-Oct-2012,2-Oct-13,0.0289
2012,Oct,2,2-Oct-2012,3-Oct-13,0.0295
2012,Oct,3,3-Oct-2012,4-Oct-13,0.0311
2012,Oct,4,4-Oct-2012,7-Oct-13,0.0406
2012,Oct,7,7-Oct-2012,8-Oct-13,0.0449
2012,Oct,8,8-Oct-2012,9-Oct-13,0.0471
2012,Oct,9,9-Oct-2012,10-Oct-13,0.0487
2012,Oct,10,10-Oct-2012,11-Oct-13,0.0519
2012,Oct,11,11-Oct-2012,14-Oct-13,0.0612
2012,Oct,14,14-Oct-2012,16-Oct-13,0.0713
2012,Oct,16,16-Oct-2012,17-Oct-13,0.0725
2012,Oct,17,17-Oct-2012,18-Oct-13,0.0737
2012,Oct,18,18-Oct-2012,21-Oct-13,0.0781
2012,Oct,21,21-Oct-2012,22-Oct-13,0.0781
2012,Oct,22,22-Oct-2012,23-Oct-13,0.0783
2012,Oct,23,23-Oct-2012,24-Oct-13,0.0783
2012,Oct,24,24-Oct-2012,25-Oct-13,0.0787
2012,Oct,25,25-Oct-2012,28-Oct-13,0.0793
2012,Oct,28,28-Oct-2012,29-Oct-13,0.0801
2012,Oct,29,29-Oct-2012,30-Oct-13,0.081
2012,Oct,30,30-Oct-2012,31-Oct-13,0.0796
2012,Oct,31,31-Oct-2012,1-Nov-13,0.0789
2012,Nov,1,1-Nov-2012,4-Nov-13,0.0765
2012,Nov,4,4-Nov-2012,5-Nov-13,0.0738
2012,Nov,5,5-Nov-2012,6-Nov-13,0.0707
2012,Nov,6,6-Nov-2012,7-Nov-13,0.0673
2012,Nov,7,7-Nov-2012,8-Nov-13,0.0633
2012,Nov,8,8-Nov-2012,11-Nov-13,0.0583
2012,Nov,11,11-Nov-2012,12-Nov-13,0.0565
2012,Nov,12,12-Nov-2012,13-Nov-13,0.0585
2012,Nov,13,13-Nov-2012,14-Nov-13,0.0669
2012,Nov,14,14-Nov-2012,15-Nov-13,0.064
2012,Nov,15,15-Nov-2012,18-Nov-13,0.0572
2012,Nov,18,18-Nov-2012,19-Nov-13,0.0576
2012,Nov,19,19-Nov-2012,20-Nov-13,0.0588
2012,Nov,20,20-Nov-2012,21-Nov-13,0.0596
2012,Nov,21,21-Nov-2012,22-Nov-13,0.0597
2012,Nov,22,22-Nov-2012,25-Nov-13,0.0606
2012,Nov,25,25-Nov-2012,26-Nov-13,0.061
2012,Nov,26,26-Nov-2012,27-Nov-13,0.0614
2012,Nov,27,27-Nov-2012,28-Nov-13,0.061
2012,Nov,28,28-Nov-2012,29-Nov-13,0.0605
2012,Nov,29,29-Nov-2012,2-Dec-13,0.0623
2012,Dec,2,2-Dec-2012,3-Dec-13,0.0624
2012,Dec,3,3-Dec-2012,4-Dec-13,0.0639
2012,Dec,4,4-Dec-2012,5-Dec-13,0.066
2012,Dec,5,5-Dec-2012,6-Dec-13,0.0675
2012,Dec,6,6-Dec-2012,9-Dec-13,0.0684
2012,Dec,9,9-Dec-2012,10-Dec-13,0.068
2012,Dec,10,10-Dec-2012,11-Dec-13,0.0674
2012,Dec,11,11-Dec-2012,12-Dec-13,0.0664
2012,Dec,12,12-Dec-2012,13-Dec-13,0.0607
2012,Dec,13,13-Dec-2012,16-Dec-13,0.0463
2012,Dec,16,16-Dec-2012,17-Dec-13,0.0462
2012,Dec,17,17-Dec-2012,18-Dec-13,0.0462
2012,Dec,18,18-Dec-2012,19-Dec-13,0.0451
2012,Dec,19,19-Dec-2012,20-Dec-13,0.0431
2012,Dec,20,20-Dec-2012,23-Dec-13,0.0455
2012,Dec,23,23-Dec-2012,24-Dec-13,0.0475
2012,Dec,24,24-Dec-2012,26-Dec-13,0.0511
2012,Dec,26,26-Dec-2012,27-Dec-13,0.0505
2012,Dec,27,27-Dec-2012,30-Dec-13,0.0505
2012,Dec,30,30-Dec-2012,31-Dec-13,0.0495
2013,Dec,31,31-Dec-2013,2-Jan-14,0.051
2014,Jan,2,2-Jan-2014,3-Jan-14,0.0514
2014,Jan,3,3-Jan-2014,6-Jan-14,0.0461
2014,Jan,6,6-Jan-2014,7-Jan-14,0.046
2014,Jan,7,7-Jan-2014,8-Jan-14,0.0459
2014,Jan,8,8-Jan-2014,9-Jan-14,0.046
2014,Jan,9,9-Jan-2014,10-Jan-14,0.0459
2014,Jan,10,10-Jan-2014,13-Jan-14,0.0469
2014,Jan,13,13-Jan-2014,14-Jan-14,0.0476
2014,Jan,14,14-Jan-2014,15-Jan-14,0.0478
2014,Jan,15,15-Jan-2014,16-Jan-14,0.048
2014,Jan,16,16-Jan-2014,17-Jan-14,0.0481
2014,Jan,17,17-Jan-2014,20-Jan-14,0.048
2014,Jan,20,20-Jan-2014,21-Jan-14,0.047
2014,Jan,21,21-Jan-2014,22-Jan-14,0.046
2014,Jan,22,22-Jan-2014,23-Jan-14,0.0451
2014,Jan,23,23-Jan-2014,24-Jan-14,0.0435
2014,Jan,24,24-Jan-2014,27-Jan-14,0.042
2014,Jan,27,27-Jan-2014,28-Jan-14,0.0426
2014,Jan,28,28-Jan-2014,29-Jan-14,0.0436
2014,Jan,29,29-Jan-2014,30-Jan-14,0.0445
2014,Jan,30,30-Jan-2014,3-Feb-14,0.0438
2014,Feb,3,3-Feb-2014,4-Feb-14,0.0449
2014,Feb,4,4-Feb-2014,5-Feb-14,0.0446
2014,Feb,5,5-Feb-2014,6-Feb-14,0.0446
2014,Feb,6,6-Feb-2014,7-Feb-14,0.0438
2014,Feb,7,7-Feb-2014,10-Feb-14,0.0441
2014,Feb,10,10-Feb-2014,11-Feb-14,0.0439
2014,Feb,11,11-Feb-2014,12-Feb-14,0.0435
2014,Feb,12,12-Feb-2014,13-Feb-14,0.0432
2014,Feb,13,13-Feb-2014,14-Feb-14,0.0426
2014,Feb,14,14-Feb-2014,17-Feb-14,0.043
2014,Feb,17,17-Feb-2014,18-Feb-14,0.043
2014,Feb,18,18-Feb-2014,19-Feb-14,0.0432
2014,Feb,19,19-Feb-2014,20-Feb-14,0.0436
2014,Feb,20,20-Feb-2014,21-Feb-14,0.0431
2014,Feb,21,21-Feb-2014,24-Feb-14,0.0414
2014,Feb,24,24-Feb-2014,25-Feb-14,0.0403
2014,Feb,25,25-Feb-2014,26-Feb-14,0.0392
2014,Feb,26,26-Feb-2014,27-Feb-14,0.0385
2014,Feb,27,27-Feb-2014,28-Feb-14,0.0397
2014,Feb,28,28-Feb-2014,3-Mar-14,0.0489
2014,Mar,3,3-Mar-2014,4-Mar-14,0.0499
2014,Mar,4,4-Mar-2014,5-Mar-14,0.0518
2014,Mar,5,5-Mar-2014,6-Mar-14,0.0533
2014,Mar,6,6-Mar-2014,7-Mar-14,0.0545
2014,Mar,7,7-Mar-2014,10-Mar-14,0.0551
2014,Mar,10,10-Mar-2014,11-Mar-14,0.0556
2014,Mar,11,11-Mar-2014,12-Mar-14,0.0575
2014,Mar,12,12-Mar-2014,13-Mar-14,0.0593
2014,Mar,13,13-Mar-2014,14-Mar-14,0.061
2014,Mar,14,14-Mar-2014,17-Mar-14,0.0616
2014,Mar,17,17-Mar-2014,18-Mar-14,0.0618
2014,Mar,18,18-Mar-2014,19-Mar-14,0.0625
2014,Mar,19,19-Mar-2014,20-Mar-14,0.0628
2014,Mar,20,20-Mar-2014,21-Mar-14,0.0633
2014,Mar,21,21-Mar-2014,24-Mar-14,0.0658
2014,Mar,24,24-Mar-2014,25-Mar-14,0.0672
2014,Mar,25,25-Mar-2014,26-Mar-14,0.0693
2014,Mar,26,26-Mar-2014,27-Mar-14,0.0709
2014,Mar,27,27-Mar-2014,28-Mar-14,0.0712
2014,Mar,28,28-Mar-2014,31-Mar-14,0.0828
2014,Mar,31,31-Mar-2014,1-Apr-14,0.0849
2014,Apr,1,1-Apr-2014,2-Apr-14,0.0826
2014,Apr,2,2-Apr-2014,3-Apr-14,0.08
2014,Apr,3,3-Apr-2014,4-Apr-14,0.0785
2014,Apr,4,4-Apr-2014,7-Apr-14,0.0768
2014,Apr,7,7-Apr-2014,8-Apr-14,0.0764
2014,Apr,8,8-Apr-2014,9-Apr-14,0.0761
2014,Apr,9,9-Apr-2014,10-Apr-14,0.0754
2014,Apr,10,10-Apr-2014,11-Apr-14,0.075
2014,Apr,11,11-Apr-2014,14-Apr-14,0.0724
2014,Apr,14,14-Apr-2014,15-Apr-14,0.0721
2014,Apr,15,15-Apr-2014,16-Apr-14,0.0723
2014,Apr,16,16-Apr-2014,17-Apr-14,0.073
2014,Apr,17,17-Apr-2014,21-Apr-14,0.0742
2014,Apr,21,21-Apr-2014,22-Apr-14,0.0747
2014,Apr,22,22-Apr-2014,23-Apr-14,0.0753
2014,Apr,23,23-Apr-2014,24-Apr-14,0.0765
2014,Apr,24,24-Apr-2014,25-Apr-14,0.0775
2014,Apr,25,25-Apr-2014,28-Apr-14,0.0751
2014,Apr,28,28-Apr-2014,29-Apr-14,0.0717
2014,Apr,29,29-Apr-2014,30-Apr-14,0.0683
2014,Apr,30,30-Apr-2014,2-May-14,0.0659
2014,May,2,2-May-2014,5-May-14,0.0717
2014,May,5,5-May-2014,6-May-14,0.0724
2014,May,6,6-May-2014,7-May-14,0.0739
2014,May,7,7-May-2014,8-May-14,0.0754
2014,May,8,8-May-2014,9-May-14,0.0772
2014,May,9,9-May-2014,12-May-14,0.0808
2014,May,12,12-May-2014,14-May-14,0.0846
2014,May,14,14-May-2014,15-May-14,0.087
2014,May,15,15-May-2014,16-May-14,0.0872
2014,May,16,16-May-2014,19-May-14,0.086
2014,May,19,19-May-2014,20-May-14,0.0855
2014,May,20,20-May-2014,21-May-14,0.0848
2014,May,21,21-May-2014,22-May-14,0.0849
2014,May,22,22-May-2014,23-May-14,0.0858
2014,May,23,23-May-2014,26-May-14,0.0837
2014,May,26,26-May-2014,27-May-14,0.083
2014,May,27,27-May-2014,28-May-14,0.0832
2014,May,28,28-May-2014,29-May-14,0.0844
2014,May,29,29-May-2014,30-May-14,0.0853
2014,May,30,30-May-2014,2-Jun-14,0.0866
2014,Jun,2,2-Jun-2014,3-Jun-14,0.0855
2014,Jun,3,3-Jun-2014,4-Jun-14,0.0839
2014,Jun,4,4-Jun-2014,5-Jun-14,0.0812
2014,Jun,5,5-Jun-2014,6-Jun-14,0.0797
2014,Jun,6,6-Jun-2014,9-Jun-14,0.0746
2014,Jun,9,9-Jun-2014,10-Jun-14,0.0734
2014,Jun,10,10-Jun-2014,11-Jun-14,0.0719
2014,Jun,11,11-Jun-2014,12-Jun-14,0.0705
2014,Jun,12,12-Jun-2014,13-Jun-14,0.0683
2014,Jun,13,13-Jun-2014,16-Jun-14,0.0625
2014,Jun,16,16-Jun-2014,17-Jun-14,0.0619
2014,Jun,17,17-Jun-2014,18-Jun-14,0.0612
2014,Jun,18,18-Jun-2014,19-Jun-14,0.061
2014,Jun,19,19-Jun-2014,20-Jun-14,0.0613
2014,Jun,20,20-Jun-2014,23-Jun-14,0.065
2014,Jun,23,23-Jun-2014,24-Jun-14,0.0664
2014,Jun,24,24-Jun-2014,25-Jun-14,0.068
2014,Jun,25,25-Jun-2014,26-Jun-14,0.0713
2014,Jun,26,26-Jun-2014,27-Jun-14,0.0731
2014,Jun,27,27-Jun-2014,30-Jun-14,0.0706
2014,Jun,30,30-Jun-2014,1-Jul-14,0.0649
2014,Jul,1,1-Jul-2014,2-Jul-14,0.0616
2014,Jul,2,2-Jul-2014,3-Jul-14,0.0606
2014,Jul,3,3-Jul-2014,4-Jul-14,0.0598
2014,Jul,4,4-Jul-2014,7-Jul-14,0.0608
2014,Jul,7,7-Jul-2014,8-Jul-14,0.0611
2014,Jul,8,8-Jul-2014,9-Jul-14,0.0613
2014,Jul,9,9-Jul-2014,10-Jul-14,0.0609
2014,Jul,10,10-Jul-2014,11-Jul-14,0.0613
2014,Jul,11,11-Jul-2014,14-Jul-14,0.0617
2014,Jul,14,14-Jul-2014,15-Jul-14,0.0621
2014,Jul,15,15-Jul-2014,16-Jul-14,0.063
2014,Jul,16,16-Jul-2014,17-Jul-14,0.0647
2014,Jul,17,17-Jul-2014,18-Jul-14,0.0667
2014,Jul,18,18-Jul-2014,21-Jul-14,0.0739
2014,Jul,21,21-Jul-2014,22-Jul-14,0.074
2014,Jul,22,22-Jul-2014,23-Jul-14,0.0716
2014,Jul,23,23-Jul-2014,24-Jul-14,0.0689
2014,Jul,24,24-Jul-2014,25-Jul-14,0.0669
2014,Jul,25,25-Jul-2014,29-Jul-14,0.0615
2014,Jul,29,29-Jul-2014,30-Jul-14,0.0605
2014,Jul,30,30-Jul-2014,31-Jul-14,0.0602
2014,Jul,31,31-Jul-2014,1-Aug-14,0.0607
2014,Aug,1,1-Aug-2014,4-Aug-14,0.0636
2014,Aug,4,4-Aug-2014,5-Aug-14,0.064
2014,Aug,5,5-Aug-2014,6-Aug-14,0.0639
2014,Aug,6,6-Aug-2014,7-Aug-14,0.0644
2014,Aug,7,7-Aug-2014,8-Aug-14,0.0646
2014,Aug,8,8-Aug-2014,11-Aug-14,0.0672
2014,Aug,11,11-Aug-2014,12-Aug-14,0.0675
2014,Aug,12,12-Aug-2014,13-Aug-14,0.0682
2014,Aug,13,13-Aug-2014,14-Aug-14,0.0686
2014,Aug,14,14-Aug-2014,15-Aug-14,0.069
2014,Aug,15,15-Aug-2014,18-Aug-14,0.0682
2014,Aug,18,18-Aug-2014,19-Aug-14,0.0659
2014,Aug,19,19-Aug-2014,20-Aug-14,0.0635
2014,Aug,20,20-Aug-2014,21-Aug-14,0.0617
2014,Aug,21,21-Aug-2014,22-Aug-14,0.0614
2014,Aug,22,22-Aug-2014,25-Aug-14,0.0735
2014,Aug,25,25-Aug-2014,26-Aug-14,0.0742
2014,Aug,26,26-Aug-2014,27-Aug-14,0.0761
2014,Aug,27,27-Aug-2014,28-Aug-14,0.0777
2014,Aug,28,28-Aug-2014,29-Aug-14,0.0819
2014,Aug,29,29-Aug-2014,1-Sep-14,0.0932
2014,Sep,1,1-Sep-2014,2-Sep-14,0.0969
2014,Sep,2,2-Sep-2014,3-Sep-14,0.0991
2014,Sep,3,3-Sep-2014,4-Sep-14,0.1002
2014,Sep,4,4-Sep-2014,5-Sep-14,0.1032
2014,Sep,5,5-Sep-2014,8-Sep-14,0.1058
2014,Sep,8,8-Sep-2014,9-Sep-14,0.1059
2014,Sep,9,9-Sep-2014,10-Sep-14,0.1059
2014,Sep,10,10-Sep-2014,11-Sep-14,0.1059
2014,Sep,11,11-Sep-2014,12-Sep-14,0.1059
2014,Sep,12,12-Sep-2014,15-Sep-14,0.1093
2014,Sep,15,15-Sep-2014,16-Sep-14,0.1098
2014,Sep,16,16-Sep-2014,17-Sep-14,0.1111
2014,Sep,17,17-Sep-2014,18-Sep-14,0.1108
2014,Sep,18,18-Sep-2014,19-Sep-14,0.1101
2014,Sep,19,19-Sep-2014,22-Sep-14,0.1086
2014,Sep,22,22-Sep-2014,23-Sep-14,0.1053
2014,Sep,23,23-Sep-2014,24-Sep-14,0.1021
2014,Sep,24,24-Sep-2014,25-Sep-14,0.0995
2014,Sep,25,25-Sep-2014,26-Sep-14,0.0997
2014,Sep,26,26-Sep-2014,29-Sep-14,0.0995
2014,Sep,29,29-Sep-2014,30-Sep-14,0.0957
2014,Sep,30,30-Sep-2014,1-Oct-14,0.0897
2014,Oct,1,1-Oct-2014,2-Oct-14,0.086
2014,Oct,2,2-Oct-2014,3-Oct-14,0.0835
2014,Oct,3,3-Oct-2014,7-Oct-14,0.0814
2014,Oct,7,7-Oct-2014,8-Oct-14,0.0808
2014,Oct,8,8-Oct-2014,9-Oct-14,0.0803
2014,Oct,9,9-Oct-2014,10-Oct-14,0.0799
2014,Oct,10,10-Oct-2014,13-Oct-14,0.0789
2014,Oct,13,13-Oct-2014,14-Oct-14,0.0781
2014,Oct,14,14-Oct-2014,15-Oct-14,0.0777
2014,Oct,15,15-Oct-2014,16-Oct-14,0.0784
2014,Oct,16,16-Oct-2014,17-Oct-14,0.0768
2014,Oct,17,17-Oct-2014,20-Oct-14,0.0779
2014,Oct,20,20-Oct-2014,21-Oct-14,0.0774
2014,Oct,21,21-Oct-2014,23-Oct-14,0.078
2014,Oct,23,23-Oct-2014,24-Oct-14,0.0778
2014,Oct,24,24-Oct-2014,27-Oct-14,0.0766
2014,Oct,27,27-Oct-2014,28-Oct-14,0.0743
2014,Oct,28,28-Oct-2014,29-Oct-14,0.0725
2014,Oct,29,29-Oct-2014,30-Oct-14,0.0736
2014,Oct,30,30-Oct-2014,31-Oct-14,0.0736
2014,Oct,31,31-Oct-2014,3-Nov-14,0.0776
2014,Nov,3,3-Nov-2014,4-Nov-14,0.0822
2014,Nov,4,4-Nov-2014,5-Nov-14,0.0848
2014,Nov,5,5-Nov-2014,6-Nov-14,0.0874
2014,Nov,6,6-Nov-2014,7-Nov-14,0.0922
2014,Nov,7,7-Nov-2014,10-Nov-14,0.1007
2014,Nov,10,10-Nov-2014,11-Nov-14,0.1021
2014,Nov,11,11-Nov-2014,12-Nov-14,0.1039
2014,Nov,12,12-Nov-2014,13-Nov-14,0.1044
2014,Nov,13,13-Nov-2014,14-Nov-14,0.1041
2014,Nov,14,14-Nov-2014,17-Nov-14,0.1033
2014,Nov,17,17-Nov-2014,18-Nov-14,0.1038
2014,Nov,18,18-Nov-2014,19-Nov-14,0.1043
2014,Nov,19,19-Nov-2014,20-Nov-14,0.1055
2014,Nov,20,20-Nov-2014,21-Nov-14,0.1073
2014,Nov,21,21-Nov-2014,24-Nov-14,0.1129
2014,Nov,24,24-Nov-2014,25-Nov-14,0.1141
2014,Nov,25,25-Nov-2014,26-Nov-14,0.1162
2014,Nov,26,26-Nov-2014,27-Nov-14,0.1164
2014,Nov,27,27-Nov-2014,28-Nov-14,0.118
2014,Nov,28,28-Nov-2014,1-Dec-14,0.1298
2014,Dec,1,1-Dec-2014,2-Dec-14,0.1293
2014,Dec,2,2-Dec-2014,3-Dec-14,0.1282
2014,Dec,3,3-Dec-2014,4-Dec-14,0.1246
2014,Dec,4,4-Dec-2014,5-Dec-14,0.1226
2014,Dec,5,5-Dec-2014,8-Dec-14,0.1166
2014,Dec,8,8-Dec-2014,9-Dec-14,0.1179
2014,Dec,9,9-Dec-2014,10-Dec-14,0.1187
2014,Dec,10,10-Dec-2014,11-Dec-14,0.1194
2014,Dec,11,11-Dec-2014,12-Dec-14,0.1178
2014,Dec,12,12-Dec-2014,15-Dec-14,0.1174
2014,Dec,15,15-Dec-2014,16-Dec-14,0.1175
2014,Dec,16,16-Dec-2014,17-Dec-14,0.1178
2014,Dec,17,17-Dec-2014,18-Dec-14,0.1178
2014,Dec,18,18-Dec-2014,19-Dec-14,0.1216
2014,Dec,19,19-Dec-2014,22-Dec-14,0.1416
2014,Dec,22,22-Dec-2014,23-Dec-14,0.1449
2014,Dec,23,23-Dec-2014,24-Dec-14,0.1464
2014,Dec,24,24-Dec-2014,26-Dec-14,0.1402
2014,Dec,26,26-Dec-2014,29-Dec-14,0.139
2014,Dec,29,29-Dec-2014,30-Dec-14,0.14
2014,Dec,30,30-Dec-2014,31-Dec-14,0.1437
2014,Dec,31,31-Dec-2014,2-Jan-15,0.15
2015,Jan,2,2-Jan-2015,5-Jan-15,0.1569
2015,Jan,5,5-Jan-2015,6-Jan-15,0.1629
2015,Jan,6,6-Jan-2015,7-Jan-15,0.1652
2015,Jan,7,7-Jan-2015,8-Jan-15,0.1649
2015,Jan,8,8-Jan-2015,9-Jan-15,0.1617
2015,Jan,9,9-Jan-2015,12-Jan-15,0.1636
2015,Jan,12,12-Jan-2015,13-Jan-15,0.166
2015,Jan,13,13-Jan-2015,14-Jan-15,0.1675
2015,Jan,14,14-Jan-2015,15-Jan-15,0.1681
2015,Jan,15,15-Jan-2015,16-Jan-15,0.1688
2015,Jan,16,16-Jan-2015,19-Jan-15,0.1613
2015,Jan,19,19-Jan-2015,20-Jan-15,0.1526
2015,Jan,20,20-Jan-2015,21-Jan-15,0.1446
2015,Jan,21,21-Jan-2015,22-Jan-15,0.1358
2015,Jan,22,22-Jan-2015,23-Jan-15,0.1307
2015,Jan,23,23-Jan-2015,26-Jan-15,0.129
2015,Jan,26,26-Jan-2015,27-Jan-15,0.128
2015,Jan,27,27-Jan-2015,28-Jan-15,0.1284
2015,Jan,28,28-Jan-2015,29-Jan-15,0.1356
2015,Jan,29,29-Jan-2015,30-Jan-15,0.137
2015,Jan,30,30-Jan-2015,2-Feb-15,0.1502
2015,Feb,2,2-Feb-2015,3-Feb-15,0.153
2015,Feb,3,3-Feb-2015,4-Feb-15,0.1523
2015,Feb,4,4-Feb-2015,5-Feb-15,0.1508
2015,Feb,5,5-Feb-2015,6-Feb-15,0.1485
2015,Feb,6,6-Feb-2015,9-Feb-15,0.1553
2015,Feb,9,9-Feb-2015,10-Feb-15,0.1607
2015,Feb,10,10-Feb-2015,11-Feb-15,0.1657
2015,Feb,11,11-Feb-2015,12-Feb-15,0.1696
2015,Feb,12,12-Feb-2015,13-Feb-15,0.1733
2015,Feb,13,13-Feb-2015,16-Feb-15,0.1845
2015,Feb,16,16-Feb-2015,17-Feb-15,0.1888
2015,Feb,17,17-Feb-2015,18-Feb-15,0.1965
2015,Feb,18,18-Feb-2015,23-Feb-15,0.2669
2015,Feb,23,23-Feb-2015,24-Feb-15,0.2795
2015,Feb,24,24-Feb-2015,25-Feb-15,0.291
2015,Feb,25,25-Feb-2015,26-Feb-15,0.2977
2015,Feb,26,26-Feb-2015,27-Feb-15,0.3036
2015,Feb,27,27-Feb-2015,2-Mar-15,0.3043
2015,Mar,2,2-Mar-2015,3-Mar-15,0.3104
2015,Mar,3,3-Mar-2015,4-Mar-15,0.3176
2015,Mar,4,4-Mar-2015,5-Mar-15,0.3225
2015,Mar,5,5-Mar-2015,6-Mar-15,0.3184
2015,Mar,6,6-Mar-2015,9-Mar-15,0.3146
2015,Mar,9,9-Mar-2015,10-Mar-15,0.3109
2015,Mar,10,10-Mar-2015,11-Mar-15,0.3065
2015,Mar,11,11-Mar-2015,12-Mar-15,0.304
2015,Mar,12,12-Mar-2015,13-Mar-15,0.299
2015,Mar,13,13-Mar-2015,16-Mar-15,0.2868
2015,Mar,16,16-Mar-2015,17-Mar-15,0.2845
2015,Mar,17,17-Mar-2015,18-Mar-15,0.2809
2015,Mar,18,18-Mar-2015,19-Mar-15,0.2762
2015,Mar,19,19-Mar-2015,20-Mar-15,0.2733
2015,Mar,20,20-Mar-2015,23-Mar-15,0.2852
2015,Mar,23,23-Mar-2015,24-Mar-15,0.2886
2015,Mar,24,24-Mar-2015,25-Mar-15,0.2799
2015,Mar,25,25-Mar-2015,26-Mar-15,0.2742
2015,Mar,26,26-Mar-2015,27-Mar-15,0.2712
2015,Mar,27,27-Mar-2015,30-Mar-15,0.2598
2015,Mar,30,30-Mar-2015,31-Mar-15,0.2561
2015,Mar,31,31-Mar-2015,1-Apr-15,0.2547
2015,Apr,1,1-Apr-2015,2-Apr-15,0.2507
2015,Apr,2,2-Apr-2015,6-Apr-15,0.2456
2015,Apr,6,6-Apr-2015,7-Apr-15,0.2549
2015,Apr,7,7-Apr-2015,8-Apr-15,0.2657
2015,Apr,8,8-Apr-2015,9-Apr-15,0.2731
2015,Apr,9,9-Apr-2015,10-Apr-15,0.2771
2015,Apr,10,10-Apr-2015,13-Apr-15,0.2847
2015,Apr,13,13-Apr-2015,14-Apr-15,0.2882
2015,Apr,14,14-Apr-2015,15-Apr-15,0.2892
2015,Apr,15,15-Apr-2015,16-Apr-15,0.2898
2015,Apr,16,16-Apr-2015,17-Apr-15,0.2876
2015,Apr,17,17-Apr-2015,20-Apr-15,0.2632
2015,Apr,20,20-Apr-2015,21-Apr-15,0.2468
2015,Apr,21,21-Apr-2015,22-Apr-15,0.2335
2015,Apr,22,22-Apr-2015,23-Apr-15,0.2209
2015,Apr,23,23-Apr-2015,24-Apr-15,0.2098
2015,Apr,24,24-Apr-2015,27-Apr-15,0.2206
2015,Apr,27,27-Apr-2015,28-Apr-15,0.2224
2015,Apr,28,28-Apr-2015,29-Apr-15,0.2284
2015,Apr,29,29-Apr-2015,30-Apr-15,0.2318
2015,Apr,30,30-Apr-2015,4-May-15,0.2306
2015,May,4,4-May-2015,5-May-15,0.2386
2015,May,5,5-May-2015,6-May-15,0.2469
2015,May,6,6-May-2015,7-May-15,0.2521
2015,May,7,7-May-2015,8-May-15,0.2528
2015,May,8,8-May-2015,11-May-15,0.2451
2015,May,11,11-May-2015,12-May-15,0.2411
2015,May,12,12-May-2015,13-May-15,0.2357
2015,May,13,13-May-2015,14-May-15,0.2299
2015,May,14,14-May-2015,15-May-15,0.2267
2015,May,15,15-May-2015,18-May-15,0.2257
2015,May,18,18-May-2015,19-May-15,0.2256
2015,May,19,19-May-2015,20-May-15,0.2259
2015,May,20,20-May-2015,21-May-15,0.2258
2015,May,21,21-May-2015,22-May-15,0.2233
2015,May,22,22-May-2015,25-May-15,0.2137
2015,May,25,25-May-2015,26-May-15,0.2101
2015,May,26,26-May-2015,27-May-15,0.2079
2015,May,27,27-May-2015,28-May-15,0.2105
2015,May,28,28-May-2015,29-May-15,0.2055
2015,May,29,29-May-2015,2-Jun-15,0.2255
2015,Jun,2,2-Jun-2015,3-Jun-15,0.2291
2015,Jun,3,3-Jun-2015,4-Jun-15,0.2328
2015,Jun,4,4-Jun-2015,5-Jun-15,0.224
2015,Jun,5,5-Jun-2015,8-Jun-15,0.1835
2015,Jun,8,8-Jun-2015,9-Jun-15,0.1787
2015,Jun,9,9-Jun-2015,10-Jun-15,0.1734
2015,Jun,10,10-Jun-2015,11-Jun-15,0.1676
2015,Jun,11,11-Jun-2015,12-Jun-15,0.166
2015,Jun,12,12-Jun-2015,15-Jun-15,0.1674
2015,Jun,15,15-Jun-2015,16-Jun-15,0.1676
2015,Jun,16,16-Jun-2015,17-Jun-15,0.1673
2015,Jun,17,17-Jun-2015,18-Jun-15,0.1675
2015,Jun,18,18-Jun-2015,19-Jun-15,0.1683
2015,Jun,19,19-Jun-2015,22-Jun-15,0.1757
2015,Jun,22,22-Jun-2015,23-Jun-15,0.1822
2015,Jun,23,23-Jun-2015,24-Jun-15,0.1861
2015,Jun,24,24-Jun-2015,25-Jun-15,0.1894
2015,Jun,25,25-Jun-2015,26-Jun-15,0.1895
2015,Jun,26,26-Jun-2015,29-Jun-15,0.2004
2015,Jun,29,29-Jun-2015,30-Jun-15,0.2199
2015,Jun,30,30-Jun-2015,1-Jul-15,0.2348
2015,Jul,1,1-Jul-2015,2-Jul-15,0.2411
2015,Jul,2,2-Jul-2015,3-Jul-15,0.2472
2015,Jul,3,3-Jul-2015,6-Jul-15,0.2511
2015,Jul,6,6-Jul-2015,7-Jul-15,0.2554
2015,Jul,7,7-Jul-2015,8-Jul-15,0.2567
2015,Jul,8,8-Jul-2015,9-Jul-15,0.2553
2015,Jul,9,9-Jul-2015,10-Jul-15,0.254
2015,Jul,10,10-Jul-2015,13-Jul-15,0.2526
2015,Jul,13,13-Jul-2015,14-Jul-15,0.2528
2015,Jul,14,14-Jul-2015,15-Jul-15,0.255
2015,Jul,15,15-Jul-2015,16-Jul-15,0.2597
2015,Jul,16,16-Jul-2015,20-Jul-15,0.2879
2015,Jul,20,20-Jul-2015,21-Jul-15,0.2915
2015,Jul,21,21-Jul-2015,22-Jul-15,0.2928
2015,Jul,22,22-Jul-2015,23-Jul-15,0.2859
2015,Jul,23,23-Jul-2015,24-Jul-15,0.2823
2015,Jul,24,24-Jul-2015,27-Jul-15,0.2769
2015,Jul,27,27-Jul-2015,28-Jul-15,0.2741
2015,Jul,28,28-Jul-2015,29-Jul-15,0.2698
2015,Jul,29,29-Jul-2015,30-Jul-15,0.2445
2015,Jul,30,30-Jul-2015,31-Jul-15,0.2445
2015,Jul,31,31-Jul-2015,3-Aug-15,0.1987
2015,Aug,3,3-Aug-2015,4-Aug-15,0.1952
2015,Aug,4,4-Aug-2015,5-Aug-15,0.1926
2015,Aug,5,5-Aug-2015,6-Aug-15,0.1896
2015,Aug,6,6-Aug-2015,11-Aug-15,0.1902
2015,Aug,11,11-Aug-2015,12-Aug-15,0.1933
2015,Aug,12,12-Aug-2015,13-Aug-15,0.1951
2015,Aug,13,13-Aug-2015,14-Aug-15,0.1969
2015,Aug,14,14-Aug-2015,17-Aug-15,0.1845
2015,Aug,17,17-Aug-2015,18-Aug-15,0.1773
2015,Aug,18,18-Aug-2015,19-Aug-15,0.1729
2015,Aug,19,19-Aug-2015,20-Aug-15,0.1677
2015,Aug,20,20-Aug-2015,21-Aug-15,0.1626
2015,Aug,21,21-Aug-2015,24-Aug-15,0.1742
2015,Aug,24,24-Aug-2015,25-Aug-15,0.1888
2015,Aug,25,25-Aug-2015,26-Aug-15,0.2217
2015,Aug,26,26-Aug-2015,27-Aug-15,0.24
2015,Aug,27,27-Aug-2015,28-Aug-15,0.2407
2015,Aug,28,28-Aug-2015,31-Aug-15,0.2367
2015,Aug,31,31-Aug-2015,1-Sep-15,0.245
2015,Sep,1,1-Sep-2015,2-Sep-15,0.2444
2015,Sep,2,2-Sep-2015,3-Sep-15,0.2422
2015,Sep,3,3-Sep-2015,4-Sep-15,0.2396
2015,Sep,4,4-Sep-2015,7-Sep-15,0.23
2015,Sep,7,7-Sep-2015,8-Sep-15,0.229
2015,Sep,8,8-Sep-2015,9-Sep-15,0.2323
2015,Sep,9,9-Sep-2015,10-Sep-15,0.2324
2015,Sep,10,10-Sep-2015,14-Sep-15,0.2562
2015,Sep,14,14-Sep-2015,15-Sep-15,0.2598
2015,Sep,15,15-Sep-2015,16-Sep-15,0.2632
2015,Sep,16,16-Sep-2015,17-Sep-15,0.2667
2015,Sep,17,17-Sep-2015,18-Sep-15,0.2713
2015,Sep,18,18-Sep-2015,21-Sep-15,0.2751
2015,Sep,21,21-Sep-2015,22-Sep-15,0.2703
2015,Sep,22,22-Sep-2015,23-Sep-15,0.2671
2015,Sep,23,23-Sep-2015,25-Sep-15,0.2444
2015,Sep,25,25-Sep-2015,28-Sep-15,0.1883
2015,Sep,28,28-Sep-2015,29-Sep-15,0.1884
2015,Sep,29,29-Sep-2015,30-Sep-15,0.1856
2015,Sep,30,30-Sep-2015,1-Oct-15,0.1763
2015,Oct,1,1-Oct-2015,2-Oct-15,0.1744
2015,Oct,2,2-Oct-2015,5-Oct-15,0.1967
2015,Oct,5,5-Oct-2015,6-Oct-15,0.2038
2015,Oct,6,6-Oct-2015,7-Oct-15,0.2111
2015,Oct,7,7-Oct-2015,8-Oct-15,0.2133
2015,Oct,8,8-Oct-2015,9-Oct-15,0.2084
2015,Oct,9,9-Oct-2015,12-Oct-15,0.1873
2015,Oct,12,12-Oct-2015,13-Oct-15,0.1785
2015,Oct,13,13-Oct-2015,14-Oct-15,0.1692
2015,Oct,14,14-Oct-2015,15-Oct-15,0.1635
2015,Oct,15,15-Oct-2015,16-Oct-15,0.1589
2015,Oct,16,16-Oct-2015,19-Oct-15,0.1594
2015,Oct,19,19-Oct-2015,20-Oct-15,0.1608
2015,Oct,20,20-Oct-2015,21-Oct-15,0.1582
2015,Oct,21,21-Oct-2015,22-Oct-15,0.1588
2015,Oct,22,22-Oct-2015,23-Oct-15,0.163
2015,Oct,23,23-Oct-2015,26-Oct-15,0.205
2015,Oct,26,26-Oct-2015,27-Oct-15,0.2116
2015,Oct,27,27-Oct-2015,28-Oct-15,0.2187
2015,Oct,28,28-Oct-2015,29-Oct-15,0.2349
2015,Oct,29,29-Oct-2015,30-Oct-15,0.2582
2015,Oct,30,30-Oct-2015,2-Nov-15,0.3349
2015,Nov,2,2-Nov-2015,3-Nov-15,0.3473
2015,Nov,3,3-Nov-2015,4-Nov-15,0.3459
2015,Nov,4,4-Nov-2015,5-Nov-15,0.3395
2015,Nov,5,5-Nov-2015,6-Nov-15,0.3384
2015,Nov,6,6-Nov-2015,9-Nov-15,0.3381
2015,Nov,9,9-Nov-2015,11-Nov-15,0.3498
2015,Nov,11,11-Nov-2015,12-Nov-15,0.3513
2015,Nov,12,12-Nov-2015,13-Nov-15,0.3568
2015,Nov,13,13-Nov-2015,16-Nov-15,0.4135
2015,Nov,16,16-Nov-2015,17-Nov-15,0.4267
2015,Nov,17,17-Nov-2015,18-Nov-15,0.4383
2015,Nov,18,18-Nov-2015,19-Nov-15,0.4463
2015,Nov,19,19-Nov-2015,20-Nov-15,0.4454
2015,Nov,20,20-Nov-2015,23-Nov-15,0.4565
2015,Nov,23,23-Nov-2015,24-Nov-15,0.4534
2015,Nov,24,24-Nov-2015,25-Nov-15,0.459
2015,Nov,25,25-Nov-2015,26-Nov-15,0.4534
2015,Nov,26,26-Nov-2015,27-Nov-15,0.454
2015,Nov,27,27-Nov-2015,30-Nov-15,0.4606
2015,Nov,30,30-Nov-2015,1-Dec-15,0.4307
2015,Dec,1,1-Dec-2015,2-Dec-15,0.4109
2015,Dec,2,2-Dec-2015,3-Dec-15,0.4016
2015,Dec,3,3-Dec-2015,4-Dec-15,0.4017
2015,Dec,4,4-Dec-2015,7-Dec-15,0.414
2015,Dec,7,7-Dec-2015,8-Dec-15,0.4163
2015,Dec,8,8-Dec-2015,9-Dec-15,0.4198
2015,Dec,9,9-Dec-2015,10-Dec-15,0.4196
2015,Dec,10,10-Dec-2015,11-Dec-15,0.4169
2015,Dec,11,11-Dec-2015,14-Dec-15,0.4112
2015,Dec,14,14-Dec-2015,15-Dec-15,0.3987
2015,Dec,15,15-Dec-2015,16-Dec-15,0.3875
2015,Dec,16,16-Dec-2015,17-Dec-15,0.3788
2015,Dec,17,17-Dec-2015,18-Dec-15,0.3709
2015,Dec,18,18-Dec-2015,21-Dec-15,0.3575
2015,Dec,21,21-Dec-2015,22-Dec-15,0.3521
2015,Dec,22,22-Dec-2015,23-Dec-15,0.3482
2015,Dec,23,23-Dec-2015,24-Dec-15,0.3412
2015,Dec,24,24-Dec-2015,28-Dec-15,0.2928
2015,Dec,28,28-Dec-2015,29-Dec-15,0.2796
2015,Dec,29,29-Dec-2015,30-Dec-15,0.2631
2015,Dec,30,30-Dec-2015,31-Dec-15,0.2633
2015,Dec,31,31-Dec-2015,4-Jan-16,0.2987
2016,Jan,4,4-Jan-2016,5-Jan-16,0.3025
2016,Jan,5,5-Jan-2016,6-Jan-16,0.2997
2016,Jan,6,6-Jan-2016,7-Jan-16,0.3056
2016,Jan,7,7-Jan-2016,8-Jan-16,0.3182
2016,Jan,8,8-Jan-2016,11-Jan-16,0.3627
2016,Jan,11,11-Jan-2016,12-Jan-16,0.3844
2016,Jan,12,12-Jan-2016,13-Jan-16,0.3969
2016,Jan,13,13-Jan-2016,14-Jan-16,0.4063
2016,Jan,14,14-Jan-2016,15-Jan-16,0.4041
2016,Jan,15,15-Jan-2016,18-Jan-16,0.3876
2016,Jan,18,18-Jan-2016,19-Jan-16,0.3923
2016,Jan,19,19-Jan-2016,20-Jan-16,0.3952
2016,Jan,20,20-Jan-2016,21-Jan-16,0.3975
2016,Jan,21,21-Jan-2016,22-Jan-16,0.3968
2016,Jan,22,22-Jan-2016,25-Jan-16,0.3913
2016,Jan,25,25-Jan-2016,26-Jan-16,0.3898
2016,Jan,26,26-Jan-2016,27-Jan-16,0.3887
2016,Jan,27,27-Jan-2016,28-Jan-16,0.3869
2016,Jan,28,28-Jan-2016,29-Jan-16,0.3834
2016,Jan,29,29-Jan-2016,1-Feb-16,0.3639
2016,Feb,1,1-Feb-2016,2-Feb-16,0.3459
2016,Feb,2,2-Feb-2016,3-Feb-16,0.3317
2016,Feb,3,3-Feb-2016,4-Feb-16,0.3162
2016,Feb,4,4-Feb-2016,5-Feb-16,0.3113
2016,Feb,5,5-Feb-2016,10-Feb-16,0.276
2016,Feb,10,10-Feb-2016,11-Feb-16,0.2594
2016,Feb,11,11-Feb-2016,12-Feb-16,0.2325
2016,Feb,12,12-Feb-2016,15-Feb-16,0.2052
2016,Feb,15,15-Feb-2016,16-Feb-16,0.2044
2016,Feb,16,16-Feb-2016,17-Feb-16,0.2064
2016,Feb,17,17-Feb-2016,18-Feb-16,0.2128
2016,Feb,18,18-Feb-2016,19-Feb-16,0.213
2016,Feb,19,19-Feb-2016,22-Feb-16,0.2186
2016,Feb,22,22-Feb-2016,23-Feb-16,0.2256
2016,Feb,23,23-Feb-2016,24-Feb-16,0.2306
2016,Feb,24,24-Feb-2016,25-Feb-16,0.2377
2016,Feb,25,25-Feb-2016,26-Feb-16,0.2438
2016,Feb,26,26-Feb-2016,29-Feb-16,0.2616
2016,Feb,29,29-Feb-2016,1-Mar-16,0.2769
2016,Mar,1,1-Mar-2016,2-Mar-16,0.2884
2016,Mar,2,2-Mar-2016,3-Mar-16,0.2939
2016,Mar,3,3-Mar-2016,4-Mar-16,0.3001
2016,Mar,4,4-Mar-2016,7-Mar-16,0.2983
2016,Mar,7,7-Mar-2016,8-Mar-16,0.2978
2016,Mar,8,8-Mar-2016,9-Mar-16,0.3
2016,Mar,9,9-Mar-2016,10-Mar-16,0.2996
2016,Mar,10,10-Mar-2016,11-Mar-16,0.3059
2016,Mar,11,11-Mar-2016,14-Mar-16,0.3222
2016,Mar,14,14-Mar-2016,15-Mar-16,0.3267
2016,Mar,15,15-Mar-2016,16-Mar-16,0.3319
2016,Mar,16,16-Mar-2016,17-Mar-16,0.3337
2016,Mar,17,17-Mar-2016,18-Mar-16,0.3276
2016,Mar,18,18-Mar-2016,21-Mar-16,0.3208
2016,Mar,21,21-Mar-2016,22-Mar-16,0.321
2016,Mar,22,22-Mar-2016,23-Mar-16,0.3171
2016,Mar,23,23-Mar-2016,24-Mar-16,0.3144
2016,Mar,24,24-Mar-2016,28-Mar-16,0.3037
2016,Mar,28,28-Mar-2016,29-Mar-16,0.3022
2016,Mar,29,29-Mar-2016,30-Mar-16,0.2977
2016,Mar,30,30-Mar-2016,31-Mar-16,0.2915
2016,Mar,31,31-Mar-2016,1-Apr-16,0.2794
2016,Apr,1,1-Apr-2016,4-Apr-16,0.2604
2016,Apr,4,4-Apr-2016,5-Apr-16,0.2607
2016,Apr,5,5-Apr-2016,6-Apr-16,0.2614
2016,Apr,6,6-Apr-2016,7-Apr-16,0.2593
2016,Apr,7,7-Apr-2016,8-Apr-16,0.2565
2016,Apr,8,8-Apr-2016,11-Apr-16,0.2432
2016,Apr,11,11-Apr-2016,12-Apr-16,0.2404
2016,Apr,12,12-Apr-2016,13-Apr-16,0.2347
2016,Apr,13,13-Apr-2016,14-Apr-16,0.2297
2016,Apr,14,14-Apr-2016,15-Apr-16,0.2305
2016,Apr,15,15-Apr-2016,18-Apr-16,0.2423
2016,Apr,18,18-Apr-2016,19-Apr-16,0.2433
2016,Apr,19,19-Apr-2016,20-Apr-16,0.2455
2016,Apr,20,20-Apr-2016,21-Apr-16,0.2494
2016,Apr,21,21-Apr-2016,22-Apr-16,0.2558
2016,Apr,22,22-Apr-2016,25-Apr-16,0.2967
2016,Apr,25,25-Apr-2016,26-Apr-16,0.3071
2016,Apr,26,26-Apr-2016,27-Apr-16,0.3197
2016,Apr,27,27-Apr-2016,28-Apr-16,0.3313
2016,Apr,28,28-Apr-2016,29-Apr-16,0.3322
2016,Apr,29,29-Apr-2016,3-May-16,0.3681
2016,May,3,3-May-2016,4-May-16,0.3766
2016,May,4,4-May-2016,5-May-16,0.3739
2016,May,5,5-May-2016,6-May-16,0.3687
2016,May,6,6-May-2016,9-May-16,0.3783
2016,May,9,9-May-2016,10-May-16,0.3816
2016,May,10,10-May-2016,11-May-16,0.3797
2016,May,11,11-May-2016,12-May-16,0.3747
2016,May,12,12-May-2016,13-May-16,0.374
2016,May,13,13-May-2016,16-May-16,0.3558
2016,May,16,16-May-2016,17-May-16,0.3461
2016,May,17,17-May-2016,18-May-16,0.3365
2016,May,18,18-May-2016,19-May-16,0.3318
2016,May,19,19-May-2016,20-May-16,0.3278
2016,May,20,20-May-2016,23-May-16,0.2922
2016,May,23,23-May-2016,24-May-16,0.2785
2016,May,24,24-May-2016,25-May-16,0.2635
2016,May,25,25-May-2016,26-May-16,0.2545
2016,May,26,26-May-2016,27-May-16,0.2409
2016,May,27,27-May-2016,30-May-16,0.2178
2016,May,30,30-May-2016,31-May-16,0.2223
2016,May,31,31-May-2016,1-Jun-16,0.2164
2016,Jun,1,1-Jun-2016,2-Jun-16,0.2108
2016,Jun,2,2-Jun-2016,3-Jun-16,0.2009
2016,Jun,3,3-Jun-2016,6-Jun-16,0.1846
2016,Jun,6,6-Jun-2016,7-Jun-16,0.1802
2016,Jun,7,7-Jun-2016,8-Jun-16,0.1724
2016,Jun,8,8-Jun-2016,9-Jun-16,0.1646
2016,Jun,9,9-Jun-2016,10-Jun-16,0.1571
2016,Jun,10,10-Jun-2016,13-Jun-16,0.1583
2016,Jun,13,13-Jun-2016,14-Jun-16,0.1582
2016,Jun,14,14-Jun-2016,15-Jun-16,0.1568
2016,Jun,15,15-Jun-2016,16-Jun-16,0.155
2016,Jun,16,16-Jun-2016,17-Jun-16,0.1549
2016,Jun,17,17-Jun-2016,20-Jun-16,0.1497
2016,Jun,20,20-Jun-2016,21-Jun-16,0.1474
2016,Jun,21,21-Jun-2016,22-Jun-16,0.1446
2016,Jun,22,22-Jun-2016,23-Jun-16,0.1411
2016,Jun,23,23-Jun-2016,24-Jun-16,0.1339
2016,Jun,24,24-Jun-2016,27-Jun-16,0.1157
2016,Jun,27,27-Jun-2016,28-Jun-16,0.111
2016,Jun,28,28-Jun-2016,29-Jun-16,0.1063
2016,Jun,29,29-Jun-2016,30-Jun-16,0.1049
2016,Jun,30,30-Jun-2016,1-Jul-16,0.1036
2016,Jul,1,1-Jul-2016,4-Jul-16,0.103
2016,Jul,4,4-Jul-2016,5-Jul-16,0.1037
2016,Jul,5,5-Jul-2016,7-Jul-16,0.1017
2016,Jul,7,7-Jul-2016,8-Jul-16,0.1026
2016,Jul,8,8-Jul-2016,11-Jul-16,0.1022
2016,Jul,11,11-Jul-2016,12-Jul-16,0.1003
2016,Jul,12,12-Jul-2016,13-Jul-16,0.0987
2016,Jul,13,13-Jul-2016,14-Jul-16,0.0975
2016,Jul,14,14-Jul-2016,15-Jul-16,0.0983
2016,Jul,15,15-Jul-2016,18-Jul-16,0.1039
2016,Jul,18,18-Jul-2016,19-Jul-16,0.1039
2016,Jul,19,19-Jul-2016,20-Jul-16,0.1032
2016,Jul,20,20-Jul-2016,21-Jul-16,0.1059
2016,Jul,21,21-Jul-2016,22-Jul-16,0.1201
2016,Jul,22,22-Jul-2016,25-Jul-16,0.1496
2016,Jul,25,25-Jul-2016,26-Jul-16,0.168
2016,Jul,26,26-Jul-2016,27-Jul-16,0.1912
2016,Jul,27,27-Jul-2016,28-Jul-16,0.2179
2016,Jul,28,28-Jul-2016,29-Jul-16,0.24
2016,Jul,29,29-Jul-2016,1-Aug-16,0.248
2016,Aug,1,1-Aug-2016,2-Aug-16,0.2495
2016,Aug,2,2-Aug-2016,3-Aug-16,0.2471
2016,Aug,3,3-Aug-2016,4-Aug-16,0.2431
2016,Aug,4,4-Aug-2016,5-Aug-16,0.2395
2016,Aug,5,5-Aug-2016,8-Aug-16,0.2311
2016,Aug,8,8-Aug-2016,10-Aug-16,0.2273
2016,Aug,10,10-Aug-2016,11-Aug-16,0.2255
2016,Aug,11,11-Aug-2016,12-Aug-16,0.2243
2016,Aug,12,12-Aug-2016,15-Aug-16,0.22
2016,Aug,15,15-Aug-2016,16-Aug-16,0.2178
2016,Aug,16,16-Aug-2016,17-Aug-16,0.2162
2016,Aug,17,17-Aug-2016,18-Aug-16,0.2163
2016,Aug,18,18-Aug-2016,19-Aug-16,0.2175
2016,Aug,19,19-Aug-2016,22-Aug-16,0.202
2016,Aug,22,22-Aug-2016,23-Aug-16,0.1926
2016,Aug,23,23-Aug-2016,24-Aug-16,0.1837
2016,Aug,24,24-Aug-2016,25-Aug-16,0.1737
2016,Aug,25,25-Aug-2016,26-Aug-16,0.156
2016,Aug,26,26-Aug-2016,29-Aug-16,0.0963
2016,Aug,29,29-Aug-2016,30-Aug-16,0.096
2016,Aug,30,30-Aug-2016,31-Aug-16,0.0886
2016,Aug,31,31-Aug-2016,1-Sep-16,0.0888
2016,Sep,1,1-Sep-2016,2-Sep-16,0.0855
2016,Sep,2,2-Sep-2016,5-Sep-16,0.0895
2016,Sep,5,5-Sep-2016,6-Sep-16,0.0918
2016,Sep,6,6-Sep-2016,7-Sep-16,0.0929
2016,Sep,7,7-Sep-2016,8-Sep-16,0.0934
2016,Sep,8,8-Sep-2016,9-Sep-16,0.0935
2016,Sep,9,9-Sep-2016,13-Sep-16,0.0949
2016,Sep,13,13-Sep-2016,14-Sep-16,0.0956
2016,Sep,14,14-Sep-2016,15-Sep-16,0.0972
2016,Sep,15,15-Sep-2016,16-Sep-16,0.0968
2016,Sep,16,16-Sep-2016,19-Sep-16,0.0919
2016,Sep,19,19-Sep-2016,20-Sep-16,0.091
2016,Sep,20,20-Sep-2016,21-Sep-16,0.0901
2016,Sep,21,21-Sep-2016,22-Sep-16,0.0891
2016,Sep,22,22-Sep-2016,23-Sep-16,0.0887
2016,Sep,23,23-Sep-2016,26-Sep-16,0.0873
2016,Sep,26,26-Sep-2016,27-Sep-16,0.0836
2016,Sep,27,27-Sep-2016,28-Sep-16,0.08
2016,Sep,28,28-Sep-2016,29-Sep-16,0.0783
2016,Sep,29,29-Sep-2016,30-Sep-16,0.0725
2016,Sep,30,30-Sep-2016,3-Oct-16,0.0643
2016,Oct,3,3-Oct-2016,4-Oct-16,0.0632
2016,Oct,4,4-Oct-2016,5-Oct-16,0.0618
2016,Oct,5,5-Oct-2016,6-Oct-16,0.0604
2016,Oct,6,6-Oct-2016,7-Oct-16,0.0609
2016,Oct,7,7-Oct-2016,10-Oct-16,0.0704
2016,Oct,10,10-Oct-2016,11-Oct-16,0.0722
2016,Oct,11,11-Oct-2016,12-Oct-16,0.0752
2016,Oct,12,12-Oct-2016,13-Oct-16,0.078
2016,Oct,13,13-Oct-2016,14-Oct-16,0.0779
2016,Oct,14,14-Oct-2016,17-Oct-16,0.0811
2016,Oct,17,17-Oct-2016,18-Oct-16,0.0805
2016,Oct,18,18-Oct-2016,19-Oct-16,0.0798
2016,Oct,19,19-Oct-2016,20-Oct-16,0.0798
2016,Oct,20,20-Oct-2016,21-Oct-16,0.0803
2016,Oct,21,21-Oct-2016,24-Oct-16,0.0916
2016,Oct,24,24-Oct-2016,25-Oct-16,0.0959
2016,Oct,25,25-Oct-2016,26-Oct-16,0.097
2016,Oct,26,26-Oct-2016,27-Oct-16,0.0968
2016,Oct,27,27-Oct-2016,28-Oct-16,0.0965
2016,Oct,28,28-Oct-2016,31-Oct-16,0.0925
2016,Oct,31,31-Oct-2016,1-Nov-16,0.0909
2016,Nov,1,1-Nov-2016,2-Nov-16,0.0892
2016,Nov,2,2-Nov-2016,3-Nov-16,0.0878
2016,Nov,3,3-Nov-2016,4-Nov-16,0.0875
2016,Nov,4,4-Nov-2016,7-Nov-16,0.0903
2016,Nov,7,7-Nov-2016,8-Nov-16,0.0882
2016,Nov,8,8-Nov-2016,9-Nov-16,0.0869
2016,Nov,9,9-Nov-2016,10-Nov-16,0.0857
2016,Nov,10,10-Nov-2016,11-Nov-16,0.0857
2016,Nov,11,11-Nov-2016,14-Nov-16,0.0808
2016,Nov,14,14-Nov-2016,15-Nov-16,0.0812
2016,Nov,15,15-Nov-2016,16-Nov-16,0.0809
2016,Nov,16,16-Nov-2016,17-Nov-16,0.0807
2016,Nov,17,17-Nov-2016,18-Nov-16,0.0814
2016,Nov,18,18-Nov-2016,21-Nov-16,0.0818
2016,Nov,21,21-Nov-2016,22-Nov-16,0.0801
2016,Nov,22,22-Nov-2016,23-Nov-16,0.0777
2016,Nov,23,23-Nov-2016,24-Nov-16,0.0749
2016,Nov,24,24-Nov-2016,25-Nov-16,0.0712
2016,Nov,25,25-Nov-2016,28-Nov-16,0.0956
2016,Nov,28,28-Nov-2016,29-Nov-16,0.0986
2016,Nov,29,29-Nov-2016,30-Nov-16,0.1034
2016,Nov,30,30-Nov-2016,1-Dec-16,0.1033
2016,Dec,1,1-Dec-2016,2-Dec-16,0.1024
2016,Dec,2,2-Dec-2016,5-Dec-16,0.1008
2016,Dec,5,5-Dec-2016,6-Dec-16,0.1014
2016,Dec,6,6-Dec-2016,7-Dec-16,0.1027
2016,Dec,7,7-Dec-2016,8-Dec-16,0.103
2016,Dec,8,8-Dec-2016,9-Dec-16,0.104
2016,Dec,9,9-Dec-2016,12-Dec-16,0.1088
2016,Dec,12,12-Dec-2016,13-Dec-16,0.1128
2016,Dec,13,13-Dec-2016,14-Dec-16,0.1244
2016,Dec,14,14-Dec-2016,15-Dec-16,0.1336
2016,Dec,15,15-Dec-2016,16-Dec-16,0.144
2016,Dec,16,16-Dec-2016,19-Dec-16,0.1629
2016,Dec,19,19-Dec-2016,20-Dec-16,0.1737
2016,Dec,20,20-Dec-2016,21-Dec-16,0.1818
2016,Dec,21,21-Dec-2016,22-Dec-16,0.1857
2016,Dec,22,22-Dec-2016,23-Dec-16,0.1865
2016,Dec,23,23-Dec-2016,27-Dec-16,0.1876
2016,Dec,27,27-Dec-2016,28-Dec-16,0.1862
2016,Dec,28,28-Dec-2016,29-Dec-16,0.1933
2016,Dec,29,29-Dec-2016,30-Dec-16,0.199
2016,Dec,30,30-Dec-2016,3-Jan-17,0.2467
2017,Jan,3,3-Jan-2017,4-Jan-17,0.2527
2017,Jan,4,4-Jan-2017,5-Jan-17,0.2551
2017,Jan,5,5-Jan-2017,6-Jan-17,0.2554
2017,Jan,6,6-Jan-2017,9-Jan-17,0.2569
2017,Jan,9,9-Jan-2017,10-Jan-17,0.2549
2017,Jan,10,10-Jan-2017,11-Jan-17,0.2521
2017,Jan,11,11-Jan-2017,12-Jan-17,0.2496
2017,Jan,12,12-Jan-2017,13-Jan-17,0.2462
2017,Jan,13,13-Jan-2017,16-Jan-17,0.2218
2017,Jan,16,16-Jan-2017,17-Jan-17,0.2174
2017,Jan,17,17-Jan-2017,18-Jan-17,0.2146
2017,Jan,18,18-Jan-2017,19-Jan-17,0.2108
2017,Jan,19,19-Jan-2017,20-Jan-17,0.202
2017,Jan,20,20-Jan-2017,23-Jan-17,0.1875
2017,Jan,23,23-Jan-2017,24-Jan-17,0.1834
2017,Jan,24,24-Jan-2017,25-Jan-17,0.1795
2017,Jan,25,25-Jan-2017,26-Jan-17,0.1751
2017,Jan,26,26-Jan-2017,27-Jan-17,0.1744
2017,Jan,27,27-Jan-2017,31-Jan-17,0.1911
2017,Jan,31,31-Jan-2017,1-Feb-17,0.1808
2017,Feb,1,1-Feb-2017,2-Feb-17,0.1699
2017,Feb,2,2-Feb-2017,3-Feb-17,0.1615
2017,Feb,3,3-Feb-2017,6-Feb-17,0.1864
2017,Feb,6,6-Feb-2017,7-Feb-17,0.1937
2017,Feb,7,7-Feb-2017,8-Feb-17,0.1938
2017,Feb,8,8-Feb-2017,9-Feb-17,0.1951
2017,Feb,9,9-Feb-2017,10-Feb-17,0.2043
2017,Feb,10,10-Feb-2017,13-Feb-17,0.2533
2017,Feb,13,13-Feb-2017,14-Feb-17,0.2715
2017,Feb,14,14-Feb-2017,15-Feb-17,0.2798
2017,Feb,15,15-Feb-2017,16-Feb-17,0.2805
2017,Feb,16,16-Feb-2017,17-Feb-17,0.2801
2017,Feb,17,17-Feb-2017,20-Feb-17,0.2838
2017,Feb,20,20-Feb-2017,21-Feb-17,0.2869
2017,Feb,21,21-Feb-2017,22-Feb-17,0.3016
2017,Feb,22,22-Feb-2017,23-Feb-17,0.3194
2017,Feb,23,23-Feb-2017,24-Feb-17,0.3353
2017,Feb,24,24-Feb-2017,27-Feb-17,0.3459
2017,Feb,27,27-Feb-2017,28-Feb-17,0.3391
2017,Feb,28,28-Feb-2017,1-Mar-17,0.3317
2017,Mar,1,1-Mar-2017,2-Mar-17,0.3383
2017,Mar,2,2-Mar-2017,3-Mar-17,0.3369
2017,Mar,3,3-Mar-2017,6-Mar-17,0.3123
2017,Mar,6,6-Mar-2017,7-Mar-17,0.3088
2017,Mar,7,7-Mar-2017,8-Mar-17,0.3094
2017,Mar,8,8-Mar-2017,9-Mar-17,0.3059
2017,Mar,9,9-Mar-2017,10-Mar-17,0.2981
2017,Mar,10,10-Mar-2017,13-Mar-17,0.2559
2017,Mar,13,13-Mar-2017,14-Mar-17,0.2348
2017,Mar,14,14-Mar-2017,15-Mar-17,0.2261
2017,Mar,15,15-Mar-2017,16-Mar-17,0.2247
2017,Mar,16,16-Mar-2017,17-Mar-17,0.2342
2017,Mar,17,17-Mar-2017,20-Mar-17,0.2684
2017,Mar,20,20-Mar-2017,21-Mar-17,0.2851
2017,Mar,21,21-Mar-2017,22-Mar-17,0.279
2017,Mar,22,22-Mar-2017,23-Mar-17,0.2685
2017,Mar,23,23-Mar-2017,24-Mar-17,0.2524
2017,Mar,24,24-Mar-2017,27-Mar-17,0.2568
2017,Mar,27,27-Mar-2017,28-Mar-17,0.2539
2017,Mar,28,28-Mar-2017,29-Mar-17,0.2519
2017,Mar,29,29-Mar-2017,30-Mar-17,0.2596
2017,Mar,30,30-Mar-2017,31-Mar-17,0.2652
2017,Mar,31,31-Mar-2017,3-Apr-17,0.2899
2017,Apr,3,3-Apr-2017,4-Apr-17,0.3065
2017,Apr,4,4-Apr-2017,5-Apr-17,0.3127
2017,Apr,5,5-Apr-2017,6-Apr-17,0.3167
2017,Apr,6,6-Apr-2017,7-Apr-17,0.316
2017,Apr,7,7-Apr-2017,10-Apr-17,0.3239
2017,Apr,10,10-Apr-2017,11-Apr-17,0.3276
2017,Apr,11,11-Apr-2017,12-Apr-17,0.3347
2017,Apr,12,12-Apr-2017,13-Apr-17,0.3454
2017,Apr,13,13-Apr-2017,17-Apr-17,0.4135
2017,Apr,17,17-Apr-2017,18-Apr-17,0.4116
2017,Apr,18,18-Apr-2017,19-Apr-17,0.4076
2017,Apr,19,19-Apr-2017,20-Apr-17,0.3998
2017,Apr,20,20-Apr-2017,21-Apr-17,0.3913
2017,Apr,21,21-Apr-2017,24-Apr-17,0.4126
2017,Apr,24,24-Apr-2017,25-Apr-17,0.4183
2017,Apr,25,25-Apr-2017,26-Apr-17,0.4254
2017,Apr,26,26-Apr-2017,27-Apr-17,0.4362
2017,Apr,27,27-Apr-2017,28-Apr-17,0.4414
2017,Apr,28,28-Apr-2017,2-May-17,0.4415
2017,May,2,2-May-2017,3-May-17,0.4374
2017,May,3,3-May-2017,4-May-17,0.4313
2017,May,4,4-May-2017,5-May-17,0.432
2017,May,5,5-May-2017,8-May-17,0.4553
2017,May,8,8-May-2017,9-May-17,0.4656
2017,May,9,9-May-2017,11-May-17,0.4837
2017,May,11,11-May-2017,12-May-17,0.4881
2017,May,12,12-May-2017,15-May-17,0.4822
2017,May,15,15-May-2017,16-May-17,0.4758
2017,May,16,16-May-2017,17-May-17,0.4764
2017,May,17,17-May-2017,18-May-17,0.4815
2017,May,18,18-May-2017,19-May-17,0.4867
2017,May,19,19-May-2017,22-May-17,0.5063
2017,May,22,22-May-2017,23-May-17,0.509
2017,May,23,23-May-2017,24-May-17,0.5069
2017,May,24,24-May-2017,25-May-17,0.506
2017,May,25,25-May-2017,26-May-17,0.5009
2017,May,26,26-May-2017,29-May-17,0.4977
2017,May,29,29-May-2017,30-May-17,0.4946
2017,May,30,30-May-2017,31-May-17,0.4929
2017,May,31,31-May-2017,1-Jun-17,0.4928
2017,Jun,1,1-Jun-2017,2-Jun-17,0.49
2017,Jun,2,2-Jun-2017,5-Jun-17,0.5014
2017,Jun,5,5-Jun-2017,6-Jun-17,0.5064
2017,Jun,6,6-Jun-2017,7-Jun-17,0.5142
2017,Jun,7,7-Jun-2017,8-Jun-17,0.5257
2017,Jun,8,8-Jun-2017,9-Jun-17,0.5247
2017,Jun,9,9-Jun-2017,12-Jun-17,0.5016
2017,Jun,12,12-Jun-2017,13-Jun-17,0.4906
2017,Jun,13,13-Jun-2017,14-Jun-17,0.475
2017,Jun,14,14-Jun-2017,15-Jun-17,0.4601
2017,Jun,15,15-Jun-2017,16-Jun-17,0.4483
2017,Jun,16,16-Jun-2017,19-Jun-17,0.4032
2017,Jun,19,19-Jun-2017,20-Jun-17,0.3903
2017,Jun,20,20-Jun-2017,21-Jun-17,0.3772
2017,Jun,21,21-Jun-2017,22-Jun-17,0.368
2017,Jun,22,22-Jun-2017,23-Jun-17,0.3645
2017,Jun,23,23-Jun-2017,27-Jun-17,0.4587
2017,Jun,27,27-Jun-2017,28-Jun-17,0.4678
2017,Jun,28,28-Jun-2017,29-Jun-17,0.483
2017,Jun,29,29-Jun-2017,30-Jun-17,0.51
2017,Jun,30,30-Jun-2017,3-Jul-17,0.5486
2017,Jul,3,3-Jul-2017,4-Jul-17,0.5572
2017,Jul,4,4-Jul-2017,5-Jul-17,0.5786
2017,Jul,5,5-Jul-2017,6-Jul-17,0.5988
2017,Jul,6,6-Jul-2017,7-Jul-17,0.6061
2017,Jul,7,7-Jul-2017,10-Jul-17,0.6725
2017,Jul,10,10-Jul-2017,11-Jul-17,0.7034
2017,Jul,11,11-Jul-2017,12-Jul-17,0.7303
2017,Jul,12,12-Jul-2017,13-Jul-17,0.7558
2017,Jul,13,13-Jul-2017,14-Jul-17,0.7712
2017,Jul,14,14-Jul-2017,17-Jul-17,0.7968
2017,Jul,17,17-Jul-2017,18-Jul-17,0.8023
2017,Jul,18,18-Jul-2017,19-Jul-17,0.8063
2017,Jul,19,19-Jul-2017,20-Jul-17,0.8152
2017,Jul,20,20-Jul-2017,21-Jul-17,0.8293
2017,Jul,21,21-Jul-2017,24-Jul-17,0.837
2017,Jul,24,24-Jul-2017,25-Jul-17,0.8249
2017,Jul,25,25-Jul-2017,26-Jul-17,0.8131
2017,Jul,26,26-Jul-2017,27-Jul-17,0.7999
2017,Jul,27,27-Jul-2017,28-Jul-17,0.7948
2017,Jul,28,28-Jul-2017,31-Jul-17,0.7719
2017,Jul,31,31-Jul-2017,1-Aug-17,0.7772
2017,Aug,1,1-Aug-2017,2-Aug-17,0.7793
2017,Aug,2,2-Aug-2017,3-Aug-17,0.7829
2017,Aug,3,3-Aug-2017,4-Aug-17,0.7756
2017,Aug,4,4-Aug-2017,7-Aug-17,0.7336
2017,Aug,7,7-Aug-2017,8-Aug-17,0.7115
2017,Aug,8,8-Aug-2017,10-Aug-17,0.6632
2017,Aug,10,10-Aug-2017,11-Aug-17,0.6376
2017,Aug,11,11-Aug-2017,14-Aug-17,0.5976
2017,Aug,14,14-Aug-2017,15-Aug-17,0.6064
2017,Aug,15,15-Aug-2017,16-Aug-17,0.6165
2017,Aug,16,16-Aug-2017,17-Aug-17,0.6288
2017,Aug,17,17-Aug-2017,18-Aug-17,0.6405
2017,Aug,18,18-Aug-2017,21-Aug-17,0.6793
2017,Aug,21,21-Aug-2017,22-Aug-17,0.6843
2017,Aug,22,22-Aug-2017,23-Aug-17,0.691
2017,Aug,23,23-Aug-2017,24-Aug-17,0.6999
2017,Aug,24,24-Aug-2017,25-Aug-17,0.7079
2017,Aug,25,25-Aug-2017,28-Aug-17,0.7609
2017,Aug,28,28-Aug-2017,29-Aug-17,0.7739
2017,Aug,29,29-Aug-2017,30-Aug-17,0.7691
2017,Aug,30,30-Aug-2017,31-Aug-17,0.7547
2017,Aug,31,31-Aug-2017,4-Sep-17,0.7116
2017,Sep,4,4-Sep-2017,5-Sep-17,0.7175
2017,Sep,5,5-Sep-2017,6-Sep-17,0.7242
2017,Sep,6,6-Sep-2017,7-Sep-17,0.7259
2017,Sep,7,7-Sep-2017,8-Sep-17,0.7289
2017,Sep,8,8-Sep-2017,11-Sep-17,0.7569
2017,Sep,11,11-Sep-2017,12-Sep-17,0.7684
2017,Sep,12,12-Sep-2017,13-Sep-17,0.7768
2017,Sep,13,13-Sep-2017,14-Sep-17,0.7765
2017,Sep,14,14-Sep-2017,15-Sep-17,0.7654
2017,Sep,15,15-Sep-2017,18-Sep-17,0.723
2017,Sep,18,18-Sep-2017,19-Sep-17,0.7133
2017,Sep,19,19-Sep-2017,20-Sep-17,0.7032
2017,Sep,20,20-Sep-2017,21-Sep-17,0.6988
2017,Sep,21,21-Sep-2017,22-Sep-17,0.6922
2017,Sep,22,22-Sep-2017,25-Sep-17,0.6672
2017,Sep,25,25-Sep-2017,26-Sep-17,0.646
2017,Sep,26,26-Sep-2017,27-Sep-17,0.6239
2017,Sep,27,27-Sep-2017,28-Sep-17,0.6052
2017,Sep,28,28-Sep-2017,29-Sep-17,0.5865
2017,Sep,29,29-Sep-2017,2-Oct-17,0.6021
2017,Oct,2,2-Oct-2017,3-Oct-17,0.6044
2017,Oct,3,3-Oct-2017,4-Oct-17,0.6063
2017,Oct,4,4-Oct-2017,5-Oct-17,0.5891
2017,Oct,5,5-Oct-2017,6-Oct-17,0.5747
2017,Oct,6,6-Oct-2017,9-Oct-17,0.5676
2017,Oct,9,9-Oct-2017,10-Oct-17,0.5651
2017,Oct,10,10-Oct-2017,11-Oct-17,0.5609
2017,Oct,11,11-Oct-2017,12-Oct-17,0.556
2017,Oct,12,12-Oct-2017,13-Oct-17,0.5553
2017,Oct,13,13-Oct-2017,16-Oct-17,0.5892
2017,Oct,16,16-Oct-2017,17-Oct-17,0.6033
2017,Oct,17,17-Oct-2017,19-Oct-17,0.6228
2017,Oct,19,19-Oct-2017,20-Oct-17,0.6395
2017,Oct,20,20-Oct-2017,23-Oct-17,0.7087
2017,Oct,23,23-Oct-2017,24-Oct-17,0.732
2017,Oct,24,24-Oct-2017,25-Oct-17,0.7488
2017,Oct,25,25-Oct-2017,26-Oct-17,0.7736
2017,Oct,26,26-Oct-2017,27-Oct-17,0.7925
2017,Oct,27,27-Oct-2017,30-Oct-17,0.8441
2017,Oct,30,30-Oct-2017,31-Oct-17,0.8548
2017,Oct,31,31-Oct-2017,1-Nov-17,0.8709
2017,Nov,1,1-Nov-2017,2-Nov-17,0.8852
2017,Nov,2,2-Nov-2017,3-Nov-17,0.8908
2017,Nov,3,3-Nov-2017,6-Nov-17,0.925
2017,Nov,6,6-Nov-2017,7-Nov-17,0.9283
2017,Nov,7,7-Nov-2017,8-Nov-17,0.9321
2017,Nov,8,8-Nov-2017,9-Nov-17,0.9383
2017,Nov,9,9-Nov-2017,10-Nov-17,0.9444
2017,Nov,10,10-Nov-2017,13-Nov-17,0.9785
2017,Nov,13,13-Nov-2017,14-Nov-17,0.9788
2017,Nov,14,14-Nov-2017,15-Nov-17,0.9781
2017,Nov,15,15-Nov-2017,16-Nov-17,0.9739
2017,Nov,16,16-Nov-2017,17-Nov-17,0.9689
2017,Nov,17,17-Nov-2017,20-Nov-17,0.9454
2017,Nov,20,20-Nov-2017,21-Nov-17,0.9169
2017,Nov,21,21-Nov-2017,22-Nov-17,0.8807
2017,Nov,22,22-Nov-2017,23-Nov-17,0.842
2017,Nov,23,23-Nov-2017,24-Nov-17,0.8084
2017,Nov,24,24-Nov-2017,27-Nov-17,0.7417
2017,Nov,27,27-Nov-2017,28-Nov-17,0.727
2017,Nov,28,28-Nov-2017,29-Nov-17,0.7161
2017,Nov,29,29-Nov-2017,30-Nov-17,0.7185
2017,Nov,30,30-Nov-2017,1-Dec-17,0.7087
2017,Dec,1,1-Dec-2017,4-Dec-17,0.7424
2017,Dec,4,4-Dec-2017,5-Dec-17,0.7481
2017,Dec,5,5-Dec-2017,6-Dec-17,0.7484
2017,Dec,6,6-Dec-2017,7-Dec-17,0.7494
2017,Dec,7,7-Dec-2017,8-Dec-17,0.7494
2017,Dec,8,8-Dec-2017,11-Dec-17,0.7401
2017,Dec,11,11-Dec-2017,12-Dec-17,0.7344
2017,Dec,12,12-Dec-2017,13-Dec-17,0.7317
2017,Dec,13,13-Dec-2017,14-Dec-17,0.7366
2017,Dec,14,14-Dec-2017,15-Dec-17,0.7395
2017,Dec,15,15-Dec-2017,18-Dec-17,0.7583
2017,Dec,18,18-Dec-2017,19-Dec-17,0.7675
2017,Dec,19,19-Dec-2017,20-Dec-17,0.7803
2017,Dec,20,20-Dec-2017,21-Dec-17,0.795
2017,Dec,21,21-Dec-2017,22-Dec-17,0.82
2017,Dec,22,22-Dec-2017,26-Dec-17,0.9359
2017,Dec,26,26-Dec-2017,27-Dec-17,0.9579
2017,Dec,27,27-Dec-2017,28-Dec-17,0.9676
2017,Dec,28,28-Dec-2017,29-Dec-17,0.9668
2017,Dec,29,29-Dec-2017,2-Jan-18,0.9283
2018,Jan,2,2-Jan-2018,3-Jan-18,0.9148
2018,Jan,3,3-Jan-2018,4-Jan-18,0.9092
2018,Jan,4,4-Jan-2018,5-Jan-18,0.8967
2018,Jan,5,5-Jan-2018,8-Jan-18,0.8557
2018,Jan,8,8-Jan-2018,9-Jan-18,0.832
2018,Jan,9,9-Jan-2018,10-Jan-18,0.8085
2018,Jan,10,10-Jan-2018,11-Jan-18,0.7875
2018,Jan,11,11-Jan-2018,12-Jan-18,0.7627
2018,Jan,12,12-Jan-2018,15-Jan-18,0.7253
2018,Jan,15,15-Jan-2018,16-Jan-18,0.7067
2018,Jan,16,16-Jan-2018,17-Jan-18,0.686
2018,Jan,17,17-Jan-2018,18-Jan-18,0.6665
2018,Jan,18,18-Jan-2018,19-Jan-18,0.6425
2018,Jan,19,19-Jan-2018,22-Jan-18,0.6149
2018,Jan,22,22-Jan-2018,23-Jan-18,0.5945
2018,Jan,23,23-Jan-2018,24-Jan-18,0.5592
2018,Jan,24,24-Jan-2018,25-Jan-18,0.5221
2018,Jan,25,25-Jan-2018,26-Jan-18,0.483
2018,Jan,26,26-Jan-2018,29-Jan-18,0.4081
2018,Jan,29,29-Jan-2018,30-Jan-18,0.3896
2018,Jan,30,30-Jan-2018,31-Jan-18,0.3833
2018,Jan,31,31-Jan-2018,1-Feb-18,0.3823
2018,Feb,1,1-Feb-2018,2-Feb-18,0.3795
2018,Feb,2,2-Feb-2018,5-Feb-18,0.3968
2018,Feb,5,5-Feb-2018,6-Feb-18,0.4035
2018,Feb,6,6-Feb-2018,7-Feb-18,0.4122
2018,Feb,7,7-Feb-2018,8-Feb-18,0.4222
2018,Feb,8,8-Feb-2018,9-Feb-18,0.4469
2018,Feb,9,9-Feb-2018,12-Feb-18,0.5677
2018,Feb,12,12-Feb-2018,13-Feb-18,0.598
2018,Feb,13,13-Feb-2018,14-Feb-18,0.6192
2018,Feb,14,14-Feb-2018,15-Feb-18,0.624
2018,Feb,15,15-Feb-2018,19-Feb-18,0.6838
2018,Feb,19,19-Feb-2018,20-Feb-18,0.6866
2018,Feb,20,20-Feb-2018,21-Feb-18,0.6945
2018,Feb,21,21-Feb-2018,22-Feb-18,0.7088
2018,Feb,22,22-Feb-2018,23-Feb-18,0.728
2018,Feb,23,23-Feb-2018,26-Feb-18,0.8708
2018,Feb,26,26-Feb-2018,27-Feb-18,0.9176
2018,Feb,27,27-Feb-2018,28-Feb-18,0.9603
2018,Feb,28,28-Feb-2018,1-Mar-18,1.0137
2018,Mar,1,1-Mar-2018,2-Mar-18,0.9993
2018,Mar,2,2-Mar-2018,5-Mar-18,0.9554
2018,Mar,5,5-Mar-2018,6-Mar-18,0.966
2018,Mar,6,6-Mar-2018,7-Mar-18,0.9706
2018,Mar,7,7-Mar-2018,8-Mar-18,0.9814
2018,Mar,8,8-Mar-2018,9-Mar-18,0.9816
2018,Mar,9,9-Mar-2018,12-Mar-18,0.928
2018,Mar,12,12-Mar-2018,13-Mar-18,0.906
2018,Mar,13,13-Mar-2018,14-Mar-18,0.8876
2018,Mar,14,14-Mar-2018,15-Mar-18,0.887
2018,Mar,15,15-Mar-2018,16-Mar-18,0.8868
2018,Mar,16,16-Mar-2018,19-Mar-18,0.8546
2018,Mar,19,19-Mar-2018,20-Mar-18,0.8481
2018,Mar,20,20-Mar-2018,21-Mar-18,0.8394
2018,Mar,21,21-Mar-2018,22-Mar-18,0.8322
2018,Mar,22,22-Mar-2018,23-Mar-18,0.8153
2018,Mar,23,23-Mar-2018,26-Mar-18,0.726
2018,Mar,26,26-Mar-2018,27-Mar-18,0.691
2018,Mar,27,27-Mar-2018,28-Mar-18,0.6623
2018,Mar,28,28-Mar-2018,29-Mar-18,0.6597
2018,Mar,29,29-Mar-2018,2-Apr-18,0.6871
2018,Apr,2,2-Apr-2018,3-Apr-18,0.6902
2018,Apr,3,3-Apr-2018,4-Apr-18,0.6907
2018,Apr,4,4-Apr-2018,5-Apr-18,0.6857
2018,Apr,5,5-Apr-2018,6-Apr-18,0.6633
2018,Apr,6,6-Apr-2018,9-Apr-18,0.5989
2018,Apr,9,9-Apr-2018,10-Apr-18,0.5781
2018,Apr,10,10-Apr-2018,11-Apr-18,0.5598
2018,Apr,11,11-Apr-2018,12-Apr-18,0.5419
2018,Apr,12,12-Apr-2018,13-Apr-18,0.5263
2018,Apr,13,13-Apr-2018,16-Apr-18,0.5053
2018,Apr,16,16-Apr-2018,17-Apr-18,0.5075
2018,Apr,17,17-Apr-2018,18-Apr-18,0.5109
2018,Apr,18,18-Apr-2018,19-Apr-18,0.5158
2018,Apr,19,19-Apr-2018,20-Apr-18,0.5317
2018,Apr,20,20-Apr-2018,23-Apr-18,0.5851
2018,Apr,23,23-Apr-2018,24-Apr-18,0.597
2018,Apr,24,24-Apr-2018,25-Apr-18,0.6007
2018,Apr,25,25-Apr-2018,26-Apr-18,0.604
2018,Apr,26,26-Apr-2018,27-Apr-18,0.6145
2018,Apr,27,27-Apr-2018,30-Apr-18,0.7173
2018,Apr,30,30-Apr-2018,2-May-18,0.761
2018,May,2,2-May-2018,3-May-18,0.7755
2018,May,3,3-May-2018,4-May-18,0.7923
2018,May,4,4-May-2018,7-May-18,0.8848
2018,May,7,7-May-2018,8-May-18,0.9257
2018,May,8,8-May-2018,9-May-18,0.972
2018,May,9,9-May-2018,10-May-18,1.0171
2018,May,10,10-May-2018,11-May-18,1.0414
2018,May,11,11-May-2018,14-May-18,1.0978
2018,May,14,14-May-2018,15-May-18,1.1185
2018,May,15,15-May-2018,16-May-18,1.1296
2018,May,16,16-May-2018,17-May-18,1.1388
2018,May,17,17-May-2018,18-May-18,1.1396
2018,May,18,18-May-2018,21-May-18,1.0906
2018,May,21,21-May-2018,22-May-18,1.0687
2018,May,22,22-May-2018,23-May-18,1.0471
2018,May,23,23-May-2018,24-May-18,1.0522
2018,May,24,24-May-2018,25-May-18,1.0576
2018,May,25,25-May-2018,28-May-18,1.0783
2018,May,28,28-May-2018,30-May-18,1.0621
2018,May,30,30-May-2018,31-May-18,1.078
2018,May,31,31-May-2018,1-Jun-18,1.0667
2018,Jun,1,1-Jun-2018,4-Jun-18,1.0442
2018,Jun,4,4-Jun-2018,5-Jun-18,1.0525
2018,Jun,5,5-Jun-2018,6-Jun-18,1.0636
2018,Jun,6,6-Jun-2018,7-Jun-18,1.0728
2018,Jun,7,7-Jun-2018,8-Jun-18,1.0631
2018,Jun,8,8-Jun-2018,11-Jun-18,1.0399
2018,Jun,11,11-Jun-2018,12-Jun-18,1.0471
2018,Jun,12,12-Jun-2018,13-Jun-18,1.0443
2018,Jun,13,13-Jun-2018,14-Jun-18,1.0349
2018,Jun,14,14-Jun-2018,18-Jun-18,1.0434
2018,Jun,18,18-Jun-2018,19-Jun-18,1.0456
2018,Jun,19,19-Jun-2018,20-Jun-18,1.0439
2018,Jun,20,20-Jun-2018,21-Jun-18,1.045
2018,Jun,21,21-Jun-2018,22-Jun-18,1.0415
2018,Jun,22,22-Jun-2018,25-Jun-18,0.9896
2018,Jun,25,25-Jun-2018,26-Jun-18,0.9662
2018,Jun,26,26-Jun-2018,27-Jun-18,0.9507
2018,Jun,27,27-Jun-2018,28-Jun-18,0.9317
2018,Jun,28,28-Jun-2018,29-Jun-18,0.9096
2018,Jun,29,29-Jun-2018,2-Jul-18,0.9014
2018,Jul,2,2-Jul-2018,3-Jul-18,0.9012
2018,Jul,3,3-Jul-2018,4-Jul-18,0.8986
2018,Jul,4,4-Jul-2018,5-Jul-18,0.8787
2018,Jul,5,5-Jul-2018,6-Jul-18,0.8573
2018,Jul,6,6-Jul-2018,9-Jul-18,0.8787
2018,Jul,9,9-Jul-2018,10-Jul-18,0.8888
2018,Jul,10,10-Jul-2018,11-Jul-18,0.8982
2018,Jul,11,11-Jul-2018,12-Jul-18,0.9074
2018,Jul,12,12-Jul-2018,13-Jul-18,0.9224
2018,Jul,13,13-Jul-2018,16-Jul-18,0.9724
2018,Jul,16,16-Jul-2018,17-Jul-18,0.9862
2018,Jul,17,17-Jul-2018,18-Jul-18,0.9868
2018,Jul,18,18-Jul-2018,19-Jul-18,0.998
2018,Jul,19,19-Jul-2018,20-Jul-18,1.017
2018,Jul,20,20-Jul-2018,23-Jul-18,1.0712
2018,Jul,23,23-Jul-2018,24-Jul-18,1.1026
2018,Jul,24,24-Jul-2018,25-Jul-18,1.1339
2018,Jul,25,25-Jul-2018,26-Jul-18,1.1441
2018,Jul,26,26-Jul-2018,27-Jul-18,1.1527
2018,Jul,27,27-Jul-2018,30-Jul-18,1.2026
2018,Jul,30,30-Jul-2018,31-Jul-18,1.2143
2018,Jul,31,31-Jul-2018,1-Aug-18,1.2268
2018,Aug,1,1-Aug-2018,2-Aug-18,1.2418
2018,Aug,2,2-Aug-2018,3-Aug-18,1.2638
2018,Aug,3,3-Aug-2018,6-Aug-18,1.3551
2018,Aug,6,6-Aug-2018,7-Aug-18,1.3676
2018,Aug,7,7-Aug-2018,8-Aug-18,1.3677
2018,Aug,8,8-Aug-2018,10-Aug-18,1.3602
2018,Aug,10,10-Aug-2018,13-Aug-18,1.3679
2018,Aug,13,13-Aug-2018,14-Aug-18,1.3865
2018,Aug,14,14-Aug-2018,15-Aug-18,1.3941
2018,Aug,15,15-Aug-2018,16-Aug-18,1.41
2018,Aug,16,16-Aug-2018,17-Aug-18,1.4053
2018,Aug,17,17-Aug-2018,20-Aug-18,1.3991
2018,Aug,20,20-Aug-2018,21-Aug-18,1.3893
2018,Aug,21,21-Aug-2018,23-Aug-18,1.4006
2018,Aug,23,23-Aug-2018,24-Aug-18,1.3935
2018,Aug,24,24-Aug-2018,27-Aug-18,1.4275
2018,Aug,27,27-Aug-2018,28-Aug-18,1.4277
2018,Aug,28,28-Aug-2018,29-Aug-18,1.4243
2018,Aug,29,29-Aug-2018,30-Aug-18,1.4198
2018,Aug,30,30-Aug-2018,31-Aug-18,1.4051
2018,Aug,31,31-Aug-2018,3-Sep-18,1.3398
2018,Sep,3,3-Sep-2018,4-Sep-18,1.3119
2018,Sep,4,4-Sep-2018,5-Sep-18,1.2874
2018,Sep,5,5-Sep-2018,6-Sep-18,1.2482
2018,Sep,6,6-Sep-2018,7-Sep-18,1.2111
2018,Sep,7,7-Sep-2018,10-Sep-18,1.1556
2018,Sep,10,10-Sep-2018,11-Sep-18,1.1305
2018,Sep,11,11-Sep-2018,12-Sep-18,1.1049
2018,Sep,12,12-Sep-2018,13-Sep-18,1.087
2018,Sep,13,13-Sep-2018,14-Sep-18,1.0568
2018,Sep,14,14-Sep-2018,17-Sep-18,1.0213
2018,Sep,17,17-Sep-2018,18-Sep-18,1.0355
2018,Sep,18,18-Sep-2018,19-Sep-18,1.0502
2018,Sep,19,19-Sep-2018,20-Sep-18,1.0665
2018,Sep,20,20-Sep-2018,21-Sep-18,1.0871
2018,Sep,21,21-Sep-2018,24-Sep-18,1.1071
2018,Sep,24,24-Sep-2018,25-Sep-18,1.0932
2018,Sep,25,25-Sep-2018,26-Sep-18,1.0827
2018,Sep,26,26-Sep-2018,27-Sep-18,1.0677
2018,Sep,27,27-Sep-2018,28-Sep-18,1.0518
2018,Sep,28,28-Sep-2018,1-Oct-18,1.0336
2018,Oct,1,1-Oct-2018,2-Oct-18,1.0377
2018,Oct,2,2-Oct-2018,3-Oct-18,1.0384
2018,Oct,3,3-Oct-2018,4-Oct-18,1.0437
2018,Oct,4,4-Oct-2018,5-Oct-18,1.0508
2018,Oct,5,5-Oct-2018,8-Oct-18,1.1093
2018,Oct,8,8-Oct-2018,9-Oct-18,1.1189
2018,Oct,9,9-Oct-2018,10-Oct-18,1.1312
2018,Oct,10,10-Oct-2018,11-Oct-18,1.1432
2018,Oct,11,11-Oct-2018,12-Oct-18,1.159
2018,Oct,12,12-Oct-2018,15-Oct-18,1.1856
2018,Oct,15,15-Oct-2018,16-Oct-18,1.1886
2018,Oct,16,16-Oct-2018,17-Oct-18,1.1862
2018,Oct,17,17-Oct-2018,18-Oct-18,1.1786
2018,Oct,18,18-Oct-2018,19-Oct-18,1.1738
2018,Oct,19,19-Oct-2018,22-Oct-18,1.1671
2018,Oct,22,22-Oct-2018,23-Oct-18,1.1603
2018,Oct,23,23-Oct-2018,24-Oct-18,1.1533
2018,Oct,24,24-Oct-2018,25-Oct-18,1.1608
2018,Oct,25,25-Oct-2018,26-Oct-18,1.1652
2018,Oct,26,26-Oct-2018,29-Oct-18,1.1872
2018,Oct,29,29-Oct-2018,30-Oct-18,1.1937
2018,Oct,30,30-Oct-2018,31-Oct-18,1.1983
2018,Oct,31,31-Oct-2018,1-Nov-18,1.2093
2018,Nov,1,1-Nov-2018,2-Nov-18,1.2204
2018,Nov,2,2-Nov-2018,5-Nov-18,1.2599
2018,Nov,5,5-Nov-2018,7-Nov-18,1.2645
2018,Nov,7,7-Nov-2018,8-Nov-18,1.2638
2018,Nov,8,8-Nov-2018,9-Nov-18,1.2706
2018,Nov,9,9-Nov-2018,12-Nov-18,1.2876
2018,Nov,12,12-Nov-2018,13-Nov-18,1.2897
2018,Nov,13,13-Nov-2018,14-Nov-18,1.2926
2018,Nov,14,14-Nov-2018,15-Nov-18,1.2926
2018,Nov,15,15-Nov-2018,16-Nov-18,1.3049
2018,Nov,16,16-Nov-2018,19-Nov-18,1.3875
2018,Nov,19,19-Nov-2018,20-Nov-18,1.4078
2018,Nov,20,20-Nov-2018,21-Nov-18,1.4147
2018,Nov,21,21-Nov-2018,22-Nov-18,1.428
2018,Nov,22,22-Nov-2018,23-Nov-18,1.4379
2018,Nov,23,23-Nov-2018,26-Nov-18,1.4635
2018,Nov,26,26-Nov-2018,27-Nov-18,1.4692
2018,Nov,27,27-Nov-2018,28-Nov-18,1.4719
2018,Nov,28,28-Nov-2018,29-Nov-18,1.4738
2018,Nov,29,29-Nov-2018,30-Nov-18,1.4899
2018,Nov,30,30-Nov-2018,3-Dec-18,1.5403
2018,Dec,3,3-Dec-2018,4-Dec-18,1.5514
2018,Dec,4,4-Dec-2018,5-Dec-18,1.553
2018,Dec,5,5-Dec-2018,6-Dec-18,1.5496
2018,Dec,6,6-Dec-2018,7-Dec-18,1.5201
2018,Dec,7,7-Dec-2018,10-Dec-18,1.5061
2018,Dec,10,10-Dec-2018,11-Dec-18,1.5012
2018,Dec,11,11-Dec-2018,12-Dec-18,1.5029
2018,Dec,12,12-Dec-2018,13-Dec-18,1.5157
2018,Dec,13,13-Dec-2018,14-Dec-18,1.5266
2018,Dec,14,14-Dec-2018,17-Dec-18,1.5309
2018,Dec,17,17-Dec-2018,18-Dec-18,1.5169
2018,Dec,18,18-Dec-2018,19-Dec-18,1.5067
2018,Dec,19,19-Dec-2018,20-Dec-18,1.5059
2018,Dec,20,20-Dec-2018,21-Dec-18,1.5227
2018,Dec,21,21-Dec-2018,24-Dec-18,1.569
2018,Dec,24,24-Dec-2018,26-Dec-18,1.5944
2018,Dec,26,26-Dec-2018,27-Dec-18,1.6183
2018,Dec,27,27-Dec-2018,28-Dec-18,1.6296
2018,Dec,28,28-Dec-2018,31-Dec-18,1.6542
2018,Dec,31,31-Dec-2018,2-Jan-19,1.6412
2019,Jan,2,2-Jan-2019,3-Jan-19,1.619
2019,Jan,3,3-Jan-2019,4-Jan-19,1.5885
2019,Jan,4,4-Jan-2019,7-Jan-19,1.6038
2019,Jan,7,7-Jan-2019,8-Jan-19,1.6044
2019,Jan,8,8-Jan-2019,9-Jan-19,1.6042
2019,Jan,9,9-Jan-2019,10-Jan-19,1.6064
2019,Jan,10,10-Jan-2019,11-Jan-19,1.6052
2019,Jan,11,11-Jan-2019,14-Jan-19,1.5688
2019,Jan,14,14-Jan-2019,15-Jan-19,1.555
2019,Jan,15,15-Jan-2019,16-Jan-19,1.5401
2019,Jan,16,16-Jan-2019,17-Jan-19,1.5341
2019,Jan,17,17-Jan-2019,18-Jan-19,1.5369
2019,Jan,18,18-Jan-2019,21-Jan-19,1.518
2019,Jan,21,21-Jan-2019,22-Jan-19,1.4982
2019,Jan,22,22-Jan-2019,23-Jan-19,1.4876
2019,Jan,23,23-Jan-2019,24-Jan-19,1.4809
2019,Jan,24,24-Jan-2019,25-Jan-19,1.4798
2019,Jan,25,25-Jan-2019,28-Jan-19,1.4619
2019,Jan,28,28-Jan-2019,29-Jan-19,1.4614
2019,Jan,29,29-Jan-2019,30-Jan-19,1.4628
2019,Jan,30,30-Jan-2019,31-Jan-19,1.4651
2019,Jan,31,31-Jan-2019,1-Feb-19,1.4694
2019,Feb,1,1-Feb-2019,4-Feb-19,1.4999
2019,Feb,4,4-Feb-2019,7-Feb-19,1.5474
2019,Feb,7,7-Feb-2019,8-Feb-19,1.5633
2019,Feb,8,8-Feb-2019,11-Feb-19,1.6295
2019,Feb,11,11-Feb-2019,12-Feb-19,1.6502
2019,Feb,12,12-Feb-2019,13-Feb-19,1.6715
2019,Feb,13,13-Feb-2019,14-Feb-19,1.6905
2019,Feb,14,14-Feb-2019,15-Feb-19,1.7075
2019,Feb,15,15-Feb-2019,18-Feb-19,1.7289
2019,Feb,18,18-Feb-2019,19-Feb-19,1.7263
2019,Feb,19,19-Feb-2019,20-Feb-19,1.7285
2019,Feb,20,20-Feb-2019,21-Feb-19,1.7256
2019,Feb,21,21-Feb-2019,22-Feb-19,1.7283
2019,Feb,22,22-Feb-2019,25-Feb-19,1.7159
2019,Feb,25,25-Feb-2019,26-Feb-19,1.7123
2019,Feb,26,26-Feb-2019,27-Feb-19,1.7064
2019,Feb,27,27-Feb-2019,28-Feb-19,1.6957
2019,Feb,28,28-Feb-2019,1-Mar-19,1.667
2019,Mar,1,1-Mar-2019,4-Mar-19,1.6837
2019,Mar,4,4-Mar-2019,5-Mar-19,1.6721
2019,Mar,5,5-Mar-2019,6-Mar-19,1.6563
2019,Mar,6,6-Mar-2019,7-Mar-19,1.6367
2019,Mar,7,7-Mar-2019,8-Mar-19,1.6227
2019,Mar,8,8-Mar-2019,11-Mar-19,1.5459
2019,Mar,11,11-Mar-2019,12-Mar-19,1.5233
2019,Mar,12,12-Mar-2019,13-Mar-19,1.4958
2019,Mar,13,13-Mar-2019,14-Mar-19,1.4725
2019,Mar,14,14-Mar-2019,15-Mar-19,1.4513
2019,Mar,15,15-Mar-2019,18-Mar-19,1.4176
2019,Mar,18,18-Mar-2019,19-Mar-19,1.4056
2019,Mar,19,19-Mar-2019,20-Mar-19,1.3955
2019,Mar,20,20-Mar-2019,21-Mar-19,1.3968
2019,Mar,21,21-Mar-2019,22-Mar-19,1.4007
2019,Mar,22,22-Mar-2019,25-Mar-19,1.3937
2019,Mar,25,25-Mar-2019,26-Mar-19,1.3914
2019,Mar,26,26-Mar-2019,27-Mar-19,1.3951
2019,Mar,27,27-Mar-2019,28-Mar-19,1.4105
2019,Mar,28,28-Mar-2019,29-Mar-19,1.4258
2019,Mar,29,29-Mar-2019,1-Apr-19,1.497
2019,Apr,1,1-Apr-2019,2-Apr-19,1.4886
2019,Apr,2,2-Apr-2019,3-Apr-19,1.4799
2019,Apr,3,3-Apr-2019,4-Apr-19,1.4699
2019,Apr,4,4-Apr-2019,5-Apr-19,1.4703
2019,Apr,5,5-Apr-2019,8-Apr-19,1.5166
2019,Apr,8,8-Apr-2019,9-Apr-19,1.5388
2019,Apr,9,9-Apr-2019,10-Apr-19,1.561
2019,Apr,10,10-Apr-2019,11-Apr-19,1.5807
2019,Apr,11,11-Apr-2019,12-Apr-19,1.5969
2019,Apr,12,12-Apr-2019,15-Apr-19,1.6566
2019,Apr,15,15-Apr-2019,16-Apr-19,1.6682
2019,Apr,16,16-Apr-2019,17-Apr-19,1.6813
2019,Apr,17,17-Apr-2019,18-Apr-19,1.693
2019,Apr,18,18-Apr-2019,22-Apr-19,1.7299
2019,Apr,22,22-Apr-2019,23-Apr-19,1.7342
2019,Apr,23,23-Apr-2019,24-Apr-19,1.7364
2019,Apr,24,24-Apr-2019,25-Apr-19,1.738
2019,Apr,25,25-Apr-2019,26-Apr-19,1.744
2019,Apr,26,26-Apr-2019,29-Apr-19,1.7316
2019,Apr,29,29-Apr-2019,30-Apr-19,1.7195
2019,Apr,30,30-Apr-2019,2-May-19,1.7147
2019,May,2,2-May-2019,3-May-19,1.7284
2019,May,3,3-May-2019,6-May-19,1.7694
2019,May,6,6-May-2019,7-May-19,1.7782
2019,May,7,7-May-2019,8-May-19,1.7923
2019,May,8,8-May-2019,9-May-19,1.799
2019,May,9,9-May-2019,10-May-19,1.7962
2019,May,10,10-May-2019,13-May-19,1.8086
2019,May,13,13-May-2019,14-May-19,1.8097
2019,May,14,14-May-2019,15-May-19,1.8161
2019,May,15,15-May-2019,16-May-19,1.8205
2019,May,16,16-May-2019,17-May-19,1.8261
2019,May,17,17-May-2019,21-May-19,1.8693
2019,May,21,21-May-2019,22-May-19,1.8674
2019,May,22,22-May-2019,23-May-19,1.8663
2019,May,23,23-May-2019,24-May-19,1.8576
2019,May,24,24-May-2019,27-May-19,1.8568
2019,May,27,27-May-2019,28-May-19,1.857
2019,May,28,28-May-2019,29-May-19,1.8624
2019,May,29,29-May-2019,30-May-19,1.8642
2019,May,30,30-May-2019,31-May-19,1.8553
2019,May,31,31-May-2019,3-Jun-19,1.8399
2019,Jun,3,3-Jun-2019,4-Jun-19,1.8341
2019,Jun,4,4-Jun-2019,6-Jun-19,1.8113
2019,Jun,6,6-Jun-2019,7-Jun-19,1.7908
2019,Jun,7,7-Jun-2019,10-Jun-19,1.7917
2019,Jun,10,10-Jun-2019,11-Jun-19,1.7969
2019,Jun,11,11-Jun-2019,12-Jun-19,1.8068
2019,Jun,12,12-Jun-2019,13-Jun-19,1.8081
2019,Jun,13,13-Jun-2019,14-Jun-19,1.791
2019,Jun,14,14-Jun-2019,17-Jun-19,1.7415
2019,Jun,17,17-Jun-2019,18-Jun-19,1.7162
2019,Jun,18,18-Jun-2019,19-Jun-19,1.6954
2019,Jun,19,19-Jun-2019,20-Jun-19,1.6697
2019,Jun,20,20-Jun-2019,21-Jun-19,1.6446
2019,Jun,21,21-Jun-2019,24-Jun-19,1.6404
2019,Jun,24,24-Jun-2019,25-Jun-19,1.6358
2019,Jun,25,25-Jun-2019,26-Jun-19,1.6266
2019,Jun,26,26-Jun-2019,27-Jun-19,1.615
2019,Jun,27,27-Jun-2019,28-Jun-19,1.6069
2019,Jun,28,28-Jun-2019,1-Jul-19,1.5875
2019,Jul,1,1-Jul-2019,2-Jul-19,1.5766
2019,Jul,2,2-Jul-2019,3-Jul-19,1.5668
2019,Jul,3,3-Jul-2019,4-Jul-19,1.5591
2019,Jul,4,4-Jul-2019,5-Jul-19,1.55
2019,Jul,5,5-Jul-2019,8-Jul-19,1.538
2019,Jul,8,8-Jul-2019,9-Jul-19,1.5206
2019,Jul,9,9-Jul-2019,10-Jul-19,1.5033
2019,Jul,10,10-Jul-2019,11-Jul-19,1.4854
2019,Jul,11,11-Jul-2019,12-Jul-19,1.4579
2019,Jul,12,12-Jul-2019,15-Jul-19,1.4502
2019,Jul,15,15-Jul-2019,16-Jul-19,1.4529
2019,Jul,16,16-Jul-2019,17-Jul-19,1.4551
2019,Jul,17,17-Jul-2019,18-Jul-19,1.4625
2019,Jul,18,18-Jul-2019,19-Jul-19,1.4687
2019,Jul,19,19-Jul-2019,22-Jul-19,1.5082
2019,Jul,22,22-Jul-2019,23-Jul-19,1.514
2019,Jul,23,23-Jul-2019,24-Jul-19,1.5176
2019,Jul,24,24-Jul-2019,25-Jul-19,1.5201
2019,Jul,25,25-Jul-2019,26-Jul-19,1.5253
2019,Jul,26,26-Jul-2019,29-Jul-19,1.5417
2019,Jul,29,29-Jul-2019,30-Jul-19,1.5434
2019,Jul,30,30-Jul-2019,31-Jul-19,1.5563
2019,Jul,31,31-Jul-2019,1-Aug-19,1.565
2019,Aug,1,1-Aug-2019,2-Aug-19,1.5696
2019,Aug,2,2-Aug-2019,5-Aug-19,1.5904
2019,Aug,5,5-Aug-2019,6-Aug-19,1.5982
2019,Aug,6,6-Aug-2019,7-Aug-19,1.6101
2019,Aug,7,7-Aug-2019,8-Aug-19,1.6134
2019,Aug,8,8-Aug-2019,13-Aug-19,1.6816
2019,Aug,13,13-Aug-2019,14-Aug-19,1.6917
2019,Aug,14,14-Aug-2019,15-Aug-19,1.7027
2019,Aug,15,15-Aug-2019,16-Aug-19,1.7071
2019,Aug,16,16-Aug-2019,19-Aug-19,1.7222
2019,Aug,19,19-Aug-2019,20-Aug-19,1.7107
2019,Aug,20,20-Aug-2019,21-Aug-19,1.6952
2019,Aug,21,21-Aug-2019,22-Aug-19,1.6813
2019,Aug,22,22-Aug-2019,23-Aug-19,1.6648
2019,Aug,23,23-Aug-2019,26-Aug-19,1.6312
2019,Aug,26,26-Aug-2019,27-Aug-19,1.6214
2019,Aug,27,27-Aug-2019,28-Aug-19,1.6147
2019,Aug,28,28-Aug-2019,29-Aug-19,1.6145
2019,Aug,29,29-Aug-2019,30-Aug-19,1.6206
2019,Aug,30,30-Aug-2019,2-Sep-19,1.6095
2019,Sep,2,2-Sep-2019,3-Sep-19,1.601
2019,Sep,3,3-Sep-2019,4-Sep-19,1.5945
2019,Sep,4,4-Sep-2019,5-Sep-19,1.5882
2019,Sep,5,5-Sep-2019,6-Sep-19,1.582
2019,Sep,6,6-Sep-2019,9-Sep-19,1.5662
2019,Sep,9,9-Sep-2019,10-Sep-19,1.5636
2019,Sep,10,10-Sep-2019,11-Sep-19,1.558
2019,Sep,11,11-Sep-2019,12-Sep-19,1.5519
2019,Sep,12,12-Sep-2019,13-Sep-19,1.5407
2019,Sep,13,13-Sep-2019,16-Sep-19,1.5275
2019,Sep,16,16-Sep-2019,17-Sep-19,1.525
2019,Sep,17,17-Sep-2019,18-Sep-19,1.5183
2019,Sep,18,18-Sep-2019,19-Sep-19,1.5042
2019,Sep,19,19-Sep-2019,20-Sep-19,1.4831
2019,Sep,20,20-Sep-2019,23-Sep-19,1.4251
2019,Sep,23,23-Sep-2019,24-Sep-19,1.4074
2019,Sep,24,24-Sep-2019,25-Sep-19,1.4047
2019,Sep,25,25-Sep-2019,26-Sep-19,1.4121
2019,Sep,26,26-Sep-2019,27-Sep-19,1.4198
2019,Sep,27,27-Sep-2019,30-Sep-19,1.4126
2019,Sep,30,30-Sep-2019,1-Oct-19,1.4007
2019,Oct,1,1-Oct-2019,2-Oct-19,1.3896
2019,Oct,2,2-Oct-2019,3-Oct-19,1.3903
2019,Oct,3,3-Oct-2019,4-Oct-19,1.3837
2019,Oct,4,4-Oct-2019,7-Oct-19,1.3381
2019,Oct,7,7-Oct-2019,8-Oct-19,1.3215
2019,Oct,8,8-Oct-2019,9-Oct-19,1.3004
2019,Oct,9,9-Oct-2019,10-Oct-19,1.278
2019,Oct,10,10-Oct-2019,11-Oct-19,1.2621
2019,Oct,11,11-Oct-2019,14-Oct-19,1.2385
2019,Oct,14,14-Oct-2019,15-Oct-19,1.2246
2019,Oct,15,15-Oct-2019,16-Oct-19,1.2116
2019,Oct,16,16-Oct-2019,17-Oct-19,1.2008
2019,Oct,17,17-Oct-2019,18-Oct-19,1.1955
2019,Oct,18,18-Oct-2019,21-Oct-19,1.2338
2019,Oct,21,21-Oct-2019,22-Oct-19,1.2555
2019,Oct,22,22-Oct-2019,23-Oct-19,1.2796
2019,Oct,23,23-Oct-2019,24-Oct-19,1.3081
2019,Oct,24,24-Oct-2019,25-Oct-19,1.318
2019,Oct,25,25-Oct-2019,29-Oct-19,1.3411
2019,Oct,29,29-Oct-2019,30-Oct-19,1.3459
2019,Oct,30,30-Oct-2019,31-Oct-19,1.3569
2019,Oct,31,31-Oct-2019,1-Nov-19,1.3544
2019,Nov,1,1-Nov-2019,4-Nov-19,1.3491
2019,Nov,4,4-Nov-2019,5-Nov-19,1.348
2019,Nov,5,5-Nov-2019,6-Nov-19,1.3404
2019,Nov,6,6-Nov-2019,7-Nov-19,1.3301
2019,Nov,7,7-Nov-2019,8-Nov-19,1.3118
2019,Nov,8,8-Nov-2019,11-Nov-19,1.2822
2019,Nov,11,11-Nov-2019,12-Nov-19,1.2627
2019,Nov,12,12-Nov-2019,13-Nov-19,1.252
2019,Nov,13,13-Nov-2019,14-Nov-19,1.2398
2019,Nov,14,14-Nov-2019,15-Nov-19,1.2349
2019,Nov,15,15-Nov-2019,18-Nov-19,1.226
2019,Nov,18,18-Nov-2019,19-Nov-19,1.2191
2019,Nov,19,19-Nov-2019,20-Nov-19,1.2136
2019,Nov,20,20-Nov-2019,21-Nov-19,1.2171
2019,Nov,21,21-Nov-2019,22-Nov-19,1.2237
2019,Nov,22,22-Nov-2019,25-Nov-19,1.2281
2019,Nov,25,25-Nov-2019,26-Nov-19,1.2219
2019,Nov,26,26-Nov-2019,27-Nov-19,1.2151
2019,Nov,27,27-Nov-2019,28-Nov-19,1.2042
2019,Nov,28,28-Nov-2019,29-Nov-19,1.1939
2019,Nov,29,29-Nov-2019,2-Dec-19,1.1831
2019,Dec,2,2-Dec-2019,3-Dec-19,1.1892
2019,Dec,3,3-Dec-2019,4-Dec-19,1.1862
2019,Dec,4,4-Dec-2019,5-Dec-19,1.1887
2019,Dec,5,5-Dec-2019,6-Dec-19,1.2023
2019,Dec,6,6-Dec-2019,9-Dec-19,1.2645
2019,Dec,9,9-Dec-2019,10-Dec-19,1.2848
2019,Dec,10,10-Dec-2019,11-Dec-19,1.3043
2019,Dec,11,11-Dec-2019,12-Dec-19,1.3242
2019,Dec,12,12-Dec-2019,13-Dec-19,1.3259
2019,Dec,13,13-Dec-2019,16-Dec-19,1.3435
2019,Dec,16,16-Dec-2019,17-Dec-19,1.3289
2019,Dec,17,17-Dec-2019,18-Dec-19,1.3083
2019,Dec,18,18-Dec-2019,19-Dec-19,1.2825
2019,Dec,19,19-Dec-2019,20-Dec-19,1.2778
2019,Dec,20,20-Dec-2019,23-Dec-19,1.2723
2019,Dec,23,23-Dec-2019,24-Dec-19,1.2844
2019,Dec,24,24-Dec-2019,26-Dec-19,1.3092
2019,Dec,26,26-Dec-2019,27-Dec-19,1.3031
2019,Dec,27,27-Dec-2019,30-Dec-19,1.2746
2019,Dec,30,30-Dec-2019,31-Dec-19,1.2666
2019,Dec,31,31-Dec-2019,2-Jan-20,1.2491
2020,Jan,2,2-Jan-2020,3-Jan-20,1.2544
2020,Jan,3,3-Jan-2020,6-Jan-20,1.2544
2020,Jan,6,6-Jan-2020,7-Jan-20,1.2428
2020,Jan,7,7-Jan-2020,8-Jan-20,1.2334
2020,Jan,8,8-Jan-2020,9-Jan-20,1.223
2020,Jan,9,9-Jan-2020,10-Jan-20,1.212
2020,Jan,10,10-Jan-2020,13-Jan-20,1.2093
2020,Jan,13,13-Jan-2020,14-Jan-20,1.2063
2020,Jan,14,14-Jan-2020,15-Jan-20,1.1956
2020,Jan,15,15-Jan-2020,16-Jan-20,1.186
2020,Jan,16,16-Jan-2020,17-Jan-20,1.1942
2020,Jan,17,17-Jan-2020,20-Jan-20,1.2535
2020,Jan,20,20-Jan-2020,21-Jan-20,1.2326
2020,Jan,21,21-Jan-2020,22-Jan-20,1.2202
2020,Jan,22,22-Jan-2020,23-Jan-20,1.2078
2020,Jan,23,23-Jan-2020,24-Jan-20,1.1789
2020,Jan,24,24-Jan-2020,28-Jan-20,1.1351
2020,Jan,28,28-Jan-2020,29-Jan-20,1.1345
2020,Jan,29,29-Jan-2020,30-Jan-20,1.1307
2020,Jan,30,30-Jan-2020,31-Jan-20,1.1414
2020,Jan,31,31-Jan-2020,3-Feb-20,1.1593
2020,Feb,3,3-Feb-2020,4-Feb-20,1.1671
2020,Feb,4,4-Feb-2020,5-Feb-20,1.1642
2020,Feb,5,5-Feb-2020,6-Feb-20,1.1605
2020,Feb,6,6-Feb-2020,7-Feb-20,1.1606
2020,Feb,7,7-Feb-2020,10-Feb-20,1.1387
2020,Feb,10,10-Feb-2020,11-Feb-20,1.1314
2020,Feb,11,11-Feb-2020,12-Feb-20,1.1202
2020,Feb,12,12-Feb-2020,13-Feb-20,1.1073
2020,Feb,13,13-Feb-2020,14-Feb-20,1.1023
2020,Feb,14,14-Feb-2020,17-Feb-20,1.1217
2020,Feb,17,17-Feb-2020,18-Feb-20,1.115
2020,Feb,18,18-Feb-2020,19-Feb-20,1.1135
2020,Feb,19,19-Feb-2020,20-Feb-20,1.1103
2020,Feb,20,20-Feb-2020,21-Feb-20,1.1054
2020,Feb,21,21-Feb-2020,24-Feb-20,1.0774
2020,Feb,24,24-Feb-2020,25-Feb-20,1.0666
2020,Feb,25,25-Feb-2020,26-Feb-20,1.0572
2020,Feb,26,26-Feb-2020,27-Feb-20,1.0465
2020,Feb,27,27-Feb-2020,28-Feb-20,1.0365
2020,Feb,28,28-Feb-2020,2-Mar-20,0.9996
2020,Mar,2,2-Mar-2020,3-Mar-20,0.9719
2020,Mar,3,3-Mar-2020,4-Mar-20,0.9426
2020,Mar,4,4-Mar-2020,5-Mar-20,0.9212
2020,Mar,5,5-Mar-2020,6-Mar-20,0.9005
2020,Mar,6,6-Mar-2020,9-Mar-20,0.8832
2020,Mar,9,9-Mar-2020,10-Mar-20,0.8803
2020,Mar,10,10-Mar-2020,11-Mar-20,0.8687
2020,Mar,11,11-Mar-2020,12-Mar-20,0.8536
2020,Mar,12,12-Mar-2020,13-Mar-20,0.8444
2020,Mar,13,13-Mar-2020,16-Mar-20,0.7931
2020,Mar,16,16-Mar-2020,17-Mar-20,0.7695
2020,Mar,17,17-Mar-2020,18-Mar-20,0.7559
2020,Mar,18,18-Mar-2020,19-Mar-20,0.7341
2020,Mar,19,19-Mar-2020,20-Mar-20,0.7124
2020,Mar,20,20-Mar-2020,23-Mar-20,0.6923
2020,Mar,23,23-Mar-2020,24-Mar-20,0.678
2020,Mar,24,24-Mar-2020,25-Mar-20,0.6536
2020,Mar,25,25-Mar-2020,26-Mar-20,0.6281
2020,Mar,26,26-Mar-2020,27-Mar-20,0.6051
2020,Mar,27,27-Mar-2020,30-Mar-20,0.5277
2020,Mar,30,30-Mar-2020,31-Mar-20,0.5174
2020,Mar,31,31-Mar-2020,1-Apr-20,0.4854
2020,Apr,1,1-Apr-2020,2-Apr-20,0.453
2020,Apr,2,2-Apr-2020,3-Apr-20,0.4334
2020,Apr,3,3-Apr-2020,6-Apr-20,0.4042
2020,Apr,6,6-Apr-2020,7-Apr-20,0.3898
2020,Apr,7,7-Apr-2020,8-Apr-20,0.3813
2020,Apr,8,8-Apr-2020,9-Apr-20,0.3786
2020,Apr,9,9-Apr-2020,13-Apr-20,0.3857
2020,Apr,13,13-Apr-2020,14-Apr-20,0.3796
2020,Apr,14,14-Apr-2020,15-Apr-20,0.3757
2020,Apr,15,15-Apr-2020,16-Apr-20,0.3733
2020,Apr,16,16-Apr-2020,17-Apr-20,0.3729
2020,Apr,17,17-Apr-2020,20-Apr-20,0.3423
2020,Apr,20,20-Apr-2020,21-Apr-20,0.3294
2020,Apr,21,21-Apr-2020,22-Apr-20,0.3147
2020,Apr,22,22-Apr-2020,23-Apr-20,0.3005
2020,Apr,23,23-Apr-2020,24-Apr-20,0.2921
2020,Apr,24,24-Apr-2020,27-Apr-20,0.2772
2020,Apr,27,27-Apr-2020,28-Apr-20,0.2764
2020,Apr,28,28-Apr-2020,29-Apr-20,0.275
2020,Apr,29,29-Apr-2020,30-Apr-20,0.2746
2020,Apr,30,30-Apr-2020,4-May-20,0.2548
2020,May,4,4-May-2020,5-May-20,0.2494
2020,May,5,5-May-2020,6-May-20,0.2435
2020,May,6,6-May-2020,8-May-20,0.2241
2020,May,8,8-May-2020,11-May-20,0.1669
2020,May,11,11-May-2020,12-May-20,0.148
2020,May,12,12-May-2020,13-May-20,0.1291
2020,May,13,13-May-2020,14-May-20,0.1191
2020,May,14,14-May-2020,15-May-20,0.1066
2020,May,15,15-May-2020,18-May-20,0.0755
2020,May,18,18-May-2020,19-May-20,0.0695
2020,May,19,19-May-2020,20-May-20,0.0635
2020,May,20,20-May-2020,21-May-20,0.0602
2020,May,21,21-May-2020,22-May-20,0.0601
2020,May,22,22-May-2020,26-May-20,0.0557
2020,May,26,26-May-2020,27-May-20,0.056
2020,May,27,27-May-2020,28-May-20,0.0541
2020,May,28,28-May-2020,29-May-20,0.0532
2020,May,29,29-May-2020,1-Jun-20,0.0558
2020,Jun,1,1-Jun-2020,2-Jun-20,0.0547
2020,Jun,2,2-Jun-2020,3-Jun-20,0.0531
2020,Jun,3,3-Jun-2020,4-Jun-20,0.0512
2020,Jun,4,4-Jun-2020,5-Jun-20,0.0496
2020,Jun,5,5-Jun-2020,8-Jun-20,0.0484
2020,Jun,8,8-Jun-2020,9-Jun-20,0.0487
2020,Jun,9,9-Jun-2020,10-Jun-20,0.0487
2020,Jun,10,10-Jun-2020,11-Jun-20,0.0497
2020,Jun,11,11-Jun-2020,12-Jun-20,0.0515
2020,Jun,12,12-Jun-2020,15-Jun-20,0.0601
2020,Jun,15,15-Jun-2020,16-Jun-20,0.063
2020,Jun,16,16-Jun-2020,17-Jun-20,0.0657
2020,Jun,17,17-Jun-2020,18-Jun-20,0.067
2020,Jun,18,18-Jun-2020,19-Jun-20,0.0694
2020,Jun,19,19-Jun-2020,22-Jun-20,0.0769
2020,Jun,22,22-Jun-2020,23-Jun-20,0.08
2020,Jun,23,23-Jun-2020,24-Jun-20,0.0835
2020,Jun,24,24-Jun-2020,25-Jun-20,0.0853
2020,Jun,25,25-Jun-2020,26-Jun-20,0.0901
2020,Jun,26,26-Jun-2020,29-Jun-20,0.0981
2020,Jun,29,29-Jun-2020,30-Jun-20,0.0991
2020,Jun,30,30-Jun-2020,1-Jul-20,0.0996
2020,Jul,1,1-Jul-2020,2-Jul-20,0.1011
2020,Jul,2,2-Jul-2020,3-Jul-20,0.1021
2020,Jul,3,3-Jul-2020,6-Jul-20,0.1083
2020,Jul,6,6-Jul-2020,7-Jul-20,0.1086
2020,Jul,7,7-Jul-2020,8-Jul-20,0.1079
2020,Jul,8,8-Jul-2020,9-Jul-20,0.1069
2020,Jul,9,9-Jul-2020,13-Jul-20,0.0971
2020,Jul,13,13-Jul-2020,14-Jul-20,0.0936
2020,Jul,14,14-Jul-2020,15-Jul-20,0.0904
2020,Jul,15,15-Jul-2020,16-Jul-20,0.0872
2020,Jul,16,16-Jul-2020,17-Jul-20,0.0845
2020,Jul,17,17-Jul-2020,20-Jul-20,0.0779
2020,Jul,20,20-Jul-2020,21-Jul-20,0.0751
2020,Jul,21,21-Jul-2020,22-Jul-20,0.0726
2020,Jul,22,22-Jul-2020,23-Jul-20,0.0695
2020,Jul,23,23-Jul-2020,24-Jul-20,0.0725
2020,Jul,24,24-Jul-2020,27-Jul-20,0.0843
2020,Jul,27,27-Jul-2020,28-Jul-20,0.0874
2020,Jul,28,28-Jul-2020,29-Jul-20,0.0907
2020,Jul,29,29-Jul-2020,30-Jul-20,0.0893
2020,Jul,30,30-Jul-2020,3-Aug-20,0.0888
2020,Aug,3,3-Aug-2020,4-Aug-20,0.0899
2020,Aug,4,4-Aug-2020,5-Aug-20,0.0898
2020,Aug,5,5-Aug-2020,6-Aug-20,0.0878
2020,Aug,6,6-Aug-2020,7-Aug-20,0.0879
2020,Aug,7,7-Aug-2020,11-Aug-20,0.1064
2020,Aug,11,11-Aug-2020,12-Aug-20,0.1088
2020,Aug,12,12-Aug-2020,13-Aug-20,0.1113
2020,Aug,13,13-Aug-2020,14-Aug-20,0.1134
2020,Aug,14,14-Aug-2020,17-Aug-20,0.1218
2020,Aug,17,17-Aug-2020,18-Aug-20,0.1245
2020,Aug,18,18-Aug-2020,19-Aug-20,0.1281
2020,Aug,19,19-Aug-2020,20-Aug-20,0.1317
2020,Aug,20,20-Aug-2020,21-Aug-20,0.1332
2020,Aug,21,21-Aug-2020,24-Aug-20,0.1284
2020,Aug,24,24-Aug-2020,25-Aug-20,0.1216
2020,Aug,25,25-Aug-2020,26-Aug-20,0.1144
2020,Aug,26,26-Aug-2020,27-Aug-20,0.107
2020,Aug,27,27-Aug-2020,28-Aug-20,0.1015
2020,Aug,28,28-Aug-2020,31-Aug-20,0.1046
2020,Aug,31,31-Aug-2020,1-Sep-20,0.1082
2020,Sep,1,1-Sep-2020,2-Sep-20,0.109
2020,Sep,2,2-Sep-2020,3-Sep-20,0.1085
2020,Sep,3,3-Sep-2020,4-Sep-20,0.1064
2020,Sep,4,4-Sep-2020,7-Sep-20,0.108
2020,Sep,7,7-Sep-2020,8-Sep-20,0.1046
2020,Sep,8,8-Sep-2020,9-Sep-20,0.1008
2020,Sep,9,9-Sep-2020,10-Sep-20,0.0982
2020,Sep,10,10-Sep-2020,11-Sep-20,0.0959
2020,Sep,11,11-Sep-2020,14-Sep-20,0.1032
2020,Sep,14,14-Sep-2020,15-Sep-20,0.1023
2020,Sep,15,15-Sep-2020,16-Sep-20,0.1003
2020,Sep,16,16-Sep-2020,17-Sep-20,0.0987
2020,Sep,17,17-Sep-2020,18-Sep-20,0.0963
2020,Sep,18,18-Sep-2020,21-Sep-20,0.099
2020,Sep,21,21-Sep-2020,22-Sep-20,0.1023
2020,Sep,22,22-Sep-2020,23-Sep-20,0.1023
2020,Sep,23,23-Sep-2020,24-Sep-20,0.105
2020,Sep,24,24-Sep-2020,25-Sep-20,0.1073
2020,Sep,25,25-Sep-2020,28-Sep-20,0.1129
2020,Sep,28,28-Sep-2020,29-Sep-20,0.1117
2020,Sep,29,29-Sep-2020,30-Sep-20,0.1079
2020,Sep,30,30-Sep-2020,1-Oct-20,0.1006
2020,Oct,1,1-Oct-2020,2-Oct-20,0.0979
2020,Oct,2,2-Oct-2020,5-Oct-20,0.098
2020,Oct,5,5-Oct-2020,6-Oct-20,0.1003
2020,Oct,6,6-Oct-2020,7-Oct-20,0.1031
2020,Oct,7,7-Oct-2020,8-Oct-20,0.1081
2020,Oct,8,8-Oct-2020,9-Oct-20,0.1088
2020,Oct,9,9-Oct-2020,12-Oct-20,0.1197
2020,Oct,12,12-Oct-2020,13-Oct-20,0.1192
2020,Oct,13,13-Oct-2020,14-Oct-20,0.1172
2020,Oct,14,14-Oct-2020,15-Oct-20,0.1184
2020,Oct,15,15-Oct-2020,16-Oct-20,0.1225
2020,Oct,16,16-Oct-2020,19-Oct-20,0.126
2020,Oct,19,19-Oct-2020,20-Oct-20,0.1242
2020,Oct,20,20-Oct-2020,21-Oct-20,0.1232
2020,Oct,21,21-Oct-2020,22-Oct-20,0.1197
2020,Oct,22,22-Oct-2020,23-Oct-20,0.1216
2020,Oct,23,23-Oct-2020,26-Oct-20,0.1207
2020,Oct,26,26-Oct-2020,27-Oct-20,0.1201
2020,Oct,27,27-Oct-2020,28-Oct-20,0.1201
2020,Oct,28,28-Oct-2020,29-Oct-20,0.1193
2020,Oct,29,29-Oct-2020,30-Oct-20,0.121
2020,Oct,30,30-Oct-2020,2-Nov-20,0.1427
2020,Nov,2,2-Nov-2020,3-Nov-20,0.1449
2020,Nov,3,3-Nov-2020,4-Nov-20,0.1454
2020,Nov,4,4-Nov-2020,5-Nov-20,0.1453
2020,Nov,5,5-Nov-2020,6-Nov-20,0.1422
2020,Nov,6,6-Nov-2020,9-Nov-20,0.1358
2020,Nov,9,9-Nov-2020,10-Nov-20,0.1321
2020,Nov,10,10-Nov-2020,11-Nov-20,0.1273
2020,Nov,11,11-Nov-2020,12-Nov-20,0.1233
2020,Nov,12,12-Nov-2020,13-Nov-20,0.1212
2020,Nov,13,13-Nov-2020,16-Nov-20,0.1176
2020,Nov,16,16-Nov-2020,17-Nov-20,0.1188
2020,Nov,17,17-Nov-2020,18-Nov-20,0.1184
2020,Nov,18,18-Nov-2020,19-Nov-20,0.117
2020,Nov,19,19-Nov-2020,20-Nov-20,0.1178
2020,Nov,20,20-Nov-2020,23-Nov-20,0.1178
2020,Nov,23,23-Nov-2020,24-Nov-20,0.1162
2020,Nov,24,24-Nov-2020,25-Nov-20,0.1162
2020,Nov,25,25-Nov-2020,26-Nov-20,0.1159
2020,Nov,26,26-Nov-2020,27-Nov-20,0.1165
2020,Nov,27,27-Nov-2020,30-Nov-20,0.1225
2020,Nov,30,30-Nov-2020,1-Dec-20,0.1124
2020,Dec,1,1-Dec-2020,2-Dec-20,0.1081
2020,Dec,2,2-Dec-2020,3-Dec-20,0.1092
2020,Dec,3,3-Dec-2020,4-Dec-20,0.1108
2020,Dec,4,4-Dec-2020,7-Dec-20,0.1111
2020,Dec,7,7-Dec-2020,8-Dec-20,0.112
2020,Dec,8,8-Dec-2020,9-Dec-20,0.1131
2020,Dec,9,9-Dec-2020,10-Dec-20,0.1125
2020,Dec,10,10-Dec-2020,11-Dec-20,0.1137
2020,Dec,11,11-Dec-2020,14-Dec-20,0.1131
2020,Dec,14,14-Dec-2020,15-Dec-20,0.1132
2020,Dec,15,15-Dec-2020,16-Dec-20,0.1128
2020,Dec,16,16-Dec-2020,17-Dec-20,0.1119
2020,Dec,17,17-Dec-2020,18-Dec-20,0.1128
2020,Dec,18,18-Dec-2020,21-Dec-20,0.1176
2020,Dec,21,21-Dec-2020,22-Dec-20,0.1189
2020,Dec,22,22-Dec-2020,23-Dec-20,0.1208
2020,Dec,23,23-Dec-2020,24-Dec-20,0.1237
2020,Dec,24,24-Dec-2020,28-Dec-20,0.1369
2020,Dec,28,28-Dec-2020,29-Dec-20,0.1346
2020,Dec,29,29-Dec-2020,30-Dec-20,0.1355
2020,Dec,30,30-Dec-2020,31-Dec-20,0.1411
2020,Dec,31,31-Dec-2020,4-Jan-21,0.2401
2021,Jan,4,4-Jan-2021,5-Jan-21,0.2408
2021,Jan,5,5-Jan-2021,6-Jan-21,0.2425
2021,Jan,6,6-Jan-2021,7-Jan-21,0.2444
2021,Jan,7,7-Jan-2021,8-Jan-21,0.2468
2021,Jan,8,8-Jan-2021,11-Jan-21,0.2563
2021,Jan,11,11-Jan-2021,12-Jan-21,0.2608
2021,Jan,12,12-Jan-2021,13-Jan-21,0.2625
2021,Jan,13,13-Jan-2021,14-Jan-21,0.2637
2021,Jan,14,14-Jan-2021,15-Jan-21,0.2637
2021,Jan,15,15-Jan-2021,18-Jan-21,0.263
2021,Jan,18,18-Jan-2021,19-Jan-21,0.2639
2021,Jan,19,19-Jan-2021,20-Jan-21,0.2641
2021,Jan,20,20-Jan-2021,21-Jan-21,0.2629
2021,Jan,21,21-Jan-2021,22-Jan-21,0.2624
2021,Jan,22,22-Jan-2021,25-Jan-21,0.2587
2021,Jan,25,25-Jan-2021,26-Jan-21,0.2549
2021,Jan,26,26-Jan-2021,27-Jan-21,0.2517
2021,Jan,27,27-Jan-2021,28-Jan-21,0.2477
2021,Jan,28,28-Jan-2021,29-Jan-21,0.2528
2021,Jan,29,29-Jan-2021,1-Feb-21,0.2286
2021,Feb,1,1-Feb-2021,2-Feb-21,0.205
2021,Feb,2,2-Feb-2021,3-Feb-21,0.1796
2021,Feb,3,3-Feb-2021,4-Feb-21,0.1519
2021,Feb,4,4-Feb-2021,5-Feb-21,0.1514
2021,Feb,5,5-Feb-2021,8-Feb-21,0.1469
2021,Feb,8,8-Feb-2021,9-Feb-21,0.1442
2021,Feb,9,9-Feb-2021,10-Feb-21,0.1434
2021,Feb,10,10-Feb-2021,11-Feb-21,0.1435
2021,Feb,11,11-Feb-2021,15-Feb-21,0.1707
2021,Feb,15,15-Feb-2021,16-Feb-21,0.1738
2021,Feb,16,16-Feb-2021,17-Feb-21,0.1754
2021,Feb,17,17-Feb-2021,18-Feb-21,0.1756
2021,Feb,18,18-Feb-2021,19-Feb-21,0.1734
2021,Feb,19,19-Feb-2021,22-Feb-21,0.1899
2021,Feb,22,22-Feb-2021,23-Feb-21,0.1932
2021,Feb,23,23-Feb-2021,24-Feb-21,0.1944
2021,Feb,24,24-Feb-2021,25-Feb-21,0.1954
2021,Feb,25,25-Feb-2021,26-Feb-21,0.1997
2021,Feb,26,26-Feb-2021,1-Mar-21,0.2052
2021,Mar,1,1-Mar-2021,2-Mar-21,0.2021
2021,Mar,2,2-Mar-2021,3-Mar-21,0.1992
2021,Mar,3,3-Mar-2021,4-Mar-21,0.1978
2021,Mar,4,4-Mar-2021,5-Mar-21,0.1983
2021,Mar,5,5-Mar-2021,8-Mar-21,0.2052
2021,Mar,8,8-Mar-2021,9-Mar-21,0.2076
2021,Mar,9,9-Mar-2021,10-Mar-21,0.2085
2021,Mar,10,10-Mar-2021,11-Mar-21,0.2064
2021,Mar,11,11-Mar-2021,12-Mar-21,0.2051
2021,Mar,12,12-Mar-2021,15-Mar-21,0.209
2021,Mar,15,15-Mar-2021,16-Mar-21,0.2142
2021,Mar,16,16-Mar-2021,17-Mar-21,0.2174
2021,Mar,17,17-Mar-2021,18-Mar-21,0.2211
2021,Mar,18,18-Mar-2021,19-Mar-21,0.227
2021,Mar,19,19-Mar-2021,22-Mar-21,0.2161
2021,Mar,22,22-Mar-2021,23-Mar-21,0.2125
2021,Mar,23,23-Mar-2021,24-Mar-21,0.2142
2021,Mar,24,24-Mar-2021,25-Mar-21,0.2159
2021,Mar,25,25-Mar-2021,26-Mar-21,0.2166
2021,Mar,26,26-Mar-2021,29-Mar-21,0.2324
2021,Mar,29,29-Mar-2021,30-Mar-21,0.2322
2021,Mar,30,30-Mar-2021,31-Mar-21,0.2303
2021,Mar,31,31-Mar-2021,1-Apr-21,0.2293
2021,Apr,1,1-Apr-2021,5-Apr-21,0.2313
2021,Apr,5,5-Apr-2021,6-Apr-21,0.2303
2021,Apr,6,6-Apr-2021,7-Apr-21,0.228
2021,Apr,7,7-Apr-2021,8-Apr-21,0.2245
2021,Apr,8,8-Apr-2021,9-Apr-21,0.2203
2021,Apr,9,9-Apr-2021,12-Apr-21,0.2055
2021,Apr,12,12-Apr-2021,13-Apr-21,0.1943
2021,Apr,13,13-Apr-2021,14-Apr-21,0.1839
2021,Apr,14,14-Apr-2021,15-Apr-21,0.1743
2021,Apr,15,15-Apr-2021,16-Apr-21,0.1652
2021,Apr,16,16-Apr-2021,19-Apr-21,0.1569
2021,Apr,19,19-Apr-2021,20-Apr-21,0.1529
2021,Apr,20,20-Apr-2021,21-Apr-21,0.1514
2021,Apr,21,21-Apr-2021,22-Apr-21,0.1488
2021,Apr,22,22-Apr-2021,23-Apr-21,0.1501
2021,Apr,23,23-Apr-2021,26-Apr-21,0.1457
2021,Apr,26,26-Apr-2021,27-Apr-21,0.1355
2021,Apr,27,27-Apr-2021,28-Apr-21,0.1287
2021,Apr,28,28-Apr-2021,29-Apr-21,0.1215
2021,Apr,29,29-Apr-2021,30-Apr-21,0.1202
2021,Apr,30,30-Apr-2021,3-May-21,0.1294
2021,May,3,3-May-2021,4-May-21,0.1328
2021,May,4,4-May-2021,5-May-21,0.1349
2021,May,5,5-May-2021,6-May-21,0.1368
2021,May,6,6-May-2021,7-May-21,0.1366
2021,May,7,7-May-2021,10-May-21,0.1523
2021,May,10,10-May-2021,11-May-21,0.156
2021,May,11,11-May-2021,12-May-21,0.1574
2021,May,12,12-May-2021,14-May-21,0.1641
2021,May,14,14-May-2021,17-May-21,0.1718
2021,May,17,17-May-2021,18-May-21,0.1724
2021,May,18,18-May-2021,19-May-21,0.1709
2021,May,19,19-May-2021,20-May-21,0.1709
2021,May,20,20-May-2021,21-May-21,0.1684
2021,May,21,21-May-2021,24-May-21,0.1591
2021,May,24,24-May-2021,25-May-21,0.156
2021,May,25,25-May-2021,27-May-21,0.1523
2021,May,27,27-May-2021,28-May-21,0.1499
2021,May,28,28-May-2021,31-May-21,0.157
2021,May,31,31-May-2021,1-Jun-21,0.1538
2021,Jun,1,1-Jun-2021,2-Jun-21,0.1514
2021,Jun,2,2-Jun-2021,3-Jun-21,0.1486
2021,Jun,3,3-Jun-2021,4-Jun-21,0.1454
2021,Jun,4,4-Jun-2021,7-Jun-21,0.1391
2021,Jun,7,7-Jun-2021,8-Jun-21,0.1348
2021,Jun,8,8-Jun-2021,9-Jun-21,0.1318
2021,Jun,9,9-Jun-2021,10-Jun-21,0.127
2021,Jun,10,10-Jun-2021,11-Jun-21,0.1233
2021,Jun,11,11-Jun-2021,14-Jun-21,0.1205
2021,Jun,14,14-Jun-2021,15-Jun-21,0.1182
2021,Jun,15,15-Jun-2021,16-Jun-21,0.1155
2021,Jun,16,16-Jun-2021,17-Jun-21,0.1132
2021,Jun,17,17-Jun-2021,18-Jun-21,0.1137
2021,Jun,18,18-Jun-2021,21-Jun-21,0.129
2021,Jun,21,21-Jun-2021,22-Jun-21,0.1322
2021,Jun,22,22-Jun-2021,23-Jun-21,0.1348
2021,Jun,23,23-Jun-2021,24-Jun-21,0.1373
2021,Jun,24,24-Jun-2021,25-Jun-21,0.1406
2021,Jun,25,25-Jun-2021,28-Jun-21,0.1415
2021,Jun,28,28-Jun-2021,29-Jun-21,0.1371
2021,Jun,29,29-Jun-2021,30-Jun-21,0.131
2021,Jun,30,30-Jun-2021,1-Jul-21,0.1245
2021,Jul,1,1-Jul-2021,2-Jul-21,0.1205
2021,Jul,2,2-Jul-2021,5-Jul-21,0.1202
2021,Jul,5,5-Jul-2021,6-Jul-21,0.1215
2021,Jul,6,6-Jul-2021,7-Jul-21,0.1221
2021,Jul,7,7-Jul-2021,8-Jul-21,0.1227
2021,Jul,8,8-Jul-2021,9-Jul-21,0.1224
2021,Jul,9,9-Jul-2021,12-Jul-21,0.129
2021,Jul,12,12-Jul-2021,13-Jul-21,0.1278
2021,Jul,13,13-Jul-2021,14-Jul-21,0.1264
2021,Jul,14,14-Jul-2021,15-Jul-21,0.1257
2021,Jul,15,15-Jul-2021,16-Jul-21,0.1255
2021,Jul,16,16-Jul-2021,19-Jul-21,0.1158
2021,Jul,19,19-Jul-2021,21-Jul-21,0.106
2021,Jul,21,21-Jul-2021,22-Jul-21,0.1057
2021,Jul,22,22-Jul-2021,23-Jul-21,0.1071
2021,Jul,23,23-Jul-2021,26-Jul-21,0.1018
2021,Jul,26,26-Jul-2021,27-Jul-21,0.1011
2021,Jul,27,27-Jul-2021,28-Jul-21,0.1018
2021,Jul,28,28-Jul-2021,29-Jul-21,0.1023
2021,Jul,29,29-Jul-2021,30-Jul-21,0.1048
2021,Jul,30,30-Jul-2021,2-Aug-21,0.124
2021,Aug,2,2-Aug-2021,3-Aug-21,0.1277
2021,Aug,3,3-Aug-2021,4-Aug-21,0.1279
2021,Aug,4,4-Aug-2021,5-Aug-21,0.127
2021,Aug,5,5-Aug-2021,6-Aug-21,0.1261
2021,Aug,6,6-Aug-2021,10-Aug-21,0.1416
2021,Aug,10,10-Aug-2021,11-Aug-21,0.1391
2021,Aug,11,11-Aug-2021,12-Aug-21,0.1378
2021,Aug,12,12-Aug-2021,13-Aug-21,0.1388
2021,Aug,13,13-Aug-2021,16-Aug-21,0.1404
2021,Aug,16,16-Aug-2021,17-Aug-21,0.1407
2021,Aug,17,17-Aug-2021,18-Aug-21,0.142
2021,Aug,18,18-Aug-2021,19-Aug-21,0.1423
2021,Aug,19,19-Aug-2021,20-Aug-21,0.1427
2021,Aug,20,20-Aug-2021,23-Aug-21,0.1398
2021,Aug,23,23-Aug-2021,24-Aug-21,0.1401
2021,Aug,24,24-Aug-2021,25-Aug-21,0.1407
2021,Aug,25,25-Aug-2021,26-Aug-21,0.1411
2021,Aug,26,26-Aug-2021,27-Aug-21,0.1422
2021,Aug,27,27-Aug-2021,30-Aug-21,0.1521
2021,Aug,30,30-Aug-2021,31-Aug-21,0.1499
2021,Aug,31,31-Aug-2021,1-Sep-21,0.1482
2021,Sep,1,1-Sep-2021,2-Sep-21,0.1455
2021,Sep,2,2-Sep-2021,3-Sep-21,0.1436
2021,Sep,3,3-Sep-2021,6-Sep-21,0.1491
2021,Sep,6,6-Sep-2021,7-Sep-21,0.1452
2021,Sep,7,7-Sep-2021,8-Sep-21,0.1436
2021,Sep,8,8-Sep-2021,9-Sep-21,0.1409
2021,Sep,9,9-Sep-2021,10-Sep-21,0.1369
2021,Sep,10,10-Sep-2021,13-Sep-21,0.1371
2021,Sep,13,13-Sep-2021,14-Sep-21,0.1373
2021,Sep,14,14-Sep-2021,15-Sep-21,0.1364
2021,Sep,15,15-Sep-2021,16-Sep-21,0.137
2021,Sep,16,16-Sep-2021,17-Sep-21,0.1381
2021,Sep,17,17-Sep-2021,20-Sep-21,0.1412
2021,Sep,20,20-Sep-2021,21-Sep-21,0.1429
2021,Sep,21,21-Sep-2021,22-Sep-21,0.1438
2021,Sep,22,22-Sep-2021,23-Sep-21,0.1459
2021,Sep,23,23-Sep-2021,24-Sep-21,0.1462
2021,Sep,24,24-Sep-2021,27-Sep-21,0.1469
2021,Sep,27,27-Sep-2021,28-Sep-21,0.1432
2021,Sep,28,28-Sep-2021,29-Sep-21,0.1389
2021,Sep,29,29-Sep-2021,30-Sep-21,0.134
2021,Sep,30,30-Sep-2021,1-Oct-21,0.1264
2021,Oct,1,1-Oct-2021,4-Oct-21,0.1174
2021,Oct,4,4-Oct-2021,5-Oct-21,0.1141
2021,Oct,5,5-Oct-2021,6-Oct-21,0.1114
2021,Oct,6,6-Oct-2021,7-Oct-21,0.1098
2021,Oct,7,7-Oct-2021,8-Oct-21,0.1081
2021,Oct,8,8-Oct-2021,11-Oct-21,0.1171
2021,Oct,11,11-Oct-2021,12-Oct-21,0.1208
2021,Oct,12,12-Oct-2021,13-Oct-21,0.1233
2021,Oct,13,13-Oct-2021,14-Oct-21,0.1257
2021,Oct,14,14-Oct-2021,15-Oct-21,0.131
2021,Oct,15,15-Oct-2021,18-Oct-21,0.1505
2021,Oct,18,18-Oct-2021,19-Oct-21,0.1534
2021,Oct,19,19-Oct-2021,20-Oct-21,0.1593
2021,Oct,20,20-Oct-2021,21-Oct-21,0.1623
2021,Oct,21,21-Oct-2021,22-Oct-21,0.1639
2021,Oct,22,22-Oct-2021,25-Oct-21,0.1724
2021,Oct,25,25-Oct-2021,26-Oct-21,0.1771
2021,Oct,26,26-Oct-2021,27-Oct-21,0.1788
2021,Oct,27,27-Oct-2021,28-Oct-21,0.1783
2021,Oct,28,28-Oct-2021,29-Oct-21,0.1799
2021,Oct,29,29-Oct-2021,1-Nov-21,0.191
2021,Nov,1,1-Nov-2021,2-Nov-21,0.1944
2021,Nov,2,2-Nov-2021,3-Nov-21,0.1965
2021,Nov,3,3-Nov-2021,5-Nov-21,0.1994
2021,Nov,5,5-Nov-2021,8-Nov-21,0.1982
2021,Nov,8,8-Nov-2021,9-Nov-21,0.1945
2021,Nov,9,9-Nov-2021,10-Nov-21,0.1915
2021,Nov,10,10-Nov-2021,11-Nov-21,0.19
2021,Nov,11,11-Nov-2021,12-Nov-21,0.1886
2021,Nov,12,12-Nov-2021,15-Nov-21,0.1887
2021,Nov,15,15-Nov-2021,16-Nov-21,0.1838
2021,Nov,16,16-Nov-2021,17-Nov-21,0.1804
2021,Nov,17,17-Nov-2021,18-Nov-21,0.178
2021,Nov,18,18-Nov-2021,19-Nov-21,0.177
2021,Nov,19,19-Nov-2021,22-Nov-21,0.1768
2021,Nov,22,22-Nov-2021,23-Nov-21,0.1727
2021,Nov,23,23-Nov-2021,24-Nov-21,0.17
2021,Nov,24,24-Nov-2021,25-Nov-21,0.168
2021,Nov,25,25-Nov-2021,26-Nov-21,0.1641
2021,Nov,26,26-Nov-2021,29-Nov-21,0.1642
2021,Nov,29,29-Nov-2021,30-Nov-21,0.1608
2021,Nov,30,30-Nov-2021,1-Dec-21,0.155
2021,Dec,1,1-Dec-2021,2-Dec-21,0.1531
2021,Dec,2,2-Dec-2021,3-Dec-21,0.1516
2021,Dec,3,3-Dec-2021,6-Dec-21,0.1612
2021,Dec,6,6-Dec-2021,7-Dec-21,0.169
2021,Dec,7,7-Dec-2021,8-Dec-21,0.1775
2021,Dec,8,8-Dec-2021,9-Dec-21,0.182
2021,Dec,9,9-Dec-2021,10-Dec-21,0.1826
2021,Dec,10,10-Dec-2021,13-Dec-21,0.1813
2021,Dec,13,13-Dec-2021,14-Dec-21,0.1845
2021,Dec,14,14-Dec-2021,15-Dec-21,0.1892
2021,Dec,15,15-Dec-2021,16-Dec-21,0.1904
2021,Dec,16,16-Dec-2021,17-Dec-21,0.1893
2021,Dec,17,17-Dec-2021,20-Dec-21,0.1908
2021,Dec,20,20-Dec-2021,21-Dec-21,0.1888
2021,Dec,21,21-Dec-2021,22-Dec-21,0.185
2021,Dec,22,22-Dec-2021,23-Dec-21,0.1852
2021,Dec,23,23-Dec-2021,24-Dec-21,0.1858
2021,Dec,24,24-Dec-2021,27-Dec-21,0.2015
2021,Dec,27,27-Dec-2021,28-Dec-21,0.2039
2021,Dec,28,28-Dec-2021,29-Dec-21,0.2067
2021,Dec,29,29-Dec-2021,30-Dec-21,0.212
2021,Dec,30,30-Dec-2021,31-Dec-21,0.2145
2021,Dec,31,31-Dec-2021,3-Jan-22,0.2331
2022,Jan,3,3-Jan-2022,4-Jan-22,0.2314
2022,Jan,4,4-Jan-2022,5-Jan-22,0.2299
2022,Jan,5,5-Jan-2022,6-Jan-22,0.2293
2022,Jan,6,6-Jan-2022,7-Jan-22,0.2231
2022,Jan,7,7-Jan-2022,10-Jan-22,0.2151
2022,Jan,10,10-Jan-2022,11-Jan-22,0.2134
2022,Jan,11,11-Jan-2022,12-Jan-22,0.2142
2022,Jan,12,12-Jan-2022,13-Jan-22,0.2153
2022,Jan,13,13-Jan-2022,14-Jan-22,0.2131
2022,Jan,14,14-Jan-2022,17-Jan-22,0.21
2022,Jan,17,17-Jan-2022,18-Jan-22,0.2061
2022,Jan,18,18-Jan-2022,19-Jan-22,0.2027
2022,Jan,19,19-Jan-2022,20-Jan-22,0.1988
2022,Jan,20,20-Jan-2022,21-Jan-22,0.2027
2022,Jan,21,21-Jan-2022,24-Jan-22,0.2141
2022,Jan,24,24-Jan-2022,25-Jan-22,0.2093
2022,Jan,25,25-Jan-2022,26-Jan-22,0.2061
2022,Jan,26,26-Jan-2022,27-Jan-22,0.2111
2022,Jan,27,27-Jan-2022,28-Jan-22,0.2141
2022,Jan,28,28-Jan-2022,31-Jan-22,0.2226
2022,Jan,31,31-Jan-2022,3-Feb-22,0.2328
2022,Feb,3,3-Feb-2022,4-Feb-22,0.2381
2022,Feb,4,4-Feb-2022,7-Feb-22,0.2485
2022,Feb,7,7-Feb-2022,8-Feb-22,0.2524
2022,Feb,8,8-Feb-2022,9-Feb-22,0.2552
2022,Feb,9,9-Feb-2022,10-Feb-22,0.2556
2022,Feb,10,10-Feb-2022,11-Feb-22,0.2558
2022,Feb,11,11-Feb-2022,14-Feb-22,0.2558
2022,Feb,14,14-Feb-2022,15-Feb-22,0.2531
2022,Feb,15,15-Feb-2022,16-Feb-22,0.2521
2022,Feb,16,16-Feb-2022,17-Feb-22,0.2551
2022,Feb,17,17-Feb-2022,18-Feb-22,0.2603
2022,Feb,18,18-Feb-2022,21-Feb-22,0.2913
2022,Feb,21,21-Feb-2022,22-Feb-22,0.2909
2022,Feb,22,22-Feb-2022,23-Feb-22,0.2934
2022,Feb,23,23-Feb-2022,24-Feb-22,0.2943
2022,Feb,24,24-Feb-2022,25-Feb-22,0.3008
2022,Feb,25,25-Feb-2022,28-Feb-22,0.3168
2022,Feb,28,28-Feb-2022,1-Mar-22,0.3101
2022,Mar,1,1-Mar-2022,2-Mar-22,0.3021
2022,Mar,2,2-Mar-2022,3-Mar-22,0.2909
2022,Mar,3,3-Mar-2022,4-Mar-22,0.2826
2022,Mar,4,4-Mar-2022,7-Mar-22,0.2606
2022,Mar,7,7-Mar-2022,8-Mar-22,0.2523
2022,Mar,8,8-Mar-2022,9-Mar-22,0.2464
2022,Mar,9,9-Mar-2022,10-Mar-22,0.2427
2022,Mar,10,10-Mar-2022,11-Mar-22,0.2435
2022,Mar,11,11-Mar-2022,14-Mar-22,0.2364
2022,Mar,14,14-Mar-2022,15-Mar-22,0.238
2022,Mar,15,15-Mar-2022,16-Mar-22,0.2398
2022,Mar,16,16-Mar-2022,17-Mar-22,0.24
2022,Mar,17,17-Mar-2022,18-Mar-22,0.24
2022,Mar,18,18-Mar-2022,21-Mar-22,0.2137
2022,Mar,21,21-Mar-2022,22-Mar-22,0.2205
2022,Mar,22,22-Mar-2022,23-Mar-22,0.227
2022,Mar,23,23-Mar-2022,24-Mar-22,0.2418
2022,Mar,24,24-Mar-2022,25-Mar-22,0.2492
2022,Mar,25,25-Mar-2022,28-Mar-22,0.2715
2022,Mar,28,28-Mar-2022,29-Mar-22,0.2798
2022,Mar,29,29-Mar-2022,30-Mar-22,0.2802
2022,Mar,30,30-Mar-2022,31-Mar-22,0.2859
2022,Mar,31,31-Mar-2022,1-Apr-22,0.2949
2022,Apr,1,1-Apr-2022,4-Apr-22,0.3239
2022,Apr,4,4-Apr-2022,5-Apr-22,0.3361
2022,Apr,5,5-Apr-2022,6-Apr-22,0.3473
2022,Apr,6,6-Apr-2022,7-Apr-22,0.3524
2022,Apr,7,7-Apr-2022,8-Apr-22,0.3603
2022,Apr,8,8-Apr-2022,11-Apr-22,0.3827
2022,Apr,11,11-Apr-2022,12-Apr-22,0.3851
2022,Apr,12,12-Apr-2022,13-Apr-22,0.3873
2022,Apr,13,13-Apr-2022,14-Apr-22,0.3949
2022,Apr,14,14-Apr-2022,18-Apr-22,0.4047
2022,Apr,18,18-Apr-2022,19-Apr-22,0.4001
2022,Apr,19,19-Apr-2022,20-Apr-22,0.3937
2022,Apr,20,20-Apr-2022,21-Apr-22,0.3908
2022,Apr,21,21-Apr-2022,22-Apr-22,0.3824
2022,Apr,22,22-Apr-2022,25-Apr-22,0.3603
2022,Apr,25,25-Apr-2022,26-Apr-22,0.3476
2022,Apr,26,26-Apr-2022,27-Apr-22,0.3386
2022,Apr,27,27-Apr-2022,28-Apr-22,0.3273
2022,Apr,28,28-Apr-2022,29-Apr-22,0.3224
2022,Apr,29,29-Apr-2022,4-May-22,0.3588
2022,May,4,4-May-2022,5-May-22,0.3603
2022,May,5,5-May-2022,6-May-22,0.3751
2022,May,6,6-May-2022,9-May-22,0.4537
2022,May,9,9-May-2022,10-May-22,0.4717
2022,May,10,10-May-2022,11-May-22,0.4862
2022,May,11,11-May-2022,12-May-22,0.5082
2022,May,12,12-May-2022,13-May-22,0.5312
2022,May,13,13-May-2022,17-May-22,0.6695
2022,May,17,17-May-2022,18-May-22,0.6889
2022,May,18,18-May-2022,19-May-22,0.7191
2022,May,19,19-May-2022,20-May-22,0.7462
2022,May,20,20-May-2022,23-May-22,0.8395
2022,May,23,23-May-2022,24-May-22,0.8612
2022,May,24,24-May-2022,25-May-22,0.8806
2022,May,25,25-May-2022,26-May-22,0.8984
2022,May,26,26-May-2022,27-May-22,0.9101
2022,May,27,27-May-2022,30-May-22,0.9531
2022,May,30,30-May-2022,31-May-22,0.9429
2022,May,31,31-May-2022,1-Jun-22,0.9443
2022,Jun,1,1-Jun-2022,2-Jun-22,0.9329
2022,Jun,2,2-Jun-2022,3-Jun-22,0.9282
2022,Jun,3,3-Jun-2022,6-Jun-22,0.9179
2022,Jun,6,6-Jun-2022,7-Jun-22,0.898
2022,Jun,7,7-Jun-2022,8-Jun-22,0.88
2022,Jun,8,8-Jun-2022,9-Jun-22,0.8629
2022,Jun,9,9-Jun-2022,10-Jun-22,0.8541
2022,Jun,10,10-Jun-2022,13-Jun-22,0.85
2022,Jun,13,13-Jun-2022,14-Jun-22,0.8243
2022,Jun,14,14-Jun-2022,15-Jun-22,0.7943
2022,Jun,15,15-Jun-2022,16-Jun-22,0.7629
2022,Jun,16,16-Jun-2022,17-Jun-22,0.7443
2022,Jun,17,17-Jun-2022,20-Jun-22,0.7699
2022,Jun,20,20-Jun-2022,21-Jun-22,0.7642
2022,Jun,21,21-Jun-2022,22-Jun-22,0.7722
2022,Jun,22,22-Jun-2022,23-Jun-22,0.785
2022,Jun,23,23-Jun-2022,24-Jun-22,0.807
2022,Jun,24,24-Jun-2022,27-Jun-22,0.9052
2022,Jun,27,27-Jun-2022,28-Jun-22,0.9357
2022,Jun,28,28-Jun-2022,29-Jun-22,0.9671
2022,Jun,29,29-Jun-2022,30-Jun-22,0.9886
2022,Jun,30,30-Jun-2022,1-Jul-22,1.0316
2022,Jul,1,1-Jul-2022,4-Jul-22,1.1383
2022,Jul,4,4-Jul-2022,5-Jul-22,1.1792
2022,Jul,5,5-Jul-2022,6-Jul-22,1.2211
2022,Jul,6,6-Jul-2022,7-Jul-22,1.2613
2022,Jul,7,7-Jul-2022,8-Jul-22,1.3028
2022,Jul,8,8-Jul-2022,12-Jul-22,1.469
2022,Jul,12,12-Jul-2022,13-Jul-22,1.5031
2022,Jul,13,13-Jul-2022,14-Jul-22,1.5485
2022,Jul,14,14-Jul-2022,15-Jul-22,1.5958
2022,Jul,15,15-Jul-2022,18-Jul-22,1.71
2022,Jul,18,18-Jul-2022,19-Jul-22,1.733
2022,Jul,19,19-Jul-2022,20-Jul-22,1.7549
2022,Jul,20,20-Jul-2022,21-Jul-22,1.7817
2022,Jul,21,21-Jul-2022,22-Jul-22,1.7934
2022,Jul,22,22-Jul-2022,25-Jul-22,1.7954
2022,Jul,25,25-Jul-2022,26-Jul-22,1.7907
2022,Jul,26,26-Jul-2022,27-Jul-22,1.7849
2022,Jul,27,27-Jul-2022,28-Jul-22,1.7746
2022,Jul,28,28-Jul-2022,29-Jul-22,1.7806
2022,Jul,29,29-Jul-2022,1-Aug-22,1.8263
2022,Aug,1,1-Aug-2022,2-Aug-22,1.8332
2022,Aug,2,2-Aug-2022,3-Aug-22,1.8382
2022,Aug,3,3-Aug-2022,4-Aug-22,1.8329
2022,Aug,4,4-Aug-2022,5-Aug-22,1.8189
2022,Aug,5,5-Aug-2022,8-Aug-22,1.8282
2022,Aug,8,8-Aug-2022,10-Aug-22,1.8199
2022,Aug,10,10-Aug-2022,11-Aug-22,1.8062
2022,Aug,11,11-Aug-2022,12-Aug-22,1.7999
2022,Aug,12,12-Aug-2022,15-Aug-22,1.7892
2022,Aug,15,15-Aug-2022,16-Aug-22,1.7888
2022,Aug,16,16-Aug-2022,17-Aug-22,1.7879
2022,Aug,17,17-Aug-2022,18-Aug-22,1.7874
2022,Aug,18,18-Aug-2022,19-Aug-22,1.789
2022,Aug,19,19-Aug-2022,22-Aug-22,1.8309
2022,Aug,22,22-Aug-2022,23-Aug-22,1.8472
2022,Aug,23,23-Aug-2022,24-Aug-22,1.8592
2022,Aug,24,24-Aug-2022,25-Aug-22,1.8702
2022,Aug,25,25-Aug-2022,26-Aug-22,1.8749
2022,Aug,26,26-Aug-2022,29-Aug-22,1.8997
2022,Aug,29,29-Aug-2022,30-Aug-22,1.8954
2022,Aug,30,30-Aug-2022,31-Aug-22,1.9022
2022,Aug,31,31-Aug-2022,1-Sep-22,1.9078
2022,Sep,1,1-Sep-2022,2-Sep-22,1.92
2022,Sep,2,2-Sep-2022,5-Sep-22,1.9756
2022,Sep,5,5-Sep-2022,6-Sep-22,1.9861
2022,Sep,6,6-Sep-2022,7-Sep-22,1.9956
2022,Sep,7,7-Sep-2022,8-Sep-22,2.0048
2022,Sep,8,8-Sep-2022,9-Sep-22,2.0173
2022,Sep,9,9-Sep-2022,12-Sep-22,2.0832
2022,Sep,12,12-Sep-2022,13-Sep-22,2.1017
2022,Sep,13,13-Sep-2022,14-Sep-22,2.1158
2022,Sep,14,14-Sep-2022,15-Sep-22,2.12
2022,Sep,15,15-Sep-2022,16-Sep-22,2.1135
2022,Sep,16,16-Sep-2022,19-Sep-22,2.1078
2022,Sep,19,19-Sep-2022,20-Sep-22,2.092
2022,Sep,20,20-Sep-2022,21-Sep-22,2.0737
2022,Sep,21,21-Sep-2022,22-Sep-22,2.0538
2022,Sep,22,22-Sep-2022,23-Sep-22,2.0443
2022,Sep,23,23-Sep-2022,26-Sep-22,2.0832
2022,Sep,26,26-Sep-2022,27-Sep-22,2.1
2022,Sep,27,27-Sep-2022,28-Sep-22,2.1242
2022,Sep,28,28-Sep-2022,29-Sep-22,2.148
2022,Sep,29,29-Sep-2022,30-Sep-22,2.2091
2022,Sep,30,30-Sep-2022,3-Oct-22,2.4279
2022,Oct,3,3-Oct-2022,4-Oct-22,2.4708
2022,Oct,4,4-Oct-2022,5-Oct-22,2.5185
2022,Oct,5,5-Oct-2022,6-Oct-22,2.5473
2022,Oct,6,6-Oct-2022,7-Oct-22,2.5784
2022,Oct,7,7-Oct-2022,10-Oct-22,2.6956
2022,Oct,10,10-Oct-2022,11-Oct-22,2.7146
2022,Oct,11,11-Oct-2022,12-Oct-22,2.7488
2022,Oct,12,12-Oct-2022,13-Oct-22,2.7655
2022,Oct,13,13-Oct-2022,14-Oct-22,2.8039
2022,Oct,14,14-Oct-2022,17-Oct-22,2.9408
2022,Oct,17,17-Oct-2022,18-Oct-22,2.9797
2022,Oct,18,18-Oct-2022,19-Oct-22,3.0219
2022,Oct,19,19-Oct-2022,20-Oct-22,3.0514
2022,Oct,20,20-Oct-2022,21-Oct-22,3.1014
2022,Oct,21,21-Oct-2022,25-Oct-22,3.2454
2022,Oct,25,25-Oct-2022,26-Oct-22,3.2605
2022,Oct,26,26-Oct-2022,27-Oct-22,3.2729
2022,Oct,27,27-Oct-2022,28-Oct-22,3.2755
2022,Oct,28,28-Oct-2022,31-Oct-22,3.2311
2022,Oct,31,31-Oct-2022,1-Nov-22,3.1813
2022,Nov,1,1-Nov-2022,2-Nov-22,3.1233
2022,Nov,2,2-Nov-2022,3-Nov-22,3.067
2022,Nov,3,3-Nov-2022,4-Nov-22,3.0434
2022,Nov,4,4-Nov-2022,7-Nov-22,3.0262
2022,Nov,7,7-Nov-2022,8-Nov-22,3.0105
2022,Nov,8,8-Nov-2022,9-Nov-22,2.9978
2022,Nov,9,9-Nov-2022,10-Nov-22,2.9825
2022,Nov,10,10-Nov-2022,11-Nov-22,2.9937
2022,Nov,11,11-Nov-2022,14-Nov-22,3.0141
2022,Nov,14,14-Nov-2022,15-Nov-22,3.0109
2022,Nov,15,15-Nov-2022,16-Nov-22,3.0031
2022,Nov,16,16-Nov-2022,17-Nov-22,2.9937
2022,Nov,17,17-Nov-2022,18-Nov-22,2.9993
2022,Nov,18,18-Nov-2022,21-Nov-22,3.0529
2022,Nov,21,21-Nov-2022,22-Nov-22,3.0731
2022,Nov,22,22-Nov-2022,23-Nov-22,3.0891
2022,Nov,23,23-Nov-2022,24-Nov-22,3.1002
2022,Nov,24,24-Nov-2022,25-Nov-22,3.1122
2022,Nov,25,25-Nov-2022,28-Nov-22,3.1887
2022,Nov,28,28-Nov-2022,29-Nov-22,3.2117
2022,Nov,29,29-Nov-2022,30-Nov-22,3.2395
2022,Nov,30,30-Nov-2022,1-Dec-22,3.2879
2022,Dec,1,1-Dec-2022,2-Dec-22,3.3321
2022,Dec,2,2-Dec-2022,5-Dec-22,3.4586
2022,Dec,5,5-Dec-2022,6-Dec-22,3.476
2022,Dec,6,6-Dec-2022,7-Dec-22,3.4909
2022,Dec,7,7-Dec-2022,8-Dec-22,3.5111
2022,Dec,8,8-Dec-2022,9-Dec-22,3.5193
2022,Dec,9,9-Dec-2022,12-Dec-22,3.5135
2022,Dec,12,12-Dec-2022,13-Dec-22,3.4865
2022,Dec,13,13-Dec-2022,14-Dec-22,3.4417
2022,Dec,14,14-Dec-2022,15-Dec-22,3.3933
2022,Dec,15,15-Dec-2022,16-Dec-22,3.3735
2022,Dec,16,16-Dec-2022,19-Dec-22,3.2863
2022,Dec,19,19-Dec-2022,20-Dec-22,3.2271
2022,Dec,20,20-Dec-2022,21-Dec-22,3.168
2022,Dec,21,21-Dec-2022,22-Dec-22,3.0929
2022,Dec,22,22-Dec-2022,23-Dec-22,3.0256
2022,Dec,23,23-Dec-2022,27-Dec-22,2.964
2022,Dec,27,27-Dec-2022,28-Dec-22,2.9044
2022,Dec,28,28-Dec-2022,29-Dec-22,2.8461
2022,Dec,29,29-Dec-2022,30-Dec-22,2.7776
2022,Dec,30,30-Dec-2022,3-Jan-23,2.6321
2023,Jan,3,3-Jan-2023,4-Jan-23,2.5722
2023,Jan,4,4-Jan-2023,5-Jan-23,2.5201
2023,Jan,5,5-Jan-2023,6-Jan-23,2.4918
2023,Jan,6,6-Jan-2023,9-Jan-23,2.4715
2023,Jan,9,9-Jan-2023,10-Jan-23,2.4912
2023,Jan,10,10-Jan-2023,11-Jan-23,2.5004
2023,Jan,11,11-Jan-2023,12-Jan-23,2.5032
2023,Jan,12,12-Jan-2023,13-Jan-23,2.5285
2023,Jan,13,13-Jan-2023,16-Jan-23,2.7011
2023,Jan,16,16-Jan-2023,17-Jan-23,2.7374
2023,Jan,17,17-Jan-2023,18-Jan-23,2.7767
2023,Jan,18,18-Jan-2023,19-Jan-23,2.8189
2023,Jan,19,19-Jan-2023,20-Jan-23,2.8786
2023,Jan,20,20-Jan-2023,25-Jan-23,3.0944
2023,Jan,25,25-Jan-2023,26-Jan-23,3.1095
2023,Jan,26,26-Jan-2023,27-Jan-23,3.1235
2023,Jan,27,27-Jan-2023,30-Jan-23,3.3073
2023,Jan,30,30-Jan-2023,31-Jan-23,3.3496
2023,Jan,31,31-Jan-2023,1-Feb-23,3.393
2023,Feb,1,1-Feb-2023,2-Feb-23,3.4266
2023,Feb,2,2-Feb-2023,3-Feb-23,3.4599
2023,Feb,3,3-Feb-2023,6-Feb-23,3.5774
2023,Feb,6,6-Feb-2023,7-Feb-23,3.5853
2023,Feb,7,7-Feb-2023,8-Feb-23,3.5831
2023,Feb,8,8-Feb-2023,9-Feb-23,3.5804
2023,Feb,9,9-Feb-2023,10-Feb-23,3.5643
2023,Feb,10,10-Feb-2023,13-Feb-23,3.5956
2023,Feb,13,13-Feb-2023,14-Feb-23,3.5807
2023,Feb,14,14-Feb-2023,15-Feb-23,3.5635
2023,Feb,15,15-Feb-2023,16-Feb-23,3.5493
2023,Feb,16,16-Feb-2023,17-Feb-23,3.5507
2023,Feb,17,17-Feb-2023,20-Feb-23,3.5646
2023,Feb,20,20-Feb-2023,21-Feb-23,3.5609
2023,Feb,21,21-Feb-2023,22-Feb-23,3.5572
2023,Feb,22,22-Feb-2023,23-Feb-23,3.5522
2023,Feb,23,23-Feb-2023,24-Feb-23,3.5545
2023,Feb,24,24-Feb-2023,27-Feb-23,3.582
2023,Feb,27,27-Feb-2023,28-Feb-23,3.5828
2023,Feb,28,28-Feb-2023,1-Mar-23,3.5511
2023,Mar,1,1-Mar-2023,2-Mar-23,3.5505
2023,Mar,2,2-Mar-2023,3-Mar-23,3.5512
2023,Mar,3,3-Mar-2023,6-Mar-23,3.5507
2023,Mar,6,6-Mar-2023,7-Mar-23,3.5579
2023,Mar,7,7-Mar-2023,8-Mar-23,3.571
2023,Mar,8,8-Mar-2023,9-Mar-23,3.5877
2023,Mar,9,9-Mar-2023,10-Mar-23,3.6003
2023,Mar,10,10-Mar-2023,13-Mar-23,3.6114
2023,Mar,13,13-Mar-2023,14-Mar-23,3.6253
2023,Mar,14,14-Mar-2023,15-Mar-23,3.6337
2023,Mar,15,15-Mar-2023,16-Mar-23,3.6334
2023,Mar,16,16-Mar-2023,17-Mar-23,3.6436
2023,Mar,17,17-Mar-2023,20-Mar-23,3.6587
2023,Mar,20,20-Mar-2023,21-Mar-23,3.672
2023,Mar,21,21-Mar-2023,22-Mar-23,3.6871
2023,Mar,22,22-Mar-2023,23-Mar-23,3.6975
2023,Mar,23,23-Mar-2023,24-Mar-23,3.7129
2023,Mar,24,24-Mar-2023,27-Mar-23,3.6866
2023,Mar,27,27-Mar-2023,28-Mar-23,3.6813
2023,Mar,28,28-Mar-2023,29-Mar-23,3.6763
2023,Mar,29,29-Mar-2023,30-Mar-23,3.684
2023,Mar,30,30-Mar-2023,31-Mar-23,3.6828
2023,Mar,31,31-Mar-2023,3-Apr-23,3.6883
2023,Apr,3,3-Apr-2023,4-Apr-23,3.6798
2023,Apr,4,4-Apr-2023,5-Apr-23,3.6796
2023,Apr,5,5-Apr-2023,6-Apr-23,3.6753
2023,Apr,6,6-Apr-2023,10-Apr-23,3.6497
2023,Apr,10,10-Apr-2023,11-Apr-23,3.6302
2023,Apr,11,11-Apr-2023,12-Apr-23,3.6116
2023,Apr,12,12-Apr-2023,13-Apr-23,3.5939
2023,Apr,13,13-Apr-2023,14-Apr-23,3.5791
2023,Apr,14,14-Apr-2023,17-Apr-23,3.5584
2023,Apr,17,17-Apr-2023,18-Apr-23,3.539
2023,Apr,18,18-Apr-2023,19-Apr-23,3.5178
2023,Apr,19,19-Apr-2023,20-Apr-23,3.4985
2023,Apr,20,20-Apr-2023,21-Apr-23,3.4861
2023,Apr,21,21-Apr-2023,24-Apr-23,3.5037
2023,Apr,24,24-Apr-2023,25-Apr-23,3.5153
2023,Apr,25,25-Apr-2023,26-Apr-23,3.5194
2023,Apr,26,26-Apr-2023,27-Apr-23,3.5192
2023,Apr,27,27-Apr-2023,28-Apr-23,3.5265
2023,Apr,28,28-Apr-2023,2-May-23,3.5408
2023,May,2,2-May-2023,3-May-23,3.5454
2023,May,3,3-May-2023,4-May-23,3.5546
2023,May,4,4-May-2023,5-May-23,3.5435
2023,May,5,5-May-2023,8-May-23,3.5441
2023,May,8,8-May-2023,9-May-23,3.5469
2023,May,9,9-May-2023,10-May-23,3.5567
2023,May,10,10-May-2023,11-May-23,3.5676
2023,May,11,11-May-2023,12-May-23,3.5822
2023,May,12,12-May-2023,15-May-23,3.5892
2023,May,15,15-May-2023,16-May-23,3.5928
2023,May,16,16-May-2023,17-May-23,3.599
2023,May,17,17-May-2023,18-May-23,3.6125
2023,May,18,18-May-2023,19-May-23,3.6264
2023,May,19,19-May-2023,22-May-23,3.6266
2023,May,22,22-May-2023,23-May-23,3.6195
2023,May,23,23-May-2023,24-May-23,3.6078
2023,May,24,24-May-2023,25-May-23,3.5984
2023,May,25,25-May-2023,26-May-23,3.598
2023,May,26,26-May-2023,29-May-23,3.5989
2023,May,29,29-May-2023,30-May-23,3.606
2023,May,30,30-May-2023,31-May-23,3.6175
2023,May,31,31-May-2023,1-Jun-23,3.6156
2023,Jun,1,1-Jun-2023,5-Jun-23,3.6354
2023,Jun,5,5-Jun-2023,6-Jun-23,3.6486
2023,Jun,6,6-Jun-2023,7-Jun-23,3.661
2023,Jun,7,7-Jun-2023,8-Jun-23,3.675
2023,Jun,8,8-Jun-2023,9-Jun-23,3.6894
2023,Jun,9,9-Jun-2023,12-Jun-23,3.7313
2023,Jun,12,12-Jun-2023,13-Jun-23,3.7403
2023,Jun,13,13-Jun-2023,14-Jun-23,3.7469
2023,Jun,14,14-Jun-2023,15-Jun-23,3.7522
2023,Jun,15,15-Jun-2023,16-Jun-23,3.7581
2023,Jun,16,16-Jun-2023,19-Jun-23,3.7557
2023,Jun,19,19-Jun-2023,20-Jun-23,3.756
2023,Jun,20,20-Jun-2023,21-Jun-23,3.7579
2023,Jun,21,21-Jun-2023,22-Jun-23,3.7562
2023,Jun,22,22-Jun-2023,23-Jun-23,3.7471
2023,Jun,23,23-Jun-2023,26-Jun-23,3.7542
2023,Jun,26,26-Jun-2023,27-Jun-23,3.7561
2023,Jun,27,27-Jun-2023,28-Jun-23,3.7576
2023,Jun,28,28-Jun-2023,30-Jun-23,3.7528
2023,Jun,30,30-Jun-2023,3-Jul-23,3.7717
2023,Jul,3,3-Jul-2023,4-Jul-23,3.7735
2023,Jul,4,4-Jul-2023,5-Jul-23,3.7747
2023,Jul,5,5-Jul-2023,6-Jul-23,3.7729
2023,Jul,6,6-Jul-2023,7-Jul-23,3.7682
2023,Jul,7,7-Jul-2023,10-Jul-23,3.7459
2023,Jul,10,10-Jul-2023,11-Jul-23,3.7321
2023,Jul,11,11-Jul-2023,12-Jul-23,3.7181
2023,Jul,12,12-Jul-2023,13-Jul-23,3.7152
2023,Jul,13,13-Jul-2023,14-Jul-23,3.7148
2023,Jul,14,14-Jul-2023,17-Jul-23,3.7091
2023,Jul,17,17-Jul-2023,18-Jul-23,3.707
2023,Jul,18,18-Jul-2023,19-Jul-23,3.7024
2023,Jul,19,19-Jul-2023,20-Jul-23,3.6988
2023,Jul,20,20-Jul-2023,21-Jul-23,3.6969
2023,Jul,21,21-Jul-2023,24-Jul-23,3.7058
2023,Jul,24,24-Jul-2023,25-Jul-23,3.6972
2023,Jul,25,25-Jul-2023,26-Jul-23,3.6858
2023,Jul,26,26-Jul-2023,27-Jul-23,3.6705
2023,Jul,27,27-Jul-2023,28-Jul-23,3.6586
2023,Jul,28,28-Jul-2023,31-Jul-23,3.6375
2023,Jul,31,31-Jul-2023,1-Aug-23,3.6229
2023,Aug,1,1-Aug-2023,2-Aug-23,3.6034
2023,Aug,2,2-Aug-2023,3-Aug-23,3.5855
2023,Aug,3,3-Aug-2023,4-Aug-23,3.5759
2023,Aug,4,4-Aug-2023,7-Aug-23,3.5788
2023,Aug,7,7-Aug-2023,8-Aug-23,3.5837
2023,Aug,8,8-Aug-2023,10-Aug-23,3.5831
2023,Aug,10,10-Aug-2023,11-Aug-23,3.5807
2023,Aug,11,11-Aug-2023,14-Aug-23,3.5864
2023,Aug,14,14-Aug-2023,15-Aug-23,3.5855
2023,Aug,15,15-Aug-2023,16-Aug-23,3.5864
2023,Aug,16,16-Aug-2023,17-Aug-23,3.5896
2023,Aug,17,17-Aug-2023,18-Aug-23,3.5973
2023,Aug,18,18-Aug-2023,21-Aug-23,3.6342
2023,Aug,21,21-Aug-2023,22-Aug-23,3.6297
2023,Aug,22,22-Aug-2023,23-Aug-23,3.6265
2023,Aug,23,23-Aug-2023,24-Aug-23,3.6248
2023,Aug,24,24-Aug-2023,25-Aug-23,3.6265
2023,Aug,25,25-Aug-2023,28-Aug-23,3.6486
2023,Aug,28,28-Aug-2023,29-Aug-23,3.654
2023,Aug,29,29-Aug-2023,30-Aug-23,3.6634
2023,Aug,30,30-Aug-2023,31-Aug-23,3.6693
2023,Aug,31,31-Aug-2023,4-Sep-23,3.7084
2023,Sep,4,4-Sep-2023,5-Sep-23,3.7108
2023,Sep,5,5-Sep-2023,6-Sep-23,3.7121
2023,Sep,6,6-Sep-2023,7-Sep-23,3.7101
2023,Sep,7,7-Sep-2023,8-Sep-23,3.7046
2023,Sep,8,8-Sep-2023,11-Sep-23,3.7387
2023,Sep,11,11-Sep-2023,12-Sep-23,3.7453
2023,Sep,12,12-Sep-2023,13-Sep-23,3.7496
2023,Sep,13,13-Sep-2023,14-Sep-23,3.7527
2023,Sep,14,14-Sep-2023,15-Sep-23,3.7594
2023,Sep,15,15-Sep-2023,18-Sep-23,3.7752
2023,Sep,18,18-Sep-2023,19-Sep-23,3.7687
2023,Sep,19,19-Sep-2023,20-Sep-23,3.7586
2023,Sep,20,20-Sep-2023,21-Sep-23,3.7522
2023,Sep,21,21-Sep-2023,22-Sep-23,3.7513
2023,Sep,22,22-Sep-2023,25-Sep-23,3.7635
2023,Sep,25,25-Sep-2023,26-Sep-23,3.7681
2023,Sep,26,26-Sep-2023,27-Sep-23,3.7754
2023,Sep,27,27-Sep-2023,28-Sep-23,3.7784
2023,Sep,28,28-Sep-2023,29-Sep-23,3.7762
2023,Sep,29,29-Sep-2023,2-Oct-23,3.7814
2023,Oct,2,2-Oct-2023,3-Oct-23,3.7773
2023,Oct,3,3-Oct-2023,4-Oct-23,3.7709
2023,Oct,4,4-Oct-2023,5-Oct-23,3.7627
2023,Oct,5,5-Oct-2023,6-Oct-23,3.7567
2023,Oct,6,6-Oct-2023,9-Oct-23,3.7671
2023,Oct,9,9-Oct-2023,10-Oct-23,3.7592
2023,Oct,10,10-Oct-2023,11-Oct-23,3.7484
2023,Oct,11,11-Oct-2023,12-Oct-23,3.7422
2023,Oct,12,12-Oct-2023,13-Oct-23,3.7393
2023,Oct,13,13-Oct-2023,16-Oct-23,3.7425
2023,Oct,16,16-Oct-2023,17-Oct-23,3.74
2023,Oct,17,17-Oct-2023,18-Oct-23,3.7397
2023,Oct,18,18-Oct-2023,19-Oct-23,3.7414
2023,Oct,19,19-Oct-2023,20-Oct-23,3.7466
2023,Oct,20,20-Oct-2023,23-Oct-23,3.7712
2023,Oct,23,23-Oct-2023,24-Oct-23,3.774
2023,Oct,24,24-Oct-2023,25-Oct-23,3.7728
2023,Oct,25,25-Oct-2023,26-Oct-23,3.7717
2023,Oct,26,26-Oct-2023,27-Oct-23,3.7692
2023,Oct,27,27-Oct-2023,30-Oct-23,3.7698
2023,Oct,30,30-Oct-2023,31-Oct-23,3.7719
2023,Oct,31,31-Oct-2023,1-Nov-23,3.7676
2023,Nov,1,1-Nov-2023,2-Nov-23,3.7622
2023,Nov,2,2-Nov-2023,3-Nov-23,3.7629
2023,Nov,3,3-Nov-2023,6-Nov-23,3.7792
2023,Nov,6,6-Nov-2023,7-Nov-23,3.77
2023,Nov,7,7-Nov-2023,8-Nov-23,3.7592
2023,Nov,8,8-Nov-2023,9-Nov-23,3.7433
2023,Nov,9,9-Nov-2023,10-Nov-23,3.7348
2023,Nov,10,10-Nov-2023,14-Nov-23,3.728
2023,Nov,14,14-Nov-2023,15-Nov-23,3.7225
2023,Nov,15,15-Nov-2023,16-Nov-23,3.7182
2023,Nov,16,16-Nov-2023,17-Nov-23,3.7152
2023,Nov,17,17-Nov-2023,20-Nov-23,3.7225
2023,Nov,20,20-Nov-2023,21-Nov-23,3.7142
2023,Nov,21,21-Nov-2023,22-Nov-23,3.7085
2023,Nov,22,22-Nov-2023,23-Nov-23,3.6988
2023,Nov,23,23-Nov-2023,24-Nov-23,3.6935
2023,Nov,24,24-Nov-2023,27-Nov-23,3.6802
2023,Nov,27,27-Nov-2023,28-Nov-23,3.6778
2023,Nov,28,28-Nov-2023,29-Nov-23,3.6697
2023,Nov,29,29-Nov-2023,30-Nov-23,3.6626
2023,Nov,30,30-Nov-2023,1-Dec-23,3.6558
2023,Dec,1,1-Dec-2023,4-Dec-23,3.6538
2023,Dec,4,4-Dec-2023,5-Dec-23,3.6514
2023,Dec,5,5-Dec-2023,6-Dec-23,3.65
2023,Dec,6,6-Dec-2023,7-Dec-23,3.6541
2023,Dec,7,7-Dec-2023,8-Dec-23,3.6657
2023,Dec,8,8-Dec-2023,11-Dec-23,3.7047
2023,Dec,11,11-Dec-2023,12-Dec-23,3.7119
2023,Dec,12,12-Dec-2023,13-Dec-23,3.722
2023,Dec,13,13-Dec-2023,14-Dec-23,3.7346
2023,Dec,14,14-Dec-2023,15-Dec-23,3.7409
2023,Dec,15,15-Dec-2023,18-Dec-23,3.7428
2023,Dec,18,18-Dec-2023,19-Dec-23,3.7376
2023,Dec,19,19-Dec-2023,20-Dec-23,3.7285
2023,Dec,20,20-Dec-2023,21-Dec-23,3.7209
2023,Dec,21,21-Dec-2023,22-Dec-23,3.708
2023,Dec,22,22-Dec-2023,26-Dec-23,3.6775
2023,Dec,26,26-Dec-2023,27-Dec-23,3.6719
2023,Dec,27,27-Dec-2023,28-Dec-23,3.6583
2023,Dec,28,28-Dec-2023,29-Dec-23,3.6511
2023,Dec,29,29-Dec-2023,2-Jan-24,3.651
2024,Jan,2,2-Jan-2024,3-Jan-24,3.6486
2024,Jan,3,3-Jan-2024,4-Jan-24,3.653
2024,Jan,4,4-Jan-2024,5-Jan-24,3.657
2024,Jan,5,5-Jan-2024,8-Jan-24,3.6515
2024,Jan,8,8-Jan-2024,9-Jan-24,3.6489
2024,Jan,9,9-Jan-2024,10-Jan-24,3.6447
2024,Jan,10,10-Jan-2024,11-Jan-24,3.6396
2024,Jan,11,11-Jan-2024,12-Jan-24,3.6378
2024,Jan,12,12-Jan-2024,15-Jan-24,3.6215
2024,Jan,15,15-Jan-2024,16-Jan-24,3.6167
2024,Jan,16,16-Jan-2024,17-Jan-24,3.6141
2024,Jan,17,17-Jan-2024,18-Jan-24,3.6103
2024,Jan,18,18-Jan-2024,19-Jan-24,3.6054
2024,Jan,19,19-Jan-2024,22-Jan-24,3.603
2024,Jan,22,22-Jan-2024,23-Jan-24,3.6076
2024,Jan,23,23-Jan-2024,24-Jan-24,3.6109
2024,Jan,24,24-Jan-2024,25-Jan-24,3.6111
2024,Jan,25,25-Jan-2024,26-Jan-24,3.6158
2024,Jan,26,26-Jan-2024,29-Jan-24,3.6353
2024,Jan,29,29-Jan-2024,30-Jan-24,3.6318
2024,Jan,30,30-Jan-2024,31-Jan-24,3.627
2024,Jan,31,31-Jan-2024,1-Feb-24,3.6225
2024,Feb,1,1-Feb-2024,2-Feb-24,3.6164
2024,Feb,2,2-Feb-2024,5-Feb-24,3.5918
2024,Feb,5,5-Feb-2024,6-Feb-24,3.5873
2024,Feb,6,6-Feb-2024,7-Feb-24,3.5842
2024,Feb,7,7-Feb-2024,8-Feb-24,3.5794
2024,Feb,8,8-Feb-2024,9-Feb-24,3.5654
2024,Feb,9,9-Feb-2024,13-Feb-24,3.5299
2024,Feb,13,13-Feb-2024,14-Feb-24,3.5175
2024,Feb,14,14-Feb-2024,15-Feb-24,3.5102
2024,Feb,15,15-Feb-2024,16-Feb-24,3.514
2024,Feb,16,16-Feb-2024,19-Feb-24,3.5314
2024,Feb,19,19-Feb-2024,20-Feb-24,3.5438
2024,Feb,20,20-Feb-2024,21-Feb-24,3.5541
2024,Feb,21,21-Feb-2024,22-Feb-24,3.5593
2024,Feb,22,22-Feb-2024,23-Feb-24,3.565
2024,Feb,23,23-Feb-2024,26-Feb-24,3.5985
2024,Feb,26,26-Feb-2024,27-Feb-24,3.6059
2024,Feb,27,27-Feb-2024,28-Feb-24,3.6121
2024,Feb,28,28-Feb-2024,29-Feb-24,3.6207
2024,Feb,29,29-Feb-2024,1-Mar-24,3.6377
2024,Mar,1,1-Mar-2024,4-Mar-24,3.6691
2024,Mar,4,4-Mar-2024,5-Mar-24,3.6731
2024,Mar,5,5-Mar-2024,6-Mar-24,3.6734
2024,Mar,6,6-Mar-2024,7-Mar-24,3.6719
2024,Mar,7,7-Mar-2024,8-Mar-24,3.6734
2024,Mar,8,8-Mar-2024,11-Mar-24,3.6939
2024,Mar,11,11-Mar-2024,12-Mar-24,3.6942
2024,Mar,12,12-Mar-2024,13-Mar-24,3.6924
2024,Mar,13,13-Mar-2024,14-Mar-24,3.6936
2024,Mar,14,14-Mar-2024,15-Mar-24,3.6928
2024,Mar,15,15-Mar-2024,18-Mar-24,3.674
2024,Mar,18,18-Mar-2024,19-Mar-24,3.6747
2024,Mar,19,19-Mar-2024,20-Mar-24,3.677
2024,Mar,20,20-Mar-2024,21-Mar-24,3.6805
2024,Mar,21,21-Mar-2024,22-Mar-24,3.6932
2024,Mar,22,22-Mar-2024,25-Mar-24,3.7417
2024,Mar,25,25-Mar-2024,26-Mar-24,3.7488
2024,Mar,26,26-Mar-2024,27-Mar-24,3.7558
2024,Mar,27,27-Mar-2024,28-Mar-24,3.7621
2024,Mar,28,28-Mar-2024,1-Apr-24,3.7526
2024,Apr,1,1-Apr-2024,2-Apr-24,3.7501
2024,Apr,2,2-Apr-2024,3-Apr-24,3.7448
2024,Apr,3,3-Apr-2024,4-Apr-24,3.7361
2024,Apr,4,4-Apr-2024,5-Apr-24,3.7333
2024,Apr,5,5-Apr-2024,8-Apr-24,3.7147
2024,Apr,8,8-Apr-2024,9-Apr-24,3.7055
2024,Apr,9,9-Apr-2024,11-Apr-24,3.6902
2024,Apr,11,11-Apr-2024,12-Apr-24,3.6871
2024,Apr,12,12-Apr-2024,15-Apr-24,3.6899
2024,Apr,15,15-Apr-2024,16-Apr-24,3.6848
2024,Apr,16,16-Apr-2024,17-Apr-24,3.6802
2024,Apr,17,17-Apr-2024,18-Apr-24,3.6717
2024,Apr,18,18-Apr-2024,19-Apr-24,3.6603
2024,Apr,19,19-Apr-2024,22-Apr-24,3.636
2024,Apr,22,22-Apr-2024,23-Apr-24,3.6148
2024,Apr,23,23-Apr-2024,24-Apr-24,3.592
2024,Apr,24,24-Apr-2024,25-Apr-24,3.5682
2024,Apr,25,25-Apr-2024,26-Apr-24,3.5536
2024,Apr,26,26-Apr-2024,29-Apr-24,3.5353
2024,Apr,29,29-Apr-2024,30-Apr-24,3.5296
2024,Apr,30,30-Apr-2024,2-May-24,3.5117
2024,May,2,2-May-2024,3-May-24,3.5128
2024,May,3,3-May-2024,6-May-24,3.5397
2024,May,6,6-May-2024,7-May-24,3.5515
2024,May,7,7-May-2024,8-May-24,3.5654
2024,May,8,8-May-2024,9-May-24,3.5855
2024,May,9,9-May-2024,10-May-24,3.6032
2024,May,10,10-May-2024,13-May-24,3.6613
2024,May,13,13-May-2024,14-May-24,3.6695
2024,May,14,14-May-2024,15-May-24,3.6755
2024,May,15,15-May-2024,16-May-24,3.6821
2024,May,16,16-May-2024,17-May-24,3.6869
2024,May,17,17-May-2024,20-May-24,3.6994
2024,May,20,20-May-2024,21-May-24,3.697
2024,May,21,21-May-2024,23-May-24,3.6856
2024,May,23,23-May-2024,24-May-24,3.6853
2024,May,24,24-May-2024,27-May-24,3.6938
2024,May,27,27-May-2024,28-May-24,3.694
2024,May,28,28-May-2024,29-May-24,3.6904
2024,May,29,29-May-2024,30-May-24,3.6915
2024,May,30,30-May-2024,31-May-24,3.6866
2024,May,31,31-May-2024,3-Jun-24,3.6836
2024,Jun,3,3-Jun-2024,4-Jun-24,3.6857
2024,Jun,4,4-Jun-2024,5-Jun-24,3.6877
2024,Jun,5,5-Jun-2024,6-Jun-24,3.691
2024,Jun,6,6-Jun-2024,7-Jun-24,3.6867
2024,Jun,7,7-Jun-2024,10-Jun-24,3.6803
2024,Jun,10,10-Jun-2024,11-Jun-24,3.6669
2024,Jun,11,11-Jun-2024,12-Jun-24,3.6514
2024,Jun,12,12-Jun-2024,13-Jun-24,3.6393
2024,Jun,13,13-Jun-2024,14-Jun-24,3.6367
2024,Jun,14,14-Jun-2024,18-Jun-24,3.6586
2024,Jun,18,18-Jun-2024,19-Jun-24,3.6619
2024,Jun,19,19-Jun-2024,20-Jun-24,3.6655
2024,Jun,20,20-Jun-2024,21-Jun-24,3.6658
2024,Jun,21,21-Jun-2024,24-Jun-24,3.6801
2024,Jun,24,24-Jun-2024,25-Jun-24,3.6799
2024,Jun,25,25-Jun-2024,26-Jun-24,3.6764
2024,Jun,26,26-Jun-2024,27-Jun-24,3.6739
2024,Jun,27,27-Jun-2024,28-Jun-24,3.6669
2024,Jun,28,28-Jun-2024,1-Jul-24,3.6607
2024,Jul,1,1-Jul-2024,2-Jul-24,3.6573
2024,Jul,2,2-Jul-2024,3-Jul-24,3.6537
2024,Jul,3,3-Jul-2024,4-Jul-24,3.6421
2024,Jul,4,4-Jul-2024,5-Jul-24,3.6311
2024,Jul,5,5-Jul-2024,8-Jul-24,3.6056
2024,Jul,8,8-Jul-2024,9-Jul-24,3.5927
2024,Jul,9,9-Jul-2024,10-Jul-24,3.5778
2024,Jul,10,10-Jul-2024,11-Jul-24,3.5746
2024,Jul,11,11-Jul-2024,12-Jul-24,3.5726
2024,Jul,12,12-Jul-2024,15-Jul-24,3.5598
2024,Jul,15,15-Jul-2024,16-Jul-24,3.5511
2024,Jul,16,16-Jul-2024,17-Jul-24,3.5425
2024,Jul,17,17-Jul-2024,18-Jul-24,3.5347
2024,Jul,18,18-Jul-2024,19-Jul-24,3.5296
2024,Jul,19,19-Jul-2024,22-Jul-24,3.5241
2024,Jul,22,22-Jul-2024,23-Jul-24,3.5218
2024,Jul,23,23-Jul-2024,24-Jul-24,3.518
2024,Jul,24,24-Jul-2024,25-Jul-24,3.5139
2024,Jul,25,25-Jul-2024,26-Jul-24,3.5159
2024,Jul,26,26-Jul-2024,29-Jul-24,3.5321
2024,Jul,29,29-Jul-2024,30-Jul-24,3.5358
2024,Jul,30,30-Jul-2024,31-Jul-24,3.5343
2024,Jul,31,31-Jul-2024,1-Aug-24,3.5343
2024,Aug,1,1-Aug-2024,2-Aug-24,3.5381
2024,Aug,2,2-Aug-2024,5-Aug-24,3.5504
2024,Aug,5,5-Aug-2024,6-Aug-24,3.5532
2024,Aug,6,6-Aug-2024,7-Aug-24,3.5547
2024,Aug,7,7-Aug-2024,8-Aug-24,3.5573
2024,Aug,8,8-Aug-2024,12-Aug-24,3.5755
2024,Aug,12,12-Aug-2024,13-Aug-24,3.5784
2024,Aug,13,13-Aug-2024,14-Aug-24,3.5823
2024,Aug,14,14-Aug-2024,15-Aug-24,3.5842
2024,Aug,15,15-Aug-2024,16-Aug-24,3.5842
2024,Aug,16,16-Aug-2024,19-Aug-24,3.5834
2024,Aug,19,19-Aug-2024,20-Aug-24,3.5821
2024,Aug,20,20-Aug-2024,21-Aug-24,3.5743
2024,Aug,21,21-Aug-2024,22-Aug-24,3.5617
2024,Aug,22,22-Aug-2024,23-Aug-24,3.5497
2024,Aug,23,23-Aug-2024,26-Aug-24,3.5172
2024,Aug,26,26-Aug-2024,27-Aug-24,3.5031
2024,Aug,27,27-Aug-2024,28-Aug-24,3.4922
2024,Aug,28,28-Aug-2024,29-Aug-24,3.4826
2024,Aug,29,29-Aug-2024,30-Aug-24,3.479
2024,Aug,30,30-Aug-2024,2-Sep-24,3.484
2024,Sep,2,2-Sep-2024,3-Sep-24,3.4796
2024,Sep,3,3-Sep-2024,4-Sep-24,3.4788
2024,Sep,4,4-Sep-2024,5-Sep-24,3.4749
2024,Sep,5,5-Sep-2024,6-Sep-24,3.4707
2024,Sep,6,6-Sep-2024,9-Sep-24,3.4701
2024,Sep,9,9-Sep-2024,10-Sep-24,3.4674
2024,Sep,10,10-Sep-2024,11-Sep-24,3.4641
2024,Sep,11,11-Sep-2024,12-Sep-24,3.4621
2024,Sep,12,12-Sep-2024,13-Sep-24,3.458
2024,Sep,13,13-Sep-2024,16-Sep-24,3.4524
2024,Sep,16,16-Sep-2024,17-Sep-24,3.453
2024,Sep,17,17-Sep-2024,18-Sep-24,3.4505
2024,Sep,18,18-Sep-2024,19-Sep-24,3.4476
2024,Sep,19,19-Sep-2024,20-Sep-24,3.4334
2024,Sep,20,20-Sep-2024,23-Sep-24,3.4293
2024,Sep,23,23-Sep-2024,24-Sep-24,3.4256
2024,Sep,24,24-Sep-2024,25-Sep-24,3.4225
2024,Sep,25,25-Sep-2024,26-Sep-24,3.4206
2024,Sep,26,26-Sep-2024,27-Sep-24,3.4269
2024,Sep,27,27-Sep-2024,30-Sep-24,3.4213
2024,Sep,30,30-Sep-2024,1-Oct-24,3.4287
2024,Oct,1,1-Oct-2024,2-Oct-24,3.4352
2024,Oct,2,2-Oct-2024,3-Oct-24,3.4405
2024,Oct,3,3-Oct-2024,4-Oct-24,3.4417
2024,Oct,4,4-Oct-2024,7-Oct-24,3.4458
2024,Oct,7,7-Oct-2024,8-Oct-24,3.443
2024,Oct,8,8-Oct-2024,9-Oct-24,3.4364
2024,Oct,9,9-Oct-2024,10-Oct-24,3.4293
2024,Oct,10,10-Oct-2024,11-Oct-24,3.4163
2024,Oct,11,11-Oct-2024,14-Oct-24,3.3728
2024,Oct,14,14-Oct-2024,15-Oct-24,3.3575
2024,Oct,15,15-Oct-2024,16-Oct-24,3.3405
2024,Oct,16,16-Oct-2024,17-Oct-24,3.3193
2024,Oct,17,17-Oct-2024,18-Oct-24,3.3007
2024,Oct,18,18-Oct-2024,21-Oct-24,3.2737
2024,Oct,21,21-Oct-2024,22-Oct-24,3.269
2024,Oct,22,22-Oct-2024,23-Oct-24,3.2664
2024,Oct,23,23-Oct-2024,24-Oct-24,3.2647
2024,Oct,24,24-Oct-2024,25-Oct-24,3.2584
2024,Oct,25,25-Oct-2024,28-Oct-24,3.2316
2024,Oct,28,28-Oct-2024,29-Oct-24,3.2235
2024,Oct,29,29-Oct-2024,30-Oct-24,3.2163
2024,Oct,30,30-Oct-2024,1-Nov-24,3.1912
2024,Nov,1,1-Nov-2024,4-Nov-24,3.1513
2024,Nov,4,4-Nov-2024,5-Nov-24,3.1331
2024,Nov,5,5-Nov-2024,6-Nov-24,3.1124
2024,Nov,6,6-Nov-2024,7-Nov-24,3.09
2024,Nov,7,7-Nov-2024,8-Nov-24,3.0716
2024,Nov,8,8-Nov-2024,11-Nov-24,3.0559
2024,Nov,11,11-Nov-2024,12-Nov-24,3.0569
2024,Nov,12,12-Nov-2024,13-Nov-24,3.0562
2024,Nov,13,13-Nov-2024,14-Nov-24,3.0518
2024,Nov,14,14-Nov-2024,15-Nov-24,3.0458
2024,Nov,15,15-Nov-2024,18-Nov-24,3.0416
2024,Nov,18,18-Nov-2024,19-Nov-24,3.0465
2024,Nov,19,19-Nov-2024,20-Nov-24,3.0492
2024,Nov,20,20-Nov-2024,21-Nov-24,3.048
2024,Nov,21,21-Nov-2024,22-Nov-24,3.0382
2024,Nov,22,22-Nov-2024,25-Nov-24,3.0432
2024,Nov,25,25-Nov-2024,26-Nov-24,3.0442
2024,Nov,26,26-Nov-2024,27-Nov-24,3.0401
2024,Nov,27,27-Nov-2024,28-Nov-24,3.0322
2024,Nov,28,28-Nov-2024,29-Nov-24,3.0218
2024,Nov,29,29-Nov-2024,2-Dec-24,3.0093
2024,Dec,2,2-Dec-2024,3-Dec-24,3
2024,Dec,3,3-Dec-2024,4-Dec-24,2.9947
2024,Dec,4,4-Dec-2024,5-Dec-24,2.9953
2024,Dec,5,5-Dec-2024,6-Dec-24,2.9904
2024,Dec,6,6-Dec-2024,9-Dec-24,2.9824
2024,Dec,9,9-Dec-2024,10-Dec-24,2.9852
2024,Dec,10,10-Dec-2024,11-Dec-24,2.9855
2024,Dec,11,11-Dec-2024,12-Dec-24,2.9836
2024,Dec,12,12-Dec-2024,13-Dec-24,2.9872
2024,Dec,13,13-Dec-2024,16-Dec-24,3.0206
2024,Dec,16,16-Dec-2024,17-Dec-24,3.0289
2024,Dec,17,17-Dec-2024,18-Dec-24,3.0341
2024,Dec,18,18-Dec-2024,19-Dec-24,3.0289
2024,Dec,19,19-Dec-2024,20-Dec-24,3.0266
2024,Dec,20,20-Dec-2024,23-Dec-24,3.0562
2024,Dec,23,23-Dec-2024,24-Dec-24,3.045
2024,Dec,24,24-Dec-2024,26-Dec-24,3.0229
2024,Dec,26,26-Dec-2024,27-Dec-24,3.0112
2024,Dec,27,27-Dec-2024,30-Dec-24,2.98
2024,Dec,30,30-Dec-2024,31-Dec-24,2.9586
2024,Dec,31,31-Dec-2024,2-Jan-25,2.8958
2025,Jan,2,2-Jan-2025,3-Jan-25,2.8818
2025,Jan,3,3-Jan-2025,6-Jan-25,2.8632
2025,Jan,6,6-Jan-2025,7-Jan-25,2.8616
2025,Jan,7,7-Jan-2025,8-Jan-25,2.8583
2025,Jan,8,8-Jan-2025,9-Jan-25,2.8568
2025,Jan,9,9-Jan-2025,10-Jan-25,2.8474
2025,Jan,10,10-Jan-2025,13-Jan-25,2.8456
2025,Jan,13,13-Jan-2025,14-Jan-25,2.8353
2025,Jan,14,14-Jan-2025,15-Jan-25,2.8248
2025,Jan,15,15-Jan-2025,16-Jan-25,2.8106
2025,Jan,16,16-Jan-2025,17-Jan-25,2.7885
2025,Jan,17,17-Jan-2025,20-Jan-25,2.7149
2025,Jan,20,20-Jan-2025,21-Jan-25,2.6833
2025,Jan,21,21-Jan-2025,22-Jan-25,2.6592
2025,Jan,22,22-Jan-2025,23-Jan-25,2.6384
2025,Jan,23,23-Jan-2025,24-Jan-25,2.6469
2025,Jan,24,24-Jan-2025,27-Jan-25,2.6848
2025,Jan,27,27-Jan-2025,28-Jan-25,2.6983
2025,Jan,28,28-Jan-2025,31-Jan-25,2.7613
2025,Jan,31,31-Jan-2025,3-Feb-25,2.7985
2025,Feb,3,3-Feb-2025,4-Feb-25,2.7951
2025,Feb,4,4-Feb-2025,5-Feb-25,2.7906
2025,Feb,5,5-Feb-2025,6-Feb-25,2.7783
2025,Feb,6,6-Feb-2025,7-Feb-25,2.7669
2025,Feb,7,7-Feb-2025,10-Feb-25,2.7357
2025,Feb,10,10-Feb-2025,11-Feb-25,2.7175
2025,Feb,11,11-Feb-2025,12-Feb-25,2.6966
2025,Feb,12,12-Feb-2025,13-Feb-25,2.6772
2025,Feb,13,13-Feb-2025,14-Feb-25,2.6632
2025,Feb,14,14-Feb-2025,17-Feb-25,2.6318
2025,Feb,17,17-Feb-2025,18-Feb-25,2.6338
2025,Feb,18,18-Feb-2025,19-Feb-25,2.6428
2025,Feb,19,19-Feb-2025,20-Feb-25,2.6497
2025,Feb,20,20-Feb-2025,21-Feb-25,2.6565
2025,Feb,21,21-Feb-2025,24-Feb-25,2.6232
2025,Feb,24,24-Feb-2025,25-Feb-25,2.5971
2025,Feb,25,25-Feb-2025,26-Feb-25,2.5759
2025,Feb,26,26-Feb-2025,27-Feb-25,2.5539
2025,Feb,27,27-Feb-2025,28-Feb-25,2.543
2025,Feb,28,28-Feb-2025,3-Mar-25,2.4637
2025,Mar,3,3-Mar-2025,4-Mar-25,2.4524
2025,Mar,4,4-Mar-2025,5-Mar-25,2.4407
2025,Mar,5,5-Mar-2025,6-Mar-25,2.4386
2025,Mar,6,6-Mar-2025,7-Mar-25,2.4335
2025,Mar,7,7-Mar-2025,10-Mar-25,2.3937
2025,Mar,10,10-Mar-2025,11-Mar-25,2.3783