End of Period / SORA Value Date,Month,Day,Date,3-Month US$ SIBOR
1990,Jan,02,02-Jan-1990,8.38
1990,Jan,03,03-Jan-1990,8.38
1990,Jan,04,04-Jan-1990,8.38
1990,Jan,05,05-Jan-1990,8.38
1990,Jan,08,08-Jan-1990,8.31
1990,Jan,09,09-Jan-1990,8.31
1990,Jan,10,10-Jan-1990,8.31
1990,Jan,11,11-Jan-1990,8.31
1990,Jan,12,12-Jan-1990,8.25
1990,Jan,15,15-Jan-1990,8.25
1990,Jan,16,16-Jan-1990,8.25
1990,Jan,17,17-Jan-1990,8.31
1990,Jan,18,18-Jan-1990,8.31
1990,Jan,19,19-Jan-1990,8.44
1990,Jan,22,22-Jan-1990,8.38
1990,Jan,23,23-Jan-1990,8.38
1990,Jan,24,24-Jan-1990,8.44
1990,Jan,25,25-Jan-1990,8.38
1990,Jan,26,26-Jan-1990,8.38
1990,Jan,30,30-Jan-1990,8.44
1990,Jan,31,31-Jan-1990,8.38
1990,Feb,01,01-Feb-1990,8.38
1990,Feb,02,02-Feb-1990,8.38
1990,Feb,05,05-Feb-1990,8.38
1990,Feb,06,06-Feb-1990,8.38
1990,Feb,07,07-Feb-1990,8.38
1990,Feb,08,08-Feb-1990,8.38
1990,Feb,09,09-Feb-1990,8.38
1990,Feb,12,12-Feb-1990,8.38
1990,Feb,13,13-Feb-1990,8.38
1990,Feb,14,14-Feb-1990,8.38
1990,Feb,15,15-Feb-1990,8.31
1990,Feb,16,16-Feb-1990,8.38
1990,Feb,19,19-Feb-1990,8.38
1990,Feb,20,20-Feb-1990,8.38
1990,Feb,21,21-Feb-1990,8.44
1990,Feb,22,22-Feb-1990,8.38
1990,Feb,23,23-Feb-1990,8.38
1990,Feb,26,26-Feb-1990,8.38
1990,Feb,27,27-Feb-1990,8.38
1990,Feb,28,28-Feb-1990,8.38
1990,Mar,01,01-Mar-1990,8.38
1990,Mar,02,02-Mar-1990,8.44
1990,Mar,05,05-Mar-1990,8.44
1990,Mar,06,06-Mar-1990,8.44
1990,Mar,07,07-Mar-1990,8.44
1990,Mar,08,08-Mar-1990,8.44
1990,Mar,09,09-Mar-1990,8.44
1990,Mar,12,12-Mar-1990,8.5
1990,Mar,13,13-Mar-1990,8.5
1990,Mar,14,14-Mar-1990,8.63
1990,Mar,15,15-Mar-1990,8.56
1990,Mar,16,16-Mar-1990,8.56
1990,Mar,19,19-Mar-1990,8.5
1990,Mar,20,20-Mar-1990,8.5
1990,Mar,21,21-Mar-1990,8.5
1990,Mar,22,22-Mar-1990,8.5
1990,Mar,23,23-Mar-1990,8.5
1990,Mar,26,26-Mar-1990,8.5
1990,Mar,27,27-Mar-1990,8.5
1990,Mar,28,28-Mar-1990,8.5
1990,Mar,29,29-Mar-1990,8.5
1990,Mar,30,30-Mar-1990,8.5
1990,Apr,02,02-Apr-1990,8.5
1990,Apr,03,03-Apr-1990,8.56
1990,Apr,04,04-Apr-1990,8.5
1990,Apr,05,05-Apr-1990,8.5
1990,Apr,06,06-Apr-1990,8.5
1990,Apr,09,09-Apr-1990,8.5
1990,Apr,10,10-Apr-1990,8.5
1990,Apr,11,11-Apr-1990,8.5
1990,Apr,12,12-Apr-1990,8.5
1990,Apr,16,16-Apr-1990,8.5
1990,Apr,17,17-Apr-1990,8.5
1990,Apr,18,18-Apr-1990,8.5
1990,Apr,19,19-Apr-1990,8.56
1990,Apr,20,20-Apr-1990,8.56
1990,Apr,23,23-Apr-1990,8.56
1990,Apr,24,24-Apr-1990,8.63
1990,Apr,25,25-Apr-1990,8.63
1990,Apr,27,27-Apr-1990,8.75
1990,Apr,30,30-Apr-1990,8.69
1990,May,02,02-May-1990,8.75
1990,May,03,03-May-1990,8.75
1990,May,04,04-May-1990,8.69
1990,May,07,07-May-1990,8.56
1990,May,08,08-May-1990,8.56
1990,May,10,10-May-1990,8.5
1990,May,11,11-May-1990,8.5
1990,May,14,14-May-1990,8.44
1990,May,15,15-May-1990,8.38
1990,May,16,16-May-1990,8.38
1990,May,17,17-May-1990,8.44
1990,May,18,18-May-1990,8.44
1990,May,21,21-May-1990,8.44
1990,May,22,22-May-1990,8.44
1990,May,23,23-May-1990,8.44
1990,May,24,24-May-1990,8.38
1990,May,25,25-May-1990,8.38
1990,May,28,28-May-1990,8.38
1990,May,29,29-May-1990,8.44
1990,May,30,30-May-1990,8.44
1990,May,31,31-May-1990,8.38
1990,Jun,01,01-Jun-1990,8.38
1990,Jun,04,04-Jun-1990,8.31
1990,Jun,05,05-Jun-1990,8.31
1990,Jun,06,06-Jun-1990,8.31
1990,Jun,07,07-Jun-1990,8.38
1990,Jun,08,08-Jun-1990,8.38
1990,Jun,11,11-Jun-1990,8.31
1990,Jun,12,12-Jun-1990,8.31
1990,Jun,13,13-Jun-1990,8.38
1990,Jun,14,14-Jun-1990,8.31
1990,Jun,15,15-Jun-1990,8.31
1990,Jun,18,18-Jun-1990,8.31
1990,Jun,19,19-Jun-1990,8.31
1990,Jun,20,20-Jun-1990,8.31
1990,Jun,21,21-Jun-1990,8.38
1990,Jun,22,22-Jun-1990,8.38
1990,Jun,25,25-Jun-1990,8.38
1990,Jun,26,26-Jun-1990,8.38
1990,Jun,27,27-Jun-1990,8.44
1990,Jun,28,28-Jun-1990,8.44
1990,Jun,29,29-Jun-1990,8.38
1990,Jul,02,02-Jul-1990,8.38
1990,Jul,04,04-Jul-1990,8.31
1990,Jul,05,05-Jul-1990,8.31
1990,Jul,06,06-Jul-1990,8.31
1990,Jul,09,09-Jul-1990,8.38
1990,Jul,10,10-Jul-1990,8.38
1990,Jul,11,11-Jul-1990,8.38
1990,Jul,12,12-Jul-1990,8.38
1990,Jul,13,13-Jul-1990,8.31
1990,Jul,16,16-Jul-1990,8.19
1990,Jul,17,17-Jul-1990,8.19
1990,Jul,18,18-Jul-1990,8.19
1990,Jul,19,19-Jul-1990,8.19
1990,Jul,20,20-Jul-1990,8.19
1990,Jul,23,23-Jul-1990,8.13
1990,Jul,24,24-Jul-1990,8.13
1990,Jul,25,25-Jul-1990,8.13
1990,Jul,26,26-Jul-1990,8.13
1990,Jul,27,27-Jul-1990,8.13
1990,Jul,30,30-Jul-1990,8.13
1990,Jul,31,31-Jul-1990,8
1990,Aug,01,01-Aug-1990,7.94
1990,Aug,02,02-Aug-1990,7.94
1990,Aug,03,03-Aug-1990,8.06
1990,Aug,06,06-Aug-1990,7.94
1990,Aug,07,07-Aug-1990,8
1990,Aug,08,08-Aug-1990,8.06
1990,Aug,10,10-Aug-1990,8.06
1990,Aug,13,13-Aug-1990,8
1990,Aug,14,14-Aug-1990,8
1990,Aug,15,15-Aug-1990,8
1990,Aug,16,16-Aug-1990,8
1990,Aug,17,17-Aug-1990,8.13
1990,Aug,20,20-Aug-1990,8.19
1990,Aug,21,21-Aug-1990,8.19
1990,Aug,22,22-Aug-1990,8.19
1990,Aug,23,23-Aug-1990,8.25
1990,Aug,24,24-Aug-1990,8.31
1990,Aug,27,27-Aug-1990,8.31
1990,Aug,28,28-Aug-1990,8.19
1990,Aug,29,29-Aug-1990,8.19
1990,Aug,30,30-Aug-1990,8.19
1990,Aug,31,31-Aug-1990,8.13
1990,Sep,03,03-Sep-1990,8.13
1990,Sep,04,04-Sep-1990,8.06
1990,Sep,05,05-Sep-1990,8.13
1990,Sep,06,06-Sep-1990,8.06
1990,Sep,07,07-Sep-1990,8.06
1990,Sep,10,10-Sep-1990,8.13
1990,Sep,11,11-Sep-1990,8.13
1990,Sep,12,12-Sep-1990,8.19
1990,Sep,13,13-Sep-1990,8.13
1990,Sep,14,14-Sep-1990,8.13
1990,Sep,17,17-Sep-1990,8.13
1990,Sep,18,18-Sep-1990,8.13
1990,Sep,19,19-Sep-1990,8.19
1990,Sep,20,20-Sep-1990,8.19
1990,Sep,21,21-Sep-1990,8.25
1990,Sep,24,24-Sep-1990,8.31
1990,Sep,25,25-Sep-1990,8.38
1990,Sep,26,26-Sep-1990,8.5
1990,Sep,27,27-Sep-1990,8.5
1990,Sep,28,28-Sep-1990,8.38
1990,Oct,01,01-Oct-1990,8.25
1990,Oct,02,02-Oct-1990,8.13
1990,Oct,03,03-Oct-1990,8.13
1990,Oct,04,04-Oct-1990,8.13
1990,Oct,05,05-Oct-1990,8.19
1990,Oct,08,08-Oct-1990,8.25
1990,Oct,09,09-Oct-1990,8.25
1990,Oct,10,10-Oct-1990,8.31
1990,Oct,11,11-Oct-1990,8.31
1990,Oct,12,12-Oct-1990,8.31
1990,Oct,15,15-Oct-1990,8.25
1990,Oct,16,16-Oct-1990,8.25
1990,Oct,18,18-Oct-1990,8.25
1990,Oct,19,19-Oct-1990,8.25
1990,Oct,22,22-Oct-1990,8.25
1990,Oct,23,23-Oct-1990,8.19
1990,Oct,24,24-Oct-1990,8.19
1990,Oct,25,25-Oct-1990,8.19
1990,Oct,26,26-Oct-1990,8.13
1990,Oct,29,29-Oct-1990,8.06
1990,Oct,30,30-Oct-1990,8
1990,Oct,31,31-Oct-1990,8.06
1990,Nov,01,01-Nov-1990,8.06
1990,Nov,02,02-Nov-1990,8.06
1990,Nov,05,05-Nov-1990,8.13
1990,Nov,06,06-Nov-1990,8.13
1990,Nov,07,07-Nov-1990,8.13
1990,Nov,08,08-Nov-1990,8.19
1990,Nov,09,09-Nov-1990,8.19
1990,Nov,12,12-Nov-1990,8.19
1990,Nov,13,13-Nov-1990,8.13
1990,Nov,14,14-Nov-1990,8.06
1990,Nov,15,15-Nov-1990,8.06
1990,Nov,16,16-Nov-1990,8.06
1990,Nov,19,19-Nov-1990,8.06
1990,Nov,20,20-Nov-1990,8.06
1990,Nov,21,21-Nov-1990,8.19
1990,Nov,22,22-Nov-1990,8.19
1990,Nov,23,23-Nov-1990,8.19
1990,Nov,26,26-Nov-1990,8.19
1990,Nov,27,27-Nov-1990,8.25
1990,Nov,28,28-Nov-1990,8.44
1990,Nov,29,29-Nov-1990,8.56
1990,Nov,30,30-Nov-1990,8.56
1990,Dec,03,03-Dec-1990,8.38
1990,Dec,04,04-Dec-1990,8.31
1990,Dec,05,05-Dec-1990,8.19
1990,Dec,06,06-Dec-1990,8.06
1990,Dec,07,07-Dec-1990,8.06
1990,Dec,10,10-Dec-1990,7.81
1990,Dec,11,11-Dec-1990,7.81
1990,Dec,12,12-Dec-1990,7.69
1990,Dec,13,13-Dec-1990,7.69
1990,Dec,14,14-Dec-1990,7.81
1990,Dec,17,17-Dec-1990,8
1990,Dec,18,18-Dec-1990,8.06
1990,Dec,19,19-Dec-1990,7.75
1990,Dec,20,20-Dec-1990,7.88
1990,Dec,21,21-Dec-1990,8
1990,Dec,24,24-Dec-1990,8.13
1990,Dec,26,26-Dec-1990,8.25
1990,Dec,27,27-Dec-1990,8.75
1990,Dec,28,28-Dec-1990,7.75
1990,Dec,31,31-Dec-1990,7.69
1991,Jan,02,02-Jan-1991,7.63
1991,Jan,03,03-Jan-1991,7.5
1991,Jan,04,04-Jan-1991,7.44
1991,Jan,07,07-Jan-1991,7.5
1991,Jan,08,08-Jan-1991,7.63
1991,Jan,09,09-Jan-1991,7.5
1991,Jan,10,10-Jan-1991,7.56
1991,Jan,11,11-Jan-1991,7.38
1991,Jan,14,14-Jan-1991,7.5
1991,Jan,15,15-Jan-1991,7.63
1991,Jan,16,16-Jan-1991,7.63
1991,Jan,17,17-Jan-1991,7.69
1991,Jan,18,18-Jan-1991,7.5
1991,Jan,21,21-Jan-1991,7.38
1991,Jan,22,22-Jan-1991,7.25
1991,Jan,23,23-Jan-1991,7.25
1991,Jan,24,24-Jan-1991,7.19
1991,Jan,25,25-Jan-1991,7.13
1991,Jan,28,28-Jan-1991,7.13
1991,Jan,29,29-Jan-1991,7.19
1991,Jan,30,30-Jan-1991,7.19
1991,Jan,31,31-Jan-1991,7.13
1991,Feb,01,01-Feb-1991,7.13
1991,Feb,04,04-Feb-1991,6.75
1991,Feb,05,05-Feb-1991,6.75
1991,Feb,06,06-Feb-1991,6.69
1991,Feb,07,07-Feb-1991,6.69
1991,Feb,08,08-Feb-1991,6.69
1991,Feb,11,11-Feb-1991,6.69
1991,Feb,12,12-Feb-1991,6.63
1991,Feb,13,13-Feb-1991,6.63
1991,Feb,14,14-Feb-1991,6.63
1991,Feb,18,18-Feb-1991,6.69
1991,Feb,19,19-Feb-1991,6.69
1991,Feb,20,20-Feb-1991,6.69
1991,Feb,21,21-Feb-1991,6.69
1991,Feb,22,22-Feb-1991,6.75
1991,Feb,25,25-Feb-1991,6.81
1991,Feb,26,26-Feb-1991,6.94
1991,Feb,27,27-Feb-1991,6.94
1991,Feb,28,28-Feb-1991,6.88
1991,Mar,01,01-Mar-1991,6.94
1991,Mar,04,04-Mar-1991,7
1991,Mar,05,05-Mar-1991,6.94
1991,Mar,06,06-Mar-1991,6.88
1991,Mar,07,07-Mar-1991,6.88
1991,Mar,08,08-Mar-1991,6.81
1991,Mar,11,11-Mar-1991,6.63
1991,Mar,12,12-Mar-1991,6.56
1991,Mar,13,13-Mar-1991,6.5
1991,Mar,14,14-Mar-1991,6.5
1991,Mar,15,15-Mar-1991,6.44
1991,Mar,18,18-Mar-1991,6.38
1991,Mar,19,19-Mar-1991,6.44
1991,Mar,20,20-Mar-1991,6.56
1991,Mar,21,21-Mar-1991,6.56
1991,Mar,22,22-Mar-1991,6.5
1991,Mar,25,25-Mar-1991,6.5
1991,Mar,26,26-Mar-1991,6.5
1991,Mar,27,27-Mar-1991,6.5
1991,Mar,28,28-Mar-1991,6.44
1991,Apr,01,01-Apr-1991,6.38
1991,Apr,02,02-Apr-1991,6.44
1991,Apr,03,03-Apr-1991,6.44
1991,Apr,04,04-Apr-1991,6.38
1991,Apr,05,05-Apr-1991,6.38
1991,Apr,08,08-Apr-1991,6.25
1991,Apr,09,09-Apr-1991,6.19
1991,Apr,10,10-Apr-1991,6.19
1991,Apr,11,11-Apr-1991,6.19
1991,Apr,12,12-Apr-1991,6.19
1991,Apr,15,15-Apr-1991,6.13
1991,Apr,17,17-Apr-1991,6.25
1991,Apr,18,18-Apr-1991,6.19
1991,Apr,19,19-Apr-1991,6.25
1991,Apr,22,22-Apr-1991,6.25
1991,Apr,23,23-Apr-1991,6.31
1991,Apr,24,24-Apr-1991,6.25
1991,Apr,25,25-Apr-1991,6.25
1991,Apr,26,26-Apr-1991,6.19
1991,Apr,29,29-Apr-1991,6.19
1991,Apr,30,30-Apr-1991,6.19
1991,May,02,02-May-1991,6.06
1991,May,03,03-May-1991,6.06
1991,May,06,06-May-1991,6.06
1991,May,07,07-May-1991,6.06
1991,May,08,08-May-1991,6.06
1991,May,09,09-May-1991,6.06
1991,May,10,10-May-1991,6.06
1991,May,13,13-May-1991,6.06
1991,May,14,14-May-1991,6.06
1991,May,15,15-May-1991,6.06
1991,May,16,16-May-1991,6.06
1991,May,17,17-May-1991,6.06
1991,May,20,20-May-1991,6.06
1991,May,21,21-May-1991,6.06
1991,May,22,22-May-1991,6.06
1991,May,23,23-May-1991,6.06
1991,May,24,24-May-1991,6.06
1991,May,27,27-May-1991,6.06
1991,May,29,29-May-1991,6.06
1991,May,30,30-May-1991,6.06
1991,May,31,31-May-1991,6.06
1991,Jun,03,03-Jun-1991,6.06
1991,Jun,04,04-Jun-1991,6.13
1991,Jun,05,05-Jun-1991,6.19
1991,Jun,06,06-Jun-1991,6.25
1991,Jun,07,07-Jun-1991,6.19
1991,Jun,10,10-Jun-1991,6.25
1991,Jun,11,11-Jun-1991,6.25
1991,Jun,12,12-Jun-1991,6.25
1991,Jun,13,13-Jun-1991,6.25
1991,Jun,14,14-Jun-1991,6.25
1991,Jun,17,17-Jun-1991,6.19
1991,Jun,18,18-Jun-1991,6.19
1991,Jun,19,19-Jun-1991,6.19
1991,Jun,20,20-Jun-1991,6.19
1991,Jun,21,21-Jun-1991,6.25
1991,Jun,25,25-Jun-1991,6.19
1991,Jun,26,26-Jun-1991,6.25
1991,Jun,27,27-Jun-1991,6.25
1991,Jun,28,28-Jun-1991,6.25
1991,Jul,01,01-Jul-1991,6.25
1991,Jul,02,02-Jul-1991,6.25
1991,Jul,03,03-Jul-1991,6.25
1991,Jul,04,04-Jul-1991,6.19
1991,Jul,05,05-Jul-1991,6.19
1991,Jul,08,08-Jul-1991,6.19
1991,Jul,09,09-Jul-1991,6.25
1991,Jul,10,10-Jul-1991,6.25
1991,Jul,11,11-Jul-1991,6.19
1991,Jul,12,12-Jul-1991,6.19
1991,Jul,15,15-Jul-1991,6.19
1991,Jul,16,16-Jul-1991,6.19
1991,Jul,17,17-Jul-1991,6.13
1991,Jul,18,18-Jul-1991,6.19
1991,Jul,19,19-Jul-1991,6.19
1991,Jul,22,22-Jul-1991,6.13
1991,Jul,23,23-Jul-1991,6.13
1991,Jul,24,24-Jul-1991,6.13
1991,Jul,25,25-Jul-1991,6.13
1991,Jul,26,26-Jul-1991,6.13
1991,Jul,29,29-Jul-1991,6.13
1991,Jul,30,30-Jul-1991,6.13
1991,Jul,31,31-Jul-1991,6.13
1991,Aug,01,01-Aug-1991,6.06
1991,Aug,02,02-Aug-1991,6.06
1991,Aug,05,05-Aug-1991,5.94
1991,Aug,06,06-Aug-1991,5.94
1991,Aug,07,07-Aug-1991,5.81
1991,Aug,08,08-Aug-1991,5.69
1991,Aug,12,12-Aug-1991,5.75
1991,Aug,13,13-Aug-1991,5.75
1991,Aug,14,14-Aug-1991,5.81
1991,Aug,15,15-Aug-1991,5.75
1991,Aug,16,16-Aug-1991,5.75
1991,Aug,19,19-Aug-1991,5.75
1991,Aug,20,20-Aug-1991,5.75
1991,Aug,21,21-Aug-1991,5.69
1991,Aug,22,22-Aug-1991,5.69
1991,Aug,23,23-Aug-1991,5.69
1991,Aug,26,26-Aug-1991,5.75
1991,Aug,27,27-Aug-1991,5.75
1991,Aug,28,28-Aug-1991,5.81
1991,Aug,29,29-Aug-1991,5.75
1991,Aug,30,30-Aug-1991,5.69
1991,Sep,02,02-Sep-1991,5.75
1991,Sep,03,03-Sep-1991,5.75
1991,Sep,04,04-Sep-1991,5.75
1991,Sep,05,05-Sep-1991,5.75
1991,Sep,06,06-Sep-1991,5.75
1991,Sep,09,09-Sep-1991,5.69
1991,Sep,10,10-Sep-1991,5.69
1991,Sep,11,11-Sep-1991,5.63
1991,Sep,12,12-Sep-1991,5.63
1991,Sep,13,13-Sep-1991,5.56
1991,Sep,16,16-Sep-1991,5.5
1991,Sep,17,17-Sep-1991,5.5
1991,Sep,18,18-Sep-1991,5.56
1991,Sep,19,19-Sep-1991,5.56
1991,Sep,20,20-Sep-1991,5.56
1991,Sep,23,23-Sep-1991,5.56
1991,Sep,24,24-Sep-1991,5.56
1991,Sep,25,25-Sep-1991,5.56
1991,Sep,26,26-Sep-1991,5.5
1991,Sep,27,27-Sep-1991,5.69
1991,Sep,30,30-Sep-1991,5.69
1991,Oct,01,01-Oct-1991,5.63
1991,Oct,02,02-Oct-1991,5.63
1991,Oct,03,03-Oct-1991,5.56
1991,Oct,04,04-Oct-1991,5.56
1991,Oct,07,07-Oct-1991,5.5
1991,Oct,08,08-Oct-1991,5.44
1991,Oct,09,09-Oct-1991,5.44
1991,Oct,10,10-Oct-1991,5.5
1991,Oct,11,11-Oct-1991,5.5
1991,Oct,14,14-Oct-1991,5.44
1991,Oct,15,15-Oct-1991,5.44
1991,Oct,16,16-Oct-1991,5.44
1991,Oct,17,17-Oct-1991,5.44
1991,Oct,18,18-Oct-1991,5.56
1991,Oct,21,21-Oct-1991,5.5
1991,Oct,22,22-Oct-1991,5.5
1991,Oct,23,23-Oct-1991,5.38
1991,Oct,24,24-Oct-1991,5.5
1991,Oct,25,25-Oct-1991,5.5
1991,Oct,28,28-Oct-1991,5.5
1991,Oct,29,29-Oct-1991,5.5
1991,Oct,30,30-Oct-1991,5.38
1991,Oct,31,31-Oct-1991,5.31
1991,Nov,01,01-Nov-1991,5.25
1991,Nov,04,04-Nov-1991,5.19
1991,Nov,06,06-Nov-1991,5.19
1991,Nov,07,07-Nov-1991,5.13
1991,Nov,08,08-Nov-1991,5.06
1991,Nov,11,11-Nov-1991,5.06
1991,Nov,12,12-Nov-1991,5.06
1991,Nov,13,13-Nov-1991,5.06
1991,Nov,14,14-Nov-1991,5.13
1991,Nov,15,15-Nov-1991,5.13
1991,Nov,18,18-Nov-1991,5.13
1991,Nov,19,19-Nov-1991,5.06
1991,Nov,20,20-Nov-1991,5.06
1991,Nov,21,21-Nov-1991,5.06
1991,Nov,22,22-Nov-1991,5
1991,Nov,25,25-Nov-1991,5
1991,Nov,26,26-Nov-1991,5
1991,Nov,27,27-Nov-1991,5
1991,Nov,28,28-Nov-1991,5
1991,Nov,29,29-Nov-1991,5
1991,Dec,02,02-Dec-1991,5
1991,Dec,03,03-Dec-1991,5
1991,Dec,04,04-Dec-1991,5
1991,Dec,05,05-Dec-1991,4.88
1991,Dec,06,06-Dec-1991,4.81
1991,Dec,09,09-Dec-1991,4.69
1991,Dec,10,10-Dec-1991,4.63
1991,Dec,11,11-Dec-1991,4.63
1991,Dec,12,12-Dec-1991,4.56
1991,Dec,13,13-Dec-1991,4.63
1991,Dec,16,16-Dec-1991,4.56
1991,Dec,17,17-Dec-1991,4.56
1991,Dec,18,18-Dec-1991,4.56
1991,Dec,19,19-Dec-1991,4.63
1991,Dec,20,20-Dec-1991,4.63
1991,Dec,23,23-Dec-1991,4.38
1991,Dec,24,24-Dec-1991,4.56
1991,Dec,26,26-Dec-1991,4.75
1991,Dec,27,27-Dec-1991,4.63
1991,Dec,30,30-Dec-1991,4.31
1991,Dec,31,31-Dec-1991,4.25
1992,Jan,02,02-Jan-1992,4.25
1992,Jan,03,03-Jan-1992,4.19
1992,Jan,06,06-Jan-1992,4.19
1992,Jan,07,07-Jan-1992,4.19
1992,Jan,08,08-Jan-1992,4.13
1992,Jan,09,09-Jan-1992,4.06
1992,Jan,10,10-Jan-1992,4.06
1992,Jan,13,13-Jan-1992,4.13
1992,Jan,14,14-Jan-1992,4.19
1992,Jan,15,15-Jan-1992,4.25
1992,Jan,16,16-Jan-1992,4.25
1992,Jan,17,17-Jan-1992,4.25
1992,Jan,20,20-Jan-1992,4.19
1992,Jan,21,21-Jan-1992,4.19
1992,Jan,22,22-Jan-1992,4.19
1992,Jan,23,23-Jan-1992,4.19
1992,Jan,24,24-Jan-1992,4.25
1992,Jan,27,27-Jan-1992,4.25
1992,Jan,28,28-Jan-1992,4.19
1992,Jan,29,29-Jan-1992,4.19
1992,Jan,30,30-Jan-1992,4.25
1992,Jan,31,31-Jan-1992,4.19
1992,Feb,03,03-Feb-1992,4.19
1992,Feb,06,06-Feb-1992,4.13
1992,Feb,07,07-Feb-1992,4.13
1992,Feb,10,10-Feb-1992,4.06
1992,Feb,11,11-Feb-1992,4.06
1992,Feb,12,12-Feb-1992,4.06
1992,Feb,13,13-Feb-1992,4.06
1992,Feb,14,14-Feb-1992,4.25
1992,Feb,17,17-Feb-1992,4.19
1992,Feb,18,18-Feb-1992,4.19
1992,Feb,19,19-Feb-1992,4.19
1992,Feb,20,20-Feb-1992,4.25
1992,Feb,21,21-Feb-1992,4.25
1992,Feb,24,24-Feb-1992,4.38
1992,Feb,25,25-Feb-1992,4.38
1992,Feb,26,26-Feb-1992,4.31
1992,Feb,27,27-Feb-1992,4.31
1992,Feb,28,28-Feb-1992,4.25
1992,Mar,02,02-Mar-1992,4.31
1992,Mar,03,03-Mar-1992,4.38
1992,Mar,04,04-Mar-1992,4.38
1992,Mar,05,05-Mar-1992,4.38
1992,Mar,06,06-Mar-1992,4.38
1992,Mar,09,09-Mar-1992,4.38
1992,Mar,10,10-Mar-1992,4.38
1992,Mar,11,11-Mar-1992,4.38
1992,Mar,12,12-Mar-1992,4.38
1992,Mar,13,13-Mar-1992,4.44
1992,Mar,16,16-Mar-1992,4.44
1992,Mar,17,17-Mar-1992,4.44
1992,Mar,18,18-Mar-1992,4.44
1992,Mar,19,19-Mar-1992,4.44
1992,Mar,20,20-Mar-1992,4.44
1992,Mar,23,23-Mar-1992,4.44
1992,Mar,24,24-Mar-1992,4.44
1992,Mar,25,25-Mar-1992,4.44
1992,Mar,26,26-Mar-1992,4.38
1992,Mar,27,27-Mar-1992,4.38
1992,Mar,30,30-Mar-1992,4.38
1992,Mar,31,31-Mar-1992,4.38
1992,Apr,01,01-Apr-1992,4.38
1992,Apr,02,02-Apr-1992,4.31
1992,Apr,03,03-Apr-1992,4.31
1992,Apr,07,07-Apr-1992,4.31
1992,Apr,08,08-Apr-1992,4.25
1992,Apr,09,09-Apr-1992,4.25
1992,Apr,10,10-Apr-1992,4.13
1992,Apr,13,13-Apr-1992,4.13
1992,Apr,14,14-Apr-1992,4.13
1992,Apr,15,15-Apr-1992,4.13
1992,Apr,16,16-Apr-1992,4.13
1992,Apr,20,20-Apr-1992,4.13
1992,Apr,21,21-Apr-1992,4.19
1992,Apr,22,22-Apr-1992,4.19
1992,Apr,23,23-Apr-1992,4.19
1992,Apr,24,24-Apr-1992,4.19
1992,Apr,27,27-Apr-1992,4.13
1992,Apr,28,28-Apr-1992,4.13
1992,Apr,29,29-Apr-1992,4.13
1992,Apr,30,30-Apr-1992,4.13
1992,May,04,04-May-1992,4.13
1992,May,05,05-May-1992,4.13
1992,May,06,06-May-1992,4.06
1992,May,07,07-May-1992,4.06
1992,May,08,08-May-1992,4
1992,May,11,11-May-1992,4
1992,May,12,12-May-1992,4
1992,May,13,13-May-1992,3.94
1992,May,14,14-May-1992,3.94
1992,May,15,15-May-1992,3.94
1992,May,19,19-May-1992,3.94
1992,May,20,20-May-1992,3.94
1992,May,21,21-May-1992,3.88
1992,May,22,22-May-1992,4
1992,May,25,25-May-1992,4
1992,May,26,26-May-1992,4
1992,May,27,27-May-1992,4.06
1992,May,28,28-May-1992,4.13
1992,May,29,29-May-1992,4.13
1992,Jun,01,01-Jun-1992,4.06
1992,Jun,02,02-Jun-1992,4.13
1992,Jun,03,03-Jun-1992,4.13
1992,Jun,04,04-Jun-1992,4.06
1992,Jun,05,05-Jun-1992,4.06
1992,Jun,08,08-Jun-1992,4.06
1992,Jun,09,09-Jun-1992,4.06
1992,Jun,10,10-Jun-1992,4.06
1992,Jun,12,12-Jun-1992,4.06
1992,Jun,15,15-Jun-1992,4
1992,Jun,16,16-Jun-1992,4
1992,Jun,17,17-Jun-1992,4
1992,Jun,18,18-Jun-1992,4
1992,Jun,19,19-Jun-1992,4
1992,Jun,22,22-Jun-1992,4
1992,Jun,23,23-Jun-1992,4
1992,Jun,24,24-Jun-1992,4.06
1992,Jun,25,25-Jun-1992,4
1992,Jun,26,26-Jun-1992,4
1992,Jun,29,29-Jun-1992,4
1992,Jun,30,30-Jun-1992,4
1992,Jul,01,01-Jul-1992,4
1992,Jul,02,02-Jul-1992,3.94
1992,Jul,03,03-Jul-1992,3.63
1992,Jul,06,06-Jul-1992,3.63
1992,Jul,07,07-Jul-1992,3.63
1992,Jul,08,08-Jul-1992,3.5
1992,Jul,09,09-Jul-1992,3.5
1992,Jul,10,10-Jul-1992,3.5
1992,Jul,13,13-Jul-1992,3.5
1992,Jul,14,14-Jul-1992,3.5
1992,Jul,15,15-Jul-1992,3.5
1992,Jul,16,16-Jul-1992,3.5
1992,Jul,17,17-Jul-1992,3.5
1992,Jul,20,20-Jul-1992,3.5
1992,Jul,21,21-Jul-1992,3.5
1992,Jul,22,22-Jul-1992,3.5
1992,Jul,23,23-Jul-1992,3.5
1992,Jul,24,24-Jul-1992,3.5
1992,Jul,27,27-Jul-1992,3.5
1992,Jul,28,28-Jul-1992,3.5
1992,Jul,29,29-Jul-1992,3.5
1992,Jul,30,30-Jul-1992,3.5
1992,Jul,31,31-Jul-1992,3.5
1992,Aug,03,03-Aug-1992,3.5
1992,Aug,04,04-Aug-1992,3.5
1992,Aug,05,05-Aug-1992,3.5
1992,Aug,06,06-Aug-1992,3.5
1992,Aug,07,07-Aug-1992,3.44
1992,Aug,11,11-Aug-1992,3.44
1992,Aug,12,12-Aug-1992,3.44
1992,Aug,13,13-Aug-1992,3.44
1992,Aug,14,14-Aug-1992,3.44
1992,Aug,17,17-Aug-1992,3.44
1992,Aug,18,18-Aug-1992,3.44
1992,Aug,19,19-Aug-1992,3.5
1992,Aug,20,20-Aug-1992,3.5
1992,Aug,21,21-Aug-1992,3.5
1992,Aug,24,24-Aug-1992,3.5
1992,Aug,25,25-Aug-1992,3.5
1992,Aug,26,26-Aug-1992,3.5
1992,Aug,27,27-Aug-1992,3.56
1992,Aug,28,28-Aug-1992,3.56
1992,Aug,31,31-Aug-1992,3.56
1992,Sep,01,01-Sep-1992,3.56
1992,Sep,02,02-Sep-1992,3.56
1992,Sep,03,03-Sep-1992,3.56
1992,Sep,04,04-Sep-1992,3.5
1992,Sep,07,07-Sep-1992,3.25
1992,Sep,08,08-Sep-1992,3.25
1992,Sep,09,09-Sep-1992,3.25
1992,Sep,10,10-Sep-1992,3.19
1992,Sep,11,11-Sep-1992,3.25
1992,Sep,14,14-Sep-1992,3.19
1992,Sep,15,15-Sep-1992,3.19
1992,Sep,16,16-Sep-1992,3.19
1992,Sep,17,17-Sep-1992,3.25
1992,Sep,18,18-Sep-1992,3.25
1992,Sep,21,21-Sep-1992,3.25
1992,Sep,22,22-Sep-1992,3.25
1992,Sep,23,23-Sep-1992,3.31
1992,Sep,24,24-Sep-1992,3.38
1992,Sep,25,25-Sep-1992,3.44
1992,Sep,28,28-Sep-1992,3.31
1992,Sep,29,29-Sep-1992,3.38
1992,Sep,30,30-Sep-1992,3.31
1992,Oct,01,01-Oct-1992,3.31
1992,Oct,02,02-Oct-1992,3.19
1992,Oct,05,05-Oct-1992,3.19
1992,Oct,06,06-Oct-1992,3.19
1992,Oct,07,07-Oct-1992,3.25
1992,Oct,08,08-Oct-1992,3.31
1992,Oct,09,09-Oct-1992,3.31
1992,Oct,12,12-Oct-1992,3.38
1992,Oct,13,13-Oct-1992,3.38
1992,Oct,14,14-Oct-1992,3.44
1992,Oct,15,15-Oct-1992,3.5
1992,Oct,16,16-Oct-1992,3.44
1992,Oct,19,19-Oct-1992,3.44
1992,Oct,20,20-Oct-1992,3.56
1992,Oct,21,21-Oct-1992,3.69
1992,Oct,22,22-Oct-1992,3.56
1992,Oct,23,23-Oct-1992,3.56
1992,Oct,27,27-Oct-1992,3.69
1992,Oct,28,28-Oct-1992,3.69
1992,Oct,29,29-Oct-1992,3.63
1992,Oct,30,30-Oct-1992,3.63
1992,Nov,02,02-Nov-1992,3.63
1992,Nov,03,03-Nov-1992,3.69
1992,Nov,04,04-Nov-1992,3.69
1992,Nov,05,05-Nov-1992,3.63
1992,Nov,06,06-Nov-1992,3.63
1992,Nov,09,09-Nov-1992,3.69
1992,Nov,10,10-Nov-1992,3.81
1992,Nov,11,11-Nov-1992,3.75
1992,Nov,12,12-Nov-1992,3.75
1992,Nov,13,13-Nov-1992,3.81
1992,Nov,16,16-Nov-1992,3.81
1992,Nov,17,17-Nov-1992,4
1992,Nov,18,18-Nov-1992,4
1992,Nov,19,19-Nov-1992,3.94
1992,Nov,20,20-Nov-1992,3.88
1992,Nov,23,23-Nov-1992,4
1992,Nov,24,24-Nov-1992,3.94
1992,Nov,25,25-Nov-1992,3.94
1992,Nov,26,26-Nov-1992,3.94
1992,Nov,27,27-Nov-1992,4
1992,Nov,30,30-Nov-1992,4.06
1992,Dec,01,01-Dec-1992,4.06
1992,Dec,02,02-Dec-1992,4
1992,Dec,03,03-Dec-1992,3.94
1992,Dec,04,04-Dec-1992,3.88
1992,Dec,07,07-Dec-1992,3.94
1992,Dec,08,08-Dec-1992,3.88
1992,Dec,09,09-Dec-1992,3.75
1992,Dec,10,10-Dec-1992,3.75
1992,Dec,11,11-Dec-1992,3.69
1992,Dec,14,14-Dec-1992,3.69
1992,Dec,15,15-Dec-1992,3.69
1992,Dec,16,16-Dec-1992,3.69
1992,Dec,17,17-Dec-1992,3.69
1992,Dec,18,18-Dec-1992,3.63
1992,Dec,21,21-Dec-1992,3.63
1992,Dec,22,22-Dec-1992,3.56
1992,Dec,23,23-Dec-1992,3.56
1992,Dec,24,24-Dec-1992,3.56
1992,Dec,28,28-Dec-1992,3.69
1992,Dec,29,29-Dec-1992,3.69
1992,Dec,30,30-Dec-1992,3.63
1992,Dec,31,31-Dec-1992,3.5
1993,Jan,04,04-Jan-1993,3.5
1993,Jan,05,05-Jan-1993,3.5
1993,Jan,06,06-Jan-1993,3.5
1993,Jan,07,07-Jan-1993,3.44
1993,Jan,08,08-Jan-1993,3.5
1993,Jan,11,11-Jan-1993,3.44
1993,Jan,12,12-Jan-1993,3.44
1993,Jan,13,13-Jan-1993,3.44
1993,Jan,14,14-Jan-1993,3.44
1993,Jan,15,15-Jan-1993,3.38
1993,Jan,18,18-Jan-1993,3.38
1993,Jan,19,19-Jan-1993,3.38
1993,Jan,20,20-Jan-1993,3.38
1993,Jan,21,21-Jan-1993,3.38
1993,Jan,22,22-Jan-1993,3.38
1993,Jan,26,26-Jan-1993,3.38
1993,Jan,27,27-Jan-1993,3.38
1993,Jan,28,28-Jan-1993,3.38
1993,Jan,29,29-Jan-1993,3.31
1993,Feb,01,01-Feb-1993,3.38
1993,Feb,02,02-Feb-1993,3.31
1993,Feb,03,03-Feb-1993,3.38
1993,Feb,04,04-Feb-1993,3.38
1993,Feb,05,05-Feb-1993,3.38
1993,Feb,08,08-Feb-1993,3.31
1993,Feb,09,09-Feb-1993,3.31
1993,Feb,10,10-Feb-1993,3.31
1993,Feb,11,11-Feb-1993,3.31
1993,Feb,12,12-Feb-1993,3.31
1993,Feb,15,15-Feb-1993,3.31
1993,Feb,16,16-Feb-1993,3.31
1993,Feb,17,17-Feb-1993,3.31
1993,Feb,18,18-Feb-1993,3.31
1993,Feb,19,19-Feb-1993,3.25
1993,Feb,22,22-Feb-1993,3.25
1993,Feb,23,23-Feb-1993,3.31
1993,Feb,24,24-Feb-1993,3.25
1993,Feb,25,25-Feb-1993,3.25
1993,Feb,26,26-Feb-1993,3.31
1993,Mar,01,01-Mar-1993,3.31
1993,Mar,02,02-Mar-1993,3.38
1993,Mar,03,03-Mar-1993,3.31
1993,Mar,04,04-Mar-1993,3.31
1993,Mar,05,05-Mar-1993,3.31
1993,Mar,08,08-Mar-1993,3.31
1993,Mar,09,09-Mar-1993,3.31
1993,Mar,10,10-Mar-1993,3.31
1993,Mar,11,11-Mar-1993,3.31
1993,Mar,12,12-Mar-1993,3.31
1993,Mar,15,15-Mar-1993,3.31
1993,Mar,16,16-Mar-1993,3.31
1993,Mar,17,17-Mar-1993,3.31
1993,Mar,18,18-Mar-1993,3.31
1993,Mar,19,19-Mar-1993,3.31
1993,Mar,22,22-Mar-1993,3.31
1993,Mar,23,23-Mar-1993,3.31
1993,Mar,24,24-Mar-1993,3.25
1993,Mar,26,26-Mar-1993,3.25
1993,Mar,29,29-Mar-1993,3.31
1993,Mar,30,30-Mar-1993,3.31
1993,Mar,31,31-Mar-1993,3.31
1993,Apr,01,01-Apr-1993,3.25
1993,Apr,02,02-Apr-1993,3.25
1993,Apr,05,05-Apr-1993,3.25
1993,Apr,06,06-Apr-1993,3.25
1993,Apr,07,07-Apr-1993,3.25
1993,Apr,08,08-Apr-1993,3.25
1993,Apr,12,12-Apr-1993,3.25
1993,Apr,13,13-Apr-1993,3.25
1993,Apr,14,14-Apr-1993,3.25
1993,Apr,15,15-Apr-1993,3.25
1993,Apr,16,16-Apr-1993,3.25
1993,Apr,19,19-Apr-1993,3.25
1993,Apr,20,20-Apr-1993,3.25
1993,Apr,21,21-Apr-1993,3.25
1993,Apr,22,22-Apr-1993,3.19
1993,Apr,23,23-Apr-1993,3.25
1993,Apr,26,26-Apr-1993,3.25
1993,Apr,27,27-Apr-1993,3.25
1993,Apr,28,28-Apr-1993,3.25
1993,Apr,29,29-Apr-1993,3.25
1993,Apr,30,30-Apr-1993,3.25
1993,May,03,03-May-1993,3.25
1993,May,04,04-May-1993,3.25
1993,May,05,05-May-1993,3.19
1993,May,07,07-May-1993,3.19
1993,May,10,10-May-1993,3.19
1993,May,11,11-May-1993,3.19
1993,May,12,12-May-1993,3.19
1993,May,13,13-May-1993,3.19
1993,May,14,14-May-1993,3.25
1993,May,17,17-May-1993,3.25
1993,May,18,18-May-1993,3.25
1993,May,19,19-May-1993,3.31
1993,May,20,20-May-1993,3.25
1993,May,21,21-May-1993,3.25
1993,May,24,24-May-1993,3.25
1993,May,25,25-May-1993,3.31
1993,May,26,26-May-1993,3.31
1993,May,27,27-May-1993,3.31
1993,May,28,28-May-1993,3.44
1993,May,31,31-May-1993,3.38
1993,Jun,02,02-Jun-1993,3.38
1993,Jun,03,03-Jun-1993,3.31
1993,Jun,04,04-Jun-1993,3.31
1993,Jun,07,07-Jun-1993,3.44
1993,Jun,08,08-Jun-1993,3.38
1993,Jun,09,09-Jun-1993,3.38
1993,Jun,10,10-Jun-1993,3.38
1993,Jun,11,11-Jun-1993,3.44
1993,Jun,14,14-Jun-1993,3.38
1993,Jun,15,15-Jun-1993,3.31
1993,Jun,16,16-Jun-1993,3.31
1993,Jun,17,17-Jun-1993,3.31
1993,Jun,18,18-Jun-1993,3.31
1993,Jun,21,21-Jun-1993,3.31
1993,Jun,22,22-Jun-1993,3.31
1993,Jun,23,23-Jun-1993,3.31
1993,Jun,24,24-Jun-1993,3.38
1993,Jun,25,25-Jun-1993,3.38
1993,Jun,28,28-Jun-1993,3.38
1993,Jun,29,29-Jun-1993,3.44
1993,Jun,30,30-Jun-1993,3.31
1993,Jul,01,01-Jul-1993,3.38
1993,Jul,02,02-Jul-1993,3.31
1993,Jul,05,05-Jul-1993,3.31
1993,Jul,06,06-Jul-1993,3.31
1993,Jul,07,07-Jul-1993,3.31
1993,Jul,08,08-Jul-1993,3.31
1993,Jul,09,09-Jul-1993,3.31
1993,Jul,12,12-Jul-1993,3.31
1993,Jul,13,13-Jul-1993,3.31
1993,Jul,14,14-Jul-1993,3.31
1993,Jul,15,15-Jul-1993,3.31
1993,Jul,16,16-Jul-1993,3.31
1993,Jul,19,19-Jul-1993,3.19
1993,Jul,20,20-Jul-1993,3.25
1993,Jul,21,21-Jul-1993,3.31
1993,Jul,22,22-Jul-1993,3.31
1993,Jul,23,23-Jul-1993,3.31
1993,Jul,26,26-Jul-1993,3.31
1993,Jul,27,27-Jul-1993,3.31
1993,Jul,28,28-Jul-1993,3.31
1993,Jul,29,29-Jul-1993,3.31
1993,Jul,30,30-Jul-1993,3.31
1993,Aug,02,02-Aug-1993,3.31
1993,Aug,03,03-Aug-1993,3.31
1993,Aug,04,04-Aug-1993,3.31
1993,Aug,05,05-Aug-1993,3.31
1993,Aug,06,06-Aug-1993,3.31
1993,Aug,10,10-Aug-1993,3.31
1993,Aug,11,11-Aug-1993,3.25
1993,Aug,12,12-Aug-1993,3.25
1993,Aug,13,13-Aug-1993,3.25
1993,Aug,16,16-Aug-1993,3.25
1993,Aug,17,17-Aug-1993,3.25
1993,Aug,18,18-Aug-1993,3.25
1993,Aug,19,19-Aug-1993,3.25
1993,Aug,20,20-Aug-1993,3.25
1993,Aug,23,23-Aug-1993,3.25
1993,Aug,24,24-Aug-1993,3.25
1993,Aug,25,25-Aug-1993,3.25
1993,Aug,26,26-Aug-1993,3.25
1993,Aug,27,27-Aug-1993,3.25
1993,Aug,30,30-Aug-1993,3.25
1993,Aug,31,31-Aug-1993,3.25
1993,Sep,01,01-Sep-1993,3.25
1993,Sep,02,02-Sep-1993,3.25
1993,Sep,03,03-Sep-1993,3.25
1993,Sep,06,06-Sep-1993,3.19
1993,Sep,07,07-Sep-1993,3.19
1993,Sep,08,08-Sep-1993,3.31
1993,Sep,09,09-Sep-1993,3.19
1993,Sep,10,10-Sep-1993,3.19
1993,Sep,13,13-Sep-1993,3.19
1993,Sep,14,14-Sep-1993,3.19
1993,Sep,15,15-Sep-1993,3.19
1993,Sep,16,16-Sep-1993,3.19
1993,Sep,17,17-Sep-1993,3.19
1993,Sep,20,20-Sep-1993,3.19
1993,Sep,21,21-Sep-1993,3.19
1993,Sep,22,22-Sep-1993,3.19
1993,Sep,23,23-Sep-1993,3.19
1993,Sep,24,24-Sep-1993,3.19
1993,Sep,27,27-Sep-1993,3.19
1993,Sep,28,28-Sep-1993,3.19
1993,Sep,29,29-Sep-1993,3.38
1993,Sep,30,30-Sep-1993,3.38
1993,Oct,01,01-Oct-1993,3.38
1993,Oct,04,04-Oct-1993,3.38
1993,Oct,05,05-Oct-1993,3.38
1993,Oct,06,06-Oct-1993,3.38
1993,Oct,07,07-Oct-1993,3.38
1993,Oct,08,08-Oct-1993,3.38
1993,Oct,11,11-Oct-1993,3.38
1993,Oct,12,12-Oct-1993,3.38
1993,Oct,13,13-Oct-1993,3.38
1993,Oct,14,14-Oct-1993,3.38
1993,Oct,15,15-Oct-1993,3.38
1993,Oct,18,18-Oct-1993,3.38
1993,Oct,19,19-Oct-1993,3.38
1993,Oct,20,20-Oct-1993,3.38
1993,Oct,21,21-Oct-1993,3.38
1993,Oct,22,22-Oct-1993,3.38
1993,Oct,25,25-Oct-1993,3.38
1993,Oct,26,26-Oct-1993,3.44
1993,Oct,27,27-Oct-1993,3.44
1993,Oct,28,28-Oct-1993,3.44
1993,Oct,29,29-Oct-1993,3.5
1993,Nov,01,01-Nov-1993,3.44
1993,Nov,02,02-Nov-1993,3.5
1993,Nov,03,03-Nov-1993,3.56
1993,Nov,04,04-Nov-1993,3.5
1993,Nov,05,05-Nov-1993,3.5
1993,Nov,08,08-Nov-1993,3.5
1993,Nov,09,09-Nov-1993,3.56
1993,Nov,10,10-Nov-1993,3.5
1993,Nov,11,11-Nov-1993,3.5
1993,Nov,12,12-Nov-1993,3.5
1993,Nov,15,15-Nov-1993,3.5
1993,Nov,16,16-Nov-1993,3.5
1993,Nov,17,17-Nov-1993,3.5
1993,Nov,18,18-Nov-1993,3.5
1993,Nov,19,19-Nov-1993,3.44
1993,Nov,22,22-Nov-1993,3.5
1993,Nov,23,23-Nov-1993,3.5
1993,Nov,24,24-Nov-1993,3.5
1993,Nov,25,25-Nov-1993,3.5
1993,Nov,26,26-Nov-1993,3.5
1993,Nov,29,29-Nov-1993,3.5
1993,Nov,30,30-Nov-1993,3.5
1993,Dec,01,01-Dec-1993,3.56
1993,Dec,02,02-Dec-1993,3.5
1993,Dec,03,03-Dec-1993,3.5
1993,Dec,06,06-Dec-1993,3.5
1993,Dec,07,07-Dec-1993,3.5
1993,Dec,08,08-Dec-1993,3.44
1993,Dec,09,09-Dec-1993,3.38
1993,Dec,10,10-Dec-1993,3.38
1993,Dec,13,13-Dec-1993,3.38
1993,Dec,14,14-Dec-1993,3.38
1993,Dec,15,15-Dec-1993,3.38
1993,Dec,16,16-Dec-1993,3.31
1993,Dec,17,17-Dec-1993,3.31
1993,Dec,20,20-Dec-1993,3.25
1993,Dec,21,21-Dec-1993,3.31
1993,Dec,22,22-Dec-1993,3.31
1993,Dec,23,23-Dec-1993,3.38
1993,Dec,24,24-Dec-1993,3.38
1993,Dec,27,27-Dec-1993,3.44
1993,Dec,28,28-Dec-1993,3.5
1993,Dec,29,29-Dec-1993,3.44
1993,Dec,30,30-Dec-1993,3.38
1993,Dec,31,31-Dec-1993,3.38
1994,Jan,03,03-Jan-1994,3.38
1994,Jan,04,04-Jan-1994,3.38
1994,Jan,05,05-Jan-1994,3.38
1994,Jan,06,06-Jan-1994,3.38
1994,Jan,07,07-Jan-1994,3.38
1994,Jan,10,10-Jan-1994,3.31
1994,Jan,11,11-Jan-1994,3.25
1994,Jan,12,12-Jan-1994,3.25
1994,Jan,13,13-Jan-1994,3.25
1994,Jan,14,14-Jan-1994,3.25
1994,Jan,17,17-Jan-1994,3.31
1994,Jan,18,18-Jan-1994,3.25
1994,Jan,19,19-Jan-1994,3.25
1994,Jan,20,20-Jan-1994,3.25
1994,Jan,21,21-Jan-1994,3.25
1994,Jan,24,24-Jan-1994,3.25
1994,Jan,25,25-Jan-1994,3.25
1994,Jan,26,26-Jan-1994,3.25
1994,Jan,27,27-Jan-1994,3.25
1994,Jan,28,28-Jan-1994,3.25
1994,Jan,31,31-Jan-1994,3.25
1994,Feb,01,01-Feb-1994,3.25
1994,Feb,02,02-Feb-1994,3.31
1994,Feb,03,03-Feb-1994,3.31
1994,Feb,04,04-Feb-1994,3.5
1994,Feb,07,07-Feb-1994,3.56
1994,Feb,08,08-Feb-1994,3.56
1994,Feb,09,09-Feb-1994,3.56
1994,Feb,14,14-Feb-1994,3.56
1994,Feb,15,15-Feb-1994,3.56
1994,Feb,16,16-Feb-1994,3.63
1994,Feb,17,17-Feb-1994,3.63
1994,Feb,18,18-Feb-1994,3.56
1994,Feb,21,21-Feb-1994,3.63
1994,Feb,22,22-Feb-1994,3.63
1994,Feb,23,23-Feb-1994,3.69
1994,Feb,24,24-Feb-1994,3.75
1994,Feb,25,25-Feb-1994,3.81
1994,Feb,28,28-Feb-1994,3.75
1994,Mar,01,01-Mar-1994,3.75
1994,Mar,02,02-Mar-1994,3.81
1994,Mar,03,03-Mar-1994,3.88
1994,Mar,04,04-Mar-1994,3.88
1994,Mar,07,07-Mar-1994,3.94
1994,Mar,08,08-Mar-1994,3.94
1994,Mar,09,09-Mar-1994,3.88
1994,Mar,10,10-Mar-1994,3.88
1994,Mar,11,11-Mar-1994,3.88
1994,Mar,15,15-Mar-1994,3.88
1994,Mar,16,16-Mar-1994,3.88
1994,Mar,17,17-Mar-1994,3.88
1994,Mar,18,18-Mar-1994,3.88
1994,Mar,21,21-Mar-1994,3.88
1994,Mar,22,22-Mar-1994,4
1994,Mar,23,23-Mar-1994,3.94
1994,Mar,24,24-Mar-1994,3.94
1994,Mar,25,25-Mar-1994,3.88
1994,Mar,28,28-Mar-1994,3.88
1994,Mar,29,29-Mar-1994,3.88
1994,Mar,30,30-Mar-1994,3.88
1994,Mar,31,31-Mar-1994,3.94
1994,Apr,04,04-Apr-1994,4.13
1994,Apr,05,05-Apr-1994,4.13
1994,Apr,06,06-Apr-1994,4.06
1994,Apr,07,07-Apr-1994,4
1994,Apr,08,08-Apr-1994,4
1994,Apr,11,11-Apr-1994,4
1994,Apr,12,12-Apr-1994,4
1994,Apr,13,13-Apr-1994,4
1994,Apr,14,14-Apr-1994,4
1994,Apr,15,15-Apr-1994,4
1994,Apr,18,18-Apr-1994,4.06
1994,Apr,19,19-Apr-1994,4.25
1994,Apr,20,20-Apr-1994,4.25
1994,Apr,21,21-Apr-1994,4.06
1994,Apr,22,22-Apr-1994,4.25
1994,Apr,25,25-Apr-1994,4.25
1994,Apr,26,26-Apr-1994,4.25
1994,Apr,27,27-Apr-1994,4.25
1994,Apr,28,28-Apr-1994,4.25
1994,Apr,29,29-Apr-1994,4.31
1994,May,03,03-May-1994,4.44
1994,May,04,04-May-1994,4.44
1994,May,05,05-May-1994,4.5
1994,May,06,06-May-1994,4.56
1994,May,09,09-May-1994,4.75
1994,May,10,10-May-1994,4.94
1994,May,11,11-May-1994,4.81
1994,May,12,12-May-1994,4.81
1994,May,13,13-May-1994,4.81
1994,May,16,16-May-1994,4.75
1994,May,17,17-May-1994,4.69
1994,May,18,18-May-1994,4.63
1994,May,19,19-May-1994,4.63
1994,May,20,20-May-1994,4.56
1994,May,23,23-May-1994,4.56
1994,May,24,24-May-1994,4.56
1994,May,26,26-May-1994,4.56
1994,May,27,27-May-1994,4.56
1994,May,30,30-May-1994,4.69
1994,May,31,31-May-1994,4.63
1994,Jun,01,01-Jun-1994,4.63
1994,Jun,02,02-Jun-1994,4.63
1994,Jun,03,03-Jun-1994,4.63
1994,Jun,06,06-Jun-1994,4.63
1994,Jun,07,07-Jun-1994,4.56
1994,Jun,08,08-Jun-1994,4.56
1994,Jun,09,09-Jun-1994,4.56
1994,Jun,10,10-Jun-1994,4.56
1994,Jun,13,13-Jun-1994,4.56
1994,Jun,14,14-Jun-1994,4.63
1994,Jun,15,15-Jun-1994,4.56
1994,Jun,16,16-Jun-1994,4.56
1994,Jun,17,17-Jun-1994,4.56
1994,Jun,20,20-Jun-1994,4.56
1994,Jun,21,21-Jun-1994,3.56
1994,Jun,22,22-Jun-1994,4.63
1994,Jun,23,23-Jun-1994,4.69
1994,Jun,24,24-Jun-1994,4.63
1994,Jun,27,27-Jun-1994,4.69
1994,Jun,28,28-Jun-1994,4.75
1994,Jun,29,29-Jun-1994,4.81
1994,Jun,30,30-Jun-1994,4.88
1994,Jul,01,01-Jul-1994,5
1994,Jul,04,04-Jul-1994,4.94
1994,Jul,05,05-Jul-1994,4.94
1994,Jul,06,06-Jul-1994,4.94
1994,Jul,07,07-Jul-1994,4.88
1994,Jul,08,08-Jul-1994,4.81
1994,Jul,11,11-Jul-1994,4.94
1994,Jul,12,12-Jul-1994,5
1994,Jul,13,13-Jul-1994,5
1994,Jul,14,14-Jul-1994,4.94
1994,Jul,15,15-Jul-1994,4.88
1994,Jul,18,18-Jul-1994,3.75
1994,Jul,19,19-Jul-1994,4.75
1994,Jul,20,20-Jul-1994,4.75
1994,Jul,21,21-Jul-1994,4.75
1994,Jul,22,22-Jul-1994,4.81
1994,Jul,25,25-Jul-1994,4.88
1994,Jul,26,26-Jul-1994,4.81
1994,Jul,27,27-Jul-1994,4.81
1994,Jul,28,28-Jul-1994,4.88
1994,Jul,29,29-Jul-1994,4.88
1994,Aug,01,01-Aug-1994,4.81
1994,Aug,02,02-Aug-1994,4.81
1994,Aug,03,03-Aug-1994,4.81
1994,Aug,04,04-Aug-1994,4.75
1994,Aug,05,05-Aug-1994,4.75
1994,Aug,08,08-Aug-1994,4.88
1994,Aug,10,10-Aug-1994,4.88
1994,Aug,11,11-Aug-1994,4.88
1994,Aug,12,12-Aug-1994,4.94
1994,Aug,15,15-Aug-1994,4.94
1994,Aug,16,16-Aug-1994,4.94
1994,Aug,17,17-Aug-1994,4.94
1994,Aug,18,18-Aug-1994,4.94
1994,Aug,19,19-Aug-1994,5
1994,Aug,22,22-Aug-1994,5
1994,Aug,23,23-Aug-1994,5
1994,Aug,24,24-Aug-1994,5
1994,Aug,25,25-Aug-1994,4.94
1994,Aug,26,26-Aug-1994,4.94
1994,Aug,29,29-Aug-1994,5
1994,Aug,30,30-Aug-1994,5
1994,Aug,31,31-Aug-1994,5
1994,Sep,01,01-Sep-1994,5
1994,Sep,02,02-Sep-1994,5
1994,Sep,05,05-Sep-1994,5
1994,Sep,06,06-Sep-1994,5
1994,Sep,07,07-Sep-1994,5
1994,Sep,08,08-Sep-1994,5
1994,Sep,09,09-Sep-1994,5
1994,Sep,12,12-Sep-1994,5
1994,Sep,13,13-Sep-1994,5.06
1994,Sep,14,14-Sep-1994,5.06
1994,Sep,15,15-Sep-1994,5.06
1994,Sep,16,16-Sep-1994,5.06
1994,Sep,19,19-Sep-1994,5.13
1994,Sep,20,20-Sep-1994,5.06
1994,Sep,21,21-Sep-1994,5.13
1994,Sep,22,22-Sep-1994,5.19
1994,Sep,23,23-Sep-1994,5.25
1994,Sep,26,26-Sep-1994,5.25
1994,Sep,27,27-Sep-1994,5.25
1994,Sep,28,28-Sep-1994,5.25
1994,Sep,29,29-Sep-1994,5.5
1994,Sep,30,30-Sep-1994,5.5
1994,Oct,03,03-Oct-1994,5.56
1994,Oct,04,04-Oct-1994,5.56
1994,Oct,05,05-Oct-1994,5.63
1994,Oct,06,06-Oct-1994,5.69
1994,Oct,07,07-Oct-1994,5.69
1994,Oct,10,10-Oct-1994,5.69
1994,Oct,11,11-Oct-1994,5.63
1994,Oct,12,12-Oct-1994,5.63
1994,Oct,13,13-Oct-1994,5.63
1994,Oct,14,14-Oct-1994,5.63
1994,Oct,17,17-Oct-1994,5.56
1994,Oct,18,18-Oct-1994,5.56
1994,Oct,19,19-Oct-1994,5.56
1994,Oct,20,20-Oct-1994,5.56
1994,Oct,21,21-Oct-1994,5.63
1994,Oct,24,24-Oct-1994,5.63
1994,Oct,25,25-Oct-1994,5.63
1994,Oct,26,26-Oct-1994,5.69
1994,Oct,27,27-Oct-1994,5.69
1994,Oct,28,28-Oct-1994,5.69
1994,Oct,31,31-Oct-1994,5.69
1994,Nov,01,01-Nov-1994,5.69
1994,Nov,03,03-Nov-1994,5.75
1994,Nov,04,04-Nov-1994,5.75
1994,Nov,07,07-Nov-1994,5.81
1994,Nov,08,08-Nov-1994,5.81
1994,Nov,09,09-Nov-1994,5.81
1994,Nov,10,10-Nov-1994,5.81
1994,Nov,11,11-Nov-1994,5.81
1994,Nov,14,14-Nov-1994,5.81
1994,Nov,15,15-Nov-1994,5.81
1994,Nov,16,16-Nov-1994,6
1994,Nov,17,17-Nov-1994,6
1994,Nov,18,18-Nov-1994,6
1994,Nov,21,21-Nov-1994,6
1994,Nov,22,22-Nov-1994,6
1994,Nov,23,23-Nov-1994,6
1994,Nov,24,24-Nov-1994,5.94
1994,Nov,25,25-Nov-1994,5.94
1994,Nov,28,28-Nov-1994,5.94
1994,Nov,29,29-Nov-1994,6.06
1994,Nov,30,30-Nov-1994,6.19
1994,Dec,01,01-Dec-1994,6.25
1994,Dec,02,02-Dec-1994,6.31
1994,Dec,05,05-Dec-1994,6.38
1994,Dec,06,06-Dec-1994,6.44
1994,Dec,07,07-Dec-1994,6.44
1994,Dec,08,08-Dec-1994,6.44
1994,Dec,09,09-Dec-1994,6.38
1994,Dec,12,12-Dec-1994,6.38
1994,Dec,13,13-Dec-1994,6.44
1994,Dec,14,14-Dec-1994,6.44
1994,Dec,15,15-Dec-1994,6.38
1994,Dec,16,16-Dec-1994,6.38
1994,Dec,19,19-Dec-1994,6.38
1994,Dec,20,20-Dec-1994,6.38
1994,Dec,21,21-Dec-1994,6.31
1994,Dec,22,22-Dec-1994,6.25
1994,Dec,23,23-Dec-1994,6.38
1994,Dec,27,27-Dec-1994,6.44
1994,Dec,28,28-Dec-1994,6.44
1994,Dec,29,29-Dec-1994,6.5
1994,Dec,30,30-Dec-1994,6.5
1995,Jan,03,03-Jan-1995,6.5
1995,Jan,04,04-Jan-1995,6.5
1995,Jan,05,05-Jan-1995,6.44
1995,Jan,06,06-Jan-1995,6.44
1995,Jan,09,09-Jan-1995,6.38
1995,Jan,10,10-Jan-1995,6.44
1995,Jan,11,11-Jan-1995,6.31
1995,Jan,12,12-Jan-1995,6.31
1995,Jan,13,13-Jan-1995,6.25
1995,Jan,16,16-Jan-1995,6.19
1995,Jan,17,17-Jan-1995,6.19
1995,Jan,18,18-Jan-1995,6.25
1995,Jan,19,19-Jan-1995,6.31
1995,Jan,20,20-Jan-1995,6.38
1995,Jan,23,23-Jan-1995,6.31
1995,Jan,24,24-Jan-1995,6.31
1995,Jan,25,25-Jan-1995,6.38
1995,Jan,26,26-Jan-1995,6.31
1995,Jan,27,27-Jan-1995,6.31
1995,Jan,30,30-Jan-1995,6.31
1995,Feb,02,02-Feb-1995,6.38
1995,Feb,03,03-Feb-1995,6.38
1995,Feb,06,06-Feb-1995,6.25
1995,Feb,07,07-Feb-1995,6.25
1995,Feb,08,08-Feb-1995,6.25
1995,Feb,09,09-Feb-1995,6.25
1995,Feb,10,10-Feb-1995,6.25
1995,Feb,13,13-Feb-1995,6.31
1995,Feb,14,14-Feb-1995,6.31
1995,Feb,15,15-Feb-1995,6.31
1995,Feb,16,16-Feb-1995,6.25
1995,Feb,17,17-Feb-1995,6.25
1995,Feb,20,20-Feb-1995,6.25
1995,Feb,21,21-Feb-1995,6.25
1995,Feb,22,22-Feb-1995,6.25
1995,Feb,23,23-Feb-1995,6.19
1995,Feb,24,24-Feb-1995,6.25
1995,Feb,27,27-Feb-1995,6.25
1995,Feb,28,28-Feb-1995,6.25
1995,Mar,01,01-Mar-1995,6.25
1995,Mar,02,02-Mar-1995,6.25
1995,Mar,06,06-Mar-1995,6.25
1995,Mar,07,07-Mar-1995,6.31
1995,Mar,08,08-Mar-1995,6.31
1995,Mar,09,09-Mar-1995,6.31
1995,Mar,10,10-Mar-1995,6.31
1995,Mar,13,13-Mar-1995,6.31
1995,Mar,14,14-Mar-1995,6.25
1995,Mar,15,15-Mar-1995,6.25
1995,Mar,16,16-Mar-1995,6.25
1995,Mar,17,17-Mar-1995,6.25
1995,Mar,20,20-Mar-1995,6.25
1995,Mar,21,21-Mar-1995,6.25
1995,Mar,22,22-Mar-1995,6.25
1995,Mar,23,23-Mar-1995,6.25
1995,Mar,24,24-Mar-1995,6.25
1995,Mar,27,27-Mar-1995,6.25
1995,Mar,28,28-Mar-1995,6.25
1995,Mar,29,29-Mar-1995,6.25
1995,Mar,30,30-Mar-1995,6.31
1995,Mar,31,31-Mar-1995,6.31
1995,Apr,03,03-Apr-1995,6.31
1995,Apr,04,04-Apr-1995,6.31
1995,Apr,05,05-Apr-1995,6.31
1995,Apr,06,06-Apr-1995,6.25
1995,Apr,07,07-Apr-1995,6.25
1995,Apr,10,10-Apr-1995,6.25
1995,Apr,11,11-Apr-1995,6.25
1995,Apr,12,12-Apr-1995,6.25
1995,Apr,13,13-Apr-1995,6.25
1995,Apr,17,17-Apr-1995,6.19
1995,Apr,18,18-Apr-1995,6.25
1995,Apr,19,19-Apr-1995,6.25
1995,Apr,20,20-Apr-1995,6.19
1995,Apr,21,21-Apr-1995,6.19
1995,Apr,24,24-Apr-1995,6.19
1995,Apr,25,25-Apr-1995,6.19
1995,Apr,26,26-Apr-1995,6.19
1995,Apr,27,27-Apr-1995,6.19
1995,Apr,28,28-Apr-1995,6.19
1995,May,02,02-May-1995,6.25
1995,May,03,03-May-1995,6.25
1995,May,04,04-May-1995,6.19
1995,May,05,05-May-1995,6.19
1995,May,08,08-May-1995,6.13
1995,May,09,09-May-1995,6.13
1995,May,11,11-May-1995,6.13
1995,May,12,12-May-1995,6.13
1995,May,16,16-May-1995,6.13
1995,May,17,17-May-1995,6.13
1995,May,18,18-May-1995,6.13
1995,May,19,19-May-1995,6.13
1995,May,22,22-May-1995,6.13
1995,May,23,23-May-1995,6.13
1995,May,24,24-May-1995,6.13
1995,May,25,25-May-1995,6.13
1995,May,26,26-May-1995,6.06
1995,May,29,29-May-1995,6.13
1995,May,30,30-May-1995,6.13
1995,May,31,31-May-1995,6.06
1995,Jun,01,01-Jun-1995,6.06
1995,Jun,02,02-Jun-1995,6.06
1995,Jun,05,05-Jun-1995,5.88
1995,Jun,06,06-Jun-1995,5.94
1995,Jun,07,07-Jun-1995,5.94
1995,Jun,08,08-Jun-1995,6.06
1995,Jun,09,09-Jun-1995,6.06
1995,Jun,12,12-Jun-1995,6.13
1995,Jun,13,13-Jun-1995,6.13
1995,Jun,14,14-Jun-1995,6
1995,Jun,15,15-Jun-1995,6
1995,Jun,16,16-Jun-1995,6.06
1995,Jun,19,19-Jun-1995,6.06
1995,Jun,20,20-Jun-1995,6.06
1995,Jun,21,21-Jun-1995,6.06
1995,Jun,22,22-Jun-1995,6
1995,Jun,23,23-Jun-1995,5.94
1995,Jun,26,26-Jun-1995,5.94
1995,Jun,27,27-Jun-1995,6
1995,Jun,28,28-Jun-1995,6
1995,Jun,29,29-Jun-1995,6.06
1995,Jun,30,30-Jun-1995,6.06
1995,Jul,03,03-Jul-1995,6
1995,Jul,04,04-Jul-1995,6
1995,Jul,05,05-Jul-1995,6
1995,Jul,06,06-Jul-1995,6
1995,Jul,07,07-Jul-1995,5.81
1995,Jul,10,10-Jul-1995,5.81
1995,Jul,11,11-Jul-1995,5.88
1995,Jul,12,12-Jul-1995,5.88
1995,Jul,13,13-Jul-1995,5.88
1995,Jul,14,14-Jul-1995,5.81
1995,Jul,17,17-Jul-1995,5.81
1995,Jul,18,18-Jul-1995,5.88
1995,Jul,19,19-Jul-1995,5.88
1995,Jul,20,20-Jul-1995,5.88
1995,Jul,21,21-Jul-1995,5.94
1995,Jul,24,24-Jul-1995,5.94
1995,Jul,25,25-Jul-1995,5.94
1995,Jul,26,26-Jul-1995,5.94
1995,Jul,27,27-Jul-1995,5.94
1995,Jul,28,28-Jul-1995,5.94
1995,Jul,31,31-Jul-1995,5.94
1995,Aug,01,01-Aug-1995,5.94
1995,Aug,02,02-Aug-1995,5.94
1995,Aug,03,03-Aug-1995,5.94
1995,Aug,04,04-Aug-1995,5.94
1995,Aug,07,07-Aug-1995,5.94
1995,Aug,08,08-Aug-1995,5.94
1995,Aug,10,10-Aug-1995,5.94
1995,Aug,11,11-Aug-1995,5.94
1995,Aug,14,14-Aug-1995,5.94
1995,Aug,15,15-Aug-1995,5.94
1995,Aug,16,16-Aug-1995,6
1995,Aug,17,17-Aug-1995,6
1995,Aug,18,18-Aug-1995,6
1995,Aug,21,21-Aug-1995,6
1995,Aug,22,22-Aug-1995,6
1995,Aug,23,23-Aug-1995,6
1995,Aug,24,24-Aug-1995,6
1995,Aug,25,25-Aug-1995,6
1995,Aug,28,28-Aug-1995,5.94
1995,Aug,29,29-Aug-1995,6
1995,Aug,30,30-Aug-1995,6
1995,Aug,31,31-Aug-1995,6.06
1995,Sep,01,01-Sep-1995,6.13
1995,Sep,04,04-Sep-1995,6.13
1995,Sep,05,05-Sep-1995,6.06
1995,Sep,06,06-Sep-1995,6.06
1995,Sep,07,07-Sep-1995,6.06
1995,Sep,08,08-Sep-1995,6.06
1995,Sep,11,11-Sep-1995,6.06
1995,Sep,12,12-Sep-1995,6.06
1995,Sep,13,13-Sep-1995,6.06
1995,Sep,14,14-Sep-1995,6
1995,Sep,15,15-Sep-1995,5.94
1995,Sep,18,18-Sep-1995,5.94
1995,Sep,19,19-Sep-1995,5.94
1995,Sep,20,20-Sep-1995,5.94
1995,Sep,21,21-Sep-1995,5.94
1995,Sep,22,22-Sep-1995,6.06
1995,Sep,25,25-Sep-1995,6.06
1995,Sep,26,26-Sep-1995,6.13
1995,Sep,27,27-Sep-1995,6.19
1995,Sep,28,28-Sep-1995,6.25
1995,Sep,29,29-Sep-1995,6.25
1995,Oct,02,02-Oct-1995,6.19
1995,Oct,03,03-Oct-1995,6.19
1995,Oct,04,04-Oct-1995,6.19
1995,Oct,05,05-Oct-1995,6.19
1995,Oct,06,06-Oct-1995,6.19
1995,Oct,09,09-Oct-1995,6.19
1995,Oct,10,10-Oct-1995,6.19
1995,Oct,11,11-Oct-1995,6.19
1995,Oct,12,12-Oct-1995,6.19
1995,Oct,13,13-Oct-1995,6.25
1995,Oct,16,16-Oct-1995,6.25
1995,Oct,17,17-Oct-1995,6.25
1995,Oct,18,18-Oct-1995,6.31
1995,Oct,19,19-Oct-1995,6.31
1995,Oct,20,20-Oct-1995,5.88
1995,Oct,24,24-Oct-1995,6.63
1995,Oct,25,25-Oct-1995,6.56
1995,Oct,26,26-Oct-1995,6.5
1995,Oct,27,27-Oct-1995,6.38
1995,Oct,30,30-Oct-1995,6.31
1995,Oct,31,31-Oct-1995,6.31
1995,Nov,01,01-Nov-1995,6.31
1995,Nov,02,02-Nov-1995,6.31
1995,Nov,03,03-Nov-1995,6.31
1995,Nov,06,06-Nov-1995,6.25
1995,Nov,07,07-Nov-1995,6.25
1995,Nov,08,08-Nov-1995,6.25
1995,Nov,09,09-Nov-1995,6.25
1995,Nov,10,10-Nov-1995,6.25
1995,Nov,13,13-Nov-1995,6.19
1995,Nov,14,14-Nov-1995,6.25
1995,Nov,15,15-Nov-1995,6.19
1995,Nov,16,16-Nov-1995,6.19
1995,Nov,17,17-Nov-1995,6.13
1995,Nov,20,20-Nov-1995,6.13
1995,Nov,21,21-Nov-1995,6.06
1995,Nov,22,22-Nov-1995,6.06
1995,Nov,23,23-Nov-1995,6.06
1995,Nov,24,24-Nov-1995,6.06
1995,Nov,27,27-Nov-1995,6.06
1995,Nov,28,28-Nov-1995,6.06
1995,Nov,29,29-Nov-1995,6.13
1995,Nov,30,30-Nov-1995,6.06
1995,Dec,01,01-Dec-1995,6.06
1995,Dec,04,04-Dec-1995,6
1995,Dec,05,05-Dec-1995,6
1995,Dec,06,06-Dec-1995,5.94
1995,Dec,07,07-Dec-1995,5.88
1995,Dec,08,08-Dec-1995,5.94
1995,Dec,11,11-Dec-1995,5.94
1995,Dec,12,12-Dec-1995,5.94
1995,Dec,13,13-Dec-1995,5.94
1995,Dec,14,14-Dec-1995,5.94
1995,Dec,15,15-Dec-1995,5.94
1995,Dec,18,18-Dec-1995,5.88
1995,Dec,19,19-Dec-1995,5.94
1995,Dec,20,20-Dec-1995,5.75
1995,Dec,21,21-Dec-1995,5.81
1995,Dec,22,22-Dec-1995,5.94
1995,Dec,26,26-Dec-1995,5.94
1995,Dec,27,27-Dec-1995,6
1995,Dec,28,28-Dec-1995,5.88
1995,Dec,29,29-Dec-1995,5.81
1996,Jan,02,02-Jan-1996,5.81
1996,Jan,03,03-Jan-1996,5.75
1996,Jan,04,04-Jan-1996,5.69
1996,Jan,05,05-Jan-1996,5.69
1996,Jan,08,08-Jan-1996,5.69
1996,Jan,09,09-Jan-1996,5.69
1996,Jan,10,10-Jan-1996,5.75
1996,Jan,11,11-Jan-1996,5.75
1996,Jan,12,12-Jan-1996,5.75
1996,Jan,15,15-Jan-1996,5.75
1996,Jan,16,16-Jan-1996,5.75
1996,Jan,17,17-Jan-1996,5.69
1996,Jan,18,18-Jan-1996,5.69
1996,Jan,19,19-Jan-1996,5.69
1996,Jan,22,22-Jan-1996,5.63
1996,Jan,23,23-Jan-1996,5.63
1996,Jan,24,24-Jan-1996,5.63
1996,Jan,25,25-Jan-1996,5.63
1996,Jan,26,26-Jan-1996,5.63
1996,Jan,29,29-Jan-1996,5.56
1996,Jan,30,30-Jan-1996,5.56
1996,Jan,31,31-Jan-1996,5.5
1996,Feb,01,01-Feb-1996,5.44
1996,Feb,02,02-Feb-1996,5.44
1996,Feb,05,05-Feb-1996,5.38
1996,Feb,06,06-Feb-1996,5.44
1996,Feb,07,07-Feb-1996,5.44
1996,Feb,08,08-Feb-1996,5.44
1996,Feb,09,09-Feb-1996,5.38
1996,Feb,12,12-Feb-1996,5.38
1996,Feb,13,13-Feb-1996,5.31
1996,Feb,14,14-Feb-1996,5.38
1996,Feb,15,15-Feb-1996,5.38
1996,Feb,16,16-Feb-1996,5.38
1996,Feb,22,22-Feb-1996,5.44
1996,Feb,23,23-Feb-1996,5.44
1996,Feb,26,26-Feb-1996,5.44
1996,Feb,27,27-Feb-1996,5.44
1996,Feb,28,28-Feb-1996,5.44
1996,Feb,29,29-Feb-1996,5.5
1996,Mar,01,01-Mar-1996,5.5
1996,Mar,04,04-Mar-1996,5.44
1996,Mar,05,05-Mar-1996,5.5
1996,Mar,06,06-Mar-1996,5.44
1996,Mar,07,07-Mar-1996,5.44
1996,Mar,08,08-Mar-1996,5.5
1996,Mar,11,11-Mar-1996,5.63
1996,Mar,12,12-Mar-1996,5.63
1996,Mar,13,13-Mar-1996,5.63
1996,Mar,14,14-Mar-1996,5.63
1996,Mar,15,15-Mar-1996,5.63
1996,Mar,18,18-Mar-1996,5.63
1996,Mar,19,19-Mar-1996,5.69
1996,Mar,20,20-Mar-1996,5.69
1996,Mar,21,21-Mar-1996,5.69
1996,Mar,22,22-Mar-1996,5.63
1996,Mar,25,25-Mar-1996,5.63
1996,Mar,26,26-Mar-1996,5.56
1996,Mar,27,27-Mar-1996,5.56
1996,Mar,28,28-Mar-1996,5.63
1996,Mar,29,29-Mar-1996,5.56
1996,Apr,01,01-Apr-1996,5.63
1996,Apr,02,02-Apr-1996,5.56
1996,Apr,03,03-Apr-1996,5.56
1996,Apr,04,04-Apr-1996,5.56
1996,Apr,08,08-Apr-1996,5.63
1996,Apr,09,09-Apr-1996,5.69
1996,Apr,10,10-Apr-1996,5.69
1996,Apr,11,11-Apr-1996,5.63
1996,Apr,12,12-Apr-1996,5.69
1996,Apr,15,15-Apr-1996,5.63
1996,Apr,16,16-Apr-1996,5.63
1996,Apr,17,17-Apr-1996,5.63
1996,Apr,18,18-Apr-1996,5.56
1996,Apr,19,19-Apr-1996,5.56
1996,Apr,22,22-Apr-1996,5.56
1996,Apr,23,23-Apr-1996,5.56
1996,Apr,24,24-Apr-1996,5.53
1996,Apr,25,25-Apr-1996,5.56
1996,Apr,26,26-Apr-1996,5.56
1996,Apr,30,30-Apr-1996,5.56
1996,May,02,02-May-1996,5.63
1996,May,03,03-May-1996,5.63
1996,May,06,06-May-1996,5.63
1996,May,07,07-May-1996,5.63
1996,May,08,08-May-1996,5.56
1996,May,09,09-May-1996,5.56
1996,May,10,10-May-1996,5.56
1996,May,13,13-May-1996,5.56
1996,May,14,14-May-1996,5.56
1996,May,15,15-May-1996,5.56
1996,May,16,16-May-1996,5.56
1996,May,17,17-May-1996,5.56
1996,May,20,20-May-1996,5.56
1996,May,21,21-May-1996,5.56
1996,May,22,22-May-1996,5.56
1996,May,23,23-May-1996,5.56
1996,May,24,24-May-1996,5.56
1996,May,27,27-May-1996,5.56
1996,May,28,28-May-1996,5.56
1996,May,29,29-May-1996,5.56
1996,May,30,30-May-1996,5.56
1996,Jun,03,03-Jun-1996,5.63
1996,Jun,04,04-Jun-1996,5.69
1996,Jun,05,05-Jun-1996,5.69
1996,Jun,06,06-Jun-1996,5.63
1996,Jun,07,07-Jun-1996,5.63
1996,Jun,10,10-Jun-1996,5.69
1996,Jun,11,11-Jun-1996,5.69
1996,Jun,12,12-Jun-1996,5.69
1996,Jun,13,13-Jun-1996,5.69
1996,Jun,14,14-Jun-1996,5.69
1996,Jun,17,17-Jun-1996,5.69
1996,Jun,18,18-Jun-1996,5.69
1996,Jun,19,19-Jun-1996,5.69
1996,Jun,20,20-Jun-1996,5.69
1996,Jun,21,21-Jun-1996,5.53
1996,Jun,24,24-Jun-1996,5.63
1996,Jun,25,25-Jun-1996,5.69
1996,Jun,26,26-Jun-1996,5.69
1996,Jun,27,27-Jun-1996,5.75
1996,Jun,28,28-Jun-1996,5.75
1996,Jul,01,01-Jul-1996,5.69
1996,Jul,02,02-Jul-1996,5.69
1996,Jul,03,03-Jul-1996,5.69
1996,Jul,04,04-Jul-1996,5.69
1996,Jul,05,05-Jul-1996,5.69
1996,Jul,08,08-Jul-1996,5.75
1996,Jul,09,09-Jul-1996,5.81
1996,Jul,10,10-Jul-1996,5.81
1996,Jul,11,11-Jul-1996,5.81
1996,Jul,12,12-Jul-1996,5.81
1996,Jul,15,15-Jul-1996,5.81
1996,Jul,16,16-Jul-1996,5.81
1996,Jul,17,17-Jul-1996,5.81
1996,Jul,18,18-Jul-1996,5.75
1996,Jul,19,19-Jul-1996,5.75
1996,Jul,22,22-Jul-1996,5.75
1996,Jul,23,23-Jul-1996,5.75
1996,Jul,24,24-Jul-1996,5.75
1996,Jul,25,25-Jul-1996,5.75
1996,Jul,26,26-Jul-1996,5.75
1996,Jul,29,29-Jul-1996,5.75
1996,Jul,30,30-Jul-1996,5.81
1996,Jul,31,31-Jul-1996,5.81
1996,Aug,01,01-Aug-1996,5.81
1996,Aug,02,02-Aug-1996,5.81
1996,Aug,05,05-Aug-1996,5.69
1996,Aug,06,06-Aug-1996,5.63
1996,Aug,07,07-Aug-1996,5.69
1996,Aug,08,08-Aug-1996,5.63
1996,Aug,12,12-Aug-1996,5.63
1996,Aug,13,13-Aug-1996,5.63
1996,Aug,14,14-Aug-1996,5.63
1996,Aug,15,15-Aug-1996,5.63
1996,Aug,16,16-Aug-1996,5.63
1996,Aug,19,19-Aug-1996,5.63
1996,Aug,20,20-Aug-1996,5.63
1996,Aug,21,21-Aug-1996,5.63
1996,Aug,22,22-Aug-1996,5.63
1996,Aug,23,23-Aug-1996,5.56
1996,Aug,26,26-Aug-1996,5.56
1996,Aug,27,27-Aug-1996,5.63
1996,Aug,28,28-Aug-1996,5.63
1996,Aug,29,29-Aug-1996,5.56
1996,Aug,30,30-Aug-1996,5.63
1996,Sep,02,02-Sep-1996,5.69
1996,Sep,03,03-Sep-1996,5.69
1996,Sep,04,04-Sep-1996,5.81
1996,Sep,05,05-Sep-1996,5.75
1996,Sep,06,06-Sep-1996,5.81
1996,Sep,09,09-Sep-1996,5.75
1996,Sep,10,10-Sep-1996,5.75
1996,Sep,11,11-Sep-1996,5.75
1996,Sep,12,12-Sep-1996,5.75
1996,Sep,13,13-Sep-1996,5.75
1996,Sep,16,16-Sep-1996,5.69
1996,Sep,17,17-Sep-1996,5.69
1996,Sep,18,18-Sep-1996,5.69
1996,Sep,19,19-Sep-1996,5.69
1996,Sep,20,20-Sep-1996,5.75
1996,Sep,23,23-Sep-1996,5.75
1996,Sep,24,24-Sep-1996,5.81
1996,Sep,25,25-Sep-1996,5.69
1996,Sep,26,26-Sep-1996,5.63
1996,Sep,27,27-Sep-1996,5.81
1996,Sep,30,30-Sep-1996,5.75
1996,Oct,01,01-Oct-1996,5.75
1996,Oct,02,02-Oct-1996,5.75
1996,Oct,03,03-Oct-1996,5.69
1996,Oct,04,04-Oct-1996,5.69
1996,Oct,07,07-Oct-1996,5.63
1996,Oct,08,08-Oct-1996,5.63
1996,Oct,09,09-Oct-1996,5.63
1996,Oct,10,10-Oct-1996,5.63
1996,Oct,11,11-Oct-1996,5.63
1996,Oct,14,14-Oct-1996,5.63
1996,Oct,15,15-Oct-1996,5.63
1996,Oct,16,16-Oct-1996,5.63
1996,Oct,17,17-Oct-1996,5.63
1996,Oct,18,18-Oct-1996,5.63
1996,Oct,21,21-Oct-1996,5.63
1996,Oct,22,22-Oct-1996,5.63
1996,Oct,23,23-Oct-1996,5.63
1996,Oct,24,24-Oct-1996,5.63
1996,Oct,25,25-Oct-1996,5.63
1996,Oct,28,28-Oct-1996,5.63
1996,Oct,29,29-Oct-1996,5.63
1996,Oct,30,30-Oct-1996,5.63
1996,Oct,31,31-Oct-1996,5.63
1996,Nov,01,01-Nov-1996,5.63
1996,Nov,04,04-Nov-1996,5.63
1996,Nov,05,05-Nov-1996,5.63
1996,Nov,06,06-Nov-1996,5.63
1996,Nov,07,07-Nov-1996,5.56
1996,Nov,08,08-Nov-1996,5.56
1996,Nov,12,12-Nov-1996,5.56
1996,Nov,13,13-Nov-1996,5.56
1996,Nov,14,14-Nov-1996,5.56
1996,Nov,15,15-Nov-1996,5.63
1996,Nov,18,18-Nov-1996,5.63
1996,Nov,19,19-Nov-1996,5.63
1996,Nov,20,20-Nov-1996,5.63
1996,Nov,21,21-Nov-1996,5.56
1996,Nov,22,22-Nov-1996,5.63
1996,Nov,25,25-Nov-1996,5.63
1996,Nov,26,26-Nov-1996,5.56
1996,Nov,27,27-Nov-1996,5.63
1996,Nov,28,28-Nov-1996,5.63
1996,Nov,29,29-Nov-1996,5.63
1996,Dec,02,02-Dec-1996,5.63
1996,Dec,03,03-Dec-1996,5.63
1996,Dec,04,04-Dec-1996,5.69
1996,Dec,05,05-Dec-1996,5.69
1996,Dec,06,06-Dec-1996,5.69
1996,Dec,09,09-Dec-1996,5.69
1996,Dec,10,10-Dec-1996,5.69
1996,Dec,11,11-Dec-1996,5.69
1996,Dec,12,12-Dec-1996,5.69
1996,Dec,13,13-Dec-1996,5.75
1996,Dec,16,16-Dec-1996,5.75
1996,Dec,17,17-Dec-1996,5.75
1996,Dec,18,18-Dec-1996,5.81
1996,Dec,19,19-Dec-1996,5.81
1996,Dec,20,20-Dec-1996,5.75
1996,Dec,23,23-Dec-1996,5.75
1996,Dec,24,24-Dec-1996,5.75
1996,Dec,26,26-Dec-1996,5.88
1996,Dec,27,27-Dec-1996,5.88
1996,Dec,30,30-Dec-1996,5.69
1996,Dec,31,31-Dec-1996,5.69
1997,Jan,03,03-Jan-1997,5.69
1997,Jan,06,06-Jan-1997,5.69
1997,Jan,07,07-Jan-1997,5.69
1997,Jan,08,08-Jan-1997,5.63
1997,Jan,09,09-Jan-1997,5.63
1997,Jan,10,10-Jan-1997,5.63
1997,Jan,13,13-Jan-1997,5.75
1997,Jan,14,14-Jan-1997,5.75
1997,Jan,15,15-Jan-1997,5.75
1997,Jan,16,16-Jan-1997,5.69
1997,Jan,17,17-Jan-1997,5.69
1997,Jan,20,20-Jan-1997,5.69
1997,Jan,21,21-Jan-1997,5.69
1997,Jan,22,22-Jan-1997,5.69
1997,Jan,23,23-Jan-1997,5.69
1997,Jan,24,24-Jan-1997,5.69
1997,Jan,27,27-Jan-1997,5.69
1997,Jan,28,28-Jan-1997,5.75
1997,Jan,29,29-Jan-1997,5.75
1997,Jan,30,30-Jan-1997,5.75
1997,Jan,31,31-Jan-1997,5.75
1997,Feb,03,03-Feb-1997,5.75
1997,Feb,04,04-Feb-1997,5.75
1997,Feb,05,05-Feb-1997,5.69
1997,Feb,06,06-Feb-1997,5.69
1997,Feb,11,11-Feb-1997,5.63
1997,Feb,12,12-Feb-1997,5.63
1997,Feb,13,13-Feb-1997,5.63
1997,Feb,14,14-Feb-1997,5.63
1997,Feb,17,17-Feb-1997,5.63
1997,Feb,18,18-Feb-1997,5.63
1997,Feb,19,19-Feb-1997,5.63
1997,Feb,20,20-Feb-1997,5.63
1997,Feb,21,21-Feb-1997,5.63
1997,Feb,24,24-Feb-1997,5.63
1997,Feb,25,25-Feb-1997,5.56
1997,Feb,26,26-Feb-1997,5.63
1997,Feb,27,27-Feb-1997,5.63
1997,Feb,28,28-Feb-1997,5.69
1997,Mar,03,03-Mar-1997,5.69
1997,Mar,04,04-Mar-1997,5.69
1997,Mar,05,05-Mar-1997,5.69
1997,Mar,06,06-Mar-1997,5.69
1997,Mar,07,07-Mar-1997,5.69
1997,Mar,10,10-Mar-1997,5.69
1997,Mar,11,11-Mar-1997,5.69
1997,Mar,12,12-Mar-1997,5.69
1997,Mar,13,13-Mar-1997,5.69
1997,Mar,14,14-Mar-1997,5.75
1997,Mar,17,17-Mar-1997,5.75
1997,Mar,18,18-Mar-1997,5.75
1997,Mar,19,19-Mar-1997,5.75
1997,Mar,20,20-Mar-1997,5.81
1997,Mar,21,21-Mar-1997,5.81
1997,Mar,24,24-Mar-1997,5.88
1997,Mar,25,25-Mar-1997,5.94
1997,Mar,26,26-Mar-1997,5.94
1997,Mar,27,27-Mar-1997,5.94
1997,Mar,31,31-Mar-1997,6
1997,Apr,01,01-Apr-1997,6
1997,Apr,02,02-Apr-1997,5.94
1997,Apr,03,03-Apr-1997,5.94
1997,Apr,04,04-Apr-1997,5.94
1997,Apr,07,07-Apr-1997,5.94
1997,Apr,08,08-Apr-1997,5.94
1997,Apr,09,09-Apr-1997,5.94
1997,Apr,10,10-Apr-1997,5.94
1997,Apr,11,11-Apr-1997,5.94
1997,Apr,14,14-Apr-1997,5.94
1997,Apr,15,15-Apr-1997,5.94
1997,Apr,16,16-Apr-1997,5.94
1997,Apr,17,17-Apr-1997,5.94
1997,Apr,21,21-Apr-1997,5.94
1997,Apr,22,22-Apr-1997,5.94
1997,Apr,23,23-Apr-1997,5.94
1997,Apr,24,24-Apr-1997,5.94
1997,Apr,25,25-Apr-1997,5.94
1997,Apr,28,28-Apr-1997,5.94
1997,Apr,29,29-Apr-1997,6
1997,Apr,30,30-Apr-1997,5.94
1997,May,02,02-May-1997,5.94
1997,May,05,05-May-1997,5.94
1997,May,06,06-May-1997,5.94
1997,May,07,07-May-1997,5.94
1997,May,08,08-May-1997,5.94
1997,May,09,09-May-1997,5.94
1997,May,12,12-May-1997,5.94
1997,May,13,13-May-1997,5.94
1997,May,14,14-May-1997,5.94
1997,May,15,15-May-1997,5.94
1997,May,16,16-May-1997,5.94
1997,May,19,19-May-1997,5.94
1997,May,20,20-May-1997,5.94
1997,May,22,22-May-1997,5.88
1997,May,23,23-May-1997,5.88
1997,May,26,26-May-1997,5.88
1997,May,27,27-May-1997,5.88
1997,May,28,28-May-1997,5.88
1997,May,29,29-May-1997,5.88
1997,May,30,30-May-1997,5.88
1997,Jun,02,02-Jun-1997,5.88
1997,Jun,03,03-Jun-1997,5.88
1997,Jun,04,04-Jun-1997,5.88
1997,Jun,05,05-Jun-1997,5.88
1997,Jun,06,06-Jun-1997,5.88
1997,Jun,09,09-Jun-1997,5.88
1997,Jun,10,10-Jun-1997,5.88
1997,Jun,11,11-Jun-1997,5.94
1997,Jun,12,12-Jun-1997,5.94
1997,Jun,13,13-Jun-1997,5.94
1997,Jun,16,16-Jun-1997,5.94
1997,Jun,17,17-Jun-1997,5.88
1997,Jun,18,18-Jun-1997,5.88
1997,Jun,19,19-Jun-1997,5.88
1997,Jun,20,20-Jun-1997,5.88
1997,Jun,23,23-Jun-1997,5.88
1997,Jun,24,24-Jun-1997,5.88
1997,Jun,25,25-Jun-1997,5.88
1997,Jun,26,26-Jun-1997,5.88
1997,Jun,27,27-Jun-1997,5.94
1997,Jun,30,30-Jun-1997,5.94
1997,Jul,01,01-Jul-1997,5.94
1997,Jul,02,02-Jul-1997,5.94
1997,Jul,03,03-Jul-1997,5.94
1997,Jul,04,04-Jul-1997,5.88
1997,Jul,07,07-Jul-1997,5.88
1997,Jul,08,08-Jul-1997,5.88
1997,Jul,09,09-Jul-1997,5.81
1997,Jul,10,10-Jul-1997,5.81
1997,Jul,11,11-Jul-1997,5.81
1997,Jul,14,14-Jul-1997,5.81
1997,Jul,15,15-Jul-1997,5.81
1997,Jul,16,16-Jul-1997,5.81
1997,Jul,17,17-Jul-1997,5.81
1997,Jul,18,18-Jul-1997,5.81
1997,Jul,21,21-Jul-1997,5.81
1997,Jul,22,22-Jul-1997,5.81
1997,Jul,23,23-Jul-1997,5.81
1997,Jul,24,24-Jul-1997,5.81
1997,Jul,25,25-Jul-1997,5.81
1997,Jul,28,28-Jul-1997,5.81
1997,Jul,29,29-Jul-1997,5.81
1997,Jul,30,30-Jul-1997,5.81
1997,Jul,31,31-Jul-1997,5.81
1997,Aug,01,01-Aug-1997,5.81
1997,Aug,04,04-Aug-1997,5.81
1997,Aug,05,05-Aug-1997,5.81
1997,Aug,06,06-Aug-1997,5.81
1997,Aug,07,07-Aug-1997,5.81
1997,Aug,08,08-Aug-1997,5.81
1997,Aug,11,11-Aug-1997,5.81
1997,Aug,12,12-Aug-1997,5.81
1997,Aug,13,13-Aug-1997,5.81
1997,Aug,14,14-Aug-1997,5.81
1997,Aug,15,15-Aug-1997,5.81
1997,Aug,18,18-Aug-1997,5.81
1997,Aug,19,19-Aug-1997,5.81
1997,Aug,20,20-Aug-1997,5.81
1997,Aug,21,21-Aug-1997,5.81
1997,Aug,22,22-Aug-1997,5.75
1997,Aug,25,25-Aug-1997,5.81
1997,Aug,26,26-Aug-1997,5.81
1997,Aug,27,27-Aug-1997,5.81
1997,Aug,28,28-Aug-1997,5.81
1997,Aug,29,29-Aug-1997,5.81
1997,Sep,01,01-Sep-1997,5.81
1997,Sep,02,02-Sep-1997,5.81
1997,Sep,03,03-Sep-1997,5.81
1997,Sep,04,04-Sep-1997,5.81
1997,Sep,05,05-Sep-1997,5.81
1997,Sep,08,08-Sep-1997,5.81
1997,Sep,09,09-Sep-1997,5.81
1997,Sep,10,10-Sep-1997,5.81
1997,Sep,11,11-Sep-1997,5.81
1997,Sep,12,12-Sep-1997,5.81
1997,Sep,15,15-Sep-1997,5.81
1997,Sep,16,16-Sep-1997,5.81
1997,Sep,17,17-Sep-1997,5.81
1997,Sep,18,18-Sep-1997,5.75
1997,Sep,19,19-Sep-1997,5.81
1997,Sep,22,22-Sep-1997,5.75
1997,Sep,23,23-Sep-1997,5.81
1997,Sep,24,24-Sep-1997,5.81
1997,Sep,25,25-Sep-1997,5.81
1997,Sep,26,26-Sep-1997,5.75
1997,Sep,29,29-Sep-1997,5.75
1997,Sep,30,30-Sep-1997,5.81
1997,Oct,01,01-Oct-1997,5.81
1997,Oct,02,02-Oct-1997,5.81
1997,Oct,03,03-Oct-1997,5.81
1997,Oct,06,06-Oct-1997,5.75
1997,Oct,07,07-Oct-1997,5.75
1997,Oct,08,08-Oct-1997,5.75
1997,Oct,09,09-Oct-1997,5.75
1997,Oct,10,10-Oct-1997,5.75
1997,Oct,13,13-Oct-1997,5.81
1997,Oct,14,14-Oct-1997,5.81
1997,Oct,15,15-Oct-1997,5.81
1997,Oct,16,16-Oct-1997,5.81
1997,Oct,17,17-Oct-1997,5.81
1997,Oct,20,20-Oct-1997,5.88
1997,Oct,21,21-Oct-1997,5.88
1997,Oct,22,22-Oct-1997,5.88
1997,Oct,23,23-Oct-1997,5.88
1997,Oct,24,24-Oct-1997,5.88
1997,Oct,27,27-Oct-1997,5.88
1997,Oct,28,28-Oct-1997,5.88
1997,Oct,29,29-Oct-1997,5.88
1997,Oct,31,31-Oct-1997,5.88
1997,Nov,03,03-Nov-1997,5.88
1997,Nov,04,04-Nov-1997,5.88
1997,Nov,05,05-Nov-1997,5.88
1997,Nov,06,06-Nov-1997,5.88
1997,Nov,07,07-Nov-1997,5.88
1997,Nov,10,10-Nov-1997,5.94
1997,Nov,11,11-Nov-1997,6
1997,Nov,12,12-Nov-1997,6.06
1997,Nov,13,13-Nov-1997,6.31
1997,Nov,14,14-Nov-1997,6.25
1997,Nov,17,17-Nov-1997,6.44
1997,Nov,18,18-Nov-1997,6.44
1997,Nov,19,19-Nov-1997,6.31
1997,Nov,20,20-Nov-1997,6.31
1997,Nov,21,21-Nov-1997,6.31
1997,Nov,24,24-Nov-1997,6.44
1997,Nov,25,25-Nov-1997,6.56
1997,Nov,26,26-Nov-1997,6.69
1997,Nov,27,27-Nov-1997,6.75
1997,Nov,28,28-Nov-1997,6.81
1997,Dec,01,01-Dec-1997,6.69
1997,Dec,02,02-Dec-1997,6.69
1997,Dec,03,03-Dec-1997,6.69
1997,Dec,04,04-Dec-1997,6.63
1997,Dec,05,05-Dec-1997,6.44
1997,Dec,08,08-Dec-1997,6.44
1997,Dec,09,09-Dec-1997,6.13
1997,Dec,10,10-Dec-1997,6.13
1997,Dec,11,11-Dec-1997,6.13
1997,Dec,12,12-Dec-1997,6.19
1997,Dec,15,15-Dec-1997,6.19
1997,Dec,16,16-Dec-1997,6.19
1997,Dec,17,17-Dec-1997,6.13
1997,Dec,18,18-Dec-1997,6.13
1997,Dec,19,19-Dec-1997,6.13
1997,Dec,22,22-Dec-1997,6.13
1997,Dec,23,23-Dec-1997,6.13
1997,Dec,24,24-Dec-1997,6.19
1997,Dec,26,26-Dec-1997,6.25
1997,Dec,29,29-Dec-1997,6.31
1997,Dec,30,30-Dec-1997,6.25
1997,Dec,31,31-Dec-1997,6.31
1998,Jan,02,02-Jan-1998,6.31
1998,Jan,05,05-Jan-1998,6.31
1998,Jan,06,06-Jan-1998,6.31
1998,Jan,07,07-Jan-1998,6.31
1998,Jan,08,08-Jan-1998,6.31
1998,Jan,09,09-Jan-1998,6.31
1998,Jan,12,12-Jan-1998,6.34
1998,Jan,13,13-Jan-1998,6.31
1998,Jan,14,14-Jan-1998,5.63
1998,Jan,15,15-Jan-1998,6.38
1998,Jan,16,16-Jan-1998,6.38
1998,Jan,19,19-Jan-1998,6.31
1998,Jan,20,20-Jan-1998,6.56
1998,Jan,21,21-Jan-1998,6.31
1998,Jan,22,22-Jan-1998,6.38
1998,Jan,23,23-Jan-1998,5.31
1998,Jan,26,26-Jan-1998,5.63
1998,Jan,27,27-Jan-1998,5.63
1998,Feb,02,02-Feb-1998,5.63
1998,Feb,03,03-Feb-1998,6
1998,Feb,04,04-Feb-1998,6
1998,Feb,05,05-Feb-1998,5.94
1998,Feb,06,06-Feb-1998,5.88
1998,Feb,09,09-Feb-1998,5.88
1998,Feb,10,10-Feb-1998,5.94
1998,Feb,11,11-Feb-1998,5.94
1998,Feb,12,12-Feb-1998,5.63
1998,Feb,13,13-Feb-1998,5.88
1998,Feb,16,16-Feb-1998,5.88
1998,Feb,17,17-Feb-1998,5.88
1998,Feb,18,18-Feb-1998,5.94
1998,Feb,19,19-Feb-1998,5.84
1998,Feb,20,20-Feb-1998,5.81
1998,Feb,23,23-Feb-1998,5.63
1998,Feb,24,24-Feb-1998,5.81
1998,Feb,25,25-Feb-1998,5.88
1998,Feb,26,26-Feb-1998,5.88
1998,Feb,27,27-Feb-1998,5.88
1998,Mar,02,02-Mar-1998,5.88
1998,Mar,03,03-Mar-1998,5.94
1998,Mar,04,04-Mar-1998,5.63
1998,Mar,05,05-Mar-1998,6
1998,Mar,06,06-Mar-1998,6
1998,Mar,09,09-Mar-1998,5.94
1998,Mar,10,10-Mar-1998,5.94
1998,Mar,11,11-Mar-1998,5.63
1998,Mar,12,12-Mar-1998,5.88
1998,Mar,13,13-Mar-1998,5.88
1998,Mar,16,16-Mar-1998,5.69
1998,Mar,17,17-Mar-1998,5.63
1998,Mar,18,18-Mar-1998,5.63
1998,Mar,19,19-Mar-1998,5.81
1998,Mar,20,20-Mar-1998,5.63
1998,Mar,23,23-Mar-1998,5.63
1998,Mar,24,24-Mar-1998,5.94
1998,Mar,25,25-Mar-1998,5.69
1998,Mar,26,26-Mar-1998,5.69
1998,Mar,27,27-Mar-1998,5.69
1998,Mar,30,30-Mar-1998,5.88
1998,Mar,31,31-Mar-1998,5.88
1998,Apr,01,01-Apr-1998,5.88
1998,Apr,02,02-Apr-1998,5.94
1998,Apr,03,03-Apr-1998,5.88
1998,Apr,06,06-Apr-1998,5.88
1998,Apr,08,08-Apr-1998,5.63
1998,Apr,09,09-Apr-1998,5.88
1998,Apr,13,13-Apr-1998,5.88
1998,Apr,14,14-Apr-1998,5.88
1998,Apr,15,15-Apr-1998,5.88
1998,Apr,16,16-Apr-1998,5.63
1998,Apr,17,17-Apr-1998,5.63
1998,Apr,20,20-Apr-1998,5.63
1998,Apr,21,21-Apr-1998,5.94
1998,Apr,22,22-Apr-1998,5.94
1998,Apr,23,23-Apr-1998,5.69
1998,Apr,24,24-Apr-1998,5.88
1998,Apr,27,27-Apr-1998,5.88
1998,Apr,28,28-Apr-1998,5.88
1998,Apr,29,29-Apr-1998,5.88
1998,Apr,30,30-Apr-1998,5.63
1998,May,04,04-May-1998,5.88
1998,May,05,05-May-1998,5.63
1998,May,06,06-May-1998,5.69
1998,May,07,07-May-1998,5.63
1998,May,08,08-May-1998,5.88
1998,May,12,12-May-1998,5.69
1998,May,13,13-May-1998,5.94
1998,May,14,14-May-1998,5.88
1998,May,15,15-May-1998,5.88
1998,May,18,18-May-1998,5.94
1998,May,19,19-May-1998,5.94
1998,May,20,20-May-1998,5.88
1998,May,21,21-May-1998,5.94
1998,May,22,22-May-1998,5.94
1998,May,25,25-May-1998,5.94
1998,May,26,26-May-1998,5.69
1998,May,27,27-May-1998,6.06
1998,May,28,28-May-1998,6.13
1998,May,29,29-May-1998,6.25
1998,Jun,01,01-Jun-1998,6.25
1998,Jun,02,02-Jun-1998,6.13
1998,Jun,03,03-Jun-1998,5.69
1998,Jun,04,04-Jun-1998,5.63
1998,Jun,05,05-Jun-1998,6.06
1998,Jun,08,08-Jun-1998,6
1998,Jun,09,09-Jun-1998,6.13
1998,Jun,10,10-Jun-1998,6.06
1998,Jun,11,11-Jun-1998,6
1998,Jun,12,12-Jun-1998,6
1998,Jun,15,15-Jun-1998,5.69
1998,Jun,16,16-Jun-1998,5.69
1998,Jun,17,17-Jun-1998,6.06
1998,Jun,18,18-Jun-1998,5.63
1998,Jun,19,19-Jun-1998,5.63
1998,Jun,22,22-Jun-1998,5.63
1998,Jun,23,23-Jun-1998,6.06
1998,Jun,24,24-Jun-1998,5.63
1998,Jun,25,25-Jun-1998,6.19
1998,Jun,26,26-Jun-1998,6.06
1998,Jun,29,29-Jun-1998,6.13
1998,Jun,30,30-Jun-1998,6.13
1998,Jul,01,01-Jul-1998,6.13
1998,Jul,02,02-Jul-1998,5.63
1998,Jul,03,03-Jul-1998,5.63
1998,Jul,06,06-Jul-1998,5.63
1998,Jul,07,07-Jul-1998,5.63
1998,Jul,08,08-Jul-1998,5.63
1998,Jul,09,09-Jul-1998,5.63
1998,Jul,10,10-Jul-1998,5.63
1998,Jul,13,13-Jul-1998,6.13
1998,Jul,14,14-Jul-1998,5.63
1998,Jul,15,15-Jul-1998,6.13
1998,Jul,16,16-Jul-1998,6.13
1998,Jul,17,17-Jul-1998,6.13
1998,Jul,20,20-Jul-1998,6.13
1998,Jul,21,21-Jul-1998,6.13
1998,Jul,22,22-Jul-1998,6.06
1998,Jul,23,23-Jul-1998,6.13
1998,Jul,24,24-Jul-1998,5.63
1998,Jul,27,27-Jul-1998,6.13
1998,Jul,28,28-Jul-1998,5.63
1998,Jul,29,29-Jul-1998,5.56
1998,Jul,30,30-Jul-1998,5.56
1998,Jul,31,31-Jul-1998,6.13
1998,Aug,03,03-Aug-1998,6.06
1998,Aug,04,04-Aug-1998,6.06
1998,Aug,05,05-Aug-1998,6.06
1998,Aug,06,06-Aug-1998,6.06
1998,Aug,07,07-Aug-1998,6.06
1998,Aug,11,11-Aug-1998,5.56
1998,Aug,12,12-Aug-1998,6
1998,Aug,13,13-Aug-1998,6.06
1998,Aug,14,14-Aug-1998,6.06
1998,Aug,17,17-Aug-1998,6
1998,Aug,18,18-Aug-1998,6
1998,Aug,19,19-Aug-1998,6
1998,Aug,20,20-Aug-1998,6
1998,Aug,21,21-Aug-1998,6
1998,Aug,24,24-Aug-1998,5.44
1998,Aug,25,25-Aug-1998,6
1998,Aug,26,26-Aug-1998,6
1998,Aug,27,27-Aug-1998,5.81
1998,Aug,28,28-Aug-1998,5.31
1998,Aug,31,31-Aug-1998,5.31
1998,Sep,01,01-Sep-1998,5.25
1998,Sep,02,02-Sep-1998,5.94
1998,Sep,03,03-Sep-1998,6
1998,Sep,04,04-Sep-1998,5.31
1998,Sep,07,07-Sep-1998,5.75
1998,Sep,08,08-Sep-1998,6.06
1998,Sep,09,09-Sep-1998,6.13
1998,Sep,10,10-Sep-1998,5.63
1998,Sep,11,11-Sep-1998,6.13
1998,Sep,14,14-Sep-1998,6.06
1998,Sep,15,15-Sep-1998,6.13
1998,Sep,16,16-Sep-1998,5.75
1998,Sep,17,17-Sep-1998,5.19
1998,Sep,18,18-Sep-1998,5.94
1998,Sep,21,21-Sep-1998,5.94
1998,Sep,22,22-Sep-1998,5.19
1998,Sep,23,23-Sep-1998,6
1998,Sep,24,24-Sep-1998,5.19
1998,Sep,25,25-Sep-1998,6
1998,Sep,28,28-Sep-1998,6
1998,Sep,29,29-Sep-1998,5.25
1998,Sep,30,30-Sep-1998,5.25
1998,Oct,01,01-Oct-1998,5.25
1998,Oct,02,02-Oct-1998,5.38
1998,Oct,05,05-Oct-1998,5.38
1998,Oct,06,06-Oct-1998,5.38
1998,Oct,07,07-Oct-1998,5.75
1998,Oct,08,08-Oct-1998,5.38
1998,Oct,09,09-Oct-1998,5.38
1998,Oct,12,12-Oct-1998,5.38
1998,Oct,13,13-Oct-1998,6.38
1998,Oct,14,14-Oct-1998,5.38
1998,Oct,15,15-Oct-1998,5.19
1998,Oct,16,16-Oct-1998,5.25
1998,Oct,20,20-Oct-1998,6
1998,Oct,21,21-Oct-1998,5.25
1998,Oct,22,22-Oct-1998,6
1998,Oct,23,23-Oct-1998,5.25
1998,Oct,26,26-Oct-1998,5.25
1998,Oct,27,27-Oct-1998,6.06
1998,Oct,28,28-Oct-1998,5.25
1998,Oct,29,29-Oct-1998,6
1998,Oct,30,30-Oct-1998,5.31
1998,Nov,02,02-Nov-1998,5.94
1998,Nov,03,03-Nov-1998,5.88
1998,Nov,04,04-Nov-1998,5.75
1998,Nov,05,05-Nov-1998,5.25
1998,Nov,06,06-Nov-1998,5.25
1998,Nov,09,09-Nov-1998,5.19
1998,Nov,10,10-Nov-1998,5.25
1998,Nov,11,11-Nov-1998,5.25
1998,Nov,12,12-Nov-1998,5.19
1998,Nov,13,13-Nov-1998,5.69
1998,Nov,16,16-Nov-1998,5.69
1998,Nov,17,17-Nov-1998,5.25
1998,Nov,18,18-Nov-1998,5.25
1998,Nov,19,19-Nov-1998,5.25
1998,Nov,20,20-Nov-1998,5.69
1998,Nov,23,23-Nov-1998,5.25
1998,Nov,24,24-Nov-1998,5.69
1998,Nov,25,25-Nov-1998,5.31
1998,Nov,26,26-Nov-1998,5.25
1998,Nov,27,27-Nov-1998,5.13
1998,Nov,30,30-Nov-1998,5.06
1998,Dec,01,01-Dec-1998,5.19
1998,Dec,02,02-Dec-1998,5.88
1998,Dec,03,03-Dec-1998,5.75
1998,Dec,04,04-Dec-1998,5.63
1998,Dec,07,07-Dec-1998,5.13
1998,Dec,08,08-Dec-1998,5.13
1998,Dec,09,09-Dec-1998,5.06
1998,Dec,10,10-Dec-1998,5.13
1998,Dec,11,11-Dec-1998,5.13
1998,Dec,14,14-Dec-1998,5.06
1998,Dec,15,15-Dec-1998,5.56
1998,Dec,16,16-Dec-1998,5.56
1998,Dec,17,17-Dec-1998,5.13
1998,Dec,18,18-Dec-1998,5.13
1998,Dec,21,21-Dec-1998,5.13
1998,Dec,22,22-Dec-1998,5.56
1998,Dec,23,23-Dec-1998,5.13
1998,Dec,24,24-Dec-1998,5.56
1998,Dec,28,28-Dec-1998,5.19
1998,Dec,29,29-Dec-1998,5.13
1998,Dec,30,30-Dec-1998,5.06
1998,Dec,31,31-Dec-1998,5.03
1999,Jan,04,04-Jan-1999,5.13
1999,Jan,05,05-Jan-1999,5.06
1999,Jan,06,06-Jan-1999,5
1999,Jan,07,07-Jan-1999,5.63
1999,Jan,08,08-Jan-1999,5.63
1999,Jan,11,11-Jan-1999,5
1999,Jan,12,12-Jan-1999,5.63
1999,Jan,13,13-Jan-1999,5
1999,Jan,14,14-Jan-1999,5
1999,Jan,15,15-Jan-1999,5.63
1999,Jan,18,18-Jan-1999,4.94
1999,Jan,20,20-Jan-1999,4.94
1999,Jan,21,21-Jan-1999,5.56
1999,Jan,22,22-Jan-1999,5.56
1999,Jan,25,25-Jan-1999,4.94
1999,Jan,26,26-Jan-1999,4.94
1999,Jan,27,27-Jan-1999,4.94
1999,Jan,28,28-Jan-1999,5.5
1999,Jan,29,29-Jan-1999,4.97
1999,Feb,01,01-Feb-1999,4.94
1999,Feb,02,02-Feb-1999,4.94
1999,Feb,03,03-Feb-1999,4.94
1999,Feb,04,04-Feb-1999,4.94
1999,Feb,05,05-Feb-1999,4.94
1999,Feb,08,08-Feb-1999,5.25
1999,Feb,09,09-Feb-1999,4.94
1999,Feb,10,10-Feb-1999,4.94
1999,Feb,11,11-Feb-1999,4.94
1999,Feb,12,12-Feb-1999,4.97
1999,Feb,15,15-Feb-1999,5.25
1999,Feb,18,18-Feb-1999,4.94
1999,Feb,19,19-Feb-1999,4.97
1999,Feb,22,22-Feb-1999,5.31
1999,Feb,23,23-Feb-1999,4.94
1999,Feb,24,24-Feb-1999,5.31
1999,Feb,25,25-Feb-1999,4.94
1999,Feb,26,26-Feb-1999,5.25
1999,Mar,01,01-Mar-1999,5
1999,Mar,02,02-Mar-1999,5.25
1999,Mar,03,03-Mar-1999,5
1999,Mar,04,04-Mar-1999,5
1999,Mar,05,05-Mar-1999,5.19
1999,Mar,08,08-Mar-1999,5.13
1999,Mar,09,09-Mar-1999,4.94
1999,Mar,10,10-Mar-1999,4.94
1999,Mar,11,11-Mar-1999,5
1999,Mar,12,12-Mar-1999,5
1999,Mar,15,15-Mar-1999,5
1999,Mar,16,16-Mar-1999,4.94
1999,Mar,17,17-Mar-1999,4.94
1999,Mar,18,18-Mar-1999,4.94
1999,Mar,19,19-Mar-1999,5
1999,Mar,22,22-Mar-1999,4.94
1999,Mar,23,23-Mar-1999,5
1999,Mar,24,24-Mar-1999,4.94
1999,Mar,25,25-Mar-1999,4.94
1999,Mar,26,26-Mar-1999,5
1999,Mar,30,30-Mar-1999,5.06
1999,Mar,31,31-Mar-1999,5.06
1999,Apr,01,01-Apr-1999,4.94
1999,Apr,05,05-Apr-1999,4.94
1999,Apr,06,06-Apr-1999,4.94
1999,Apr,07,07-Apr-1999,4.97
1999,Apr,08,08-Apr-1999,5.06
1999,Apr,09,09-Apr-1999,5.06
1999,Apr,12,12-Apr-1999,5.06
1999,Apr,13,13-Apr-1999,4.94
1999,Apr,14,14-Apr-1999,5
1999,Apr,15,15-Apr-1999,5
1999,Apr,16,16-Apr-1999,4.97
1999,Apr,19,19-Apr-1999,5
1999,Apr,20,20-Apr-1999,5
1999,Apr,21,21-Apr-1999,5
1999,Apr,22,22-Apr-1999,4.94
1999,Apr,23,23-Apr-1999,4.94
1999,Apr,26,26-Apr-1999,5
1999,Apr,27,27-Apr-1999,4.94
1999,Apr,28,28-Apr-1999,4.94
1999,Apr,29,29-Apr-1999,4.94
1999,Apr,30,30-Apr-1999,5
1999,May,03,03-May-1999,4.94
1999,May,04,04-May-1999,4.94
1999,May,05,05-May-1999,4.94
1999,May,06,06-May-1999,5.06
1999,May,07,07-May-1999,4.94
1999,May,10,10-May-1999,4.94
1999,May,11,11-May-1999,4.94
1999,May,12,12-May-1999,4.97
1999,May,13,13-May-1999,4.94
1999,May,14,14-May-1999,4.94
1999,May,17,17-May-1999,4.97
1999,May,18,18-May-1999,5
1999,May,19,19-May-1999,5.06
1999,May,20,20-May-1999,5
1999,May,21,21-May-1999,5
1999,May,24,24-May-1999,5
1999,May,25,25-May-1999,5.03
1999,May,26,26-May-1999,5.03
1999,May,27,27-May-1999,5
1999,May,28,28-May-1999,5.03
1999,May,31,31-May-1999,5.06
1999,Jun,01,01-Jun-1999,5.06
1999,Jun,02,02-Jun-1999,5.06
1999,Jun,03,03-Jun-1999,5.13
1999,Jun,04,04-Jun-1999,5.13
1999,Jun,07,07-Jun-1999,5.13
1999,Jun,08,08-Jun-1999,5.13
1999,Jun,09,09-Jun-1999,5.09
1999,Jun,10,10-Jun-1999,5.13
1999,Jun,11,11-Jun-1999,5.13
1999,Jun,14,14-Jun-1999,5.19
1999,Jun,15,15-Jun-1999,5.19
1999,Jun,16,16-Jun-1999,5.19
1999,Jun,17,17-Jun-1999,5.19
1999,Jun,18,18-Jun-1999,5.19
1999,Jun,21,21-Jun-1999,5.19
1999,Jun,22,22-Jun-1999,5.19
1999,Jun,23,23-Jun-1999,5.25
1999,Jun,24,24-Jun-1999,5.25
1999,Jun,25,25-Jun-1999,5.31
1999,Jun,28,28-Jun-1999,5.31
1999,Jun,29,29-Jun-1999,5.38
1999,Jun,30,30-Jun-1999,5.38
1999,Jul,01,01-Jul-1999,5.25
1999,Jul,02,02-Jul-1999,5.38
1999,Jul,05,05-Jul-1999,5.38
1999,Jul,06,06-Jul-1999,5.38
1999,Jul,07,07-Jul-1999,5.31
1999,Jul,08,08-Jul-1999,5.31
1999,Jul,09,09-Jul-1999,5.28
1999,Jul,12,12-Jul-1999,5.38
1999,Jul,13,13-Jul-1999,5.31
1999,Jul,14,14-Jul-1999,5.31
1999,Jul,15,15-Jul-1999,5.31
1999,Jul,16,16-Jul-1999,5.31
1999,Jul,19,19-Jul-1999,5.31
1999,Jul,20,20-Jul-1999,5.38
1999,Jul,21,21-Jul-1999,5.25
1999,Jul,22,22-Jul-1999,5.25
1999,Jul,23,23-Jul-1999,5.31
1999,Jul,26,26-Jul-1999,5.31
1999,Jul,27,27-Jul-1999,5.31
1999,Jul,28,28-Jul-1999,5.31
1999,Jul,29,29-Jul-1999,5.31
1999,Jul,30,30-Jul-1999,5.38
1999,Aug,02,02-Aug-1999,5.75
1999,Aug,03,03-Aug-1999,5.38
1999,Aug,04,04-Aug-1999,5.38
1999,Aug,05,05-Aug-1999,5.38
1999,Aug,06,06-Aug-1999,5.41
1999,Aug,10,10-Aug-1999,5.44
1999,Aug,11,11-Aug-1999,5.44
1999,Aug,12,12-Aug-1999,5.47
1999,Aug,13,13-Aug-1999,5.5
1999,Aug,16,16-Aug-1999,5.5
1999,Aug,17,17-Aug-1999,5.5
1999,Aug,18,18-Aug-1999,5.47
1999,Aug,19,19-Aug-1999,5.5
1999,Aug,20,20-Aug-1999,5.5
1999,Aug,23,23-Aug-1999,5.5
1999,Aug,24,24-Aug-1999,5.5
1999,Aug,25,25-Aug-1999,5.5
1999,Aug,26,26-Aug-1999,5.47
1999,Aug,27,27-Aug-1999,5.47
1999,Aug,30,30-Aug-1999,5.5
1999,Aug,31,31-Aug-1999,5.5
1999,Sep,01,01-Sep-1999,5.5
1999,Sep,02,02-Sep-1999,5.5
1999,Sep,03,03-Sep-1999,5.5
1999,Sep,06,06-Sep-1999,5.5
1999,Sep,07,07-Sep-1999,5.5
1999,Sep,08,08-Sep-1999,5.5
1999,Sep,09,09-Sep-1999,5.5
1999,Sep,10,10-Sep-1999,5.5
1999,Sep,13,13-Sep-1999,5.5
1999,Sep,14,14-Sep-1999,5.47
1999,Sep,15,15-Sep-1999,5.47
1999,Sep,16,16-Sep-1999,5.5
1999,Sep,17,17-Sep-1999,5.5
1999,Sep,20,20-Sep-1999,5.5
1999,Sep,21,21-Sep-1999,5.5
1999,Sep,22,22-Sep-1999,5.5
1999,Sep,23,23-Sep-1999,5.47
1999,Sep,24,24-Sep-1999,5.5
1999,Sep,27,27-Sep-1999,5.5
1999,Sep,28,28-Sep-1999,5.5
1999,Sep,29,29-Sep-1999,6
1999,Sep,30,30-Sep-1999,6.06
1999,Oct,01,01-Oct-1999,6.06
1999,Oct,04,04-Oct-1999,6.06
1999,Oct,05,05-Oct-1999,6.19
1999,Oct,06,06-Oct-1999,6.13
1999,Oct,07,07-Oct-1999,6.19
1999,Oct,08,08-Oct-1999,6.19
1999,Oct,11,11-Oct-1999,6.19
1999,Oct,12,12-Oct-1999,6.19
1999,Oct,13,13-Oct-1999,6.19
1999,Oct,14,14-Oct-1999,6.19
1999,Oct,15,15-Oct-1999,6.19
1999,Oct,18,18-Oct-1999,5.44
1999,Oct,19,19-Oct-1999,6.25
1999,Oct,20,20-Oct-1999,6.19
1999,Oct,21,21-Oct-1999,6.25
1999,Oct,22,22-Oct-1999,5.31
1999,Oct,25,25-Oct-1999,5.25
1999,Oct,26,26-Oct-1999,6.38
1999,Oct,27,27-Oct-1999,6.31
1999,Oct,28,28-Oct-1999,5.31
1999,Oct,29,29-Oct-1999,6.31
1999,Nov,01,01-Nov-1999,6.19
1999,Nov,02,02-Nov-1999,6.31
1999,Nov,03,03-Nov-1999,6.16
1999,Nov,04,04-Nov-1999,6.31
1999,Nov,05,05-Nov-1999,6.13
1999,Nov,09,09-Nov-1999,6.06
1999,Nov,10,10-Nov-1999,6.06
1999,Nov,11,11-Nov-1999,6.03
1999,Nov,12,12-Nov-1999,6.06
1999,Nov,15,15-Nov-1999,6.06
1999,Nov,16,16-Nov-1999,6.06
1999,Nov,17,17-Nov-1999,6.13
1999,Nov,18,18-Nov-1999,6.06
1999,Nov,19,19-Nov-1999,6.06
1999,Nov,22,22-Nov-1999,6.22
1999,Nov,23,23-Nov-1999,6.06
1999,Nov,24,24-Nov-1999,6.06
1999,Nov,25,25-Nov-1999,6.25
1999,Nov,26,26-Nov-1999,6.25
1999,Nov,29,29-Nov-1999,6.25
1999,Nov,30,30-Nov-1999,6.09
1999,Dec,01,01-Dec-1999,6.25
1999,Dec,02,02-Dec-1999,6.25
1999,Dec,03,03-Dec-1999,6.13
1999,Dec,06,06-Dec-1999,6.25
1999,Dec,07,07-Dec-1999,6.25
1999,Dec,08,08-Dec-1999,6.13
1999,Dec,09,09-Dec-1999,6.13
1999,Dec,10,10-Dec-1999,6.13
1999,Dec,13,13-Dec-1999,6.13
1999,Dec,14,14-Dec-1999,6.13
1999,Dec,15,15-Dec-1999,6.13
1999,Dec,16,16-Dec-1999,6.13
1999,Dec,17,17-Dec-1999,6.13
1999,Dec,20,20-Dec-1999,6.19
1999,Dec,21,21-Dec-1999,6.19
1999,Dec,22,22-Dec-1999,6.38
1999,Dec,23,23-Dec-1999,6.44
1999,Dec,24,24-Dec-1999,6.25
1999,Dec,27,27-Dec-1999,6.06
1999,Dec,28,28-Dec-1999,6.06
1999,Dec,29,29-Dec-1999,6.06
1999,Dec,30,30-Dec-1999,6.06
2000,Jan,03,03-Jan-2000,6
2000,Jan,04,04-Jan-2000,6.02
2000,Jan,05,05-Jan-2000,6.03
2000,Jan,06,06-Jan-2000,6.03
2000,Jan,07,07-Jan-2000,6.03
2000,Jan,10,10-Jan-2000,6.03
2000,Jan,11,11-Jan-2000,6.03
2000,Jan,12,12-Jan-2000,6.03
2000,Jan,13,13-Jan-2000,6.04
2000,Jan,14,14-Jan-2000,6.04
2000,Jan,17,17-Jan-2000,6.04
2000,Jan,18,18-Jan-2000,6.04
2000,Jan,19,19-Jan-2000,6.04
2000,Jan,20,20-Jan-2000,6.04
2000,Jan,21,21-Jan-2000,6.04
2000,Jan,24,24-Jan-2000,6.04
2000,Jan,25,25-Jan-2000,6.04
2000,Jan,26,26-Jan-2000,6.04
2000,Jan,27,27-Jan-2000,6.04
2000,Jan,28,28-Jan-2000,6.04
2000,Jan,31,31-Jan-2000,6.07
2000,Feb,01,01-Feb-2000,6.08
2000,Feb,02,02-Feb-2000,6.11
2000,Feb,03,03-Feb-2000,6.1
2000,Feb,04,04-Feb-2000,6.09
2000,Feb,08,08-Feb-2000,6.1
2000,Feb,09,09-Feb-2000,6.09
2000,Feb,10,10-Feb-2000,6.1
2000,Feb,11,11-Feb-2000,6.1
2000,Feb,14,14-Feb-2000,6.09
2000,Feb,15,15-Feb-2000,6.09
2000,Feb,16,16-Feb-2000,6.09
2000,Feb,17,17-Feb-2000,6.09
2000,Feb,18,18-Feb-2000,6.09
2000,Feb,21,21-Feb-2000,6.11
2000,Feb,22,22-Feb-2000,6.11
2000,Feb,23,23-Feb-2000,6.11
2000,Feb,24,24-Feb-2000,6.11
2000,Feb,25,25-Feb-2000,6.1
2000,Feb,28,28-Feb-2000,6.1
2000,Feb,29,29-Feb-2000,6.1
2000,Mar,01,01-Mar-2000,6.1
2000,Mar,02,02-Mar-2000,6.11
2000,Mar,03,03-Mar-2000,6.12
2000,Mar,06,06-Mar-2000,6.12
2000,Mar,07,07-Mar-2000,6.12
2000,Mar,08,08-Mar-2000,6.13
2000,Mar,09,09-Mar-2000,6.13
2000,Mar,10,10-Mar-2000,6.14
2000,Mar,13,13-Mar-2000,6.15
2000,Mar,14,14-Mar-2000,6.15
2000,Mar,15,15-Mar-2000,6.16
2000,Mar,17,17-Mar-2000,6.19
2000,Mar,20,20-Mar-2000,6.21
2000,Mar,21,21-Mar-2000,6.23
2000,Mar,22,22-Mar-2000,6.24
2000,Mar,23,23-Mar-2000,6.25
2000,Mar,24,24-Mar-2000,6.25
2000,Mar,27,27-Mar-2000,6.27
2000,Mar,28,28-Mar-2000,6.28
2000,Mar,29,29-Mar-2000,6.28
2000,Mar,30,30-Mar-2000,6.28
2000,Mar,31,31-Mar-2000,6.28
2000,Apr,03,03-Apr-2000,6.29
2000,Apr,04,04-Apr-2000,6.29
2000,Apr,05,05-Apr-2000,6.25
2000,Apr,06,06-Apr-2000,6.27
2000,Apr,07,07-Apr-2000,6.27
2000,Apr,10,10-Apr-2000,6.28
2000,Apr,11,11-Apr-2000,6.28
2000,Apr,12,12-Apr-2000,6.28
2000,Apr,13,13-Apr-2000,6.28
2000,Apr,14,14-Apr-2000,6.28
2000,Apr,17,17-Apr-2000,6.28
2000,Apr,18,18-Apr-2000,6.28
2000,Apr,19,19-Apr-2000,6.29
2000,Apr,20,20-Apr-2000,6.31
2000,Apr,24,24-Apr-2000,6.32
2000,Apr,25,25-Apr-2000,6.32
2000,Apr,26,26-Apr-2000,6.36
2000,Apr,27,27-Apr-2000,6.38
2000,Apr,28,28-Apr-2000,6.48
2000,May,02,02-May-2000,6.56
2000,May,03,03-May-2000,6.57
2000,May,04,04-May-2000,6.62
2000,May,05,05-May-2000,6.67
2000,May,08,08-May-2000,6.69
2000,May,09,09-May-2000,6.71
2000,May,10,10-May-2000,6.72
2000,May,11,11-May-2000,6.72
2000,May,12,12-May-2000,6.72
2000,May,15,15-May-2000,6.75
2000,May,16,16-May-2000,6.76
2000,May,17,17-May-2000,6.78
2000,May,19,19-May-2000,6.81
2000,May,22,22-May-2000,6.82
2000,May,23,23-May-2000,6.82
2000,May,24,24-May-2000,6.82
2000,May,25,25-May-2000,6.82
2000,May,26,26-May-2000,6.82
2000,May,29,29-May-2000,6.82
2000,May,30,30-May-2000,6.83
2000,May,31,31-May-2000,6.84
2000,Jun,01,01-Jun-2000,6.86
2000,Jun,02,02-Jun-2000,6.86
2000,Jun,05,05-Jun-2000,6.79
2000,Jun,06,06-Jun-2000,6.78
2000,Jun,07,07-Jun-2000,6.79
2000,Jun,08,08-Jun-2000,6.79
2000,Jun,09,09-Jun-2000,6.8
2000,Jun,12,12-Jun-2000,6.81
2000,Jun,13,13-Jun-2000,6.81
2000,Jun,14,14-Jun-2000,6.79
2000,Jun,15,15-Jun-2000,6.79
2000,Jun,16,16-Jun-2000,6.78
2000,Jun,19,19-Jun-2000,6.77
2000,Jun,20,20-Jun-2000,6.76
2000,Jun,21,21-Jun-2000,6.76
2000,Jun,22,22-Jun-2000,6.77
2000,Jun,23,23-Jun-2000,6.77
2000,Jun,26,26-Jun-2000,6.77
2000,Jun,27,27-Jun-2000,6.77
2000,Jun,28,28-Jun-2000,6.77
2000,Jun,29,29-Jun-2000,6.78
2000,Jun,30,30-Jun-2000,6.78
2000,Jul,03,03-Jul-2000,6.77
2000,Jul,04,04-Jul-2000,6.75
2000,Jul,05,05-Jul-2000,6.75
2000,Jul,06,06-Jul-2000,6.75
2000,Jul,07,07-Jul-2000,6.74
2000,Jul,10,10-Jul-2000,6.71
2000,Jul,11,11-Jul-2000,6.73
2000,Jul,12,12-Jul-2000,6.73
2000,Jul,13,13-Jul-2000,6.73
2000,Jul,14,14-Jul-2000,6.73
2000,Jul,17,17-Jul-2000,6.74
2000,Jul,18,18-Jul-2000,6.74
2000,Jul,19,19-Jul-2000,6.74
2000,Jul,20,20-Jul-2000,6.74
2000,Jul,21,21-Jul-2000,6.73
2000,Jul,24,24-Jul-2000,6.72
2000,Jul,25,25-Jul-2000,6.71
2000,Jul,26,26-Jul-2000,6.71
2000,Jul,27,27-Jul-2000,6.71
2000,Jul,28,28-Jul-2000,6.71
2000,Jul,31,31-Jul-2000,6.72
2000,Aug,01,01-Aug-2000,6.72
2000,Aug,02,02-Aug-2000,6.72
2000,Aug,03,03-Aug-2000,6.72
2000,Aug,04,04-Aug-2000,6.71
2000,Aug,07,07-Aug-2000,6.7
2000,Aug,08,08-Aug-2000,6.69
2000,Aug,10,10-Aug-2000,6.89
2000,Aug,11,11-Aug-2000,6.68
2000,Aug,14,14-Aug-2000,6.69
2000,Aug,15,15-Aug-2000,6.68
2000,Aug,16,16-Aug-2000,6.69
2000,Aug,17,17-Aug-2000,6.69
2000,Aug,18,18-Aug-2000,6.69
2000,Aug,21,21-Aug-2000,6.69
2000,Aug,22,22-Aug-2000,6.69
2000,Aug,23,23-Aug-2000,6.69
2000,Aug,24,24-Aug-2000,6.69
2000,Aug,25,25-Aug-2000,6.68
2000,Aug,28,28-Aug-2000,6.68
2000,Aug,29,29-Aug-2000,6.68
2000,Aug,30,30-Aug-2000,6.68
2000,Aug,31,31-Aug-2000,6.68
2000,Sep,01,01-Sep-2000,6.68
2000,Sep,04,04-Sep-2000,6.66
2000,Sep,05,05-Sep-2000,6.65
2000,Sep,06,06-Sep-2000,6.65
2000,Sep,07,07-Sep-2000,6.65
2000,Sep,08,08-Sep-2000,6.66
2000,Sep,11,11-Sep-2000,6.66
2000,Sep,12,12-Sep-2000,6.66
2000,Sep,13,13-Sep-2000,6.66
2000,Sep,14,14-Sep-2000,6.66
2000,Sep,15,15-Sep-2000,6.66
2000,Sep,18,18-Sep-2000,6.66
2000,Sep,19,19-Sep-2000,6.65
2000,Sep,20,20-Sep-2000,6.66
2000,Sep,21,21-Sep-2000,6.66
2000,Sep,22,22-Sep-2000,6.66
2000,Sep,25,25-Sep-2000,6.66
2000,Sep,26,26-Sep-2000,6.66
2000,Sep,27,27-Sep-2000,6.66
2000,Sep,28,28-Sep-2000,6.76
2000,Sep,29,29-Sep-2000,6.81
2000,Oct,02,02-Oct-2000,6.81
2000,Oct,03,03-Oct-2000,6.8
2000,Oct,04,04-Oct-2000,6.8
2000,Oct,05,05-Oct-2000,6.8
2000,Oct,06,06-Oct-2000,6.8
2000,Oct,09,09-Oct-2000,6.8
2000,Oct,10,10-Oct-2000,6.8
2000,Oct,11,11-Oct-2000,6.8
2000,Oct,12,12-Oct-2000,6.8
2000,Oct,13,13-Oct-2000,6.76
2000,Oct,16,16-Oct-2000,6.77
2000,Oct,17,17-Oct-2000,6.77
2000,Oct,18,18-Oct-2000,6.76
2000,Oct,19,19-Oct-2000,6.76
2000,Oct,20,20-Oct-2000,6.76
2000,Oct,23,23-Oct-2000,6.76
2000,Oct,24,24-Oct-2000,6.76
2000,Oct,25,25-Oct-2000,6.76
2000,Oct,27,27-Oct-2000,6.76
2000,Oct,30,30-Oct-2000,6.75
2000,Oct,31,31-Oct-2000,6.75
2000,Nov,01,01-Nov-2000,6.75
2000,Nov,02,02-Nov-2000,6.75
2000,Nov,03,03-Nov-2000,6.75
2000,Nov,06,06-Nov-2000,6.75
2000,Nov,07,07-Nov-2000,6.75
2000,Nov,08,08-Nov-2000,6.75
2000,Nov,09,09-Nov-2000,6.76
2000,Nov,10,10-Nov-2000,6.75
2000,Nov,13,13-Nov-2000,6.75
2000,Nov,14,14-Nov-2000,6.76
2000,Nov,15,15-Nov-2000,6.75
2000,Nov,16,16-Nov-2000,6.76
2000,Nov,17,17-Nov-2000,6.76
2000,Nov,20,20-Nov-2000,6.75
2000,Nov,21,21-Nov-2000,6.75
2000,Nov,22,22-Nov-2000,6.75
2000,Nov,23,23-Nov-2000,6.75
2000,Nov,24,24-Nov-2000,6.75
2000,Nov,27,27-Nov-2000,6.75
2000,Nov,28,28-Nov-2000,6.74
2000,Nov,29,29-Nov-2000,6.74
2000,Nov,30,30-Nov-2000,6.73
2000,Dec,01,01-Dec-2000,6.68
2000,Dec,04,04-Dec-2000,6.68
2000,Dec,05,05-Dec-2000,6.68
2000,Dec,06,06-Dec-2000,6.63
2000,Dec,07,07-Dec-2000,6.58
2000,Dec,08,08-Dec-2000,6.57
2000,Dec,11,11-Dec-2000,6.57
2000,Dec,12,12-Dec-2000,6.57
2000,Dec,13,13-Dec-2000,6.57
2000,Dec,14,14-Dec-2000,6.57
2000,Dec,15,15-Dec-2000,6.54
2000,Dec,18,18-Dec-2000,6.54
2000,Dec,19,19-Dec-2000,6.53
2000,Dec,20,20-Dec-2000,6.52
2000,Dec,21,21-Dec-2000,6.48
2000,Dec,22,22-Dec-2000,6.46
2000,Dec,26,26-Dec-2000,6.45
2000,Dec,28,28-Dec-2000,6.4
2000,Dec,29,29-Dec-2000,6.4
2001,Jan,02,02-Jan-2001,6.38
2001,Jan,03,03-Jan-2001,6.3
2001,Jan,04,04-Jan-2001,5.92
2001,Jan,05,05-Jan-2001,5.75
2001,Jan,08,08-Jan-2001,5.61
2001,Jan,09,09-Jan-2001,5.62
2001,Jan,10,10-Jan-2001,5.63
2001,Jan,11,11-Jan-2001,5.67
2001,Jan,12,12-Jan-2001,5.67
2001,Jan,15,15-Jan-2001,5.72
2001,Jan,16,16-Jan-2001,5.74
2001,Jan,17,17-Jan-2001,5.74
2001,Jan,18,18-Jan-2001,5.72
2001,Jan,19,19-Jan-2001,5.61
2001,Jan,22,22-Jan-2001,5.6
2001,Jan,23,23-Jan-2001,5.58
2001,Jan,26,26-Jan-2001,5.58
2001,Jan,29,29-Jan-2001,5.56
2001,Jan,30,30-Jan-2001,5.54
2001,Jan,31,31-Jan-2001,5.45
2001,Feb,01,01-Feb-2001,5.38
2001,Feb,02,02-Feb-2001,5.38
2001,Feb,05,05-Feb-2001,5.41
2001,Feb,06,06-Feb-2001,5.41
2001,Feb,07,07-Feb-2001,5.41
2001,Feb,08,08-Feb-2001,5.41
2001,Feb,09,09-Feb-2001,5.41
2001,Feb,12,12-Feb-2001,5.4
2001,Feb,13,13-Feb-2001,5.39
2001,Feb,14,14-Feb-2001,5.4
2001,Feb,15,15-Feb-2001,5.42
2001,Feb,16,16-Feb-2001,5.4
2001,Feb,19,19-Feb-2001,5.38
2001,Feb,20,20-Feb-2001,5.38
2001,Feb,21,21-Feb-2001,5.38
2001,Feb,22,22-Feb-2001,5.35
2001,Feb,23,23-Feb-2001,5.31
2001,Feb,26,26-Feb-2001,5.25
2001,Feb,27,27-Feb-2001,5.15
2001,Feb,28,28-Feb-2001,5.06
2001,Mar,01,01-Mar-2001,5.09
2001,Mar,02,02-Mar-2001,5.09
2001,Mar,05,05-Mar-2001,5.08
2001,Mar,07,07-Mar-2001,5.08
2001,Mar,08,08-Mar-2001,5.07
2001,Mar,09,09-Mar-2001,5.05
2001,Mar,12,12-Mar-2001,5.08
2001,Mar,13,13-Mar-2001,5.04
2001,Mar,14,14-Mar-2001,5.03
2001,Mar,15,15-Mar-2001,4.94
2001,Mar,16,16-Mar-2001,4.9
2001,Mar,19,19-Mar-2001,4.89
2001,Mar,20,20-Mar-2001,4.88
2001,Mar,21,21-Mar-2001,4.86
2001,Mar,22,22-Mar-2001,4.86
2001,Mar,23,23-Mar-2001,4.85
2001,Mar,26,26-Mar-2001,4.87
2001,Mar,27,27-Mar-2001,4.87
2001,Mar,28,28-Mar-2001,4.9
2001,Mar,29,29-Mar-2001,4.89
2001,Mar,30,30-Mar-2001,4.88
2001,Apr,02,02-Apr-2001,4.84
2001,Apr,03,03-Apr-2001,4.85
2001,Apr,04,04-Apr-2001,4.82
2001,Apr,05,05-Apr-2001,4.8
2001,Apr,06,06-Apr-2001,4.81
2001,Apr,09,09-Apr-2001,4.73
2001,Apr,10,10-Apr-2001,4.74
2001,Apr,11,11-Apr-2001,4.77
2001,Apr,12,12-Apr-2001,4.78
2001,Apr,16,16-Apr-2001,4.78
2001,Apr,17,17-Apr-2001,4.8
2001,Apr,18,18-Apr-2001,4.81
2001,Apr,19,19-Apr-2001,4.41
2001,Apr,20,20-Apr-2001,4.41
2001,Apr,23,23-Apr-2001,4.39
2001,Apr,24,24-Apr-2001,4.36
2001,Apr,25,25-Apr-2001,4.35
2001,Apr,26,26-Apr-2001,4.34
2001,Apr,27,27-Apr-2001,4.32
2001,Apr,30,30-Apr-2001,4.34
2001,May,02,02-May-2001,4.31
2001,May,03,03-May-2001,4.31
2001,May,04,04-May-2001,4.27
2001,May,08,08-May-2001,4.09
2001,May,09,09-May-2001,4.07
2001,May,10,10-May-2001,4.06
2001,May,11,11-May-2001,4.06
2001,May,14,14-May-2001,4.12
2001,May,15,15-May-2001,4.12
2001,May,16,16-May-2001,4.02
2001,May,17,17-May-2001,4.03
2001,May,18,18-May-2001,4.04
2001,May,21,21-May-2001,4.06
2001,May,22,22-May-2001,4.06
2001,May,23,23-May-2001,4.06
2001,May,24,24-May-2001,4.05
2001,May,25,25-May-2001,4.03
2001,May,28,28-May-2001,4
2001,May,29,29-May-2001,3.99
2001,May,30,30-May-2001,4
2001,May,31,31-May-2001,4
2001,Jun,01,01-Jun-2001,3.95
2001,Jun,04,04-Jun-2001,3.94
2001,Jun,05,05-Jun-2001,3.94
2001,Jun,06,06-Jun-2001,3.92
2001,Jun,07,07-Jun-2001,3.9
2001,Jun,08,08-Jun-2001,3.9
2001,Jun,11,11-Jun-2001,3.91
2001,Jun,12,12-Jun-2001,3.89
2001,Jun,13,13-Jun-2001,3.88
2001,Jun,14,14-Jun-2001,3.87
2001,Jun,15,15-Jun-2001,3.85
2001,Jun,18,18-Jun-2001,3.81
2001,Jun,19,19-Jun-2001,3.76
2001,Jun,20,20-Jun-2001,3.75
2001,Jun,21,21-Jun-2001,3.72
2001,Jun,22,22-Jun-2001,3.73
2001,Jun,25,25-Jun-2001,3.71
2001,Jun,26,26-Jun-2001,3.7
2001,Jun,27,27-Jun-2001,3.71
2001,Jun,28,28-Jun-2001,3.79
2001,Jun,29,29-Jun-2001,3.83
2001,Jul,02,02-Jul-2001,3.83
2001,Jul,03,03-Jul-2001,3.82
2001,Jul,04,04-Jul-2001,3.82
2001,Jul,05,05-Jul-2001,3.82
2001,Jul,06,06-Jul-2001,3.81
2001,Jul,09,09-Jul-2001,3.79
2001,Jul,10,10-Jul-2001,3.78
2001,Jul,11,11-Jul-2001,3.77
2001,Jul,12,12-Jul-2001,3.77
2001,Jul,13,13-Jul-2001,3.77
2001,Jul,16,16-Jul-2001,3.76
2001,Jul,17,17-Jul-2001,3.76
2001,Jul,18,18-Jul-2001,3.76
2001,Jul,19,19-Jul-2001,3.7
2001,Jul,20,20-Jul-2001,3.7
2001,Jul,23,23-Jul-2001,3.7
2001,Jul,24,24-Jul-2001,3.7
2001,Jul,25,25-Jul-2001,3.7
2001,Jul,26,26-Jul-2001,3.7
2001,Jul,27,27-Jul-2001,3.7
2001,Jul,30,30-Jul-2001,3.68
2001,Jul,31,31-Jul-2001,3.68
2001,Aug,01,01-Aug-2001,3.65
2001,Aug,02,02-Aug-2001,3.65
2001,Aug,03,03-Aug-2001,3.66
2001,Aug,06,06-Aug-2001,3.65
2001,Aug,07,07-Aug-2001,3.65
2001,Aug,08,08-Aug-2001,3.65
2001,Aug,10,10-Aug-2001,3.58
2001,Aug,13,13-Aug-2001,3.57
2001,Aug,14,14-Aug-2001,3.56
2001,Aug,15,15-Aug-2001,3.56
2001,Aug,16,16-Aug-2001,3.56
2001,Aug,17,17-Aug-2001,3.55
2001,Aug,20,20-Aug-2001,3.53
2001,Aug,21,21-Aug-2001,3.53
2001,Aug,22,22-Aug-2001,3.5
2001,Aug,23,23-Aug-2001,3.51
2001,Aug,24,24-Aug-2001,3.51
2001,Aug,27,27-Aug-2001,3.52
2001,Aug,28,28-Aug-2001,3.52
2001,Aug,29,29-Aug-2001,3.5
2001,Aug,30,30-Aug-2001,3.49
2001,Aug,31,31-Aug-2001,3.48
2001,Sep,03,03-Sep-2001,3.47
2001,Sep,04,04-Sep-2001,3.47
2001,Sep,05,05-Sep-2001,3.52
2001,Sep,06,06-Sep-2001,3.52
2001,Sep,07,07-Sep-2001,3.48
2001,Sep,10,10-Sep-2001,3.37
2001,Sep,11,11-Sep-2001,3.36
2001,Sep,12,12-Sep-2001,3.11
2001,Sep,13,13-Sep-2001,3.15
2001,Sep,14,14-Sep-2001,3.16
2001,Sep,17,17-Sep-2001,3.14
2001,Sep,18,18-Sep-2001,2.99
2001,Sep,19,19-Sep-2001,2.88
2001,Sep,20,20-Sep-2001,2.56
2001,Sep,21,21-Sep-2001,2.62
2001,Sep,24,24-Sep-2001,2.61
2001,Sep,25,25-Sep-2001,2.6
2001,Sep,26,26-Sep-2001,2.6
2001,Sep,27,27-Sep-2001,2.6
2001,Sep,28,28-Sep-2001,2.6
2001,Oct,01,01-Oct-2001,2.6
2001,Oct,02,02-Oct-2001,2.6
2001,Oct,03,03-Oct-2001,2.52
2001,Oct,04,04-Oct-2001,2.5
2001,Oct,05,05-Oct-2001,2.5
2001,Oct,08,08-Oct-2001,2.44
2001,Oct,09,09-Oct-2001,2.43
2001,Oct,10,10-Oct-2001,2.44
2001,Oct,11,11-Oct-2001,2.43
2001,Oct,12,12-Oct-2001,2.45
2001,Oct,15,15-Oct-2001,2.44
2001,Oct,16,16-Oct-2001,2.43
2001,Oct,17,17-Oct-2001,2.42
2001,Oct,18,18-Oct-2001,2.4
2001,Oct,19,19-Oct-2001,2.37
2001,Oct,22,22-Oct-2001,2.35
2001,Oct,23,23-Oct-2001,2.35
2001,Oct,24,24-Oct-2001,2.35
2001,Oct,25,25-Oct-2001,2.31
2001,Oct,26,26-Oct-2001,2.28
2001,Oct,29,29-Oct-2001,2.26
2001,Oct,30,30-Oct-2001,2.24
2001,Oct,31,31-Oct-2001,2.2
2001,Nov,01,01-Nov-2001,2.19
2001,Nov,02,02-Nov-2001,2.19
2001,Nov,05,05-Nov-2001,2.17
2001,Nov,06,06-Nov-2001,2.13
2001,Nov,07,07-Nov-2001,2.01
2001,Nov,08,08-Nov-2001,2
2001,Nov,09,09-Nov-2001,2.01
2001,Nov,12,12-Nov-2001,2.02
2001,Nov,13,13-Nov-2001,2.01
2001,Nov,15,15-Nov-2001,2.06
2001,Nov,16,16-Nov-2001,2.16
2001,Nov,19,19-Nov-2001,2.16
2001,Nov,20,20-Nov-2001,2.13
2001,Nov,21,21-Nov-2001,2.14
2001,Nov,22,22-Nov-2001,2.15
2001,Nov,23,23-Nov-2001,2.17
2001,Nov,26,26-Nov-2001,2.17
2001,Nov,27,27-Nov-2001,2.17
2001,Nov,28,28-Nov-2001,2.11
2001,Nov,29,29-Nov-2001,2.1
2001,Nov,30,30-Nov-2001,2.03
2001,Dec,03,03-Dec-2001,2
2001,Dec,04,04-Dec-2001,2
2001,Dec,05,05-Dec-2001,1.99
2001,Dec,06,06-Dec-2001,2.02
2001,Dec,07,07-Dec-2001,2.01
2001,Dec,10,10-Dec-2001,1.94
2001,Dec,11,11-Dec-2001,1.9
2001,Dec,12,12-Dec-2001,1.87
2001,Dec,13,13-Dec-2001,1.87
2001,Dec,14,14-Dec-2001,1.9
2001,Dec,18,18-Dec-2001,1.91
2001,Dec,19,19-Dec-2001,1.9
2001,Dec,20,20-Dec-2001,1.9
2001,Dec,21,21-Dec-2001,1.9
2001,Dec,24,24-Dec-2001,1.9
2001,Dec,26,26-Dec-2001,1.91
2001,Dec,27,27-Dec-2001,1.91
2001,Dec,28,28-Dec-2001,1.89
2001,Dec,31,31-Dec-2001,1.88
2002,Jan,02,02-Jan-2002,1.86
2002,Jan,03,03-Jan-2002,1.87
2002,Jan,04,04-Jan-2002,1.86
2002,Jan,07,07-Jan-2002,1.86
2002,Jan,08,08-Jan-2002,1.84
2002,Jan,09,09-Jan-2002,1.83
2002,Jan,10,10-Jan-2002,1.83
2002,Jan,11,11-Jan-2002,1.82
2002,Jan,14,14-Jan-2002,1.73
2002,Jan,15,15-Jan-2002,1.73
2002,Jan,16,16-Jan-2002,1.72
2002,Jan,17,17-Jan-2002,1.73
2002,Jan,18,18-Jan-2002,1.76
2002,Jan,21,21-Jan-2002,1.8
2002,Jan,22,22-Jan-2002,1.8
2002,Jan,23,23-Jan-2002,1.8
2002,Jan,24,24-Jan-2002,1.81
2002,Jan,25,25-Jan-2002,1.86
2002,Jan,28,28-Jan-2002,1.87
2002,Jan,29,29-Jan-2002,1.88
2002,Jan,30,30-Jan-2002,1.86
2002,Jan,31,31-Jan-2002,1.88
2002,Feb,01,01-Feb-2002,1.91
2002,Feb,04,04-Feb-2002,1.9
2002,Feb,05,05-Feb-2002,1.89
2002,Feb,06,06-Feb-2002,1.89
2002,Feb,07,07-Feb-2002,1.89
2002,Feb,08,08-Feb-2002,1.9
2002,Feb,11,11-Feb-2002,1.89
2002,Feb,14,14-Feb-2002,1.91
2002,Feb,15,15-Feb-2002,1.91
2002,Feb,18,18-Feb-2002,1.91
2002,Feb,19,19-Feb-2002,1.91
2002,Feb,20,20-Feb-2002,1.92
2002,Feb,21,21-Feb-2002,1.92
2002,Feb,22,22-Feb-2002,1.91
2002,Feb,25,25-Feb-2002,1.91
2002,Feb,26,26-Feb-2002,1.92
2002,Feb,27,27-Feb-2002,1.92
2002,Feb,28,28-Feb-2002,1.91
2002,Mar,01,01-Mar-2002,1.91
2002,Mar,04,04-Mar-2002,1.93
2002,Mar,05,05-Mar-2002,1.93
2002,Mar,06,06-Mar-2002,1.93
2002,Mar,07,07-Mar-2002,1.92
2002,Mar,08,08-Mar-2002,1.97
2002,Mar,11,11-Mar-2002,2
2002,Mar,12,12-Mar-2002,2
2002,Mar,13,13-Mar-2002,2
2002,Mar,14,14-Mar-2002,1.99
2002,Mar,15,15-Mar-2002,2.01
2002,Mar,18,18-Mar-2002,2.01
2002,Mar,19,19-Mar-2002,2.01
2002,Mar,20,20-Mar-2002,2
2002,Mar,21,21-Mar-2002,2.01
2002,Mar,22,22-Mar-2002,2.02
2002,Mar,25,25-Mar-2002,2.03
2002,Mar,26,26-Mar-2002,2.04
2002,Mar,27,27-Mar-2002,2.04
2002,Mar,28,28-Mar-2002,2.04
2002,Apr,01,01-Apr-2002,2.03
2002,Apr,02,02-Apr-2002,2.04
2002,Apr,03,03-Apr-2002,2.03
2002,Apr,04,04-Apr-2002,2.02
2002,Apr,05,05-Apr-2002,2.01
2002,Apr,08,08-Apr-2002,1.99
2002,Apr,09,09-Apr-2002,1.99
2002,Apr,10,10-Apr-2002,1.98
2002,Apr,11,11-Apr-2002,1.98
2002,Apr,12,12-Apr-2002,1.97
2002,Apr,15,15-Apr-2002,1.97
2002,Apr,16,16-Apr-2002,1.96
2002,Apr,17,17-Apr-2002,1.96
2002,Apr,18,18-Apr-2002,1.94
2002,Apr,19,19-Apr-2002,1.93
2002,Apr,22,22-Apr-2002,1.94
2002,Apr,23,23-Apr-2002,1.94
2002,Apr,24,24-Apr-2002,1.94
2002,Apr,25,25-Apr-2002,1.93
2002,Apr,26,26-Apr-2002,1.92
2002,Apr,29,29-Apr-2002,1.92
2002,Apr,30,30-Apr-2002,1.91
2002,May,02,02-May-2002,1.91
2002,May,03,03-May-2002,1.92
2002,May,06,06-May-2002,1.9
2002,May,07,07-May-2002,1.89
2002,May,08,08-May-2002,1.88
2002,May,09,09-May-2002,1.91
2002,May,10,10-May-2002,1.9
2002,May,13,13-May-2002,1.89
2002,May,14,14-May-2002,1.9
2002,May,15,15-May-2002,1.91
2002,May,16,16-May-2002,1.91
2002,May,17,17-May-2002,1.9
2002,May,20,20-May-2002,1.91
2002,May,21,21-May-2002,1.9
2002,May,22,22-May-2002,1.89
2002,May,23,23-May-2002,1.9
2002,May,24,24-May-2002,1.9
2002,May,28,28-May-2002,1.9
2002,May,29,29-May-2002,1.9
2002,May,30,30-May-2002,1.9
2002,May,31,31-May-2002,1.9
2002,Jun,03,03-Jun-2002,1.9
2002,Jun,04,04-Jun-2002,1.9
2002,Jun,05,05-Jun-2002,1.9
2002,Jun,06,06-Jun-2002,1.89
2002,Jun,07,07-Jun-2002,1.89
2002,Jun,10,10-Jun-2002,1.89
2002,Jun,11,11-Jun-2002,1.89
2002,Jun,12,12-Jun-2002,1.88
2002,Jun,13,13-Jun-2002,1.88
2002,Jun,14,14-Jun-2002,1.88
2002,Jun,17,17-Jun-2002,1.87
2002,Jun,18,18-Jun-2002,1.88
2002,Jun,19,19-Jun-2002,1.87
2002,Jun,20,20-Jun-2002,1.87
2002,Jun,21,21-Jun-2002,1.87
2002,Jun,24,24-Jun-2002,1.87
2002,Jun,25,25-Jun-2002,1.87
2002,Jun,26,26-Jun-2002,1.86
2002,Jun,27,27-Jun-2002,1.86
2002,Jun,28,28-Jun-2002,1.87
2002,Jul,01,01-Jul-2002,1.87
2002,Jul,02,02-Jul-2002,1.86
2002,Jul,03,03-Jul-2002,1.86
2002,Jul,04,04-Jul-2002,1.86
2002,Jul,05,05-Jul-2002,1.86
2002,Jul,08,08-Jul-2002,1.87
2002,Jul,09,09-Jul-2002,1.87
2002,Jul,10,10-Jul-2002,1.86
2002,Jul,11,11-Jul-2002,1.86
2002,Jul,12,12-Jul-2002,1.86
2002,Jul,15,15-Jul-2002,1.86
2002,Jul,16,16-Jul-2002,1.86
2002,Jul,17,17-Jul-2002,1.86
2002,Jul,18,18-Jul-2002,1.86
2002,Jul,19,19-Jul-2002,1.86
2002,Jul,22,22-Jul-2002,1.86
2002,Jul,23,23-Jul-2002,1.85
2002,Jul,24,24-Jul-2002,1.85
2002,Jul,25,25-Jul-2002,1.83
2002,Jul,26,26-Jul-2002,1.83
2002,Jul,29,29-Jul-2002,1.82
2002,Jul,30,30-Jul-2002,1.84
2002,Jul,31,31-Jul-2002,1.84
2002,Aug,01,01-Aug-2002,1.83
2002,Aug,02,02-Aug-2002,1.82
2002,Aug,05,05-Aug-2002,1.79
2002,Aug,06,06-Aug-2002,1.76
2002,Aug,07,07-Aug-2002,1.77
2002,Aug,08,08-Aug-2002,1.76
2002,Aug,12,12-Aug-2002,1.76
2002,Aug,13,13-Aug-2002,1.76
2002,Aug,14,14-Aug-2002,1.75
2002,Aug,15,15-Aug-2002,1.75
2002,Aug,16,16-Aug-2002,1.76
2002,Aug,19,19-Aug-2002,1.78
2002,Aug,20,20-Aug-2002,1.79
2002,Aug,21,21-Aug-2002,1.78
2002,Aug,22,22-Aug-2002,1.79
2002,Aug,23,23-Aug-2002,1.8
2002,Aug,26,26-Aug-2002,1.8
2002,Aug,27,27-Aug-2002,1.81
2002,Aug,28,28-Aug-2002,1.82
2002,Aug,29,29-Aug-2002,1.82
2002,Aug,30,30-Aug-2002,1.81
2002,Sep,02,02-Sep-2002,1.82
2002,Sep,03,03-Sep-2002,1.82
2002,Sep,04,04-Sep-2002,1.79
2002,Sep,05,05-Sep-2002,1.79
2002,Sep,06,06-Sep-2002,1.78
2002,Sep,09,09-Sep-2002,1.81
2002,Sep,10,10-Sep-2002,1.82
2002,Sep,11,11-Sep-2002,1.83
2002,Sep,12,12-Sep-2002,1.82
2002,Sep,13,13-Sep-2002,1.83
2002,Sep,16,16-Sep-2002,1.82
2002,Sep,17,17-Sep-2002,1.83
2002,Sep,18,18-Sep-2002,1.83
2002,Sep,19,19-Sep-2002,1.82
2002,Sep,20,20-Sep-2002,1.82
2002,Sep,23,23-Sep-2002,1.81
2002,Sep,24,24-Sep-2002,1.82
2002,Sep,25,25-Sep-2002,1.8
2002,Sep,26,26-Sep-2002,1.81
2002,Sep,27,27-Sep-2002,1.82
2002,Sep,30,30-Sep-2002,1.81
2002,Oct,01,01-Oct-2002,1.77
2002,Oct,02,02-Oct-2002,1.78
2002,Oct,03,03-Oct-2002,1.76
2002,Oct,04,04-Oct-2002,1.76
2002,Oct,07,07-Oct-2002,1.77
2002,Oct,08,08-Oct-2002,1.77
2002,Oct,09,09-Oct-2002,1.78
2002,Oct,10,10-Oct-2002,1.77
2002,Oct,11,11-Oct-2002,1.78
2002,Oct,14,14-Oct-2002,1.8
2002,Oct,15,15-Oct-2002,1.81
2002,Oct,16,16-Oct-2002,1.83
2002,Oct,17,17-Oct-2002,1.84
2002,Oct,18,18-Oct-2002,1.84
2002,Oct,21,21-Oct-2002,1.84
2002,Oct,22,22-Oct-2002,1.84
2002,Oct,23,23-Oct-2002,1.85
2002,Oct,24,24-Oct-2002,1.84
2002,Oct,25,25-Oct-2002,1.84
2002,Oct,28,28-Oct-2002,1.79
2002,Oct,29,29-Oct-2002,1.78
2002,Oct,30,30-Oct-2002,1.71
2002,Oct,31,31-Oct-2002,1.69
2002,Nov,01,01-Nov-2002,1.67
2002,Nov,05,05-Nov-2002,1.63
2002,Nov,06,06-Nov-2002,1.62
2002,Nov,07,07-Nov-2002,1.4
2002,Nov,08,08-Nov-2002,1.4
2002,Nov,11,11-Nov-2002,1.41
2002,Nov,12,12-Nov-2002,1.41
2002,Nov,13,13-Nov-2002,1.41
2002,Nov,14,14-Nov-2002,1.41
2002,Nov,15,15-Nov-2002,1.43
2002,Nov,18,18-Nov-2002,1.43
2002,Nov,19,19-Nov-2002,1.42
2002,Nov,20,20-Nov-2002,1.43
2002,Nov,21,21-Nov-2002,1.43
2002,Nov,22,22-Nov-2002,1.44
2002,Nov,25,25-Nov-2002,1.44
2002,Nov,26,26-Nov-2002,1.44
2002,Nov,27,27-Nov-2002,1.43
2002,Nov,28,28-Nov-2002,1.44
2002,Nov,29,29-Nov-2002,1.44
2002,Dec,02,02-Dec-2002,1.43
2002,Dec,03,03-Dec-2002,1.43
2002,Dec,04,04-Dec-2002,1.43
2002,Dec,05,05-Dec-2002,1.43
2002,Dec,09,09-Dec-2002,1.42
2002,Dec,10,10-Dec-2002,1.42
2002,Dec,11,11-Dec-2002,1.41
2002,Dec,12,12-Dec-2002,1.41
2002,Dec,13,13-Dec-2002,1.41
2002,Dec,16,16-Dec-2002,1.41
2002,Dec,17,17-Dec-2002,1.42
2002,Dec,18,18-Dec-2002,1.42
2002,Dec,19,19-Dec-2002,1.41
2002,Dec,20,20-Dec-2002,1.41
2002,Dec,23,23-Dec-2002,1.41
2002,Dec,24,24-Dec-2002,1.41
2002,Dec,26,26-Dec-2002,1.41
2002,Dec,27,27-Dec-2002,1.41
2002,Dec,30,30-Dec-2002,1.39
2002,Dec,31,31-Dec-2002,1.38
2003,Jan,02,02-Jan-2003,1.38
2003,Jan,03,03-Jan-2003,1.39
2003,Jan,06,06-Jan-2003,1.39
2003,Jan,07,07-Jan-2003,1.39
2003,Jan,08,08-Jan-2003,1.38
2003,Jan,09,09-Jan-2003,1.38
2003,Jan,10,10-Jan-2003,1.38
2003,Jan,13,13-Jan-2003,1.38
2003,Jan,14,14-Jan-2003,1.38
2003,Jan,15,15-Jan-2003,1.37
2003,Jan,16,16-Jan-2003,1.37
2003,Jan,17,17-Jan-2003,1.37
2003,Jan,20,20-Jan-2003,1.36
2003,Jan,21,21-Jan-2003,1.36
2003,Jan,22,22-Jan-2003,1.36
2003,Jan,23,23-Jan-2003,1.35
2003,Jan,24,24-Jan-2003,1.35
2003,Jan,27,27-Jan-2003,1.35
2003,Jan,28,28-Jan-2003,1.35
2003,Jan,29,29-Jan-2003,1.34
2003,Jan,30,30-Jan-2003,1.34
2003,Jan,31,31-Jan-2003,1.34
2003,Feb,04,04-Feb-2003,1.34
2003,Feb,05,05-Feb-2003,1.34
2003,Feb,06,06-Feb-2003,1.34
2003,Feb,07,07-Feb-2003,1.34
2003,Feb,10,10-Feb-2003,1.34
2003,Feb,11,11-Feb-2003,1.34
2003,Feb,13,13-Feb-2003,1.34
2003,Feb,14,14-Feb-2003,1.33
2003,Feb,17,17-Feb-2003,1.34
2003,Feb,18,18-Feb-2003,1.34
2003,Feb,19,19-Feb-2003,1.34
2003,Feb,20,20-Feb-2003,1.34
2003,Feb,21,21-Feb-2003,1.34
2003,Feb,24,24-Feb-2003,1.34
2003,Feb,25,25-Feb-2003,1.34
2003,Feb,26,26-Feb-2003,1.34
2003,Feb,27,27-Feb-2003,1.34
2003,Feb,28,28-Feb-2003,1.34
2003,Mar,03,03-Mar-2003,1.34
2003,Mar,04,04-Mar-2003,1.33
2003,Mar,05,05-Mar-2003,1.33
2003,Mar,06,06-Mar-2003,1.33
2003,Mar,07,07-Mar-2003,1.32
2003,Mar,10,10-Mar-2003,1.28
2003,Mar,11,11-Mar-2003,1.24
2003,Mar,12,12-Mar-2003,1.23
2003,Mar,13,13-Mar-2003,1.24
2003,Mar,14,14-Mar-2003,1.28
2003,Mar,17,17-Mar-2003,1.27
2003,Mar,18,18-Mar-2003,1.27
2003,Mar,19,19-Mar-2003,1.28
2003,Mar,20,20-Mar-2003,1.29
2003,Mar,21,21-Mar-2003,1.29
2003,Mar,24,24-Mar-2003,1.3
2003,Mar,25,25-Mar-2003,1.29
2003,Mar,26,26-Mar-2003,1.29
2003,Mar,27,27-Mar-2003,1.29
2003,Mar,28,28-Mar-2003,1.28
2003,Mar,31,31-Mar-2003,1.28
2003,Apr,01,01-Apr-2003,1.27
2003,Apr,02,02-Apr-2003,1.27
2003,Apr,03,03-Apr-2003,1.28
2003,Apr,04,04-Apr-2003,1.27
2003,Apr,07,07-Apr-2003,1.27
2003,Apr,08,08-Apr-2003,1.29
2003,Apr,09,09-Apr-2003,1.28
2003,Apr,10,10-Apr-2003,1.28
2003,Apr,11,11-Apr-2003,1.28
2003,Apr,14,14-Apr-2003,1.31
2003,Apr,15,15-Apr-2003,1.33
2003,Apr,16,16-Apr-2003,1.33
2003,Apr,17,17-Apr-2003,1.33
2003,Apr,21,21-Apr-2003,1.33
2003,Apr,22,22-Apr-2003,1.32
2003,Apr,23,23-Apr-2003,1.32
2003,Apr,24,24-Apr-2003,1.32
2003,Apr,25,25-Apr-2003,1.32
2003,Apr,28,28-Apr-2003,1.29
2003,Apr,29,29-Apr-2003,1.3
2003,Apr,30,30-Apr-2003,1.31
2003,May,02,02-May-2003,1.29
2003,May,05,05-May-2003,1.29
2003,May,06,06-May-2003,1.29
2003,May,07,07-May-2003,1.28
2003,May,08,08-May-2003,1.29
2003,May,09,09-May-2003,1.29
2003,May,12,12-May-2003,1.29
2003,May,13,13-May-2003,1.29
2003,May,14,14-May-2003,1.29
2003,May,16,16-May-2003,1.29
2003,May,19,19-May-2003,1.28
2003,May,20,20-May-2003,1.28
2003,May,21,21-May-2003,1.26
2003,May,22,22-May-2003,1.28
2003,May,23,23-May-2003,1.27
2003,May,26,26-May-2003,1.28
2003,May,27,27-May-2003,1.28
2003,May,28,28-May-2003,1.28
2003,May,29,29-May-2003,1.27
2003,May,30,30-May-2003,1.27
2003,Jun,02,02-Jun-2003,1.28
2003,Jun,03,03-Jun-2003,1.28
2003,Jun,04,04-Jun-2003,1.26
2003,Jun,05,05-Jun-2003,1.23
2003,Jun,06,06-Jun-2003,1.22
2003,Jun,09,09-Jun-2003,1.2
2003,Jun,10,10-Jun-2003,1.18
2003,Jun,11,11-Jun-2003,1.15
2003,Jun,12,12-Jun-2003,1.13
2003,Jun,13,13-Jun-2003,1.09
2003,Jun,16,16-Jun-2003,1.06
2003,Jun,17,17-Jun-2003,1.04
2003,Jun,18,18-Jun-2003,1.06
2003,Jun,19,19-Jun-2003,1.06
2003,Jun,20,20-Jun-2003,1
2003,Jun,23,23-Jun-2003,1.01
2003,Jun,24,24-Jun-2003,1.01
2003,Jun,25,25-Jun-2003,1
2003,Jun,26,26-Jun-2003,1.12
2003,Jun,27,27-Jun-2003,1.13
2003,Jun,30,30-Jun-2003,1.13
2003,Jul,01,01-Jul-2003,1.12
2003,Jul,02,02-Jul-2003,1.13
2003,Jul,03,03-Jul-2003,1.12
2003,Jul,04,04-Jul-2003,1.12
2003,Jul,07,07-Jul-2003,1.12
2003,Jul,08,08-Jul-2003,1.12
2003,Jul,09,09-Jul-2003,1.11
2003,Jul,10,10-Jul-2003,1.11
2003,Jul,11,11-Jul-2003,1.11
2003,Jul,14,14-Jul-2003,1.11
2003,Jul,15,15-Jul-2003,1.11
2003,Jul,16,16-Jul-2003,1.12
2003,Jul,17,17-Jul-2003,1.11
2003,Jul,18,18-Jul-2003,1.11
2003,Jul,21,21-Jul-2003,1.11
2003,Jul,22,22-Jul-2003,1.11
2003,Jul,23,23-Jul-2003,1.11
2003,Jul,24,24-Jul-2003,1.11
2003,Jul,25,25-Jul-2003,1.11
2003,Jul,28,28-Jul-2003,1.11
2003,Jul,29,29-Jul-2003,1.12
2003,Jul,30,30-Jul-2003,1.13
2003,Jul,31,31-Jul-2003,1.13
2003,Aug,01,01-Aug-2003,1.14
2003,Aug,04,04-Aug-2003,1.14
2003,Aug,05,05-Aug-2003,1.14
2003,Aug,06,06-Aug-2003,1.14
2003,Aug,07,07-Aug-2003,1.14
2003,Aug,08,08-Aug-2003,1.13
2003,Aug,11,11-Aug-2003,1.13
2003,Aug,12,12-Aug-2003,1.13
2003,Aug,13,13-Aug-2003,1.13
2003,Aug,14,14-Aug-2003,1.13
2003,Aug,15,15-Aug-2003,1.13
2003,Aug,18,18-Aug-2003,1.13
2003,Aug,19,19-Aug-2003,1.13
2003,Aug,20,20-Aug-2003,1.13
2003,Aug,21,21-Aug-2003,1.13
2003,Aug,22,22-Aug-2003,1.14
2003,Aug,25,25-Aug-2003,1.14
2003,Aug,26,26-Aug-2003,1.14
2003,Aug,27,27-Aug-2003,1.15
2003,Aug,28,28-Aug-2003,1.15
2003,Aug,29,29-Aug-2003,1.14
2003,Sep,01,01-Sep-2003,1.14
2003,Sep,02,02-Sep-2003,1.15
2003,Sep,03,03-Sep-2003,1.15
2003,Sep,04,04-Sep-2003,1.15
2003,Sep,05,05-Sep-2003,1.15
2003,Sep,08,08-Sep-2003,1.14
2003,Sep,09,09-Sep-2003,1.14
2003,Sep,10,10-Sep-2003,1.15
2003,Sep,11,11-Sep-2003,1.14
2003,Sep,12,12-Sep-2003,1.14
2003,Sep,15,15-Sep-2003,1.14
2003,Sep,16,16-Sep-2003,1.14
2003,Sep,17,17-Sep-2003,1.15
2003,Sep,18,18-Sep-2003,1.14
2003,Sep,19,19-Sep-2003,1.14
2003,Sep,22,22-Sep-2003,1.14
2003,Sep,23,23-Sep-2003,1.14
2003,Sep,24,24-Sep-2003,1.14
2003,Sep,25,25-Sep-2003,1.14
2003,Sep,26,26-Sep-2003,1.14
2003,Sep,29,29-Sep-2003,1.16
2003,Sep,30,30-Sep-2003,1.17
2003,Oct,01,01-Oct-2003,1.15
2003,Oct,02,02-Oct-2003,1.15
2003,Oct,03,03-Oct-2003,1.16
2003,Oct,06,06-Oct-2003,1.16
2003,Oct,07,07-Oct-2003,1.16
2003,Oct,08,08-Oct-2003,1.16
2003,Oct,09,09-Oct-2003,1.16
2003,Oct,10,10-Oct-2003,1.16
2003,Oct,13,13-Oct-2003,1.16
2003,Oct,14,14-Oct-2003,1.16
2003,Oct,15,15-Oct-2003,1.17
2003,Oct,16,16-Oct-2003,1.16
2003,Oct,17,17-Oct-2003,1.17
2003,Oct,20,20-Oct-2003,1.18
2003,Oct,21,21-Oct-2003,1.18
2003,Oct,22,22-Oct-2003,1.18
2003,Oct,23,23-Oct-2003,1.18
2003,Oct,27,27-Oct-2003,1.17
2003,Oct,28,28-Oct-2003,1.17
2003,Oct,29,29-Oct-2003,1.17
2003,Oct,30,30-Oct-2003,1.18
2003,Oct,31,31-Oct-2003,1.18
2003,Nov,03,03-Nov-2003,1.17
2003,Nov,04,04-Nov-2003,1.18
2003,Nov,05,05-Nov-2003,1.18
2003,Nov,06,06-Nov-2003,1.18
2003,Nov,07,07-Nov-2003,1.18
2003,Nov,10,10-Nov-2003,1.19
2003,Nov,11,11-Nov-2003,1.18
2003,Nov,12,12-Nov-2003,1.18
2003,Nov,13,13-Nov-2003,1.18
2003,Nov,14,14-Nov-2003,1.18
2003,Nov,17,17-Nov-2003,1.17
2003,Nov,18,18-Nov-2003,1.17
2003,Nov,19,19-Nov-2003,1.17
2003,Nov,20,20-Nov-2003,1.17
2003,Nov,21,21-Nov-2003,1.17
2003,Nov,24,24-Nov-2003,1.17
2003,Nov,26,26-Nov-2003,1.17
2003,Nov,27,27-Nov-2003,1.17
2003,Nov,28,28-Nov-2003,1.17
2003,Dec,01,01-Dec-2003,1.17
2003,Dec,02,02-Dec-2003,1.18
2003,Dec,03,03-Dec-2003,1.18
2003,Dec,04,04-Dec-2003,1.18
2003,Dec,05,05-Dec-2003,1.18
2003,Dec,08,08-Dec-2003,1.17
2003,Dec,09,09-Dec-2003,1.17
2003,Dec,10,10-Dec-2003,1.17
2003,Dec,11,11-Dec-2003,1.17
2003,Dec,12,12-Dec-2003,1.17
2003,Dec,15,15-Dec-2003,1.17
2003,Dec,16,16-Dec-2003,1.17
2003,Dec,17,17-Dec-2003,1.17
2003,Dec,18,18-Dec-2003,1.17
2003,Dec,19,19-Dec-2003,1.17
2003,Dec,22,22-Dec-2003,1.17
2003,Dec,23,23-Dec-2003,1.17
2003,Dec,24,24-Dec-2003,1.17
2003,Dec,26,26-Dec-2003,1.17
2003,Dec,29,29-Dec-2003,1.16
2003,Dec,30,30-Dec-2003,1.16
2003,Dec,31,31-Dec-2003,1.15
2004,Jan,02,02-Jan-2004,1.15
2004,Jan,05,05-Jan-2004,1.15
2004,Jan,06,06-Jan-2004,1.15
2004,Jan,07,07-Jan-2004,1.15
2004,Jan,08,08-Jan-2004,1.14
2004,Jan,09,09-Jan-2004,1.15
2004,Jan,12,12-Jan-2004,1.12
2004,Jan,13,13-Jan-2004,1.12
2004,Jan,14,14-Jan-2004,1.12
2004,Jan,15,15-Jan-2004,1.12
2004,Jan,16,16-Jan-2004,1.12
2004,Jan,19,19-Jan-2004,1.12
2004,Jan,20,20-Jan-2004,1.12
2004,Jan,21,21-Jan-2004,1.12
2004,Jan,26,26-Jan-2004,1.12
2004,Jan,27,27-Jan-2004,1.12
2004,Jan,28,28-Jan-2004,1.12
2004,Jan,29,29-Jan-2004,1.14
2004,Jan,30,30-Jan-2004,1.13
2004,Feb,03,03-Feb-2004,1.13
2004,Feb,04,04-Feb-2004,1.13
2004,Feb,05,05-Feb-2004,1.13
2004,Feb,06,06-Feb-2004,1.13
2004,Feb,09,09-Feb-2004,1.13
2004,Feb,10,10-Feb-2004,1.13
2004,Feb,11,11-Feb-2004,1.13
2004,Feb,12,12-Feb-2004,1.12
2004,Feb,13,13-Feb-2004,1.12
2004,Feb,16,16-Feb-2004,1.12
2004,Feb,17,17-Feb-2004,1.12
2004,Feb,18,18-Feb-2004,1.12
2004,Feb,19,19-Feb-2004,1.12
2004,Feb,20,20-Feb-2004,1.12
2004,Feb,23,23-Feb-2004,1.12
2004,Feb,24,24-Feb-2004,1.12
2004,Feb,25,25-Feb-2004,1.12
2004,Feb,26,26-Feb-2004,1.12
2004,Feb,27,27-Feb-2004,1.12
2004,Mar,01,01-Mar-2004,1.12
2004,Mar,02,02-Mar-2004,1.12
2004,Mar,03,03-Mar-2004,1.12
2004,Mar,04,04-Mar-2004,1.12
2004,Mar,05,05-Mar-2004,1.12
2004,Mar,08,08-Mar-2004,1.11
2004,Mar,09,09-Mar-2004,1.11
2004,Mar,10,10-Mar-2004,1.11
2004,Mar,11,11-Mar-2004,1.11
2004,Mar,12,12-Mar-2004,1.11
2004,Mar,15,15-Mar-2004,1.11
2004,Mar,16,16-Mar-2004,1.11
2004,Mar,17,17-Mar-2004,1.11
2004,Mar,18,18-Mar-2004,1.11
2004,Mar,19,19-Mar-2004,1.11
2004,Mar,22,22-Mar-2004,1.11
2004,Mar,23,23-Mar-2004,1.11
2004,Mar,24,24-Mar-2004,1.11
2004,Mar,25,25-Mar-2004,1.11
2004,Mar,26,26-Mar-2004,1.11
2004,Mar,29,29-Mar-2004,1.11
2004,Mar,30,30-Mar-2004,1.11
2004,Mar,31,31-Mar-2004,1.11
2004,Apr,01,01-Apr-2004,1.11
2004,Apr,02,02-Apr-2004,1.11
2004,Apr,05,05-Apr-2004,1.14
2004,Apr,06,06-Apr-2004,1.14
2004,Apr,07,07-Apr-2004,1.13
2004,Apr,08,08-Apr-2004,1.14
2004,Apr,12,12-Apr-2004,1.14
2004,Apr,13,13-Apr-2004,1.14
2004,Apr,14,14-Apr-2004,1.14
2004,Apr,15,15-Apr-2004,1.15
2004,Apr,16,16-Apr-2004,1.15
2004,Apr,19,19-Apr-2004,1.15
2004,Apr,20,20-Apr-2004,1.15
2004,Apr,21,21-Apr-2004,1.16
2004,Apr,22,22-Apr-2004,1.16
2004,Apr,23,23-Apr-2004,1.16
2004,Apr,26,26-Apr-2004,1.17
2004,Apr,27,27-Apr-2004,1.17
2004,Apr,28,28-Apr-2004,1.17
2004,Apr,29,29-Apr-2004,1.17
2004,Apr,30,30-Apr-2004,1.17
2004,May,03,03-May-2004,1.18
2004,May,04,04-May-2004,1.18
2004,May,05,05-May-2004,1.18
2004,May,06,06-May-2004,1.18
2004,May,07,07-May-2004,1.19
2004,May,10,10-May-2004,1.24
2004,May,11,11-May-2004,1.24
2004,May,12,12-May-2004,1.24
2004,May,13,13-May-2004,1.25
2004,May,14,14-May-2004,1.26
2004,May,17,17-May-2004,1.26
2004,May,18,18-May-2004,1.26
2004,May,19,19-May-2004,1.26
2004,May,20,20-May-2004,1.28
2004,May,21,21-May-2004,1.28
2004,May,24,24-May-2004,1.29
2004,May,25,25-May-2004,1.29
2004,May,26,26-May-2004,1.3
2004,May,27,27-May-2004,1.31
2004,May,28,28-May-2004,1.31
2004,May,31,31-May-2004,1.32
2004,Jun,01,01-Jun-2004,1.33
2004,Jun,03,03-Jun-2004,1.36
2004,Jun,04,04-Jun-2004,1.37
2004,Jun,07,07-Jun-2004,1.41
2004,Jun,08,08-Jun-2004,1.41
2004,Jun,09,09-Jun-2004,1.43
2004,Jun,10,10-Jun-2004,1.47
2004,Jun,11,11-Jun-2004,1.51
2004,Jun,14,14-Jun-2004,1.55
2004,Jun,15,15-Jun-2004,1.57
2004,Jun,16,16-Jun-2004,1.55
2004,Jun,17,17-Jun-2004,1.55
2004,Jun,18,18-Jun-2004,1.55
2004,Jun,21,21-Jun-2004,1.56
2004,Jun,22,22-Jun-2004,1.56
2004,Jun,23,23-Jun-2004,1.56
2004,Jun,24,24-Jun-2004,1.58
2004,Jun,25,25-Jun-2004,1.59
2004,Jun,28,28-Jun-2004,1.59
2004,Jun,29,29-Jun-2004,1.61
2004,Jun,30,30-Jun-2004,1.61
2004,Jul,01,01-Jul-2004,1.6
2004,Jul,02,02-Jul-2004,1.6
2004,Jul,05,05-Jul-2004,1.58
2004,Jul,06,06-Jul-2004,1.58
2004,Jul,07,07-Jul-2004,1.58
2004,Jul,08,08-Jul-2004,1.59
2004,Jul,09,09-Jul-2004,1.59
2004,Jul,12,12-Jul-2004,1.59
2004,Jul,13,13-Jul-2004,1.6
2004,Jul,14,14-Jul-2004,1.61
2004,Jul,15,15-Jul-2004,1.62
2004,Jul,16,16-Jul-2004,1.63
2004,Jul,19,19-Jul-2004,1.62
2004,Jul,20,20-Jul-2004,1.63
2004,Jul,21,21-Jul-2004,1.65
2004,Jul,22,22-Jul-2004,1.66
2004,Jul,23,23-Jul-2004,1.67
2004,Jul,26,26-Jul-2004,1.67
2004,Jul,27,27-Jul-2004,1.67
2004,Jul,28,28-Jul-2004,1.68
2004,Jul,29,29-Jul-2004,1.69
2004,Jul,30,30-Jul-2004,1.7
2004,Aug,02,02-Aug-2004,1.7
2004,Aug,03,03-Aug-2004,1.7
2004,Aug,04,04-Aug-2004,1.7
2004,Aug,05,05-Aug-2004,1.72
2004,Aug,06,06-Aug-2004,1.72
2004,Aug,10,10-Aug-2004,1.68
2004,Aug,11,11-Aug-2004,1.72
2004,Aug,12,12-Aug-2004,1.72
2004,Aug,13,13-Aug-2004,1.72
2004,Aug,16,16-Aug-2004,1.72
2004,Aug,17,17-Aug-2004,1.73
2004,Aug,18,18-Aug-2004,1.73
2004,Aug,19,19-Aug-2004,1.74
2004,Aug,20,20-Aug-2004,1.74
2004,Aug,23,23-Aug-2004,1.75
2004,Aug,24,24-Aug-2004,1.76
2004,Aug,25,25-Aug-2004,1.77
2004,Aug,26,26-Aug-2004,1.79
2004,Aug,27,27-Aug-2004,1.79
2004,Aug,30,30-Aug-2004,1.8
2004,Aug,31,31-Aug-2004,1.79
2004,Sep,01,01-Sep-2004,1.8
2004,Sep,02,02-Sep-2004,1.81
2004,Sep,03,03-Sep-2004,1.82
2004,Sep,06,06-Sep-2004,1.86
2004,Sep,07,07-Sep-2004,1.86
2004,Sep,08,08-Sep-2004,1.87
2004,Sep,09,09-Sep-2004,1.88
2004,Sep,10,10-Sep-2004,1.88
2004,Sep,13,13-Sep-2004,1.88
2004,Sep,14,14-Sep-2004,1.88
2004,Sep,15,15-Sep-2004,1.89
2004,Sep,16,16-Sep-2004,1.91
2004,Sep,17,17-Sep-2004,1.92
2004,Sep,20,20-Sep-2004,1.93
2004,Sep,21,21-Sep-2004,1.93
2004,Sep,22,22-Sep-2004,1.94
2004,Sep,23,23-Sep-2004,1.95
2004,Sep,24,24-Sep-2004,1.96
2004,Sep,27,27-Sep-2004,1.98
2004,Sep,28,28-Sep-2004,1.98
2004,Sep,29,29-Sep-2004,2
2004,Sep,30,30-Sep-2004,2.02
2004,Oct,01,01-Oct-2004,2.02
2004,Oct,04,04-Oct-2004,2.03
2004,Oct,05,05-Oct-2004,2.04
2004,Oct,06,06-Oct-2004,2.05
2004,Oct,07,07-Oct-2004,2.07
2004,Oct,08,08-Oct-2004,2.07
2004,Oct,11,11-Oct-2004,2.06
2004,Oct,12,12-Oct-2004,2.06
2004,Oct,13,13-Oct-2004,2.07
2004,Oct,14,14-Oct-2004,2.07
2004,Oct,15,15-Oct-2004,2.07
2004,Oct,18,18-Oct-2004,2.08
2004,Oct,19,19-Oct-2004,2.08
2004,Oct,20,20-Oct-2004,2.09
2004,Oct,21,21-Oct-2004,2.1
2004,Oct,22,22-Oct-2004,2.12
2004,Oct,25,25-Oct-2004,2.12
2004,Oct,26,26-Oct-2004,2.12
2004,Oct,27,27-Oct-2004,2.13
2004,Oct,28,28-Oct-2004,2.16
2004,Oct,29,29-Oct-2004,2.16
2004,Nov,01,01-Nov-2004,2.17
2004,Nov,02,02-Nov-2004,2.19
2004,Nov,03,03-Nov-2004,2.19
2004,Nov,04,04-Nov-2004,2.2
2004,Nov,05,05-Nov-2004,2.22
2004,Nov,08,08-Nov-2004,2.26
2004,Nov,09,09-Nov-2004,2.28
2004,Nov,10,10-Nov-2004,2.29
2004,Nov,12,12-Nov-2004,2.3
2004,Nov,16,16-Nov-2004,2.32
2004,Nov,17,17-Nov-2004,2.33
2004,Nov,18,18-Nov-2004,2.34
2004,Nov,19,19-Nov-2004,2.35
2004,Nov,22,22-Nov-2004,2.37
2004,Nov,23,23-Nov-2004,2.38
2004,Nov,24,24-Nov-2004,2.39
2004,Nov,25,25-Nov-2004,2.39
2004,Nov,26,26-Nov-2004,2.4
2004,Nov,29,29-Nov-2004,2.42
2004,Nov,30,30-Nov-2004,2.42
2004,Dec,01,01-Dec-2004,2.42
2004,Dec,02,02-Dec-2004,2.43
2004,Dec,03,03-Dec-2004,2.44
2004,Dec,06,06-Dec-2004,2.45
2004,Dec,07,07-Dec-2004,2.45
2004,Dec,08,08-Dec-2004,2.46
2004,Dec,09,09-Dec-2004,2.47
2004,Dec,10,10-Dec-2004,2.48
2004,Dec,13,13-Dec-2004,2.49
2004,Dec,14,14-Dec-2004,2.5
2004,Dec,15,15-Dec-2004,2.51
2004,Dec,16,16-Dec-2004,2.51
2004,Dec,17,17-Dec-2004,2.52
2004,Dec,20,20-Dec-2004,2.53
2004,Dec,21,21-Dec-2004,2.53
2004,Dec,22,22-Dec-2004,2.53
2004,Dec,23,23-Dec-2004,2.54
2004,Dec,24,24-Dec-2004,2.55
2004,Dec,27,27-Dec-2004,2.55
2004,Dec,28,28-Dec-2004,2.56
2004,Dec,29,29-Dec-2004,2.56
2004,Dec,30,30-Dec-2004,2.56
2004,Dec,31,31-Dec-2004,2.56
2005,Jan,03,03-Jan-2005,2.57
2005,Jan,04,04-Jan-2005,2.57
2005,Jan,05,05-Jan-2005,2.58
2005,Jan,06,06-Jan-2005,2.61
2005,Jan,07,07-Jan-2005,2.62
2005,Jan,10,10-Jan-2005,2.63
2005,Jan,11,11-Jan-2005,2.63
2005,Jan,12,12-Jan-2005,2.64
2005,Jan,13,13-Jan-2005,2.67
2005,Jan,14,14-Jan-2005,2.67
2005,Jan,17,17-Jan-2005,2.67
2005,Jan,18,18-Jan-2005,2.68
2005,Jan,19,19-Jan-2005,2.68
2005,Jan,20,20-Jan-2005,2.69
2005,Jan,24,24-Jan-2005,2.71
2005,Jan,25,25-Jan-2005,2.71
2005,Jan,26,26-Jan-2005,2.71
2005,Jan,27,27-Jan-2005,2.73
2005,Jan,28,28-Jan-2005,2.74
2005,Jan,31,31-Jan-2005,2.75
2005,Feb,01,01-Feb-2005,2.75
2005,Feb,02,02-Feb-2005,2.75
2005,Feb,03,03-Feb-2005,2.77
2005,Feb,04,04-Feb-2005,2.77
2005,Feb,07,07-Feb-2005,2.77
2005,Feb,08,08-Feb-2005,2.78
2005,Feb,11,11-Feb-2005,2.8
2005,Feb,14,14-Feb-2005,2.8
2005,Feb,15,15-Feb-2005,2.82
2005,Feb,16,16-Feb-2005,2.82
2005,Feb,17,17-Feb-2005,2.85
2005,Feb,18,18-Feb-2005,2.85
2005,Feb,21,21-Feb-2005,2.86
2005,Feb,22,22-Feb-2005,2.87
2005,Feb,23,23-Feb-2005,2.87
2005,Feb,24,24-Feb-2005,2.89
2005,Feb,25,25-Feb-2005,2.9
2005,Feb,28,28-Feb-2005,2.92
2005,Mar,01,01-Mar-2005,2.94
2005,Mar,02,02-Mar-2005,2.95
2005,Mar,03,03-Mar-2005,2.95
2005,Mar,04,04-Mar-2005,2.96
2005,Mar,07,07-Mar-2005,2.96
2005,Mar,08,08-Mar-2005,2.96
2005,Mar,09,09-Mar-2005,2.98
2005,Mar,10,10-Mar-2005,3
2005,Mar,11,11-Mar-2005,3.01
2005,Mar,14,14-Mar-2005,3.02
2005,Mar,15,15-Mar-2005,3.03
2005,Mar,16,16-Mar-2005,3.04
2005,Mar,17,17-Mar-2005,3.05
2005,Mar,18,18-Mar-2005,3.06
2005,Mar,21,21-Mar-2005,3.05
2005,Mar,22,22-Mar-2005,3.06
2005,Mar,23,23-Mar-2005,3.08
2005,Mar,24,24-Mar-2005,3.09
2005,Mar,28,28-Mar-2005,3.09
2005,Mar,29,29-Mar-2005,3.1
2005,Mar,30,30-Mar-2005,3.1
2005,Mar,31,31-Mar-2005,3.11
2005,Apr,01,01-Apr-2005,3.12
2005,Apr,04,04-Apr-2005,3.12
2005,Apr,05,05-Apr-2005,3.12
2005,Apr,06,06-Apr-2005,3.12
2005,Apr,07,07-Apr-2005,3.13
2005,Apr,08,08-Apr-2005,3.13
2005,Apr,11,11-Apr-2005,3.14
2005,Apr,12,12-Apr-2005,3.14
2005,Apr,13,13-Apr-2005,3.15
2005,Apr,14,14-Apr-2005,3.15
2005,Apr,15,15-Apr-2005,3.15
2005,Apr,18,18-Apr-2005,3.15
2005,Apr,19,19-Apr-2005,3.15
2005,Apr,20,20-Apr-2005,3.15
2005,Apr,21,21-Apr-2005,3.15
2005,Apr,22,22-Apr-2005,3.17
2005,Apr,25,25-Apr-2005,3.18
2005,Apr,26,26-Apr-2005,3.19
2005,Apr,27,27-Apr-2005,3.2
2005,Apr,28,28-Apr-2005,3.21
2005,Apr,29,29-Apr-2005,3.21
2005,May,03,03-May-2005,3.22
2005,May,04,04-May-2005,3.22
2005,May,05,05-May-2005,3.23
2005,May,06,06-May-2005,3.23
2005,May,09,09-May-2005,3.25
2005,May,10,10-May-2005,3.25
2005,May,11,11-May-2005,3.25
2005,May,12,12-May-2005,3.26
2005,May,13,13-May-2005,3.27
2005,May,16,16-May-2005,3.27
2005,May,17,17-May-2005,3.27
2005,May,18,18-May-2005,3.28
2005,May,19,19-May-2005,3.28
2005,May,20,20-May-2005,3.29
2005,May,24,24-May-2005,3.3
2005,May,25,25-May-2005,3.31
2005,May,26,26-May-2005,3.32
2005,May,27,27-May-2005,3.33
2005,May,30,30-May-2005,3.33
2005,May,31,31-May-2005,3.34
2005,Jun,01,01-Jun-2005,3.35
2005,Jun,02,02-Jun-2005,3.35
2005,Jun,03,03-Jun-2005,3.36
2005,Jun,06,06-Jun-2005,3.36
2005,Jun,07,07-Jun-2005,3.37
2005,Jun,08,08-Jun-2005,3.38
2005,Jun,09,09-Jun-2005,3.39
2005,Jun,10,10-Jun-2005,3.4
2005,Jun,13,13-Jun-2005,3.41
2005,Jun,14,14-Jun-2005,3.42
2005,Jun,15,15-Jun-2005,3.43
2005,Jun,16,16-Jun-2005,3.43
2005,Jun,17,17-Jun-2005,3.44
2005,Jun,20,20-Jun-2005,3.45
2005,Jun,21,21-Jun-2005,3.46
2005,Jun,22,22-Jun-2005,3.46
2005,Jun,23,23-Jun-2005,3.47
2005,Jun,24,24-Jun-2005,3.48
2005,Jun,27,27-Jun-2005,3.49
2005,Jun,28,28-Jun-2005,3.49
2005,Jun,29,29-Jun-2005,3.5
2005,Jun,30,30-Jun-2005,3.52
2005,Jul,01,01-Jul-2005,3.53
2005,Jul,04,04-Jul-2005,3.55
2005,Jul,05,05-Jul-2005,3.56
2005,Jul,06,06-Jul-2005,3.57
2005,Jul,07,07-Jul-2005,3.57
2005,Jul,08,08-Jul-2005,3.56
2005,Jul,11,11-Jul-2005,3.58
2005,Jul,12,12-Jul-2005,3.58
2005,Jul,13,13-Jul-2005,3.6
2005,Jul,14,14-Jul-2005,3.61
2005,Jul,15,15-Jul-2005,3.62
2005,Jul,18,18-Jul-2005,3.63
2005,Jul,19,19-Jul-2005,3.63
2005,Jul,20,20-Jul-2005,3.64
2005,Jul,21,21-Jul-2005,3.66
2005,Jul,22,22-Jul-2005,3.66
2005,Jul,25,25-Jul-2005,3.67
2005,Jul,26,26-Jul-2005,3.68
2005,Jul,27,27-Jul-2005,3.69
2005,Jul,28,28-Jul-2005,3.7
2005,Jul,29,29-Jul-2005,3.71
2005,Aug,01,01-Aug-2005,3.72
2005,Aug,02,02-Aug-2005,3.73
2005,Aug,03,03-Aug-2005,3.74
2005,Aug,04,04-Aug-2005,3.75
2005,Aug,05,05-Aug-2005,3.75
2005,Aug,08,08-Aug-2005,3.77
2005,Aug,10,10-Aug-2005,3.79
2005,Aug,11,11-Aug-2005,3.8
2005,Aug,12,12-Aug-2005,3.8
2005,Aug,15,15-Aug-2005,3.8
2005,Aug,16,16-Aug-2005,3.81
2005,Aug,17,17-Aug-2005,3.81
2005,Aug,18,18-Aug-2005,3.82
2005,Aug,19,19-Aug-2005,3.83
2005,Aug,22,22-Aug-2005,3.84
2005,Aug,23,23-Aug-2005,3.85
2005,Aug,24,24-Aug-2005,3.85
2005,Aug,25,25-Aug-2005,3.86
2005,Aug,26,26-Aug-2005,3.87
2005,Aug,29,29-Aug-2005,3.87
2005,Aug,30,30-Aug-2005,3.88
2005,Aug,31,31-Aug-2005,3.88
2005,Sep,01,01-Sep-2005,3.86
2005,Sep,02,02-Sep-2005,3.78
2005,Sep,05,05-Sep-2005,3.78
2005,Sep,06,06-Sep-2005,3.78
2005,Sep,07,07-Sep-2005,3.8
2005,Sep,08,08-Sep-2005,3.84
2005,Sep,09,09-Sep-2005,3.85
2005,Sep,12,12-Sep-2005,3.86
2005,Sep,13,13-Sep-2005,3.87
2005,Sep,14,14-Sep-2005,3.87
2005,Sep,15,15-Sep-2005,3.89
2005,Sep,16,16-Sep-2005,3.9
2005,Sep,19,19-Sep-2005,3.91
2005,Sep,20,20-Sep-2005,3.93
2005,Sep,21,21-Sep-2005,3.97
2005,Sep,22,22-Sep-2005,3.96
2005,Sep,23,23-Sep-2005,3.97
2005,Sep,26,26-Sep-2005,4
2005,Sep,27,27-Sep-2005,4.01
2005,Sep,28,28-Sep-2005,4.02
2005,Sep,29,29-Sep-2005,4.05
2005,Sep,30,30-Sep-2005,4.07
2005,Oct,03,03-Oct-2005,4.08
2005,Oct,04,04-Oct-2005,4.09
2005,Oct,05,05-Oct-2005,4.11
2005,Oct,06,06-Oct-2005,4.12
2005,Oct,07,07-Oct-2005,4.12
2005,Oct,10,10-Oct-2005,4.13
2005,Oct,11,11-Oct-2005,4.13
2005,Oct,12,12-Oct-2005,4.14
2005,Oct,13,13-Oct-2005,4.15
2005,Oct,14,14-Oct-2005,4.16
2005,Oct,17,17-Oct-2005,4.17
2005,Oct,18,18-Oct-2005,4.18
2005,Oct,19,19-Oct-2005,4.18
2005,Oct,20,20-Oct-2005,4.2
2005,Oct,21,21-Oct-2005,4.2
2005,Oct,24,24-Oct-2005,4.21
2005,Oct,25,25-Oct-2005,4.22
2005,Oct,26,26-Oct-2005,4.23
2005,Oct,27,27-Oct-2005,4.25
2005,Oct,28,28-Oct-2005,4.26
2005,Oct,31,31-Oct-2005,4.27
2005,Nov,02,02-Nov-2005,4.29
2005,Nov,04,04-Nov-2005,4.31
2005,Nov,07,07-Nov-2005,4.31
2005,Nov,08,08-Nov-2005,4.31
2005,Nov,09,09-Nov-2005,4.33
2005,Nov,10,10-Nov-2005,4.34
2005,Nov,11,11-Nov-2005,4.34
2005,Nov,14,14-Nov-2005,4.36
2005,Nov,15,15-Nov-2005,4.35
2005,Nov,16,16-Nov-2005,4.37
2005,Nov,17,17-Nov-2005,4.37
2005,Nov,18,18-Nov-2005,4.38
2005,Nov,21,21-Nov-2005,4.39
2005,Nov,22,22-Nov-2005,4.4
2005,Nov,23,23-Nov-2005,4.39
2005,Nov,24,24-Nov-2005,4.4
2005,Nov,25,25-Nov-2005,4.41
2005,Nov,28,28-Nov-2005,4.41
2005,Nov,29,29-Nov-2005,4.42
2005,Nov,30,30-Nov-2005,4.43
2005,Dec,01,01-Dec-2005,4.44
2005,Dec,02,02-Dec-2005,4.45
2005,Dec,05,05-Dec-2005,4.45
2005,Dec,06,06-Dec-2005,4.46
2005,Dec,07,07-Dec-2005,4.47
2005,Dec,08,08-Dec-2005,4.48
2005,Dec,09,09-Dec-2005,4.48
2005,Dec,12,12-Dec-2005,4.49
2005,Dec,13,13-Dec-2005,4.5
2005,Dec,14,14-Dec-2005,4.5
2005,Dec,15,15-Dec-2005,4.5
2005,Dec,16,16-Dec-2005,4.51
2005,Dec,19,19-Dec-2005,4.51
2005,Dec,20,20-Dec-2005,4.5
2005,Dec,21,21-Dec-2005,4.51
2005,Dec,22,22-Dec-2005,4.52
2005,Dec,23,23-Dec-2005,4.53
2005,Dec,27,27-Dec-2005,4.52
2005,Dec,28,28-Dec-2005,4.52
2005,Dec,29,29-Dec-2005,4.53
2005,Dec,30,30-Dec-2005,4.54
2006,Jan,03,03-Jan-2006,4.54
2006,Jan,04,04-Jan-2006,4.55
2006,Jan,05,05-Jan-2006,4.55
2006,Jan,06,06-Jan-2006,4.56
2006,Jan,09,09-Jan-2006,4.57
2006,Jan,11,11-Jan-2006,4.58
2006,Jan,12,12-Jan-2006,4.6
2006,Jan,13,13-Jan-2006,4.6
2006,Jan,16,16-Jan-2006,4.6
2006,Jan,17,17-Jan-2006,4.61
2006,Jan,18,18-Jan-2006,4.61
2006,Jan,19,19-Jan-2006,4.62
2006,Jan,20,20-Jan-2006,4.63
2006,Jan,23,23-Jan-2006,4.63
2006,Jan,24,24-Jan-2006,4.63
2006,Jan,25,25-Jan-2006,4.64
2006,Jan,26,26-Jan-2006,4.66
2006,Jan,27,27-Jan-2006,4.68
2006,Feb,01,01-Feb-2006,4.7
2006,Feb,02,02-Feb-2006,4.71
2006,Feb,03,03-Feb-2006,4.72
2006,Feb,06,06-Feb-2006,4.72
2006,Feb,07,07-Feb-2006,4.73
2006,Feb,08,08-Feb-2006,4.73
2006,Feb,09,09-Feb-2006,4.74
2006,Feb,10,10-Feb-2006,4.75
2006,Feb,13,13-Feb-2006,4.76
2006,Feb,14,14-Feb-2006,4.76
2006,Feb,15,15-Feb-2006,4.76
2006,Feb,16,16-Feb-2006,4.77
2006,Feb,17,17-Feb-2006,4.77
2006,Feb,20,20-Feb-2006,4.78
2006,Feb,21,21-Feb-2006,4.78
2006,Feb,22,22-Feb-2006,4.79
2006,Feb,23,23-Feb-2006,4.8
2006,Feb,24,24-Feb-2006,4.82
2006,Feb,27,27-Feb-2006,4.82
2006,Feb,28,28-Feb-2006,4.83
2006,Mar,01,01-Mar-2006,4.83
2006,Mar,02,02-Mar-2006,4.84
2006,Mar,03,03-Mar-2006,4.85
2006,Mar,06,06-Mar-2006,4.87
2006,Mar,07,07-Mar-2006,4.88
2006,Mar,08,08-Mar-2006,4.88
2006,Mar,09,09-Mar-2006,4.89
2006,Mar,10,10-Mar-2006,4.91
2006,Mar,13,13-Mar-2006,4.91
2006,Mar,14,14-Mar-2006,4.92
2006,Mar,15,15-Mar-2006,4.92
2006,Mar,16,16-Mar-2006,4.93
2006,Mar,17,17-Mar-2006,4.93
2006,Mar,20,20-Mar-2006,4.94
2006,Mar,21,21-Mar-2006,4.94
2006,Mar,22,22-Mar-2006,4.96
2006,Mar,23,23-Mar-2006,4.96
2006,Mar,24,24-Mar-2006,4.97
2006,Mar,27,27-Mar-2006,4.97
2006,Mar,28,28-Mar-2006,4.97
2006,Mar,29,29-Mar-2006,4.99
2006,Mar,30,30-Mar-2006,4.99
2006,Mar,31,31-Mar-2006,5.01
2006,Apr,03,03-Apr-2006,5.01
2006,Apr,04,04-Apr-2006,5.01
2006,Apr,05,05-Apr-2006,5.02
2006,Apr,06,06-Apr-2006,5.03
2006,Apr,07,07-Apr-2006,5.03
2006,Apr,10,10-Apr-2006,5.05
2006,Apr,11,11-Apr-2006,5.05
2006,Apr,12,12-Apr-2006,5.06
2006,Apr,13,13-Apr-2006,5.08
2006,Apr,17,17-Apr-2006,5.08
2006,Apr,18,18-Apr-2006,5.08
2006,Apr,19,19-Apr-2006,5.08
2006,Apr,20,20-Apr-2006,5.09
2006,Apr,21,21-Apr-2006,5.1
2006,Apr,24,24-Apr-2006,5.11
2006,Apr,25,25-Apr-2006,5.11
2006,Apr,26,26-Apr-2006,5.13
2006,Apr,27,27-Apr-2006,5.15
2006,Apr,28,28-Apr-2006,5.14
2006,May,02,02-May-2006,5.15
2006,May,03,03-May-2006,5.15
2006,May,04,04-May-2006,5.16
2006,May,05,05-May-2006,5.17
2006,May,08,08-May-2006,5.17
2006,May,09,09-May-2006,5.17
2006,May,10,10-May-2006,5.17
2006,May,11,11-May-2006,5.17
2006,May,15,15-May-2006,5.18
2006,May,16,16-May-2006,5.17
2006,May,17,17-May-2006,5.17
2006,May,18,18-May-2006,5.19
2006,May,19,19-May-2006,5.2
2006,May,22,22-May-2006,5.21
2006,May,23,23-May-2006,5.21
2006,May,24,24-May-2006,5.21
2006,May,25,25-May-2006,5.22
2006,May,26,26-May-2006,5.24
2006,May,29,29-May-2006,5.23
2006,May,30,30-May-2006,5.24
2006,May,31,31-May-2006,5.24
2006,Jun,01,01-Jun-2006,5.27
2006,Jun,02,02-Jun-2006,5.28
2006,Jun,05,05-Jun-2006,5.24
2006,Jun,06,06-Jun-2006,5.27
2006,Jun,07,07-Jun-2006,5.29
2006,Jun,08,08-Jun-2006,5.31
2006,Jun,09,09-Jun-2006,5.31
2006,Jun,12,12-Jun-2006,5.32
2006,Jun,13,13-Jun-2006,5.33
2006,Jun,14,14-Jun-2006,5.34
2006,Jun,15,15-Jun-2006,5.4
2006,Jun,16,16-Jun-2006,5.42
2006,Jun,19,19-Jun-2006,5.43
2006,Jun,20,20-Jun-2006,5.44
2006,Jun,21,21-Jun-2006,5.45
2006,Jun,22,22-Jun-2006,5.47
2006,Jun,23,23-Jun-2006,5.48
2006,Jun,26,26-Jun-2006,5.5
2006,Jun,27,27-Jun-2006,5.5
2006,Jun,28,28-Jun-2006,5.5
2006,Jun,29,29-Jun-2006,5.51
2006,Jun,30,30-Jun-2006,5.48
2006,Jul,03,03-Jul-2006,5.48
2006,Jul,04,04-Jul-2006,5.49
2006,Jul,05,05-Jul-2006,5.49
2006,Jul,06,06-Jul-2006,5.51
2006,Jul,07,07-Jul-2006,5.52
2006,Jul,10,10-Jul-2006,5.51
2006,Jul,11,11-Jul-2006,5.51
2006,Jul,12,12-Jul-2006,5.51
2006,Jul,13,13-Jul-2006,5.51
2006,Jul,14,14-Jul-2006,5.51
2006,Jul,17,17-Jul-2006,5.5
2006,Jul,18,18-Jul-2006,5.5
2006,Jul,19,19-Jul-2006,5.52
2006,Jul,20,20-Jul-2006,5.52
2006,Jul,21,21-Jul-2006,5.5
2006,Jul,24,24-Jul-2006,5.49
2006,Jul,25,25-Jul-2006,5.5
2006,Jul,26,26-Jul-2006,5.5
2006,Jul,27,27-Jul-2006,5.49
2006,Jul,28,28-Jul-2006,5.49
2006,Jul,31,31-Jul-2006,5.47
2006,Aug,01,01-Aug-2006,5.47
2006,Aug,02,02-Aug-2006,5.47
2006,Aug,03,03-Aug-2006,5.48
2006,Aug,04,04-Aug-2006,5.5
2006,Aug,07,07-Aug-2006,5.44
2006,Aug,08,08-Aug-2006,5.45
2006,Aug,10,10-Aug-2006,5.41
2006,Aug,11,11-Aug-2006,5.41
2006,Aug,14,14-Aug-2006,5.43
2006,Aug,15,15-Aug-2006,5.43
2006,Aug,16,16-Aug-2006,5.42
2006,Aug,17,17-Aug-2006,5.4
2006,Aug,18,18-Aug-2006,5.4
2006,Aug,21,21-Aug-2006,5.4
2006,Aug,22,22-Aug-2006,5.4
2006,Aug,23,23-Aug-2006,5.4
2006,Aug,24,24-Aug-2006,5.4
2006,Aug,25,25-Aug-2006,5.4
2006,Aug,28,28-Aug-2006,5.4
2006,Aug,29,29-Aug-2006,5.4
2006,Aug,30,30-Aug-2006,5.4
2006,Aug,31,31-Aug-2006,5.4
2006,Sep,01,01-Sep-2006,5.39
2006,Sep,04,04-Sep-2006,5.39
2006,Sep,05,05-Sep-2006,5.39
2006,Sep,06,06-Sep-2006,5.39
2006,Sep,07,07-Sep-2006,5.39
2006,Sep,08,08-Sep-2006,5.4
2006,Sep,11,11-Sep-2006,5.39
2006,Sep,12,12-Sep-2006,5.39
2006,Sep,13,13-Sep-2006,5.39
2006,Sep,14,14-Sep-2006,5.39
2006,Sep,15,15-Sep-2006,5.39
2006,Sep,18,18-Sep-2006,5.39
2006,Sep,19,19-Sep-2006,5.39
2006,Sep,20,20-Sep-2006,5.39
2006,Sep,21,21-Sep-2006,5.39
2006,Sep,22,22-Sep-2006,5.37
2006,Sep,25,25-Sep-2006,5.37
2006,Sep,26,26-Sep-2006,5.36
2006,Sep,27,27-Sep-2006,5.37
2006,Sep,28,28-Sep-2006,5.37
2006,Sep,29,29-Sep-2006,5.37
2006,Oct,02,02-Oct-2006,5.37
2006,Oct,03,03-Oct-2006,5.37
2006,Oct,04,04-Oct-2006,5.37
2006,Oct,05,05-Oct-2006,5.37
2006,Oct,06,06-Oct-2006,5.37
2006,Oct,09,09-Oct-2006,5.37
2006,Oct,10,10-Oct-2006,5.37
2006,Oct,11,11-Oct-2006,5.38
2006,Oct,12,12-Oct-2006,5.38
2006,Oct,13,13-Oct-2006,5.38
2006,Oct,16,16-Oct-2006,5.38
2006,Oct,17,17-Oct-2006,5.38
2006,Oct,18,18-Oct-2006,5.37
2006,Oct,19,19-Oct-2006,5.37
2006,Oct,20,20-Oct-2006,5.38
2006,Oct,23,23-Oct-2006,5.38
2006,Oct,25,25-Oct-2006,5.38
2006,Oct,26,26-Oct-2006,5.38
2006,Oct,27,27-Oct-2006,5.38
2006,Oct,30,30-Oct-2006,5.37
2006,Oct,31,31-Oct-2006,5.38
2006,Nov,01,01-Nov-2006,5.37
2006,Nov,02,02-Nov-2006,5.37
2006,Nov,03,03-Nov-2006,5.37
2006,Nov,06,06-Nov-2006,5.38
2006,Nov,07,07-Nov-2006,5.38
2006,Nov,08,08-Nov-2006,5.38
2006,Nov,09,09-Nov-2006,5.38
2006,Nov,10,10-Nov-2006,5.38
2006,Nov,13,13-Nov-2006,5.38
2006,Nov,14,14-Nov-2006,5.38
2006,Nov,15,15-Nov-2006,5.38
2006,Nov,16,16-Nov-2006,5.38
2006,Nov,17,17-Nov-2006,5.38
2006,Nov,20,20-Nov-2006,5.37
2006,Nov,21,21-Nov-2006,5.37
2006,Nov,22,22-Nov-2006,5.37
2006,Nov,23,23-Nov-2006,5.37
2006,Nov,24,24-Nov-2006,5.37
2006,Nov,27,27-Nov-2006,5.37
2006,Nov,28,28-Nov-2006,5.37
2006,Nov,29,29-Nov-2006,5.37
2006,Nov,30,30-Nov-2006,5.37
2006,Dec,01,01-Dec-2006,5.37
2006,Dec,04,04-Dec-2006,5.35
2006,Dec,05,05-Dec-2006,5.35
2006,Dec,06,06-Dec-2006,5.35
2006,Dec,07,07-Dec-2006,5.36
2006,Dec,08,08-Dec-2006,5.35
2006,Dec,11,11-Dec-2006,5.36
2006,Dec,12,12-Dec-2006,5.37
2006,Dec,13,13-Dec-2006,5.37
2006,Dec,14,14-Dec-2006,5.37
2006,Dec,15,15-Dec-2006,5.37
2006,Dec,18,18-Dec-2006,5.37
2006,Dec,19,19-Dec-2006,5.37
2006,Dec,20,20-Dec-2006,5.37
2006,Dec,21,21-Dec-2006,5.37
2006,Dec,22,22-Dec-2006,5.37
2006,Dec,26,26-Dec-2006,5.37
2006,Dec,27,27-Dec-2006,5.37
2006,Dec,28,28-Dec-2006,5.37
2006,Dec,29,29-Dec-2006,5.36
2007,Jan,03,03-Jan-2007,5.36
2007,Jan,04,04-Jan-2007,5.36
2007,Jan,05,05-Jan-2007,5.36
2007,Jan,08,08-Jan-2007,5.36
2007,Jan,09,09-Jan-2007,5.36
2007,Jan,10,10-Jan-2007,5.36
2007,Jan,11,11-Jan-2007,5.36
2007,Jan,12,12-Jan-2007,5.37
2007,Jan,15,15-Jan-2007,5.37
2007,Jan,16,16-Jan-2007,5.36
2007,Jan,17,17-Jan-2007,5.37
2007,Jan,18,18-Jan-2007,5.37
2007,Jan,19,19-Jan-2007,5.36
2007,Jan,22,22-Jan-2007,5.37
2007,Jan,23,23-Jan-2007,5.36
2007,Jan,24,24-Jan-2007,5.36
2007,Jan,25,25-Jan-2007,5.36
2007,Jan,26,26-Jan-2007,5.36
2007,Jan,29,29-Jan-2007,5.37
2007,Jan,30,30-Jan-2007,5.37
2007,Jan,31,31-Jan-2007,5.36
2007,Feb,01,01-Feb-2007,5.37
2007,Feb,02,02-Feb-2007,5.37
2007,Feb,05,05-Feb-2007,5.37
2007,Feb,06,06-Feb-2007,5.37
2007,Feb,07,07-Feb-2007,5.37
2007,Feb,08,08-Feb-2007,5.37
2007,Feb,09,09-Feb-2007,5.37
2007,Feb,12,12-Feb-2007,5.37
2007,Feb,13,13-Feb-2007,5.36
2007,Feb,14,14-Feb-2007,5.36
2007,Feb,15,15-Feb-2007,5.36
2007,Feb,16,16-Feb-2007,5.36
2007,Feb,21,21-Feb-2007,5.36
2007,Feb,22,22-Feb-2007,5.37
2007,Feb,23,23-Feb-2007,5.36
2007,Feb,26,26-Feb-2007,5.36
2007,Feb,27,27-Feb-2007,5.36
2007,Feb,28,28-Feb-2007,5.34
2007,Mar,01,01-Mar-2007,5.35
2007,Mar,02,02-Mar-2007,5.35
2007,Mar,05,05-Mar-2007,5.33
2007,Mar,06,06-Mar-2007,5.34
2007,Mar,07,07-Mar-2007,5.34
2007,Mar,08,08-Mar-2007,5.34
2007,Mar,09,09-Mar-2007,5.34
2007,Mar,12,12-Mar-2007,5.35
2007,Mar,13,13-Mar-2007,5.36
2007,Mar,14,14-Mar-2007,5.35
2007,Mar,15,15-Mar-2007,5.35
2007,Mar,16,16-Mar-2007,5.35
2007,Mar,19,19-Mar-2007,5.35
2007,Mar,20,20-Mar-2007,5.35
2007,Mar,21,21-Mar-2007,5.35
2007,Mar,22,22-Mar-2007,5.35
2007,Mar,23,23-Mar-2007,5.35
2007,Mar,26,26-Mar-2007,5.35
2007,Mar,27,27-Mar-2007,5.35
2007,Mar,28,28-Mar-2007,5.35
2007,Mar,29,29-Mar-2007,5.35
2007,Mar,30,30-Mar-2007,5.35
2007,Apr,02,02-Apr-2007,5.35
2007,Apr,03,03-Apr-2007,5.35
2007,Apr,04,04-Apr-2007,5.35
2007,Apr,05,05-Apr-2007,5.35
2007,Apr,09,09-Apr-2007,5.36
2007,Apr,10,10-Apr-2007,5.36
2007,Apr,11,11-Apr-2007,5.36
2007,Apr,12,12-Apr-2007,5.36
2007,Apr,13,13-Apr-2007,5.36
2007,Apr,16,16-Apr-2007,5.36
2007,Apr,17,17-Apr-2007,5.36
2007,Apr,18,18-Apr-2007,5.36
2007,Apr,19,19-Apr-2007,5.36
2007,Apr,20,20-Apr-2007,5.36
2007,Apr,23,23-Apr-2007,5.36
2007,Apr,24,24-Apr-2007,5.36
2007,Apr,25,25-Apr-2007,5.36
2007,Apr,26,26-Apr-2007,5.36
2007,Apr,27,27-Apr-2007,5.36
2007,Apr,30,30-Apr-2007,5.36
2007,May,02,02-May-2007,5.36
2007,May,03,03-May-2007,5.36
2007,May,04,04-May-2007,5.36
2007,May,07,07-May-2007,5.36
2007,May,08,08-May-2007,5.36
2007,May,09,09-May-2007,5.36
2007,May,10,10-May-2007,5.36
2007,May,11,11-May-2007,5.36
2007,May,14,14-May-2007,5.36
2007,May,15,15-May-2007,5.36
2007,May,16,16-May-2007,5.36
2007,May,17,17-May-2007,5.36
2007,May,18,18-May-2007,5.36
2007,May,21,21-May-2007,5.36
2007,May,22,22-May-2007,5.36
2007,May,23,23-May-2007,5.36
2007,May,24,24-May-2007,5.36
2007,May,25,25-May-2007,5.36
2007,May,28,28-May-2007,5.36
2007,May,29,29-May-2007,5.36
2007,May,30,30-May-2007,5.36
2007,Jun,01,01-Jun-2007,5.36
2007,Jun,04,04-Jun-2007,5.37
2007,Jun,05,05-Jun-2007,5.37
2007,Jun,06,06-Jun-2007,5.36
2007,Jun,07,07-Jun-2007,5.37
2007,Jun,08,08-Jun-2007,5.36
2007,Jun,11,11-Jun-2007,5.36
2007,Jun,12,12-Jun-2007,5.36
2007,Jun,13,13-Jun-2007,5.37
2007,Jun,14,14-Jun-2007,5.36
2007,Jun,15,15-Jun-2007,5.36
2007,Jun,18,18-Jun-2007,5.36
2007,Jun,19,19-Jun-2007,5.36
2007,Jun,20,20-Jun-2007,5.36
2007,Jun,21,21-Jun-2007,5.36
2007,Jun,22,22-Jun-2007,5.36
2007,Jun,25,25-Jun-2007,5.36
2007,Jun,26,26-Jun-2007,5.36
2007,Jun,27,27-Jun-2007,5.36
2007,Jun,28,28-Jun-2007,5.36
2007,Jun,29,29-Jun-2007,5.36
2007,Jul,02,02-Jul-2007,5.37
2007,Jul,03,03-Jul-2007,5.36
2007,Jul,04,04-Jul-2007,5.36
2007,Jul,05,05-Jul-2007,5.36
2007,Jul,06,06-Jul-2007,5.36
2007,Jul,09,09-Jul-2007,5.37
2007,Jul,10,10-Jul-2007,5.36
2007,Jul,11,11-Jul-2007,5.36
2007,Jul,12,12-Jul-2007,5.36
2007,Jul,13,13-Jul-2007,5.36
2007,Jul,16,16-Jul-2007,5.36
2007,Jul,17,17-Jul-2007,5.36
2007,Jul,18,18-Jul-2007,5.36
2007,Jul,19,19-Jul-2007,5.36
2007,Jul,20,20-Jul-2007,5.36
2007,Jul,23,23-Jul-2007,5.36
2007,Jul,24,24-Jul-2007,5.36
2007,Jul,25,25-Jul-2007,5.36
2007,Jul,26,26-Jul-2007,5.36
2007,Jul,27,27-Jul-2007,5.34
2007,Jul,30,30-Jul-2007,5.35
2007,Jul,31,31-Jul-2007,5.35
2007,Aug,01,01-Aug-2007,5.35
2007,Aug,02,02-Aug-2007,5.36
2007,Aug,03,03-Aug-2007,5.36
2007,Aug,06,06-Aug-2007,5.36
2007,Aug,07,07-Aug-2007,5.36
2007,Aug,08,08-Aug-2007,5.37
2007,Aug,10,10-Aug-2007,5.53
2007,Aug,13,13-Aug-2007,5.56
2007,Aug,14,14-Aug-2007,5.55
2007,Aug,15,15-Aug-2007,5.54
2007,Aug,16,16-Aug-2007,5.53
2007,Aug,17,17-Aug-2007,5.52
2007,Aug,20,20-Aug-2007,5.52
2007,Aug,21,21-Aug-2007,5.51
2007,Aug,22,22-Aug-2007,5.5
2007,Aug,23,23-Aug-2007,5.51
2007,Aug,24,24-Aug-2007,5.51
2007,Aug,27,27-Aug-2007,5.52
2007,Aug,28,28-Aug-2007,5.52
2007,Aug,29,29-Aug-2007,5.52
2007,Aug,30,30-Aug-2007,5.59
2007,Aug,31,31-Aug-2007,5.63
2007,Sep,03,03-Sep-2007,5.67
2007,Sep,04,04-Sep-2007,5.71
2007,Sep,05,05-Sep-2007,5.74
2007,Sep,06,06-Sep-2007,5.78
2007,Sep,07,07-Sep-2007,5.76
2007,Sep,10,10-Sep-2007,5.73
2007,Sep,11,11-Sep-2007,5.7
2007,Sep,12,12-Sep-2007,5.7
2007,Sep,13,13-Sep-2007,5.7
2007,Sep,14,14-Sep-2007,5.68
2007,Sep,17,17-Sep-2007,5.65
2007,Sep,18,18-Sep-2007,5.6
2007,Sep,19,19-Sep-2007,5.25
2007,Sep,20,20-Sep-2007,5.24
2007,Sep,21,21-Sep-2007,5.24
2007,Sep,24,24-Sep-2007,5.21
2007,Sep,25,25-Sep-2007,5.22
2007,Sep,26,26-Sep-2007,5.22
2007,Sep,27,27-Sep-2007,5.22
2007,Sep,28,28-Sep-2007,5.23
2007,Oct,01,01-Oct-2007,5.24
2007,Oct,02,02-Oct-2007,5.24
2007,Oct,03,03-Oct-2007,5.25
2007,Oct,04,04-Oct-2007,5.25
2007,Oct,05,05-Oct-2007,5.25
2007,Oct,08,08-Oct-2007,5.26
2007,Oct,09,09-Oct-2007,5.26
2007,Oct,10,10-Oct-2007,5.26
2007,Oct,11,11-Oct-2007,5.25
2007,Oct,12,12-Oct-2007,5.23
2007,Oct,15,15-Oct-2007,5.23
2007,Oct,16,16-Oct-2007,5.22
2007,Oct,17,17-Oct-2007,5.21
2007,Oct,18,18-Oct-2007,5.2
2007,Oct,19,19-Oct-2007,5.17
2007,Oct,22,22-Oct-2007,5.11
2007,Oct,23,23-Oct-2007,5.09
2007,Oct,24,24-Oct-2007,5.08
2007,Oct,25,25-Oct-2007,5.04
2007,Oct,26,26-Oct-2007,5
2007,Oct,29,29-Oct-2007,4.97
2007,Oct,30,30-Oct-2007,4.96
2007,Oct,31,31-Oct-2007,4.92
2007,Nov,01,01-Nov-2007,4.9
2007,Nov,02,02-Nov-2007,4.88
2007,Nov,05,05-Nov-2007,4.87
2007,Nov,06,06-Nov-2007,4.88
2007,Nov,07,07-Nov-2007,4.9
2007,Nov,09,09-Nov-2007,4.89
2007,Nov,12,12-Nov-2007,4.88
2007,Nov,13,13-Nov-2007,4.88
2007,Nov,14,14-Nov-2007,4.89
2007,Nov,15,15-Nov-2007,4.9
2007,Nov,16,16-Nov-2007,4.93
2007,Nov,19,19-Nov-2007,4.99
2007,Nov,20,20-Nov-2007,5
2007,Nov,21,21-Nov-2007,5.03
2007,Nov,22,22-Nov-2007,5.03
2007,Nov,23,23-Nov-2007,5.05
2007,Nov,26,26-Nov-2007,5.06
2007,Nov,27,27-Nov-2007,5.07
2007,Nov,28,28-Nov-2007,5.09
2007,Nov,29,29-Nov-2007,5.13
2007,Nov,30,30-Nov-2007,5.15
2007,Dec,03,03-Dec-2007,5.14
2007,Dec,04,04-Dec-2007,5.15
2007,Dec,05,05-Dec-2007,5.16
2007,Dec,06,06-Dec-2007,5.16
2007,Dec,07,07-Dec-2007,5.16
2007,Dec,10,10-Dec-2007,5.15
2007,Dec,11,11-Dec-2007,5.13
2007,Dec,12,12-Dec-2007,5.11
2007,Dec,13,13-Dec-2007,5.05
2007,Dec,14,14-Dec-2007,5.01
2007,Dec,17,17-Dec-2007,4.99
2007,Dec,18,18-Dec-2007,5
2007,Dec,19,19-Dec-2007,4.95
2007,Dec,21,21-Dec-2007,4.9
2007,Dec,24,24-Dec-2007,4.88
2007,Dec,26,26-Dec-2007,4.86
2007,Dec,27,27-Dec-2007,4.85
2007,Dec,28,28-Dec-2007,4.76
2007,Dec,31,31-Dec-2007,4.73
2008,Jan,02,02-Jan-2008,4.71
2008,Jan,03,03-Jan-2008,4.67
2008,Jan,04,04-Jan-2008,4.65
2008,Jan,07,07-Jan-2008,4.58
2008,Jan,08,08-Jan-2008,4.53
2008,Jan,09,09-Jan-2008,4.48
2008,Jan,10,10-Jan-2008,4.4
2008,Jan,11,11-Jan-2008,4.33
2008,Jan,14,14-Jan-2008,4.16
2008,Jan,15,15-Jan-2008,4.04
2008,Jan,16,16-Jan-2008,4
2008,Jan,17,17-Jan-2008,3.95
2008,Jan,18,18-Jan-2008,3.91
2008,Jan,21,21-Jan-2008,3.87
2008,Jan,22,22-Jan-2008,3.79
2008,Jan,23,23-Jan-2008,3.41
2008,Jan,24,24-Jan-2008,3.29
2008,Jan,25,25-Jan-2008,3.29
2008,Jan,28,28-Jan-2008,3.31
2008,Jan,29,29-Jan-2008,3.25
2008,Jan,30,30-Jan-2008,3.25
2008,Jan,31,31-Jan-2008,3.11
2008,Feb,01,01-Feb-2008,3.11
2008,Feb,04,04-Feb-2008,3.13
2008,Feb,05,05-Feb-2008,3.15
2008,Feb,06,06-Feb-2008,3.15
2008,Feb,11,11-Feb-2008,3.09
2008,Feb,12,12-Feb-2008,3.08
2008,Feb,13,13-Feb-2008,3.08
2008,Feb,14,14-Feb-2008,3.07
2008,Feb,15,15-Feb-2008,3.08
2008,Feb,18,18-Feb-2008,3.08
2008,Feb,19,19-Feb-2008,3.08
2008,Feb,20,20-Feb-2008,3.1
2008,Feb,21,21-Feb-2008,3.1
2008,Feb,22,22-Feb-2008,3.1
2008,Feb,25,25-Feb-2008,3.1
2008,Feb,26,26-Feb-2008,3.09
2008,Feb,27,27-Feb-2008,3.09
2008,Feb,28,28-Feb-2008,3.09
2008,Feb,29,29-Feb-2008,3.07
2008,Mar,03,03-Mar-2008,3.02
2008,Mar,04,04-Mar-2008,3.01
2008,Mar,05,05-Mar-2008,3.01
2008,Mar,06,06-Mar-2008,3
2008,Mar,07,07-Mar-2008,2.99
2008,Mar,10,10-Mar-2008,2.92
2008,Mar,11,11-Mar-2008,2.9
2008,Mar,12,12-Mar-2008,2.88
2008,Mar,13,13-Mar-2008,2.84
2008,Mar,14,14-Mar-2008,2.78
2008,Mar,17,17-Mar-2008,2.54
2008,Mar,18,18-Mar-2008,2.56
2008,Mar,19,19-Mar-2008,2.6
2008,Mar,20,20-Mar-2008,2.6
2008,Mar,24,24-Mar-2008,2.61
2008,Mar,25,25-Mar-2008,2.64
2008,Mar,26,26-Mar-2008,2.67
2008,Mar,27,27-Mar-2008,2.69
2008,Mar,28,28-Mar-2008,2.7
2008,Mar,31,31-Mar-2008,2.72
2008,Apr,01,01-Apr-2008,2.72
2008,Apr,02,02-Apr-2008,2.74
2008,Apr,03,03-Apr-2008,2.77
2008,Apr,04,04-Apr-2008,2.76
2008,Apr,07,07-Apr-2008,2.73
2008,Apr,08,08-Apr-2008,2.73
2008,Apr,09,09-Apr-2008,2.74
2008,Apr,10,10-Apr-2008,2.73
2008,Apr,11,11-Apr-2008,2.73
2008,Apr,14,14-Apr-2008,2.72
2008,Apr,15,15-Apr-2008,2.72
2008,Apr,16,16-Apr-2008,2.73
2008,Apr,17,17-Apr-2008,2.81
2008,Apr,18,18-Apr-2008,2.9
2008,Apr,21,21-Apr-2008,2.91
2008,Apr,22,22-Apr-2008,2.93
2008,Apr,23,23-Apr-2008,2.93
2008,Apr,24,24-Apr-2008,2.93
2008,Apr,25,25-Apr-2008,2.94
2008,Apr,28,28-Apr-2008,2.93
2008,Apr,29,29-Apr-2008,2.92
2008,Apr,30,30-Apr-2008,2.89
2008,May,02,02-May-2008,2.81
2008,May,05,05-May-2008,2.79
2008,May,06,06-May-2008,2.79
2008,May,07,07-May-2008,2.77
2008,May,08,08-May-2008,2.75
2008,May,09,09-May-2008,2.72
2008,May,12,12-May-2008,2.7
2008,May,13,13-May-2008,2.69
2008,May,14,14-May-2008,2.73
2008,May,15,15-May-2008,2.73
2008,May,16,16-May-2008,2.71
2008,May,20,20-May-2008,2.68
2008,May,21,21-May-2008,2.66
2008,May,22,22-May-2008,2.65
2008,May,23,23-May-2008,2.66
2008,May,26,26-May-2008,2.66
2008,May,27,27-May-2008,2.66
2008,May,28,28-May-2008,2.67
2008,May,29,29-May-2008,2.7
2008,May,30,30-May-2008,2.72
2008,Jun,02,02-Jun-2008,2.71
2008,Jun,03,03-Jun-2008,2.71
2008,Jun,04,04-Jun-2008,2.72
2008,Jun,05,05-Jun-2008,2.73
2008,Jun,06,06-Jun-2008,2.74
2008,Jun,09,09-Jun-2008,2.74
2008,Jun,10,10-Jun-2008,2.82
2008,Jun,11,11-Jun-2008,2.85
2008,Jun,12,12-Jun-2008,2.83
2008,Jun,13,13-Jun-2008,2.87
2008,Jun,16,16-Jun-2008,2.85
2008,Jun,17,17-Jun-2008,2.86
2008,Jun,18,18-Jun-2008,2.85
2008,Jun,19,19-Jun-2008,2.84
2008,Jun,20,20-Jun-2008,2.86
2008,Jun,23,23-Jun-2008,2.84
2008,Jun,24,24-Jun-2008,2.85
2008,Jun,25,25-Jun-2008,2.83
2008,Jun,26,26-Jun-2008,2.83
2008,Jun,27,27-Jun-2008,2.82
2008,Jun,30,30-Jun-2008,2.81
2008,Jul,01,01-Jul-2008,2.81
2008,Jul,02,02-Jul-2008,2.8
2008,Jul,03,03-Jul-2008,2.81
2008,Jul,04,04-Jul-2008,2.81
2008,Jul,07,07-Jul-2008,2.81
2008,Jul,08,08-Jul-2008,2.81
2008,Jul,09,09-Jul-2008,2.82
2008,Jul,10,10-Jul-2008,2.81
2008,Jul,11,11-Jul-2008,2.82
2008,Jul,14,14-Jul-2008,2.82
2008,Jul,15,15-Jul-2008,2.81
2008,Jul,16,16-Jul-2008,2.81
2008,Jul,17,17-Jul-2008,2.81
2008,Jul,18,18-Jul-2008,2.81
2008,Jul,21,21-Jul-2008,2.83
2008,Jul,22,22-Jul-2008,2.83
2008,Jul,23,23-Jul-2008,2.83
2008,Jul,24,24-Jul-2008,2.83
2008,Jul,25,25-Jul-2008,2.83
2008,Jul,28,28-Jul-2008,2.83
2008,Jul,29,29-Jul-2008,2.83
2008,Jul,30,30-Jul-2008,2.83
2008,Jul,31,31-Jul-2008,2.82
2008,Aug,01,01-Aug-2008,2.83
2008,Aug,04,04-Aug-2008,2.82
2008,Aug,05,05-Aug-2008,2.83
2008,Aug,06,06-Aug-2008,2.85
2008,Aug,07,07-Aug-2008,2.83
2008,Aug,08,08-Aug-2008,2.84
2008,Aug,11,11-Aug-2008,2.83
2008,Aug,12,12-Aug-2008,2.83
2008,Aug,13,13-Aug-2008,2.83
2008,Aug,14,14-Aug-2008,2.83
2008,Aug,15,15-Aug-2008,2.83
2008,Aug,18,18-Aug-2008,2.82
2008,Aug,19,19-Aug-2008,2.83
2008,Aug,20,20-Aug-2008,2.82
2008,Aug,21,21-Aug-2008,2.82
2008,Aug,22,22-Aug-2008,2.82
2008,Aug,25,25-Aug-2008,2.82
2008,Aug,26,26-Aug-2008,2.83
2008,Aug,27,27-Aug-2008,2.82
2008,Aug,28,28-Aug-2008,2.84
2008,Aug,29,29-Aug-2008,2.83
2008,Sep,01,01-Sep-2008,2.84
2008,Sep,02,02-Sep-2008,2.83
2008,Sep,03,03-Sep-2008,2.84
2008,Sep,04,04-Sep-2008,2.84
2008,Sep,05,05-Sep-2008,2.83
2008,Sep,08,08-Sep-2008,2.84
2008,Sep,09,09-Sep-2008,2.84
2008,Sep,10,10-Sep-2008,2.84
2008,Sep,11,11-Sep-2008,2.83
2008,Sep,12,12-Sep-2008,2.83
2008,Sep,15,15-Sep-2008,2.82
2008,Sep,16,16-Sep-2008,2.85
2008,Sep,17,17-Sep-2008,3.02
2008,Sep,18,18-Sep-2008,3.53
2008,Sep,19,19-Sep-2008,3.37
2008,Sep,22,22-Sep-2008,3.34
2008,Sep,23,23-Sep-2008,3.4
2008,Sep,24,24-Sep-2008,3.39
2008,Sep,25,25-Sep-2008,3.68
2008,Sep,26,26-Sep-2008,3.78
2008,Sep,29,29-Sep-2008,3.79
2008,Sep,30,30-Sep-2008,3.9
2008,Oct,02,02-Oct-2008,4.16
2008,Oct,03,03-Oct-2008,4.27
2008,Oct,06,06-Oct-2008,4.23
2008,Oct,07,07-Oct-2008,4.24
2008,Oct,08,08-Oct-2008,4.32
2008,Oct,09,09-Oct-2008,4.51
2008,Oct,10,10-Oct-2008,4.74
2008,Oct,13,13-Oct-2008,4.8
2008,Oct,14,14-Oct-2008,4.66
2008,Oct,15,15-Oct-2008,4.57
2008,Oct,16,16-Oct-2008,4.54
2008,Oct,17,17-Oct-2008,4.47
2008,Oct,20,20-Oct-2008,4.2
2008,Oct,21,21-Oct-2008,3.92
2008,Oct,22,22-Oct-2008,3.65
2008,Oct,23,23-Oct-2008,3.53
2008,Oct,24,24-Oct-2008,3.52
2008,Oct,28,28-Oct-2008,3.48
2008,Oct,29,29-Oct-2008,3.43
2008,Oct,30,30-Oct-2008,3.28
2008,Oct,31,31-Oct-2008,3.09
2008,Nov,03,03-Nov-2008,2.93
2008,Nov,04,04-Nov-2008,2.8
2008,Nov,05,05-Nov-2008,2.57
2008,Nov,06,06-Nov-2008,2.42
2008,Nov,07,07-Nov-2008,2.33
2008,Nov,10,10-Nov-2008,2.29
2008,Nov,11,11-Nov-2008,2.22
2008,Nov,12,12-Nov-2008,2.16
2008,Nov,13,13-Nov-2008,2.12
2008,Nov,14,14-Nov-2008,2.23
2008,Nov,17,17-Nov-2008,2.28
2008,Nov,18,18-Nov-2008,2.23
2008,Nov,19,19-Nov-2008,2.21
2008,Nov,20,20-Nov-2008,2.17
2008,Nov,21,21-Nov-2008,2.15
2008,Nov,24,24-Nov-2008,2.15
2008,Nov,25,25-Nov-2008,2.19
2008,Nov,26,26-Nov-2008,2.21
2008,Nov,27,27-Nov-2008,2.2
2008,Nov,28,28-Nov-2008,2.22
2008,Dec,01,01-Dec-2008,2.24
2008,Dec,02,02-Dec-2008,2.23
2008,Dec,03,03-Dec-2008,2.22
2008,Dec,04,04-Dec-2008,2.19
2008,Dec,05,05-Dec-2008,2.19
2008,Dec,09,09-Dec-2008,2.19
2008,Dec,10,10-Dec-2008,2.13
2008,Dec,11,11-Dec-2008,2.07
2008,Dec,12,12-Dec-2008,1.95
2008,Dec,15,15-Dec-2008,1.9
2008,Dec,16,16-Dec-2008,1.86
2008,Dec,17,17-Dec-2008,1.63
2008,Dec,18,18-Dec-2008,1.55
2008,Dec,19,19-Dec-2008,1.5
2008,Dec,22,22-Dec-2008,1.5
2008,Dec,23,23-Dec-2008,1.48
2008,Dec,24,24-Dec-2008,1.47
2008,Dec,26,26-Dec-2008,1.47
2008,Dec,29,29-Dec-2008,1.47
2008,Dec,30,30-Dec-2008,1.45
2008,Dec,31,31-Dec-2008,1.44
2009,Jan,02,02-Jan-2009,1.42
2009,Jan,05,05-Jan-2009,1.42
2009,Jan,06,06-Jan-2009,1.41
2009,Jan,07,07-Jan-2009,1.4
2009,Jan,08,08-Jan-2009,1.38
2009,Jan,09,09-Jan-2009,1.3
2009,Jan,12,12-Jan-2009,1.2
2009,Jan,13,13-Jan-2009,1.13
2009,Jan,14,14-Jan-2009,1.1
2009,Jan,15,15-Jan-2009,1.09
2009,Jan,16,16-Jan-2009,1.14
2009,Jan,19,19-Jan-2009,1.14
2009,Jan,20,20-Jan-2009,1.14
2009,Jan,21,21-Jan-2009,1.14
2009,Jan,22,22-Jan-2009,1.15
2009,Jan,23,23-Jan-2009,1.16
2009,Jan,28,28-Jan-2009,1.18
2009,Jan,29,29-Jan-2009,1.17
2009,Jan,30,30-Jan-2009,1.18
2009,Feb,02,02-Feb-2009,1.24
2009,Feb,03,03-Feb-2009,1.24
2009,Feb,04,04-Feb-2009,1.24
2009,Feb,05,05-Feb-2009,1.25
2009,Feb,06,06-Feb-2009,1.24
2009,Feb,09,09-Feb-2009,1.22
2009,Feb,10,10-Feb-2009,1.22
2009,Feb,11,11-Feb-2009,1.23
2009,Feb,12,12-Feb-2009,1.24
2009,Feb,13,13-Feb-2009,1.24
2009,Feb,16,16-Feb-2009,1.25
2009,Feb,17,17-Feb-2009,1.24
2009,Feb,18,18-Feb-2009,1.25
2009,Feb,19,19-Feb-2009,1.26
2009,Feb,20,20-Feb-2009,1.25
2009,Feb,23,23-Feb-2009,1.24
2009,Feb,24,24-Feb-2009,1.24
2009,Feb,25,25-Feb-2009,1.25
2009,Feb,26,26-Feb-2009,1.26
2009,Feb,27,27-Feb-2009,1.26
2009,Mar,02,02-Mar-2009,1.26
2009,Mar,03,03-Mar-2009,1.26
2009,Mar,04,04-Mar-2009,1.27
2009,Mar,05,05-Mar-2009,1.26
2009,Mar,06,06-Mar-2009,1.29
2009,Mar,09,09-Mar-2009,1.3
2009,Mar,10,10-Mar-2009,1.32
2009,Mar,11,11-Mar-2009,1.33
2009,Mar,12,12-Mar-2009,1.33
2009,Mar,13,13-Mar-2009,1.31
2009,Mar,16,16-Mar-2009,1.32
2009,Mar,17,17-Mar-2009,1.31
2009,Mar,18,18-Mar-2009,1.3
2009,Mar,19,19-Mar-2009,1.24
2009,Mar,20,20-Mar-2009,1.22
2009,Mar,23,23-Mar-2009,1.23
2009,Mar,24,24-Mar-2009,1.22
2009,Mar,25,25-Mar-2009,1.22
2009,Mar,26,26-Mar-2009,1.23
2009,Mar,27,27-Mar-2009,1.23
2009,Mar,30,30-Mar-2009,1.22
2009,Mar,31,31-Mar-2009,1.2
2009,Apr,01,01-Apr-2009,1.19
2009,Apr,02,02-Apr-2009,1.17
2009,Apr,03,03-Apr-2009,1.17
2009,Apr,06,06-Apr-2009,1.16
2009,Apr,07,07-Apr-2009,1.16
2009,Apr,08,08-Apr-2009,1.15
2009,Apr,09,09-Apr-2009,1.14
2009,Apr,13,13-Apr-2009,1.13
2009,Apr,14,14-Apr-2009,1.14
2009,Apr,15,15-Apr-2009,1.13
2009,Apr,16,16-Apr-2009,1.12
2009,Apr,17,17-Apr-2009,1.1
2009,Apr,20,20-Apr-2009,1.11
2009,Apr,21,21-Apr-2009,1.1
2009,Apr,22,22-Apr-2009,1.11
2009,Apr,23,23-Apr-2009,1.1
2009,Apr,24,24-Apr-2009,1.09
2009,Apr,27,27-Apr-2009,1.07
2009,Apr,28,28-Apr-2009,1.05
2009,Apr,29,29-Apr-2009,1.04
2009,Apr,30,30-Apr-2009,1.02
2009,May,04,04-May-2009,1.01
2009,May,05,05-May-2009,1.01
2009,May,06,06-May-2009,1
2009,May,07,07-May-2009,0.97
2009,May,08,08-May-2009,0.95
2009,May,11,11-May-2009,0.92
2009,May,12,12-May-2009,0.91
2009,May,13,13-May-2009,0.9
2009,May,14,14-May-2009,0.88
2009,May,15,15-May-2009,0.85
2009,May,18,18-May-2009,0.81
2009,May,19,19-May-2009,0.78
2009,May,20,20-May-2009,0.75
2009,May,21,21-May-2009,0.71
2009,May,22,22-May-2009,0.67
2009,May,25,25-May-2009,0.66
2009,May,26,26-May-2009,0.66
2009,May,27,27-May-2009,0.67
2009,May,28,28-May-2009,0.68
2009,May,29,29-May-2009,0.68
2009,Jun,01,01-Jun-2009,0.66
2009,Jun,02,02-Jun-2009,0.65
2009,Jun,03,03-Jun-2009,0.65
2009,Jun,04,04-Jun-2009,0.64
2009,Jun,05,05-Jun-2009,0.64
2009,Jun,08,08-Jun-2009,0.66
2009,Jun,09,09-Jun-2009,0.65
2009,Jun,10,10-Jun-2009,0.65
2009,Jun,11,11-Jun-2009,0.64
2009,Jun,12,12-Jun-2009,0.64
2009,Jun,15,15-Jun-2009,0.63
2009,Jun,16,16-Jun-2009,0.62
2009,Jun,17,17-Jun-2009,0.62
2009,Jun,18,18-Jun-2009,0.62
2009,Jun,19,19-Jun-2009,0.62
2009,Jun,22,22-Jun-2009,0.62
2009,Jun,23,23-Jun-2009,0.61
2009,Jun,24,24-Jun-2009,0.61
2009,Jun,25,25-Jun-2009,0.61
2009,Jun,26,26-Jun-2009,0.6
2009,Jun,29,29-Jun-2009,0.6
2009,Jun,30,30-Jun-2009,0.6
2009,Jul,01,01-Jul-2009,0.6
2009,Jul,02,02-Jul-2009,0.59
2009,Jul,03,03-Jul-2009,0.58
2009,Jul,06,06-Jul-2009,0.56
2009,Jul,07,07-Jul-2009,0.55
2009,Jul,08,08-Jul-2009,0.55
2009,Jul,09,09-Jul-2009,0.53
2009,Jul,10,10-Jul-2009,0.52
2009,Jul,13,13-Jul-2009,0.5
2009,Jul,14,14-Jul-2009,0.51
2009,Jul,15,15-Jul-2009,0.51
2009,Jul,16,16-Jul-2009,0.52
2009,Jul,17,17-Jul-2009,0.51
2009,Jul,20,20-Jul-2009,0.51
2009,Jul,21,21-Jul-2009,0.51
2009,Jul,22,22-Jul-2009,0.5
2009,Jul,23,23-Jul-2009,0.5
2009,Jul,24,24-Jul-2009,0.51
2009,Jul,27,27-Jul-2009,0.5
2009,Jul,28,28-Jul-2009,0.5
2009,Jul,29,29-Jul-2009,0.51
2009,Jul,30,30-Jul-2009,0.5
2009,Jul,31,31-Jul-2009,0.49
2009,Aug,03,03-Aug-2009,0.49
2009,Aug,04,04-Aug-2009,0.48
2009,Aug,05,05-Aug-2009,0.48
2009,Aug,06,06-Aug-2009,0.48
2009,Aug,07,07-Aug-2009,0.48
2009,Aug,11,11-Aug-2009,0.47
2009,Aug,12,12-Aug-2009,0.47
2009,Aug,13,13-Aug-2009,0.46
2009,Aug,14,14-Aug-2009,0.45
2009,Aug,17,17-Aug-2009,0.45
2009,Aug,18,18-Aug-2009,0.45
2009,Aug,19,19-Aug-2009,0.44
2009,Aug,20,20-Aug-2009,0.43
2009,Aug,21,21-Aug-2009,0.42
2009,Aug,24,24-Aug-2009,0.4
2009,Aug,25,25-Aug-2009,0.39
2009,Aug,26,26-Aug-2009,0.38
2009,Aug,27,27-Aug-2009,0.38
2009,Aug,28,28-Aug-2009,0.37
2009,Aug,31,31-Aug-2009,0.36
2009,Sep,01,01-Sep-2009,0.35
2009,Sep,02,02-Sep-2009,0.34
2009,Sep,03,03-Sep-2009,0.33
2009,Sep,04,04-Sep-2009,0.33
2009,Sep,07,07-Sep-2009,0.32
2009,Sep,08,08-Sep-2009,0.31
2009,Sep,09,09-Sep-2009,0.31
2009,Sep,10,10-Sep-2009,0.31
2009,Sep,11,11-Sep-2009,0.3
2009,Sep,14,14-Sep-2009,0.3
2009,Sep,15,15-Sep-2009,0.3
2009,Sep,16,16-Sep-2009,0.3
2009,Sep,17,17-Sep-2009,0.3
2009,Sep,18,18-Sep-2009,0.3
2009,Sep,22,22-Sep-2009,0.3
2009,Sep,23,23-Sep-2009,0.3
2009,Sep,24,24-Sep-2009,0.3
2009,Sep,25,25-Sep-2009,0.3
2009,Sep,28,28-Sep-2009,0.3
2009,Sep,29,29-Sep-2009,0.3
2009,Sep,30,30-Sep-2009,0.3
2009,Oct,01,01-Oct-2009,0.3
2009,Oct,02,02-Oct-2009,0.29
2009,Oct,05,05-Oct-2009,0.29
2009,Oct,06,06-Oct-2009,0.29
2009,Oct,07,07-Oct-2009,0.29
2009,Oct,08,08-Oct-2009,0.29
2009,Oct,09,09-Oct-2009,0.29
2009,Oct,12,12-Oct-2009,0.29
2009,Oct,13,13-Oct-2009,0.29
2009,Oct,14,14-Oct-2009,0.29
2009,Oct,15,15-Oct-2009,0.29
2009,Oct,16,16-Oct-2009,0.29
2009,Oct,19,19-Oct-2009,0.29
2009,Oct,20,20-Oct-2009,0.29
2009,Oct,21,21-Oct-2009,0.29
2009,Oct,22,22-Oct-2009,0.29
2009,Oct,23,23-Oct-2009,0.29
2009,Oct,26,26-Oct-2009,0.29
2009,Oct,27,27-Oct-2009,0.29
2009,Oct,28,28-Oct-2009,0.29
2009,Oct,29,29-Oct-2009,0.28
2009,Oct,30,30-Oct-2009,0.28
2009,Nov,02,02-Nov-2009,0.29
2009,Nov,03,03-Nov-2009,0.29
2009,Nov,04,04-Nov-2009,0.29
2009,Nov,05,05-Nov-2009,0.28
2009,Nov,06,06-Nov-2009,0.29
2009,Nov,09,09-Nov-2009,0.28
2009,Nov,10,10-Nov-2009,0.28
2009,Nov,11,11-Nov-2009,0.28
2009,Nov,12,12-Nov-2009,0.28
2009,Nov,13,13-Nov-2009,0.28
2009,Nov,16,16-Nov-2009,0.28
2009,Nov,17,17-Nov-2009,0.28
2009,Nov,18,18-Nov-2009,0.27
2009,Nov,19,19-Nov-2009,0.27
2009,Nov,20,20-Nov-2009,0.27
2009,Nov,23,23-Nov-2009,0.27
2009,Nov,24,24-Nov-2009,0.27
2009,Nov,25,25-Nov-2009,0.27
2009,Nov,26,26-Nov-2009,0.27
2009,Nov,30,30-Nov-2009,0.26
2009,Dec,01,01-Dec-2009,0.26
2009,Dec,02,02-Dec-2009,0.26
2009,Dec,03,03-Dec-2009,0.26
2009,Dec,04,04-Dec-2009,0.26
2009,Dec,07,07-Dec-2009,0.26
2009,Dec,08,08-Dec-2009,0.26
2009,Dec,09,09-Dec-2009,0.26
2009,Dec,10,10-Dec-2009,0.26
2009,Dec,11,11-Dec-2009,0.26
2009,Dec,14,14-Dec-2009,0.26
2009,Dec,15,15-Dec-2009,0.26
2009,Dec,16,16-Dec-2009,0.26
2009,Dec,17,17-Dec-2009,0.26
2009,Dec,18,18-Dec-2009,0.26
2009,Dec,21,21-Dec-2009,0.26
2009,Dec,22,22-Dec-2009,0.26
2009,Dec,23,23-Dec-2009,0.26
2009,Dec,24,24-Dec-2009,0.26
2009,Dec,28,28-Dec-2009,0.26
2009,Dec,29,29-Dec-2009,0.26
2009,Dec,30,30-Dec-2009,0.26
2009,Dec,31,31-Dec-2009,0.25
2010,Jan,04,04-Jan-2010,0.25
2010,Jan,05,05-Jan-2010,0.26
2010,Jan,06,06-Jan-2010,0.26
2010,Jan,07,07-Jan-2010,0.25
2010,Jan,08,08-Jan-2010,0.25
2010,Jan,11,11-Jan-2010,0.26
2010,Jan,12,12-Jan-2010,0.26
2010,Jan,13,13-Jan-2010,0.26
2010,Jan,14,14-Jan-2010,0.26
2010,Jan,15,15-Jan-2010,0.26
2010,Jan,18,18-Jan-2010,0.25
2010,Jan,19,19-Jan-2010,0.25
2010,Jan,20,20-Jan-2010,0.25
2010,Jan,21,21-Jan-2010,0.25
2010,Jan,22,22-Jan-2010,0.25
2010,Jan,25,25-Jan-2010,0.25
2010,Jan,26,26-Jan-2010,0.25
2010,Jan,27,27-Jan-2010,0.25
2010,Jan,28,28-Jan-2010,0.25
2010,Jan,29,29-Jan-2010,0.25
2010,Feb,01,01-Feb-2010,0.25
2010,Feb,02,02-Feb-2010,0.25
2010,Feb,03,03-Feb-2010,0.26
2010,Feb,04,04-Feb-2010,0.25
2010,Feb,05,05-Feb-2010,0.25
2010,Feb,08,08-Feb-2010,0.25
2010,Feb,09,09-Feb-2010,0.25
2010,Feb,10,10-Feb-2010,0.25
2010,Feb,11,11-Feb-2010,0.25
2010,Feb,12,12-Feb-2010,0.25
2010,Feb,17,17-Feb-2010,0.25
2010,Feb,18,18-Feb-2010,0.25
2010,Feb,19,19-Feb-2010,0.26
2010,Feb,22,22-Feb-2010,0.26
2010,Feb,23,23-Feb-2010,0.26
2010,Feb,24,24-Feb-2010,0.25
2010,Feb,25,25-Feb-2010,0.25
2010,Feb,26,26-Feb-2010,0.25
2010,Mar,01,01-Mar-2010,0.25
2010,Mar,02,02-Mar-2010,0.25
2010,Mar,03,03-Mar-2010,0.25
2010,Mar,04,04-Mar-2010,0.25
2010,Mar,05,05-Mar-2010,0.25
2010,Mar,08,08-Mar-2010,0.25
2010,Mar,09,09-Mar-2010,0.26
2010,Mar,10,10-Mar-2010,0.26
2010,Mar,11,11-Mar-2010,0.26
2010,Mar,12,12-Mar-2010,0.26
2010,Mar,15,15-Mar-2010,0.26
2010,Mar,16,16-Mar-2010,0.26
2010,Mar,17,17-Mar-2010,0.26
2010,Mar,18,18-Mar-2010,0.26
2010,Mar,19,19-Mar-2010,0.27
2010,Mar,22,22-Mar-2010,0.28
2010,Mar,23,23-Mar-2010,0.28
2010,Mar,24,24-Mar-2010,0.28
2010,Mar,25,25-Mar-2010,0.29
2010,Mar,26,26-Mar-2010,0.29
2010,Mar,29,29-Mar-2010,0.29
2010,Mar,30,30-Mar-2010,0.29
2010,Mar,31,31-Mar-2010,0.29
2010,Apr,01,01-Apr-2010,0.29
2010,Apr,05,05-Apr-2010,0.29
2010,Apr,06,06-Apr-2010,0.29
2010,Apr,07,07-Apr-2010,0.29
2010,Apr,08,08-Apr-2010,0.29
2010,Apr,09,09-Apr-2010,0.3
2010,Apr,12,12-Apr-2010,0.3
2010,Apr,13,13-Apr-2010,0.3
2010,Apr,14,14-Apr-2010,0.3
2010,Apr,15,15-Apr-2010,0.3
2010,Apr,16,16-Apr-2010,0.3
2010,Apr,19,19-Apr-2010,0.31
2010,Apr,20,20-Apr-2010,0.31
2010,Apr,21,21-Apr-2010,0.31
2010,Apr,22,22-Apr-2010,0.31
2010,Apr,23,23-Apr-2010,0.32
2010,Apr,26,26-Apr-2010,0.32
2010,Apr,27,27-Apr-2010,0.33
2010,Apr,28,28-Apr-2010,0.33
2010,Apr,29,29-Apr-2010,0.34
2010,Apr,30,30-Apr-2010,0.35
2010,May,03,03-May-2010,0.35
2010,May,04,04-May-2010,0.35
2010,May,05,05-May-2010,0.36
2010,May,06,06-May-2010,0.37
2010,May,07,07-May-2010,0.41
2010,May,10,10-May-2010,0.44
2010,May,11,11-May-2010,0.43
2010,May,12,12-May-2010,0.43
2010,May,13,13-May-2010,0.44
2010,May,14,14-May-2010,0.44
2010,May,17,17-May-2010,0.45
2010,May,18,18-May-2010,0.46
2010,May,19,19-May-2010,0.48
2010,May,20,20-May-2010,0.48
2010,May,21,21-May-2010,0.5
2010,May,24,24-May-2010,0.5
2010,May,25,25-May-2010,0.52
2010,May,26,26-May-2010,0.54
2010,May,27,27-May-2010,0.55
2010,May,31,31-May-2010,0.54
2010,Jun,01,01-Jun-2010,0.54
2010,Jun,02,02-Jun-2010,0.54
2010,Jun,03,03-Jun-2010,0.54
2010,Jun,04,04-Jun-2010,0.54
2010,Jun,07,07-Jun-2010,0.54
2010,Jun,08,08-Jun-2010,0.54
2010,Jun,09,09-Jun-2010,0.54
2010,Jun,10,10-Jun-2010,0.54
2010,Jun,11,11-Jun-2010,0.54
2010,Jun,14,14-Jun-2010,0.54
2010,Jun,15,15-Jun-2010,0.54
2010,Jun,16,16-Jun-2010,0.54
2010,Jun,17,17-Jun-2010,0.54
2010,Jun,18,18-Jun-2010,0.54
2010,Jun,21,21-Jun-2010,0.54
2010,Jun,22,22-Jun-2010,0.54
2010,Jun,23,23-Jun-2010,0.54
2010,Jun,24,24-Jun-2010,0.54
2010,Jun,25,25-Jun-2010,0.54
2010,Jun,28,28-Jun-2010,0.54
2010,Jun,29,29-Jun-2010,0.54
2010,Jun,30,30-Jun-2010,0.54
2010,Jul,01,01-Jul-2010,0.54
2010,Jul,02,02-Jul-2010,0.54
2010,Jul,05,05-Jul-2010,0.54
2010,Jul,06,06-Jul-2010,0.54
2010,Jul,07,07-Jul-2010,0.54
2010,Jul,08,08-Jul-2010,0.53
2010,Jul,09,09-Jul-2010,0.53
2010,Jul,12,12-Jul-2010,0.53
2010,Jul,13,13-Jul-2010,0.53
2010,Jul,14,14-Jul-2010,0.53
2010,Jul,15,15-Jul-2010,0.53
2010,Jul,16,16-Jul-2010,0.53
2010,Jul,19,19-Jul-2010,0.52
2010,Jul,20,20-Jul-2010,0.52
2010,Jul,21,21-Jul-2010,0.52
2010,Jul,22,22-Jul-2010,0.51
2010,Jul,23,23-Jul-2010,0.51
2010,Jul,26,26-Jul-2010,0.5
2010,Jul,27,27-Jul-2010,0.5
2010,Jul,28,28-Jul-2010,0.49
2010,Jul,29,29-Jul-2010,0.49
2010,Jul,30,30-Jul-2010,0.48
2010,Aug,02,02-Aug-2010,0.47
2010,Aug,03,03-Aug-2010,0.46
2010,Aug,04,04-Aug-2010,0.45
2010,Aug,05,05-Aug-2010,0.44
2010,Aug,06,06-Aug-2010,0.43
2010,Aug,10,10-Aug-2010,0.42
2010,Aug,11,11-Aug-2010,0.4
2010,Aug,12,12-Aug-2010,0.4
2010,Aug,13,13-Aug-2010,0.39
2010,Aug,16,16-Aug-2010,0.38
2010,Aug,17,17-Aug-2010,0.38
2010,Aug,18,18-Aug-2010,0.36
2010,Aug,19,19-Aug-2010,0.35
2010,Aug,20,20-Aug-2010,0.35
2010,Aug,23,23-Aug-2010,0.33
2010,Aug,24,24-Aug-2010,0.32
2010,Aug,25,25-Aug-2010,0.31
2010,Aug,26,26-Aug-2010,0.31
2010,Aug,27,27-Aug-2010,0.31
2010,Aug,30,30-Aug-2010,0.3
2010,Aug,31,31-Aug-2010,0.3
2010,Sep,01,01-Sep-2010,0.3
2010,Sep,02,02-Sep-2010,0.3
2010,Sep,03,03-Sep-2010,0.3
2010,Sep,06,06-Sep-2010,0.3
2010,Sep,07,07-Sep-2010,0.3
2010,Sep,08,08-Sep-2010,0.3
2010,Sep,09,09-Sep-2010,0.3
2010,Sep,13,13-Sep-2010,0.3
2010,Sep,14,14-Sep-2010,0.3
2010,Sep,15,15-Sep-2010,0.3
2010,Sep,16,16-Sep-2010,0.3
2010,Sep,17,17-Sep-2010,0.3
2010,Sep,20,20-Sep-2010,0.3
2010,Sep,21,21-Sep-2010,0.29
2010,Sep,22,22-Sep-2010,0.29
2010,Sep,23,23-Sep-2010,0.29
2010,Sep,24,24-Sep-2010,0.3
2010,Sep,27,27-Sep-2010,0.29
2010,Sep,28,28-Sep-2010,0.29
2010,Sep,29,29-Sep-2010,0.29
2010,Sep,30,30-Sep-2010,0.29
2010,Oct,01,01-Oct-2010,0.29
2010,Oct,04,04-Oct-2010,0.29
2010,Oct,05,05-Oct-2010,0.29
2010,Oct,06,06-Oct-2010,0.29
2010,Oct,07,07-Oct-2010,0.29
2010,Oct,08,08-Oct-2010,0.29
2010,Oct,11,11-Oct-2010,0.29
2010,Oct,12,12-Oct-2010,0.29
2010,Oct,13,13-Oct-2010,0.29
2010,Oct,14,14-Oct-2010,0.29
2010,Oct,15,15-Oct-2010,0.29
2010,Oct,18,18-Oct-2010,0.29
2010,Oct,19,19-Oct-2010,0.29
2010,Oct,20,20-Oct-2010,0.29
2010,Oct,21,21-Oct-2010,0.29
2010,Oct,22,22-Oct-2010,0.29
2010,Oct,25,25-Oct-2010,0.29
2010,Oct,26,26-Oct-2010,0.29
2010,Oct,27,27-Oct-2010,0.29
2010,Oct,28,28-Oct-2010,0.29
2010,Oct,29,29-Oct-2010,0.29
2010,Nov,01,01-Nov-2010,0.29
2010,Nov,02,02-Nov-2010,0.29
2010,Nov,03,03-Nov-2010,0.29
2010,Nov,04,04-Nov-2010,0.29
2010,Nov,08,08-Nov-2010,0.29
2010,Nov,09,09-Nov-2010,0.29
2010,Nov,10,10-Nov-2010,0.29
2010,Nov,11,11-Nov-2010,0.29
2010,Nov,12,12-Nov-2010,0.29
2010,Nov,15,15-Nov-2010,0.29
2010,Nov,16,16-Nov-2010,0.29
2010,Nov,18,18-Nov-2010,0.29
2010,Nov,19,19-Nov-2010,0.29
2010,Nov,22,22-Nov-2010,0.29
2010,Nov,23,23-Nov-2010,0.29
2010,Nov,24,24-Nov-2010,0.29
2010,Nov,25,25-Nov-2010,0.29
2010,Nov,26,26-Nov-2010,0.29
2010,Nov,29,29-Nov-2010,0.29
2010,Nov,30,30-Nov-2010,0.3
2010,Dec,01,01-Dec-2010,0.31
2010,Dec,02,02-Dec-2010,0.31
2010,Dec,03,03-Dec-2010,0.31
2010,Dec,06,06-Dec-2010,0.31
2010,Dec,07,07-Dec-2010,0.31
2010,Dec,08,08-Dec-2010,0.31
2010,Dec,09,09-Dec-2010,0.3
2010,Dec,10,10-Dec-2010,0.31
2010,Dec,13,13-Dec-2010,0.3
2010,Dec,14,14-Dec-2010,0.3
2010,Dec,15,15-Dec-2010,0.3
2010,Dec,16,16-Dec-2010,0.3
2010,Dec,17,17-Dec-2010,0.31
2010,Dec,20,20-Dec-2010,0.3
2010,Dec,21,21-Dec-2010,0.3
2010,Dec,22,22-Dec-2010,0.3
2010,Dec,23,23-Dec-2010,0.3
2010,Dec,24,24-Dec-2010,0.3
2010,Dec,27,27-Dec-2010,0.3
2010,Dec,28,28-Dec-2010,0.3
2010,Dec,29,29-Dec-2010,0.3
2010,Dec,30,30-Dec-2010,0.3
2010,Dec,31,31-Dec-2010,0.3
2011,Jan,03,03-Jan-2011,0.3
2011,Jan,04,04-Jan-2011,0.3
2011,Jan,05,05-Jan-2011,0.3
2011,Jan,06,06-Jan-2011,0.3
2011,Jan,07,07-Jan-2011,0.31
2011,Jan,10,10-Jan-2011,0.31
2011,Jan,11,11-Jan-2011,0.31
2011,Jan,12,12-Jan-2011,0.31
2011,Jan,13,13-Jan-2011,0.31
2011,Jan,14,14-Jan-2011,0.31
2011,Jan,17,17-Jan-2011,0.31
2011,Jan,18,18-Jan-2011,0.31
2011,Jan,19,19-Jan-2011,0.31
2011,Jan,20,20-Jan-2011,0.31
2011,Jan,21,21-Jan-2011,0.31
2011,Jan,24,24-Jan-2011,0.31
2011,Jan,25,25-Jan-2011,0.3
2011,Jan,26,26-Jan-2011,0.31
2011,Jan,27,27-Jan-2011,0.31
2011,Jan,28,28-Jan-2011,0.31
2011,Jan,31,31-Jan-2011,0.31
2011,Feb,01,01-Feb-2011,0.31
2011,Feb,02,02-Feb-2011,0.31
2011,Feb,07,07-Feb-2011,0.31
2011,Feb,08,08-Feb-2011,0.31
2011,Feb,09,09-Feb-2011,0.31
2011,Feb,10,10-Feb-2011,0.31
2011,Feb,11,11-Feb-2011,0.31
2011,Feb,14,14-Feb-2011,0.31
2011,Feb,15,15-Feb-2011,0.31
2011,Feb,16,16-Feb-2011,0.31
2011,Feb,17,17-Feb-2011,0.31
2011,Feb,18,18-Feb-2011,0.31
2011,Feb,21,21-Feb-2011,0.31
2011,Feb,22,22-Feb-2011,0.31
2011,Feb,23,23-Feb-2011,0.31
2011,Feb,24,24-Feb-2011,0.31
2011,Feb,25,25-Feb-2011,0.31
2011,Feb,28,28-Feb-2011,0.31
2011,Mar,01,01-Mar-2011,0.31
2011,Mar,02,02-Mar-2011,0.31
2011,Mar,03,03-Mar-2011,0.31
2011,Mar,04,04-Mar-2011,0.31
2011,Mar,07,07-Mar-2011,0.31
2011,Mar,08,08-Mar-2011,0.31
2011,Mar,09,09-Mar-2011,0.31
2011,Mar,10,10-Mar-2011,0.31
2011,Mar,11,11-Mar-2011,0.31
2011,Mar,14,14-Mar-2011,0.31
2011,Mar,15,15-Mar-2011,0.31
2011,Mar,16,16-Mar-2011,0.31
2011,Mar,17,17-Mar-2011,0.31
2011,Mar,18,18-Mar-2011,0.31
2011,Mar,21,21-Mar-2011,0.31
2011,Mar,22,22-Mar-2011,0.31
2011,Mar,23,23-Mar-2011,0.31
2011,Mar,24,24-Mar-2011,0.31
2011,Mar,25,25-Mar-2011,0.31
2011,Mar,28,28-Mar-2011,0.31
2011,Mar,29,29-Mar-2011,0.31
2011,Mar,30,30-Mar-2011,0.31
2011,Mar,31,31-Mar-2011,0.31
2011,Apr,01,01-Apr-2011,0.31
2011,Apr,04,04-Apr-2011,0.31
2011,Apr,05,05-Apr-2011,0.3
2011,Apr,06,06-Apr-2011,0.3
2011,Apr,07,07-Apr-2011,0.3
2011,Apr,08,08-Apr-2011,0.3
2011,Apr,11,11-Apr-2011,0.29
2011,Apr,12,12-Apr-2011,0.29
2011,Apr,13,13-Apr-2011,0.29
2011,Apr,14,14-Apr-2011,0.28
2011,Apr,15,15-Apr-2011,0.28
2011,Apr,18,18-Apr-2011,0.28
2011,Apr,19,19-Apr-2011,0.28
2011,Apr,20,20-Apr-2011,0.28
2011,Apr,21,21-Apr-2011,0.28
2011,Apr,25,25-Apr-2011,0.28
2011,Apr,26,26-Apr-2011,0.28
2011,Apr,27,27-Apr-2011,0.28
2011,Apr,28,28-Apr-2011,0.28
2011,Apr,29,29-Apr-2011,0.28
2011,May,03,03-May-2011,0.28
2011,May,04,04-May-2011,0.28
2011,May,05,05-May-2011,0.28
2011,May,06,06-May-2011,0.27
2011,May,09,09-May-2011,0.27
2011,May,10,10-May-2011,0.27
2011,May,11,11-May-2011,0.27
2011,May,12,12-May-2011,0.27
2011,May,13,13-May-2011,0.27
2011,May,16,16-May-2011,0.27
2011,May,18,18-May-2011,0.27
2011,May,19,19-May-2011,0.27
2011,May,20,20-May-2011,0.26
2011,May,23,23-May-2011,0.26
2011,May,24,24-May-2011,0.26
2011,May,25,25-May-2011,0.26
2011,May,26,26-May-2011,0.26
2011,May,27,27-May-2011,0.26
2011,May,30,30-May-2011,0.26
2011,May,31,31-May-2011,0.26
2011,Jun,01,01-Jun-2011,0.26
2011,Jun,02,02-Jun-2011,0.26
2011,Jun,03,03-Jun-2011,0.26
2011,Jun,06,06-Jun-2011,0.26
2011,Jun,07,07-Jun-2011,0.26
2011,Jun,08,08-Jun-2011,0.26
2011,Jun,09,09-Jun-2011,0.26
2011,Jun,10,10-Jun-2011,0.26
2011,Jun,13,13-Jun-2011,0.25
2011,Jun,14,14-Jun-2011,0.25
2011,Jun,15,15-Jun-2011,0.25
2011,Jun,16,16-Jun-2011,0.25
2011,Jun,17,17-Jun-2011,0.25
2011,Jun,20,20-Jun-2011,0.25
2011,Jun,21,21-Jun-2011,0.25
2011,Jun,22,22-Jun-2011,0.25
2011,Jun,23,23-Jun-2011,0.25
2011,Jun,24,24-Jun-2011,0.25
2011,Jun,27,27-Jun-2011,0.25
2011,Jun,28,28-Jun-2011,0.25
2011,Jun,29,29-Jun-2011,0.25
2011,Jun,30,30-Jun-2011,0.25
2011,Jul,01,01-Jul-2011,0.25
2011,Jul,04,04-Jul-2011,0.25
2011,Jul,05,05-Jul-2011,0.25
2011,Jul,06,06-Jul-2011,0.25
2011,Jul,07,07-Jul-2011,0.25
2011,Jul,08,08-Jul-2011,0.25
2011,Jul,11,11-Jul-2011,0.25
2011,Jul,12,12-Jul-2011,0.25
2011,Jul,13,13-Jul-2011,0.25
2011,Jul,14,14-Jul-2011,0.25
2011,Jul,15,15-Jul-2011,0.25
2011,Jul,18,18-Jul-2011,0.25
2011,Jul,19,19-Jul-2011,0.25
2011,Jul,20,20-Jul-2011,0.25
2011,Jul,21,21-Jul-2011,0.25
2011,Jul,22,22-Jul-2011,0.25
2011,Jul,25,25-Jul-2011,0.25
2011,Jul,26,26-Jul-2011,0.26
2011,Jul,27,27-Jul-2011,0.26
2011,Jul,28,28-Jul-2011,0.25
2011,Jul,29,29-Jul-2011,0.25
2011,Aug,01,01-Aug-2011,0.26
2011,Aug,02,02-Aug-2011,0.26
2011,Aug,03,03-Aug-2011,0.27
2011,Aug,04,04-Aug-2011,0.27
2011,Aug,05,05-Aug-2011,0.27
2011,Aug,08,08-Aug-2011,0.27
2011,Aug,10,10-Aug-2011,0.27
2011,Aug,11,11-Aug-2011,0.29
2011,Aug,12,12-Aug-2011,0.29
2011,Aug,15,15-Aug-2011,0.3
2011,Aug,16,16-Aug-2011,0.3
2011,Aug,17,17-Aug-2011,0.3
2011,Aug,18,18-Aug-2011,0.3
2011,Aug,19,19-Aug-2011,0.3
2011,Aug,22,22-Aug-2011,0.3
2011,Aug,23,23-Aug-2011,0.31
2011,Aug,24,24-Aug-2011,0.31
2011,Aug,25,25-Aug-2011,0.32
2011,Aug,26,26-Aug-2011,0.32
2011,Aug,29,29-Aug-2011,0.32
2011,Aug,31,31-Aug-2011,0.33
2011,Sep,01,01-Sep-2011,0.33
2011,Sep,02,02-Sep-2011,0.33
2011,Sep,05,05-Sep-2011,0.33
2011,Sep,06,06-Sep-2011,0.33
2011,Sep,07,07-Sep-2011,0.34
2011,Sep,08,08-Sep-2011,0.34
2011,Sep,09,09-Sep-2011,0.34
2011,Sep,12,12-Sep-2011,0.34
2011,Sep,13,13-Sep-2011,0.35
2011,Sep,14,14-Sep-2011,0.35
2011,Sep,15,15-Sep-2011,0.35
2011,Sep,16,16-Sep-2011,0.35
2011,Sep,19,19-Sep-2011,0.35
2011,Sep,20,20-Sep-2011,0.35
2011,Sep,21,21-Sep-2011,0.36
2011,Sep,22,22-Sep-2011,0.35
2011,Sep,23,23-Sep-2011,0.36
2011,Sep,26,26-Sep-2011,0.36
2011,Sep,27,27-Sep-2011,0.36
2011,Sep,28,28-Sep-2011,0.36
2011,Sep,29,29-Sep-2011,0.37
2011,Sep,30,30-Sep-2011,0.37
2011,Oct,03,03-Oct-2011,0.37
2011,Oct,04,04-Oct-2011,0.38
2011,Oct,05,05-Oct-2011,0.38
2011,Oct,06,06-Oct-2011,0.38
2011,Oct,07,07-Oct-2011,0.39
2011,Oct,10,10-Oct-2011,0.39
2011,Oct,11,11-Oct-2011,0.39
2011,Oct,12,12-Oct-2011,0.4
2011,Oct,13,13-Oct-2011,0.4
2011,Oct,14,14-Oct-2011,0.4
2011,Oct,17,17-Oct-2011,0.4
2011,Oct,18,18-Oct-2011,0.4
2011,Oct,19,19-Oct-2011,0.41
2011,Oct,20,20-Oct-2011,0.41
2011,Oct,21,21-Oct-2011,0.41
2011,Oct,24,24-Oct-2011,0.42
2011,Oct,25,25-Oct-2011,0.42
2011,Oct,27,27-Oct-2011,0.42
2011,Oct,28,28-Oct-2011,0.43
2011,Oct,31,31-Oct-2011,0.43
2011,Nov,01,01-Nov-2011,0.43
2011,Nov,02,02-Nov-2011,0.43
2011,Nov,03,03-Nov-2011,0.43
2011,Nov,04,04-Nov-2011,0.44
2011,Nov,08,08-Nov-2011,0.44
2011,Nov,09,09-Nov-2011,0.45
2011,Nov,10,10-Nov-2011,0.45
2011,Nov,11,11-Nov-2011,0.45
2011,Nov,14,14-Nov-2011,0.46
2011,Nov,15,15-Nov-2011,0.46
2011,Nov,16,16-Nov-2011,0.46
2011,Nov,17,17-Nov-2011,0.47
2011,Nov,18,18-Nov-2011,0.48
2011,Nov,21,21-Nov-2011,0.48
2011,Nov,22,22-Nov-2011,0.5
2011,Nov,23,23-Nov-2011,0.5
2011,Nov,24,24-Nov-2011,0.5
2011,Nov,25,25-Nov-2011,0.51
2011,Nov,28,28-Nov-2011,0.51
2011,Nov,29,29-Nov-2011,0.52
2011,Nov,30,30-Nov-2011,0.53
2011,Dec,01,01-Dec-2011,0.52
2011,Dec,02,02-Dec-2011,0.52
2011,Dec,05,05-Dec-2011,0.53
2011,Dec,06,06-Dec-2011,0.53
2011,Dec,07,07-Dec-2011,0.53
2011,Dec,08,08-Dec-2011,0.54
2011,Dec,09,09-Dec-2011,0.54
2011,Dec,12,12-Dec-2011,0.54
2011,Dec,13,13-Dec-2011,0.54
2011,Dec,14,14-Dec-2011,0.54
2011,Dec,15,15-Dec-2011,0.55
2011,Dec,16,16-Dec-2011,0.55
2011,Dec,19,19-Dec-2011,0.56
2011,Dec,20,20-Dec-2011,0.57
2011,Dec,21,21-Dec-2011,0.57
2011,Dec,22,22-Dec-2011,0.57
2011,Dec,23,23-Dec-2011,0.57
2011,Dec,27,27-Dec-2011,0.57
2011,Dec,28,28-Dec-2011,0.57
2011,Dec,29,29-Dec-2011,0.58
2011,Dec,30,30-Dec-2011,0.58
2012,Jan,03,03-Jan-2012,0.58
2012,Jan,04,04-Jan-2012,0.58
2012,Jan,05,05-Jan-2012,0.59
2012,Jan,06,06-Jan-2012,0.58
2012,Jan,09,09-Jan-2012,0.58
2012,Jan,10,10-Jan-2012,0.58
2012,Jan,11,11-Jan-2012,0.58
2012,Jan,12,12-Jan-2012,0.58
2012,Jan,13,13-Jan-2012,0.57
2012,Jan,16,16-Jan-2012,0.57
2012,Jan,17,17-Jan-2012,0.57
2012,Jan,18,18-Jan-2012,0.56
2012,Jan,19,19-Jan-2012,0.56
2012,Jan,20,20-Jan-2012,0.56
2012,Jan,25,25-Jan-2012,0.56
2012,Jan,26,26-Jan-2012,0.56
2012,Jan,27,27-Jan-2012,0.55
2012,Jan,30,30-Jan-2012,0.55
2012,Jan,31,31-Jan-2012,0.55
2012,Feb,01,01-Feb-2012,0.54
2012,Feb,02,02-Feb-2012,0.54
2012,Feb,03,03-Feb-2012,0.53
2012,Feb,06,06-Feb-2012,0.53
2012,Feb,07,07-Feb-2012,0.52
2012,Feb,08,08-Feb-2012,0.52
2012,Feb,09,09-Feb-2012,0.51
2012,Feb,10,10-Feb-2012,0.51
2012,Feb,13,13-Feb-2012,0.51
2012,Feb,14,14-Feb-2012,0.5
2012,Feb,15,15-Feb-2012,0.5
2012,Feb,16,16-Feb-2012,0.5
2012,Feb,17,17-Feb-2012,0.5
2012,Feb,20,20-Feb-2012,0.49
2012,Feb,21,21-Feb-2012,0.5
2012,Feb,22,22-Feb-2012,0.5
2012,Feb,23,23-Feb-2012,0.49
2012,Feb,24,24-Feb-2012,0.49
2012,Feb,27,27-Feb-2012,0.49
2012,Feb,28,28-Feb-2012,0.49
2012,Feb,29,29-Feb-2012,0.49
2012,Mar,01,01-Mar-2012,0.49
2012,Mar,02,02-Mar-2012,0.48
2012,Mar,05,05-Mar-2012,0.48
2012,Mar,06,06-Mar-2012,0.48
2012,Mar,07,07-Mar-2012,0.48
2012,Mar,08,08-Mar-2012,0.48
2012,Mar,09,09-Mar-2012,0.48
2012,Mar,12,12-Mar-2012,0.47
2012,Mar,13,13-Mar-2012,0.47
2012,Mar,14,14-Mar-2012,0.47
2012,Mar,15,15-Mar-2012,0.47
2012,Mar,16,16-Mar-2012,0.47
2012,Mar,19,19-Mar-2012,0.47
2012,Mar,20,20-Mar-2012,0.47
2012,Mar,21,21-Mar-2012,0.47
2012,Mar,22,22-Mar-2012,0.47
2012,Mar,23,23-Mar-2012,0.47
2012,Mar,26,26-Mar-2012,0.47
2012,Mar,27,27-Mar-2012,0.47
2012,Mar,28,28-Mar-2012,0.47
2012,Mar,29,29-Mar-2012,0.47
2012,Mar,30,30-Mar-2012,0.47
2012,Apr,02,02-Apr-2012,0.47
2012,Apr,03,03-Apr-2012,0.47
2012,Apr,04,04-Apr-2012,0.47
2012,Apr,05,05-Apr-2012,0.47
2012,Apr,09,09-Apr-2012,0.47
2012,Apr,10,10-Apr-2012,0.47
2012,Apr,11,11-Apr-2012,0.47
2012,Apr,12,12-Apr-2012,0.47
2012,Apr,13,13-Apr-2012,0.47
2012,Apr,16,16-Apr-2012,0.47
2012,Apr,17,17-Apr-2012,0.47
2012,Apr,18,18-Apr-2012,0.47
2012,Apr,19,19-Apr-2012,0.47
2012,Apr,20,20-Apr-2012,0.47
2012,Apr,23,23-Apr-2012,0.47
2012,Apr,24,24-Apr-2012,0.47
2012,Apr,25,25-Apr-2012,0.47
2012,Apr,26,26-Apr-2012,0.47
2012,Apr,27,27-Apr-2012,0.47
2012,Apr,30,30-Apr-2012,0.47
2012,May,02,02-May-2012,0.47
2012,May,03,03-May-2012,0.47
2012,May,04,04-May-2012,0.47
2012,May,07,07-May-2012,0.47
2012,May,08,08-May-2012,0.47
2012,May,09,09-May-2012,0.47
2012,May,10,10-May-2012,0.47
2012,May,11,11-May-2012,0.47
2012,May,14,14-May-2012,0.47
2012,May,15,15-May-2012,0.47
2012,May,16,16-May-2012,0.47
2012,May,17,17-May-2012,0.47
2012,May,18,18-May-2012,0.47
2012,May,21,21-May-2012,0.47
2012,May,22,22-May-2012,0.47
2012,May,23,23-May-2012,0.47
2012,May,24,24-May-2012,0.47
2012,May,25,25-May-2012,0.47
2012,May,28,28-May-2012,0.47
2012,May,29,29-May-2012,0.47
2012,May,30,30-May-2012,0.47
2012,May,31,31-May-2012,0.47
2012,Jun,01,01-Jun-2012,0.47
2012,Jun,04,04-Jun-2012,0.47
2012,Jun,05,05-Jun-2012,0.47
2012,Jun,06,06-Jun-2012,0.47
2012,Jun,07,07-Jun-2012,0.47
2012,Jun,08,08-Jun-2012,0.47
2012,Jun,11,11-Jun-2012,0.47
2012,Jun,12,12-Jun-2012,0.47
2012,Jun,13,13-Jun-2012,0.47
2012,Jun,14,14-Jun-2012,0.47
2012,Jun,15,15-Jun-2012,0.47
2012,Jun,18,18-Jun-2012,0.47
2012,Jun,19,19-Jun-2012,0.47
2012,Jun,20,20-Jun-2012,0.47
2012,Jun,21,21-Jun-2012,0.47
2012,Jun,22,22-Jun-2012,0.47
2012,Jun,25,25-Jun-2012,0.47
2012,Jun,26,26-Jun-2012,0.46
2012,Jun,27,27-Jun-2012,0.46
2012,Jun,28,28-Jun-2012,0.46
2012,Jun,29,29-Jun-2012,0.46
2012,Jul,02,02-Jul-2012,0.46
2012,Jul,03,03-Jul-2012,0.46
2012,Jul,04,04-Jul-2012,0.46
2012,Jul,05,05-Jul-2012,0.46
2012,Jul,06,06-Jul-2012,0.46
2012,Jul,09,09-Jul-2012,0.46
2012,Jul,10,10-Jul-2012,0.46
2012,Jul,11,11-Jul-2012,0.46
2012,Jul,12,12-Jul-2012,0.46
2012,Jul,13,13-Jul-2012,0.46
2012,Jul,16,16-Jul-2012,0.46
2012,Jul,17,17-Jul-2012,0.46
2012,Jul,18,18-Jul-2012,0.46
2012,Jul,19,19-Jul-2012,0.46
2012,Jul,20,20-Jul-2012,0.45
2012,Jul,23,23-Jul-2012,0.46
2012,Jul,24,24-Jul-2012,0.45
2012,Jul,25,25-Jul-2012,0.45
2012,Jul,26,26-Jul-2012,0.45
2012,Jul,27,27-Jul-2012,0.45
2012,Jul,30,30-Jul-2012,0.45
2012,Jul,31,31-Jul-2012,0.44
2012,Aug,01,01-Aug-2012,0.45
2012,Aug,02,02-Aug-2012,0.44
2012,Aug,03,03-Aug-2012,0.44
2012,Aug,06,06-Aug-2012,0.44
2012,Aug,07,07-Aug-2012,0.44
2012,Aug,08,08-Aug-2012,0.44
2012,Aug,10,10-Aug-2012,0.44
2012,Aug,13,13-Aug-2012,0.44
2012,Aug,14,14-Aug-2012,0.44
2012,Aug,15,15-Aug-2012,0.44
2012,Aug,16,16-Aug-2012,0.44
2012,Aug,17,17-Aug-2012,0.44
2012,Aug,21,21-Aug-2012,0.44
2012,Aug,22,22-Aug-2012,0.44
2012,Aug,23,23-Aug-2012,0.44
2012,Aug,24,24-Aug-2012,0.44
2012,Aug,27,27-Aug-2012,0.43
2012,Aug,28,28-Aug-2012,0.43
2012,Aug,29,29-Aug-2012,0.43
2012,Aug,30,30-Aug-2012,0.43
2012,Aug,31,31-Aug-2012,0.43
2012,Sep,03,03-Sep-2012,0.43
2012,Sep,04,04-Sep-2012,0.43
2012,Sep,05,05-Sep-2012,0.42
2012,Sep,06,06-Sep-2012,0.42
2012,Sep,07,07-Sep-2012,0.42
2012,Sep,10,10-Sep-2012,0.42
2012,Sep,11,11-Sep-2012,0.42
2012,Sep,12,12-Sep-2012,0.41
2012,Sep,13,13-Sep-2012,0.41
2012,Sep,14,14-Sep-2012,0.39
2012,Sep,17,17-Sep-2012,0.39
2012,Sep,18,18-Sep-2012,0.39
2012,Sep,19,19-Sep-2012,0.39
2012,Sep,20,20-Sep-2012,0.38
2012,Sep,21,21-Sep-2012,0.38
2012,Sep,24,24-Sep-2012,0.37
2012,Sep,25,25-Sep-2012,0.37
2012,Sep,26,26-Sep-2012,0.37
2012,Sep,27,27-Sep-2012,0.37
2012,Sep,28,28-Sep-2012,0.37
2012,Oct,01,01-Oct-2012,0.36
2012,Oct,02,02-Oct-2012,0.36
2012,Oct,03,03-Oct-2012,0.36
2012,Oct,04,04-Oct-2012,0.36
2012,Oct,05,05-Oct-2012,0.36
2012,Oct,08,08-Oct-2012,0.36
2012,Oct,09,09-Oct-2012,0.36
2012,Oct,10,10-Oct-2012,0.35
2012,Oct,11,11-Oct-2012,0.35
2012,Oct,12,12-Oct-2012,0.35
2012,Oct,15,15-Oct-2012,0.34
2012,Oct,16,16-Oct-2012,0.34
2012,Oct,17,17-Oct-2012,0.33
2012,Oct,18,18-Oct-2012,0.33
2012,Oct,19,19-Oct-2012,0.32
2012,Oct,22,22-Oct-2012,0.32
2012,Oct,23,23-Oct-2012,0.32
2012,Oct,24,24-Oct-2012,0.32
2012,Oct,25,25-Oct-2012,0.32
2012,Oct,29,29-Oct-2012,0.32
2012,Oct,30,30-Oct-2012,0.31
2012,Oct,31,31-Oct-2012,0.32
2012,Nov,01,01-Nov-2012,0.32
2012,Nov,02,02-Nov-2012,0.32
2012,Nov,05,05-Nov-2012,0.32
2012,Nov,06,06-Nov-2012,0.32
2012,Nov,07,07-Nov-2012,0.31
2012,Nov,08,08-Nov-2012,0.31
2012,Nov,09,09-Nov-2012,0.31
2012,Nov,12,12-Nov-2012,0.31
2012,Nov,14,14-Nov-2012,0.31
2012,Nov,15,15-Nov-2012,0.31
2012,Nov,16,16-Nov-2012,0.31
2012,Nov,19,19-Nov-2012,0.31
2012,Nov,20,20-Nov-2012,0.31
2012,Nov,21,21-Nov-2012,0.31
2012,Nov,22,22-Nov-2012,0.31
2012,Nov,23,23-Nov-2012,0.31
2012,Nov,26,26-Nov-2012,0.31
2012,Nov,27,27-Nov-2012,0.31
2012,Nov,28,28-Nov-2012,0.31
2012,Nov,29,29-Nov-2012,0.31
2012,Nov,30,30-Nov-2012,0.31
2012,Dec,03,03-Dec-2012,0.31
2012,Dec,04,04-Dec-2012,0.31
2012,Dec,05,05-Dec-2012,0.31
2012,Dec,06,06-Dec-2012,0.31
2012,Dec,07,07-Dec-2012,0.31
2012,Dec,10,10-Dec-2012,0.31
2012,Dec,11,11-Dec-2012,0.31
2012,Dec,12,12-Dec-2012,0.31
2012,Dec,13,13-Dec-2012,0.31
2012,Dec,14,14-Dec-2012,0.31
2012,Dec,17,17-Dec-2012,0.31
2012,Dec,18,18-Dec-2012,0.31
2012,Dec,19,19-Dec-2012,0.31
2012,Dec,20,20-Dec-2012,0.31
2012,Dec,21,21-Dec-2012,0.31
2012,Dec,24,24-Dec-2012,0.31
2012,Dec,26,26-Dec-2012,0.31
2012,Dec,27,27-Dec-2012,0.31
2012,Dec,28,28-Dec-2012,0.31
2012,Dec,31,31-Dec-2012,0.31
2013,Jan,02,02-Jan-2013,0.31
2013,Jan,03,03-Jan-2013,0.31
2013,Jan,04,04-Jan-2013,0.31
2013,Jan,07,07-Jan-2013,0.31
2013,Jan,08,08-Jan-2013,0.31
2013,Jan,09,09-Jan-2013,0.31
2013,Jan,10,10-Jan-2013,0.31
2013,Jan,11,11-Jan-2013,0.31
2013,Jan,14,14-Jan-2013,0.31
2013,Jan,15,15-Jan-2013,0.31
2013,Jan,16,16-Jan-2013,0.3
2013,Jan,17,17-Jan-2013,0.3
2013,Jan,18,18-Jan-2013,0.3
2013,Jan,21,21-Jan-2013,0.3
2013,Jan,22,22-Jan-2013,0.3
2013,Jan,23,23-Jan-2013,0.3
2013,Jan,24,24-Jan-2013,0.3
2013,Jan,25,25-Jan-2013,0.3
2013,Jan,28,28-Jan-2013,0.3
2013,Jan,29,29-Jan-2013,0.3
2013,Jan,30,30-Jan-2013,0.3
2013,Jan,31,31-Jan-2013,0.3
2013,Feb,01,01-Feb-2013,0.3
2013,Feb,04,04-Feb-2013,0.3
2013,Feb,05,05-Feb-2013,0.3
2013,Feb,06,06-Feb-2013,0.3
2013,Feb,07,07-Feb-2013,0.3
2013,Feb,08,08-Feb-2013,0.3
2013,Feb,13,13-Feb-2013,0.3
2013,Feb,14,14-Feb-2013,0.3
2013,Feb,15,15-Feb-2013,0.3
2013,Feb,18,18-Feb-2013,0.3
2013,Feb,19,19-Feb-2013,0.29
2013,Feb,20,20-Feb-2013,0.29
2013,Feb,21,21-Feb-2013,0.29
2013,Feb,22,22-Feb-2013,0.29
2013,Feb,25,25-Feb-2013,0.29
2013,Feb,26,26-Feb-2013,0.29
2013,Feb,27,27-Feb-2013,0.29
2013,Feb,28,28-Feb-2013,0.29
2013,Mar,01,01-Mar-2013,0.29
2013,Mar,04,04-Mar-2013,0.29
2013,Mar,05,05-Mar-2013,0.29
2013,Mar,06,06-Mar-2013,0.28
2013,Mar,07,07-Mar-2013,0.28
2013,Mar,08,08-Mar-2013,0.28
2013,Mar,11,11-Mar-2013,0.28
2013,Mar,12,12-Mar-2013,0.28
2013,Mar,13,13-Mar-2013,0.28
2013,Mar,14,14-Mar-2013,0.28
2013,Mar,15,15-Mar-2013,0.28
2013,Mar,18,18-Mar-2013,0.28
2013,Mar,19,19-Mar-2013,0.28
2013,Mar,20,20-Mar-2013,0.28
2013,Mar,21,21-Mar-2013,0.28
2013,Mar,22,22-Mar-2013,0.28
2013,Mar,25,25-Mar-2013,0.28
2013,Mar,26,26-Mar-2013,0.28
2013,Mar,27,27-Mar-2013,0.28
2013,Mar,28,28-Mar-2013,0.28
2013,Apr,01,01-Apr-2013,0.28
2013,Apr,02,02-Apr-2013,0.28
2013,Apr,03,03-Apr-2013,0.28
2013,Apr,04,04-Apr-2013,0.28
2013,Apr,05,05-Apr-2013,0.28
2013,Apr,08,08-Apr-2013,0.28
2013,Apr,09,09-Apr-2013,0.28
2013,Apr,10,10-Apr-2013,0.28
2013,Apr,11,11-Apr-2013,0.28
2013,Apr,12,12-Apr-2013,0.28
2013,Apr,15,15-Apr-2013,0.28
2013,Apr,16,16-Apr-2013,0.28
2013,Apr,17,17-Apr-2013,0.28
2013,Apr,18,18-Apr-2013,0.28
2013,Apr,19,19-Apr-2013,0.28
2013,Apr,22,22-Apr-2013,0.28
2013,Apr,23,23-Apr-2013,0.28
2013,Apr,24,24-Apr-2013,0.28
2013,Apr,25,25-Apr-2013,0.28
2013,Apr,26,26-Apr-2013,0.28
2013,Apr,29,29-Apr-2013,0.28
2013,Apr,30,30-Apr-2013,0.28
2013,May,02,02-May-2013,0.28
2013,May,03,03-May-2013,0.28
2013,May,06,06-May-2013,0.28
2013,May,07,07-May-2013,0.28
2013,May,08,08-May-2013,0.28
2013,May,09,09-May-2013,0.28
2013,May,10,10-May-2013,0.28
2013,May,13,13-May-2013,0.28
2013,May,14,14-May-2013,0.28
2013,May,15,15-May-2013,0.28
2013,May,16,16-May-2013,0.28
2013,May,17,17-May-2013,0.28
2013,May,20,20-May-2013,0.28
2013,May,21,21-May-2013,0.28
2013,May,22,22-May-2013,0.28
2013,May,23,23-May-2013,0.28
2013,May,27,27-May-2013,0.28
2013,May,28,28-May-2013,0.28
2013,May,29,29-May-2013,0.28
2013,May,30,30-May-2013,0.28
2013,May,31,31-May-2013,0.28
2013,Jun,03,03-Jun-2013,0.28
2013,Jun,04,04-Jun-2013,0.28
2013,Jun,05,05-Jun-2013,0.28
2013,Jun,06,06-Jun-2013,0.28
2013,Jun,07,07-Jun-2013,0.28
2013,Jun,10,10-Jun-2013,0.28
2013,Jun,11,11-Jun-2013,0.28
2013,Jun,12,12-Jun-2013,0.28
2013,Jun,13,13-Jun-2013,0.28
2013,Jun,14,14-Jun-2013,0.28
2013,Jun,17,17-Jun-2013,0.28
2013,Jun,18,18-Jun-2013,0.28
2013,Jun,19,19-Jun-2013,0.28
2013,Jun,20,20-Jun-2013,0.28
2013,Jun,21,21-Jun-2013,0.28
2013,Jun,24,24-Jun-2013,0.28
2013,Jun,25,25-Jun-2013,0.28
2013,Jun,26,26-Jun-2013,0.28
2013,Jun,27,27-Jun-2013,0.28
2013,Jun,28,28-Jun-2013,0.28
2013,Jul,01,01-Jul-2013,0.28
2013,Jul,02,02-Jul-2013,0.28
2013,Jul,03,03-Jul-2013,0.28
2013,Jul,04,04-Jul-2013,0.28
2013,Jul,05,05-Jul-2013,0.28
2013,Jul,08,08-Jul-2013,0.28
2013,Jul,09,09-Jul-2013,0.27
2013,Jul,10,10-Jul-2013,0.27
2013,Jul,11,11-Jul-2013,0.27
2013,Jul,12,12-Jul-2013,0.27
2013,Jul,15,15-Jul-2013,0.27
2013,Jul,16,16-Jul-2013,0.27
2013,Jul,17,17-Jul-2013,0.27
2013,Jul,18,18-Jul-2013,0.27
2013,Jul,19,19-Jul-2013,0.27
2013,Jul,22,22-Jul-2013,0.27
2013,Jul,23,23-Jul-2013,0.27
2013,Jul,24,24-Jul-2013,0.27
2013,Jul,25,25-Jul-2013,0.27
2013,Jul,26,26-Jul-2013,0.27
2013,Jul,29,29-Jul-2013,0.27
2013,Jul,30,30-Jul-2013,0.27
2013,Jul,31,31-Jul-2013,0.27
2013,Aug,01,01-Aug-2013,0.27
2013,Aug,02,02-Aug-2013,0.27
2013,Aug,05,05-Aug-2013,0.27
2013,Aug,06,06-Aug-2013,0.27
2013,Aug,07,07-Aug-2013,0.27
2013,Aug,12,12-Aug-2013,0.27
2013,Aug,13,13-Aug-2013,0.27
2013,Aug,14,14-Aug-2013,0.27
2013,Aug,15,15-Aug-2013,0.27
2013,Aug,16,16-Aug-2013,0.27
2013,Aug,19,19-Aug-2013,0.27
2013,Aug,20,20-Aug-2013,0.27
2013,Aug,21,21-Aug-2013,0.27
2013,Aug,22,22-Aug-2013,0.27
2013,Aug,23,23-Aug-2013,0.27
2013,Aug,26,26-Aug-2013,0.27
2013,Aug,27,27-Aug-2013,0.27
2013,Aug,28,28-Aug-2013,0.26
2013,Aug,29,29-Aug-2013,0.27
2013,Aug,30,30-Aug-2013,0.27
2013,Sep,02,02-Sep-2013,0.27
2013,Sep,03,03-Sep-2013,0.27
2013,Sep,04,04-Sep-2013,0.26
2013,Sep,05,05-Sep-2013,0.26
2013,Sep,06,06-Sep-2013,0.26
2013,Sep,09,09-Sep-2013,0.26
2013,Sep,10,10-Sep-2013,0.26
2013,Sep,11,11-Sep-2013,0.26
2013,Sep,12,12-Sep-2013,0.26
2013,Sep,13,13-Sep-2013,0.26
2013,Sep,16,16-Sep-2013,0.26
2013,Sep,17,17-Sep-2013,0.26
2013,Sep,18,18-Sep-2013,0.26
2013,Sep,19,19-Sep-2013,0.26
2013,Sep,20,20-Sep-2013,0.26
2013,Sep,23,23-Sep-2013,0.26
2013,Sep,24,24-Sep-2013,0.25
2013,Sep,25,25-Sep-2013,0.25
2013,Sep,26,26-Sep-2013,0.25
2013,Sep,27,27-Sep-2013,0.25
2013,Sep,30,30-Sep-2013,0.25
2013,Oct,01,01-Oct-2013,0.25
2013,Oct,02,02-Oct-2013,0.25
2013,Oct,03,03-Oct-2013,0.25
2013,Oct,04,04-Oct-2013,0.25
2013,Oct,07,07-Oct-2013,0.25
2013,Oct,08,08-Oct-2013,0.24
2013,Oct,09,09-Oct-2013,0.24
2013,Oct,10,10-Oct-2013,0.25
2013,Oct,11,11-Oct-2013,0.24
2013,Oct,14,14-Oct-2013,0.25
2013,Oct,16,16-Oct-2013,0.25
2013,Oct,17,17-Oct-2013,0.25
2013,Oct,18,18-Oct-2013,0.24
2013,Oct,21,21-Oct-2013,0.24
2013,Oct,22,22-Oct-2013,0.24
2013,Oct,23,23-Oct-2013,0.24
2013,Oct,24,24-Oct-2013,0.24
2013,Oct,25,25-Oct-2013,0.24
2013,Oct,28,28-Oct-2013,0.24
2013,Oct,29,29-Oct-2013,0.24
2013,Oct,30,30-Oct-2013,0.24
2013,Oct,31,31-Oct-2013,0.24
2013,Nov,01,01-Nov-2013,0.24
2013,Nov,04,04-Nov-2013,0.24
2013,Nov,05,05-Nov-2013,0.24
2013,Nov,06,06-Nov-2013,0.24
2013,Nov,07,07-Nov-2013,0.24
2013,Nov,08,08-Nov-2013,0.24
2013,Nov,11,11-Nov-2013,0.24
2013,Nov,12,12-Nov-2013,0.24
2013,Nov,13,13-Nov-2013,0.24
2013,Nov,14,14-Nov-2013,0.24
2013,Nov,15,15-Nov-2013,0.24
2013,Nov,18,18-Nov-2013,0.24
2013,Nov,19,19-Nov-2013,0.24
2013,Nov,20,20-Nov-2013,0.24
2013,Nov,21,21-Nov-2013,0.24
2013,Nov,22,22-Nov-2013,0.24
2013,Nov,25,25-Nov-2013,0.24
2013,Nov,26,26-Nov-2013,0.24
2013,Nov,27,27-Nov-2013,0.24
2013,Nov,28,28-Nov-2013,0.24
2013,Nov,29,29-Nov-2013,0.24
2013,Dec,02,02-Dec-2013,0.24
2013,Dec,03,03-Dec-2013,0.24
2013,Dec,04,04-Dec-2013,0.24
2013,Dec,05,05-Dec-2013,0.24
2013,Dec,06,06-Dec-2013,0.24
2013,Dec,09,09-Dec-2013,0.24
2013,Dec,10,10-Dec-2013,0.24
2013,Dec,11,11-Dec-2013,0.24
2013,Dec,12,12-Dec-2013,0.24
2013,Dec,13,13-Dec-2013,0.24
2013,Dec,16,16-Dec-2013,0.24
2013,Dec,17,17-Dec-2013,0.24
2013,Dec,18,18-Dec-2013,0.24
2013,Dec,19,19-Dec-2013,0.25
2013,Dec,20,20-Dec-2013,0.25
2013,Dec,23,23-Dec-2013,0.25
2013,Dec,24,24-Dec-2013,0.25
2013,Dec,26,26-Dec-2013,0.25
2013,Dec,27,27-Dec-2013,0.25
2013,Dec,30,30-Dec-2013,0.25
2013,Dec,31,31-Dec-2013,0.25