SORA Value Date,Month,Day,Date,SORA Publication Date,Compound SORA - 3 month
2005,Jul,01,01-Jul-2005,4-Jul-05,-
2005,Jul,04,04-Jul-2005,5-Jul-05,-
2005,Jul,05,05-Jul-2005,6-Jul-05,-
2005,Jul,06,06-Jul-2005,7-Jul-05,-
2005,Jul,07,07-Jul-2005,8-Jul-05,-
2005,Jul,08,08-Jul-2005,11-Jul-05,-
2005,Jul,11,11-Jul-2005,12-Jul-05,-
2005,Jul,12,12-Jul-2005,13-Jul-05,-
2005,Jul,13,13-Jul-2005,14-Jul-05,-
2005,Jul,14,14-Jul-2005,15-Jul-05,-
2005,Jul,15,15-Jul-2005,18-Jul-05,-
2005,Jul,18,18-Jul-2005,19-Jul-05,-
2005,Jul,19,19-Jul-2005,20-Jul-05,-
2005,Jul,20,20-Jul-2005,21-Jul-05,-
2005,Jul,21,21-Jul-2005,22-Jul-05,-
2005,Jul,22,22-Jul-2005,25-Jul-05,-
2005,Jul,25,25-Jul-2005,26-Jul-05,-
2005,Jul,26,26-Jul-2005,27-Jul-05,-
2005,Jul,27,27-Jul-2005,28-Jul-05,-
2005,Jul,28,28-Jul-2005,29-Jul-05,-
2005,Jul,29,29-Jul-2005,1-Aug-05,-
2005,Aug,01,01-Aug-2005,2-Aug-05,-
2005,Aug,02,02-Aug-2005,3-Aug-05,-
2005,Aug,03,03-Aug-2005,4-Aug-05,-
2005,Aug,04,04-Aug-2005,5-Aug-05,-
2005,Aug,05,05-Aug-2005,8-Aug-05,-
2005,Aug,08,08-Aug-2005,10-Aug-05,-
2005,Aug,10,10-Aug-2005,11-Aug-05,-
2005,Aug,11,11-Aug-2005,12-Aug-05,-
2005,Aug,12,12-Aug-2005,15-Aug-05,-
2005,Aug,15,15-Aug-2005,16-Aug-05,-
2005,Aug,16,16-Aug-2005,17-Aug-05,-
2005,Aug,17,17-Aug-2005,18-Aug-05,-
2005,Aug,18,18-Aug-2005,19-Aug-05,-
2005,Aug,19,19-Aug-2005,22-Aug-05,-
2005,Aug,22,22-Aug-2005,23-Aug-05,-
2005,Aug,23,23-Aug-2005,24-Aug-05,-
2005,Aug,24,24-Aug-2005,25-Aug-05,-
2005,Aug,25,25-Aug-2005,26-Aug-05,-
2005,Aug,26,26-Aug-2005,29-Aug-05,-
2005,Aug,29,29-Aug-2005,30-Aug-05,-
2005,Aug,30,30-Aug-2005,31-Aug-05,-
2005,Aug,31,31-Aug-2005,1-Sep-05,-
2005,Sep,01,01-Sep-2005,2-Sep-05,-
2005,Sep,02,02-Sep-2005,5-Sep-05,-
2005,Sep,05,05-Sep-2005,6-Sep-05,-
2005,Sep,06,06-Sep-2005,7-Sep-05,-
2005,Sep,07,07-Sep-2005,8-Sep-05,-
2005,Sep,08,08-Sep-2005,9-Sep-05,-
2005,Sep,09,09-Sep-2005,12-Sep-05,-
2005,Sep,12,12-Sep-2005,13-Sep-05,-
2005,Sep,13,13-Sep-2005,14-Sep-05,-
2005,Sep,14,14-Sep-2005,15-Sep-05,-
2005,Sep,15,15-Sep-2005,16-Sep-05,-
2005,Sep,16,16-Sep-2005,19-Sep-05,-
2005,Sep,19,19-Sep-2005,20-Sep-05,-
2005,Sep,20,20-Sep-2005,21-Sep-05,-
2005,Sep,21,21-Sep-2005,22-Sep-05,-
2005,Sep,22,22-Sep-2005,23-Sep-05,-
2005,Sep,23,23-Sep-2005,26-Sep-05,-
2005,Sep,26,26-Sep-2005,27-Sep-05,-
2005,Sep,27,27-Sep-2005,28-Sep-05,-
2005,Sep,28,28-Sep-2005,29-Sep-05,-
2005,Sep,29,29-Sep-2005,30-Sep-05,-
2005,Sep,30,30-Sep-2005,3-Oct-05,-
2005,Oct,03,03-Oct-2005,4-Oct-05,1.9026
2005,Oct,04,04-Oct-2005,5-Oct-05,1.9062
2005,Oct,05,05-Oct-2005,6-Oct-05,1.909
2005,Oct,06,06-Oct-2005,7-Oct-05,1.912
2005,Oct,07,07-Oct-2005,10-Oct-05,1.9225
2005,Oct,10,10-Oct-2005,11-Oct-05,1.9264
2005,Oct,11,11-Oct-2005,12-Oct-05,1.9318
2005,Oct,12,12-Oct-2005,13-Oct-05,1.9379
2005,Oct,13,13-Oct-2005,14-Oct-05,1.9439
2005,Oct,14,14-Oct-2005,17-Oct-05,1.9592
2005,Oct,17,17-Oct-2005,18-Oct-05,1.964
2005,Oct,18,18-Oct-2005,19-Oct-05,1.9682
2005,Oct,19,19-Oct-2005,20-Oct-05,1.9723
2005,Oct,20,20-Oct-2005,21-Oct-05,1.9761
2005,Oct,21,21-Oct-2005,24-Oct-05,1.9861
2005,Oct,24,24-Oct-2005,25-Oct-05,1.9898
2005,Oct,25,25-Oct-2005,26-Oct-05,1.9942
2005,Oct,26,26-Oct-2005,27-Oct-05,1.9994
2005,Oct,27,27-Oct-2005,28-Oct-05,2.0049
2005,Oct,28,28-Oct-2005,31-Oct-05,2.0231
2005,Oct,31,31-Oct-2005,2-Nov-05,2.0404
2005,Nov,02,02-Nov-2005,4-Nov-05,2.0565
2005,Nov,04,04-Nov-2005,7-Nov-05,2.0825
2005,Nov,07,07-Nov-2005,8-Nov-05,2.0914
2005,Nov,08,08-Nov-2005,9-Nov-05,2.1003
2005,Nov,09,09-Nov-2005,10-Nov-05,2.1098
2005,Nov,10,10-Nov-2005,11-Nov-05,2.1194
2005,Nov,11,11-Nov-2005,14-Nov-05,2.1537
2005,Nov,14,14-Nov-2005,15-Nov-05,2.1644
2005,Nov,15,15-Nov-2005,16-Nov-05,2.1747
2005,Nov,16,16-Nov-2005,17-Nov-05,2.1839
2005,Nov,17,17-Nov-2005,18-Nov-05,2.1941
2005,Nov,18,18-Nov-2005,21-Nov-05,2.2246
2005,Nov,21,21-Nov-2005,22-Nov-05,2.2356
2005,Nov,22,22-Nov-2005,23-Nov-05,2.2465
2005,Nov,23,23-Nov-2005,24-Nov-05,2.2534
2005,Nov,24,24-Nov-2005,25-Nov-05,2.2643
2005,Nov,25,25-Nov-2005,28-Nov-05,2.2962
2005,Nov,28,28-Nov-2005,29-Nov-05,2.3067
2005,Nov,29,29-Nov-2005,30-Nov-05,2.3158
2005,Nov,30,30-Nov-2005,1-Dec-05,2.3302
2005,Dec,01,01-Dec-2005,2-Dec-05,2.3409
2005,Dec,02,02-Dec-2005,5-Dec-05,2.368
2005,Dec,05,05-Dec-2005,6-Dec-05,2.376
2005,Dec,06,06-Dec-2005,7-Dec-05,2.3822
2005,Dec,07,07-Dec-2005,8-Dec-05,2.386
2005,Dec,08,08-Dec-2005,9-Dec-05,2.3937
2005,Dec,09,09-Dec-2005,12-Dec-05,2.4212
2005,Dec,12,12-Dec-2005,13-Dec-05,2.4291
2005,Dec,13,13-Dec-2005,14-Dec-05,2.4346
2005,Dec,14,14-Dec-2005,15-Dec-05,2.4424
2005,Dec,15,15-Dec-2005,16-Dec-05,2.4564
2005,Dec,16,16-Dec-2005,19-Dec-05,2.496
2005,Dec,19,19-Dec-2005,20-Dec-05,2.5081
2005,Dec,20,20-Dec-2005,21-Dec-05,2.5157
2005,Dec,21,21-Dec-2005,22-Dec-05,2.5208
2005,Dec,22,22-Dec-2005,23-Dec-05,2.5268
2005,Dec,23,23-Dec-2005,27-Dec-05,2.5509
2005,Dec,27,27-Dec-2005,28-Dec-05,2.5562
2005,Dec,28,28-Dec-2005,29-Dec-05,2.5639
2005,Dec,29,29-Dec-2005,30-Dec-05,2.5711
2005,Dec,30,30-Dec-2005,3-Jan-06,2.6352
2006,Jan,03,03-Jan-2006,4-Jan-06,2.647
2006,Jan,04,04-Jan-2006,5-Jan-06,2.663
2006,Jan,05,05-Jan-2006,6-Jan-06,2.679
2006,Jan,06,06-Jan-2006,9-Jan-06,2.7112
2006,Jan,09,09-Jan-2006,11-Jan-06,2.7283
2006,Jan,11,11-Jan-2006,12-Jan-06,2.7379
2006,Jan,12,12-Jan-2006,13-Jan-06,2.7492
2006,Jan,13,13-Jan-2006,16-Jan-06,2.7859
2006,Jan,16,16-Jan-2006,17-Jan-06,2.7949
2006,Jan,17,17-Jan-2006,18-Jan-06,2.8058
2006,Jan,18,18-Jan-2006,19-Jan-06,2.8168
2006,Jan,19,19-Jan-2006,20-Jan-06,2.8287
2006,Jan,20,20-Jan-2006,23-Jan-06,2.863
2006,Jan,23,23-Jan-2006,24-Jan-06,2.8742
2006,Jan,24,24-Jan-2006,25-Jan-06,2.8827
2006,Jan,25,25-Jan-2006,26-Jan-06,2.8906
2006,Jan,26,26-Jan-2006,27-Jan-06,2.8992
2006,Jan,27,27-Jan-2006,1-Feb-06,2.9672
2006,Feb,01,01-Feb-2006,2-Feb-06,2.9769
2006,Feb,02,02-Feb-2006,3-Feb-06,2.9886
2006,Feb,03,03-Feb-2006,6-Feb-06,3.0205
2006,Feb,06,06-Feb-2006,7-Feb-06,3.0312
2006,Feb,07,07-Feb-2006,8-Feb-06,3.0402
2006,Feb,08,08-Feb-2006,9-Feb-06,3.0453
2006,Feb,09,09-Feb-2006,10-Feb-06,3.0457
2006,Feb,10,10-Feb-2006,13-Feb-06,3.046
2006,Feb,13,13-Feb-2006,14-Feb-06,3.0437
2006,Feb,14,14-Feb-2006,15-Feb-06,3.0372
2006,Feb,15,15-Feb-2006,16-Feb-06,3.0212
2006,Feb,16,16-Feb-2006,17-Feb-06,3.0236
2006,Feb,17,17-Feb-2006,20-Feb-06,3.0387
2006,Feb,20,20-Feb-2006,21-Feb-06,3.0436
2006,Feb,21,21-Feb-2006,22-Feb-06,3.0492
2006,Feb,22,22-Feb-2006,23-Feb-06,3.0543
2006,Feb,23,23-Feb-2006,24-Feb-06,3.0624
2006,Feb,24,24-Feb-2006,27-Feb-06,3.0759
2006,Feb,27,27-Feb-2006,28-Feb-06,3.0813
2006,Feb,28,28-Feb-2006,1-Mar-06,3.094
2006,Mar,01,01-Mar-2006,2-Mar-06,3.0975
2006,Mar,02,02-Mar-2006,3-Mar-06,3.1031
2006,Mar,03,03-Mar-2006,6-Mar-06,3.1205
2006,Mar,06,06-Mar-2006,7-Mar-06,3.1278
2006,Mar,07,07-Mar-2006,8-Mar-06,3.1361
2006,Mar,08,08-Mar-2006,9-Mar-06,3.1421
2006,Mar,09,09-Mar-2006,10-Mar-06,3.1469
2006,Mar,10,10-Mar-2006,13-Mar-06,3.1621
2006,Mar,13,13-Mar-2006,14-Mar-06,3.1696
2006,Mar,14,14-Mar-2006,15-Mar-06,3.1741
2006,Mar,15,15-Mar-2006,16-Mar-06,3.171
2006,Mar,16,16-Mar-2006,17-Mar-06,3.1691
2006,Mar,17,17-Mar-2006,20-Mar-06,3.1655
2006,Mar,20,20-Mar-2006,21-Mar-06,3.1688
2006,Mar,21,21-Mar-2006,22-Mar-06,3.1732
2006,Mar,22,22-Mar-2006,23-Mar-06,3.177
2006,Mar,23,23-Mar-2006,24-Mar-06,3.1802
2006,Mar,24,24-Mar-2006,27-Mar-06,3.1928
2006,Mar,27,27-Mar-2006,28-Mar-06,3.198
2006,Mar,28,28-Mar-2006,29-Mar-06,3.2011
2006,Mar,29,29-Mar-2006,30-Mar-06,3.1995
2006,Mar,30,30-Mar-2006,31-Mar-06,3.1908
2006,Mar,31,31-Mar-2006,3-Apr-06,3.1717
2006,Apr,03,03-Apr-2006,4-Apr-06,3.1721
2006,Apr,04,04-Apr-2006,5-Apr-06,3.1678
2006,Apr,05,05-Apr-2006,6-Apr-06,3.1636
2006,Apr,06,06-Apr-2006,7-Apr-06,3.162
2006,Apr,07,07-Apr-2006,10-Apr-06,3.1633
2006,Apr,10,10-Apr-2006,11-Apr-06,3.1654
2006,Apr,11,11-Apr-2006,12-Apr-06,3.1655
2006,Apr,12,12-Apr-2006,13-Apr-06,3.1632
2006,Apr,13,13-Apr-2006,17-Apr-06,3.1568
2006,Apr,17,17-Apr-2006,18-Apr-06,3.155
2006,Apr,18,18-Apr-2006,19-Apr-06,3.1531
2006,Apr,19,19-Apr-2006,20-Apr-06,3.1503
2006,Apr,20,20-Apr-2006,21-Apr-06,3.1481
2006,Apr,21,21-Apr-2006,24-Apr-06,3.1422
2006,Apr,24,24-Apr-2006,25-Apr-06,3.143
2006,Apr,25,25-Apr-2006,26-Apr-06,3.145
2006,Apr,26,26-Apr-2006,27-Apr-06,3.1459
2006,Apr,27,27-Apr-2006,28-Apr-06,3.1419
2006,Apr,28,28-Apr-2006,2-May-06,3.1216
2006,May,02,02-May-2006,3-May-06,3.1176
2006,May,03,03-May-2006,4-May-06,3.1129
2006,May,04,04-May-2006,5-May-06,3.1084
2006,May,05,05-May-2006,8-May-06,3.0967
2006,May,08,08-May-2006,9-May-06,3.0964
2006,May,09,09-May-2006,10-May-06,3.0992
2006,May,10,10-May-2006,11-May-06,3.1021
2006,May,11,11-May-2006,15-May-06,3.1264
2006,May,15,15-May-2006,16-May-06,3.1469
2006,May,16,16-May-2006,17-May-06,3.1494
2006,May,17,17-May-2006,18-May-06,3.148
2006,May,18,18-May-2006,19-May-06,3.1468
2006,May,19,19-May-2006,22-May-06,3.1401
2006,May,22,22-May-2006,23-May-06,3.136
2006,May,23,23-May-2006,24-May-06,3.131
2006,May,24,24-May-2006,25-May-06,3.1268
2006,May,25,25-May-2006,26-May-06,3.126
2006,May,26,26-May-2006,29-May-06,3.1258
2006,May,29,29-May-2006,30-May-06,3.1242
2006,May,30,30-May-2006,31-May-06,3.1227
2006,May,31,31-May-2006,1-Jun-06,3.1211
2006,Jun,01,01-Jun-2006,2-Jun-06,3.1206
2006,Jun,02,02-Jun-2006,5-Jun-06,3.1218
2006,Jun,05,05-Jun-2006,6-Jun-06,3.1217
2006,Jun,06,06-Jun-2006,7-Jun-06,3.1209
2006,Jun,07,07-Jun-2006,8-Jun-06,3.1216
2006,Jun,08,08-Jun-2006,9-Jun-06,3.1211
2006,Jun,09,09-Jun-2006,12-Jun-06,3.1177
2006,Jun,12,12-Jun-2006,13-Jun-06,3.1161
2006,Jun,13,13-Jun-2006,14-Jun-06,3.1145
2006,Jun,14,14-Jun-2006,15-Jun-06,3.1137
2006,Jun,15,15-Jun-2006,16-Jun-06,3.1147
2006,Jun,16,16-Jun-2006,19-Jun-06,3.1198
2006,Jun,19,19-Jun-2006,20-Jun-06,3.1211
2006,Jun,20,20-Jun-2006,21-Jun-06,3.1231
2006,Jun,21,21-Jun-2006,22-Jun-06,3.1252
2006,Jun,22,22-Jun-2006,23-Jun-06,3.1266
2006,Jun,23,23-Jun-2006,26-Jun-06,3.1296
2006,Jun,26,26-Jun-2006,27-Jun-06,3.1295
2006,Jun,27,27-Jun-2006,28-Jun-06,3.13
2006,Jun,28,28-Jun-2006,29-Jun-06,3.1311
2006,Jun,29,29-Jun-2006,30-Jun-06,3.1379
2006,Jun,30,30-Jun-2006,3-Jul-06,3.1431
2006,Jul,03,03-Jul-2006,4-Jul-06,3.1434
2006,Jul,04,04-Jul-2006,5-Jul-06,3.1421
2006,Jul,05,05-Jul-2006,6-Jul-06,3.1422
2006,Jul,06,06-Jul-2006,7-Jul-06,3.1467
2006,Jul,07,07-Jul-2006,10-Jul-06,3.1572
2006,Jul,10,10-Jul-2006,11-Jul-06,3.1603
2006,Jul,11,11-Jul-2006,12-Jul-06,3.1632
2006,Jul,12,12-Jul-2006,13-Jul-06,3.1659
2006,Jul,13,13-Jul-2006,14-Jul-06,3.1688
2006,Jul,14,14-Jul-2006,17-Jul-06,3.1765
2006,Jul,17,17-Jul-2006,18-Jul-06,3.1776
2006,Jul,18,18-Jul-2006,19-Jul-06,3.1784
2006,Jul,19,19-Jul-2006,20-Jul-06,3.1792
2006,Jul,20,20-Jul-2006,21-Jul-06,3.1822
2006,Jul,21,21-Jul-2006,24-Jul-06,3.1917
2006,Jul,24,24-Jul-2006,25-Jul-06,3.194
2006,Jul,25,25-Jul-2006,26-Jul-06,3.1954
2006,Jul,26,26-Jul-2006,27-Jul-06,3.1962
2006,Jul,27,27-Jul-2006,28-Jul-06,3.195
2006,Jul,28,28-Jul-2006,31-Jul-06,3.1881
2006,Jul,31,31-Jul-2006,1-Aug-06,3.1847
2006,Aug,01,01-Aug-2006,2-Aug-06,3.1825
2006,Aug,02,02-Aug-2006,3-Aug-06,3.1817
2006,Aug,03,03-Aug-2006,4-Aug-06,3.1831
2006,Aug,04,04-Aug-2006,7-Aug-06,3.1796
2006,Aug,07,07-Aug-2006,8-Aug-06,3.1772
2006,Aug,08,08-Aug-2006,10-Aug-06,3.1795
2006,Aug,10,10-Aug-2006,11-Aug-06,3.1822
2006,Aug,11,11-Aug-2006,14-Aug-06,3.1865
2006,Aug,14,14-Aug-2006,15-Aug-06,3.1881
2006,Aug,15,15-Aug-2006,16-Aug-06,3.1904
2006,Aug,16,16-Aug-2006,17-Aug-06,3.1925
2006,Aug,17,17-Aug-2006,18-Aug-06,3.1954
2006,Aug,18,18-Aug-2006,21-Aug-06,3.2033
2006,Aug,21,21-Aug-2006,22-Aug-06,3.2059
2006,Aug,22,22-Aug-2006,23-Aug-06,3.2097
2006,Aug,23,23-Aug-2006,24-Aug-06,3.2146
2006,Aug,24,24-Aug-2006,25-Aug-06,3.2205
2006,Aug,25,25-Aug-2006,28-Aug-06,3.2275
2006,Aug,28,28-Aug-2006,29-Aug-06,3.2295
2006,Aug,29,29-Aug-2006,30-Aug-06,3.2339
2006,Aug,30,30-Aug-2006,31-Aug-06,3.2371
2006,Aug,31,31-Aug-2006,1-Sep-06,3.2396
2006,Sep,01,01-Sep-2006,4-Sep-06,3.2457
2006,Sep,04,04-Sep-2006,5-Sep-06,3.2449
2006,Sep,05,05-Sep-2006,6-Sep-06,3.2438
2006,Sep,06,06-Sep-2006,7-Sep-06,3.2436
2006,Sep,07,07-Sep-2006,8-Sep-06,3.2418
2006,Sep,08,08-Sep-2006,11-Sep-06,3.2379
2006,Sep,11,11-Sep-2006,12-Sep-06,3.2349
2006,Sep,12,12-Sep-2006,13-Sep-06,3.2334
2006,Sep,13,13-Sep-2006,14-Sep-06,3.2347
2006,Sep,14,14-Sep-2006,15-Sep-06,3.2362
2006,Sep,15,15-Sep-2006,18-Sep-06,3.2339
2006,Sep,18,18-Sep-2006,19-Sep-06,3.2327
2006,Sep,19,19-Sep-2006,20-Sep-06,3.2325
2006,Sep,20,20-Sep-2006,21-Sep-06,3.2339
2006,Sep,21,21-Sep-2006,22-Sep-06,3.2393
2006,Sep,22,22-Sep-2006,25-Sep-06,3.2545
2006,Sep,25,25-Sep-2006,26-Sep-06,3.2564
2006,Sep,26,26-Sep-2006,27-Sep-06,3.2579
2006,Sep,27,27-Sep-2006,28-Sep-06,3.2582
2006,Sep,28,28-Sep-2006,29-Sep-06,3.2571
2006,Sep,29,29-Sep-2006,2-Oct-06,3.2573
2006,Oct,02,02-Oct-2006,3-Oct-06,3.2576
2006,Oct,03,03-Oct-2006,4-Oct-06,3.2584
2006,Oct,04,04-Oct-2006,5-Oct-06,3.2601
2006,Oct,05,05-Oct-2006,6-Oct-06,3.2589
2006,Oct,06,06-Oct-2006,9-Oct-06,3.2494
2006,Oct,09,09-Oct-2006,10-Oct-06,3.2471
2006,Oct,10,10-Oct-2006,11-Oct-06,3.2472
2006,Oct,11,11-Oct-2006,12-Oct-06,3.2493
2006,Oct,12,12-Oct-2006,13-Oct-06,3.2512
2006,Oct,13,13-Oct-2006,16-Oct-06,3.2548
2006,Oct,16,16-Oct-2006,17-Oct-06,3.2563
2006,Oct,17,17-Oct-2006,18-Oct-06,3.261
2006,Oct,18,18-Oct-2006,19-Oct-06,3.266
2006,Oct,19,19-Oct-2006,20-Oct-06,3.2704
2006,Oct,20,20-Oct-2006,23-Oct-06,3.2729
2006,Oct,23,23-Oct-2006,25-Oct-06,3.2745
2006,Oct,25,25-Oct-2006,26-Oct-06,3.276
2006,Oct,26,26-Oct-2006,27-Oct-06,3.2795
2006,Oct,27,27-Oct-2006,30-Oct-06,3.2973
2006,Oct,30,30-Oct-2006,31-Oct-06,3.3044
2006,Oct,31,31-Oct-2006,1-Nov-06,3.3125
2006,Nov,01,01-Nov-2006,2-Nov-06,3.3187
2006,Nov,02,02-Nov-2006,3-Nov-06,3.3231
2006,Nov,03,03-Nov-2006,6-Nov-06,3.3351
2006,Nov,06,06-Nov-2006,7-Nov-06,3.3386
2006,Nov,07,07-Nov-2006,8-Nov-06,3.3432
2006,Nov,08,08-Nov-2006,9-Nov-06,3.3463
2006,Nov,09,09-Nov-2006,10-Nov-06,3.349
2006,Nov,10,10-Nov-2006,13-Nov-06,3.3485
2006,Nov,13,13-Nov-2006,14-Nov-06,3.3486
2006,Nov,14,14-Nov-2006,15-Nov-06,3.3473
2006,Nov,15,15-Nov-2006,16-Nov-06,3.3462
2006,Nov,16,16-Nov-2006,17-Nov-06,3.3465
2006,Nov,17,17-Nov-2006,20-Nov-06,3.3474
2006,Nov,20,20-Nov-2006,21-Nov-06,3.347
2006,Nov,21,21-Nov-2006,22-Nov-06,3.3467
2006,Nov,22,22-Nov-2006,23-Nov-06,3.3452
2006,Nov,23,23-Nov-2006,24-Nov-06,3.3429
2006,Nov,24,24-Nov-2006,27-Nov-06,3.3342
2006,Nov,27,27-Nov-2006,28-Nov-06,3.3315
2006,Nov,28,28-Nov-2006,29-Nov-06,3.3287
2006,Nov,29,29-Nov-2006,30-Nov-06,3.3245
2006,Nov,30,30-Nov-2006,1-Dec-06,3.3216
2006,Dec,01,01-Dec-2006,4-Dec-06,3.3101
2006,Dec,04,04-Dec-2006,5-Dec-06,3.308
2006,Dec,05,05-Dec-2006,6-Dec-06,3.3064
2006,Dec,06,06-Dec-2006,7-Dec-06,3.3054
2006,Dec,07,07-Dec-2006,8-Dec-06,3.3062
2006,Dec,08,08-Dec-2006,11-Dec-06,3.312
2006,Dec,11,11-Dec-2006,12-Dec-06,3.3151
2006,Dec,12,12-Dec-2006,13-Dec-06,3.317
2006,Dec,13,13-Dec-2006,14-Dec-06,3.3146
2006,Dec,14,14-Dec-2006,15-Dec-06,3.3139
2006,Dec,15,15-Dec-2006,18-Dec-06,3.3171
2006,Dec,18,18-Dec-2006,19-Dec-06,3.3178
2006,Dec,19,19-Dec-2006,20-Dec-06,3.3159
2006,Dec,20,20-Dec-2006,21-Dec-06,3.3119
2006,Dec,21,21-Dec-2006,22-Dec-06,3.3047
2006,Dec,22,22-Dec-2006,26-Dec-06,3.279
2006,Dec,26,26-Dec-2006,27-Dec-06,3.2767
2006,Dec,27,27-Dec-2006,28-Dec-06,3.276
2006,Dec,28,28-Dec-2006,29-Dec-06,3.278
2006,Dec,29,29-Dec-2006,3-Jan-07,3.2918
2007,Jan,03,03-Jan-2007,4-Jan-07,3.2889
2007,Jan,04,04-Jan-2007,5-Jan-07,3.2886
2007,Jan,05,05-Jan-2007,8-Jan-07,3.2913
2007,Jan,08,08-Jan-2007,9-Jan-07,3.2914
2007,Jan,09,09-Jan-2007,10-Jan-07,3.2904
2007,Jan,10,10-Jan-2007,11-Jan-07,3.2886
2007,Jan,11,11-Jan-2007,12-Jan-07,3.2847
2007,Jan,12,12-Jan-2007,15-Jan-07,3.2746
2007,Jan,15,15-Jan-2007,16-Jan-07,3.271
2007,Jan,16,16-Jan-2007,17-Jan-07,3.2646
2007,Jan,17,17-Jan-2007,18-Jan-07,3.2576
2007,Jan,18,18-Jan-2007,19-Jan-07,3.2528
2007,Jan,19,19-Jan-2007,22-Jan-07,3.2407
2007,Jan,22,22-Jan-2007,23-Jan-07,3.2376
2007,Jan,23,23-Jan-2007,24-Jan-07,3.2354
2007,Jan,24,24-Jan-2007,25-Jan-07,3.2334
2007,Jan,25,25-Jan-2007,26-Jan-07,3.231
2007,Jan,26,26-Jan-2007,29-Jan-07,3.2177
2007,Jan,29,29-Jan-2007,30-Jan-07,3.2136
2007,Jan,30,30-Jan-2007,31-Jan-07,3.2095
2007,Jan,31,31-Jan-2007,1-Feb-07,3.205
2007,Feb,01,01-Feb-2007,2-Feb-07,3.2012
2007,Feb,02,02-Feb-2007,5-Feb-07,3.1889
2007,Feb,05,05-Feb-2007,6-Feb-07,3.185
2007,Feb,06,06-Feb-2007,7-Feb-07,3.1819
2007,Feb,07,07-Feb-2007,8-Feb-07,3.1795
2007,Feb,08,08-Feb-2007,9-Feb-07,3.1768
2007,Feb,09,09-Feb-2007,12-Feb-07,3.1733
2007,Feb,12,12-Feb-2007,13-Feb-07,3.1728
2007,Feb,13,13-Feb-2007,14-Feb-07,3.1717
2007,Feb,14,14-Feb-2007,15-Feb-07,3.1708
2007,Feb,15,15-Feb-2007,16-Feb-07,3.1707
2007,Feb,16,16-Feb-2007,21-Feb-07,3.1606
2007,Feb,21,21-Feb-2007,22-Feb-07,3.1593
2007,Feb,22,22-Feb-2007,23-Feb-07,3.1586
2007,Feb,23,23-Feb-2007,26-Feb-07,3.1566
2007,Feb,26,26-Feb-2007,27-Feb-07,3.1544
2007,Feb,27,27-Feb-2007,28-Feb-07,3.1495
2007,Feb,28,28-Feb-2007,1-Mar-07,3.1456
2007,Mar,01,01-Mar-2007,2-Mar-07,3.1448
2007,Mar,02,02-Mar-2007,5-Mar-07,3.1403
2007,Mar,05,05-Mar-2007,6-Mar-07,3.1357
2007,Mar,06,06-Mar-2007,7-Mar-07,3.1265
2007,Mar,07,07-Mar-2007,8-Mar-07,3.115
2007,Mar,08,08-Mar-2007,9-Mar-07,3.1039
2007,Mar,09,09-Mar-2007,12-Mar-07,3.0708
2007,Mar,12,12-Mar-2007,13-Mar-07,3.0579
2007,Mar,13,13-Mar-2007,14-Mar-07,3.0445
2007,Mar,14,14-Mar-2007,15-Mar-07,3.0288
2007,Mar,15,15-Mar-2007,16-Mar-07,3.0151
2007,Mar,16,16-Mar-2007,19-Mar-07,3.0023
2007,Mar,19,19-Mar-2007,20-Mar-07,2.9995
2007,Mar,20,20-Mar-2007,21-Mar-07,2.9966
2007,Mar,21,21-Mar-2007,22-Mar-07,2.993
2007,Mar,22,22-Mar-2007,23-Mar-07,2.9891
2007,Mar,23,23-Mar-2007,26-Mar-07,2.9811
2007,Mar,26,26-Mar-2007,27-Mar-07,2.9766
2007,Mar,27,27-Mar-2007,28-Mar-07,2.9688
2007,Mar,28,28-Mar-2007,29-Mar-07,2.9552
2007,Mar,29,29-Mar-2007,30-Mar-07,2.9446
2007,Mar,30,30-Mar-2007,2-Apr-07,2.9207
2007,Apr,02,02-Apr-2007,3-Apr-07,2.9104
2007,Apr,03,03-Apr-2007,4-Apr-07,2.9041
2007,Apr,04,04-Apr-2007,5-Apr-07,2.8968
2007,Apr,05,05-Apr-2007,9-Apr-07,2.8743
2007,Apr,09,09-Apr-2007,10-Apr-07,2.8679
2007,Apr,10,10-Apr-2007,11-Apr-07,2.8591
2007,Apr,11,11-Apr-2007,12-Apr-07,2.8498
2007,Apr,12,12-Apr-2007,13-Apr-07,2.8406
2007,Apr,13,13-Apr-2007,16-Apr-07,2.8137
2007,Apr,16,16-Apr-2007,17-Apr-07,2.8067
2007,Apr,17,17-Apr-2007,18-Apr-07,2.7963
2007,Apr,18,18-Apr-2007,19-Apr-07,2.7828
2007,Apr,19,19-Apr-2007,20-Apr-07,2.771
2007,Apr,20,20-Apr-2007,23-Apr-07,2.7421
2007,Apr,23,23-Apr-2007,24-Apr-07,2.7336
2007,Apr,24,24-Apr-2007,25-Apr-07,2.7256
2007,Apr,25,25-Apr-2007,26-Apr-07,2.7183
2007,Apr,26,26-Apr-2007,27-Apr-07,2.7101
2007,Apr,27,27-Apr-2007,30-Apr-07,2.6864
2007,Apr,30,30-Apr-2007,2-May-07,2.6611
2007,May,02,02-May-2007,3-May-07,2.6527
2007,May,03,03-May-2007,4-May-07,2.6453
2007,May,04,04-May-2007,7-May-07,2.6249
2007,May,07,07-May-2007,8-May-07,2.6176
2007,May,08,08-May-2007,9-May-07,2.6095
2007,May,09,09-May-2007,10-May-07,2.6002
2007,May,10,10-May-2007,11-May-07,2.5904
2007,May,11,11-May-2007,14-May-07,2.5615
2007,May,14,14-May-2007,15-May-07,2.5529
2007,May,15,15-May-2007,16-May-07,2.5408
2007,May,16,16-May-2007,17-May-07,2.5277
2007,May,17,17-May-2007,18-May-07,2.5134
2007,May,18,18-May-2007,21-May-07,2.4669
2007,May,21,21-May-2007,22-May-07,2.4518
2007,May,22,22-May-2007,23-May-07,2.437
2007,May,23,23-May-2007,24-May-07,2.4267
2007,May,24,24-May-2007,25-May-07,2.4157
2007,May,25,25-May-2007,28-May-07,2.3889
2007,May,28,28-May-2007,29-May-07,2.3852
2007,May,29,29-May-2007,30-May-07,2.3814
2007,May,30,30-May-2007,1-Jun-07,2.3771
2007,Jun,01,01-Jun-2007,4-Jun-07,2.3538
2007,Jun,04,04-Jun-2007,5-Jun-07,2.345
2007,Jun,05,05-Jun-2007,6-Jun-07,2.3385
2007,Jun,06,06-Jun-2007,7-Jun-07,2.336
2007,Jun,07,07-Jun-2007,8-Jun-07,2.3358
2007,Jun,08,08-Jun-2007,11-Jun-07,2.3359
2007,Jun,11,11-Jun-2007,12-Jun-07,2.3365
2007,Jun,12,12-Jun-2007,13-Jun-07,2.3403
2007,Jun,13,13-Jun-2007,14-Jun-07,2.3457
2007,Jun,14,14-Jun-2007,15-Jun-07,2.3514
2007,Jun,15,15-Jun-2007,18-Jun-07,2.3377
2007,Jun,18,18-Jun-2007,19-Jun-07,2.329
2007,Jun,19,19-Jun-2007,20-Jun-07,2.319
2007,Jun,20,20-Jun-2007,21-Jun-07,2.311
2007,Jun,21,21-Jun-2007,22-Jun-07,2.3042
2007,Jun,22,22-Jun-2007,25-Jun-07,2.2841
2007,Jun,25,25-Jun-2007,26-Jun-07,2.2755
2007,Jun,26,26-Jun-2007,27-Jun-07,2.2684
2007,Jun,27,27-Jun-2007,28-Jun-07,2.2639
2007,Jun,28,28-Jun-2007,29-Jun-07,2.2641
2007,Jun,29,29-Jun-2007,2-Jul-07,2.2379
2007,Jul,02,02-Jul-2007,3-Jul-07,2.2304
2007,Jul,03,03-Jul-2007,4-Jul-07,2.2253
2007,Jul,04,04-Jul-2007,5-Jul-07,2.2218
2007,Jul,05,05-Jul-2007,6-Jul-07,2.2185
2007,Jul,06,06-Jul-2007,9-Jul-07,2.2079
2007,Jul,09,09-Jul-2007,10-Jul-07,2.2044
2007,Jul,10,10-Jul-2007,11-Jul-07,2.2023
2007,Jul,11,11-Jul-2007,12-Jul-07,2.2015
2007,Jul,12,12-Jul-2007,13-Jul-07,2.2009
2007,Jul,13,13-Jul-2007,16-Jul-07,2.1997
2007,Jul,16,16-Jul-2007,17-Jul-07,2.1996
2007,Jul,17,17-Jul-2007,18-Jul-07,2.2026
2007,Jul,18,18-Jul-2007,19-Jul-07,2.2072
2007,Jul,19,19-Jul-2007,20-Jul-07,2.2113
2007,Jul,20,20-Jul-2007,23-Jul-07,2.2175
2007,Jul,23,23-Jul-2007,24-Jul-07,2.217
2007,Jul,24,24-Jul-2007,25-Jul-07,2.216
2007,Jul,25,25-Jul-2007,26-Jul-07,2.2138
2007,Jul,26,26-Jul-2007,27-Jul-07,2.2123
2007,Jul,27,27-Jul-2007,30-Jul-07,2.2047
2007,Jul,30,30-Jul-2007,31-Jul-07,2.2058
2007,Jul,31,31-Jul-2007,1-Aug-07,2.2052
2007,Aug,01,01-Aug-2007,2-Aug-07,2.2041
2007,Aug,02,02-Aug-2007,3-Aug-07,2.205
2007,Aug,03,03-Aug-2007,6-Aug-07,2.1999
2007,Aug,06,06-Aug-2007,7-Aug-07,2.1975
2007,Aug,07,07-Aug-2007,8-Aug-07,2.1953
2007,Aug,08,08-Aug-2007,10-Aug-07,2.1937
2007,Aug,10,10-Aug-2007,13-Aug-07,2.2016
2007,Aug,13,13-Aug-2007,14-Aug-07,2.2042
2007,Aug,14,14-Aug-2007,15-Aug-07,2.2051
2007,Aug,15,15-Aug-2007,16-Aug-07,2.2088
2007,Aug,16,16-Aug-2007,17-Aug-07,2.2171
2007,Aug,17,17-Aug-2007,20-Aug-07,2.2428
2007,Aug,20,20-Aug-2007,21-Aug-07,2.2507
2007,Aug,21,21-Aug-2007,22-Aug-07,2.2564
2007,Aug,22,22-Aug-2007,23-Aug-07,2.2599
2007,Aug,23,23-Aug-2007,24-Aug-07,2.2593
2007,Aug,24,24-Aug-2007,27-Aug-07,2.2631
2007,Aug,27,27-Aug-2007,28-Aug-07,2.2644
2007,Aug,28,28-Aug-2007,29-Aug-07,2.2662
2007,Aug,29,29-Aug-2007,30-Aug-07,2.266
2007,Aug,30,30-Aug-2007,31-Aug-07,2.2653
2007,Aug,31,31-Aug-2007,3-Sep-07,2.2695
2007,Sep,03,03-Sep-2007,4-Sep-07,2.273
2007,Sep,04,04-Sep-2007,5-Sep-07,2.2748
2007,Sep,05,05-Sep-2007,6-Sep-07,2.2774
2007,Sep,06,06-Sep-2007,7-Sep-07,2.2814
2007,Sep,07,07-Sep-2007,10-Sep-07,2.2907
2007,Sep,10,10-Sep-2007,11-Sep-07,2.292
2007,Sep,11,11-Sep-2007,12-Sep-07,2.2929
2007,Sep,12,12-Sep-2007,13-Sep-07,2.2893
2007,Sep,13,13-Sep-2007,14-Sep-07,2.2865
2007,Sep,14,14-Sep-2007,17-Sep-07,2.2791
2007,Sep,17,17-Sep-2007,18-Sep-07,2.2769
2007,Sep,18,18-Sep-2007,19-Sep-07,2.2765
2007,Sep,19,19-Sep-2007,20-Sep-07,2.2777
2007,Sep,20,20-Sep-2007,21-Sep-07,2.2771
2007,Sep,21,21-Sep-2007,24-Sep-07,2.2775
2007,Sep,24,24-Sep-2007,25-Sep-07,2.2769
2007,Sep,25,25-Sep-2007,26-Sep-07,2.2784
2007,Sep,26,26-Sep-2007,27-Sep-07,2.2793
2007,Sep,27,27-Sep-2007,28-Sep-07,2.2806
2007,Sep,28,28-Sep-2007,1-Oct-07,2.2837
2007,Oct,01,01-Oct-2007,2-Oct-07,2.2823
2007,Oct,02,02-Oct-2007,3-Oct-07,2.2825
2007,Oct,03,03-Oct-2007,4-Oct-07,2.282
2007,Oct,04,04-Oct-2007,5-Oct-07,2.2805
2007,Oct,05,05-Oct-2007,8-Oct-07,2.2736
2007,Oct,08,08-Oct-2007,9-Oct-07,2.2719
2007,Oct,09,09-Oct-2007,10-Oct-07,2.2713
2007,Oct,10,10-Oct-2007,11-Oct-07,2.271
2007,Oct,11,11-Oct-2007,12-Oct-07,2.2696
2007,Oct,12,12-Oct-2007,15-Oct-07,2.2653
2007,Oct,15,15-Oct-2007,16-Oct-07,2.2645
2007,Oct,16,16-Oct-2007,17-Oct-07,2.2648
2007,Oct,17,17-Oct-2007,18-Oct-07,2.2671
2007,Oct,18,18-Oct-2007,19-Oct-07,2.2698
2007,Oct,19,19-Oct-2007,22-Oct-07,2.2759
2007,Oct,22,22-Oct-2007,23-Oct-07,2.2765
2007,Oct,23,23-Oct-2007,24-Oct-07,2.2757
2007,Oct,24,24-Oct-2007,25-Oct-07,2.2697
2007,Oct,25,25-Oct-2007,26-Oct-07,2.2657
2007,Oct,26,26-Oct-2007,29-Oct-07,2.26
2007,Oct,29,29-Oct-2007,30-Oct-07,2.259
2007,Oct,30,30-Oct-2007,31-Oct-07,2.2585
2007,Oct,31,31-Oct-2007,1-Nov-07,2.2575
2007,Nov,01,01-Nov-2007,2-Nov-07,2.2569
2007,Nov,02,02-Nov-2007,5-Nov-07,2.2565
2007,Nov,05,05-Nov-2007,6-Nov-07,2.2539
2007,Nov,06,06-Nov-2007,7-Nov-07,2.2449
2007,Nov,07,07-Nov-2007,9-Nov-07,2.2126
2007,Nov,09,09-Nov-2007,12-Nov-07,2.1919
2007,Nov,12,12-Nov-2007,13-Nov-07,2.187
2007,Nov,13,13-Nov-2007,14-Nov-07,2.1809
2007,Nov,14,14-Nov-2007,15-Nov-07,2.1741
2007,Nov,15,15-Nov-2007,16-Nov-07,2.1668
2007,Nov,16,16-Nov-2007,19-Nov-07,2.135
2007,Nov,19,19-Nov-2007,20-Nov-07,2.1249
2007,Nov,20,20-Nov-2007,21-Nov-07,2.1159
2007,Nov,21,21-Nov-2007,22-Nov-07,2.1088
2007,Nov,22,22-Nov-2007,23-Nov-07,2.1055
2007,Nov,23,23-Nov-2007,26-Nov-07,2.0965
2007,Nov,26,26-Nov-2007,27-Nov-07,2.0911
2007,Nov,27,27-Nov-2007,28-Nov-07,2.084
2007,Nov,28,28-Nov-2007,29-Nov-07,2.0736
2007,Nov,29,29-Nov-2007,30-Nov-07,2.0625
2007,Nov,30,30-Nov-2007,3-Dec-07,2.0178
2007,Dec,03,03-Dec-2007,4-Dec-07,1.9989
2007,Dec,04,04-Dec-2007,5-Dec-07,1.9817
2007,Dec,05,05-Dec-2007,6-Dec-07,1.9625
2007,Dec,06,06-Dec-2007,7-Dec-07,1.9455
2007,Dec,07,07-Dec-2007,10-Dec-07,1.8972
2007,Dec,10,10-Dec-2007,11-Dec-07,1.8818
2007,Dec,11,11-Dec-2007,12-Dec-07,1.8669
2007,Dec,12,12-Dec-2007,13-Dec-07,1.8566
2007,Dec,13,13-Dec-2007,14-Dec-07,1.8479
2007,Dec,14,14-Dec-2007,17-Dec-07,1.8324
2007,Dec,17,17-Dec-2007,18-Dec-07,1.8267
2007,Dec,18,18-Dec-2007,19-Dec-07,1.8145
2007,Dec,19,19-Dec-2007,21-Dec-07,1.7793
2007,Dec,21,21-Dec-2007,24-Dec-07,1.7285
2007,Dec,24,24-Dec-2007,26-Dec-07,1.6942
2007,Dec,26,26-Dec-2007,27-Dec-07,1.6777
2007,Dec,27,27-Dec-2007,28-Dec-07,1.6597
2007,Dec,28,28-Dec-2007,31-Dec-07,1.6103
2007,Dec,31,31-Dec-2007,2-Jan-08,1.5836
2008,Jan,02,02-Jan-2008,3-Jan-08,1.5713
2008,Jan,03,03-Jan-2008,4-Jan-08,1.5584
2008,Jan,04,04-Jan-2008,7-Jan-08,1.5133
2008,Jan,07,07-Jan-2008,8-Jan-08,1.4984
2008,Jan,08,08-Jan-2008,9-Jan-08,1.4838
2008,Jan,09,09-Jan-2008,10-Jan-08,1.4705
2008,Jan,10,10-Jan-2008,11-Jan-08,1.4564
2008,Jan,11,11-Jan-2008,14-Jan-08,1.4215
2008,Jan,14,14-Jan-2008,15-Jan-08,1.4103
2008,Jan,15,15-Jan-2008,16-Jan-08,1.3994
2008,Jan,16,16-Jan-2008,17-Jan-08,1.3885
2008,Jan,17,17-Jan-2008,18-Jan-08,1.3759
2008,Jan,18,18-Jan-2008,21-Jan-08,1.3409
2008,Jan,21,21-Jan-2008,22-Jan-08,1.3296
2008,Jan,22,22-Jan-2008,23-Jan-08,1.3199
2008,Jan,23,23-Jan-2008,24-Jan-08,1.31
2008,Jan,24,24-Jan-2008,25-Jan-08,1.3048
2008,Jan,25,25-Jan-2008,28-Jan-08,1.2827
2008,Jan,28,28-Jan-2008,29-Jan-08,1.276
2008,Jan,29,29-Jan-2008,30-Jan-08,1.2718
2008,Jan,30,30-Jan-2008,31-Jan-08,1.2665
2008,Jan,31,31-Jan-2008,1-Feb-08,1.2604
2008,Feb,01,01-Feb-2008,4-Feb-08,1.2404
2008,Feb,04,04-Feb-2008,5-Feb-08,1.2325
2008,Feb,05,05-Feb-2008,6-Feb-08,1.227
2008,Feb,06,06-Feb-2008,11-Feb-08,1.2419
2008,Feb,11,11-Feb-2008,12-Feb-08,1.237
2008,Feb,12,12-Feb-2008,13-Feb-08,1.2295
2008,Feb,13,13-Feb-2008,14-Feb-08,1.2208
2008,Feb,14,14-Feb-2008,15-Feb-08,1.213
2008,Feb,15,15-Feb-2008,18-Feb-08,1.1944
2008,Feb,18,18-Feb-2008,19-Feb-08,1.1897
2008,Feb,19,19-Feb-2008,20-Feb-08,1.1855
2008,Feb,20,20-Feb-2008,21-Feb-08,1.1819
2008,Feb,21,21-Feb-2008,22-Feb-08,1.1782
2008,Feb,22,22-Feb-2008,25-Feb-08,1.157
2008,Feb,25,25-Feb-2008,26-Feb-08,1.1489
2008,Feb,26,26-Feb-2008,27-Feb-08,1.1425
2008,Feb,27,27-Feb-2008,28-Feb-08,1.1358
2008,Feb,28,28-Feb-2008,29-Feb-08,1.1335
2008,Feb,29,29-Feb-2008,3-Mar-08,1.1332
2008,Mar,03,03-Mar-2008,4-Mar-08,1.1356
2008,Mar,04,04-Mar-2008,5-Mar-08,1.1391
2008,Mar,05,05-Mar-2008,6-Mar-08,1.1453
2008,Mar,06,06-Mar-2008,7-Mar-08,1.1459
2008,Mar,07,07-Mar-2008,10-Mar-08,1.1318
2008,Mar,10,10-Mar-2008,11-Mar-08,1.1264
2008,Mar,11,11-Mar-2008,12-Mar-08,1.1198
2008,Mar,12,12-Mar-2008,13-Mar-08,1.1124
2008,Mar,13,13-Mar-2008,14-Mar-08,1.1026
2008,Mar,14,14-Mar-2008,17-Mar-08,1.0664
2008,Mar,17,17-Mar-2008,18-Mar-08,1.0577
2008,Mar,18,18-Mar-2008,19-Mar-08,1.0558
2008,Mar,19,19-Mar-2008,20-Mar-08,1.0598
2008,Mar,20,20-Mar-2008,24-Mar-08,1.0743
2008,Mar,24,24-Mar-2008,25-Mar-08,1.0792
2008,Mar,25,25-Mar-2008,26-Mar-08,1.0834
2008,Mar,26,26-Mar-2008,27-Mar-08,1.0838
2008,Mar,27,27-Mar-2008,28-Mar-08,1.0838
2008,Mar,28,28-Mar-2008,31-Mar-08,1.0867
2008,Mar,31,31-Mar-2008,1-Apr-08,1.0839
2008,Apr,01,01-Apr-2008,2-Apr-08,1.0799
2008,Apr,02,02-Apr-2008,3-Apr-08,1.077
2008,Apr,03,03-Apr-2008,4-Apr-08,1.0749
2008,Apr,04,04-Apr-2008,7-Apr-08,1.0751
2008,Apr,07,07-Apr-2008,8-Apr-08,1.0744
2008,Apr,08,08-Apr-2008,9-Apr-08,1.0726
2008,Apr,09,09-Apr-2008,10-Apr-08,1.0669
2008,Apr,10,10-Apr-2008,11-Apr-08,1.0622
2008,Apr,11,11-Apr-2008,14-Apr-08,1.0418
2008,Apr,14,14-Apr-2008,15-Apr-08,1.0336
2008,Apr,15,15-Apr-2008,16-Apr-08,1.0245
2008,Apr,16,16-Apr-2008,17-Apr-08,1.0152
2008,Apr,17,17-Apr-2008,18-Apr-08,1.0035
2008,Apr,18,18-Apr-2008,21-Apr-08,0.9612
2008,Apr,21,21-Apr-2008,22-Apr-08,0.9472
2008,Apr,22,22-Apr-2008,23-Apr-08,0.9322
2008,Apr,23,23-Apr-2008,24-Apr-08,0.9193
2008,Apr,24,24-Apr-2008,25-Apr-08,0.9101
2008,Apr,25,25-Apr-2008,28-Apr-08,0.8896
2008,Apr,28,28-Apr-2008,29-Apr-08,0.8854
2008,Apr,29,29-Apr-2008,30-Apr-08,0.8773
2008,Apr,30,30-Apr-2008,2-May-08,0.8531
2008,May,02,02-May-2008,5-May-08,0.8257
2008,May,05,05-May-2008,6-May-08,0.8155
2008,May,06,06-May-2008,7-May-08,0.8042
2008,May,07,07-May-2008,8-May-08,0.7919
2008,May,08,08-May-2008,9-May-08,0.7816
2008,May,09,09-May-2008,12-May-08,0.7584
2008,May,12,12-May-2008,13-May-08,0.7526
2008,May,13,13-May-2008,14-May-08,0.7489
2008,May,14,14-May-2008,15-May-08,0.7461
2008,May,15,15-May-2008,16-May-08,0.7401
2008,May,16,16-May-2008,20-May-08,0.7115
2008,May,20,20-May-2008,21-May-08,0.7026
2008,May,21,21-May-2008,22-May-08,0.6928
2008,May,22,22-May-2008,23-May-08,0.6863
2008,May,23,23-May-2008,26-May-08,0.6737
2008,May,26,26-May-2008,27-May-08,0.669
2008,May,27,27-May-2008,28-May-08,0.6652
2008,May,28,28-May-2008,29-May-08,0.6594
2008,May,29,29-May-2008,30-May-08,0.658
2008,May,30,30-May-2008,2-Jun-08,0.6457
2008,Jun,02,02-Jun-2008,3-Jun-08,0.6381
2008,Jun,03,03-Jun-2008,4-Jun-08,0.6293
2008,Jun,04,04-Jun-2008,5-Jun-08,0.62
2008,Jun,05,05-Jun-2008,6-Jun-08,0.6122
2008,Jun,06,06-Jun-2008,9-Jun-08,0.6014
2008,Jun,09,09-Jun-2008,10-Jun-08,0.5991
2008,Jun,10,10-Jun-2008,11-Jun-08,0.5986
2008,Jun,11,11-Jun-2008,12-Jun-08,0.5982
2008,Jun,12,12-Jun-2008,13-Jun-08,0.5975
2008,Jun,13,13-Jun-2008,16-Jun-08,0.5912
2008,Jun,16,16-Jun-2008,17-Jun-08,0.588
2008,Jun,17,17-Jun-2008,18-Jun-08,0.5803
2008,Jun,18,18-Jun-2008,19-Jun-08,0.5724
2008,Jun,19,19-Jun-2008,20-Jun-08,0.566
2008,Jun,20,20-Jun-2008,23-Jun-08,0.5449
2008,Jun,23,23-Jun-2008,24-Jun-08,0.5378
2008,Jun,24,24-Jun-2008,25-Jun-08,0.5285
2008,Jun,25,25-Jun-2008,26-Jun-08,0.5202
2008,Jun,26,26-Jun-2008,27-Jun-08,0.5153
2008,Jun,27,27-Jun-2008,30-Jun-08,0.513
2008,Jun,30,30-Jun-2008,1-Jul-08,0.5125
2008,Jul,01,01-Jul-2008,2-Jul-08,0.5089
2008,Jul,02,02-Jul-2008,3-Jul-08,0.5049
2008,Jul,03,03-Jul-2008,4-Jul-08,0.5022
2008,Jul,04,04-Jul-2008,7-Jul-08,0.4919
2008,Jul,07,07-Jul-2008,8-Jul-08,0.4883
2008,Jul,08,08-Jul-2008,9-Jul-08,0.4855
2008,Jul,09,09-Jul-2008,10-Jul-08,0.4851
2008,Jul,10,10-Jul-2008,11-Jul-08,0.484
2008,Jul,11,11-Jul-2008,14-Jul-08,0.4803
2008,Jul,14,14-Jul-2008,15-Jul-08,0.4797
2008,Jul,15,15-Jul-2008,16-Jul-08,0.4789
2008,Jul,16,16-Jul-2008,17-Jul-08,0.4766
2008,Jul,17,17-Jul-2008,18-Jul-08,0.4775
2008,Jul,18,18-Jul-2008,21-Jul-08,0.4831
2008,Jul,21,21-Jul-2008,22-Jul-08,0.4847
2008,Jul,22,22-Jul-2008,23-Jul-08,0.4881
2008,Jul,23,23-Jul-2008,24-Jul-08,0.492
2008,Jul,24,24-Jul-2008,25-Jul-08,0.4921
2008,Jul,25,25-Jul-2008,28-Jul-08,0.4801
2008,Jul,28,28-Jul-2008,29-Jul-08,0.4711
2008,Jul,29,29-Jul-2008,30-Jul-08,0.462
2008,Jul,30,30-Jul-2008,31-Jul-08,0.4588
2008,Jul,31,31-Jul-2008,1-Aug-08,0.4498
2008,Aug,01,01-Aug-2008,4-Aug-08,0.4297
2008,Aug,04,04-Aug-2008,5-Aug-08,0.4237
2008,Aug,05,05-Aug-2008,6-Aug-08,0.4197
2008,Aug,06,06-Aug-2008,7-Aug-08,0.4172
2008,Aug,07,07-Aug-2008,8-Aug-08,0.4162
2008,Aug,08,08-Aug-2008,11-Aug-08,0.4087
2008,Aug,11,11-Aug-2008,12-Aug-08,0.4069
2008,Aug,12,12-Aug-2008,13-Aug-08,0.4054
2008,Aug,13,13-Aug-2008,14-Aug-08,0.4046
2008,Aug,14,14-Aug-2008,15-Aug-08,0.4048
2008,Aug,15,15-Aug-2008,18-Aug-08,0.4212
2008,Aug,18,18-Aug-2008,19-Aug-08,0.4241
2008,Aug,19,19-Aug-2008,20-Aug-08,0.426
2008,Aug,20,20-Aug-2008,21-Aug-08,0.4273
2008,Aug,21,21-Aug-2008,22-Aug-08,0.431
2008,Aug,22,22-Aug-2008,25-Aug-08,0.4286
2008,Aug,25,25-Aug-2008,26-Aug-08,0.4263
2008,Aug,26,26-Aug-2008,27-Aug-08,0.4247
2008,Aug,27,27-Aug-2008,28-Aug-08,0.4245
2008,Aug,28,28-Aug-2008,29-Aug-08,0.4262
2008,Aug,29,29-Aug-2008,1-Sep-08,0.4307
2008,Sep,01,01-Sep-2008,2-Sep-08,0.4302
2008,Sep,02,02-Sep-2008,3-Sep-08,0.4326
2008,Sep,03,03-Sep-2008,4-Sep-08,0.4367
2008,Sep,04,04-Sep-2008,5-Sep-08,0.4424
2008,Sep,05,05-Sep-2008,8-Sep-08,0.4581
2008,Sep,08,08-Sep-2008,9-Sep-08,0.4638
2008,Sep,09,09-Sep-2008,10-Sep-08,0.4692
2008,Sep,10,10-Sep-2008,11-Sep-08,0.4743
2008,Sep,11,11-Sep-2008,12-Sep-08,0.4813
2008,Sep,12,12-Sep-2008,15-Sep-08,0.5038
2008,Sep,15,15-Sep-2008,16-Sep-08,0.5115
2008,Sep,16,16-Sep-2008,17-Sep-08,0.5225
2008,Sep,17,17-Sep-2008,18-Sep-08,0.5361
2008,Sep,18,18-Sep-2008,19-Sep-08,0.5515
2008,Sep,19,19-Sep-2008,22-Sep-08,0.5866
2008,Sep,22,22-Sep-2008,23-Sep-08,0.5991
2008,Sep,23,23-Sep-2008,24-Sep-08,0.6133
2008,Sep,24,24-Sep-2008,25-Sep-08,0.6275
2008,Sep,25,25-Sep-2008,26-Sep-08,0.643
2008,Sep,26,26-Sep-2008,29-Sep-08,0.6818
2008,Sep,29,29-Sep-2008,30-Sep-08,0.6927
2008,Sep,30,30-Sep-2008,2-Oct-08,0.7137
2008,Oct,02,02-Oct-2008,3-Oct-08,0.7241
2008,Oct,03,03-Oct-2008,6-Oct-08,0.7377
2008,Oct,06,06-Oct-2008,7-Oct-08,0.7422
2008,Oct,07,07-Oct-2008,8-Oct-08,0.7451
2008,Oct,08,08-Oct-2008,9-Oct-08,0.7488
2008,Oct,09,09-Oct-2008,10-Oct-08,0.7506
2008,Oct,10,10-Oct-2008,13-Oct-08,0.7522
2008,Oct,13,13-Oct-2008,14-Oct-08,0.7546
2008,Oct,14,14-Oct-2008,15-Oct-08,0.7584
2008,Oct,15,15-Oct-2008,16-Oct-08,0.7611
2008,Oct,16,16-Oct-2008,17-Oct-08,0.7638
2008,Oct,17,17-Oct-2008,20-Oct-08,0.7657
2008,Oct,20,20-Oct-2008,21-Oct-08,0.7657
2008,Oct,21,21-Oct-2008,22-Oct-08,0.7644
2008,Oct,22,22-Oct-2008,23-Oct-08,0.7611
2008,Oct,23,23-Oct-2008,24-Oct-08,0.7574
2008,Oct,24,24-Oct-2008,28-Oct-08,0.7548
2008,Oct,28,28-Oct-2008,29-Oct-08,0.7568
2008,Oct,29,29-Oct-2008,30-Oct-08,0.7636
2008,Oct,30,30-Oct-2008,31-Oct-08,0.7688
2008,Oct,31,31-Oct-2008,3-Nov-08,0.7723
2008,Nov,03,03-Nov-2008,4-Nov-08,0.7714
2008,Nov,04,04-Nov-2008,5-Nov-08,0.7692
2008,Nov,05,05-Nov-2008,6-Nov-08,0.7668
2008,Nov,06,06-Nov-2008,7-Nov-08,0.7637
2008,Nov,07,07-Nov-2008,10-Nov-08,0.7516
2008,Nov,10,10-Nov-2008,11-Nov-08,0.7481
2008,Nov,11,11-Nov-2008,12-Nov-08,0.7473
2008,Nov,12,12-Nov-2008,13-Nov-08,0.7471
2008,Nov,13,13-Nov-2008,14-Nov-08,0.7481
2008,Nov,14,14-Nov-2008,17-Nov-08,0.7407
2008,Nov,17,17-Nov-2008,18-Nov-08,0.7353
2008,Nov,18,18-Nov-2008,19-Nov-08,0.7304
2008,Nov,19,19-Nov-2008,20-Nov-08,0.7272
2008,Nov,20,20-Nov-2008,21-Nov-08,0.7254
2008,Nov,21,21-Nov-2008,24-Nov-08,0.7186
2008,Nov,24,24-Nov-2008,25-Nov-08,0.7176
2008,Nov,25,25-Nov-2008,26-Nov-08,0.7169
2008,Nov,26,26-Nov-2008,27-Nov-08,0.7163
2008,Nov,27,27-Nov-2008,28-Nov-08,0.7149
2008,Nov,28,28-Nov-2008,1-Dec-08,0.7117
2008,Dec,01,01-Dec-2008,2-Dec-08,0.7113
2008,Dec,02,02-Dec-2008,3-Dec-08,0.7097
2008,Dec,03,03-Dec-2008,4-Dec-08,0.7065
2008,Dec,04,04-Dec-2008,5-Dec-08,0.7032
2008,Dec,05,05-Dec-2008,9-Dec-08,0.6888
2008,Dec,09,09-Dec-2008,10-Dec-08,0.6846
2008,Dec,10,10-Dec-2008,11-Dec-08,0.68
2008,Dec,11,11-Dec-2008,12-Dec-08,0.6725
2008,Dec,12,12-Dec-2008,15-Dec-08,0.6493
2008,Dec,15,15-Dec-2008,16-Dec-08,0.6407
2008,Dec,16,16-Dec-2008,17-Dec-08,0.6297
2008,Dec,17,17-Dec-2008,18-Dec-08,0.618
2008,Dec,18,18-Dec-2008,19-Dec-08,0.6042
2008,Dec,19,19-Dec-2008,22-Dec-08,0.5735
2008,Dec,22,22-Dec-2008,23-Dec-08,0.5627
2008,Dec,23,23-Dec-2008,24-Dec-08,0.5501
2008,Dec,24,24-Dec-2008,26-Dec-08,0.5244
2008,Dec,26,26-Dec-2008,29-Dec-08,0.4815
2008,Dec,29,29-Dec-2008,30-Dec-08,0.4683
2008,Dec,30,30-Dec-2008,31-Dec-08,0.4664
2008,Dec,31,31-Dec-2008,2-Jan-09,0.4392
2009,Jan,02,02-Jan-2009,5-Jan-09,0.4165
2009,Jan,05,05-Jan-2009,6-Jan-09,0.4099
2009,Jan,06,06-Jan-2009,7-Jan-09,0.4024
2009,Jan,07,07-Jan-2009,8-Jan-09,0.3968
2009,Jan,08,08-Jan-2009,9-Jan-09,0.3897
2009,Jan,09,09-Jan-2009,12-Jan-09,0.3768
2009,Jan,12,12-Jan-2009,13-Jan-09,0.373
2009,Jan,13,13-Jan-2009,14-Jan-09,0.3673
2009,Jan,14,14-Jan-2009,15-Jan-09,0.3608
2009,Jan,15,15-Jan-2009,16-Jan-09,0.3557
2009,Jan,16,16-Jan-2009,19-Jan-09,0.3462
2009,Jan,19,19-Jan-2009,20-Jan-09,0.3428
2009,Jan,20,20-Jan-2009,21-Jan-09,0.3397
2009,Jan,21,21-Jan-2009,22-Jan-09,0.338
2009,Jan,22,22-Jan-2009,23-Jan-09,0.3371
2009,Jan,23,23-Jan-2009,28-Jan-09,0.3283
2009,Jan,28,28-Jan-2009,29-Jan-09,0.3248
2009,Jan,29,29-Jan-2009,30-Jan-09,0.3175
2009,Jan,30,30-Jan-2009,2-Feb-09,0.3089
2009,Feb,02,02-Feb-2009,3-Feb-09,0.3059
2009,Feb,03,03-Feb-2009,4-Feb-09,0.3049
2009,Feb,04,04-Feb-2009,5-Feb-09,0.305
2009,Feb,05,05-Feb-2009,6-Feb-09,0.3057
2009,Feb,06,06-Feb-2009,9-Feb-09,0.305
2009,Feb,09,09-Feb-2009,10-Feb-09,0.3048
2009,Feb,10,10-Feb-2009,11-Feb-09,0.3034
2009,Feb,11,11-Feb-2009,12-Feb-09,0.2981
2009,Feb,12,12-Feb-2009,13-Feb-09,0.2915
2009,Feb,13,13-Feb-2009,16-Feb-09,0.2728
2009,Feb,16,16-Feb-2009,17-Feb-09,0.2674
2009,Feb,17,17-Feb-2009,18-Feb-09,0.2647
2009,Feb,18,18-Feb-2009,19-Feb-09,0.2641
2009,Feb,19,19-Feb-2009,20-Feb-09,0.2628
2009,Feb,20,20-Feb-2009,23-Feb-09,0.2568
2009,Feb,23,23-Feb-2009,24-Feb-09,0.255
2009,Feb,24,24-Feb-2009,25-Feb-09,0.2517
2009,Feb,25,25-Feb-2009,26-Feb-09,0.2478
2009,Feb,26,26-Feb-2009,27-Feb-09,0.2449
2009,Feb,27,27-Feb-2009,2-Mar-09,0.2298
2009,Mar,02,02-Mar-2009,3-Mar-09,0.2277
2009,Mar,03,03-Mar-2009,4-Mar-09,0.2259
2009,Mar,04,04-Mar-2009,5-Mar-09,0.2229
2009,Mar,05,05-Mar-2009,6-Mar-09,0.2192
2009,Mar,06,06-Mar-2009,9-Mar-09,0.2081
2009,Mar,09,09-Mar-2009,10-Mar-09,0.2042
2009,Mar,10,10-Mar-2009,11-Mar-09,0.2005
2009,Mar,11,11-Mar-2009,12-Mar-09,0.1986
2009,Mar,12,12-Mar-2009,13-Mar-09,0.1972
2009,Mar,13,13-Mar-2009,16-Mar-09,0.1983
2009,Mar,16,16-Mar-2009,17-Mar-09,0.2007
2009,Mar,17,17-Mar-2009,18-Mar-09,0.2045
2009,Mar,18,18-Mar-2009,19-Mar-09,0.2081
2009,Mar,19,19-Mar-2009,20-Mar-09,0.2097
2009,Mar,20,20-Mar-2009,23-Mar-09,0.2042
2009,Mar,23,23-Mar-2009,24-Mar-09,0.2016
2009,Mar,24,24-Mar-2009,25-Mar-09,0.1991
2009,Mar,25,25-Mar-2009,26-Mar-09,0.1973
2009,Mar,26,26-Mar-2009,27-Mar-09,0.1984
2009,Mar,27,27-Mar-2009,30-Mar-09,0.2023
2009,Mar,30,30-Mar-2009,31-Mar-09,0.2026
2009,Mar,31,31-Mar-2009,1-Apr-09,0.2047
2009,Apr,01,01-Apr-2009,2-Apr-09,0.2054
2009,Apr,02,02-Apr-2009,3-Apr-09,0.2049
2009,Apr,03,03-Apr-2009,6-Apr-09,0.2
2009,Apr,06,06-Apr-2009,7-Apr-09,0.1994
2009,Apr,07,07-Apr-2009,8-Apr-09,0.1989
2009,Apr,08,08-Apr-2009,9-Apr-09,0.1985
2009,Apr,09,09-Apr-2009,13-Apr-09,0.2001
2009,Apr,13,13-Apr-2009,14-Apr-09,0.2007
2009,Apr,14,14-Apr-2009,15-Apr-09,0.2015
2009,Apr,15,15-Apr-2009,16-Apr-09,0.2038
2009,Apr,16,16-Apr-2009,17-Apr-09,0.2078
2009,Apr,17,17-Apr-2009,20-Apr-09,0.2082
2009,Apr,20,20-Apr-2009,21-Apr-09,0.209
2009,Apr,21,21-Apr-2009,22-Apr-09,0.209
2009,Apr,22,22-Apr-2009,23-Apr-09,0.2088
2009,Apr,23,23-Apr-2009,24-Apr-09,0.2082
2009,Apr,24,24-Apr-2009,27-Apr-09,0.2063
2009,Apr,27,27-Apr-2009,28-Apr-09,0.2055
2009,Apr,28,28-Apr-2009,29-Apr-09,0.2045
2009,Apr,29,29-Apr-2009,30-Apr-09,0.2034
2009,Apr,30,30-Apr-2009,4-May-09,0.1974
2009,May,04,04-May-2009,5-May-09,0.1969
2009,May,05,05-May-2009,6-May-09,0.1959
2009,May,06,06-May-2009,7-May-09,0.1955
2009,May,07,07-May-2009,8-May-09,0.1953
2009,May,08,08-May-2009,11-May-09,0.1946
2009,May,11,11-May-2009,12-May-09,0.1942
2009,May,12,12-May-2009,13-May-09,0.1936
2009,May,13,13-May-2009,14-May-09,0.1925
2009,May,14,14-May-2009,15-May-09,0.1913
2009,May,15,15-May-2009,18-May-09,0.1867
2009,May,18,18-May-2009,19-May-09,0.1854
2009,May,19,19-May-2009,20-May-09,0.1848
2009,May,20,20-May-2009,21-May-09,0.1833
2009,May,21,21-May-2009,22-May-09,0.1831
2009,May,22,22-May-2009,25-May-09,0.179
2009,May,25,25-May-2009,26-May-09,0.1781
2009,May,26,26-May-2009,27-May-09,0.1764
2009,May,27,27-May-2009,28-May-09,0.1743
2009,May,28,28-May-2009,29-May-09,0.1729
2009,May,29,29-May-2009,1-Jun-09,0.1683
2009,Jun,01,01-Jun-2009,2-Jun-09,0.166
2009,Jun,02,02-Jun-2009,3-Jun-09,0.1641
2009,Jun,03,03-Jun-2009,4-Jun-09,0.1632
2009,Jun,04,04-Jun-2009,5-Jun-09,0.1655
2009,Jun,05,05-Jun-2009,8-Jun-09,0.1742
2009,Jun,08,08-Jun-2009,9-Jun-09,0.1743
2009,Jun,09,09-Jun-2009,10-Jun-09,0.1747
2009,Jun,10,10-Jun-2009,11-Jun-09,0.1754
2009,Jun,11,11-Jun-2009,12-Jun-09,0.1753
2009,Jun,12,12-Jun-2009,15-Jun-09,0.1694
2009,Jun,15,15-Jun-2009,16-Jun-09,0.1669
2009,Jun,16,16-Jun-2009,17-Jun-09,0.1627
2009,Jun,17,17-Jun-2009,18-Jun-09,0.1571
2009,Jun,18,18-Jun-2009,19-Jun-09,0.1511
2009,Jun,19,19-Jun-2009,22-Jun-09,0.1405
2009,Jun,22,22-Jun-2009,23-Jun-09,0.1387
2009,Jun,23,23-Jun-2009,24-Jun-09,0.1375
2009,Jun,24,24-Jun-2009,25-Jun-09,0.1369
2009,Jun,25,25-Jun-2009,26-Jun-09,0.1354
2009,Jun,26,26-Jun-2009,29-Jun-09,0.1276
2009,Jun,29,29-Jun-2009,30-Jun-09,0.1269
2009,Jun,30,30-Jun-2009,1-Jul-09,0.1232
2009,Jul,01,01-Jul-2009,2-Jul-09,0.121
2009,Jul,02,02-Jul-2009,3-Jul-09,0.1199
2009,Jul,03,03-Jul-2009,6-Jul-09,0.1202
2009,Jul,06,06-Jul-2009,7-Jul-09,0.1206
2009,Jul,07,07-Jul-2009,8-Jul-09,0.1211
2009,Jul,08,08-Jul-2009,9-Jul-09,0.1217
2009,Jul,09,09-Jul-2009,10-Jul-09,0.1214
2009,Jul,10,10-Jul-2009,13-Jul-09,0.1205
2009,Jul,13,13-Jul-2009,14-Jul-09,0.1202
2009,Jul,14,14-Jul-2009,15-Jul-09,0.1191
2009,Jul,15,15-Jul-2009,16-Jul-09,0.1164
2009,Jul,16,16-Jul-2009,17-Jul-09,0.1123
2009,Jul,17,17-Jul-2009,20-Jul-09,0.1116
2009,Jul,20,20-Jul-2009,21-Jul-09,0.1116
2009,Jul,21,21-Jul-2009,22-Jul-09,0.1121
2009,Jul,22,22-Jul-2009,23-Jul-09,0.1127
2009,Jul,23,23-Jul-2009,24-Jul-09,0.1131
2009,Jul,24,24-Jul-2009,27-Jul-09,0.1158
2009,Jul,27,27-Jul-2009,28-Jul-09,0.1171
2009,Jul,28,28-Jul-2009,29-Jul-09,0.119
2009,Jul,29,29-Jul-2009,30-Jul-09,0.121
2009,Jul,30,30-Jul-2009,31-Jul-09,0.1224
2009,Jul,31,31-Jul-2009,3-Aug-09,0.135
2009,Aug,03,03-Aug-2009,4-Aug-09,0.1397
2009,Aug,04,04-Aug-2009,5-Aug-09,0.1441
2009,Aug,05,05-Aug-2009,6-Aug-09,0.1475
2009,Aug,06,06-Aug-2009,7-Aug-09,0.1511
2009,Aug,07,07-Aug-2009,11-Aug-09,0.1627
2009,Aug,11,11-Aug-2009,12-Aug-09,0.1662
2009,Aug,12,12-Aug-2009,13-Aug-09,0.1673
2009,Aug,13,13-Aug-2009,14-Aug-09,0.1683
2009,Aug,14,14-Aug-2009,17-Aug-09,0.1718
2009,Aug,17,17-Aug-2009,18-Aug-09,0.1727
2009,Aug,18,18-Aug-2009,19-Aug-09,0.1732
2009,Aug,19,19-Aug-2009,20-Aug-09,0.1731
2009,Aug,20,20-Aug-2009,21-Aug-09,0.1735
2009,Aug,21,21-Aug-2009,24-Aug-09,0.1731
2009,Aug,24,24-Aug-2009,25-Aug-09,0.1736
2009,Aug,25,25-Aug-2009,26-Aug-09,0.1748
2009,Aug,26,26-Aug-2009,27-Aug-09,0.1765
2009,Aug,27,27-Aug-2009,28-Aug-09,0.1789
2009,Aug,28,28-Aug-2009,31-Aug-09,0.188
2009,Aug,31,31-Aug-2009,1-Sep-09,0.1919
2009,Sep,01,01-Sep-2009,2-Sep-09,0.194
2009,Sep,02,02-Sep-2009,3-Sep-09,0.1969
2009,Sep,03,03-Sep-2009,4-Sep-09,0.1991
2009,Sep,04,04-Sep-2009,7-Sep-09,0.1944
2009,Sep,07,07-Sep-2009,8-Sep-09,0.1914
2009,Sep,08,08-Sep-2009,9-Sep-09,0.1915
2009,Sep,09,09-Sep-2009,10-Sep-09,0.191
2009,Sep,10,10-Sep-2009,11-Sep-09,0.1909
2009,Sep,11,11-Sep-2009,14-Sep-09,0.1931
2009,Sep,14,14-Sep-2009,15-Sep-09,0.1934
2009,Sep,15,15-Sep-2009,16-Sep-09,0.194
2009,Sep,16,16-Sep-2009,17-Sep-09,0.1947
2009,Sep,17,17-Sep-2009,18-Sep-09,0.1952
2009,Sep,18,18-Sep-2009,22-Sep-09,0.1989
2009,Sep,22,22-Sep-2009,23-Sep-09,0.2
2009,Sep,23,23-Sep-2009,24-Sep-09,0.2023
2009,Sep,24,24-Sep-2009,25-Sep-09,0.2042
2009,Sep,25,25-Sep-2009,28-Sep-09,0.2069
2009,Sep,28,28-Sep-2009,29-Sep-09,0.2074
2009,Sep,29,29-Sep-2009,30-Sep-09,0.2063
2009,Sep,30,30-Sep-2009,1-Oct-09,0.2064
2009,Oct,01,01-Oct-2009,2-Oct-09,0.2086
2009,Oct,02,02-Oct-2009,5-Oct-09,0.2138
2009,Oct,05,05-Oct-2009,6-Oct-09,0.2144
2009,Oct,06,06-Oct-2009,7-Oct-09,0.2157
2009,Oct,07,07-Oct-2009,8-Oct-09,0.2197
2009,Oct,08,08-Oct-2009,9-Oct-09,0.2216
2009,Oct,09,09-Oct-2009,12-Oct-09,0.2292
2009,Oct,12,12-Oct-2009,13-Oct-09,0.2315
2009,Oct,13,13-Oct-2009,14-Oct-09,0.2332
2009,Oct,14,14-Oct-2009,15-Oct-09,0.235
2009,Oct,15,15-Oct-2009,16-Oct-09,0.2369
2009,Oct,16,16-Oct-2009,19-Oct-09,0.2429
2009,Oct,19,19-Oct-2009,20-Oct-09,0.2447
2009,Oct,20,20-Oct-2009,21-Oct-09,0.2465
2009,Oct,21,21-Oct-2009,22-Oct-09,0.248
2009,Oct,22,22-Oct-2009,23-Oct-09,0.2498
2009,Oct,23,23-Oct-2009,26-Oct-09,0.2538
2009,Oct,26,26-Oct-2009,27-Oct-09,0.2549
2009,Oct,27,27-Oct-2009,28-Oct-09,0.2557
2009,Oct,28,28-Oct-2009,29-Oct-09,0.2561
2009,Oct,29,29-Oct-2009,30-Oct-09,0.2565
2009,Oct,30,30-Oct-2009,2-Nov-09,0.2574
2009,Nov,02,02-Nov-2009,3-Nov-09,0.2578
2009,Nov,03,03-Nov-2009,4-Nov-09,0.2564
2009,Nov,04,04-Nov-2009,5-Nov-09,0.254
2009,Nov,05,05-Nov-2009,6-Nov-09,0.2533
2009,Nov,06,06-Nov-2009,9-Nov-09,0.252
2009,Nov,09,09-Nov-2009,10-Nov-09,0.251
2009,Nov,10,10-Nov-2009,11-Nov-09,0.25
2009,Nov,11,11-Nov-2009,12-Nov-09,0.2487
2009,Nov,12,12-Nov-2009,13-Nov-09,0.2498
2009,Nov,13,13-Nov-2009,16-Nov-09,0.2507
2009,Nov,16,16-Nov-2009,17-Nov-09,0.2506
2009,Nov,17,17-Nov-2009,18-Nov-09,0.2499
2009,Nov,18,18-Nov-2009,19-Nov-09,0.2489
2009,Nov,19,19-Nov-2009,20-Nov-09,0.2492
2009,Nov,20,20-Nov-2009,23-Nov-09,0.2525
2009,Nov,23,23-Nov-2009,24-Nov-09,0.2534
2009,Nov,24,24-Nov-2009,25-Nov-09,0.2541
2009,Nov,25,25-Nov-2009,26-Nov-09,0.2572
2009,Nov,26,26-Nov-2009,30-Nov-09,0.2574
2009,Nov,30,30-Nov-2009,1-Dec-09,0.2541
2009,Dec,01,01-Dec-2009,2-Dec-09,0.2533
2009,Dec,02,02-Dec-2009,3-Dec-09,0.2511
2009,Dec,03,03-Dec-2009,4-Dec-09,0.2498
2009,Dec,04,04-Dec-2009,7-Dec-09,0.2487
2009,Dec,07,07-Dec-2009,8-Dec-09,0.249
2009,Dec,08,08-Dec-2009,9-Dec-09,0.2489
2009,Dec,09,09-Dec-2009,10-Dec-09,0.2495
2009,Dec,10,10-Dec-2009,11-Dec-09,0.2492
2009,Dec,11,11-Dec-2009,14-Dec-09,0.2463
2009,Dec,14,14-Dec-2009,15-Dec-09,0.246
2009,Dec,15,15-Dec-2009,16-Dec-09,0.2452
2009,Dec,16,16-Dec-2009,17-Dec-09,0.2442
2009,Dec,17,17-Dec-2009,18-Dec-09,0.2438
2009,Dec,18,18-Dec-2009,21-Dec-09,0.2413
2009,Dec,21,21-Dec-2009,22-Dec-09,0.2406
2009,Dec,22,22-Dec-2009,23-Dec-09,0.2391
2009,Dec,23,23-Dec-2009,24-Dec-09,0.2364
2009,Dec,24,24-Dec-2009,28-Dec-09,0.2279
2009,Dec,28,28-Dec-2009,29-Dec-09,0.2256
2009,Dec,29,29-Dec-2009,30-Dec-09,0.2225
2009,Dec,30,30-Dec-2009,31-Dec-09,0.2204
2009,Dec,31,31-Dec-2009,4-Jan-10,0.2149
2010,Jan,04,04-Jan-2010,5-Jan-10,0.2138
2010,Jan,05,05-Jan-2010,6-Jan-10,0.2137
2010,Jan,06,06-Jan-2010,7-Jan-10,0.2129
2010,Jan,07,07-Jan-2010,8-Jan-10,0.2093
2010,Jan,08,08-Jan-2010,11-Jan-10,0.2044
2010,Jan,11,11-Jan-2010,12-Jan-10,0.2027
2010,Jan,12,12-Jan-2010,13-Jan-10,0.201
2010,Jan,13,13-Jan-2010,14-Jan-10,0.1997
2010,Jan,14,14-Jan-2010,15-Jan-10,0.1978
2010,Jan,15,15-Jan-2010,18-Jan-10,0.1932
2010,Jan,18,18-Jan-2010,19-Jan-10,0.191
2010,Jan,19,19-Jan-2010,20-Jan-10,0.19
2010,Jan,20,20-Jan-2010,21-Jan-10,0.1889
2010,Jan,21,21-Jan-2010,22-Jan-10,0.1878
2010,Jan,22,22-Jan-2010,25-Jan-10,0.1837
2010,Jan,25,25-Jan-2010,26-Jan-10,0.1824
2010,Jan,26,26-Jan-2010,27-Jan-10,0.181
2010,Jan,27,27-Jan-2010,28-Jan-10,0.1793
2010,Jan,28,28-Jan-2010,29-Jan-10,0.1777
2010,Jan,29,29-Jan-2010,1-Feb-10,0.1703
2010,Feb,01,01-Feb-2010,2-Feb-10,0.1673
2010,Feb,02,02-Feb-2010,3-Feb-10,0.1633
2010,Feb,03,03-Feb-2010,4-Feb-10,0.1606
2010,Feb,04,04-Feb-2010,5-Feb-10,0.1594
2010,Feb,05,05-Feb-2010,8-Feb-10,0.1559
2010,Feb,08,08-Feb-2010,9-Feb-10,0.154
2010,Feb,09,09-Feb-2010,10-Feb-10,0.1529
2010,Feb,10,10-Feb-2010,11-Feb-10,0.1513
2010,Feb,11,11-Feb-2010,12-Feb-10,0.15
2010,Feb,12,12-Feb-2010,17-Feb-10,0.1477
2010,Feb,17,17-Feb-2010,18-Feb-10,0.1481
2010,Feb,18,18-Feb-2010,19-Feb-10,0.1487
2010,Feb,19,19-Feb-2010,22-Feb-10,0.1453
2010,Feb,22,22-Feb-2010,23-Feb-10,0.1439
2010,Feb,23,23-Feb-2010,24-Feb-10,0.1424
2010,Feb,24,24-Feb-2010,25-Feb-10,0.1407
2010,Feb,25,25-Feb-2010,26-Feb-10,0.1377
2010,Feb,26,26-Feb-2010,1-Mar-10,0.1352
2010,Mar,01,01-Mar-2010,2-Mar-10,0.1353
2010,Mar,02,02-Mar-2010,3-Mar-10,0.1357
2010,Mar,03,03-Mar-2010,4-Mar-10,0.1347
2010,Mar,04,04-Mar-2010,5-Mar-10,0.1332
2010,Mar,05,05-Mar-2010,8-Mar-10,0.1297
2010,Mar,08,08-Mar-2010,9-Mar-10,0.1287
2010,Mar,09,09-Mar-2010,10-Mar-10,0.1277
2010,Mar,10,10-Mar-2010,11-Mar-10,0.127
2010,Mar,11,11-Mar-2010,12-Mar-10,0.1273
2010,Mar,12,12-Mar-2010,15-Mar-10,0.1288
2010,Mar,15,15-Mar-2010,16-Mar-10,0.1293
2010,Mar,16,16-Mar-2010,17-Mar-10,0.1296
2010,Mar,17,17-Mar-2010,18-Mar-10,0.1295
2010,Mar,18,18-Mar-2010,19-Mar-10,0.1294
2010,Mar,19,19-Mar-2010,22-Mar-10,0.1294
2010,Mar,22,22-Mar-2010,23-Mar-10,0.1293
2010,Mar,23,23-Mar-2010,24-Mar-10,0.1292
2010,Mar,24,24-Mar-2010,25-Mar-10,0.1289
2010,Mar,25,25-Mar-2010,26-Mar-10,0.1295
2010,Mar,26,26-Mar-2010,29-Mar-10,0.1307
2010,Mar,29,29-Mar-2010,30-Mar-10,0.1315
2010,Mar,30,30-Mar-2010,31-Mar-10,0.1323
2010,Mar,31,31-Mar-2010,1-Apr-10,0.1326
2010,Apr,01,01-Apr-2010,5-Apr-10,0.1373
2010,Apr,05,05-Apr-2010,6-Apr-10,0.1374
2010,Apr,06,06-Apr-2010,7-Apr-10,0.1374
2010,Apr,07,07-Apr-2010,8-Apr-10,0.1365
2010,Apr,08,08-Apr-2010,9-Apr-10,0.1362
2010,Apr,09,09-Apr-2010,12-Apr-10,0.1336
2010,Apr,12,12-Apr-2010,13-Apr-10,0.1333
2010,Apr,13,13-Apr-2010,14-Apr-10,0.1325
2010,Apr,14,14-Apr-2010,15-Apr-10,0.1324
2010,Apr,15,15-Apr-2010,16-Apr-10,0.1316
2010,Apr,16,16-Apr-2010,19-Apr-10,0.1299
2010,Apr,19,19-Apr-2010,20-Apr-10,0.1291
2010,Apr,20,20-Apr-2010,21-Apr-10,0.1283
2010,Apr,21,21-Apr-2010,22-Apr-10,0.1272
2010,Apr,22,22-Apr-2010,23-Apr-10,0.1263
2010,Apr,23,23-Apr-2010,26-Apr-10,0.1236
2010,Apr,26,26-Apr-2010,27-Apr-10,0.1231
2010,Apr,27,27-Apr-2010,28-Apr-10,0.1237
2010,Apr,28,28-Apr-2010,29-Apr-10,0.1249
2010,Apr,29,29-Apr-2010,30-Apr-10,0.1248
2010,Apr,30,30-Apr-2010,3-May-10,0.123
2010,May,03,03-May-2010,4-May-10,0.1226
2010,May,04,04-May-2010,5-May-10,0.1218
2010,May,05,05-May-2010,6-May-10,0.1203
2010,May,06,06-May-2010,7-May-10,0.1194
2010,May,07,07-May-2010,10-May-10,0.1196
2010,May,10,10-May-2010,11-May-10,0.1197
2010,May,11,11-May-2010,12-May-10,0.1191
2010,May,12,12-May-2010,13-May-10,0.1176
2010,May,13,13-May-2010,14-May-10,0.1161
2010,May,14,14-May-2010,17-May-10,0.1116
2010,May,17,17-May-2010,18-May-10,0.1105
2010,May,18,18-May-2010,19-May-10,0.1095
2010,May,19,19-May-2010,20-May-10,0.1085
2010,May,20,20-May-2010,21-May-10,0.1075
2010,May,21,21-May-2010,24-May-10,0.1064
2010,May,24,24-May-2010,25-May-10,0.1065
2010,May,25,25-May-2010,26-May-10,0.106
2010,May,26,26-May-2010,27-May-10,0.1055
2010,May,27,27-May-2010,31-May-10,0.1076
2010,May,31,31-May-2010,1-Jun-10,0.1054
2010,Jun,01,01-Jun-2010,2-Jun-10,0.1042
2010,Jun,02,02-Jun-2010,3-Jun-10,0.1032
2010,Jun,03,03-Jun-2010,4-Jun-10,0.1037
2010,Jun,04,04-Jun-2010,7-Jun-10,0.1089
2010,Jun,07,07-Jun-2010,8-Jun-10,0.1108
2010,Jun,08,08-Jun-2010,9-Jun-10,0.1133
2010,Jun,09,09-Jun-2010,10-Jun-10,0.1157
2010,Jun,10,10-Jun-2010,11-Jun-10,0.1165
2010,Jun,11,11-Jun-2010,14-Jun-10,0.1161
2010,Jun,14,14-Jun-2010,15-Jun-10,0.1158
2010,Jun,15,15-Jun-2010,16-Jun-10,0.1155
2010,Jun,16,16-Jun-2010,17-Jun-10,0.1154
2010,Jun,17,17-Jun-2010,18-Jun-10,0.1154
2010,Jun,18,18-Jun-2010,21-Jun-10,0.1173
2010,Jun,21,21-Jun-2010,22-Jun-10,0.1169
2010,Jun,22,22-Jun-2010,23-Jun-10,0.1165
2010,Jun,23,23-Jun-2010,24-Jun-10,0.1159
2010,Jun,24,24-Jun-2010,25-Jun-10,0.1158
2010,Jun,25,25-Jun-2010,28-Jun-10,0.118
2010,Jun,28,28-Jun-2010,29-Jun-10,0.118
2010,Jun,29,29-Jun-2010,30-Jun-10,0.1179
2010,Jun,30,30-Jun-2010,1-Jul-10,0.117
2010,Jul,01,01-Jul-2010,2-Jul-10,0.1147
2010,Jul,02,02-Jul-2010,5-Jul-10,0.108
2010,Jul,05,05-Jul-2010,6-Jul-10,0.107
2010,Jul,06,06-Jul-2010,7-Jul-10,0.1063
2010,Jul,07,07-Jul-2010,8-Jul-10,0.1067
2010,Jul,08,08-Jul-2010,9-Jul-10,0.1065
2010,Jul,09,09-Jul-2010,12-Jul-10,0.1093
2010,Jul,12,12-Jul-2010,13-Jul-10,0.1099
2010,Jul,13,13-Jul-2010,14-Jul-10,0.1103
2010,Jul,14,14-Jul-2010,15-Jul-10,0.1106
2010,Jul,15,15-Jul-2010,16-Jul-10,0.1114
2010,Jul,16,16-Jul-2010,19-Jul-10,0.1153
2010,Jul,19,19-Jul-2010,20-Jul-10,0.1158
2010,Jul,20,20-Jul-2010,21-Jul-10,0.1161
2010,Jul,21,21-Jul-2010,22-Jul-10,0.1168
2010,Jul,22,22-Jul-2010,23-Jul-10,0.1175
2010,Jul,23,23-Jul-2010,26-Jul-10,0.1196
2010,Jul,26,26-Jul-2010,27-Jul-10,0.1196
2010,Jul,27,27-Jul-2010,28-Jul-10,0.119
2010,Jul,28,28-Jul-2010,29-Jul-10,0.1181
2010,Jul,29,29-Jul-2010,30-Jul-10,0.1186
2010,Jul,30,30-Jul-2010,2-Aug-10,0.1218
2010,Aug,02,02-Aug-2010,3-Aug-10,0.1223
2010,Aug,03,03-Aug-2010,4-Aug-10,0.1223
2010,Aug,04,04-Aug-2010,5-Aug-10,0.122
2010,Aug,05,05-Aug-2010,6-Aug-10,0.1218
2010,Aug,06,06-Aug-2010,10-Aug-10,0.1193
2010,Aug,10,10-Aug-2010,11-Aug-10,0.1191
2010,Aug,11,11-Aug-2010,12-Aug-10,0.1191
2010,Aug,12,12-Aug-2010,13-Aug-10,0.1196
2010,Aug,13,13-Aug-2010,16-Aug-10,0.1213
2010,Aug,16,16-Aug-2010,17-Aug-10,0.1219
2010,Aug,17,17-Aug-2010,18-Aug-10,0.1228
2010,Aug,18,18-Aug-2010,19-Aug-10,0.1235
2010,Aug,19,19-Aug-2010,20-Aug-10,0.1244
2010,Aug,20,20-Aug-2010,23-Aug-10,0.1252
2010,Aug,23,23-Aug-2010,24-Aug-10,0.1255
2010,Aug,24,24-Aug-2010,25-Aug-10,0.1256
2010,Aug,25,25-Aug-2010,26-Aug-10,0.1251
2010,Aug,26,26-Aug-2010,27-Aug-10,0.1242
2010,Aug,27,27-Aug-2010,30-Aug-10,0.1224
2010,Aug,30,30-Aug-2010,31-Aug-10,0.1218
2010,Aug,31,31-Aug-2010,1-Sep-10,0.1224
2010,Sep,01,01-Sep-2010,2-Sep-10,0.1228
2010,Sep,02,02-Sep-2010,3-Sep-10,0.1236
2010,Sep,03,03-Sep-2010,6-Sep-10,0.1192
2010,Sep,06,06-Sep-2010,7-Sep-10,0.1171
2010,Sep,07,07-Sep-2010,8-Sep-10,0.1151
2010,Sep,08,08-Sep-2010,9-Sep-10,0.1127
2010,Sep,09,09-Sep-2010,13-Sep-10,0.1098
2010,Sep,13,13-Sep-2010,14-Sep-10,0.1101
2010,Sep,14,14-Sep-2010,15-Sep-10,0.1105
2010,Sep,15,15-Sep-2010,16-Sep-10,0.111
2010,Sep,16,16-Sep-2010,17-Sep-10,0.1118
2010,Sep,17,17-Sep-2010,20-Sep-10,0.1138
2010,Sep,20,20-Sep-2010,21-Sep-10,0.114
2010,Sep,21,21-Sep-2010,22-Sep-10,0.1158
2010,Sep,22,22-Sep-2010,23-Sep-10,0.1178
2010,Sep,23,23-Sep-2010,24-Sep-10,0.1188
2010,Sep,24,24-Sep-2010,27-Sep-10,0.116
2010,Sep,27,27-Sep-2010,28-Sep-10,0.1146
2010,Sep,28,28-Sep-2010,29-Sep-10,0.1139
2010,Sep,29,29-Sep-2010,30-Sep-10,0.1137
2010,Sep,30,30-Sep-2010,1-Oct-10,0.1139
2010,Oct,01,01-Oct-2010,4-Oct-10,0.1146
2010,Oct,04,04-Oct-2010,5-Oct-10,0.1145
2010,Oct,05,05-Oct-2010,6-Oct-10,0.1144
2010,Oct,06,06-Oct-2010,7-Oct-10,0.1141
2010,Oct,07,07-Oct-2010,8-Oct-10,0.1135
2010,Oct,08,08-Oct-2010,11-Oct-10,0.1103
2010,Oct,11,11-Oct-2010,12-Oct-10,0.1091
2010,Oct,12,12-Oct-2010,13-Oct-10,0.108
2010,Oct,13,13-Oct-2010,14-Oct-10,0.1074
2010,Oct,14,14-Oct-2010,15-Oct-10,0.1069
2010,Oct,15,15-Oct-2010,18-Oct-10,0.1064
2010,Oct,18,18-Oct-2010,19-Oct-10,0.1066
2010,Oct,19,19-Oct-2010,20-Oct-10,0.1064
2010,Oct,20,20-Oct-2010,21-Oct-10,0.1064
2010,Oct,21,21-Oct-2010,22-Oct-10,0.106
2010,Oct,22,22-Oct-2010,25-Oct-10,0.1047
2010,Oct,25,25-Oct-2010,26-Oct-10,0.1041
2010,Oct,26,26-Oct-2010,27-Oct-10,0.1041
2010,Oct,27,27-Oct-2010,28-Oct-10,0.1039
2010,Oct,28,28-Oct-2010,29-Oct-10,0.1033
2010,Oct,29,29-Oct-2010,1-Nov-10,0.0997
2010,Nov,01,01-Nov-2010,2-Nov-10,0.0986
2010,Nov,02,02-Nov-2010,3-Nov-10,0.0979
2010,Nov,03,03-Nov-2010,4-Nov-10,0.0975
2010,Nov,04,04-Nov-2010,8-Nov-10,0.0985
2010,Nov,08,08-Nov-2010,9-Nov-10,0.0984
2010,Nov,09,09-Nov-2010,10-Nov-10,0.0982
2010,Nov,10,10-Nov-2010,11-Nov-10,0.0982
2010,Nov,11,11-Nov-2010,12-Nov-10,0.0979
2010,Nov,12,12-Nov-2010,15-Nov-10,0.0975
2010,Nov,15,15-Nov-2010,16-Nov-10,0.0976
2010,Nov,16,16-Nov-2010,18-Nov-10,0.0969
2010,Nov,18,18-Nov-2010,19-Nov-10,0.0965
2010,Nov,19,19-Nov-2010,22-Nov-10,0.0945
2010,Nov,22,22-Nov-2010,23-Nov-10,0.094
2010,Nov,23,23-Nov-2010,24-Nov-10,0.0935
2010,Nov,24,24-Nov-2010,25-Nov-10,0.0932
2010,Nov,25,25-Nov-2010,26-Nov-10,0.0932
2010,Nov,26,26-Nov-2010,29-Nov-10,0.0932
2010,Nov,29,29-Nov-2010,30-Nov-10,0.0939
2010,Nov,30,30-Nov-2010,1-Dec-10,0.0934
2010,Dec,01,01-Dec-2010,2-Dec-10,0.093
2010,Dec,02,02-Dec-2010,3-Dec-10,0.0925
2010,Dec,03,03-Dec-2010,6-Dec-10,0.0917
2010,Dec,06,06-Dec-2010,7-Dec-10,0.0917
2010,Dec,07,07-Dec-2010,8-Dec-10,0.0913
2010,Dec,08,08-Dec-2010,9-Dec-10,0.0911
2010,Dec,09,09-Dec-2010,10-Dec-10,0.0912
2010,Dec,10,10-Dec-2010,13-Dec-10,0.0923
2010,Dec,13,13-Dec-2010,14-Dec-10,0.092
2010,Dec,14,14-Dec-2010,15-Dec-10,0.0917
2010,Dec,15,15-Dec-2010,16-Dec-10,0.0911
2010,Dec,16,16-Dec-2010,17-Dec-10,0.0904
2010,Dec,17,17-Dec-2010,20-Dec-10,0.0856
2010,Dec,20,20-Dec-2010,21-Dec-10,0.0845
2010,Dec,21,21-Dec-2010,22-Dec-10,0.0825
2010,Dec,22,22-Dec-2010,23-Dec-10,0.0804
2010,Dec,23,23-Dec-2010,24-Dec-10,0.0794
2010,Dec,24,24-Dec-2010,27-Dec-10,0.0786
2010,Dec,27,27-Dec-2010,28-Dec-10,0.0785
2010,Dec,28,28-Dec-2010,29-Dec-10,0.0786
2010,Dec,29,29-Dec-2010,30-Dec-10,0.0783
2010,Dec,30,30-Dec-2010,31-Dec-10,0.0783
2010,Dec,31,31-Dec-2010,3-Jan-11,0.0792
2011,Jan,03,03-Jan-2011,4-Jan-11,0.0798
2011,Jan,04,04-Jan-2011,5-Jan-11,0.0802
2011,Jan,05,05-Jan-2011,6-Jan-11,0.0805
2011,Jan,06,06-Jan-2011,7-Jan-11,0.0808
2011,Jan,07,07-Jan-2011,10-Jan-11,0.0816
2011,Jan,10,10-Jan-2011,11-Jan-11,0.0819
2011,Jan,11,11-Jan-2011,12-Jan-11,0.0818
2011,Jan,12,12-Jan-2011,13-Jan-11,0.0815
2011,Jan,13,13-Jan-2011,14-Jan-11,0.0813
2011,Jan,14,14-Jan-2011,17-Jan-11,0.0787
2011,Jan,17,17-Jan-2011,18-Jan-11,0.0774
2011,Jan,18,18-Jan-2011,19-Jan-11,0.0756
2011,Jan,19,19-Jan-2011,20-Jan-11,0.0745
2011,Jan,20,20-Jan-2011,21-Jan-11,0.0738
2011,Jan,21,21-Jan-2011,24-Jan-11,0.0727
2011,Jan,24,24-Jan-2011,25-Jan-11,0.0723
2011,Jan,25,25-Jan-2011,26-Jan-11,0.0719
2011,Jan,26,26-Jan-2011,27-Jan-11,0.0716
2011,Jan,27,27-Jan-2011,28-Jan-11,0.0718
2011,Jan,28,28-Jan-2011,31-Jan-11,0.0741
2011,Jan,31,31-Jan-2011,1-Feb-11,0.0757
2011,Feb,01,01-Feb-2011,2-Feb-11,0.0769
2011,Feb,02,02-Feb-2011,7-Feb-11,0.0846
2011,Feb,07,07-Feb-2011,8-Feb-11,0.0843
2011,Feb,08,08-Feb-2011,9-Feb-11,0.0838
2011,Feb,09,09-Feb-2011,10-Feb-11,0.0832
2011,Feb,10,10-Feb-2011,11-Feb-11,0.0824
2011,Feb,11,11-Feb-2011,14-Feb-11,0.0811
2011,Feb,14,14-Feb-2011,15-Feb-11,0.0806
2011,Feb,15,15-Feb-2011,16-Feb-11,0.0802
2011,Feb,16,16-Feb-2011,17-Feb-11,0.08
2011,Feb,17,17-Feb-2011,18-Feb-11,0.0797
2011,Feb,18,18-Feb-2011,21-Feb-11,0.0794
2011,Feb,21,21-Feb-2011,22-Feb-11,0.0794
2011,Feb,22,22-Feb-2011,23-Feb-11,0.0793
2011,Feb,23,23-Feb-2011,24-Feb-11,0.0787
2011,Feb,24,24-Feb-2011,25-Feb-11,0.0784
2011,Feb,25,25-Feb-2011,28-Feb-11,0.0764
2011,Feb,28,28-Feb-2011,1-Mar-11,0.0732
2011,Mar,01,01-Mar-2011,2-Mar-11,0.0732
2011,Mar,02,02-Mar-2011,3-Mar-11,0.0727
2011,Mar,03,03-Mar-2011,4-Mar-11,0.0723
2011,Mar,04,04-Mar-2011,7-Mar-11,0.0709
2011,Mar,07,07-Mar-2011,8-Mar-11,0.0705
2011,Mar,08,08-Mar-2011,9-Mar-11,0.07
2011,Mar,09,09-Mar-2011,10-Mar-11,0.0694
2011,Mar,10,10-Mar-2011,11-Mar-11,0.0685
2011,Mar,11,11-Mar-2011,14-Mar-11,0.0661
2011,Mar,14,14-Mar-2011,15-Mar-11,0.0655
2011,Mar,15,15-Mar-2011,16-Mar-11,0.0651
2011,Mar,16,16-Mar-2011,17-Mar-11,0.0645
2011,Mar,17,17-Mar-2011,18-Mar-11,0.0642
2011,Mar,18,18-Mar-2011,21-Mar-11,0.0634
2011,Mar,21,21-Mar-2011,22-Mar-11,0.063
2011,Mar,22,22-Mar-2011,23-Mar-11,0.0627
2011,Mar,23,23-Mar-2011,24-Mar-11,0.0624
2011,Mar,24,24-Mar-2011,25-Mar-11,0.0619
2011,Mar,25,25-Mar-2011,28-Mar-11,0.0605
2011,Mar,28,28-Mar-2011,29-Mar-11,0.0601
2011,Mar,29,29-Mar-2011,30-Mar-11,0.0602
2011,Mar,30,30-Mar-2011,31-Mar-11,0.0604
2011,Mar,31,31-Mar-2011,1-Apr-11,0.0609
2011,Apr,01,01-Apr-2011,4-Apr-11,0.0613
2011,Apr,04,04-Apr-2011,5-Apr-11,0.0614
2011,Apr,05,05-Apr-2011,6-Apr-11,0.061
2011,Apr,06,06-Apr-2011,7-Apr-11,0.0604
2011,Apr,07,07-Apr-2011,8-Apr-11,0.0599
2011,Apr,08,08-Apr-2011,11-Apr-11,0.0582
2011,Apr,11,11-Apr-2011,12-Apr-11,0.0579
2011,Apr,12,12-Apr-2011,13-Apr-11,0.0578
2011,Apr,13,13-Apr-2011,14-Apr-11,0.0576
2011,Apr,14,14-Apr-2011,15-Apr-11,0.0573
2011,Apr,15,15-Apr-2011,18-Apr-11,0.0569
2011,Apr,18,18-Apr-2011,19-Apr-11,0.0568
2011,Apr,19,19-Apr-2011,20-Apr-11,0.0574
2011,Apr,20,20-Apr-2011,21-Apr-11,0.0582
2011,Apr,21,21-Apr-2011,25-Apr-11,0.0599
2011,Apr,25,25-Apr-2011,26-Apr-11,0.0604
2011,Apr,26,26-Apr-2011,27-Apr-11,0.0613
2011,Apr,27,27-Apr-2011,28-Apr-11,0.0623
2011,Apr,28,28-Apr-2011,29-Apr-11,0.0622
2011,Apr,29,29-Apr-2011,3-May-11,0.0583
2011,May,03,03-May-2011,4-May-11,0.0568
2011,May,04,04-May-2011,5-May-11,0.0549
2011,May,05,05-May-2011,6-May-11,0.0527
2011,May,06,06-May-2011,9-May-11,0.05
2011,May,09,09-May-2011,10-May-11,0.0503
2011,May,10,10-May-2011,11-May-11,0.0512
2011,May,11,11-May-2011,12-May-11,0.0521
2011,May,12,12-May-2011,13-May-11,0.0523
2011,May,13,13-May-2011,16-May-11,0.054
2011,May,16,16-May-2011,18-May-11,0.054
2011,May,18,18-May-2011,19-May-11,0.0539
2011,May,19,19-May-2011,20-May-11,0.0537
2011,May,20,20-May-2011,23-May-11,0.053
2011,May,23,23-May-2011,24-May-11,0.053
2011,May,24,24-May-2011,25-May-11,0.053
2011,May,25,25-May-2011,26-May-11,0.0534
2011,May,26,26-May-2011,27-May-11,0.0539
2011,May,27,27-May-2011,30-May-11,0.0549
2011,May,30,30-May-2011,31-May-11,0.0552
2011,May,31,31-May-2011,1-Jun-11,0.0554
2011,Jun,01,01-Jun-2011,2-Jun-11,0.0555
2011,Jun,02,02-Jun-2011,3-Jun-11,0.0559
2011,Jun,03,03-Jun-2011,6-Jun-11,0.0572
2011,Jun,06,06-Jun-2011,7-Jun-11,0.0576
2011,Jun,07,07-Jun-2011,8-Jun-11,0.0576
2011,Jun,08,08-Jun-2011,9-Jun-11,0.0578
2011,Jun,09,09-Jun-2011,10-Jun-11,0.0579
2011,Jun,10,10-Jun-2011,13-Jun-11,0.058
2011,Jun,13,13-Jun-2011,14-Jun-11,0.058
2011,Jun,14,14-Jun-2011,15-Jun-11,0.0583
2011,Jun,15,15-Jun-2011,16-Jun-11,0.0585
2011,Jun,16,16-Jun-2011,17-Jun-11,0.059
2011,Jun,17,17-Jun-2011,20-Jun-11,0.0607
2011,Jun,20,20-Jun-2011,21-Jun-11,0.0613
2011,Jun,21,21-Jun-2011,22-Jun-11,0.0617
2011,Jun,22,22-Jun-2011,23-Jun-11,0.0619
2011,Jun,23,23-Jun-2011,24-Jun-11,0.0621
2011,Jun,24,24-Jun-2011,27-Jun-11,0.0627
2011,Jun,27,27-Jun-2011,28-Jun-11,0.0629
2011,Jun,28,28-Jun-2011,29-Jun-11,0.0633
2011,Jun,29,29-Jun-2011,30-Jun-11,0.0632
2011,Jun,30,30-Jun-2011,1-Jul-11,0.0619
2011,Jul,01,01-Jul-2011,4-Jul-11,0.0587
2011,Jul,04,04-Jul-2011,5-Jul-11,0.058
2011,Jul,05,05-Jul-2011,6-Jul-11,0.0579
2011,Jul,06,06-Jul-2011,7-Jul-11,0.0583
2011,Jul,07,07-Jul-2011,8-Jul-11,0.0586
2011,Jul,08,08-Jul-2011,11-Jul-11,0.0591
2011,Jul,11,11-Jul-2011,12-Jul-11,0.0593
2011,Jul,12,12-Jul-2011,13-Jul-11,0.0594
2011,Jul,13,13-Jul-2011,14-Jul-11,0.0596
2011,Jul,14,14-Jul-2011,15-Jul-11,0.06
2011,Jul,15,15-Jul-2011,18-Jul-11,0.0611
2011,Jul,18,18-Jul-2011,19-Jul-11,0.0614
2011,Jul,19,19-Jul-2011,20-Jul-11,0.0611
2011,Jul,20,20-Jul-2011,21-Jul-11,0.0602
2011,Jul,21,21-Jul-2011,22-Jul-11,0.0598
2011,Jul,22,22-Jul-2011,25-Jul-11,0.0584
2011,Jul,25,25-Jul-2011,26-Jul-11,0.0579
2011,Jul,26,26-Jul-2011,27-Jul-11,0.0567
2011,Jul,27,27-Jul-2011,28-Jul-11,0.0549
2011,Jul,28,28-Jul-2011,29-Jul-11,0.0537
2011,Jul,29,29-Jul-2011,1-Aug-11,0.0511
2011,Aug,01,01-Aug-2011,2-Aug-11,0.0501
2011,Aug,02,02-Aug-2011,3-Aug-11,0.0491
2011,Aug,03,03-Aug-2011,4-Aug-11,0.049
2011,Aug,04,04-Aug-2011,5-Aug-11,0.0489
2011,Aug,05,05-Aug-2011,8-Aug-11,0.0492
2011,Aug,08,08-Aug-2011,10-Aug-11,0.0496
2011,Aug,10,10-Aug-2011,11-Aug-11,0.0488
2011,Aug,11,11-Aug-2011,12-Aug-11,0.0477
2011,Aug,12,12-Aug-2011,15-Aug-11,0.0459
2011,Aug,15,15-Aug-2011,16-Aug-11,0.0453
2011,Aug,16,16-Aug-2011,17-Aug-11,0.0452
2011,Aug,17,17-Aug-2011,18-Aug-11,0.0457
2011,Aug,18,18-Aug-2011,19-Aug-11,0.0463
2011,Aug,19,19-Aug-2011,22-Aug-11,0.0475
2011,Aug,22,22-Aug-2011,23-Aug-11,0.0484
2011,Aug,23,23-Aug-2011,24-Aug-11,0.0491
2011,Aug,24,24-Aug-2011,25-Aug-11,0.0495
2011,Aug,25,25-Aug-2011,26-Aug-11,0.0486
2011,Aug,26,26-Aug-2011,29-Aug-11,0.0466
2011,Aug,29,29-Aug-2011,31-Aug-11,0.0453
2011,Aug,31,31-Aug-2011,1-Sep-11,0.0449
2011,Sep,01,01-Sep-2011,2-Sep-11,0.0445
2011,Sep,02,02-Sep-2011,5-Sep-11,0.0438
2011,Sep,05,05-Sep-2011,6-Sep-11,0.0435
2011,Sep,06,06-Sep-2011,7-Sep-11,0.0432
2011,Sep,07,07-Sep-2011,8-Sep-11,0.0434
2011,Sep,08,08-Sep-2011,9-Sep-11,0.0435
2011,Sep,09,09-Sep-2011,12-Sep-11,0.0446
2011,Sep,12,12-Sep-2011,13-Sep-11,0.0451
2011,Sep,13,13-Sep-2011,14-Sep-11,0.0454
2011,Sep,14,14-Sep-2011,15-Sep-11,0.0457
2011,Sep,15,15-Sep-2011,16-Sep-11,0.0461
2011,Sep,16,16-Sep-2011,19-Sep-11,0.0461
2011,Sep,19,19-Sep-2011,20-Sep-11,0.0458
2011,Sep,20,20-Sep-2011,21-Sep-11,0.0457
2011,Sep,21,21-Sep-2011,22-Sep-11,0.0458
2011,Sep,22,22-Sep-2011,23-Sep-11,0.046
2011,Sep,23,23-Sep-2011,26-Sep-11,0.0475
2011,Sep,26,26-Sep-2011,27-Sep-11,0.0479
2011,Sep,27,27-Sep-2011,28-Sep-11,0.0482
2011,Sep,28,28-Sep-2011,29-Sep-11,0.0476
2011,Sep,29,29-Sep-2011,30-Sep-11,0.0474
2011,Sep,30,30-Sep-2011,3-Oct-11,0.0472
2011,Oct,03,03-Oct-2011,4-Oct-11,0.0476
2011,Oct,04,04-Oct-2011,5-Oct-11,0.0478
2011,Oct,05,05-Oct-2011,6-Oct-11,0.048
2011,Oct,06,06-Oct-2011,7-Oct-11,0.0476
2011,Oct,07,07-Oct-2011,10-Oct-11,0.0471
2011,Oct,10,10-Oct-2011,11-Oct-11,0.0469
2011,Oct,11,11-Oct-2011,12-Oct-11,0.0468
2011,Oct,12,12-Oct-2011,13-Oct-11,0.0469
2011,Oct,13,13-Oct-2011,14-Oct-11,0.0468
2011,Oct,14,14-Oct-2011,17-Oct-11,0.0465
2011,Oct,17,17-Oct-2011,18-Oct-11,0.0469
2011,Oct,18,18-Oct-2011,19-Oct-11,0.047
2011,Oct,19,19-Oct-2011,20-Oct-11,0.0473
2011,Oct,20,20-Oct-2011,21-Oct-11,0.0477
2011,Oct,21,21-Oct-2011,24-Oct-11,0.0482
2011,Oct,24,24-Oct-2011,25-Oct-11,0.0483
2011,Oct,25,25-Oct-2011,27-Oct-11,0.0491
2011,Oct,27,27-Oct-2011,28-Oct-11,0.0494
2011,Oct,28,28-Oct-2011,31-Oct-11,0.0504
2011,Oct,31,31-Oct-2011,1-Nov-11,0.0511
2011,Nov,01,01-Nov-2011,2-Nov-11,0.0517
2011,Nov,02,02-Nov-2011,3-Nov-11,0.0525
2011,Nov,03,03-Nov-2011,4-Nov-11,0.0522
2011,Nov,04,04-Nov-2011,8-Nov-11,0.0514
2011,Nov,08,08-Nov-2011,9-Nov-11,0.0511
2011,Nov,09,09-Nov-2011,10-Nov-11,0.0507
2011,Nov,10,10-Nov-2011,11-Nov-11,0.0509
2011,Nov,11,11-Nov-2011,14-Nov-11,0.0517
2011,Nov,14,14-Nov-2011,15-Nov-11,0.0517
2011,Nov,15,15-Nov-2011,16-Nov-11,0.0518
2011,Nov,16,16-Nov-2011,17-Nov-11,0.0517
2011,Nov,17,17-Nov-2011,18-Nov-11,0.0515
2011,Nov,18,18-Nov-2011,21-Nov-11,0.0523
2011,Nov,21,21-Nov-2011,22-Nov-11,0.0536
2011,Nov,22,22-Nov-2011,23-Nov-11,0.0548
2011,Nov,23,23-Nov-2011,24-Nov-11,0.0546
2011,Nov,24,24-Nov-2011,25-Nov-11,0.0542
2011,Nov,25,25-Nov-2011,28-Nov-11,0.0548
2011,Nov,28,28-Nov-2011,29-Nov-11,0.0548
2011,Nov,29,29-Nov-2011,30-Nov-11,0.0553
2011,Nov,30,30-Nov-2011,1-Dec-11,0.0555
2011,Dec,01,01-Dec-2011,2-Dec-11,0.0554
2011,Dec,02,02-Dec-2011,5-Dec-11,0.0548
2011,Dec,05,05-Dec-2011,6-Dec-11,0.0547
2011,Dec,06,06-Dec-2011,7-Dec-11,0.0547
2011,Dec,07,07-Dec-2011,8-Dec-11,0.0548
2011,Dec,08,08-Dec-2011,9-Dec-11,0.0547
2011,Dec,09,09-Dec-2011,12-Dec-11,0.0555
2011,Dec,12,12-Dec-2011,13-Dec-11,0.0554
2011,Dec,13,13-Dec-2011,14-Dec-11,0.0555
2011,Dec,14,14-Dec-2011,15-Dec-11,0.0562
2011,Dec,15,15-Dec-2011,16-Dec-11,0.0562
2011,Dec,16,16-Dec-2011,19-Dec-11,0.0554
2011,Dec,19,19-Dec-2011,20-Dec-11,0.0553
2011,Dec,20,20-Dec-2011,21-Dec-11,0.0549
2011,Dec,21,21-Dec-2011,22-Dec-11,0.0547
2011,Dec,22,22-Dec-2011,23-Dec-11,0.0545
2011,Dec,23,23-Dec-2011,27-Dec-11,0.0524
2011,Dec,27,27-Dec-2011,28-Dec-11,0.0522
2011,Dec,28,28-Dec-2011,29-Dec-11,0.0522
2011,Dec,29,29-Dec-2011,30-Dec-11,0.0525
2011,Dec,30,30-Dec-2011,3-Jan-12,0.0548
2012,Jan,03,03-Jan-2012,4-Jan-12,0.0543
2012,Jan,04,04-Jan-2012,5-Jan-12,0.0542
2012,Jan,05,05-Jan-2012,6-Jan-12,0.0544
2012,Jan,06,06-Jan-2012,9-Jan-12,0.0567
2012,Jan,09,09-Jan-2012,10-Jan-12,0.0569
2012,Jan,10,10-Jan-2012,11-Jan-12,0.0571
2012,Jan,11,11-Jan-2012,12-Jan-12,0.0571
2012,Jan,12,12-Jan-2012,13-Jan-12,0.057
2012,Jan,13,13-Jan-2012,16-Jan-12,0.0568
2012,Jan,16,16-Jan-2012,17-Jan-12,0.0566
2012,Jan,17,17-Jan-2012,18-Jan-12,0.056
2012,Jan,18,18-Jan-2012,19-Jan-12,0.0558
2012,Jan,19,19-Jan-2012,20-Jan-12,0.0556
2012,Jan,20,20-Jan-2012,25-Jan-12,0.0587
2012,Jan,25,25-Jan-2012,26-Jan-12,0.0594
2012,Jan,26,26-Jan-2012,27-Jan-12,0.06
2012,Jan,27,27-Jan-2012,30-Jan-12,0.0605
2012,Jan,30,30-Jan-2012,31-Jan-12,0.061
2012,Jan,31,31-Jan-2012,1-Feb-12,0.0611
2012,Feb,01,01-Feb-2012,2-Feb-12,0.0611
2012,Feb,02,02-Feb-2012,3-Feb-12,0.0609
2012,Feb,03,03-Feb-2012,6-Feb-12,0.0608
2012,Feb,06,06-Feb-2012,7-Feb-12,0.0609
2012,Feb,07,07-Feb-2012,8-Feb-12,0.061
2012,Feb,08,08-Feb-2012,9-Feb-12,0.0611
2012,Feb,09,09-Feb-2012,10-Feb-12,0.0611
2012,Feb,10,10-Feb-2012,13-Feb-12,0.061
2012,Feb,13,13-Feb-2012,14-Feb-12,0.0609
2012,Feb,14,14-Feb-2012,15-Feb-12,0.0611
2012,Feb,15,15-Feb-2012,16-Feb-12,0.0613
2012,Feb,16,16-Feb-2012,17-Feb-12,0.0614
2012,Feb,17,17-Feb-2012,20-Feb-12,0.0592
2012,Feb,20,20-Feb-2012,21-Feb-12,0.0583
2012,Feb,21,21-Feb-2012,22-Feb-12,0.0566
2012,Feb,22,22-Feb-2012,23-Feb-12,0.0544
2012,Feb,23,23-Feb-2012,24-Feb-12,0.0537
2012,Feb,24,24-Feb-2012,27-Feb-12,0.0528
2012,Feb,27,27-Feb-2012,28-Feb-12,0.0524
2012,Feb,28,28-Feb-2012,29-Feb-12,0.0523
2012,Feb,29,29-Feb-2012,1-Mar-12,0.0522
2012,Mar,01,01-Mar-2012,2-Mar-12,0.0525
2012,Mar,02,02-Mar-2012,5-Mar-12,0.0537
2012,Mar,05,05-Mar-2012,6-Mar-12,0.054
2012,Mar,06,06-Mar-2012,7-Mar-12,0.054
2012,Mar,07,07-Mar-2012,8-Mar-12,0.0539
2012,Mar,08,08-Mar-2012,9-Mar-12,0.0538
2012,Mar,09,09-Mar-2012,12-Mar-12,0.0522
2012,Mar,12,12-Mar-2012,13-Mar-12,0.0519
2012,Mar,13,13-Mar-2012,14-Mar-12,0.0516
2012,Mar,14,14-Mar-2012,15-Mar-12,0.0506
2012,Mar,15,15-Mar-2012,16-Mar-12,0.0503
2012,Mar,16,16-Mar-2012,19-Mar-12,0.0512
2012,Mar,19,19-Mar-2012,20-Mar-12,0.0519
2012,Mar,20,20-Mar-2012,21-Mar-12,0.0521
2012,Mar,21,21-Mar-2012,22-Mar-12,0.0522
2012,Mar,22,22-Mar-2012,23-Mar-12,0.0521
2012,Mar,23,23-Mar-2012,26-Mar-12,0.0517
2012,Mar,26,26-Mar-2012,27-Mar-12,0.0516
2012,Mar,27,27-Mar-2012,28-Mar-12,0.0513
2012,Mar,28,28-Mar-2012,29-Mar-12,0.0516
2012,Mar,29,29-Mar-2012,30-Mar-12,0.0516
2012,Mar,30,30-Mar-2012,2-Apr-12,0.0494
2012,Apr,02,02-Apr-2012,3-Apr-12,0.0488
2012,Apr,03,03-Apr-2012,4-Apr-12,0.0487
2012,Apr,04,04-Apr-2012,5-Apr-12,0.0486
2012,Apr,05,05-Apr-2012,9-Apr-12,0.0457
2012,Apr,09,09-Apr-2012,10-Apr-12,0.0455
2012,Apr,10,10-Apr-2012,11-Apr-12,0.0453
2012,Apr,11,11-Apr-2012,12-Apr-12,0.0452
2012,Apr,12,12-Apr-2012,13-Apr-12,0.0452
2012,Apr,13,13-Apr-2012,16-Apr-12,0.0452
2012,Apr,16,16-Apr-2012,17-Apr-12,0.0451
2012,Apr,17,17-Apr-2012,18-Apr-12,0.0449
2012,Apr,18,18-Apr-2012,19-Apr-12,0.0449
2012,Apr,19,19-Apr-2012,20-Apr-12,0.0445
2012,Apr,20,20-Apr-2012,23-Apr-12,0.0412
2012,Apr,23,23-Apr-2012,24-Apr-12,0.0402
2012,Apr,24,24-Apr-2012,25-Apr-12,0.0392
2012,Apr,25,25-Apr-2012,26-Apr-12,0.0384
2012,Apr,26,26-Apr-2012,27-Apr-12,0.0376
2012,Apr,27,27-Apr-2012,30-Apr-12,0.0371
2012,Apr,30,30-Apr-2012,2-May-12,0.0362
2012,May,02,02-May-2012,3-May-12,0.0362
2012,May,03,03-May-2012,4-May-12,0.0369
2012,May,04,04-May-2012,7-May-12,0.0415
2012,May,07,07-May-2012,8-May-12,0.0424
2012,May,08,08-May-2012,9-May-12,0.0426
2012,May,09,09-May-2012,10-May-12,0.0426
2012,May,10,10-May-2012,11-May-12,0.0425
2012,May,11,11-May-2012,14-May-12,0.0429
2012,May,14,14-May-2012,15-May-12,0.0431
2012,May,15,15-May-2012,16-May-12,0.0433
2012,May,16,16-May-2012,17-May-12,0.0433
2012,May,17,17-May-2012,18-May-12,0.0434
2012,May,18,18-May-2012,21-May-12,0.0442
2012,May,21,21-May-2012,22-May-12,0.0442
2012,May,22,22-May-2012,23-May-12,0.0443
2012,May,23,23-May-2012,24-May-12,0.0444
2012,May,24,24-May-2012,25-May-12,0.0446
2012,May,25,25-May-2012,28-May-12,0.0454
2012,May,28,28-May-2012,29-May-12,0.0454
2012,May,29,29-May-2012,30-May-12,0.0454
2012,May,30,30-May-2012,31-May-12,0.0454
2012,May,31,31-May-2012,1-Jun-12,0.0454
2012,Jun,01,01-Jun-2012,4-Jun-12,0.0446
2012,Jun,04,04-Jun-2012,5-Jun-12,0.0442
2012,Jun,05,05-Jun-2012,6-Jun-12,0.0442
2012,Jun,06,06-Jun-2012,7-Jun-12,0.0446
2012,Jun,07,07-Jun-2012,8-Jun-12,0.0448
2012,Jun,08,08-Jun-2012,11-Jun-12,0.0459
2012,Jun,11,11-Jun-2012,12-Jun-12,0.046
2012,Jun,12,12-Jun-2012,13-Jun-12,0.0462
2012,Jun,13,13-Jun-2012,14-Jun-12,0.0465
2012,Jun,14,14-Jun-2012,15-Jun-12,0.0467
2012,Jun,15,15-Jun-2012,18-Jun-12,0.0467
2012,Jun,18,18-Jun-2012,19-Jun-12,0.0464
2012,Jun,19,19-Jun-2012,20-Jun-12,0.0462
2012,Jun,20,20-Jun-2012,21-Jun-12,0.0467
2012,Jun,21,21-Jun-2012,22-Jun-12,0.0468
2012,Jun,22,22-Jun-2012,25-Jun-12,0.0479
2012,Jun,25,25-Jun-2012,26-Jun-12,0.0481
2012,Jun,26,26-Jun-2012,27-Jun-12,0.0481
2012,Jun,27,27-Jun-2012,28-Jun-12,0.0482
2012,Jun,28,28-Jun-2012,29-Jun-12,0.0479
2012,Jun,29,29-Jun-2012,2-Jul-12,0.0484
2012,Jul,02,02-Jul-2012,3-Jul-12,0.0483
2012,Jul,03,03-Jul-2012,4-Jul-12,0.0483
2012,Jul,04,04-Jul-2012,5-Jul-12,0.0483
2012,Jul,05,05-Jul-2012,6-Jul-12,0.0482
2012,Jul,06,06-Jul-2012,9-Jul-12,0.0492
2012,Jul,09,09-Jul-2012,10-Jul-12,0.0491
2012,Jul,10,10-Jul-2012,11-Jul-12,0.0492
2012,Jul,11,11-Jul-2012,12-Jul-12,0.0494
2012,Jul,12,12-Jul-2012,13-Jul-12,0.0494
2012,Jul,13,13-Jul-2012,16-Jul-12,0.0496
2012,Jul,16,16-Jul-2012,17-Jul-12,0.0497
2012,Jul,17,17-Jul-2012,18-Jul-12,0.0499
2012,Jul,18,18-Jul-2012,19-Jul-12,0.0499
2012,Jul,19,19-Jul-2012,20-Jul-12,0.0503
2012,Jul,20,20-Jul-2012,23-Jul-12,0.0516
2012,Jul,23,23-Jul-2012,24-Jul-12,0.0518
2012,Jul,24,24-Jul-2012,25-Jul-12,0.0527
2012,Jul,25,25-Jul-2012,26-Jul-12,0.0531
2012,Jul,26,26-Jul-2012,27-Jul-12,0.0535
2012,Jul,27,27-Jul-2012,30-Jul-12,0.056
2012,Jul,30,30-Jul-2012,31-Jul-12,0.057
2012,Jul,31,31-Jul-2012,1-Aug-12,0.0577
2012,Aug,01,01-Aug-2012,2-Aug-12,0.0578
2012,Aug,02,02-Aug-2012,3-Aug-12,0.0573
2012,Aug,03,03-Aug-2012,6-Aug-12,0.0541
2012,Aug,06,06-Aug-2012,7-Aug-12,0.0529
2012,Aug,07,07-Aug-2012,8-Aug-12,0.0523
2012,Aug,08,08-Aug-2012,10-Aug-12,0.0533
2012,Aug,10,10-Aug-2012,13-Aug-12,0.0542
2012,Aug,13,13-Aug-2012,14-Aug-12,0.0546
2012,Aug,14,14-Aug-2012,15-Aug-12,0.0548
2012,Aug,15,15-Aug-2012,16-Aug-12,0.0558
2012,Aug,16,16-Aug-2012,17-Aug-12,0.0565
2012,Aug,17,17-Aug-2012,21-Aug-12,0.0574
2012,Aug,21,21-Aug-2012,22-Aug-12,0.058
2012,Aug,22,22-Aug-2012,23-Aug-12,0.0583
2012,Aug,23,23-Aug-2012,24-Aug-12,0.059
2012,Aug,24,24-Aug-2012,27-Aug-12,0.0606
2012,Aug,27,27-Aug-2012,28-Aug-12,0.0608
2012,Aug,28,28-Aug-2012,29-Aug-12,0.0608
2012,Aug,29,29-Aug-2012,30-Aug-12,0.0608
2012,Aug,30,30-Aug-2012,31-Aug-12,0.0609
2012,Aug,31,31-Aug-2012,3-Sep-12,0.0625
2012,Sep,03,03-Sep-2012,4-Sep-12,0.0628
2012,Sep,04,04-Sep-2012,5-Sep-12,0.0632
2012,Sep,05,05-Sep-2012,6-Sep-12,0.0632
2012,Sep,06,06-Sep-2012,7-Sep-12,0.0629
2012,Sep,07,07-Sep-2012,10-Sep-12,0.0627
2012,Sep,10,10-Sep-2012,11-Sep-12,0.0628
2012,Sep,11,11-Sep-2012,12-Sep-12,0.063
2012,Sep,12,12-Sep-2012,13-Sep-12,0.0633
2012,Sep,13,13-Sep-2012,14-Sep-12,0.063
2012,Sep,14,14-Sep-2012,17-Sep-12,0.063
2012,Sep,17,17-Sep-2012,18-Sep-12,0.063
2012,Sep,18,18-Sep-2012,19-Sep-12,0.0631
2012,Sep,19,19-Sep-2012,20-Sep-12,0.0628
2012,Sep,20,20-Sep-2012,21-Sep-12,0.0624
2012,Sep,21,21-Sep-2012,24-Sep-12,0.0625
2012,Sep,24,24-Sep-2012,25-Sep-12,0.0631
2012,Sep,25,25-Sep-2012,26-Sep-12,0.0646
2012,Sep,26,26-Sep-2012,27-Sep-12,0.0662
2012,Sep,27,27-Sep-2012,28-Sep-12,0.0687
2012,Sep,28,28-Sep-2012,1-Oct-12,0.0769
2012,Oct,01,01-Oct-2012,2-Oct-12,0.0787
2012,Oct,02,02-Oct-2012,3-Oct-12,0.0793
2012,Oct,03,03-Oct-2012,4-Oct-12,0.0793
2012,Oct,04,04-Oct-2012,5-Oct-12,0.0793
2012,Oct,05,05-Oct-2012,8-Oct-12,0.0785
2012,Oct,08,08-Oct-2012,9-Oct-12,0.0783
2012,Oct,09,09-Oct-2012,10-Oct-12,0.0784
2012,Oct,10,10-Oct-2012,11-Oct-12,0.0784
2012,Oct,11,11-Oct-2012,12-Oct-12,0.0783
2012,Oct,12,12-Oct-2012,15-Oct-12,0.0782
2012,Oct,15,15-Oct-2012,16-Oct-12,0.0781
2012,Oct,16,16-Oct-2012,17-Oct-12,0.0783
2012,Oct,17,17-Oct-2012,18-Oct-12,0.0786
2012,Oct,18,18-Oct-2012,19-Oct-12,0.0788
2012,Oct,19,19-Oct-2012,22-Oct-12,0.0779
2012,Oct,22,22-Oct-2012,23-Oct-12,0.0779
2012,Oct,23,23-Oct-2012,24-Oct-12,0.0783
2012,Oct,24,24-Oct-2012,25-Oct-12,0.0787
2012,Oct,25,25-Oct-2012,29-Oct-12,0.0817
2012,Oct,29,29-Oct-2012,30-Oct-12,0.0813
2012,Oct,30,30-Oct-2012,31-Oct-12,0.0803
2012,Oct,31,31-Oct-2012,1-Nov-12,0.0794
2012,Nov,01,01-Nov-2012,2-Nov-12,0.0787
2012,Nov,02,02-Nov-2012,5-Nov-12,0.0794
2012,Nov,05,05-Nov-2012,6-Nov-12,0.0794
2012,Nov,06,06-Nov-2012,7-Nov-12,0.0791
2012,Nov,07,07-Nov-2012,8-Nov-12,0.0788
2012,Nov,08,08-Nov-2012,9-Nov-12,0.0781
2012,Nov,09,09-Nov-2012,12-Nov-12,0.0771
2012,Nov,12,12-Nov-2012,14-Nov-12,0.0762
2012,Nov,14,14-Nov-2012,15-Nov-12,0.0763
2012,Nov,15,15-Nov-2012,16-Nov-12,0.0766
2012,Nov,16,16-Nov-2012,19-Nov-12,0.0784
2012,Nov,19,19-Nov-2012,20-Nov-12,0.0782
2012,Nov,20,20-Nov-2012,21-Nov-12,0.0779
2012,Nov,21,21-Nov-2012,22-Nov-12,0.0773
2012,Nov,22,22-Nov-2012,23-Nov-12,0.077
2012,Nov,23,23-Nov-2012,26-Nov-12,0.0749
2012,Nov,26,26-Nov-2012,27-Nov-12,0.0744
2012,Nov,27,27-Nov-2012,28-Nov-12,0.0743
2012,Nov,28,28-Nov-2012,29-Nov-12,0.0744
2012,Nov,29,29-Nov-2012,30-Nov-12,0.0746
2012,Nov,30,30-Nov-2012,3-Dec-12,0.0751
2012,Dec,03,03-Dec-2012,4-Dec-12,0.0756
2012,Dec,04,04-Dec-2012,5-Dec-12,0.0762
2012,Dec,05,05-Dec-2012,6-Dec-12,0.0761
2012,Dec,06,06-Dec-2012,7-Dec-12,0.076
2012,Dec,07,07-Dec-2012,10-Dec-12,0.075
2012,Dec,10,10-Dec-2012,11-Dec-12,0.0745
2012,Dec,11,11-Dec-2012,12-Dec-12,0.074
2012,Dec,12,12-Dec-2012,13-Dec-12,0.0735
2012,Dec,13,13-Dec-2012,14-Dec-12,0.0734
2012,Dec,14,14-Dec-2012,17-Dec-12,0.073
2012,Dec,17,17-Dec-2012,18-Dec-12,0.0736
2012,Dec,18,18-Dec-2012,19-Dec-12,0.0739
2012,Dec,19,19-Dec-2012,20-Dec-12,0.0739
2012,Dec,20,20-Dec-2012,21-Dec-12,0.0735
2012,Dec,21,21-Dec-2012,24-Dec-12,0.0727
2012,Dec,24,24-Dec-2012,26-Dec-12,0.0708
2012,Dec,26,26-Dec-2012,27-Dec-12,0.07
2012,Dec,27,27-Dec-2012,28-Dec-12,0.0682
2012,Dec,28,28-Dec-2012,31-Dec-12,0.0631
2012,Dec,31,31-Dec-2012,2-Jan-13,0.0583
2013,Jan,02,02-Jan-2013,3-Jan-13,0.0576
2013,Jan,03,03-Jan-2013,4-Jan-13,0.0576
2013,Jan,04,04-Jan-2013,7-Jan-13,0.0577
2013,Jan,07,07-Jan-2013,8-Jan-13,0.0579
2013,Jan,08,08-Jan-2013,9-Jan-13,0.0579
2013,Jan,09,09-Jan-2013,10-Jan-13,0.0578
2013,Jan,10,10-Jan-2013,11-Jan-13,0.0577
2013,Jan,11,11-Jan-2013,14-Jan-13,0.0575
2013,Jan,14,14-Jan-2013,15-Jan-13,0.0575
2013,Jan,15,15-Jan-2013,16-Jan-13,0.0575
2013,Jan,16,16-Jan-2013,17-Jan-13,0.0572
2013,Jan,17,17-Jan-2013,18-Jan-13,0.0568
2013,Jan,18,18-Jan-2013,21-Jan-13,0.0572
2013,Jan,21,21-Jan-2013,22-Jan-13,0.0575
2013,Jan,22,22-Jan-2013,23-Jan-13,0.0574
2013,Jan,23,23-Jan-2013,24-Jan-13,0.0576
2013,Jan,24,24-Jan-2013,25-Jan-13,0.0568
2013,Jan,25,25-Jan-2013,28-Jan-13,0.0523
2013,Jan,28,28-Jan-2013,29-Jan-13,0.0509
2013,Jan,29,29-Jan-2013,30-Jan-13,0.0505
2013,Jan,30,30-Jan-2013,31-Jan-13,0.0505
2013,Jan,31,31-Jan-2013,1-Feb-13,0.0505
2013,Feb,01,01-Feb-2013,4-Feb-13,0.0508
2013,Feb,04,04-Feb-2013,5-Feb-13,0.0509
2013,Feb,05,05-Feb-2013,6-Feb-13,0.0507
2013,Feb,06,06-Feb-2013,7-Feb-13,0.0507
2013,Feb,07,07-Feb-2013,8-Feb-13,0.0507
2013,Feb,08,08-Feb-2013,13-Feb-13,0.0529
2013,Feb,13,13-Feb-2013,14-Feb-13,0.0534
2013,Feb,14,14-Feb-2013,15-Feb-13,0.0534
2013,Feb,15,15-Feb-2013,18-Feb-13,0.0518
2013,Feb,18,18-Feb-2013,19-Feb-13,0.0509
2013,Feb,19,19-Feb-2013,20-Feb-13,0.0508
2013,Feb,20,20-Feb-2013,21-Feb-13,0.0506
2013,Feb,21,21-Feb-2013,22-Feb-13,0.0507
2013,Feb,22,22-Feb-2013,25-Feb-13,0.0511
2013,Feb,25,25-Feb-2013,26-Feb-13,0.0511
2013,Feb,26,26-Feb-2013,27-Feb-13,0.0509
2013,Feb,27,27-Feb-2013,28-Feb-13,0.051
2013,Feb,28,28-Feb-2013,1-Mar-13,0.0505
2013,Mar,01,01-Mar-2013,4-Mar-13,0.0494
2013,Mar,04,04-Mar-2013,5-Mar-13,0.0487
2013,Mar,05,05-Mar-2013,6-Mar-13,0.0486
2013,Mar,06,06-Mar-2013,7-Mar-13,0.0488
2013,Mar,07,07-Mar-2013,8-Mar-13,0.0488
2013,Mar,08,08-Mar-2013,11-Mar-13,0.0489
2013,Mar,11,11-Mar-2013,12-Mar-13,0.0491
2013,Mar,12,12-Mar-2013,13-Mar-13,0.0491
2013,Mar,13,13-Mar-2013,14-Mar-13,0.049
2013,Mar,14,14-Mar-2013,15-Mar-13,0.0488
2013,Mar,15,15-Mar-2013,18-Mar-13,0.0479
2013,Mar,18,18-Mar-2013,19-Mar-13,0.0475
2013,Mar,19,19-Mar-2013,20-Mar-13,0.0478
2013,Mar,20,20-Mar-2013,21-Mar-13,0.0487
2013,Mar,21,21-Mar-2013,22-Mar-13,0.049
2013,Mar,22,22-Mar-2013,25-Mar-13,0.0513
2013,Mar,25,25-Mar-2013,26-Mar-13,0.0511
2013,Mar,26,26-Mar-2013,27-Mar-13,0.0503
2013,Mar,27,27-Mar-2013,28-Mar-13,0.0494
2013,Mar,28,28-Mar-2013,1-Apr-13,0.0483
2013,Apr,01,01-Apr-2013,2-Apr-13,0.0481
2013,Apr,02,02-Apr-2013,3-Apr-13,0.0483
2013,Apr,03,03-Apr-2013,4-Apr-13,0.0483
2013,Apr,04,04-Apr-2013,5-Apr-13,0.0483
2013,Apr,05,05-Apr-2013,8-Apr-13,0.0484
2013,Apr,08,08-Apr-2013,9-Apr-13,0.0483
2013,Apr,09,09-Apr-2013,10-Apr-13,0.0485
2013,Apr,10,10-Apr-2013,11-Apr-13,0.0489
2013,Apr,11,11-Apr-2013,12-Apr-13,0.0492
2013,Apr,12,12-Apr-2013,15-Apr-13,0.0497
2013,Apr,15,15-Apr-2013,16-Apr-13,0.0497
2013,Apr,16,16-Apr-2013,17-Apr-13,0.0498
2013,Apr,17,17-Apr-2013,18-Apr-13,0.0502
2013,Apr,18,18-Apr-2013,19-Apr-13,0.0501
2013,Apr,19,19-Apr-2013,22-Apr-13,0.0496
2013,Apr,22,22-Apr-2013,23-Apr-13,0.0492
2013,Apr,23,23-Apr-2013,24-Apr-13,0.0484
2013,Apr,24,24-Apr-2013,25-Apr-13,0.0481
2013,Apr,25,25-Apr-2013,26-Apr-13,0.0481
2013,Apr,26,26-Apr-2013,29-Apr-13,0.0484
2013,Apr,29,29-Apr-2013,30-Apr-13,0.0487
2013,Apr,30,30-Apr-2013,2-May-13,0.0494
2013,May,02,02-May-2013,3-May-13,0.0497
2013,May,03,03-May-2013,6-May-13,0.0509
2013,May,06,06-May-2013,7-May-13,0.0515
2013,May,07,07-May-2013,8-May-13,0.0515
2013,May,08,08-May-2013,9-May-13,0.0511
2013,May,09,09-May-2013,10-May-13,0.0506
2013,May,10,10-May-2013,13-May-13,0.0489
2013,May,13,13-May-2013,14-May-13,0.0483
2013,May,14,14-May-2013,15-May-13,0.0475
2013,May,15,15-May-2013,16-May-13,0.0467
2013,May,16,16-May-2013,17-May-13,0.046
2013,May,17,17-May-2013,20-May-13,0.0459
2013,May,20,20-May-2013,21-May-13,0.0465
2013,May,21,21-May-2013,22-May-13,0.0471
2013,May,22,22-May-2013,23-May-13,0.0478
2013,May,23,23-May-2013,27-May-13,0.0521
2013,May,27,27-May-2013,28-May-13,0.0523
2013,May,28,28-May-2013,29-May-13,0.0523
2013,May,29,29-May-2013,30-May-13,0.0524
2013,May,30,30-May-2013,31-May-13,0.0527
2013,May,31,31-May-2013,3-Jun-13,0.0523
2013,Jun,03,03-Jun-2013,4-Jun-13,0.0519
2013,Jun,04,04-Jun-2013,5-Jun-13,0.0518
2013,Jun,05,05-Jun-2013,6-Jun-13,0.0518
2013,Jun,06,06-Jun-2013,7-Jun-13,0.0515
2013,Jun,07,07-Jun-2013,10-Jun-13,0.0512
2013,Jun,10,10-Jun-2013,11-Jun-13,0.0511
2013,Jun,11,11-Jun-2013,12-Jun-13,0.051
2013,Jun,12,12-Jun-2013,13-Jun-13,0.051
2013,Jun,13,13-Jun-2013,14-Jun-13,0.0511
2013,Jun,14,14-Jun-2013,17-Jun-13,0.051
2013,Jun,17,17-Jun-2013,18-Jun-13,0.0509
2013,Jun,18,18-Jun-2013,19-Jun-13,0.0508
2013,Jun,19,19-Jun-2013,20-Jun-13,0.0504
2013,Jun,20,20-Jun-2013,21-Jun-13,0.0499
2013,Jun,21,21-Jun-2013,24-Jun-13,0.0489
2013,Jun,24,24-Jun-2013,25-Jun-13,0.0483
2013,Jun,25,25-Jun-2013,26-Jun-13,0.0484
2013,Jun,26,26-Jun-2013,27-Jun-13,0.0486
2013,Jun,27,27-Jun-2013,28-Jun-13,0.0489
2013,Jun,28,28-Jun-2013,1-Jul-13,0.0496
2013,Jul,01,01-Jul-2013,2-Jul-13,0.05
2013,Jul,02,02-Jul-2013,3-Jul-13,0.0504
2013,Jul,03,03-Jul-2013,4-Jul-13,0.0509
2013,Jul,04,04-Jul-2013,5-Jul-13,0.0514
2013,Jul,05,05-Jul-2013,8-Jul-13,0.0516
2013,Jul,08,08-Jul-2013,9-Jul-13,0.0516
2013,Jul,09,09-Jul-2013,10-Jul-13,0.0517
2013,Jul,10,10-Jul-2013,11-Jul-13,0.0512
2013,Jul,11,11-Jul-2013,12-Jul-13,0.0511
2013,Jul,12,12-Jul-2013,15-Jul-13,0.0512
2013,Jul,15,15-Jul-2013,16-Jul-13,0.0513
2013,Jul,16,16-Jul-2013,17-Jul-13,0.0514
2013,Jul,17,17-Jul-2013,18-Jul-13,0.051
2013,Jul,18,18-Jul-2013,19-Jul-13,0.0509
2013,Jul,19,19-Jul-2013,22-Jul-13,0.0511
2013,Jul,22,22-Jul-2013,23-Jul-13,0.0512
2013,Jul,23,23-Jul-2013,24-Jul-13,0.0514
2013,Jul,24,24-Jul-2013,25-Jul-13,0.0518
2013,Jul,25,25-Jul-2013,26-Jul-13,0.0519
2013,Jul,26,26-Jul-2013,29-Jul-13,0.0517
2013,Jul,29,29-Jul-2013,30-Jul-13,0.0517
2013,Jul,30,30-Jul-2013,31-Jul-13,0.0517
2013,Jul,31,31-Jul-2013,1-Aug-13,0.0512
2013,Aug,01,01-Aug-2013,2-Aug-13,0.0504
2013,Aug,02,02-Aug-2013,5-Aug-13,0.0486
2013,Aug,05,05-Aug-2013,6-Aug-13,0.0479
2013,Aug,06,06-Aug-2013,7-Aug-13,0.0477
2013,Aug,07,07-Aug-2013,12-Aug-13,0.0487
2013,Aug,12,12-Aug-2013,13-Aug-13,0.049
2013,Aug,13,13-Aug-2013,14-Aug-13,0.0489
2013,Aug,14,14-Aug-2013,15-Aug-13,0.049
2013,Aug,15,15-Aug-2013,16-Aug-13,0.0493
2013,Aug,16,16-Aug-2013,19-Aug-13,0.049
2013,Aug,19,19-Aug-2013,20-Aug-13,0.0487
2013,Aug,20,20-Aug-2013,21-Aug-13,0.0483
2013,Aug,21,21-Aug-2013,22-Aug-13,0.048
2013,Aug,22,22-Aug-2013,23-Aug-13,0.0477
2013,Aug,23,23-Aug-2013,26-Aug-13,0.0454
2013,Aug,26,26-Aug-2013,27-Aug-13,0.0443
2013,Aug,27,27-Aug-2013,28-Aug-13,0.044
2013,Aug,28,28-Aug-2013,29-Aug-13,0.044
2013,Aug,29,29-Aug-2013,30-Aug-13,0.0438
2013,Aug,30,30-Aug-2013,2-Sep-13,0.0428
2013,Sep,02,02-Sep-2013,3-Sep-13,0.0427
2013,Sep,03,03-Sep-2013,4-Sep-13,0.0427
2013,Sep,04,04-Sep-2013,5-Sep-13,0.0427
2013,Sep,05,05-Sep-2013,6-Sep-13,0.0425
2013,Sep,06,06-Sep-2013,9-Sep-13,0.0424
2013,Sep,09,09-Sep-2013,10-Sep-13,0.0426
2013,Sep,10,10-Sep-2013,11-Sep-13,0.0427
2013,Sep,11,11-Sep-2013,12-Sep-13,0.0428
2013,Sep,12,12-Sep-2013,13-Sep-13,0.0428
2013,Sep,13,13-Sep-2013,16-Sep-13,0.0431
2013,Sep,16,16-Sep-2013,17-Sep-13,0.043
2013,Sep,17,17-Sep-2013,18-Sep-13,0.0431
2013,Sep,18,18-Sep-2013,19-Sep-13,0.043
2013,Sep,19,19-Sep-2013,20-Sep-13,0.0429
2013,Sep,20,20-Sep-2013,23-Sep-13,0.0417
2013,Sep,23,23-Sep-2013,24-Sep-13,0.0413
2013,Sep,24,24-Sep-2013,25-Sep-13,0.0408
2013,Sep,25,25-Sep-2013,26-Sep-13,0.0406
2013,Sep,26,26-Sep-2013,27-Sep-13,0.0403
2013,Sep,27,27-Sep-2013,30-Sep-13,0.0395
2013,Sep,30,30-Sep-2013,1-Oct-13,0.0395
2013,Oct,01,01-Oct-2013,2-Oct-13,0.0391
2013,Oct,02,02-Oct-2013,3-Oct-13,0.039
2013,Oct,03,03-Oct-2013,4-Oct-13,0.0391
2013,Oct,04,04-Oct-2013,7-Oct-13,0.0416
2013,Oct,07,07-Oct-2013,8-Oct-13,0.0429
2013,Oct,08,08-Oct-2013,9-Oct-13,0.0435
2013,Oct,09,09-Oct-2013,10-Oct-13,0.044
2013,Oct,10,10-Oct-2013,11-Oct-13,0.0451
2013,Oct,11,11-Oct-2013,14-Oct-13,0.0479
2013,Oct,14,14-Oct-2013,16-Oct-13,0.0512
2013,Oct,16,16-Oct-2013,17-Oct-13,0.0515
2013,Oct,17,17-Oct-2013,18-Oct-13,0.052
2013,Oct,18,18-Oct-2013,21-Oct-13,0.0529
2013,Oct,21,21-Oct-2013,22-Oct-13,0.0527
2013,Oct,22,22-Oct-2013,23-Oct-13,0.0527
2013,Oct,23,23-Oct-2013,24-Oct-13,0.0525
2013,Oct,24,24-Oct-2013,25-Oct-13,0.052
2013,Oct,25,25-Oct-2013,28-Oct-13,0.0516
2013,Oct,28,28-Oct-2013,29-Oct-13,0.0517
2013,Oct,29,29-Oct-2013,30-Oct-13,0.0514
2013,Oct,30,30-Oct-2013,31-Oct-13,0.0512
2013,Oct,31,31-Oct-2013,1-Nov-13,0.051
2013,Nov,01,01-Nov-2013,4-Nov-13,0.051
2013,Nov,04,04-Nov-2013,5-Nov-13,0.0511
2013,Nov,05,05-Nov-2013,6-Nov-13,0.051
2013,Nov,06,06-Nov-2013,7-Nov-13,0.0506
2013,Nov,07,07-Nov-2013,8-Nov-13,0.0503
2013,Nov,08,08-Nov-2013,11-Nov-13,0.0502
2013,Nov,11,11-Nov-2013,12-Nov-13,0.0504
2013,Nov,12,12-Nov-2013,13-Nov-13,0.0519
2013,Nov,13,13-Nov-2013,14-Nov-13,0.0559
2013,Nov,14,14-Nov-2013,15-Nov-13,0.0566
2013,Nov,15,15-Nov-2013,18-Nov-13,0.0564
2013,Nov,18,18-Nov-2013,19-Nov-13,0.0569
2013,Nov,19,19-Nov-2013,20-Nov-13,0.0578
2013,Nov,20,20-Nov-2013,21-Nov-13,0.0584
2013,Nov,21,21-Nov-2013,22-Nov-13,0.0579
2013,Nov,22,22-Nov-2013,25-Nov-13,0.0571
2013,Nov,25,25-Nov-2013,26-Nov-13,0.0568
2013,Nov,26,26-Nov-2013,27-Nov-13,0.0568
2013,Nov,27,27-Nov-2013,28-Nov-13,0.0566
2013,Nov,28,28-Nov-2013,29-Nov-13,0.0564
2013,Nov,29,29-Nov-2013,2-Dec-13,0.057
2013,Dec,02,02-Dec-2013,3-Dec-13,0.057
2013,Dec,03,03-Dec-2013,4-Dec-13,0.0574
2013,Dec,04,04-Dec-2013,5-Dec-13,0.058
2013,Dec,05,05-Dec-2013,6-Dec-13,0.0585
2013,Dec,06,06-Dec-2013,9-Dec-13,0.0592
2013,Dec,09,09-Dec-2013,10-Dec-13,0.0592
2013,Dec,10,10-Dec-2013,11-Dec-13,0.0592
2013,Dec,11,11-Dec-2013,12-Dec-13,0.0592
2013,Dec,12,12-Dec-2013,13-Dec-13,0.0592
2013,Dec,13,13-Dec-2013,16-Dec-13,0.0589
2013,Dec,16,16-Dec-2013,17-Dec-13,0.059
2013,Dec,17,17-Dec-2013,18-Dec-13,0.059
2013,Dec,18,18-Dec-2013,19-Dec-13,0.0593
2013,Dec,19,19-Dec-2013,20-Dec-13,0.0595
2013,Dec,20,20-Dec-2013,23-Dec-13,0.0613
2013,Dec,23,23-Dec-2013,24-Dec-13,0.062
2013,Dec,24,24-Dec-2013,26-Dec-13,0.0636
2013,Dec,26,26-Dec-2013,27-Dec-13,0.0637
2013,Dec,27,27-Dec-2013,30-Dec-13,0.0639
2013,Dec,30,30-Dec-2013,31-Dec-13,0.0635
2013,Dec,31,31-Dec-2013,2-Jan-14,0.0642
2014,Jan,02,02-Jan-2014,3-Jan-14,0.064
2014,Jan,03,03-Jan-2014,6-Jan-14,0.0613
2014,Jan,06,06-Jan-2014,7-Jan-14,0.0604
2014,Jan,07,07-Jan-2014,8-Jan-14,0.0592
2014,Jan,08,08-Jan-2014,9-Jan-14,0.0587
2014,Jan,09,09-Jan-2014,10-Jan-14,0.0581
2014,Jan,10,10-Jan-2014,13-Jan-14,0.0553
2014,Jan,13,13-Jan-2014,14-Jan-14,0.0545
2014,Jan,14,14-Jan-2014,15-Jan-14,0.0528
2014,Jan,15,15-Jan-2014,16-Jan-14,0.0512
2014,Jan,16,16-Jan-2014,17-Jan-14,0.0509
2014,Jan,17,17-Jan-2014,20-Jan-14,0.0501
2014,Jan,20,20-Jan-2014,21-Jan-14,0.0498
2014,Jan,21,21-Jan-2014,22-Jan-14,0.05
2014,Jan,22,22-Jan-2014,23-Jan-14,0.0503
2014,Jan,23,23-Jan-2014,24-Jan-14,0.0505
2014,Jan,24,24-Jan-2014,27-Jan-14,0.0513
2014,Jan,27,27-Jan-2014,28-Jan-14,0.0516
2014,Jan,28,28-Jan-2014,29-Jan-14,0.0517
2014,Jan,29,29-Jan-2014,30-Jan-14,0.0518
2014,Jan,30,30-Jan-2014,3-Feb-14,0.0524
2014,Feb,03,03-Feb-2014,4-Feb-14,0.0528
2014,Feb,04,04-Feb-2014,5-Feb-14,0.0526
2014,Feb,05,05-Feb-2014,6-Feb-14,0.0525
2014,Feb,06,06-Feb-2014,7-Feb-14,0.0525
2014,Feb,07,07-Feb-2014,10-Feb-14,0.0525
2014,Feb,10,10-Feb-2014,11-Feb-14,0.0524
2014,Feb,11,11-Feb-2014,12-Feb-14,0.0519
2014,Feb,12,12-Feb-2014,13-Feb-14,0.0502
2014,Feb,13,13-Feb-2014,14-Feb-14,0.0463
2014,Feb,14,14-Feb-2014,17-Feb-14,0.0458
2014,Feb,17,17-Feb-2014,18-Feb-14,0.0458
2014,Feb,18,18-Feb-2014,19-Feb-14,0.0455
2014,Feb,19,19-Feb-2014,20-Feb-14,0.0449
2014,Feb,20,20-Feb-2014,21-Feb-14,0.0443
2014,Feb,21,21-Feb-2014,24-Feb-14,0.0441
2014,Feb,24,24-Feb-2014,25-Feb-14,0.0439
2014,Feb,25,25-Feb-2014,26-Feb-14,0.0437
2014,Feb,26,26-Feb-2014,27-Feb-14,0.0436
2014,Feb,27,27-Feb-2014,28-Feb-14,0.0444
2014,Feb,28,28-Feb-2014,3-Mar-14,0.048
2014,Mar,03,03-Mar-2014,4-Mar-14,0.0481
2014,Mar,04,04-Mar-2014,5-Mar-14,0.0479
2014,Mar,05,05-Mar-2014,6-Mar-14,0.0478
2014,Mar,06,06-Mar-2014,7-Mar-14,0.0479
2014,Mar,07,07-Mar-2014,10-Mar-14,0.0481
2014,Mar,10,10-Mar-2014,11-Mar-14,0.0484
2014,Mar,11,11-Mar-2014,12-Mar-14,0.0488
2014,Mar,12,12-Mar-2014,13-Mar-14,0.0495
2014,Mar,13,13-Mar-2014,14-Mar-14,0.05
2014,Mar,14,14-Mar-2014,17-Mar-14,0.0505
2014,Mar,17,17-Mar-2014,18-Mar-14,0.0507
2014,Mar,18,18-Mar-2014,19-Mar-14,0.0509
2014,Mar,19,19-Mar-2014,20-Mar-14,0.0511
2014,Mar,20,20-Mar-2014,21-Mar-14,0.0508
2014,Mar,21,21-Mar-2014,24-Mar-14,0.0497
2014,Mar,24,24-Mar-2014,25-Mar-14,0.0494
2014,Mar,25,25-Mar-2014,26-Mar-14,0.0492
2014,Mar,26,26-Mar-2014,27-Mar-14,0.0498
2014,Mar,27,27-Mar-2014,28-Mar-14,0.0505
2014,Mar,28,28-Mar-2014,31-Mar-14,0.056
2014,Mar,31,31-Mar-2014,1-Apr-14,0.0575
2014,Apr,01,01-Apr-2014,2-Apr-14,0.0576
2014,Apr,02,02-Apr-2014,3-Apr-14,0.0579
2014,Apr,03,03-Apr-2014,4-Apr-14,0.058
2014,Apr,04,04-Apr-2014,7-Apr-14,0.0585
2014,Apr,07,07-Apr-2014,8-Apr-14,0.0584
2014,Apr,08,08-Apr-2014,9-Apr-14,0.0584
2014,Apr,09,09-Apr-2014,10-Apr-14,0.0583
2014,Apr,10,10-Apr-2014,11-Apr-14,0.0583
2014,Apr,11,11-Apr-2014,14-Apr-14,0.0586
2014,Apr,14,14-Apr-2014,15-Apr-14,0.0585
2014,Apr,15,15-Apr-2014,16-Apr-14,0.0587
2014,Apr,16,16-Apr-2014,17-Apr-14,0.0591
2014,Apr,17,17-Apr-2014,21-Apr-14,0.0601
2014,Apr,21,21-Apr-2014,22-Apr-14,0.0604
2014,Apr,22,22-Apr-2014,23-Apr-14,0.0606
2014,Apr,23,23-Apr-2014,24-Apr-14,0.0611
2014,Apr,24,24-Apr-2014,25-Apr-14,0.0615
2014,Apr,25,25-Apr-2014,28-Apr-14,0.0617
2014,Apr,28,28-Apr-2014,29-Apr-14,0.062
2014,Apr,29,29-Apr-2014,30-Apr-14,0.0623
2014,Apr,30,30-Apr-2014,2-May-14,0.0652
2014,May,02,02-May-2014,5-May-14,0.0675
2014,May,05,05-May-2014,6-May-14,0.068
2014,May,06,06-May-2014,7-May-14,0.0688
2014,May,07,07-May-2014,8-May-14,0.0692
2014,May,08,08-May-2014,9-May-14,0.0698
2014,May,09,09-May-2014,12-May-14,0.0711
2014,May,12,12-May-2014,14-May-14,0.0729
2014,May,14,14-May-2014,15-May-14,0.0737
2014,May,15,15-May-2014,16-May-14,0.0739
2014,May,16,16-May-2014,19-May-14,0.0742
2014,May,19,19-May-2014,20-May-14,0.0742
2014,May,20,20-May-2014,21-May-14,0.0744
2014,May,21,21-May-2014,22-May-14,0.0748
2014,May,22,22-May-2014,23-May-14,0.0756
2014,May,23,23-May-2014,26-May-14,0.0768
2014,May,26,26-May-2014,27-May-14,0.0768
2014,May,27,27-May-2014,28-May-14,0.0766
2014,May,28,28-May-2014,29-May-14,0.0771
2014,May,29,29-May-2014,30-May-14,0.0775
2014,May,30,30-May-2014,2-Jun-14,0.0785
2014,Jun,02,02-Jun-2014,3-Jun-14,0.0777
2014,Jun,03,03-Jun-2014,4-Jun-14,0.0774
2014,Jun,04,04-Jun-2014,5-Jun-14,0.0769
2014,Jun,05,05-Jun-2014,6-Jun-14,0.0764
2014,Jun,06,06-Jun-2014,9-Jun-14,0.076
2014,Jun,09,09-Jun-2014,10-Jun-14,0.0759
2014,Jun,10,10-Jun-2014,11-Jun-14,0.0757
2014,Jun,11,11-Jun-2014,12-Jun-14,0.0751
2014,Jun,12,12-Jun-2014,13-Jun-14,0.0747
2014,Jun,13,13-Jun-2014,16-Jun-14,0.0738
2014,Jun,16,16-Jun-2014,17-Jun-14,0.0737
2014,Jun,17,17-Jun-2014,18-Jun-14,0.0736
2014,Jun,18,18-Jun-2014,19-Jun-14,0.0733
2014,Jun,19,19-Jun-2014,20-Jun-14,0.0733
2014,Jun,20,20-Jun-2014,23-Jun-14,0.0753
2014,Jun,23,23-Jun-2014,24-Jun-14,0.0758
2014,Jun,24,24-Jun-2014,25-Jun-14,0.0763
2014,Jun,25,25-Jun-2014,26-Jun-14,0.0772
2014,Jun,26,26-Jun-2014,27-Jun-14,0.0774
2014,Jun,27,27-Jun-2014,30-Jun-14,0.0746
2014,Jun,30,30-Jun-2014,1-Jul-14,0.0718
2014,Jul,01,01-Jul-2014,2-Jul-14,0.0715
2014,Jul,02,02-Jul-2014,3-Jul-14,0.0713
2014,Jul,03,03-Jul-2014,4-Jul-14,0.0712
2014,Jul,04,04-Jul-2014,7-Jul-14,0.0709
2014,Jul,07,07-Jul-2014,8-Jul-14,0.071
2014,Jul,08,08-Jul-2014,9-Jul-14,0.0711
2014,Jul,09,09-Jul-2014,10-Jul-14,0.0711
2014,Jul,10,10-Jul-2014,11-Jul-14,0.0711
2014,Jul,11,11-Jul-2014,14-Jul-14,0.0707
2014,Jul,14,14-Jul-2014,15-Jul-14,0.0707
2014,Jul,15,15-Jul-2014,16-Jul-14,0.0708
2014,Jul,16,16-Jul-2014,17-Jul-14,0.071
2014,Jul,17,17-Jul-2014,18-Jul-14,0.0714
2014,Jul,18,18-Jul-2014,21-Jul-14,0.0739
2014,Jul,21,21-Jul-2014,22-Jul-14,0.0744
2014,Jul,22,22-Jul-2014,23-Jul-14,0.074
2014,Jul,23,23-Jul-2014,24-Jul-14,0.0733
2014,Jul,24,24-Jul-2014,25-Jul-14,0.0728
2014,Jul,25,25-Jul-2014,29-Jul-14,0.0726
2014,Jul,29,29-Jul-2014,30-Jul-14,0.0721
2014,Jul,30,30-Jul-2014,31-Jul-14,0.0719
2014,Jul,31,31-Jul-2014,1-Aug-14,0.071
2014,Aug,01,01-Aug-2014,4-Aug-14,0.0692
2014,Aug,04,04-Aug-2014,5-Aug-14,0.0685
2014,Aug,05,05-Aug-2014,6-Aug-14,0.0682
2014,Aug,06,06-Aug-2014,7-Aug-14,0.0678
2014,Aug,07,07-Aug-2014,8-Aug-14,0.0674
2014,Aug,08,08-Aug-2014,11-Aug-14,0.0669
2014,Aug,11,11-Aug-2014,12-Aug-14,0.0666
2014,Aug,12,12-Aug-2014,13-Aug-14,0.066
2014,Aug,13,13-Aug-2014,14-Aug-14,0.0654
2014,Aug,14,14-Aug-2014,15-Aug-14,0.0648
2014,Aug,15,15-Aug-2014,18-Aug-14,0.0654
2014,Aug,18,18-Aug-2014,19-Aug-14,0.0656
2014,Aug,19,19-Aug-2014,20-Aug-14,0.0658
2014,Aug,20,20-Aug-2014,21-Aug-14,0.0662
2014,Aug,21,21-Aug-2014,22-Aug-14,0.0666
2014,Aug,22,22-Aug-2014,25-Aug-14,0.0695
2014,Aug,25,25-Aug-2014,26-Aug-14,0.0697
2014,Aug,26,26-Aug-2014,27-Aug-14,0.0706
2014,Aug,27,27-Aug-2014,28-Aug-14,0.0711
2014,Aug,28,28-Aug-2014,29-Aug-14,0.0719
2014,Aug,29,29-Aug-2014,1-Sep-14,0.073
2014,Sep,01,01-Sep-2014,2-Sep-14,0.0734
2014,Sep,02,02-Sep-2014,3-Sep-14,0.0742
2014,Sep,03,03-Sep-2014,4-Sep-14,0.0747
2014,Sep,04,04-Sep-2014,5-Sep-14,0.0759
2014,Sep,05,05-Sep-2014,8-Sep-14,0.0773
2014,Sep,08,08-Sep-2014,9-Sep-14,0.0777
2014,Sep,09,09-Sep-2014,10-Sep-14,0.078
2014,Sep,10,10-Sep-2014,11-Sep-14,0.0783
2014,Sep,11,11-Sep-2014,12-Sep-14,0.0785
2014,Sep,12,12-Sep-2014,15-Sep-14,0.0803
2014,Sep,15,15-Sep-2014,16-Sep-14,0.081
2014,Sep,16,16-Sep-2014,17-Sep-14,0.0818
2014,Sep,17,17-Sep-2014,18-Sep-14,0.0821
2014,Sep,18,18-Sep-2014,19-Sep-14,0.0821
2014,Sep,19,19-Sep-2014,22-Sep-14,0.0814
2014,Sep,22,22-Sep-2014,23-Sep-14,0.0809
2014,Sep,23,23-Sep-2014,24-Sep-14,0.0804
2014,Sep,24,24-Sep-2014,25-Sep-14,0.0801
2014,Sep,25,25-Sep-2014,26-Sep-14,0.0793
2014,Sep,26,26-Sep-2014,29-Sep-14,0.0812
2014,Sep,29,29-Sep-2014,30-Sep-14,0.081
2014,Sep,30,30-Sep-2014,1-Oct-14,0.0811
2014,Oct,01,01-Oct-2014,2-Oct-14,0.0813
2014,Oct,02,02-Oct-2014,3-Oct-14,0.0816
2014,Oct,03,03-Oct-2014,7-Oct-14,0.0836
2014,Oct,07,07-Oct-2014,8-Oct-14,0.0837
2014,Oct,08,08-Oct-2014,9-Oct-14,0.0839
2014,Oct,09,09-Oct-2014,10-Oct-14,0.0842
2014,Oct,10,10-Oct-2014,13-Oct-14,0.0847
2014,Oct,13,13-Oct-2014,14-Oct-14,0.085
2014,Oct,14,14-Oct-2014,15-Oct-14,0.0854
2014,Oct,15,15-Oct-2014,16-Oct-14,0.086
2014,Oct,16,16-Oct-2014,17-Oct-14,0.0857
2014,Oct,17,17-Oct-2014,20-Oct-14,0.0839
2014,Oct,20,20-Oct-2014,21-Oct-14,0.083
2014,Oct,21,21-Oct-2014,23-Oct-14,0.083
2014,Oct,23,23-Oct-2014,24-Oct-14,0.0833
2014,Oct,24,24-Oct-2014,27-Oct-14,0.0844
2014,Oct,27,27-Oct-2014,28-Oct-14,0.0845
2014,Oct,28,28-Oct-2014,29-Oct-14,0.0847
2014,Oct,29,29-Oct-2014,30-Oct-14,0.0853
2014,Oct,30,30-Oct-2014,31-Oct-14,0.0855
2014,Oct,31,31-Oct-2014,3-Nov-14,0.0868
2014,Nov,03,03-Nov-2014,4-Nov-14,0.0884
2014,Nov,04,04-Nov-2014,5-Nov-14,0.0896
2014,Nov,05,05-Nov-2014,6-Nov-14,0.091
2014,Nov,06,06-Nov-2014,7-Nov-14,0.093
2014,Nov,07,07-Nov-2014,10-Nov-14,0.0957
2014,Nov,10,10-Nov-2014,11-Nov-14,0.0961
2014,Nov,11,11-Nov-2014,12-Nov-14,0.0968
2014,Nov,12,12-Nov-2014,13-Nov-14,0.0969
2014,Nov,13,13-Nov-2014,14-Nov-14,0.097
2014,Nov,14,14-Nov-2014,17-Nov-14,0.0973
2014,Nov,17,17-Nov-2014,18-Nov-14,0.0975
2014,Nov,18,18-Nov-2014,19-Nov-14,0.0976
2014,Nov,19,19-Nov-2014,20-Nov-14,0.0981
2014,Nov,20,20-Nov-2014,21-Nov-14,0.0983
2014,Nov,21,21-Nov-2014,24-Nov-14,0.0978
2014,Nov,24,24-Nov-2014,25-Nov-14,0.0974
2014,Nov,25,25-Nov-2014,26-Nov-14,0.0982
2014,Nov,26,26-Nov-2014,27-Nov-14,0.098
2014,Nov,27,27-Nov-2014,28-Nov-14,0.0981
2014,Nov,28,28-Nov-2014,1-Dec-14,0.0979
2014,Dec,01,01-Dec-2014,2-Dec-14,0.0969
2014,Dec,02,02-Dec-2014,3-Dec-14,0.0962
2014,Dec,03,03-Dec-2014,4-Dec-14,0.0963
2014,Dec,04,04-Dec-2014,5-Dec-14,0.0959
2014,Dec,05,05-Dec-2014,8-Dec-14,0.0975
2014,Dec,08,08-Dec-2014,9-Dec-14,0.0987
2014,Dec,09,09-Dec-2014,10-Dec-14,0.0998
2014,Dec,10,10-Dec-2014,11-Dec-14,0.1005
2014,Dec,11,11-Dec-2014,12-Dec-14,0.1006
2014,Dec,12,12-Dec-2014,15-Dec-14,0.0998
2014,Dec,15,15-Dec-2014,16-Dec-14,0.0996
2014,Dec,16,16-Dec-2014,17-Dec-14,0.0994
2014,Dec,17,17-Dec-2014,18-Dec-14,0.0996
2014,Dec,18,18-Dec-2014,19-Dec-14,0.1013
2014,Dec,19,19-Dec-2014,22-Dec-14,0.1093
2014,Dec,22,22-Dec-2014,23-Dec-14,0.1112
2014,Dec,23,23-Dec-2014,24-Dec-14,0.1124
2014,Dec,24,24-Dec-2014,26-Dec-14,0.1116
2014,Dec,26,26-Dec-2014,29-Dec-14,0.1112
2014,Dec,29,29-Dec-2014,30-Dec-14,0.1131
2014,Dec,30,30-Dec-2014,31-Dec-14,0.1146
2014,Dec,31,31-Dec-2014,2-Jan-15,0.1183
2015,Jan,02,02-Jan-2015,5-Jan-15,0.1215
2015,Jan,05,05-Jan-2015,6-Jan-15,0.1239
2015,Jan,06,06-Jan-2015,7-Jan-15,0.125
2015,Jan,07,07-Jan-2015,8-Jan-15,0.1256
2015,Jan,08,08-Jan-2015,9-Jan-15,0.1259
2015,Jan,09,09-Jan-2015,12-Jan-15,0.1285
2015,Jan,12,12-Jan-2015,13-Jan-15,0.1295
2015,Jan,13,13-Jan-2015,14-Jan-15,0.1299
2015,Jan,14,14-Jan-2015,15-Jan-15,0.13
2015,Jan,15,15-Jan-2015,16-Jan-15,0.1299
2015,Jan,16,16-Jan-2015,19-Jan-15,0.1291
2015,Jan,19,19-Jan-2015,20-Jan-15,0.1289
2015,Jan,20,20-Jan-2015,21-Jan-15,0.129
2015,Jan,21,21-Jan-2015,22-Jan-15,0.1287
2015,Jan,22,22-Jan-2015,23-Jan-15,0.1286
2015,Jan,23,23-Jan-2015,26-Jan-15,0.1283
2015,Jan,26,26-Jan-2015,27-Jan-15,0.1284
2015,Jan,27,27-Jan-2015,28-Jan-15,0.1292
2015,Jan,28,28-Jan-2015,29-Jan-15,0.1321
2015,Jan,29,29-Jan-2015,30-Jan-15,0.1341
2015,Jan,30,30-Jan-2015,2-Feb-15,0.1433
2015,Feb,02,02-Feb-2015,3-Feb-15,0.1449
2015,Feb,03,03-Feb-2015,4-Feb-15,0.1441
2015,Feb,04,04-Feb-2015,5-Feb-15,0.1437
2015,Feb,05,05-Feb-2015,6-Feb-15,0.1445
2015,Feb,06,06-Feb-2015,9-Feb-15,0.1453
2015,Feb,09,09-Feb-2015,10-Feb-15,0.1471
2015,Feb,10,10-Feb-2015,11-Feb-15,0.1492
2015,Feb,11,11-Feb-2015,12-Feb-15,0.1507
2015,Feb,12,12-Feb-2015,13-Feb-15,0.1527
2015,Feb,13,13-Feb-2015,16-Feb-15,0.1574
2015,Feb,16,16-Feb-2015,17-Feb-15,0.1585
2015,Feb,17,17-Feb-2015,18-Feb-15,0.1606
2015,Feb,18,18-Feb-2015,23-Feb-15,0.1812
2015,Feb,23,23-Feb-2015,24-Feb-15,0.1849
2015,Feb,24,24-Feb-2015,25-Feb-15,0.1882
2015,Feb,25,25-Feb-2015,26-Feb-15,0.1895
2015,Feb,26,26-Feb-2015,27-Feb-15,0.1915
2015,Feb,27,27-Feb-2015,2-Mar-15,0.1981
2015,Mar,02,02-Mar-2015,3-Mar-15,0.2019
2015,Mar,03,03-Mar-2015,4-Mar-15,0.2046
2015,Mar,04,04-Mar-2015,5-Mar-15,0.2064
2015,Mar,05,05-Mar-2015,6-Mar-15,0.2064
2015,Mar,06,06-Mar-2015,9-Mar-15,0.2071
2015,Mar,09,09-Mar-2015,10-Mar-15,0.2075
2015,Mar,10,10-Mar-2015,11-Mar-15,0.208
2015,Mar,11,11-Mar-2015,12-Mar-15,0.2094
2015,Mar,12,12-Mar-2015,13-Mar-15,0.2099
2015,Mar,13,13-Mar-2015,16-Mar-15,0.211
2015,Mar,16,16-Mar-2015,17-Mar-15,0.2113
2015,Mar,17,17-Mar-2015,18-Mar-15,0.2124
2015,Mar,18,18-Mar-2015,19-Mar-15,0.2141
2015,Mar,19,19-Mar-2015,20-Mar-15,0.2152
2015,Mar,20,20-Mar-2015,23-Mar-15,0.2257
2015,Mar,23,23-Mar-2015,24-Mar-15,0.23
2015,Mar,24,24-Mar-2015,25-Mar-15,0.2315
2015,Mar,25,25-Mar-2015,26-Mar-15,0.2323
2015,Mar,26,26-Mar-2015,27-Mar-15,0.2331
2015,Mar,27,27-Mar-2015,30-Mar-15,0.2337
2015,Mar,30,30-Mar-2015,31-Mar-15,0.2325
2015,Mar,31,31-Mar-2015,1-Apr-15,0.2331
2015,Apr,01,01-Apr-2015,2-Apr-15,0.2328
2015,Apr,02,02-Apr-2015,6-Apr-15,0.2349
2015,Apr,06,06-Apr-2015,7-Apr-15,0.2378
2015,Apr,07,07-Apr-2015,8-Apr-15,0.242
2015,Apr,08,08-Apr-2015,9-Apr-15,0.2455
2015,Apr,09,09-Apr-2015,10-Apr-15,0.2476
2015,Apr,10,10-Apr-2015,13-Apr-15,0.2508
2015,Apr,13,13-Apr-2015,14-Apr-15,0.2519
2015,Apr,14,14-Apr-2015,15-Apr-15,0.2524
2015,Apr,15,15-Apr-2015,16-Apr-15,0.2526
2015,Apr,16,16-Apr-2015,17-Apr-15,0.2527
2015,Apr,17,17-Apr-2015,20-Apr-15,0.2533
2015,Apr,20,20-Apr-2015,21-Apr-15,0.2536
2015,Apr,21,21-Apr-2015,22-Apr-15,0.2552
2015,Apr,22,22-Apr-2015,23-Apr-15,0.2568
2015,Apr,23,23-Apr-2015,24-Apr-15,0.2584
2015,Apr,24,24-Apr-2015,27-Apr-15,0.265
2015,Apr,27,27-Apr-2015,28-Apr-15,0.2661
2015,Apr,28,28-Apr-2015,29-Apr-15,0.2663
2015,Apr,29,29-Apr-2015,30-Apr-15,0.2664
2015,Apr,30,30-Apr-2015,4-May-15,0.2619
2015,May,04,04-May-2015,5-May-15,0.266
2015,May,05,05-May-2015,6-May-15,0.269
2015,May,06,06-May-2015,7-May-15,0.2736
2015,May,07,07-May-2015,8-May-15,0.2772
2015,May,08,08-May-2015,11-May-15,0.2764
2015,May,11,11-May-2015,12-May-15,0.2748
2015,May,12,12-May-2015,13-May-15,0.2727
2015,May,13,13-May-2015,14-May-15,0.2707
2015,May,14,14-May-2015,15-May-15,0.2687
2015,May,15,15-May-2015,18-May-15,0.2634
2015,May,18,18-May-2015,19-May-15,0.2586
2015,May,19,19-May-2015,20-May-15,0.2539
2015,May,20,20-May-2015,21-May-15,0.2494
2015,May,21,21-May-2015,22-May-15,0.2451
2015,May,22,22-May-2015,25-May-15,0.2342
2015,May,25,25-May-2015,26-May-15,0.233
2015,May,26,26-May-2015,27-May-15,0.2323
2015,May,27,27-May-2015,28-May-15,0.2319
2015,May,28,28-May-2015,29-May-15,0.2318
2015,May,29,29-May-2015,2-Jun-15,0.2362
2015,Jun,02,02-Jun-2015,3-Jun-15,0.2352
2015,Jun,03,03-Jun-2015,4-Jun-15,0.2351
2015,Jun,04,04-Jun-2015,5-Jun-15,0.2346
2015,Jun,05,05-Jun-2015,8-Jun-15,0.2339
2015,Jun,08,08-Jun-2015,9-Jun-15,0.2331
2015,Jun,09,09-Jun-2015,10-Jun-15,0.2317
2015,Jun,10,10-Jun-2015,11-Jun-15,0.2305
2015,Jun,11,11-Jun-2015,12-Jun-15,0.2293
2015,Jun,12,12-Jun-2015,15-Jun-15,0.2278
2015,Jun,15,15-Jun-2015,16-Jun-15,0.2275
2015,Jun,16,16-Jun-2015,17-Jun-15,0.2269
2015,Jun,17,17-Jun-2015,18-Jun-15,0.2257
2015,Jun,18,18-Jun-2015,19-Jun-15,0.2228
2015,Jun,19,19-Jun-2015,22-Jun-15,0.2107
2015,Jun,22,22-Jun-2015,23-Jun-15,0.2079
2015,Jun,23,23-Jun-2015,24-Jun-15,0.2046
2015,Jun,24,24-Jun-2015,25-Jun-15,0.2052
2015,Jun,25,25-Jun-2015,26-Jun-15,0.2058
2015,Jun,26,26-Jun-2015,29-Jun-15,0.2116
2015,Jun,29,29-Jun-2015,30-Jun-15,0.2204
2015,Jun,30,30-Jun-2015,1-Jul-15,0.229
2015,Jul,01,01-Jul-2015,2-Jul-15,0.2329
2015,Jul,02,02-Jul-2015,3-Jul-15,0.2359
2015,Jul,03,03-Jul-2015,6-Jul-15,0.2364
2015,Jul,06,06-Jul-2015,7-Jul-15,0.2342
2015,Jul,07,07-Jul-2015,8-Jul-15,0.2305
2015,Jul,08,08-Jul-2015,9-Jul-15,0.2268
2015,Jul,09,09-Jul-2015,10-Jul-15,0.2236
2015,Jul,10,10-Jul-2015,13-Jul-15,0.2174
2015,Jul,13,13-Jul-2015,14-Jul-15,0.2159
2015,Jul,14,14-Jul-2015,15-Jul-15,0.2158
2015,Jul,15,15-Jul-2015,16-Jul-15,0.2169
2015,Jul,16,16-Jul-2015,20-Jul-15,0.2278
2015,Jul,20,20-Jul-2015,21-Jul-15,0.2298
2015,Jul,21,21-Jul-2015,22-Jul-15,0.23
2015,Jul,22,22-Jul-2015,23-Jul-15,0.2291
2015,Jul,23,23-Jul-2015,24-Jul-15,0.2285
2015,Jul,24,24-Jul-2015,27-Jul-15,0.226
2015,Jul,27,27-Jul-2015,28-Jul-15,0.2265
2015,Jul,28,28-Jul-2015,29-Jul-15,0.225
2015,Jul,29,29-Jul-2015,30-Jul-15,0.2244
2015,Jul,30,30-Jul-2015,31-Jul-15,0.2247
2015,Jul,31,31-Jul-2015,3-Aug-15,0.2248
2015,Aug,03,03-Aug-2015,4-Aug-15,0.224
2015,Aug,04,04-Aug-2015,5-Aug-15,0.2207
2015,Aug,05,05-Aug-2015,6-Aug-15,0.2172
2015,Aug,06,06-Aug-2015,11-Aug-15,0.2033
2015,Aug,11,11-Aug-2015,12-Aug-15,0.2036
2015,Aug,12,12-Aug-2015,13-Aug-15,0.204
2015,Aug,13,13-Aug-2015,14-Aug-15,0.2049
2015,Aug,14,14-Aug-2015,17-Aug-15,0.206
2015,Aug,17,17-Aug-2015,18-Aug-15,0.2062
2015,Aug,18,18-Aug-2015,19-Aug-15,0.2074
2015,Aug,19,19-Aug-2015,20-Aug-15,0.2082
2015,Aug,20,20-Aug-2015,21-Aug-15,0.2085
2015,Aug,21,21-Aug-2015,24-Aug-15,0.2135
2015,Aug,24,24-Aug-2015,25-Aug-15,0.2191
2015,Aug,25,25-Aug-2015,26-Aug-15,0.2306
2015,Aug,26,26-Aug-2015,27-Aug-15,0.2367
2015,Aug,27,27-Aug-2015,28-Aug-15,0.2365
2015,Aug,28,28-Aug-2015,31-Aug-15,0.232
2015,Aug,31,31-Aug-2015,1-Sep-15,0.2331
2015,Sep,01,01-Sep-2015,2-Sep-15,0.2311
2015,Sep,02,02-Sep-2015,3-Sep-15,0.2292
2015,Sep,03,03-Sep-2015,4-Sep-15,0.2263
2015,Sep,04,04-Sep-2015,7-Sep-15,0.2232
2015,Sep,07,07-Sep-2015,8-Sep-15,0.2228
2015,Sep,08,08-Sep-2015,9-Sep-15,0.2241
2015,Sep,09,09-Sep-2015,10-Sep-15,0.2246
2015,Sep,10,10-Sep-2015,14-Sep-15,0.2351
2015,Sep,14,14-Sep-2015,15-Sep-15,0.2367
2015,Sep,15,15-Sep-2015,16-Sep-15,0.238
2015,Sep,16,16-Sep-2015,17-Sep-15,0.2395
2015,Sep,17,17-Sep-2015,18-Sep-15,0.2412
2015,Sep,18,18-Sep-2015,21-Sep-15,0.2426
2015,Sep,21,21-Sep-2015,22-Sep-15,0.2422
2015,Sep,22,22-Sep-2015,23-Sep-15,0.2405
2015,Sep,23,23-Sep-2015,25-Sep-15,0.2377
2015,Sep,25,25-Sep-2015,28-Sep-15,0.234
2015,Sep,28,28-Sep-2015,29-Sep-15,0.2322
2015,Sep,29,29-Sep-2015,30-Sep-15,0.2226
2015,Sep,30,30-Sep-2015,1-Oct-15,0.214
2015,Oct,01,01-Oct-2015,2-Oct-15,0.2094
2015,Oct,02,02-Oct-2015,5-Oct-15,0.2084
2015,Oct,05,05-Oct-2015,6-Oct-15,0.2085
2015,Oct,06,06-Oct-2015,7-Oct-15,0.2088
2015,Oct,07,07-Oct-2015,8-Oct-15,0.2086
2015,Oct,08,08-Oct-2015,9-Oct-15,0.2088
2015,Oct,09,09-Oct-2015,12-Oct-15,0.2084
2015,Oct,12,12-Oct-2015,13-Oct-15,0.2083
2015,Oct,13,13-Oct-2015,14-Oct-15,0.2079
2015,Oct,14,14-Oct-2015,15-Oct-15,0.2068
2015,Oct,15,15-Oct-2015,16-Oct-15,0.2051
2015,Oct,16,16-Oct-2015,19-Oct-15,0.2018
2015,Oct,19,19-Oct-2015,20-Oct-15,0.201
2015,Oct,20,20-Oct-2015,21-Oct-15,0.1991
2015,Oct,21,21-Oct-2015,22-Oct-15,0.1985
2015,Oct,22,22-Oct-2015,23-Oct-15,0.2004
2015,Oct,23,23-Oct-2015,26-Oct-15,0.2126
2015,Oct,26,26-Oct-2015,27-Oct-15,0.2146
2015,Oct,27,27-Oct-2015,28-Oct-15,0.2159
2015,Oct,28,28-Oct-2015,29-Oct-15,0.2208
2015,Oct,29,29-Oct-2015,30-Oct-15,0.2271
2015,Oct,30,30-Oct-2015,2-Nov-15,0.2521
2015,Nov,02,02-Nov-2015,3-Nov-15,0.2573
2015,Nov,03,03-Nov-2015,4-Nov-15,0.2586
2015,Nov,04,04-Nov-2015,5-Nov-15,0.2579
2015,Nov,05,05-Nov-2015,6-Nov-15,0.2586
2015,Nov,06,06-Nov-2015,9-Nov-15,0.2602
2015,Nov,09,09-Nov-2015,11-Nov-15,0.2624
2015,Nov,11,11-Nov-2015,12-Nov-15,0.2617
2015,Nov,12,12-Nov-2015,13-Nov-15,0.2628
2015,Nov,13,13-Nov-2015,16-Nov-15,0.2799
2015,Nov,16,16-Nov-2015,17-Nov-15,0.2857
2015,Nov,17,17-Nov-2015,18-Nov-15,0.2909
2015,Nov,18,18-Nov-2015,19-Nov-15,0.294
2015,Nov,19,19-Nov-2015,20-Nov-15,0.2946
2015,Nov,20,20-Nov-2015,23-Nov-15,0.297
2015,Nov,23,23-Nov-2015,24-Nov-15,0.299
2015,Nov,24,24-Nov-2015,25-Nov-15,0.2998
2015,Nov,25,25-Nov-2015,26-Nov-15,0.2907
2015,Nov,26,26-Nov-2015,27-Nov-15,0.2867
2015,Nov,27,27-Nov-2015,30-Nov-15,0.302
2015,Nov,30,30-Nov-2015,1-Dec-15,0.3049
2015,Dec,01,01-Dec-2015,2-Dec-15,0.3071
2015,Dec,02,02-Dec-2015,3-Dec-15,0.3101
2015,Dec,03,03-Dec-2015,4-Dec-15,0.3123
2015,Dec,04,04-Dec-2015,7-Dec-15,0.3202
2015,Dec,07,07-Dec-2015,8-Dec-15,0.3218
2015,Dec,08,08-Dec-2015,9-Dec-15,0.3223
2015,Dec,09,09-Dec-2015,10-Dec-15,0.3234
2015,Dec,10,10-Dec-2015,11-Dec-15,0.3215
2015,Dec,11,11-Dec-2015,14-Dec-15,0.3195
2015,Dec,14,14-Dec-2015,15-Dec-15,0.32
2015,Dec,15,15-Dec-2015,16-Dec-15,0.3211
2015,Dec,16,16-Dec-2015,17-Dec-15,0.3228
2015,Dec,17,17-Dec-2015,18-Dec-15,0.324
2015,Dec,18,18-Dec-2015,21-Dec-15,0.324
2015,Dec,21,21-Dec-2015,22-Dec-15,0.3241
2015,Dec,22,22-Dec-2015,23-Dec-15,0.3241
2015,Dec,23,23-Dec-2015,24-Dec-15,0.3256
2015,Dec,24,24-Dec-2015,28-Dec-15,0.3267
2015,Dec,28,28-Dec-2015,29-Dec-15,0.3278
2015,Dec,29,29-Dec-2015,30-Dec-15,0.3288
2015,Dec,30,30-Dec-2015,31-Dec-15,0.3282
2015,Dec,31,31-Dec-2015,4-Jan-16,0.3483
2016,Jan,04,04-Jan-2016,5-Jan-16,0.3493
2016,Jan,05,05-Jan-2016,6-Jan-16,0.3486
2016,Jan,06,06-Jan-2016,7-Jan-16,0.3508
2016,Jan,07,07-Jan-2016,8-Jan-16,0.356
2016,Jan,08,08-Jan-2016,11-Jan-16,0.3761
2016,Jan,11,11-Jan-2016,12-Jan-16,0.3858
2016,Jan,12,12-Jan-2016,13-Jan-16,0.3923
2016,Jan,13,13-Jan-2016,14-Jan-16,0.3979
2016,Jan,14,14-Jan-2016,15-Jan-16,0.3995
2016,Jan,15,15-Jan-2016,18-Jan-16,0.3994
2016,Jan,18,18-Jan-2016,19-Jan-16,0.4007
2016,Jan,19,19-Jan-2016,20-Jan-16,0.4013
2016,Jan,20,20-Jan-2016,21-Jan-16,0.4029
2016,Jan,21,21-Jan-2016,22-Jan-16,0.4025
2016,Jan,22,22-Jan-2016,25-Jan-16,0.392
2016,Jan,25,25-Jan-2016,26-Jan-16,0.3875
2016,Jan,26,26-Jan-2016,27-Jan-16,0.3851
2016,Jan,27,27-Jan-2016,28-Jan-16,0.3822
2016,Jan,28,28-Jan-2016,29-Jan-16,0.3769
2016,Jan,29,29-Jan-2016,1-Feb-16,0.3526
2016,Feb,01,01-Feb-2016,2-Feb-16,0.3434
2016,Feb,02,02-Feb-2016,3-Feb-16,0.3387
2016,Feb,03,03-Feb-2016,4-Feb-16,0.3383
2016,Feb,04,04-Feb-2016,5-Feb-16,0.3398
2016,Feb,05,05-Feb-2016,10-Feb-16,0.3464
2016,Feb,10,10-Feb-2016,11-Feb-16,0.3457
2016,Feb,11,11-Feb-2016,12-Feb-16,0.3458
2016,Feb,12,12-Feb-2016,15-Feb-16,0.3354
2016,Feb,15,15-Feb-2016,16-Feb-16,0.33
2016,Feb,16,16-Feb-2016,17-Feb-16,0.3257
2016,Feb,17,17-Feb-2016,18-Feb-16,0.3233
2016,Feb,18,18-Feb-2016,19-Feb-16,0.3221
2016,Feb,19,19-Feb-2016,22-Feb-16,0.3223
2016,Feb,22,22-Feb-2016,23-Feb-16,0.323
2016,Feb,23,23-Feb-2016,24-Feb-16,0.3213
2016,Feb,24,24-Feb-2016,25-Feb-16,0.3174
2016,Feb,25,25-Feb-2016,26-Feb-16,0.3169
2016,Feb,26,26-Feb-2016,29-Feb-16,0.3086
2016,Feb,29,29-Feb-2016,1-Mar-16,0.3027
2016,Mar,01,01-Mar-2016,2-Mar-16,0.3036
2016,Mar,02,02-Mar-2016,3-Mar-16,0.3037
2016,Mar,03,03-Mar-2016,4-Mar-16,0.3052
2016,Mar,04,04-Mar-2016,7-Mar-16,0.3045
2016,Mar,07,07-Mar-2016,8-Mar-16,0.3052
2016,Mar,08,08-Mar-2016,9-Mar-16,0.3063
2016,Mar,09,09-Mar-2016,10-Mar-16,0.3073
2016,Mar,10,10-Mar-2016,11-Mar-16,0.3095
2016,Mar,11,11-Mar-2016,14-Mar-16,0.3112
2016,Mar,14,14-Mar-2016,15-Mar-16,0.3118
2016,Mar,15,15-Mar-2016,16-Mar-16,0.3117
2016,Mar,16,16-Mar-2016,17-Mar-16,0.3107
2016,Mar,17,17-Mar-2016,18-Mar-16,0.309
2016,Mar,18,18-Mar-2016,21-Mar-16,0.3105
2016,Mar,21,21-Mar-2016,22-Mar-16,0.312
2016,Mar,22,22-Mar-2016,23-Mar-16,0.3128
2016,Mar,23,23-Mar-2016,24-Mar-16,0.3125
2016,Mar,24,24-Mar-2016,28-Mar-16,0.3161
2016,Mar,28,28-Mar-2016,29-Mar-16,0.3161
2016,Mar,29,29-Mar-2016,30-Mar-16,0.3157
2016,Mar,30,30-Mar-2016,31-Mar-16,0.3139
2016,Mar,31,31-Mar-2016,1-Apr-16,0.3075
2016,Apr,01,01-Apr-2016,4-Apr-16,0.2921
2016,Apr,04,04-Apr-2016,5-Apr-16,0.2907
2016,Apr,05,05-Apr-2016,6-Apr-16,0.2917
2016,Apr,06,06-Apr-2016,7-Apr-16,0.2887
2016,Apr,07,07-Apr-2016,8-Apr-16,0.2842
2016,Apr,08,08-Apr-2016,11-Apr-16,0.2688
2016,Apr,11,11-Apr-2016,12-Apr-16,0.261
2016,Apr,12,12-Apr-2016,13-Apr-16,0.2554
2016,Apr,13,13-Apr-2016,14-Apr-16,0.251
2016,Apr,14,14-Apr-2016,15-Apr-16,0.2526
2016,Apr,15,15-Apr-2016,18-Apr-16,0.2595
2016,Apr,18,18-Apr-2016,19-Apr-16,0.2587
2016,Apr,19,19-Apr-2016,20-Apr-16,0.259
2016,Apr,20,20-Apr-2016,21-Apr-16,0.26
2016,Apr,21,21-Apr-2016,22-Apr-16,0.264
2016,Apr,22,22-Apr-2016,25-Apr-16,0.2812
2016,Apr,25,25-Apr-2016,26-Apr-16,0.2861
2016,Apr,26,26-Apr-2016,27-Apr-16,0.2917
2016,Apr,27,27-Apr-2016,28-Apr-16,0.2972
2016,Apr,28,28-Apr-2016,29-Apr-16,0.2987
2016,Apr,29,29-Apr-2016,3-May-16,0.309
2016,May,03,03-May-2016,4-May-16,0.312
2016,May,04,04-May-2016,5-May-16,0.3113
2016,May,05,05-May-2016,6-May-16,0.3095
2016,May,06,06-May-2016,9-May-16,0.3093
2016,May,09,09-May-2016,10-May-16,0.3091
2016,May,10,10-May-2016,11-May-16,0.309
2016,May,11,11-May-2016,12-May-16,0.3087
2016,May,12,12-May-2016,13-May-16,0.308
2016,May,13,13-May-2016,16-May-16,0.3059
2016,May,16,16-May-2016,17-May-16,0.3043
2016,May,17,17-May-2016,18-May-16,0.3013
2016,May,18,18-May-2016,19-May-16,0.2988
2016,May,19,19-May-2016,20-May-16,0.2978
2016,May,20,20-May-2016,23-May-16,0.2924
2016,May,23,23-May-2016,24-May-16,0.2919
2016,May,24,24-May-2016,25-May-16,0.2903
2016,May,25,25-May-2016,26-May-16,0.2902
2016,May,26,26-May-2016,27-May-16,0.2891
2016,May,27,27-May-2016,30-May-16,0.2859
2016,May,30,30-May-2016,31-May-16,0.2867
2016,May,31,31-May-2016,1-Jun-16,0.2836
2016,Jun,01,01-Jun-2016,2-Jun-16,0.2809
2016,Jun,02,02-Jun-2016,3-Jun-16,0.2773
2016,Jun,03,03-Jun-2016,6-Jun-16,0.2706
2016,Jun,06,06-Jun-2016,7-Jun-16,0.2694
2016,Jun,07,07-Jun-2016,8-Jun-16,0.2668
2016,Jun,08,08-Jun-2016,9-Jun-16,0.2634
2016,Jun,09,09-Jun-2016,10-Jun-16,0.2608
2016,Jun,10,10-Jun-2016,13-Jun-16,0.2544
2016,Jun,13,13-Jun-2016,14-Jun-16,0.2522
2016,Jun,14,14-Jun-2016,15-Jun-16,0.2495
2016,Jun,15,15-Jun-2016,16-Jun-16,0.2469
2016,Jun,16,16-Jun-2016,17-Jun-16,0.2447
2016,Jun,17,17-Jun-2016,20-Jun-16,0.2401
2016,Jun,20,20-Jun-2016,21-Jun-16,0.2384
2016,Jun,21,21-Jun-2016,22-Jun-16,0.236
2016,Jun,22,22-Jun-2016,23-Jun-16,0.2336
2016,Jun,23,23-Jun-2016,24-Jun-16,0.2316
2016,Jun,24,24-Jun-2016,27-Jun-16,0.2253
2016,Jun,27,27-Jun-2016,28-Jun-16,0.2232
2016,Jun,28,28-Jun-2016,29-Jun-16,0.2208
2016,Jun,29,29-Jun-2016,30-Jun-16,0.221
2016,Jun,30,30-Jun-2016,1-Jul-16,0.2257
2016,Jul,01,01-Jul-2016,4-Jul-16,0.2223
2016,Jul,04,04-Jul-2016,5-Jul-16,0.2207
2016,Jul,05,05-Jul-2016,7-Jul-16,0.2175
2016,Jul,07,07-Jul-2016,8-Jul-16,0.2162
2016,Jul,08,08-Jul-2016,11-Jul-16,0.2121
2016,Jul,11,11-Jul-2016,12-Jul-16,0.2105
2016,Jul,12,12-Jul-2016,13-Jul-16,0.2098
2016,Jul,13,13-Jul-2016,14-Jul-16,0.2088
2016,Jul,14,14-Jul-2016,15-Jul-16,0.2061
2016,Jul,15,15-Jul-2016,18-Jul-16,0.1979
2016,Jul,18,18-Jul-2016,19-Jul-16,0.1958
2016,Jul,19,19-Jul-2016,20-Jul-16,0.1931
2016,Jul,20,20-Jul-2016,21-Jul-16,0.1909
2016,Jul,21,21-Jul-2016,22-Jul-16,0.191
2016,Jul,22,22-Jul-2016,25-Jul-16,0.1802
2016,Jul,25,25-Jul-2016,26-Jul-16,0.1806
2016,Jul,26,26-Jul-2016,27-Jul-16,0.1819
2016,Jul,27,27-Jul-2016,28-Jul-16,0.1846
2016,Jul,28,28-Jul-2016,29-Jul-16,0.1892
2016,Jul,29,29-Jul-2016,1-Aug-16,0.1903
2016,Aug,01,01-Aug-2016,2-Aug-16,0.1879
2016,Aug,02,02-Aug-2016,3-Aug-16,0.1842
2016,Aug,03,03-Aug-2016,4-Aug-16,0.179
2016,Aug,04,04-Aug-2016,5-Aug-16,0.177
2016,Aug,05,05-Aug-2016,8-Aug-16,0.1694
2016,Aug,08,08-Aug-2016,10-Aug-16,0.1633
2016,Aug,10,10-Aug-2016,11-Aug-16,0.162
2016,Aug,11,11-Aug-2016,12-Aug-16,0.1616
2016,Aug,12,12-Aug-2016,15-Aug-16,0.159
2016,Aug,15,15-Aug-2016,16-Aug-16,0.1585
2016,Aug,16,16-Aug-2016,17-Aug-16,0.1585
2016,Aug,17,17-Aug-2016,18-Aug-16,0.1589
2016,Aug,18,18-Aug-2016,19-Aug-16,0.1588
2016,Aug,19,19-Aug-2016,22-Aug-16,0.1559
2016,Aug,22,22-Aug-2016,23-Aug-16,0.155
2016,Aug,23,23-Aug-2016,24-Aug-16,0.1529
2016,Aug,24,24-Aug-2016,25-Aug-16,0.1509
2016,Aug,25,25-Aug-2016,26-Aug-16,0.1482
2016,Aug,26,26-Aug-2016,29-Aug-16,0.1465
2016,Aug,29,29-Aug-2016,30-Aug-16,0.148
2016,Aug,30,30-Aug-2016,31-Aug-16,0.1457
2016,Aug,31,31-Aug-2016,1-Sep-16,0.1473
2016,Sep,01,01-Sep-2016,2-Sep-16,0.1457
2016,Sep,02,02-Sep-2016,5-Sep-16,0.1447
2016,Sep,05,05-Sep-2016,6-Sep-16,0.1443
2016,Sep,06,06-Sep-2016,7-Sep-16,0.1431
2016,Sep,07,07-Sep-2016,8-Sep-16,0.1428
2016,Sep,08,08-Sep-2016,9-Sep-16,0.1424
2016,Sep,09,09-Sep-2016,13-Sep-16,0.1393
2016,Sep,13,13-Sep-2016,14-Sep-16,0.1387
2016,Sep,14,14-Sep-2016,15-Sep-16,0.139
2016,Sep,15,15-Sep-2016,16-Sep-16,0.1389
2016,Sep,16,16-Sep-2016,19-Sep-16,0.1381
2016,Sep,19,19-Sep-2016,20-Sep-16,0.1378
2016,Sep,20,20-Sep-2016,21-Sep-16,0.1375
2016,Sep,21,21-Sep-2016,22-Sep-16,0.1373
2016,Sep,22,22-Sep-2016,23-Sep-16,0.1373
2016,Sep,23,23-Sep-2016,26-Sep-16,0.1368
2016,Sep,26,26-Sep-2016,27-Sep-16,0.1367
2016,Sep,27,27-Sep-2016,28-Sep-16,0.1366
2016,Sep,28,28-Sep-2016,29-Sep-16,0.1371
2016,Sep,29,29-Sep-2016,30-Sep-16,0.1371
2016,Sep,30,30-Sep-2016,3-Oct-16,0.1331
2016,Oct,03,03-Oct-2016,4-Oct-16,0.1321
2016,Oct,04,04-Oct-2016,5-Oct-16,0.131
2016,Oct,05,05-Oct-2016,6-Oct-16,0.1303
2016,Oct,06,06-Oct-2016,7-Oct-16,0.1298
2016,Oct,07,07-Oct-2016,10-Oct-16,0.1312
2016,Oct,10,10-Oct-2016,11-Oct-16,0.1314
2016,Oct,11,11-Oct-2016,12-Oct-16,0.132
2016,Oct,12,12-Oct-2016,13-Oct-16,0.1325
2016,Oct,13,13-Oct-2016,14-Oct-16,0.1324
2016,Oct,14,14-Oct-2016,17-Oct-16,0.1317
2016,Oct,17,17-Oct-2016,18-Oct-16,0.1307
2016,Oct,18,18-Oct-2016,19-Oct-16,0.1303
2016,Oct,19,19-Oct-2016,20-Oct-16,0.1302
2016,Oct,20,20-Oct-2016,21-Oct-16,0.1291
2016,Oct,21,21-Oct-2016,24-Oct-16,0.1214
2016,Oct,24,24-Oct-2016,25-Oct-16,0.1196
2016,Oct,25,25-Oct-2016,26-Oct-16,0.1136
2016,Oct,26,26-Oct-2016,27-Oct-16,0.1059
2016,Oct,27,27-Oct-2016,28-Oct-16,0.097
2016,Oct,28,28-Oct-2016,31-Oct-16,0.0839
2016,Oct,31,31-Oct-2016,1-Nov-16,0.0807
2016,Nov,01,01-Nov-2016,2-Nov-16,0.0794
2016,Nov,02,02-Nov-2016,3-Nov-16,0.0794
2016,Nov,03,03-Nov-2016,4-Nov-16,0.0796
2016,Nov,04,04-Nov-2016,7-Nov-16,0.0816
2016,Nov,07,07-Nov-2016,8-Nov-16,0.082
2016,Nov,08,08-Nov-2016,9-Nov-16,0.0828
2016,Nov,09,09-Nov-2016,10-Nov-16,0.0835
2016,Nov,10,10-Nov-2016,11-Nov-16,0.0842
2016,Nov,11,11-Nov-2016,14-Nov-16,0.0848
2016,Nov,14,14-Nov-2016,15-Nov-16,0.0857
2016,Nov,15,15-Nov-2016,16-Nov-16,0.086
2016,Nov,16,16-Nov-2016,17-Nov-16,0.0861
2016,Nov,17,17-Nov-2016,18-Nov-16,0.0853
2016,Nov,18,18-Nov-2016,21-Nov-16,0.0841
2016,Nov,21,21-Nov-2016,22-Nov-16,0.0845
2016,Nov,22,22-Nov-2016,23-Nov-16,0.0847
2016,Nov,23,23-Nov-2016,24-Nov-16,0.0847
2016,Nov,24,24-Nov-2016,25-Nov-16,0.0851
2016,Nov,25,25-Nov-2016,28-Nov-16,0.0906
2016,Nov,28,28-Nov-2016,29-Nov-16,0.0907
2016,Nov,29,29-Nov-2016,30-Nov-16,0.0894
2016,Nov,30,30-Nov-2016,1-Dec-16,0.0854
2016,Dec,01,01-Dec-2016,2-Dec-16,0.0849
2016,Dec,02,02-Dec-2016,5-Dec-16,0.0838
2016,Dec,05,05-Dec-2016,6-Dec-16,0.084
2016,Dec,06,06-Dec-2016,7-Dec-16,0.0847
2016,Dec,07,07-Dec-2016,8-Dec-16,0.0851
2016,Dec,08,08-Dec-2016,9-Dec-16,0.0861
2016,Dec,09,09-Dec-2016,12-Dec-16,0.089
2016,Dec,12,12-Dec-2016,13-Dec-16,0.0904
2016,Dec,13,13-Dec-2016,14-Dec-16,0.0942
2016,Dec,14,14-Dec-2016,15-Dec-16,0.0975
2016,Dec,15,15-Dec-2016,16-Dec-16,0.1014
2016,Dec,16,16-Dec-2016,19-Dec-16,0.108
2016,Dec,19,19-Dec-2016,20-Dec-16,0.1115
2016,Dec,20,20-Dec-2016,21-Dec-16,0.1143
2016,Dec,21,21-Dec-2016,22-Dec-16,0.1163
2016,Dec,22,22-Dec-2016,23-Dec-16,0.1169
2016,Dec,23,23-Dec-2016,27-Dec-16,0.1235
2016,Dec,27,27-Dec-2016,28-Dec-16,0.1258
2016,Dec,28,28-Dec-2016,29-Dec-16,0.1288
2016,Dec,29,29-Dec-2016,30-Dec-16,0.1313
2016,Dec,30,30-Dec-2016,3-Jan-17,0.1458
2017,Jan,03,03-Jan-2017,4-Jan-17,0.1478
2017,Jan,04,04-Jan-2017,5-Jan-17,0.1488
2017,Jan,05,05-Jan-2017,6-Jan-17,0.1494
2017,Jan,06,06-Jan-2017,9-Jan-17,0.1498
2017,Jan,09,09-Jan-2017,10-Jan-17,0.149
2017,Jan,10,10-Jan-2017,11-Jan-17,0.1485
2017,Jan,11,11-Jan-2017,12-Jan-17,0.1476
2017,Jan,12,12-Jan-2017,13-Jan-17,0.147
2017,Jan,13,13-Jan-2017,16-Jan-17,0.149
2017,Jan,16,16-Jan-2017,17-Jan-17,0.1493
2017,Jan,17,17-Jan-2017,18-Jan-17,0.1507
2017,Jan,18,18-Jan-2017,19-Jan-17,0.1518
2017,Jan,19,19-Jan-2017,20-Jan-17,0.1523
2017,Jan,20,20-Jan-2017,23-Jan-17,0.1502
2017,Jan,23,23-Jan-2017,24-Jan-17,0.1493
2017,Jan,24,24-Jan-2017,25-Jan-17,0.1482
2017,Jan,25,25-Jan-2017,26-Jan-17,0.148
2017,Jan,26,26-Jan-2017,27-Jan-17,0.1493
2017,Jan,27,27-Jan-2017,31-Jan-17,0.1681
2017,Jan,31,31-Jan-2017,1-Feb-17,0.1688
2017,Feb,01,01-Feb-2017,2-Feb-17,0.1693
2017,Feb,02,02-Feb-2017,3-Feb-17,0.1706
2017,Feb,03,03-Feb-2017,6-Feb-17,0.182
2017,Feb,06,06-Feb-2017,7-Feb-17,0.1848
2017,Feb,07,07-Feb-2017,8-Feb-17,0.1855
2017,Feb,08,08-Feb-2017,9-Feb-17,0.1863
2017,Feb,09,09-Feb-2017,10-Feb-17,0.189
2017,Feb,10,10-Feb-2017,13-Feb-17,0.2051
2017,Feb,13,13-Feb-2017,14-Feb-17,0.2123
2017,Feb,14,14-Feb-2017,15-Feb-17,0.2154
2017,Feb,15,15-Feb-2017,16-Feb-17,0.2162
2017,Feb,16,16-Feb-2017,17-Feb-17,0.2165
2017,Feb,17,17-Feb-2017,20-Feb-17,0.2203
2017,Feb,20,20-Feb-2017,21-Feb-17,0.2215
2017,Feb,21,21-Feb-2017,22-Feb-17,0.2259
2017,Feb,22,22-Feb-2017,23-Feb-17,0.2316
2017,Feb,23,23-Feb-2017,24-Feb-17,0.2371
2017,Feb,24,24-Feb-2017,27-Feb-17,0.2365
2017,Feb,27,27-Feb-2017,28-Feb-17,0.2364
2017,Feb,28,28-Feb-2017,1-Mar-17,0.2413
2017,Mar,01,01-Mar-2017,2-Mar-17,0.2442
2017,Mar,02,02-Mar-2017,3-Mar-17,0.2455
2017,Mar,03,03-Mar-2017,6-Mar-17,0.2494
2017,Mar,06,06-Mar-2017,7-Mar-17,0.2507
2017,Mar,07,07-Mar-2017,8-Mar-17,0.2515
2017,Mar,08,08-Mar-2017,9-Mar-17,0.2509
2017,Mar,09,09-Mar-2017,10-Mar-17,0.251
2017,Mar,10,10-Mar-2017,13-Mar-17,0.2517
2017,Mar,13,13-Mar-2017,14-Mar-17,0.2486
2017,Mar,14,14-Mar-2017,15-Mar-17,0.246
2017,Mar,15,15-Mar-2017,16-Mar-17,0.243
2017,Mar,16,16-Mar-2017,17-Mar-17,0.2442
2017,Mar,17,17-Mar-2017,20-Mar-17,0.2509
2017,Mar,20,20-Mar-2017,21-Mar-17,0.2545
2017,Mar,21,21-Mar-2017,22-Mar-17,0.2558
2017,Mar,22,22-Mar-2017,23-Mar-17,0.2582
2017,Mar,23,23-Mar-2017,24-Mar-17,0.2572
2017,Mar,24,24-Mar-2017,27-Mar-17,0.2592
2017,Mar,27,27-Mar-2017,28-Mar-17,0.2585
2017,Mar,28,28-Mar-2017,29-Mar-17,0.2562
2017,Mar,29,29-Mar-2017,30-Mar-17,0.257
2017,Mar,30,30-Mar-2017,31-Mar-17,0.2567
2017,Mar,31,31-Mar-2017,3-Apr-17,0.2604
2017,Apr,03,03-Apr-2017,4-Apr-17,0.2655
2017,Apr,04,04-Apr-2017,5-Apr-17,0.2683
2017,Apr,05,05-Apr-2017,6-Apr-17,0.2705
2017,Apr,06,06-Apr-2017,7-Apr-17,0.2717
2017,Apr,07,07-Apr-2017,10-Apr-17,0.2748
2017,Apr,10,10-Apr-2017,11-Apr-17,0.2774
2017,Apr,11,11-Apr-2017,12-Apr-17,0.2811
2017,Apr,12,12-Apr-2017,13-Apr-17,0.2859
2017,Apr,13,13-Apr-2017,17-Apr-17,0.3118
2017,Apr,17,17-Apr-2017,18-Apr-17,0.3148
2017,Apr,18,18-Apr-2017,19-Apr-17,0.3174
2017,Apr,19,19-Apr-2017,20-Apr-17,0.319
2017,Apr,20,20-Apr-2017,21-Apr-17,0.3224
2017,Apr,21,21-Apr-2017,24-Apr-17,0.3362
2017,Apr,24,24-Apr-2017,25-Apr-17,0.3402
2017,Apr,25,25-Apr-2017,26-Apr-17,0.3448
2017,Apr,26,26-Apr-2017,27-Apr-17,0.3494
2017,Apr,27,27-Apr-2017,28-Apr-17,0.348
2017,Apr,28,28-Apr-2017,2-May-17,0.3518
2017,May,02,02-May-2017,3-May-17,0.3545
2017,May,03,03-May-2017,4-May-17,0.3557
2017,May,04,04-May-2017,5-May-17,0.3555
2017,May,05,05-May-2017,8-May-17,0.3615
2017,May,08,08-May-2017,9-May-17,0.3654
2017,May,09,09-May-2017,11-May-17,0.3666
2017,May,11,11-May-2017,12-May-17,0.3662
2017,May,12,12-May-2017,15-May-17,0.3673
2017,May,15,15-May-2017,16-May-17,0.3713
2017,May,16,16-May-2017,17-May-17,0.3784
2017,May,17,17-May-2017,18-May-17,0.383
2017,May,18,18-May-2017,19-May-17,0.387
2017,May,19,19-May-2017,22-May-17,0.3964
2017,May,22,22-May-2017,23-May-17,0.3959
2017,May,23,23-May-2017,24-May-17,0.3941
2017,May,24,24-May-2017,25-May-17,0.3962
2017,May,25,25-May-2017,26-May-17,0.3975
2017,May,26,26-May-2017,29-May-17,0.4021
2017,May,29,29-May-2017,30-May-17,0.4017
2017,May,30,30-May-2017,31-May-17,0.4021
2017,May,31,31-May-2017,1-Jun-17,0.4018
2017,Jun,01,01-Jun-2017,2-Jun-17,0.4025
2017,Jun,02,02-Jun-2017,5-Jun-17,0.4153
2017,Jun,05,05-Jun-2017,6-Jun-17,0.4201
2017,Jun,06,06-Jun-2017,7-Jun-17,0.4253
2017,Jun,07,07-Jun-2017,8-Jun-17,0.4328
2017,Jun,08,08-Jun-2017,9-Jun-17,0.4372
2017,Jun,09,09-Jun-2017,12-Jun-17,0.4411
2017,Jun,12,12-Jun-2017,13-Jun-17,0.442
2017,Jun,13,13-Jun-2017,14-Jun-17,0.4419
2017,Jun,14,14-Jun-2017,15-Jun-17,0.4416
2017,Jun,15,15-Jun-2017,16-Jun-17,0.442
2017,Jun,16,16-Jun-2017,19-Jun-17,0.4321
2017,Jun,19,19-Jun-2017,20-Jun-17,0.4285
2017,Jun,20,20-Jun-2017,21-Jun-17,0.4234
2017,Jun,21,21-Jun-2017,22-Jun-17,0.4226
2017,Jun,22,22-Jun-2017,23-Jun-17,0.4241
2017,Jun,23,23-Jun-2017,27-Jun-17,0.4635
2017,Jun,27,27-Jun-2017,28-Jun-17,0.4689
2017,Jun,28,28-Jun-2017,29-Jun-17,0.4768
2017,Jun,29,29-Jun-2017,30-Jun-17,0.4846
2017,Jun,30,30-Jun-2017,3-Jul-17,0.4935
2017,Jul,03,03-Jul-2017,4-Jul-17,0.495
2017,Jul,04,04-Jul-2017,5-Jul-17,0.5042
2017,Jul,05,05-Jul-2017,6-Jul-17,0.5143
2017,Jul,06,06-Jul-2017,7-Jul-17,0.5222
2017,Jul,07,07-Jul-2017,10-Jul-17,0.5551
2017,Jul,10,10-Jul-2017,11-Jul-17,0.5652
2017,Jul,11,11-Jul-2017,12-Jul-17,0.5728
2017,Jul,12,12-Jul-2017,13-Jul-17,0.5785
2017,Jul,13,13-Jul-2017,14-Jul-17,0.5768
2017,Jul,14,14-Jul-2017,17-Jul-17,0.5663
2017,Jul,17,17-Jul-2017,18-Jul-17,0.565
2017,Jul,18,18-Jul-2017,19-Jul-17,0.5639
2017,Jul,19,19-Jul-2017,20-Jul-17,0.5658
2017,Jul,20,20-Jul-2017,21-Jul-17,0.5682
2017,Jul,21,21-Jul-2017,24-Jul-17,0.5753
2017,Jul,24,24-Jul-2017,25-Jul-17,0.579
2017,Jul,25,25-Jul-2017,26-Jul-17,0.5822
2017,Jul,26,26-Jul-2017,27-Jul-17,0.5837
2017,Jul,27,27-Jul-2017,28-Jul-17,0.5858
2017,Jul,28,28-Jul-2017,31-Jul-17,0.5935
2017,Jul,31,31-Jul-2017,1-Aug-17,0.5993
2017,Aug,01,01-Aug-2017,2-Aug-17,0.6041
2017,Aug,02,02-Aug-2017,3-Aug-17,0.6094
2017,Aug,03,03-Aug-2017,4-Aug-17,0.6104
2017,Aug,04,04-Aug-2017,7-Aug-17,0.6184
2017,Aug,07,07-Aug-2017,8-Aug-17,0.6187
2017,Aug,08,08-Aug-2017,10-Aug-17,0.6173
2017,Aug,10,10-Aug-2017,11-Aug-17,0.6162
2017,Aug,11,11-Aug-2017,14-Aug-17,0.6132
2017,Aug,14,14-Aug-2017,15-Aug-17,0.6142
2017,Aug,15,15-Aug-2017,16-Aug-17,0.6162
2017,Aug,16,16-Aug-2017,17-Aug-17,0.6167
2017,Aug,17,17-Aug-2017,18-Aug-17,0.6177
2017,Aug,18,18-Aug-2017,21-Aug-17,0.6267
2017,Aug,21,21-Aug-2017,22-Aug-17,0.6299
2017,Aug,22,22-Aug-2017,23-Aug-17,0.6336
2017,Aug,23,23-Aug-2017,24-Aug-17,0.6397
2017,Aug,24,24-Aug-2017,25-Aug-17,0.6463
2017,Aug,25,25-Aug-2017,28-Aug-17,0.6736
2017,Aug,28,28-Aug-2017,29-Aug-17,0.6811
2017,Aug,29,29-Aug-2017,30-Aug-17,0.6835
2017,Aug,30,30-Aug-2017,31-Aug-17,0.6819
2017,Aug,31,31-Aug-2017,4-Sep-17,0.6832
2017,Sep,04,04-Sep-2017,5-Sep-17,0.6865
2017,Sep,05,05-Sep-2017,6-Sep-17,0.6895
2017,Sep,06,06-Sep-2017,7-Sep-17,0.6898
2017,Sep,07,07-Sep-2017,8-Sep-17,0.6873
2017,Sep,08,08-Sep-2017,11-Sep-17,0.6997
2017,Sep,11,11-Sep-2017,12-Sep-17,0.7057
2017,Sep,12,12-Sep-2017,13-Sep-17,0.711
2017,Sep,13,13-Sep-2017,14-Sep-17,0.7149
2017,Sep,14,14-Sep-2017,15-Sep-17,0.7172
2017,Sep,15,15-Sep-2017,18-Sep-17,0.7215
2017,Sep,18,18-Sep-2017,19-Sep-17,0.7256
2017,Sep,19,19-Sep-2017,20-Sep-17,0.7294
2017,Sep,20,20-Sep-2017,21-Sep-17,0.7352
2017,Sep,21,21-Sep-2017,22-Sep-17,0.7393
2017,Sep,22,22-Sep-2017,25-Sep-17,0.7328
2017,Sep,25,25-Sep-2017,26-Sep-17,0.7269
2017,Sep,26,26-Sep-2017,27-Sep-17,0.7207
2017,Sep,27,27-Sep-2017,28-Sep-17,0.7199
2017,Sep,28,28-Sep-2017,29-Sep-17,0.716
2017,Sep,29,29-Sep-2017,2-Oct-17,0.7045
2017,Oct,02,02-Oct-2017,3-Oct-17,0.702
2017,Oct,03,03-Oct-2017,4-Oct-17,0.6992
2017,Oct,04,04-Oct-2017,5-Oct-17,0.6899
2017,Oct,05,05-Oct-2017,6-Oct-17,0.6816
2017,Oct,06,06-Oct-2017,9-Oct-17,0.6657
2017,Oct,09,09-Oct-2017,10-Oct-17,0.6597
2017,Oct,10,10-Oct-2017,11-Oct-17,0.6531
2017,Oct,11,11-Oct-2017,12-Oct-17,0.6488
2017,Oct,12,12-Oct-2017,13-Oct-17,0.6455
2017,Oct,13,13-Oct-2017,16-Oct-17,0.6535
2017,Oct,16,16-Oct-2017,17-Oct-17,0.6568
2017,Oct,17,17-Oct-2017,19-Oct-17,0.6657
2017,Oct,19,19-Oct-2017,20-Oct-17,0.6721
2017,Oct,20,20-Oct-2017,23-Oct-17,0.6954
2017,Oct,23,23-Oct-2017,24-Oct-17,0.7031
2017,Oct,24,24-Oct-2017,25-Oct-17,0.708
2017,Oct,25,25-Oct-2017,26-Oct-17,0.714
2017,Oct,26,26-Oct-2017,27-Oct-17,0.7182
2017,Oct,27,27-Oct-2017,30-Oct-17,0.7326
2017,Oct,30,30-Oct-2017,31-Oct-17,0.7374
2017,Oct,31,31-Oct-2017,1-Nov-17,0.7386
2017,Nov,01,01-Nov-2017,2-Nov-17,0.7403
2017,Nov,02,02-Nov-2017,3-Nov-17,0.7384
2017,Nov,03,03-Nov-2017,6-Nov-17,0.7436
2017,Nov,06,06-Nov-2017,7-Nov-17,0.7438
2017,Nov,07,07-Nov-2017,8-Nov-17,0.7463
2017,Nov,08,08-Nov-2017,9-Nov-17,0.7503
2017,Nov,09,09-Nov-2017,10-Nov-17,0.7545
2017,Nov,10,10-Nov-2017,13-Nov-17,0.773
2017,Nov,13,13-Nov-2017,14-Nov-17,0.7756
2017,Nov,14,14-Nov-2017,15-Nov-17,0.7757
2017,Nov,15,15-Nov-2017,16-Nov-17,0.7741
2017,Nov,16,16-Nov-2017,17-Nov-17,0.7716
2017,Nov,17,17-Nov-2017,20-Nov-17,0.7645
2017,Nov,20,20-Nov-2017,21-Nov-17,0.7609
2017,Nov,21,21-Nov-2017,22-Nov-17,0.7543
2017,Nov,22,22-Nov-2017,23-Nov-17,0.7464
2017,Nov,23,23-Nov-2017,24-Nov-17,0.7397
2017,Nov,24,24-Nov-2017,27-Nov-17,0.719
2017,Nov,27,27-Nov-2017,28-Nov-17,0.7127
2017,Nov,28,28-Nov-2017,29-Nov-17,0.7089
2017,Nov,29,29-Nov-2017,30-Nov-17,0.7155
2017,Nov,30,30-Nov-2017,1-Dec-17,0.7284
2017,Dec,01,01-Dec-2017,4-Dec-17,0.7512
2017,Dec,04,04-Dec-2017,5-Dec-17,0.7525
2017,Dec,05,05-Dec-2017,6-Dec-17,0.7518
2017,Dec,06,06-Dec-2017,7-Dec-17,0.7518
2017,Dec,07,07-Dec-2017,8-Dec-17,0.7533
2017,Dec,08,08-Dec-2017,11-Dec-17,0.7557
2017,Dec,11,11-Dec-2017,12-Dec-17,0.7558
2017,Dec,12,12-Dec-2017,13-Dec-17,0.7581
2017,Dec,13,13-Dec-2017,14-Dec-17,0.7624
2017,Dec,14,14-Dec-2017,15-Dec-17,0.7672
2017,Dec,15,15-Dec-2017,18-Dec-17,0.7825
2017,Dec,18,18-Dec-2017,19-Dec-17,0.7859
2017,Dec,19,19-Dec-2017,20-Dec-17,0.7906
2017,Dec,20,20-Dec-2017,21-Dec-17,0.7933
2017,Dec,21,21-Dec-2017,22-Dec-17,0.7972
2017,Dec,22,22-Dec-2017,26-Dec-17,0.8233
2017,Dec,26,26-Dec-2017,27-Dec-17,0.8303
2017,Dec,27,27-Dec-2017,28-Dec-17,0.8335
2017,Dec,28,28-Dec-2017,29-Dec-17,0.8358
2017,Dec,29,29-Dec-2017,2-Jan-18,0.8446
2018,Jan,02,02-Jan-2018,3-Jan-18,0.8468
2018,Jan,03,03-Jan-2018,4-Jan-18,0.8519
2018,Jan,04,04-Jan-2018,5-Jan-18,0.8545
2018,Jan,05,05-Jan-2018,8-Jan-18,0.8474
2018,Jan,08,08-Jan-2018,9-Jan-18,0.8413
2018,Jan,09,09-Jan-2018,10-Jan-18,0.835
2018,Jan,10,10-Jan-2018,11-Jan-18,0.8301
2018,Jan,11,11-Jan-2018,12-Jan-18,0.8234
2018,Jan,12,12-Jan-2018,15-Jan-18,0.8157
2018,Jan,15,15-Jan-2018,16-Jan-18,0.81
2018,Jan,16,16-Jan-2018,17-Jan-18,0.8034
2018,Jan,17,17-Jan-2018,18-Jan-18,0.7974
2018,Jan,18,18-Jan-2018,19-Jan-18,0.7908
2018,Jan,19,19-Jan-2018,22-Jan-18,0.7719
2018,Jan,22,22-Jan-2018,23-Jan-18,0.7639
2018,Jan,23,23-Jan-2018,24-Jan-18,0.7505
2018,Jan,24,24-Jan-2018,25-Jan-18,0.7386
2018,Jan,25,25-Jan-2018,26-Jan-18,0.7247
2018,Jan,26,26-Jan-2018,29-Jan-18,0.6944
2018,Jan,29,29-Jan-2018,30-Jan-18,0.6853
2018,Jan,30,30-Jan-2018,31-Jan-18,0.6798
2018,Jan,31,31-Jan-2018,1-Feb-18,0.6769
2018,Feb,01,01-Feb-2018,2-Feb-18,0.674
2018,Feb,02,02-Feb-2018,5-Feb-18,0.6802
2018,Feb,05,05-Feb-2018,6-Feb-18,0.6772
2018,Feb,06,06-Feb-2018,7-Feb-18,0.6762
2018,Feb,07,07-Feb-2018,8-Feb-18,0.6753
2018,Feb,08,08-Feb-2018,9-Feb-18,0.6755
2018,Feb,09,09-Feb-2018,12-Feb-18,0.6882
2018,Feb,12,12-Feb-2018,13-Feb-18,0.6924
2018,Feb,13,13-Feb-2018,14-Feb-18,0.6969
2018,Feb,14,14-Feb-2018,15-Feb-18,0.6962
2018,Feb,15,15-Feb-2018,19-Feb-18,0.6976
2018,Feb,19,19-Feb-2018,20-Feb-18,0.6998
2018,Feb,20,20-Feb-2018,21-Feb-18,0.7045
2018,Feb,21,21-Feb-2018,22-Feb-18,0.7139
2018,Feb,22,22-Feb-2018,23-Feb-18,0.7254
2018,Feb,23,23-Feb-2018,26-Feb-18,0.7618
2018,Feb,26,26-Feb-2018,27-Feb-18,0.7739
2018,Feb,27,27-Feb-2018,28-Feb-18,0.7832
2018,Feb,28,28-Feb-2018,1-Mar-18,0.7711
2018,Mar,01,01-Mar-2018,2-Mar-18,0.7618
2018,Mar,02,02-Mar-2018,5-Mar-18,0.7432
2018,Mar,05,05-Mar-2018,6-Mar-18,0.7434
2018,Mar,06,06-Mar-2018,7-Mar-18,0.7434
2018,Mar,07,07-Mar-2018,8-Mar-18,0.7459
2018,Mar,08,08-Mar-2018,9-Mar-18,0.7463
2018,Mar,09,09-Mar-2018,12-Mar-18,0.7474
2018,Mar,12,12-Mar-2018,13-Mar-18,0.7458
2018,Mar,13,13-Mar-2018,14-Mar-18,0.743
2018,Mar,14,14-Mar-2018,15-Mar-18,0.7412
2018,Mar,15,15-Mar-2018,16-Mar-18,0.7393
2018,Mar,16,16-Mar-2018,19-Mar-18,0.7232
2018,Mar,19,19-Mar-2018,20-Mar-18,0.7191
2018,Mar,20,20-Mar-2018,21-Mar-18,0.7163
2018,Mar,21,21-Mar-2018,22-Mar-18,0.7153
2018,Mar,22,22-Mar-2018,23-Mar-18,0.7096
2018,Mar,23,23-Mar-2018,26-Mar-18,0.6925
2018,Mar,26,26-Mar-2018,27-Mar-18,0.6867
2018,Mar,27,27-Mar-2018,28-Mar-18,0.684
2018,Mar,28,28-Mar-2018,29-Mar-18,0.682
2018,Mar,29,29-Mar-2018,2-Apr-18,0.6786
2018,Apr,02,02-Apr-2018,3-Apr-18,0.6773
2018,Apr,03,03-Apr-2018,4-Apr-18,0.6724
2018,Apr,04,04-Apr-2018,5-Apr-18,0.6704
2018,Apr,05,05-Apr-2018,6-Apr-18,0.6683
2018,Apr,06,06-Apr-2018,9-Apr-18,0.666
2018,Apr,09,09-Apr-2018,10-Apr-18,0.6674
2018,Apr,10,10-Apr-2018,11-Apr-18,0.6689
2018,Apr,11,11-Apr-2018,12-Apr-18,0.6713
2018,Apr,12,12-Apr-2018,13-Apr-18,0.6695
2018,Apr,13,13-Apr-2018,16-Apr-18,0.6699
2018,Apr,16,16-Apr-2018,17-Apr-18,0.6727
2018,Apr,17,17-Apr-2018,18-Apr-18,0.6756
2018,Apr,18,18-Apr-2018,19-Apr-18,0.6795
2018,Apr,19,19-Apr-2018,20-Apr-18,0.6839
2018,Apr,20,20-Apr-2018,23-Apr-18,0.7063
2018,Apr,23,23-Apr-2018,24-Apr-18,0.7169
2018,Apr,24,24-Apr-2018,25-Apr-18,0.7253
2018,Apr,25,25-Apr-2018,26-Apr-18,0.7343
2018,Apr,26,26-Apr-2018,27-Apr-18,0.7432
2018,Apr,27,27-Apr-2018,30-Apr-18,0.7942
2018,Apr,30,30-Apr-2018,2-May-18,0.8108
2018,May,02,02-May-2018,3-May-18,0.8121
2018,May,03,03-May-2018,4-May-18,0.8133
2018,May,04,04-May-2018,7-May-18,0.8288
2018,May,07,07-May-2018,8-May-18,0.8372
2018,May,08,08-May-2018,9-May-18,0.8456
2018,May,09,09-May-2018,10-May-18,0.8479
2018,May,10,10-May-2018,11-May-18,0.8442
2018,May,11,11-May-2018,14-May-18,0.8306
2018,May,14,14-May-2018,15-May-18,0.835
2018,May,15,15-May-2018,16-May-18,0.8363
2018,May,16,16-May-2018,17-May-18,0.8368
2018,May,17,17-May-2018,18-May-18,0.8349
2018,May,18,18-May-2018,21-May-18,0.8249
2018,May,21,21-May-2018,22-May-18,0.8199
2018,May,22,22-May-2018,23-May-18,0.8138
2018,May,23,23-May-2018,24-May-18,0.8103
2018,May,24,24-May-2018,25-May-18,0.804
2018,May,25,25-May-2018,28-May-18,0.7981
2018,May,28,28-May-2018,30-May-18,0.8139
2018,May,30,30-May-2018,31-May-18,0.822
2018,May,31,31-May-2018,1-Jun-18,0.8277
2018,Jun,01,01-Jun-2018,4-Jun-18,0.8435
2018,Jun,04,04-Jun-2018,5-Jun-18,0.8528
2018,Jun,05,05-Jun-2018,6-Jun-18,0.8601
2018,Jun,06,06-Jun-2018,7-Jun-18,0.8679
2018,Jun,07,07-Jun-2018,8-Jun-18,0.8695
2018,Jun,08,08-Jun-2018,11-Jun-18,0.8793
2018,Jun,11,11-Jun-2018,12-Jun-18,0.8822
2018,Jun,12,12-Jun-2018,13-Jun-18,0.8823
2018,Jun,13,13-Jun-2018,14-Jun-18,0.8822
2018,Jun,14,14-Jun-2018,18-Jun-18,0.896
2018,Jun,18,18-Jun-2018,19-Jun-18,0.8986
2018,Jun,19,19-Jun-2018,20-Jun-18,0.8967
2018,Jun,20,20-Jun-2018,21-Jun-18,0.8948
2018,Jun,21,21-Jun-2018,22-Jun-18,0.891
2018,Jun,22,22-Jun-2018,25-Jun-18,0.8814
2018,Jun,25,25-Jun-2018,26-Jun-18,0.8806
2018,Jun,26,26-Jun-2018,27-Jun-18,0.8834
2018,Jun,27,27-Jun-2018,28-Jun-18,0.8846
2018,Jun,28,28-Jun-2018,29-Jun-18,0.8872
2018,Jun,29,29-Jun-2018,2-Jul-18,0.9068
2018,Jul,02,02-Jul-2018,3-Jul-18,0.9103
2018,Jul,03,03-Jul-2018,4-Jul-18,0.9138
2018,Jul,04,04-Jul-2018,5-Jul-18,0.9183
2018,Jul,05,05-Jul-2018,6-Jul-18,0.9263
2018,Jul,06,06-Jul-2018,9-Jul-18,0.9683
2018,Jul,09,09-Jul-2018,10-Jul-18,0.982
2018,Jul,10,10-Jul-2018,11-Jul-18,0.9945
2018,Jul,11,11-Jul-2018,12-Jul-18,1.0066
2018,Jul,12,12-Jul-2018,13-Jul-18,1.017
2018,Jul,13,13-Jul-2018,16-Jul-18,1.0443
2018,Jul,16,16-Jul-2018,17-Jul-18,1.0532
2018,Jul,17,17-Jul-2018,18-Jul-18,1.0574
2018,Jul,18,18-Jul-2018,19-Jul-18,1.0621
2018,Jul,19,19-Jul-2018,20-Jul-18,1.061
2018,Jul,20,20-Jul-2018,23-Jul-18,1.0516
2018,Jul,23,23-Jul-2018,24-Jul-18,1.0547
2018,Jul,24,24-Jul-2018,25-Jul-18,1.0605
2018,Jul,25,25-Jul-2018,26-Jul-18,1.0619
2018,Jul,26,26-Jul-2018,27-Jul-18,1.0641
2018,Jul,27,27-Jul-2018,30-Jul-18,1.0555
2018,Jul,30,30-Jul-2018,31-Jul-18,1.0611
2018,Jul,31,31-Jul-2018,1-Aug-18,1.0639
2018,Aug,01,01-Aug-2018,2-Aug-18,1.0675
2018,Aug,02,02-Aug-2018,3-Aug-18,1.0737
2018,Aug,03,03-Aug-2018,6-Aug-18,1.0955
2018,Aug,06,06-Aug-2018,7-Aug-18,1.1027
2018,Aug,07,07-Aug-2018,8-Aug-18,1.1032
2018,Aug,08,08-Aug-2018,10-Aug-18,1.0982
2018,Aug,10,10-Aug-2018,13-Aug-18,1.1146
2018,Aug,13,13-Aug-2018,14-Aug-18,1.1244
2018,Aug,14,14-Aug-2018,15-Aug-18,1.1292
2018,Aug,15,15-Aug-2018,16-Aug-18,1.1399
2018,Aug,16,16-Aug-2018,17-Aug-18,1.1442
2018,Aug,17,17-Aug-2018,20-Aug-18,1.1559
2018,Aug,20,20-Aug-2018,21-Aug-18,1.1591
2018,Aug,21,21-Aug-2018,23-Aug-18,1.1709
2018,Aug,23,23-Aug-2018,24-Aug-18,1.1699
2018,Aug,24,24-Aug-2018,27-Aug-18,1.1784
2018,Aug,27,27-Aug-2018,28-Aug-18,1.1794
2018,Aug,28,28-Aug-2018,29-Aug-18,1.1781
2018,Aug,29,29-Aug-2018,30-Aug-18,1.1764
2018,Aug,30,30-Aug-2018,31-Aug-18,1.1715
2018,Aug,31,31-Aug-2018,3-Sep-18,1.1723
2018,Sep,03,03-Sep-2018,4-Sep-18,1.1719
2018,Sep,04,04-Sep-2018,5-Sep-18,1.1678
2018,Sep,05,05-Sep-2018,6-Sep-18,1.1578
2018,Sep,06,06-Sep-2018,7-Sep-18,1.1493
2018,Sep,07,07-Sep-2018,10-Sep-18,1.1386
2018,Sep,10,10-Sep-2018,11-Sep-18,1.1334
2018,Sep,11,11-Sep-2018,12-Sep-18,1.1282
2018,Sep,12,12-Sep-2018,13-Sep-18,1.129
2018,Sep,13,13-Sep-2018,14-Sep-18,1.1318
2018,Sep,14,14-Sep-2018,17-Sep-18,1.1403
2018,Sep,17,17-Sep-2018,18-Sep-18,1.1457
2018,Sep,18,18-Sep-2018,19-Sep-18,1.1537
2018,Sep,19,19-Sep-2018,20-Sep-18,1.1635
2018,Sep,20,20-Sep-2018,21-Sep-18,1.1733
2018,Sep,21,21-Sep-2018,24-Sep-18,1.2033
2018,Sep,24,24-Sep-2018,25-Sep-18,1.2104
2018,Sep,25,25-Sep-2018,26-Sep-18,1.2162
2018,Sep,26,26-Sep-2018,27-Sep-18,1.2179
2018,Sep,27,27-Sep-2018,28-Sep-18,1.2199
2018,Sep,28,28-Sep-2018,1-Oct-18,1.2178
2018,Oct,01,01-Oct-2018,2-Oct-18,1.2161
2018,Oct,02,02-Oct-2018,3-Oct-18,1.2172
2018,Oct,03,03-Oct-2018,4-Oct-18,1.2193
2018,Oct,04,04-Oct-2018,5-Oct-18,1.2241
2018,Oct,05,05-Oct-2018,8-Oct-18,1.2248
2018,Oct,08,08-Oct-2018,9-Oct-18,1.2208
2018,Oct,09,09-Oct-2018,10-Oct-18,1.2178
2018,Oct,10,10-Oct-2018,11-Oct-18,1.2134
2018,Oct,11,11-Oct-2018,12-Oct-18,1.2104
2018,Oct,12,12-Oct-2018,15-Oct-18,1.2091
2018,Oct,15,15-Oct-2018,16-Oct-18,1.2081
2018,Oct,16,16-Oct-2018,17-Oct-18,1.2057
2018,Oct,17,17-Oct-2018,18-Oct-18,1.2084
2018,Oct,18,18-Oct-2018,19-Oct-18,1.2112
2018,Oct,19,19-Oct-2018,22-Oct-18,1.2203
2018,Oct,22,22-Oct-2018,23-Oct-18,1.2221
2018,Oct,23,23-Oct-2018,24-Oct-18,1.2199
2018,Oct,24,24-Oct-2018,25-Oct-18,1.2192
2018,Oct,25,25-Oct-2018,26-Oct-18,1.2231
2018,Oct,26,26-Oct-2018,29-Oct-18,1.2196
2018,Oct,29,29-Oct-2018,30-Oct-18,1.2175
2018,Oct,30,30-Oct-2018,31-Oct-18,1.215
2018,Oct,31,31-Oct-2018,1-Nov-18,1.2119
2018,Nov,01,01-Nov-2018,2-Nov-18,1.2089
2018,Nov,02,02-Nov-2018,5-Nov-18,1.2022
2018,Nov,05,05-Nov-2018,7-Nov-18,1.1918
2018,Nov,07,07-Nov-2018,8-Nov-18,1.1897
2018,Nov,08,08-Nov-2018,9-Nov-18,1.1893
2018,Nov,09,09-Nov-2018,12-Nov-18,1.1853
2018,Nov,12,12-Nov-2018,13-Nov-18,1.1833
2018,Nov,13,13-Nov-2018,14-Nov-18,1.1777
2018,Nov,14,14-Nov-2018,15-Nov-18,1.1749
2018,Nov,15,15-Nov-2018,16-Nov-18,1.1726
2018,Nov,16,16-Nov-2018,19-Nov-18,1.2054
2018,Nov,19,19-Nov-2018,20-Nov-18,1.2177
2018,Nov,20,20-Nov-2018,21-Nov-18,1.2261
2018,Nov,21,21-Nov-2018,22-Nov-18,1.2314
2018,Nov,22,22-Nov-2018,23-Nov-18,1.2347
2018,Nov,23,23-Nov-2018,26-Nov-18,1.2392
2018,Nov,26,26-Nov-2018,27-Nov-18,1.2383
2018,Nov,27,27-Nov-2018,28-Nov-18,1.2368
2018,Nov,28,28-Nov-2018,29-Nov-18,1.2363
2018,Nov,29,29-Nov-2018,30-Nov-18,1.2412
2018,Nov,30,30-Nov-2018,3-Dec-18,1.2724
2018,Dec,03,03-Dec-2018,4-Dec-18,1.2829
2018,Dec,04,04-Dec-2018,5-Dec-18,1.2889
2018,Dec,05,05-Dec-2018,6-Dec-18,1.296
2018,Dec,06,06-Dec-2018,7-Dec-18,1.2936
2018,Dec,07,07-Dec-2018,10-Dec-18,1.3049
2018,Dec,10,10-Dec-2018,11-Dec-18,1.31
2018,Dec,11,11-Dec-2018,12-Dec-18,1.3176
2018,Dec,12,12-Dec-2018,13-Dec-18,1.3259
2018,Dec,13,13-Dec-2018,14-Dec-18,1.3342
2018,Dec,14,14-Dec-2018,17-Dec-18,1.3521
2018,Dec,17,17-Dec-2018,18-Dec-18,1.3544
2018,Dec,18,18-Dec-2018,19-Dec-18,1.3579
2018,Dec,19,19-Dec-2018,20-Dec-18,1.3645
2018,Dec,20,20-Dec-2018,21-Dec-18,1.3715
2018,Dec,21,21-Dec-2018,24-Dec-18,1.3928
2018,Dec,24,24-Dec-2018,26-Dec-18,1.4099
2018,Dec,26,26-Dec-2018,27-Dec-18,1.422
2018,Dec,27,27-Dec-2018,28-Dec-18,1.4297
2018,Dec,28,28-Dec-2018,31-Dec-18,1.4504
2018,Dec,31,31-Dec-2018,2-Jan-19,1.4639
2019,Jan,02,02-Jan-2019,3-Jan-19,1.466
2019,Jan,03,03-Jan-2019,4-Jan-19,1.4643
2019,Jan,04,04-Jan-2019,7-Jan-19,1.464
2019,Jan,07,07-Jan-2019,8-Jan-19,1.4626
2019,Jan,08,08-Jan-2019,9-Jan-19,1.4631
2019,Jan,09,09-Jan-2019,10-Jan-19,1.4635
2019,Jan,10,10-Jan-2019,11-Jan-19,1.4643
2019,Jan,11,11-Jan-2019,14-Jan-19,1.4638
2019,Jan,14,14-Jan-2019,15-Jan-19,1.4633
2019,Jan,15,15-Jan-2019,16-Jan-19,1.4632
2019,Jan,16,16-Jan-2019,17-Jan-19,1.4678
2019,Jan,17,17-Jan-2019,18-Jan-19,1.4736
2019,Jan,18,18-Jan-2019,21-Jan-19,1.4866
2019,Jan,21,21-Jan-2019,22-Jan-19,1.4882
2019,Jan,22,22-Jan-2019,23-Jan-19,1.4939
2019,Jan,23,23-Jan-2019,24-Jan-19,1.5009
2019,Jan,24,24-Jan-2019,25-Jan-19,1.5072
2019,Jan,25,25-Jan-2019,28-Jan-19,1.5219
2019,Jan,28,28-Jan-2019,29-Jan-19,1.5278
2019,Jan,29,29-Jan-2019,30-Jan-19,1.5342
2019,Jan,30,30-Jan-2019,31-Jan-19,1.5406
2019,Jan,31,31-Jan-2019,1-Feb-19,1.5455
2019,Feb,01,01-Feb-2019,4-Feb-19,1.5486
2019,Feb,04,04-Feb-2019,7-Feb-19,1.5595
2019,Feb,07,07-Feb-2019,8-Feb-19,1.5637
2019,Feb,08,08-Feb-2019,11-Feb-19,1.5816
2019,Feb,11,11-Feb-2019,12-Feb-19,1.5871
2019,Feb,12,12-Feb-2019,13-Feb-19,1.5932
2019,Feb,13,13-Feb-2019,14-Feb-19,1.5982
2019,Feb,14,14-Feb-2019,15-Feb-19,1.6034
2019,Feb,15,15-Feb-2019,18-Feb-19,1.5972
2019,Feb,18,18-Feb-2019,19-Feb-19,1.5937
2019,Feb,19,19-Feb-2019,20-Feb-19,1.5913
2019,Feb,20,20-Feb-2019,21-Feb-19,1.5916
2019,Feb,21,21-Feb-2019,22-Feb-19,1.5896
2019,Feb,22,22-Feb-2019,25-Feb-19,1.5947
2019,Feb,25,25-Feb-2019,26-Feb-19,1.5956
2019,Feb,26,26-Feb-2019,27-Feb-19,1.5969
2019,Feb,27,27-Feb-2019,28-Feb-19,1.5975
2019,Feb,28,28-Feb-2019,1-Mar-19,1.5944
2019,Mar,01,01-Mar-2019,4-Mar-19,1.5897
2019,Mar,04,04-Mar-2019,5-Mar-19,1.5877
2019,Mar,05,05-Mar-2019,6-Mar-19,1.5884
2019,Mar,06,06-Mar-2019,7-Mar-19,1.5967
2019,Mar,07,07-Mar-2019,8-Mar-19,1.598
2019,Mar,08,08-Mar-2019,11-Mar-19,1.5972
2019,Mar,11,11-Mar-2019,12-Mar-19,1.5953
2019,Mar,12,12-Mar-2019,13-Mar-19,1.5886
2019,Mar,13,13-Mar-2019,14-Mar-19,1.5828
2019,Mar,14,14-Mar-2019,15-Mar-19,1.5773
2019,Mar,15,15-Mar-2019,18-Mar-19,1.5679
2019,Mar,18,18-Mar-2019,19-Mar-19,1.564
2019,Mar,19,19-Mar-2019,20-Mar-19,1.5586
2019,Mar,20,20-Mar-2019,21-Mar-19,1.5538
2019,Mar,21,21-Mar-2019,22-Mar-19,1.5491
2019,Mar,22,22-Mar-2019,25-Mar-19,1.5363
2019,Mar,25,25-Mar-2019,26-Mar-19,1.5322
2019,Mar,26,26-Mar-2019,27-Mar-19,1.5267
2019,Mar,27,27-Mar-2019,28-Mar-19,1.5283
2019,Mar,28,28-Mar-2019,29-Mar-19,1.5284
2019,Mar,29,29-Mar-2019,1-Apr-19,1.5423
2019,Apr,01,01-Apr-2019,2-Apr-19,1.5399
2019,Apr,02,02-Apr-2019,3-Apr-19,1.5428
2019,Apr,03,03-Apr-2019,4-Apr-19,1.5488
2019,Apr,04,04-Apr-2019,5-Apr-19,1.5507
2019,Apr,05,05-Apr-2019,8-Apr-19,1.5677
2019,Apr,08,08-Apr-2019,9-Apr-19,1.5751
2019,Apr,09,09-Apr-2019,10-Apr-19,1.5817
2019,Apr,10,10-Apr-2019,11-Apr-19,1.5887
2019,Apr,11,11-Apr-2019,12-Apr-19,1.5944
2019,Apr,12,12-Apr-2019,15-Apr-19,1.6123
2019,Apr,15,15-Apr-2019,16-Apr-19,1.618
2019,Apr,16,16-Apr-2019,17-Apr-19,1.6212
2019,Apr,17,17-Apr-2019,18-Apr-19,1.6218
2019,Apr,18,18-Apr-2019,22-Apr-19,1.6291
2019,Apr,22,22-Apr-2019,23-Apr-19,1.6295
2019,Apr,23,23-Apr-2019,24-Apr-19,1.6279
2019,Apr,24,24-Apr-2019,25-Apr-19,1.6255
2019,Apr,25,25-Apr-2019,26-Apr-19,1.6255
2019,Apr,26,26-Apr-2019,29-Apr-19,1.6217
2019,Apr,29,29-Apr-2019,30-Apr-19,1.6214
2019,Apr,30,30-Apr-2019,2-May-19,1.6249
2019,May,02,02-May-2019,3-May-19,1.6282
2019,May,03,03-May-2019,6-May-19,1.6365
2019,May,06,06-May-2019,7-May-19,1.6393
2019,May,07,07-May-2019,8-May-19,1.6451
2019,May,08,08-May-2019,9-May-19,1.6471
2019,May,09,09-May-2019,10-May-19,1.6458
2019,May,10,10-May-2019,13-May-19,1.6459
2019,May,13,13-May-2019,14-May-19,1.6456
2019,May,14,14-May-2019,15-May-19,1.6479
2019,May,15,15-May-2019,16-May-19,1.6499
2019,May,16,16-May-2019,17-May-19,1.6529
2019,May,17,17-May-2019,21-May-19,1.6731
2019,May,21,21-May-2019,22-May-19,1.6749
2019,May,22,22-May-2019,23-May-19,1.6753
2019,May,23,23-May-2019,24-May-19,1.6724
2019,May,24,24-May-2019,27-May-19,1.6744
2019,May,27,27-May-2019,28-May-19,1.6772
2019,May,28,28-May-2019,29-May-19,1.679
2019,May,29,29-May-2019,30-May-19,1.6816
2019,May,30,30-May-2019,31-May-19,1.6807
2019,May,31,31-May-2019,3-Jun-19,1.6846
2019,Jun,03,03-Jun-2019,4-Jun-19,1.6844
2019,Jun,04,04-Jun-2019,6-Jun-19,1.6897
2019,Jun,06,06-Jun-2019,7-Jun-19,1.6914
2019,Jun,07,07-Jun-2019,10-Jun-19,1.7179
2019,Jun,10,10-Jun-2019,11-Jun-19,1.7273
2019,Jun,11,11-Jun-2019,12-Jun-19,1.7378
2019,Jun,12,12-Jun-2019,13-Jun-19,1.7467
2019,Jun,13,13-Jun-2019,14-Jun-19,1.7478
2019,Jun,14,14-Jun-2019,17-Jun-19,1.7514
2019,Jun,17,17-Jun-2019,18-Jun-19,1.7515
2019,Jun,18,18-Jun-2019,19-Jun-19,1.7534
2019,Jun,19,19-Jun-2019,20-Jun-19,1.7515
2019,Jun,20,20-Jun-2019,21-Jun-19,1.748
2019,Jun,21,21-Jun-2019,24-Jun-19,1.7461
2019,Jun,24,24-Jun-2019,25-Jun-19,1.7452
2019,Jun,25,25-Jun-2019,26-Jun-19,1.7434
2019,Jun,26,26-Jun-2019,27-Jun-19,1.7398
2019,Jun,27,27-Jun-2019,28-Jun-19,1.735
2019,Jun,28,28-Jun-2019,1-Jul-19,1.715
2019,Jul,01,01-Jul-2019,2-Jul-19,1.715
2019,Jul,02,02-Jul-2019,3-Jul-19,1.7156
2019,Jul,03,03-Jul-2019,4-Jul-19,1.7162
2019,Jul,04,04-Jul-2019,5-Jul-19,1.7151
2019,Jul,05,05-Jul-2019,8-Jul-19,1.7082
2019,Jul,08,08-Jul-2019,9-Jul-19,1.7043
2019,Jul,09,09-Jul-2019,10-Jul-19,1.7005
2019,Jul,10,10-Jul-2019,11-Jul-19,1.6973
2019,Jul,11,11-Jul-2019,12-Jul-19,1.6933
2019,Jul,12,12-Jul-2019,15-Jul-19,1.683
2019,Jul,15,15-Jul-2019,16-Jul-19,1.6805
2019,Jul,16,16-Jul-2019,17-Jul-19,1.6773
2019,Jul,17,17-Jul-2019,18-Jul-19,1.6759
2019,Jul,18,18-Jul-2019,19-Jul-19,1.674
2019,Jul,19,19-Jul-2019,22-Jul-19,1.6742
2019,Jul,22,22-Jul-2019,23-Jul-19,1.674
2019,Jul,23,23-Jul-2019,24-Jul-19,1.6738
2019,Jul,24,24-Jul-2019,25-Jul-19,1.6732
2019,Jul,25,25-Jul-2019,26-Jul-19,1.671
2019,Jul,26,26-Jul-2019,29-Jul-19,1.6702
2019,Jul,29,29-Jul-2019,30-Jul-19,1.6687
2019,Jul,30,30-Jul-2019,31-Jul-19,1.6718
2019,Jul,31,31-Jul-2019,1-Aug-19,1.6703
2019,Aug,01,01-Aug-2019,2-Aug-19,1.6661
2019,Aug,02,02-Aug-2019,5-Aug-19,1.6578
2019,Aug,05,05-Aug-2019,6-Aug-19,1.6556
2019,Aug,06,06-Aug-2019,7-Aug-19,1.6545
2019,Aug,07,07-Aug-2019,8-Aug-19,1.6487
2019,Aug,08,08-Aug-2019,13-Aug-19,1.6483
2019,Aug,13,13-Aug-2019,14-Aug-19,1.648
2019,Aug,14,14-Aug-2019,15-Aug-19,1.6462
2019,Aug,15,15-Aug-2019,16-Aug-19,1.6438
2019,Aug,16,16-Aug-2019,19-Aug-19,1.6328
2019,Aug,19,19-Aug-2019,20-Aug-19,1.6258
2019,Aug,20,20-Aug-2019,21-Aug-19,1.6175
2019,Aug,21,21-Aug-2019,22-Aug-19,1.6135
2019,Aug,22,22-Aug-2019,23-Aug-19,1.6081
2019,Aug,23,23-Aug-2019,26-Aug-19,1.5972
2019,Aug,26,26-Aug-2019,27-Aug-19,1.5933
2019,Aug,27,27-Aug-2019,28-Aug-19,1.5907
2019,Aug,28,28-Aug-2019,29-Aug-19,1.5886
2019,Aug,29,29-Aug-2019,30-Aug-19,1.5886
2019,Aug,30,30-Aug-2019,2-Sep-19,1.5875
2019,Sep,02,02-Sep-2019,3-Sep-19,1.5827
2019,Sep,03,03-Sep-2019,4-Sep-19,1.5796
2019,Sep,04,04-Sep-2019,5-Sep-19,1.5786
2019,Sep,05,05-Sep-2019,6-Sep-19,1.5782
2019,Sep,06,06-Sep-2019,9-Sep-19,1.5733
2019,Sep,09,09-Sep-2019,10-Sep-19,1.5708
2019,Sep,10,10-Sep-2019,11-Sep-19,1.5673
2019,Sep,11,11-Sep-2019,12-Sep-19,1.5621
2019,Sep,12,12-Sep-2019,13-Sep-19,1.558
2019,Sep,13,13-Sep-2019,16-Sep-19,1.5657
2019,Sep,16,16-Sep-2019,17-Sep-19,1.5686
2019,Sep,17,17-Sep-2019,18-Sep-19,1.5704
2019,Sep,18,18-Sep-2019,19-Sep-19,1.5682
2019,Sep,19,19-Sep-2019,20-Sep-19,1.5628
2019,Sep,20,20-Sep-2019,23-Sep-19,1.5368
2019,Sep,23,23-Sep-2019,24-Sep-19,1.5276
2019,Sep,24,24-Sep-2019,25-Sep-19,1.5237
2019,Sep,25,25-Sep-2019,26-Sep-19,1.5248
2019,Sep,26,26-Sep-2019,27-Sep-19,1.5274
2019,Sep,27,27-Sep-2019,30-Sep-19,1.5273
2019,Sep,30,30-Sep-2019,1-Oct-19,1.5278
2019,Oct,01,01-Oct-2019,2-Oct-19,1.5263
2019,Oct,02,02-Oct-2019,3-Oct-19,1.525
2019,Oct,03,03-Oct-2019,4-Oct-19,1.5223
2019,Oct,04,04-Oct-2019,7-Oct-19,1.5108
2019,Oct,07,07-Oct-2019,8-Oct-19,1.5063
2019,Oct,08,08-Oct-2019,9-Oct-19,1.5013
2019,Oct,09,09-Oct-2019,10-Oct-19,1.4972
2019,Oct,10,10-Oct-2019,11-Oct-19,1.4943
2019,Oct,11,11-Oct-2019,14-Oct-19,1.493
2019,Oct,14,14-Oct-2019,15-Oct-19,1.4898
2019,Oct,15,15-Oct-2019,16-Oct-19,1.4868
2019,Oct,16,16-Oct-2019,17-Oct-19,1.4854
2019,Oct,17,17-Oct-2019,18-Oct-19,1.483
2019,Oct,18,18-Oct-2019,21-Oct-19,1.4686
2019,Oct,21,21-Oct-2019,22-Oct-19,1.464
2019,Oct,22,22-Oct-2019,23-Oct-19,1.4602
2019,Oct,23,23-Oct-2019,24-Oct-19,1.4591
2019,Oct,24,24-Oct-2019,25-Oct-19,1.4576
2019,Oct,25,25-Oct-2019,29-Oct-19,1.4627
2019,Oct,29,29-Oct-2019,30-Oct-19,1.4627
2019,Oct,30,30-Oct-2019,31-Oct-19,1.4599
2019,Oct,31,31-Oct-2019,1-Nov-19,1.4567
2019,Nov,01,01-Nov-2019,4-Nov-19,1.4448
2019,Nov,04,04-Nov-2019,5-Nov-19,1.4379
2019,Nov,05,05-Nov-2019,6-Nov-19,1.4282
2019,Nov,06,06-Nov-2019,7-Nov-19,1.4162
2019,Nov,07,07-Nov-2019,8-Nov-19,1.4045
2019,Nov,08,08-Nov-2019,11-Nov-19,1.3701
2019,Nov,11,11-Nov-2019,12-Nov-19,1.3579
2019,Nov,12,12-Nov-2019,13-Nov-19,1.3486
2019,Nov,13,13-Nov-2019,14-Nov-19,1.3404
2019,Nov,14,14-Nov-2019,15-Nov-19,1.3319
2019,Nov,15,15-Nov-2019,18-Nov-19,1.316
2019,Nov,18,18-Nov-2019,19-Nov-19,1.3096
2019,Nov,19,19-Nov-2019,20-Nov-19,1.3062
2019,Nov,20,20-Nov-2019,21-Nov-19,1.3072
2019,Nov,21,21-Nov-2019,22-Nov-19,1.3095
2019,Nov,22,22-Nov-2019,25-Nov-19,1.3184
2019,Nov,25,25-Nov-2019,26-Nov-19,1.3212
2019,Nov,26,26-Nov-2019,27-Nov-19,1.3233
2019,Nov,27,27-Nov-2019,28-Nov-19,1.323
2019,Nov,28,28-Nov-2019,29-Nov-19,1.3206
2019,Nov,29,29-Nov-2019,2-Dec-19,1.3102
2019,Dec,02,02-Dec-2019,3-Dec-19,1.311
2019,Dec,03,03-Dec-2019,4-Dec-19,1.3082
2019,Dec,04,04-Dec-2019,5-Dec-19,1.3042
2019,Dec,05,05-Dec-2019,6-Dec-19,1.301
2019,Dec,06,06-Dec-2019,9-Dec-19,1.2914
2019,Dec,09,09-Dec-2019,10-Dec-19,1.2874
2019,Dec,10,10-Dec-2019,11-Dec-19,1.2843
2019,Dec,11,11-Dec-2019,12-Dec-19,1.2805
2019,Dec,12,12-Dec-2019,13-Dec-19,1.2754
2019,Dec,13,13-Dec-2019,16-Dec-19,1.2644
2019,Dec,16,16-Dec-2019,17-Dec-19,1.2547
2019,Dec,17,17-Dec-2019,18-Dec-19,1.2444
2019,Dec,18,18-Dec-2019,19-Dec-19,1.2342
2019,Dec,19,19-Dec-2019,20-Dec-19,1.2364
2019,Dec,20,20-Dec-2019,23-Dec-19,1.261
2019,Dec,23,23-Dec-2019,24-Dec-19,1.2739
2019,Dec,24,24-Dec-2019,26-Dec-19,1.2862
2019,Dec,26,26-Dec-2019,27-Dec-19,1.2836
2019,Dec,27,27-Dec-2019,30-Dec-19,1.2708
2019,Dec,30,30-Dec-2019,31-Dec-19,1.2682
2019,Dec,31,31-Dec-2019,2-Jan-20,1.2636
2020,Jan,02,02-Jan-2020,3-Jan-20,1.266
2020,Jan,03,03-Jan-2020,6-Jan-20,1.2677
2020,Jan,06,06-Jan-2020,7-Jan-20,1.2661
2020,Jan,07,07-Jan-2020,8-Jan-20,1.2652
2020,Jan,08,08-Jan-2020,9-Jan-20,1.2654
2020,Jan,09,09-Jan-2020,10-Jan-20,1.2651
2020,Jan,10,10-Jan-2020,13-Jan-20,1.263
2020,Jan,13,13-Jan-2020,14-Jan-20,1.2606
2020,Jan,14,14-Jan-2020,15-Jan-20,1.2579
2020,Jan,15,15-Jan-2020,16-Jan-20,1.2552
2020,Jan,16,16-Jan-2020,17-Jan-20,1.2519
2020,Jan,17,17-Jan-2020,20-Jan-20,1.2493
2020,Jan,20,20-Jan-2020,21-Jan-20,1.2441
2020,Jan,21,21-Jan-2020,22-Jan-20,1.2409
2020,Jan,22,22-Jan-2020,23-Jan-20,1.237
2020,Jan,23,23-Jan-2020,24-Jan-20,1.2306
2020,Jan,24,24-Jan-2020,28-Jan-20,1.2122
2020,Jan,28,28-Jan-2020,29-Jan-20,1.2061
2020,Jan,29,29-Jan-2020,30-Jan-20,1.199
2020,Jan,30,30-Jan-2020,31-Jan-20,1.1954
2020,Jan,31,31-Jan-2020,3-Feb-20,1.2023
2020,Feb,03,03-Feb-2020,4-Feb-20,1.2037
2020,Feb,04,04-Feb-2020,5-Feb-20,1.2044
2020,Feb,05,05-Feb-2020,6-Feb-20,1.207
2020,Feb,06,06-Feb-2020,7-Feb-20,1.2089
2020,Feb,07,07-Feb-2020,10-Feb-20,1.2123
2020,Feb,10,10-Feb-2020,11-Feb-20,1.2144
2020,Feb,11,11-Feb-2020,12-Feb-20,1.2161
2020,Feb,12,12-Feb-2020,13-Feb-20,1.2142
2020,Feb,13,13-Feb-2020,14-Feb-20,1.2141
2020,Feb,14,14-Feb-2020,17-Feb-20,1.2149
2020,Feb,17,17-Feb-2020,18-Feb-20,1.2135
2020,Feb,18,18-Feb-2020,19-Feb-20,1.2145
2020,Feb,19,19-Feb-2020,20-Feb-20,1.2144
2020,Feb,20,20-Feb-2020,21-Feb-20,1.2064
2020,Feb,21,21-Feb-2020,24-Feb-20,1.1803
2020,Feb,24,24-Feb-2020,25-Feb-20,1.1735
2020,Feb,25,25-Feb-2020,26-Feb-20,1.1671
2020,Feb,26,26-Feb-2020,27-Feb-20,1.1605
2020,Feb,27,27-Feb-2020,28-Feb-20,1.1556
2020,Feb,28,28-Feb-2020,2-Mar-20,1.1404
2020,Mar,02,02-Mar-2020,3-Mar-20,1.133
2020,Mar,03,03-Mar-2020,4-Mar-20,1.1261
2020,Mar,04,04-Mar-2020,5-Mar-20,1.1191
2020,Mar,05,05-Mar-2020,6-Mar-20,1.1106
2020,Mar,06,06-Mar-2020,9-Mar-20,1.0896
2020,Mar,09,09-Mar-2020,10-Mar-20,1.0823
2020,Mar,10,10-Mar-2020,11-Mar-20,1.0743
2020,Mar,11,11-Mar-2020,12-Mar-20,1.0646
2020,Mar,12,12-Mar-2020,13-Mar-20,1.0592
2020,Mar,13,13-Mar-2020,16-Mar-20,1.0382
2020,Mar,16,16-Mar-2020,17-Mar-20,1.035
2020,Mar,17,17-Mar-2020,18-Mar-20,1.036
2020,Mar,18,18-Mar-2020,19-Mar-20,1.0386
2020,Mar,19,19-Mar-2020,20-Mar-20,1.0331
2020,Mar,20,20-Mar-2020,23-Mar-20,1.0028
2020,Mar,23,23-Mar-2020,24-Mar-20,0.9855
2020,Mar,24,24-Mar-2020,25-Mar-20,0.9667
2020,Mar,25,25-Mar-2020,26-Mar-20,0.9481
2020,Mar,26,26-Mar-2020,27-Mar-20,0.9361
2020,Mar,27,27-Mar-2020,30-Mar-20,0.9018
2020,Mar,30,30-Mar-2020,31-Mar-20,0.8929
2020,Mar,31,31-Mar-2020,1-Apr-20,0.8809
2020,Apr,01,01-Apr-2020,2-Apr-20,0.8687
2020,Apr,02,02-Apr-2020,3-Apr-20,0.8529
2020,Apr,03,03-Apr-2020,6-Apr-20,0.8205
2020,Apr,06,06-Apr-2020,7-Apr-20,0.8126
2020,Apr,07,07-Apr-2020,8-Apr-20,0.8058
2020,Apr,08,08-Apr-2020,9-Apr-20,0.8014
2020,Apr,09,09-Apr-2020,13-Apr-20,0.7782
2020,Apr,13,13-Apr-2020,14-Apr-20,0.7701
2020,Apr,14,14-Apr-2020,15-Apr-20,0.7654
2020,Apr,15,15-Apr-2020,16-Apr-20,0.7609
2020,Apr,16,16-Apr-2020,17-Apr-20,0.7548
2020,Apr,17,17-Apr-2020,20-Apr-20,0.7222
2020,Apr,20,20-Apr-2020,21-Apr-20,0.7149
2020,Apr,21,21-Apr-2020,22-Apr-20,0.704
2020,Apr,22,22-Apr-2020,23-Apr-20,0.6933
2020,Apr,23,23-Apr-2020,24-Apr-20,0.6829
2020,Apr,24,24-Apr-2020,27-Apr-20,0.6441
2020,Apr,27,27-Apr-2020,28-Apr-20,0.6318
2020,Apr,28,28-Apr-2020,29-Apr-20,0.62
2020,Apr,29,29-Apr-2020,30-Apr-20,0.6098
2020,Apr,30,30-Apr-2020,4-May-20,0.534
2020,May,04,04-May-2020,5-May-20,0.5223
2020,May,05,05-May-2020,6-May-20,0.5107
2020,May,06,06-May-2020,8-May-20,0.492
2020,May,08,08-May-2020,11-May-20,0.465
2020,May,11,11-May-2020,12-May-20,0.4562
2020,May,12,12-May-2020,13-May-20,0.4481
2020,May,13,13-May-2020,14-May-20,0.4383
2020,May,14,14-May-2020,15-May-20,0.4267
2020,May,15,15-May-2020,18-May-20,0.393
2020,May,18,18-May-2020,19-May-20,0.3806
2020,May,19,19-May-2020,20-May-20,0.3687
2020,May,20,20-May-2020,21-May-20,0.3619
2020,May,21,21-May-2020,22-May-20,0.3542
2020,May,22,22-May-2020,26-May-20,0.3185
2020,May,26,26-May-2020,27-May-20,0.3092
2020,May,27,27-May-2020,28-May-20,0.2996
2020,May,28,28-May-2020,29-May-20,0.2866
2020,May,29,29-May-2020,1-Jun-20,0.2707
2020,Jun,01,01-Jun-2020,2-Jun-20,0.2576
2020,Jun,02,02-Jun-2020,3-Jun-20,0.2488
2020,Jun,03,03-Jun-2020,4-Jun-20,0.2424
2020,Jun,04,04-Jun-2020,5-Jun-20,0.2371
2020,Jun,05,05-Jun-2020,8-Jun-20,0.2179
2020,Jun,08,08-Jun-2020,9-Jun-20,0.211
2020,Jun,09,09-Jun-2020,10-Jun-20,0.2037
2020,Jun,10,10-Jun-2020,11-Jun-20,0.1977
2020,Jun,11,11-Jun-2020,12-Jun-20,0.1945
2020,Jun,12,12-Jun-2020,15-Jun-20,0.1816
2020,Jun,15,15-Jun-2020,16-Jun-20,0.1773
2020,Jun,16,16-Jun-2020,17-Jun-20,0.1743
2020,Jun,17,17-Jun-2020,18-Jun-20,0.1687
2020,Jun,18,18-Jun-2020,19-Jun-20,0.1642
2020,Jun,19,19-Jun-2020,22-Jun-20,0.1516
2020,Jun,22,22-Jun-2020,23-Jun-20,0.1475
2020,Jun,23,23-Jun-2020,24-Jun-20,0.1455
2020,Jun,24,24-Jun-2020,25-Jun-20,0.1442
2020,Jun,25,25-Jun-2020,26-Jun-20,0.1439
2020,Jun,26,26-Jun-2020,29-Jun-20,0.1431
2020,Jun,29,29-Jun-2020,30-Jun-20,0.143
2020,Jun,30,30-Jun-2020,1-Jul-20,0.1411
2020,Jul,01,01-Jul-2020,2-Jul-20,0.1394
2020,Jul,02,02-Jul-2020,3-Jul-20,0.1375
2020,Jul,03,03-Jul-2020,6-Jul-20,0.1325
2020,Jul,06,06-Jul-2020,7-Jul-20,0.1304
2020,Jul,07,07-Jul-2020,8-Jul-20,0.126
2020,Jul,08,08-Jul-2020,9-Jul-20,0.1195
2020,Jul,09,09-Jul-2020,13-Jul-20,0.0929
2020,Jul,13,13-Jul-2020,14-Jul-20,0.0895
2020,Jul,14,14-Jul-2020,15-Jul-20,0.0854
2020,Jul,15,15-Jul-2020,16-Jul-20,0.0808
2020,Jul,16,16-Jul-2020,17-Jul-20,0.077
2020,Jul,17,17-Jul-2020,20-Jul-20,0.0712
2020,Jul,20,20-Jul-2020,21-Jul-20,0.0702
2020,Jul,21,21-Jul-2020,22-Jul-20,0.07
2020,Jul,22,22-Jul-2020,23-Jul-20,0.0696
2020,Jul,23,23-Jul-2020,24-Jul-20,0.0715
2020,Jul,24,24-Jul-2020,27-Jul-20,0.0778
2020,Jul,27,27-Jul-2020,28-Jul-20,0.0792
2020,Jul,28,28-Jul-2020,29-Jul-20,0.0809
2020,Jul,29,29-Jul-2020,30-Jul-20,0.0804
2020,Jul,30,30-Jul-2020,3-Aug-20,0.0811
2020,Aug,03,03-Aug-2020,4-Aug-20,0.0816
2020,Aug,04,04-Aug-2020,5-Aug-20,0.0817
2020,Aug,05,05-Aug-2020,6-Aug-20,0.0813
2020,Aug,06,06-Aug-2020,7-Aug-20,0.0814
2020,Aug,07,07-Aug-2020,11-Aug-20,0.0865
2020,Aug,11,11-Aug-2020,12-Aug-20,0.0869
2020,Aug,12,12-Aug-2020,13-Aug-20,0.0873
2020,Aug,13,13-Aug-2020,14-Aug-20,0.0879
2020,Aug,14,14-Aug-2020,17-Aug-20,0.0907
2020,Aug,17,17-Aug-2020,18-Aug-20,0.0916
2020,Aug,18,18-Aug-2020,19-Aug-20,0.0929
2020,Aug,19,19-Aug-2020,20-Aug-20,0.0942
2020,Aug,20,20-Aug-2020,21-Aug-20,0.0947
2020,Aug,21,21-Aug-2020,24-Aug-20,0.095
2020,Aug,24,24-Aug-2020,25-Aug-20,0.0952
2020,Aug,25,25-Aug-2020,26-Aug-20,0.0953
2020,Aug,26,26-Aug-2020,27-Aug-20,0.0948
2020,Aug,27,27-Aug-2020,28-Aug-20,0.0949
2020,Aug,28,28-Aug-2020,31-Aug-20,0.0975
2020,Aug,31,31-Aug-2020,1-Sep-20,0.0985
2020,Sep,01,01-Sep-2020,2-Sep-20,0.0992
2020,Sep,02,02-Sep-2020,3-Sep-20,0.0998
2020,Sep,03,03-Sep-2020,4-Sep-20,0.1002
2020,Sep,04,04-Sep-2020,7-Sep-20,0.1014
2020,Sep,07,07-Sep-2020,8-Sep-20,0.1016
2020,Sep,08,08-Sep-2020,9-Sep-20,0.1015
2020,Sep,09,09-Sep-2020,10-Sep-20,0.1019
2020,Sep,10,10-Sep-2020,11-Sep-20,0.1021
2020,Sep,11,11-Sep-2020,14-Sep-20,0.1035
2020,Sep,14,14-Sep-2020,15-Sep-20,0.1031
2020,Sep,15,15-Sep-2020,16-Sep-20,0.1024
2020,Sep,16,16-Sep-2020,17-Sep-20,0.1018
2020,Sep,17,17-Sep-2020,18-Sep-20,0.1015
2020,Sep,18,18-Sep-2020,21-Sep-20,0.1027
2020,Sep,21,21-Sep-2020,22-Sep-20,0.1033
2020,Sep,22,22-Sep-2020,23-Sep-20,0.1024
2020,Sep,23,23-Sep-2020,24-Sep-20,0.1023
2020,Sep,24,24-Sep-2020,25-Sep-20,0.1027
2020,Sep,25,25-Sep-2020,28-Sep-20,0.1008
2020,Sep,28,28-Sep-2020,29-Sep-20,0.1006
2020,Sep,29,29-Sep-2020,30-Sep-20,0.0997
2020,Sep,30,30-Sep-2020,1-Oct-20,0.0988
2020,Oct,01,01-Oct-2020,2-Oct-20,0.0982
2020,Oct,02,02-Oct-2020,5-Oct-20,0.0979
2020,Oct,05,05-Oct-2020,6-Oct-20,0.0984
2020,Oct,06,06-Oct-2020,7-Oct-20,0.0996
2020,Oct,07,07-Oct-2020,8-Oct-20,0.1017
2020,Oct,08,08-Oct-2020,9-Oct-20,0.1021
2020,Oct,09,09-Oct-2020,12-Oct-20,0.1088
2020,Oct,12,12-Oct-2020,13-Oct-20,0.1103
2020,Oct,13,13-Oct-2020,14-Oct-20,0.1112
2020,Oct,14,14-Oct-2020,15-Oct-20,0.1122
2020,Oct,15,15-Oct-2020,16-Oct-20,0.1139
2020,Oct,16,16-Oct-2020,19-Oct-20,0.1168
2020,Oct,19,19-Oct-2020,20-Oct-20,0.1175
2020,Oct,20,20-Oct-2020,21-Oct-20,0.1184
2020,Oct,21,21-Oct-2020,22-Oct-20,0.1187
2020,Oct,22,22-Oct-2020,23-Oct-20,0.1194
2020,Oct,23,23-Oct-2020,26-Oct-20,0.1149
2020,Oct,26,26-Oct-2020,27-Oct-20,0.113
2020,Oct,27,27-Oct-2020,28-Oct-20,0.1114
2020,Oct,28,28-Oct-2020,29-Oct-20,0.1099
2020,Oct,29,29-Oct-2020,30-Oct-20,0.1101
2020,Oct,30,30-Oct-2020,2-Nov-20,0.1167
2020,Nov,02,02-Nov-2020,3-Nov-20,0.1172
2020,Nov,03,03-Nov-2020,4-Nov-20,0.1168
2020,Nov,04,04-Nov-2020,5-Nov-20,0.1166
2020,Nov,05,05-Nov-2020,6-Nov-20,0.1167
2020,Nov,06,06-Nov-2020,9-Nov-20,0.1152
2020,Nov,09,09-Nov-2020,10-Nov-20,0.1146
2020,Nov,10,10-Nov-2020,11-Nov-20,0.1136
2020,Nov,11,11-Nov-2020,12-Nov-20,0.1137
2020,Nov,12,12-Nov-2020,13-Nov-20,0.1136
2020,Nov,13,13-Nov-2020,16-Nov-20,0.1134
2020,Nov,16,16-Nov-2020,17-Nov-20,0.1138
2020,Nov,17,17-Nov-2020,18-Nov-20,0.1137
2020,Nov,18,18-Nov-2020,19-Nov-20,0.113
2020,Nov,19,19-Nov-2020,20-Nov-20,0.1128
2020,Nov,20,20-Nov-2020,23-Nov-20,0.1139
2020,Nov,23,23-Nov-2020,24-Nov-20,0.114
2020,Nov,24,24-Nov-2020,25-Nov-20,0.1147
2020,Nov,25,25-Nov-2020,26-Nov-20,0.1153
2020,Nov,26,26-Nov-2020,27-Nov-20,0.1162
2020,Nov,27,27-Nov-2020,30-Nov-20,0.1171
2020,Nov,30,30-Nov-2020,1-Dec-20,0.116
2020,Dec,01,01-Dec-2020,2-Dec-20,0.1165
2020,Dec,02,02-Dec-2020,3-Dec-20,0.1176
2020,Dec,03,03-Dec-2020,4-Dec-20,0.1184
2020,Dec,04,04-Dec-2020,7-Dec-20,0.1181
2020,Dec,07,07-Dec-2020,8-Dec-20,0.1187
2020,Dec,08,08-Dec-2020,9-Dec-20,0.1195
2020,Dec,09,09-Dec-2020,10-Dec-20,0.1195
2020,Dec,10,10-Dec-2020,11-Dec-20,0.1197
2020,Dec,11,11-Dec-2020,14-Dec-20,0.1171
2020,Dec,14,14-Dec-2020,15-Dec-20,0.1173
2020,Dec,15,15-Dec-2020,16-Dec-20,0.1176
2020,Dec,16,16-Dec-2020,17-Dec-20,0.1183
2020,Dec,17,17-Dec-2020,18-Dec-20,0.1194
2020,Dec,18,18-Dec-2020,21-Dec-20,0.1193
2020,Dec,21,21-Dec-2020,22-Dec-20,0.119
2020,Dec,22,22-Dec-2020,23-Dec-20,0.1201
2020,Dec,23,23-Dec-2020,24-Dec-20,0.1203
2020,Dec,24,24-Dec-2020,28-Dec-20,0.1252
2020,Dec,28,28-Dec-2020,29-Dec-20,0.1248
2020,Dec,29,29-Dec-2020,30-Dec-20,0.1263
2020,Dec,30,30-Dec-2020,31-Dec-20,0.1283
2020,Dec,31,31-Dec-2020,4-Jan-21,0.1661
2021,Jan,04,04-Jan-2021,5-Jan-21,0.1662
2021,Jan,05,05-Jan-2021,6-Jan-21,0.1659
2021,Jan,06,06-Jan-2021,7-Jan-21,0.1656
2021,Jan,07,07-Jan-2021,8-Jan-21,0.1653
2021,Jan,08,08-Jan-2021,11-Jan-21,0.1664
2021,Jan,11,11-Jan-2021,12-Jan-21,0.1664
2021,Jan,12,12-Jan-2021,13-Jan-21,0.1663
2021,Jan,13,13-Jan-2021,14-Jan-21,0.1665
2021,Jan,14,14-Jan-2021,15-Jan-21,0.1663
2021,Jan,15,15-Jan-2021,18-Jan-21,0.1653
2021,Jan,18,18-Jan-2021,19-Jan-21,0.1659
2021,Jan,19,19-Jan-2021,20-Jan-21,0.1666
2021,Jan,20,20-Jan-2021,21-Jan-21,0.1665
2021,Jan,21,21-Jan-2021,22-Jan-21,0.1671
2021,Jan,22,22-Jan-2021,25-Jan-21,0.1679
2021,Jan,25,25-Jan-2021,26-Jan-21,0.1678
2021,Jan,26,26-Jan-2021,27-Jan-21,0.1682
2021,Jan,27,27-Jan-2021,28-Jan-21,0.1681
2021,Jan,28,28-Jan-2021,29-Jan-21,0.1697
2021,Jan,29,29-Jan-2021,1-Feb-21,0.1694
2021,Feb,01,01-Feb-2021,2-Feb-21,0.1684
2021,Feb,02,02-Feb-2021,3-Feb-21,0.1684
2021,Feb,03,03-Feb-2021,4-Feb-21,0.1682
2021,Feb,04,04-Feb-2021,5-Feb-21,0.1683
2021,Feb,05,05-Feb-2021,8-Feb-21,0.1692
2021,Feb,08,08-Feb-2021,9-Feb-21,0.1696
2021,Feb,09,09-Feb-2021,10-Feb-21,0.1704
2021,Feb,10,10-Feb-2021,11-Feb-21,0.1718
2021,Feb,11,11-Feb-2021,15-Feb-21,0.1833
2021,Feb,15,15-Feb-2021,16-Feb-21,0.1845
2021,Feb,16,16-Feb-2021,17-Feb-21,0.1845
2021,Feb,17,17-Feb-2021,18-Feb-21,0.1846
2021,Feb,18,18-Feb-2021,19-Feb-21,0.1849
2021,Feb,19,19-Feb-2021,22-Feb-21,0.1912
2021,Feb,22,22-Feb-2021,23-Feb-21,0.1929
2021,Feb,23,23-Feb-2021,24-Feb-21,0.194
2021,Feb,24,24-Feb-2021,25-Feb-21,0.1946
2021,Feb,25,25-Feb-2021,26-Feb-21,0.1961
2021,Feb,26,26-Feb-2021,1-Mar-21,0.1996
2021,Mar,01,01-Mar-2021,2-Mar-21,0.1989
2021,Mar,02,02-Mar-2021,3-Mar-21,0.1977
2021,Mar,03,03-Mar-2021,4-Mar-21,0.1966
2021,Mar,04,04-Mar-2021,5-Mar-21,0.1968
2021,Mar,05,05-Mar-2021,8-Mar-21,0.1995
2021,Mar,08,08-Mar-2021,9-Mar-21,0.2003
2021,Mar,09,09-Mar-2021,10-Mar-21,0.2015
2021,Mar,10,10-Mar-2021,11-Mar-21,0.202
2021,Mar,11,11-Mar-2021,12-Mar-21,0.2046
2021,Mar,12,12-Mar-2021,15-Mar-21,0.2147
2021,Mar,15,15-Mar-2021,16-Mar-21,0.2176
2021,Mar,16,16-Mar-2021,17-Mar-21,0.2189
2021,Mar,17,17-Mar-2021,18-Mar-21,0.2199
2021,Mar,18,18-Mar-2021,19-Mar-21,0.2213
2021,Mar,19,19-Mar-2021,22-Mar-21,0.2231
2021,Mar,22,22-Mar-2021,23-Mar-21,0.223
2021,Mar,23,23-Mar-2021,24-Mar-21,0.2238
2021,Mar,24,24-Mar-2021,25-Mar-21,0.2236
2021,Mar,25,25-Mar-2021,26-Mar-21,0.224
2021,Mar,26,26-Mar-2021,29-Mar-21,0.2308
2021,Mar,29,29-Mar-2021,30-Mar-21,0.2309
2021,Mar,30,30-Mar-2021,31-Mar-21,0.2295
2021,Mar,31,31-Mar-2021,1-Apr-21,0.2216
2021,Apr,01,01-Apr-2021,5-Apr-21,0.1935
2021,Apr,05,05-Apr-2021,6-Apr-21,0.1937
2021,Apr,06,06-Apr-2021,7-Apr-21,0.1932
2021,Apr,07,07-Apr-2021,8-Apr-21,0.1918
2021,Apr,08,08-Apr-2021,9-Apr-21,0.1902
2021,Apr,09,09-Apr-2021,12-Apr-21,0.1855
2021,Apr,12,12-Apr-2021,13-Apr-21,0.1845
2021,Apr,13,13-Apr-2021,14-Apr-21,0.1839
2021,Apr,14,14-Apr-2021,15-Apr-21,0.1839
2021,Apr,15,15-Apr-2021,16-Apr-21,0.1834
2021,Apr,16,16-Apr-2021,19-Apr-21,0.1844
2021,Apr,19,19-Apr-2021,20-Apr-21,0.1835
2021,Apr,20,20-Apr-2021,21-Apr-21,0.1841
2021,Apr,21,21-Apr-2021,22-Apr-21,0.184
2021,Apr,22,22-Apr-2021,23-Apr-21,0.1844
2021,Apr,23,23-Apr-2021,26-Apr-21,0.1864
2021,Apr,26,26-Apr-2021,27-Apr-21,0.1858
2021,Apr,27,27-Apr-2021,28-Apr-21,0.1867
2021,Apr,28,28-Apr-2021,29-Apr-21,0.1856
2021,Apr,29,29-Apr-2021,30-Apr-21,0.185
2021,Apr,30,30-Apr-2021,3-May-21,0.1862
2021,May,03,03-May-2021,4-May-21,0.1875
2021,May,04,04-May-2021,5-May-21,0.1884
2021,May,05,05-May-2021,6-May-21,0.1895
2021,May,06,06-May-2021,7-May-21,0.1893
2021,May,07,07-May-2021,10-May-21,0.1922
2021,May,10,10-May-2021,11-May-21,0.192
2021,May,11,11-May-2021,12-May-21,0.1892
2021,May,12,12-May-2021,14-May-21,0.1847
2021,May,14,14-May-2021,17-May-21,0.1829
2021,May,17,17-May-2021,18-May-21,0.1836
2021,May,18,18-May-2021,19-May-21,0.1837
2021,May,19,19-May-2021,20-May-21,0.1812
2021,May,20,20-May-2021,21-May-21,0.1787
2021,May,21,21-May-2021,24-May-21,0.1729
2021,May,24,24-May-2021,25-May-21,0.1721
2021,May,25,25-May-2021,27-May-21,0.1683
2021,May,27,27-May-2021,28-May-21,0.1666
2021,May,28,28-May-2021,31-May-21,0.1691
2021,May,31,31-May-2021,1-Jun-21,0.1679
2021,Jun,01,01-Jun-2021,2-Jun-21,0.1685
2021,Jun,02,02-Jun-2021,3-Jun-21,0.1695
2021,Jun,03,03-Jun-2021,4-Jun-21,0.1702
2021,Jun,04,04-Jun-2021,7-Jun-21,0.1683
2021,Jun,07,07-Jun-2021,8-Jun-21,0.1674
2021,Jun,08,08-Jun-2021,9-Jun-21,0.1667
2021,Jun,09,09-Jun-2021,10-Jun-21,0.1653
2021,Jun,10,10-Jun-2021,11-Jun-21,0.1644
2021,Jun,11,11-Jun-2021,14-Jun-21,0.1561
2021,Jun,14,14-Jun-2021,15-Jun-21,0.153
2021,Jun,15,15-Jun-2021,16-Jun-21,0.1503
2021,Jun,16,16-Jun-2021,17-Jun-21,0.1489
2021,Jun,17,17-Jun-2021,18-Jun-21,0.1486
2021,Jun,18,18-Jun-2021,21-Jun-21,0.1494
2021,Jun,21,21-Jun-2021,22-Jun-21,0.1492
2021,Jun,22,22-Jun-2021,23-Jun-21,0.1493
2021,Jun,23,23-Jun-2021,24-Jun-21,0.1484
2021,Jun,24,24-Jun-2021,25-Jun-21,0.1482
2021,Jun,25,25-Jun-2021,28-Jun-21,0.1399
2021,Jun,28,28-Jun-2021,29-Jun-21,0.1367
2021,Jun,29,29-Jun-2021,30-Jun-21,0.1349
2021,Jun,30,30-Jun-2021,1-Jul-21,0.1326
2021,Jul,01,01-Jul-2021,2-Jul-21,0.1323
2021,Jul,02,02-Jul-2021,5-Jul-21,0.1328
2021,Jul,05,05-Jul-2021,6-Jul-21,0.1326
2021,Jul,06,06-Jul-2021,7-Jul-21,0.1327
2021,Jul,07,07-Jul-2021,8-Jul-21,0.1332
2021,Jul,08,08-Jul-2021,9-Jul-21,0.1339
2021,Jul,09,09-Jul-2021,12-Jul-21,0.1365
2021,Jul,12,12-Jul-2021,13-Jul-21,0.1368
2021,Jul,13,13-Jul-2021,14-Jul-21,0.1368
2021,Jul,14,14-Jul-2021,15-Jul-21,0.1368
2021,Jul,15,15-Jul-2021,16-Jul-21,0.1371
2021,Jul,16,16-Jul-2021,19-Jul-21,0.1347
2021,Jul,19,19-Jul-2021,21-Jul-21,0.1344
2021,Jul,21,21-Jul-2021,22-Jul-21,0.135
2021,Jul,22,22-Jul-2021,23-Jul-21,0.1351
2021,Jul,23,23-Jul-2021,26-Jul-21,0.1319
2021,Jul,26,26-Jul-2021,27-Jul-21,0.1319
2021,Jul,27,27-Jul-2021,28-Jul-21,0.1312
2021,Jul,28,28-Jul-2021,29-Jul-21,0.1306
2021,Jul,29,29-Jul-2021,30-Jul-21,0.13
2021,Jul,30,30-Jul-2021,2-Aug-21,0.1321
2021,Aug,02,02-Aug-2021,3-Aug-21,0.1319
2021,Aug,03,03-Aug-2021,4-Aug-21,0.1309
2021,Aug,04,04-Aug-2021,5-Aug-21,0.1302
2021,Aug,05,05-Aug-2021,6-Aug-21,0.129
2021,Aug,06,06-Aug-2021,10-Aug-21,0.1313
2021,Aug,10,10-Aug-2021,11-Aug-21,0.1301
2021,Aug,11,11-Aug-2021,12-Aug-21,0.1301
2021,Aug,12,12-Aug-2021,13-Aug-21,0.1295
2021,Aug,13,13-Aug-2021,16-Aug-21,0.1272
2021,Aug,16,16-Aug-2021,17-Aug-21,0.1262
2021,Aug,17,17-Aug-2021,18-Aug-21,0.1256
2021,Aug,18,18-Aug-2021,19-Aug-21,0.1255
2021,Aug,19,19-Aug-2021,20-Aug-21,0.1259
2021,Aug,20,20-Aug-2021,23-Aug-21,0.1275
2021,Aug,23,23-Aug-2021,24-Aug-21,0.1279
2021,Aug,24,24-Aug-2021,25-Aug-21,0.1281
2021,Aug,25,25-Aug-2021,26-Aug-21,0.1284
2021,Aug,26,26-Aug-2021,27-Aug-21,0.1287
2021,Aug,27,27-Aug-2021,30-Aug-21,0.1296
2021,Aug,30,30-Aug-2021,31-Aug-21,0.1292
2021,Aug,31,31-Aug-2021,1-Sep-21,0.13
2021,Sep,01,01-Sep-2021,2-Sep-21,0.1301
2021,Sep,02,02-Sep-2021,3-Sep-21,0.1302
2021,Sep,03,03-Sep-2021,6-Sep-21,0.1324
2021,Sep,06,06-Sep-2021,7-Sep-21,0.1327
2021,Sep,07,07-Sep-2021,8-Sep-21,0.1339
2021,Sep,08,08-Sep-2021,9-Sep-21,0.1342
2021,Sep,09,09-Sep-2021,10-Sep-21,0.1346
2021,Sep,10,10-Sep-2021,13-Sep-21,0.1346
2021,Sep,13,13-Sep-2021,14-Sep-21,0.1346
2021,Sep,14,14-Sep-2021,15-Sep-21,0.1342
2021,Sep,15,15-Sep-2021,16-Sep-21,0.1344
2021,Sep,16,16-Sep-2021,17-Sep-21,0.1346
2021,Sep,17,17-Sep-2021,20-Sep-21,0.1319
2021,Sep,20,20-Sep-2021,21-Sep-21,0.1311
2021,Sep,21,21-Sep-2021,22-Sep-21,0.1308
2021,Sep,22,22-Sep-2021,23-Sep-21,0.1312
2021,Sep,23,23-Sep-2021,24-Sep-21,0.1309
2021,Sep,24,24-Sep-2021,27-Sep-21,0.1304
2021,Sep,27,27-Sep-2021,28-Sep-21,0.1305
2021,Sep,28,28-Sep-2021,29-Sep-21,0.1304
2021,Sep,29,29-Sep-2021,30-Sep-21,0.1306
2021,Sep,30,30-Sep-2021,1-Oct-21,0.1306
2021,Oct,01,01-Oct-2021,4-Oct-21,0.1302
2021,Oct,04,04-Oct-2021,5-Oct-21,0.1295
2021,Oct,05,05-Oct-2021,6-Oct-21,0.1291
2021,Oct,06,06-Oct-2021,7-Oct-21,0.1287
2021,Oct,07,07-Oct-2021,8-Oct-21,0.1291
2021,Oct,08,08-Oct-2021,11-Oct-21,0.1315
2021,Oct,11,11-Oct-2021,12-Oct-21,0.1321
2021,Oct,12,12-Oct-2021,13-Oct-21,0.1332
2021,Oct,13,13-Oct-2021,14-Oct-21,0.1344
2021,Oct,14,14-Oct-2021,15-Oct-21,0.1359
2021,Oct,15,15-Oct-2021,18-Oct-21,0.1437
2021,Oct,18,18-Oct-2021,19-Oct-21,0.1452
2021,Oct,19,19-Oct-2021,20-Oct-21,0.1476
2021,Oct,20,20-Oct-2021,21-Oct-21,0.1495
2021,Oct,21,21-Oct-2021,22-Oct-21,0.1498
2021,Oct,22,22-Oct-2021,25-Oct-21,0.153
2021,Oct,25,25-Oct-2021,26-Oct-21,0.1547
2021,Oct,26,26-Oct-2021,27-Oct-21,0.1557
2021,Oct,27,27-Oct-2021,28-Oct-21,0.1555
2021,Oct,28,28-Oct-2021,29-Oct-21,0.1557
2021,Oct,29,29-Oct-2021,1-Nov-21,0.1555
2021,Nov,01,01-Nov-2021,2-Nov-21,0.1546
2021,Nov,02,02-Nov-2021,3-Nov-21,0.1537
2021,Nov,03,03-Nov-2021,5-Nov-21,0.1539
2021,Nov,05,05-Nov-2021,8-Nov-21,0.1504
2021,Nov,08,08-Nov-2021,9-Nov-21,0.1489
2021,Nov,09,09-Nov-2021,10-Nov-21,0.1476
2021,Nov,10,10-Nov-2021,11-Nov-21,0.1486
2021,Nov,11,11-Nov-2021,12-Nov-21,0.1492
2021,Nov,12,12-Nov-2021,15-Nov-21,0.1523
2021,Nov,15,15-Nov-2021,16-Nov-21,0.153
2021,Nov,16,16-Nov-2021,17-Nov-21,0.1545
2021,Nov,17,17-Nov-2021,18-Nov-21,0.1558
2021,Nov,18,18-Nov-2021,19-Nov-21,0.1569
2021,Nov,19,19-Nov-2021,22-Nov-21,0.1615
2021,Nov,22,22-Nov-2021,23-Nov-21,0.1613
2021,Nov,23,23-Nov-2021,24-Nov-21,0.1617
2021,Nov,24,24-Nov-2021,25-Nov-21,0.1622
2021,Nov,25,25-Nov-2021,26-Nov-21,0.1625
2021,Nov,26,26-Nov-2021,29-Nov-21,0.1608
2021,Nov,29,29-Nov-2021,30-Nov-21,0.1596
2021,Nov,30,30-Nov-2021,1-Dec-21,0.1579
2021,Dec,01,01-Dec-2021,2-Dec-21,0.1572
2021,Dec,02,02-Dec-2021,3-Dec-21,0.1565
2021,Dec,03,03-Dec-2021,6-Dec-21,0.1579
2021,Dec,06,06-Dec-2021,7-Dec-21,0.1601
2021,Dec,07,07-Dec-2021,8-Dec-21,0.1617
2021,Dec,08,08-Dec-2021,9-Dec-21,0.1625
2021,Dec,09,09-Dec-2021,10-Dec-21,0.1628
2021,Dec,10,10-Dec-2021,13-Dec-21,0.165
2021,Dec,13,13-Dec-2021,14-Dec-21,0.167
2021,Dec,14,14-Dec-2021,15-Dec-21,0.1699
2021,Dec,15,15-Dec-2021,16-Dec-21,0.1708
2021,Dec,16,16-Dec-2021,17-Dec-21,0.1715
2021,Dec,17,17-Dec-2021,20-Dec-21,0.175
2021,Dec,20,20-Dec-2021,21-Dec-21,0.1753
2021,Dec,21,21-Dec-2021,22-Dec-21,0.1753
2021,Dec,22,22-Dec-2021,23-Dec-21,0.1744
2021,Dec,23,23-Dec-2021,24-Dec-21,0.1749
2021,Dec,24,24-Dec-2021,27-Dec-21,0.1809
2021,Dec,27,27-Dec-2021,28-Dec-21,0.182
2021,Dec,28,28-Dec-2021,29-Dec-21,0.1834
2021,Dec,29,29-Dec-2021,30-Dec-21,0.1856
2021,Dec,30,30-Dec-2021,31-Dec-21,0.1867
2021,Dec,31,31-Dec-2021,3-Jan-22,0.1943
2022,Jan,03,03-Jan-2022,4-Jan-22,0.1949
2022,Jan,04,04-Jan-2022,5-Jan-22,0.196
2022,Jan,05,05-Jan-2022,6-Jan-22,0.1971
2022,Jan,06,06-Jan-2022,7-Jan-22,0.1977
2022,Jan,07,07-Jan-2022,10-Jan-22,0.1966
2022,Jan,10,10-Jan-2022,11-Jan-22,0.1955
2022,Jan,11,11-Jan-2022,12-Jan-22,0.1953
2022,Jan,12,12-Jan-2022,13-Jan-22,0.1955
2022,Jan,13,13-Jan-2022,14-Jan-22,0.196
2022,Jan,14,14-Jan-2022,17-Jan-22,0.1933
2022,Jan,17,17-Jan-2022,18-Jan-22,0.1912
2022,Jan,18,18-Jan-2022,19-Jan-22,0.1903
2022,Jan,19,19-Jan-2022,20-Jan-22,0.1882
2022,Jan,20,20-Jan-2022,21-Jan-22,0.1888
2022,Jan,21,21-Jan-2022,24-Jan-22,0.19
2022,Jan,24,24-Jan-2022,25-Jan-22,0.1893
2022,Jan,25,25-Jan-2022,26-Jan-22,0.1887
2022,Jan,26,26-Jan-2022,27-Jan-22,0.1917
2022,Jan,27,27-Jan-2022,28-Jan-22,0.194
2022,Jan,28,28-Jan-2022,31-Jan-22,0.1991
2022,Jan,31,31-Jan-2022,3-Feb-22,0.2065
2022,Feb,03,03-Feb-2022,4-Feb-22,0.2086
2022,Feb,04,04-Feb-2022,7-Feb-22,0.2141
2022,Feb,07,07-Feb-2022,8-Feb-22,0.2162
2022,Feb,08,08-Feb-2022,9-Feb-22,0.2177
2022,Feb,09,09-Feb-2022,10-Feb-22,0.2182
2022,Feb,10,10-Feb-2022,11-Feb-22,0.2176
2022,Feb,11,11-Feb-2022,14-Feb-22,0.2182
2022,Feb,14,14-Feb-2022,15-Feb-22,0.2175
2022,Feb,15,15-Feb-2022,16-Feb-22,0.2176
2022,Feb,16,16-Feb-2022,17-Feb-22,0.2185
2022,Feb,17,17-Feb-2022,18-Feb-22,0.2189
2022,Feb,18,18-Feb-2022,21-Feb-22,0.2281
2022,Feb,21,21-Feb-2022,22-Feb-22,0.2279
2022,Feb,22,22-Feb-2022,23-Feb-22,0.2304
2022,Feb,23,23-Feb-2022,24-Feb-22,0.2319
2022,Feb,24,24-Feb-2022,25-Feb-22,0.2341
2022,Feb,25,25-Feb-2022,28-Feb-22,0.2454
2022,Feb,28,28-Feb-2022,1-Mar-22,0.2504
2022,Mar,01,01-Mar-2022,2-Mar-22,0.2511
2022,Mar,02,02-Mar-2022,3-Mar-22,0.251
2022,Mar,03,03-Mar-2022,4-Mar-22,0.2497
2022,Mar,04,04-Mar-2022,7-Mar-22,0.2436
2022,Mar,07,07-Mar-2022,8-Mar-22,0.2403
2022,Mar,08,08-Mar-2022,9-Mar-22,0.2386
2022,Mar,09,09-Mar-2022,10-Mar-22,0.2377
2022,Mar,10,10-Mar-2022,11-Mar-22,0.2374
2022,Mar,11,11-Mar-2022,14-Mar-22,0.2351
2022,Mar,14,14-Mar-2022,15-Mar-22,0.2333
2022,Mar,15,15-Mar-2022,16-Mar-22,0.2336
2022,Mar,16,16-Mar-2022,17-Mar-22,0.2349
2022,Mar,17,17-Mar-2022,18-Mar-22,0.2353
2022,Mar,18,18-Mar-2022,21-Mar-22,0.2367
2022,Mar,21,21-Mar-2022,22-Mar-22,0.2399
2022,Mar,22,22-Mar-2022,23-Mar-22,0.2444
2022,Mar,23,23-Mar-2022,24-Mar-22,0.2504
2022,Mar,24,24-Mar-2022,25-Mar-22,0.2533
2022,Mar,25,25-Mar-2022,28-Mar-22,0.2674
2022,Mar,28,28-Mar-2022,29-Mar-22,0.2706
2022,Mar,29,29-Mar-2022,30-Mar-22,0.2707
2022,Mar,30,30-Mar-2022,31-Mar-22,0.2726
2022,Mar,31,31-Mar-2022,1-Apr-22,0.276
2022,Apr,01,01-Apr-2022,4-Apr-22,0.2815
2022,Apr,04,04-Apr-2022,5-Apr-22,0.2847
2022,Apr,05,05-Apr-2022,6-Apr-22,0.2871
2022,Apr,06,06-Apr-2022,7-Apr-22,0.2881
2022,Apr,07,07-Apr-2022,8-Apr-22,0.2896
2022,Apr,08,08-Apr-2022,11-Apr-22,0.2957
2022,Apr,11,11-Apr-2022,12-Apr-22,0.296
2022,Apr,12,12-Apr-2022,13-Apr-22,0.2961
2022,Apr,13,13-Apr-2022,14-Apr-22,0.2978
2022,Apr,14,14-Apr-2022,18-Apr-22,0.3038
2022,Apr,18,18-Apr-2022,19-Apr-22,0.3036
2022,Apr,19,19-Apr-2022,20-Apr-22,0.303
2022,Apr,20,20-Apr-2022,21-Apr-22,0.3015
2022,Apr,21,21-Apr-2022,22-Apr-22,0.3006
2022,Apr,22,22-Apr-2022,25-Apr-22,0.3053
2022,Apr,25,25-Apr-2022,26-Apr-22,0.3064
2022,Apr,26,26-Apr-2022,27-Apr-22,0.3059
2022,Apr,27,27-Apr-2022,28-Apr-22,0.3064
2022,Apr,28,28-Apr-2022,29-Apr-22,0.3065
2022,Apr,29,29-Apr-2022,4-May-22,0.3227
2022,May,04,04-May-2022,5-May-22,0.3252
2022,May,05,05-May-2022,6-May-22,0.3318
2022,May,06,06-May-2022,9-May-22,0.3588
2022,May,09,09-May-2022,10-May-22,0.3667
2022,May,10,10-May-2022,11-May-22,0.3739
2022,May,11,11-May-2022,12-May-22,0.3814
2022,May,12,12-May-2022,13-May-22,0.3892
2022,May,13,13-May-2022,17-May-22,0.4418
2022,May,17,17-May-2022,18-May-22,0.4488
2022,May,18,18-May-2022,19-May-22,0.4546
2022,May,19,19-May-2022,20-May-22,0.4588
2022,May,20,20-May-2022,23-May-22,0.4861
2022,May,23,23-May-2022,24-May-22,0.4943
2022,May,24,24-May-2022,25-May-22,0.5009
2022,May,25,25-May-2022,26-May-22,0.5048
2022,May,26,26-May-2022,27-May-22,0.508
2022,May,27,27-May-2022,30-May-22,0.5208
2022,May,30,30-May-2022,31-May-22,0.5221
2022,May,31,31-May-2022,1-Jun-22,0.5263
2022,Jun,01,01-Jun-2022,2-Jun-22,0.5278
2022,Jun,02,02-Jun-2022,3-Jun-22,0.5326
2022,Jun,03,03-Jun-2022,6-Jun-22,0.5488
2022,Jun,06,06-Jun-2022,7-Jun-22,0.5531
2022,Jun,07,07-Jun-2022,8-Jun-22,0.5581
2022,Jun,08,08-Jun-2022,9-Jun-22,0.563
2022,Jun,09,09-Jun-2022,10-Jun-22,0.5688
2022,Jun,10,10-Jun-2022,13-Jun-22,0.5904
2022,Jun,13,13-Jun-2022,14-Jun-22,0.5952
2022,Jun,14,14-Jun-2022,15-Jun-22,0.5982
2022,Jun,15,15-Jun-2022,16-Jun-22,0.6
2022,Jun,16,16-Jun-2022,17-Jun-22,0.6053
2022,Jun,17,17-Jun-2022,20-Jun-22,0.6357
2022,Jun,20,20-Jun-2022,21-Jun-22,0.6436
2022,Jun,21,21-Jun-2022,22-Jun-22,0.6544
2022,Jun,22,22-Jun-2022,23-Jun-22,0.6658
2022,Jun,23,23-Jun-2022,24-Jun-22,0.6767
2022,Jun,24,24-Jun-2022,27-Jun-22,0.7163
2022,Jun,27,27-Jun-2022,28-Jun-22,0.7287
2022,Jun,28,28-Jun-2022,29-Jun-22,0.7434
2022,Jun,29,29-Jun-2022,30-Jun-22,0.7572
2022,Jun,30,30-Jun-2022,1-Jul-22,0.772
2022,Jul,01,01-Jul-2022,4-Jul-22,0.8089
2022,Jul,04,04-Jul-2022,5-Jul-22,0.8239
2022,Jul,05,05-Jul-2022,6-Jul-22,0.8394
2022,Jul,06,06-Jul-2022,7-Jul-22,0.8552
2022,Jul,07,07-Jul-2022,8-Jul-22,0.8713
2022,Jul,08,08-Jul-2022,12-Jul-22,0.9431
2022,Jul,12,12-Jul-2022,13-Jul-22,0.9609
2022,Jul,13,13-Jul-2022,14-Jul-22,0.9782
2022,Jul,14,14-Jul-2022,15-Jul-22,0.9951
2022,Jul,15,15-Jul-2022,18-Jul-22,1.0485
2022,Jul,18,18-Jul-2022,19-Jul-22,1.068
2022,Jul,19,19-Jul-2022,20-Jul-22,1.0877
2022,Jul,20,20-Jul-2022,21-Jul-22,1.1055
2022,Jul,21,21-Jul-2022,22-Jul-22,1.1231
2022,Jul,22,22-Jul-2022,25-Jul-22,1.1683
2022,Jul,25,25-Jul-2022,26-Jul-22,1.1839
2022,Jul,26,26-Jul-2022,27-Jul-22,1.198
2022,Jul,27,27-Jul-2022,28-Jul-22,1.211
2022,Jul,28,28-Jul-2022,29-Jul-22,1.2295
2022,Jul,29,29-Jul-2022,1-Aug-22,1.2712
2022,Aug,01,01-Aug-2022,2-Aug-22,1.283
2022,Aug,02,02-Aug-2022,3-Aug-22,1.294
2022,Aug,03,03-Aug-2022,4-Aug-22,1.3016
2022,Aug,04,04-Aug-2022,5-Aug-22,1.3112
2022,Aug,05,05-Aug-2022,8-Aug-22,1.3388
2022,Aug,08,08-Aug-2022,10-Aug-22,1.3571
2022,Aug,10,10-Aug-2022,11-Aug-22,1.3652
2022,Aug,11,11-Aug-2022,12-Aug-22,1.3745
2022,Aug,12,12-Aug-2022,15-Aug-22,1.3925
2022,Aug,15,15-Aug-2022,16-Aug-22,1.3985
2022,Aug,16,16-Aug-2022,17-Aug-22,1.4044
2022,Aug,17,17-Aug-2022,18-Aug-22,1.4155
2022,Aug,18,18-Aug-2022,19-Aug-22,1.4255
2022,Aug,19,19-Aug-2022,22-Aug-22,1.4636
2022,Aug,22,22-Aug-2022,23-Aug-22,1.4752
2022,Aug,23,23-Aug-2022,24-Aug-22,1.4871
2022,Aug,24,24-Aug-2022,25-Aug-22,1.4993
2022,Aug,25,25-Aug-2022,26-Aug-22,1.5106
2022,Aug,26,26-Aug-2022,29-Aug-22,1.5486
2022,Aug,29,29-Aug-2022,30-Aug-22,1.5607
2022,Aug,30,30-Aug-2022,31-Aug-22,1.5793
2022,Aug,31,31-Aug-2022,1-Sep-22,1.5967
2022,Sep,01,01-Sep-2022,2-Sep-22,1.6164
2022,Sep,02,02-Sep-2022,5-Sep-22,1.6654
2022,Sep,05,05-Sep-2022,6-Sep-22,1.6828
2022,Sep,06,06-Sep-2022,7-Sep-22,1.7012
2022,Sep,07,07-Sep-2022,8-Sep-22,1.7188
2022,Sep,08,08-Sep-2022,9-Sep-22,1.7369
2022,Sep,09,09-Sep-2022,12-Sep-22,1.7901
2022,Sep,12,12-Sep-2022,13-Sep-22,1.8069
2022,Sep,13,13-Sep-2022,14-Sep-22,1.8246
2022,Sep,14,14-Sep-2022,15-Sep-22,1.8404
2022,Sep,15,15-Sep-2022,16-Sep-22,1.8549
2022,Sep,16,16-Sep-2022,19-Sep-22,1.8811
2022,Sep,19,19-Sep-2022,20-Sep-22,1.8871
2022,Sep,20,20-Sep-2022,21-Sep-22,1.8945
2022,Sep,21,21-Sep-2022,22-Sep-22,1.8968
2022,Sep,22,22-Sep-2022,23-Sep-22,1.9009
2022,Sep,23,23-Sep-2022,26-Sep-22,1.9207
2022,Sep,26,26-Sep-2022,27-Sep-22,1.928
2022,Sep,27,27-Sep-2022,28-Sep-22,1.9381
2022,Sep,28,28-Sep-2022,29-Sep-22,1.9477
2022,Sep,29,29-Sep-2022,30-Sep-22,1.9732
2022,Sep,30,30-Sep-2022,3-Oct-22,2.0655
2022,Oct,03,03-Oct-2022,4-Oct-22,2.0851
2022,Oct,04,04-Oct-2022,5-Oct-22,2.1035
2022,Oct,05,05-Oct-2022,6-Oct-22,2.1167
2022,Oct,06,06-Oct-2022,7-Oct-22,2.1321
2022,Oct,07,07-Oct-2022,10-Oct-22,2.182
2022,Oct,10,10-Oct-2022,11-Oct-22,2.1929
2022,Oct,11,11-Oct-2022,12-Oct-22,2.2088
2022,Oct,12,12-Oct-2022,13-Oct-22,2.2199
2022,Oct,13,13-Oct-2022,14-Oct-22,2.2353
2022,Oct,14,14-Oct-2022,17-Oct-22,2.2773
2022,Oct,17,17-Oct-2022,18-Oct-22,2.2893
2022,Oct,18,18-Oct-2022,19-Oct-22,2.3028
2022,Oct,19,19-Oct-2022,20-Oct-22,2.3112
2022,Oct,20,20-Oct-2022,21-Oct-22,2.3263
2022,Oct,21,21-Oct-2022,25-Oct-22,2.3891
2022,Oct,25,25-Oct-2022,26-Oct-22,2.4016
2022,Oct,26,26-Oct-2022,27-Oct-22,2.4148
2022,Oct,27,27-Oct-2022,28-Oct-22,2.4292
2022,Oct,28,28-Oct-2022,31-Oct-22,2.4534
2022,Oct,31,31-Oct-2022,1-Nov-22,2.4613
2022,Nov,01,01-Nov-2022,2-Nov-22,2.4705
2022,Nov,02,02-Nov-2022,3-Nov-22,2.481
2022,Nov,03,03-Nov-2022,4-Nov-22,2.4945
2022,Nov,04,04-Nov-2022,7-Nov-22,2.5382
2022,Nov,07,07-Nov-2022,8-Nov-22,2.5499
2022,Nov,08,08-Nov-2022,9-Nov-22,2.563
2022,Nov,09,09-Nov-2022,10-Nov-22,2.5753
2022,Nov,10,10-Nov-2022,11-Nov-22,2.5947
2022,Nov,11,11-Nov-2022,14-Nov-22,2.6487
2022,Nov,14,14-Nov-2022,15-Nov-22,2.6633
2022,Nov,15,15-Nov-2022,16-Nov-22,2.6745
2022,Nov,16,16-Nov-2022,17-Nov-22,2.6854
2022,Nov,17,17-Nov-2022,18-Nov-22,2.6994
2022,Nov,18,18-Nov-2022,21-Nov-22,2.745
2022,Nov,21,21-Nov-2022,22-Nov-22,2.7621
2022,Nov,22,22-Nov-2022,23-Nov-22,2.7778
2022,Nov,23,23-Nov-2022,24-Nov-22,2.7933
2022,Nov,24,24-Nov-2022,25-Nov-22,2.8095
2022,Nov,25,25-Nov-2022,28-Nov-22,2.8651
2022,Nov,28,28-Nov-2022,29-Nov-22,2.882
2022,Nov,29,29-Nov-2022,30-Nov-22,2.9007
2022,Nov,30,30-Nov-2022,1-Dec-22,2.9243
2022,Dec,01,01-Dec-2022,2-Dec-22,2.9442
2022,Dec,02,02-Dec-2022,5-Dec-22,3.0095
2022,Dec,05,05-Dec-2022,6-Dec-22,3.0247
2022,Dec,06,06-Dec-2022,7-Dec-22,3.0393
2022,Dec,07,07-Dec-2022,8-Dec-22,3.0548
2022,Dec,08,08-Dec-2022,9-Dec-22,3.0664
2022,Dec,09,09-Dec-2022,12-Dec-22,3.0925
2022,Dec,12,12-Dec-2022,13-Dec-22,3.0953
2022,Dec,13,13-Dec-2022,14-Dec-22,3.0937
2022,Dec,14,14-Dec-2022,15-Dec-22,3.091
2022,Dec,15,15-Dec-2022,16-Dec-22,3.098
2022,Dec,16,16-Dec-2022,19-Dec-22,3.1138
2022,Dec,19,19-Dec-2022,20-Dec-22,3.1139
2022,Dec,20,20-Dec-2022,21-Dec-22,3.1149
2022,Dec,21,21-Dec-2022,22-Dec-22,3.1141
2022,Dec,22,22-Dec-2022,23-Dec-22,3.1109
2022,Dec,23,23-Dec-2022,27-Dec-22,3.1415
2022,Dec,27,27-Dec-2022,28-Dec-22,3.1317
2022,Dec,28,28-Dec-2022,29-Dec-22,3.1214
2022,Dec,29,29-Dec-2022,30-Dec-22,3.0966
2022,Dec,30,30-Dec-2022,3-Jan-23,3.0294
2023,Jan,03,03-Jan-2023,4-Jan-23,3.0166
2023,Jan,04,04-Jan-2023,5-Jan-23,3.0049
2023,Jan,05,05-Jan-2023,6-Jan-23,3.0008
2023,Jan,06,06-Jan-2023,9-Jan-23,2.998
2023,Jan,09,09-Jan-2023,10-Jan-23,3.0019
2023,Jan,10,10-Jan-2023,11-Jan-23,3.0074
2023,Jan,11,11-Jan-2023,12-Jan-23,3.0057
2023,Jan,12,12-Jan-2023,13-Jan-23,3.0115
2023,Jan,13,13-Jan-2023,16-Jan-23,3.0298
2023,Jan,16,16-Jan-2023,17-Jan-23,3.0328
2023,Jan,17,17-Jan-2023,18-Jan-23,3.0385
2023,Jan,18,18-Jan-2023,19-Jan-23,3.0442
2023,Jan,19,19-Jan-2023,20-Jan-23,3.0549
2023,Jan,20,20-Jan-2023,25-Jan-23,3.0772
2023,Jan,25,25-Jan-2023,26-Jan-23,3.0853
2023,Jan,26,26-Jan-2023,27-Jan-23,3.0925
2023,Jan,27,27-Jan-2023,30-Jan-23,3.1199
2023,Jan,30,30-Jan-2023,31-Jan-23,3.1307
2023,Jan,31,31-Jan-2023,1-Feb-23,3.1419
2023,Feb,01,01-Feb-2023,2-Feb-23,3.1525
2023,Feb,02,02-Feb-2023,3-Feb-23,3.1625
2023,Feb,03,03-Feb-2023,6-Feb-23,3.1869
2023,Feb,06,06-Feb-2023,7-Feb-23,3.1916
2023,Feb,07,07-Feb-2023,8-Feb-23,3.194
2023,Feb,08,08-Feb-2023,9-Feb-23,3.1953
2023,Feb,09,09-Feb-2023,10-Feb-23,3.1989
2023,Feb,10,10-Feb-2023,13-Feb-23,3.209
2023,Feb,13,13-Feb-2023,14-Feb-23,3.2084
2023,Feb,14,14-Feb-2023,15-Feb-23,3.2103
2023,Feb,15,15-Feb-2023,16-Feb-23,3.2148
2023,Feb,16,16-Feb-2023,17-Feb-23,3.2214
2023,Feb,17,17-Feb-2023,20-Feb-23,3.2321
2023,Feb,20,20-Feb-2023,21-Feb-23,3.2314
2023,Feb,21,21-Feb-2023,22-Feb-23,3.2277
2023,Feb,22,22-Feb-2023,23-Feb-23,3.2251
2023,Feb,23,23-Feb-2023,24-Feb-23,3.2266
2023,Feb,24,24-Feb-2023,27-Feb-23,3.2347
2023,Feb,27,27-Feb-2023,28-Feb-23,3.2352
2023,Feb,28,28-Feb-2023,1-Mar-23,3.2206
2023,Mar,01,01-Mar-2023,2-Mar-23,3.2164
2023,Mar,02,02-Mar-2023,3-Mar-23,3.2116
2023,Mar,03,03-Mar-2023,6-Mar-23,3.2035
2023,Mar,06,06-Mar-2023,7-Mar-23,3.2055
2023,Mar,07,07-Mar-2023,8-Mar-23,3.2053
2023,Mar,08,08-Mar-2023,9-Mar-23,3.209
2023,Mar,09,09-Mar-2023,10-Mar-23,3.2143
2023,Mar,10,10-Mar-2023,13-Mar-23,3.2415
2023,Mar,13,13-Mar-2023,14-Mar-23,3.2602
2023,Mar,14,14-Mar-2023,15-Mar-23,3.281
2023,Mar,15,15-Mar-2023,16-Mar-23,3.2921
2023,Mar,16,16-Mar-2023,17-Mar-23,3.3084
2023,Mar,17,17-Mar-2023,20-Mar-23,3.3668
2023,Mar,20,20-Mar-2023,21-Mar-23,3.3901
2023,Mar,21,21-Mar-2023,22-Mar-23,3.4162
2023,Mar,22,22-Mar-2023,23-Mar-23,3.4394
2023,Mar,23,23-Mar-2023,24-Mar-23,3.45
2023,Mar,24,24-Mar-2023,27-Mar-23,3.4664
2023,Mar,27,27-Mar-2023,28-Mar-23,3.4852
2023,Mar,28,28-Mar-2023,29-Mar-23,3.5044
2023,Mar,29,29-Mar-2023,30-Mar-23,3.5296
2023,Mar,30,30-Mar-2023,31-Mar-23,3.542
2023,Mar,31,31-Mar-2023,3-Apr-23,3.5775
2023,Apr,03,03-Apr-2023,4-Apr-23,3.5907
2023,Apr,04,04-Apr-2023,5-Apr-23,3.6042
2023,Apr,05,05-Apr-2023,6-Apr-23,3.6135
2023,Apr,06,06-Apr-2023,10-Apr-23,3.6156
2023,Apr,10,10-Apr-2023,11-Apr-23,3.6127
2023,Apr,11,11-Apr-2023,12-Apr-23,3.6123
2023,Apr,12,12-Apr-2023,13-Apr-23,3.6106
2023,Apr,13,13-Apr-2023,14-Apr-23,3.6047
2023,Apr,14,14-Apr-2023,17-Apr-23,3.5928
2023,Apr,17,17-Apr-2023,18-Apr-23,3.5898
2023,Apr,18,18-Apr-2023,19-Apr-23,3.5851
2023,Apr,19,19-Apr-2023,20-Apr-23,3.5816
2023,Apr,20,20-Apr-2023,21-Apr-23,3.5802
2023,Apr,21,21-Apr-2023,24-Apr-23,3.5969
2023,Apr,24,24-Apr-2023,25-Apr-23,3.6013
2023,Apr,25,25-Apr-2023,26-Apr-23,3.603
2023,Apr,26,26-Apr-2023,27-Apr-23,3.6035
2023,Apr,27,27-Apr-2023,28-Apr-23,3.6047
2023,Apr,28,28-Apr-2023,2-May-23,3.6057
2023,May,02,02-May-2023,3-May-23,3.6075
2023,May,03,03-May-2023,4-May-23,3.6076
2023,May,04,04-May-2023,5-May-23,3.6037
2023,May,05,05-May-2023,8-May-23,3.6046
2023,May,08,08-May-2023,9-May-23,3.6086
2023,May,09,09-May-2023,10-May-23,3.6134
2023,May,10,10-May-2023,11-May-23,3.6114
2023,May,11,11-May-2023,12-May-23,3.611
2023,May,12,12-May-2023,15-May-23,3.6084
2023,May,15,15-May-2023,16-May-23,3.6093
2023,May,16,16-May-2023,17-May-23,3.6094
2023,May,17,17-May-2023,18-May-23,3.6088
2023,May,18,18-May-2023,19-May-23,3.6077
2023,May,19,19-May-2023,22-May-23,3.6094
2023,May,22,22-May-2023,23-May-23,3.6143
2023,May,23,23-May-2023,24-May-23,3.6152
2023,May,24,24-May-2023,25-May-23,3.6133
2023,May,25,25-May-2023,26-May-23,3.6118
2023,May,26,26-May-2023,29-May-23,3.6125
2023,May,29,29-May-2023,30-May-23,3.6171
2023,May,30,30-May-2023,31-May-23,3.6211
2023,May,31,31-May-2023,1-Jun-23,3.6241
2023,Jun,01,01-Jun-2023,5-Jun-23,3.6313
2023,Jun,05,05-Jun-2023,6-Jun-23,3.6337
2023,Jun,06,06-Jun-2023,7-Jun-23,3.6355
2023,Jun,07,07-Jun-2023,8-Jun-23,3.6394
2023,Jun,08,08-Jun-2023,9-Jun-23,3.6431
2023,Jun,09,09-Jun-2023,12-Jun-23,3.6535
2023,Jun,12,12-Jun-2023,13-Jun-23,3.652
2023,Jun,13,13-Jun-2023,14-Jun-23,3.65
2023,Jun,14,14-Jun-2023,15-Jun-23,3.6501
2023,Jun,15,15-Jun-2023,16-Jun-23,3.6531
2023,Jun,16,16-Jun-2023,19-Jun-23,3.6445
2023,Jun,19,19-Jun-2023,20-Jun-23,3.6416
2023,Jun,20,20-Jun-2023,21-Jun-23,3.6397
2023,Jun,21,21-Jun-2023,22-Jun-23,3.6361
2023,Jun,22,22-Jun-2023,23-Jun-23,3.6346
2023,Jun,23,23-Jun-2023,26-Jun-23,3.6352
2023,Jun,26,26-Jun-2023,27-Jun-23,3.6371
2023,Jun,27,27-Jun-2023,28-Jun-23,3.6396
2023,Jun,28,28-Jun-2023,30-Jun-23,3.6414
2023,Jun,30,30-Jun-2023,3-Jul-23,3.6549
2023,Jul,03,03-Jul-2023,4-Jul-23,3.66
2023,Jul,04,04-Jul-2023,5-Jul-23,3.6621
2023,Jul,05,05-Jul-2023,6-Jul-23,3.6653
2023,Jul,06,06-Jul-2023,7-Jul-23,3.6685
2023,Jul,07,07-Jul-2023,10-Jul-23,3.6794
2023,Jul,10,10-Jul-2023,11-Jul-23,3.6844
2023,Jul,11,11-Jul-2023,12-Jul-23,3.689
2023,Jul,12,12-Jul-2023,13-Jul-23,3.6926
2023,Jul,13,13-Jul-2023,14-Jul-23,3.6955
2023,Jul,14,14-Jul-2023,17-Jul-23,3.7016
2023,Jul,17,17-Jul-2023,18-Jul-23,3.7044
2023,Jul,18,18-Jul-2023,19-Jul-23,3.7069
2023,Jul,19,19-Jul-2023,20-Jul-23,3.7093
2023,Jul,20,20-Jul-2023,21-Jul-23,3.7111
2023,Jul,21,21-Jul-2023,24-Jul-23,3.6996
2023,Jul,24,24-Jul-2023,25-Jul-23,3.6947
2023,Jul,25,25-Jul-2023,26-Jul-23,3.6914
2023,Jul,26,26-Jul-2023,27-Jul-23,3.6883
2023,Jul,27,27-Jul-2023,28-Jul-23,3.6844
2023,Jul,28,28-Jul-2023,31-Jul-23,3.6774
2023,Jul,31,31-Jul-2023,1-Aug-23,3.6748
2023,Aug,01,01-Aug-2023,2-Aug-23,3.6706
2023,Aug,02,02-Aug-2023,3-Aug-23,3.6676
2023,Aug,03,03-Aug-2023,4-Aug-23,3.6663
2023,Aug,04,04-Aug-2023,7-Aug-23,3.6796
2023,Aug,07,07-Aug-2023,8-Aug-23,3.6844
2023,Aug,08,08-Aug-2023,10-Aug-23,3.6872
2023,Aug,10,10-Aug-2023,11-Aug-23,3.6878
2023,Aug,11,11-Aug-2023,14-Aug-23,3.6938
2023,Aug,14,14-Aug-2023,15-Aug-23,3.6954
2023,Aug,15,15-Aug-2023,16-Aug-23,3.6965
2023,Aug,16,16-Aug-2023,17-Aug-23,3.6976
2023,Aug,17,17-Aug-2023,18-Aug-23,3.6985
2023,Aug,18,18-Aug-2023,21-Aug-23,3.7078
2023,Aug,21,21-Aug-2023,22-Aug-23,3.7076
2023,Aug,22,22-Aug-2023,23-Aug-23,3.7051
2023,Aug,23,23-Aug-2023,24-Aug-23,3.7046
2023,Aug,24,24-Aug-2023,25-Aug-23,3.7034
2023,Aug,25,25-Aug-2023,28-Aug-23,3.7
2023,Aug,28,28-Aug-2023,29-Aug-23,3.6996
2023,Aug,29,29-Aug-2023,30-Aug-23,3.6976
2023,Aug,30,30-Aug-2023,31-Aug-23,3.6949
2023,Aug,31,31-Aug-2023,4-Sep-23,3.6964
2023,Sep,04,04-Sep-2023,5-Sep-23,3.6974
2023,Sep,05,05-Sep-2023,6-Sep-23,3.6972
2023,Sep,06,06-Sep-2023,7-Sep-23,3.6962
2023,Sep,07,07-Sep-2023,8-Sep-23,3.6944
2023,Sep,08,08-Sep-2023,11-Sep-23,3.6947
2023,Sep,11,11-Sep-2023,12-Sep-23,3.6925
2023,Sep,12,12-Sep-2023,13-Sep-23,3.6939
2023,Sep,13,13-Sep-2023,14-Sep-23,3.6957
2023,Sep,14,14-Sep-2023,15-Sep-23,3.6978
2023,Sep,15,15-Sep-2023,18-Sep-23,3.7045
2023,Sep,18,18-Sep-2023,19-Sep-23,3.7057
2023,Sep,19,19-Sep-2023,20-Sep-23,3.7054
2023,Sep,20,20-Sep-2023,21-Sep-23,3.7059
2023,Sep,21,21-Sep-2023,22-Sep-23,3.706
2023,Sep,22,22-Sep-2023,25-Sep-23,3.7072
2023,Sep,25,25-Sep-2023,26-Sep-23,3.707
2023,Sep,26,26-Sep-2023,27-Sep-23,3.7077
2023,Sep,27,27-Sep-2023,28-Sep-23,3.7071
2023,Sep,28,28-Sep-2023,29-Sep-23,3.7052
2023,Sep,29,29-Sep-2023,2-Oct-23,3.7017
2023,Oct,02,02-Oct-2023,3-Oct-23,3.698
2023,Oct,03,03-Oct-2023,4-Oct-23,3.6956
2023,Oct,04,04-Oct-2023,5-Oct-23,3.6934
2023,Oct,05,05-Oct-2023,6-Oct-23,3.6919
2023,Oct,06,06-Oct-2023,9-Oct-23,3.6988
2023,Oct,09,09-Oct-2023,10-Oct-23,3.6994
2023,Oct,10,10-Oct-2023,11-Oct-23,3.7001
2023,Oct,11,11-Oct-2023,12-Oct-23,3.7004
2023,Oct,12,12-Oct-2023,13-Oct-23,3.7018
2023,Oct,13,13-Oct-2023,16-Oct-23,3.7099
2023,Oct,16,16-Oct-2023,17-Oct-23,3.7123
2023,Oct,17,17-Oct-2023,18-Oct-23,3.7152
2023,Oct,18,18-Oct-2023,19-Oct-23,3.7185
2023,Oct,19,19-Oct-2023,20-Oct-23,3.7211
2023,Oct,20,20-Oct-2023,23-Oct-23,3.7287
2023,Oct,23,23-Oct-2023,24-Oct-23,3.73
2023,Oct,24,24-Oct-2023,25-Oct-23,3.732
2023,Oct,25,25-Oct-2023,26-Oct-23,3.7352
2023,Oct,26,26-Oct-2023,27-Oct-23,3.7401
2023,Oct,27,27-Oct-2023,30-Oct-23,3.7479
2023,Oct,30,30-Oct-2023,31-Oct-23,3.7512
2023,Oct,31,31-Oct-2023,1-Nov-23,3.7527
2023,Nov,01,01-Nov-2023,2-Nov-23,3.7556
2023,Nov,02,02-Nov-2023,3-Nov-23,3.7581
2023,Nov,03,03-Nov-2023,6-Nov-23,3.7611
2023,Nov,06,06-Nov-2023,7-Nov-23,3.7594
2023,Nov,07,07-Nov-2023,8-Nov-23,3.7562
2023,Nov,08,08-Nov-2023,9-Nov-23,3.7531
2023,Nov,09,09-Nov-2023,10-Nov-23,3.7509
2023,Nov,10,10-Nov-2023,14-Nov-23,3.7524
2023,Nov,14,14-Nov-2023,15-Nov-23,3.7536
2023,Nov,15,15-Nov-2023,16-Nov-23,3.7546
2023,Nov,16,16-Nov-2023,17-Nov-23,3.7549
2023,Nov,17,17-Nov-2023,20-Nov-23,3.7543
2023,Nov,20,20-Nov-2023,21-Nov-23,3.7517
2023,Nov,21,21-Nov-2023,22-Nov-23,3.7534
2023,Nov,22,22-Nov-2023,23-Nov-23,3.7532
2023,Nov,23,23-Nov-2023,24-Nov-23,3.7532
2023,Nov,24,24-Nov-2023,27-Nov-23,3.7531
2023,Nov,27,27-Nov-2023,28-Nov-23,3.7533
2023,Nov,28,28-Nov-2023,29-Nov-23,3.751
2023,Nov,29,29-Nov-2023,30-Nov-23,3.7477
2023,Nov,30,30-Nov-2023,1-Dec-23,3.7464
2023,Dec,01,01-Dec-2023,4-Dec-23,3.7432
2023,Dec,04,04-Dec-2023,5-Dec-23,3.7416
2023,Dec,05,05-Dec-2023,6-Dec-23,3.7408
2023,Dec,06,06-Dec-2023,7-Dec-23,3.7411
2023,Dec,07,07-Dec-2023,8-Dec-23,3.7436
2023,Dec,08,08-Dec-2023,11-Dec-23,3.7405
2023,Dec,11,11-Dec-2023,12-Dec-23,3.7408
2023,Dec,12,12-Dec-2023,13-Dec-23,3.7429
2023,Dec,13,13-Dec-2023,14-Dec-23,3.7462
2023,Dec,14,14-Dec-2023,15-Dec-23,3.7472
2023,Dec,15,15-Dec-2023,18-Dec-23,3.7445
2023,Dec,18,18-Dec-2023,19-Dec-23,3.7442
2023,Dec,19,19-Dec-2023,20-Dec-23,3.744
2023,Dec,20,20-Dec-2023,21-Dec-23,3.741
2023,Dec,21,21-Dec-2023,22-Dec-23,3.7388
2023,Dec,22,22-Dec-2023,26-Dec-23,3.7228
2023,Dec,26,26-Dec-2023,27-Dec-23,3.7182
2023,Dec,27,27-Dec-2023,28-Dec-23,3.713
2023,Dec,28,28-Dec-2023,29-Dec-23,3.709
2023,Dec,29,29-Dec-2023,2-Jan-24,3.7018
2024,Jan,02,02-Jan-2024,3-Jan-24,3.7012
2024,Jan,03,03-Jan-2024,4-Jan-24,3.7038
2024,Jan,04,04-Jan-2024,5-Jan-24,3.7063
2024,Jan,05,05-Jan-2024,8-Jan-24,3.7039
2024,Jan,08,08-Jan-2024,9-Jan-24,3.703
2024,Jan,09,09-Jan-2024,10-Jan-24,3.7032
2024,Jan,10,10-Jan-2024,11-Jan-24,3.704
2024,Jan,11,11-Jan-2024,12-Jan-24,3.7057
2024,Jan,12,12-Jan-2024,15-Jan-24,3.706
2024,Jan,15,15-Jan-2024,16-Jan-24,3.7039
2024,Jan,16,16-Jan-2024,17-Jan-24,3.7029
2024,Jan,17,17-Jan-2024,18-Jan-24,3.7008
2024,Jan,18,18-Jan-2024,19-Jan-24,3.6984
2024,Jan,19,19-Jan-2024,22-Jan-24,3.6841
2024,Jan,22,22-Jan-2024,23-Jan-24,3.68
2024,Jan,23,23-Jan-2024,24-Jan-24,3.6763
2024,Jan,24,24-Jan-2024,25-Jan-24,3.6728
2024,Jan,25,25-Jan-2024,26-Jan-24,3.6707
2024,Jan,26,26-Jan-2024,29-Jan-24,3.6632
2024,Jan,29,29-Jan-2024,30-Jan-24,3.6609
2024,Jan,30,30-Jan-2024,31-Jan-24,3.6571
2024,Jan,31,31-Jan-2024,1-Feb-24,3.6548
2024,Feb,01,01-Feb-2024,2-Feb-24,3.6524
2024,Feb,02,02-Feb-2024,5-Feb-24,3.6443
2024,Feb,05,05-Feb-2024,6-Feb-24,3.6424
2024,Feb,06,06-Feb-2024,7-Feb-24,3.6427
2024,Feb,07,07-Feb-2024,8-Feb-24,3.6429
2024,Feb,08,08-Feb-2024,9-Feb-24,3.6427
2024,Feb,09,09-Feb-2024,13-Feb-24,3.6379
2024,Feb,13,13-Feb-2024,14-Feb-24,3.6349
2024,Feb,14,14-Feb-2024,15-Feb-24,3.634
2024,Feb,15,15-Feb-2024,16-Feb-24,3.6346
2024,Feb,16,16-Feb-2024,19-Feb-24,3.6346
2024,Feb,19,19-Feb-2024,20-Feb-24,3.6343
2024,Feb,20,20-Feb-2024,21-Feb-24,3.6353
2024,Feb,21,21-Feb-2024,22-Feb-24,3.6335
2024,Feb,22,22-Feb-2024,23-Feb-24,3.6347
2024,Feb,23,23-Feb-2024,26-Feb-24,3.6412
2024,Feb,26,26-Feb-2024,27-Feb-24,3.6427
2024,Feb,27,27-Feb-2024,28-Feb-24,3.6433
2024,Feb,28,28-Feb-2024,29-Feb-24,3.6466
2024,Feb,29,29-Feb-2024,1-Mar-24,3.6488
2024,Mar,01,01-Mar-2024,4-Mar-24,3.6519
2024,Mar,04,04-Mar-2024,5-Mar-24,3.6509
2024,Mar,05,05-Mar-2024,6-Mar-24,3.6496
2024,Mar,06,06-Mar-2024,7-Mar-24,3.648
2024,Mar,07,07-Mar-2024,8-Mar-24,3.6449
2024,Mar,08,08-Mar-2024,11-Mar-24,3.6367
2024,Mar,11,11-Mar-2024,12-Mar-24,3.6328
2024,Mar,12,12-Mar-2024,13-Mar-24,3.6273
2024,Mar,13,13-Mar-2024,14-Mar-24,3.6204
2024,Mar,14,14-Mar-2024,15-Mar-24,3.6171
2024,Mar,15,15-Mar-2024,18-Mar-24,3.6118
2024,Mar,18,18-Mar-2024,19-Mar-24,3.6131
2024,Mar,19,19-Mar-2024,20-Mar-24,3.6165
2024,Mar,20,20-Mar-2024,21-Mar-24,3.6211
2024,Mar,21,21-Mar-2024,22-Mar-24,3.6277
2024,Mar,22,22-Mar-2024,25-Mar-24,3.6564
2024,Mar,25,25-Mar-2024,26-Mar-24,3.6634
2024,Mar,26,26-Mar-2024,27-Mar-24,3.669
2024,Mar,27,27-Mar-2024,28-Mar-24,3.6762
2024,Mar,28,28-Mar-2024,1-Apr-24,3.6829
2024,Apr,01,01-Apr-2024,2-Apr-24,3.6838
2024,Apr,02,02-Apr-2024,3-Apr-24,3.6838
2024,Apr,03,03-Apr-2024,4-Apr-24,3.6804
2024,Apr,04,04-Apr-2024,5-Apr-24,3.6771
2024,Apr,05,05-Apr-2024,8-Apr-24,3.6666
2024,Apr,08,08-Apr-2024,9-Apr-24,3.6615
2024,Apr,09,09-Apr-2024,11-Apr-24,3.654
2024,Apr,11,11-Apr-2024,12-Apr-24,3.6497
2024,Apr,12,12-Apr-2024,15-Apr-24,3.6406
2024,Apr,15,15-Apr-2024,16-Apr-24,3.6387
2024,Apr,16,16-Apr-2024,17-Apr-24,3.6363
2024,Apr,17,17-Apr-2024,18-Apr-24,3.6329
2024,Apr,18,18-Apr-2024,19-Apr-24,3.6319
2024,Apr,19,19-Apr-2024,22-Apr-24,3.639
2024,Apr,22,22-Apr-2024,23-Apr-24,3.6397
2024,Apr,23,23-Apr-2024,24-Apr-24,3.6403
2024,Apr,24,24-Apr-2024,25-Apr-24,3.6416
2024,Apr,25,25-Apr-2024,26-Apr-24,3.6421
2024,Apr,26,26-Apr-2024,29-Apr-24,3.6466
2024,Apr,29,29-Apr-2024,30-Apr-24,3.6465
2024,Apr,30,30-Apr-2024,2-May-24,3.6491
2024,May,02,02-May-2024,3-May-24,3.6508
2024,May,03,03-May-2024,6-May-24,3.6583
2024,May,06,06-May-2024,7-May-24,3.6598
2024,May,07,07-May-2024,8-May-24,3.6626
2024,May,08,08-May-2024,9-May-24,3.6691
2024,May,09,09-May-2024,10-May-24,3.6742
2024,May,10,10-May-2024,13-May-24,3.6917
2024,May,13,13-May-2024,14-May-24,3.6957
2024,May,14,14-May-2024,15-May-24,3.6972
2024,May,15,15-May-2024,16-May-24,3.6962
2024,May,16,16-May-2024,17-May-24,3.6939
2024,May,17,17-May-2024,20-May-24,3.6872
2024,May,20,20-May-2024,21-May-24,3.6852
2024,May,21,21-May-2024,23-May-24,3.6807
2024,May,23,23-May-2024,24-May-24,3.6776
2024,May,24,24-May-2024,27-May-24,3.6732
2024,May,27,27-May-2024,28-May-24,3.6727
2024,May,28,28-May-2024,29-May-24,3.67
2024,May,29,29-May-2024,30-May-24,3.6689
2024,May,30,30-May-2024,31-May-24,3.6678
2024,May,31,31-May-2024,3-Jun-24,3.6597
2024,Jun,03,03-Jun-2024,4-Jun-24,3.6602
2024,Jun,04,04-Jun-2024,5-Jun-24,3.6624
2024,Jun,05,05-Jun-2024,6-Jun-24,3.6651
2024,Jun,06,06-Jun-2024,7-Jun-24,3.6656
2024,Jun,07,07-Jun-2024,10-Jun-24,3.6723
2024,Jun,10,10-Jun-2024,11-Jun-24,3.6717
2024,Jun,11,11-Jun-2024,12-Jun-24,3.6721
2024,Jun,12,12-Jun-2024,13-Jun-24,3.6742
2024,Jun,13,13-Jun-2024,14-Jun-24,3.6769
2024,Jun,14,14-Jun-2024,18-Jun-24,3.6867
2024,Jun,18,18-Jun-2024,19-Jun-24,3.6856
2024,Jun,19,19-Jun-2024,20-Jun-24,3.6836
2024,Jun,20,20-Jun-2024,21-Jun-24,3.6806
2024,Jun,21,21-Jun-2024,24-Jun-24,3.6633
2024,Jun,24,24-Jun-2024,25-Jun-24,3.6568
2024,Jun,25,25-Jun-2024,26-Jun-24,3.6516
2024,Jun,26,26-Jun-2024,27-Jun-24,3.6478
2024,Jun,27,27-Jun-2024,28-Jun-24,3.6428
2024,Jun,28,28-Jun-2024,1-Jul-24,3.6336
2024,Jul,01,01-Jul-2024,2-Jul-24,3.6305
2024,Jul,02,02-Jul-2024,3-Jul-24,3.6283
2024,Jul,03,03-Jul-2024,4-Jul-24,3.6279
2024,Jul,04,04-Jul-2024,5-Jul-24,3.6275
2024,Jul,05,05-Jul-2024,8-Jul-24,3.6311
2024,Jul,08,08-Jul-2024,9-Jul-24,3.6321
2024,Jul,09,09-Jul-2024,10-Jul-24,3.632
2024,Jul,10,10-Jul-2024,11-Jul-24,3.6329
2024,Jul,11,11-Jul-2024,12-Jul-24,3.6337
2024,Jul,12,12-Jul-2024,15-Jul-24,3.6365
2024,Jul,15,15-Jul-2024,16-Jul-24,3.6376
2024,Jul,16,16-Jul-2024,17-Jul-24,3.6386
2024,Jul,17,17-Jul-2024,18-Jul-24,3.6412
2024,Jul,18,18-Jul-2024,19-Jul-24,3.6423
2024,Jul,19,19-Jul-2024,22-Jul-24,3.6402
2024,Jul,22,22-Jul-2024,23-Jul-24,3.6397
2024,Jul,23,23-Jul-2024,24-Jul-24,3.6393
2024,Jul,24,24-Jul-2024,25-Jul-24,3.6395
2024,Jul,25,25-Jul-2024,26-Jul-24,3.64
2024,Jul,26,26-Jul-2024,29-Jul-24,3.6399
2024,Jul,29,29-Jul-2024,30-Jul-24,3.6403
2024,Jul,30,30-Jul-2024,31-Jul-24,3.6389
2024,Jul,31,31-Jul-2024,1-Aug-24,3.6381
2024,Aug,01,01-Aug-2024,2-Aug-24,3.6384
2024,Aug,02,02-Aug-2024,5-Aug-24,3.634
2024,Aug,05,05-Aug-2024,6-Aug-24,3.6325
2024,Aug,06,06-Aug-2024,7-Aug-24,3.6303
2024,Aug,07,07-Aug-2024,8-Aug-24,3.6279
2024,Aug,08,08-Aug-2024,12-Aug-24,3.611
2024,Aug,12,12-Aug-2024,13-Aug-24,3.607
2024,Aug,13,13-Aug-2024,14-Aug-24,3.6066
2024,Aug,14,14-Aug-2024,15-Aug-24,3.6062
2024,Aug,15,15-Aug-2024,16-Aug-24,3.6051
2024,Aug,16,16-Aug-2024,19-Aug-24,3.6032
2024,Aug,19,19-Aug-2024,20-Aug-24,3.6027
2024,Aug,20,20-Aug-2024,21-Aug-24,3.6001
2024,Aug,21,21-Aug-2024,22-Aug-24,3.5973
2024,Aug,22,22-Aug-2024,23-Aug-24,3.5944
2024,Aug,23,23-Aug-2024,26-Aug-24,3.5811
2024,Aug,26,26-Aug-2024,27-Aug-24,3.5761
2024,Aug,27,27-Aug-2024,28-Aug-24,3.5723
2024,Aug,28,28-Aug-2024,29-Aug-24,3.5702
2024,Aug,29,29-Aug-2024,30-Aug-24,3.569
2024,Aug,30,30-Aug-2024,2-Sep-24,3.5694
2024,Sep,02,02-Sep-2024,3-Sep-24,3.5686
2024,Sep,03,03-Sep-2024,4-Sep-24,3.5657
2024,Sep,04,04-Sep-2024,5-Sep-24,3.5619
2024,Sep,05,05-Sep-2024,6-Sep-24,3.5578
2024,Sep,06,06-Sep-2024,9-Sep-24,3.5515
2024,Sep,09,09-Sep-2024,10-Sep-24,3.5479
2024,Sep,10,10-Sep-2024,11-Sep-24,3.5468
2024,Sep,11,11-Sep-2024,12-Sep-24,3.5468
2024,Sep,12,12-Sep-2024,13-Sep-24,3.5456
2024,Sep,13,13-Sep-2024,16-Sep-24,3.5395
2024,Sep,16,16-Sep-2024,17-Sep-24,3.537
2024,Sep,17,17-Sep-2024,18-Sep-24,3.5334
2024,Sep,18,18-Sep-2024,19-Sep-24,3.5305
2024,Sep,19,19-Sep-2024,20-Sep-24,3.524
2024,Sep,20,20-Sep-2024,23-Sep-24,3.5103
2024,Sep,23,23-Sep-2024,24-Sep-24,3.5046
2024,Sep,24,24-Sep-2024,25-Sep-24,3.4988
2024,Sep,25,25-Sep-2024,26-Sep-24,3.4944
2024,Sep,26,26-Sep-2024,27-Sep-24,3.4924
2024,Sep,27,27-Sep-2024,30-Sep-24,3.4882
2024,Sep,30,30-Sep-2024,1-Oct-24,3.4932
2024,Oct,01,01-Oct-2024,2-Oct-24,3.4966
2024,Oct,02,02-Oct-2024,3-Oct-24,3.4987
2024,Oct,03,03-Oct-2024,4-Oct-24,3.5
2024,Oct,04,04-Oct-2024,7-Oct-24,3.5013
2024,Oct,07,07-Oct-2024,8-Oct-24,3.501
2024,Oct,08,08-Oct-2024,9-Oct-24,3.5002
2024,Oct,09,09-Oct-2024,10-Oct-24,3.4991
2024,Oct,10,10-Oct-2024,11-Oct-24,3.4949
2024,Oct,11,11-Oct-2024,14-Oct-24,3.4808
2024,Oct,14,14-Oct-2024,15-Oct-24,3.4757
2024,Oct,15,15-Oct-2024,16-Oct-24,3.4704
2024,Oct,16,16-Oct-2024,17-Oct-24,3.4637
2024,Oct,17,17-Oct-2024,18-Oct-24,3.4566
2024,Oct,18,18-Oct-2024,21-Oct-24,3.4371
2024,Oct,21,21-Oct-2024,22-Oct-24,3.4314
2024,Oct,22,22-Oct-2024,23-Oct-24,3.4266
2024,Oct,23,23-Oct-2024,24-Oct-24,3.4215
2024,Oct,24,24-Oct-2024,25-Oct-24,3.415
2024,Oct,25,25-Oct-2024,28-Oct-24,3.3948
2024,Oct,28,28-Oct-2024,29-Oct-24,3.3884
2024,Oct,29,29-Oct-2024,30-Oct-24,3.3834
2024,Oct,30,30-Oct-2024,1-Nov-24,3.3769
2024,Nov,01,01-Nov-2024,4-Nov-24,3.3658
2024,Nov,04,04-Nov-2024,5-Nov-24,3.3593
2024,Nov,05,05-Nov-2024,6-Nov-24,3.3516
2024,Nov,06,06-Nov-2024,7-Nov-24,3.3438
2024,Nov,07,07-Nov-2024,8-Nov-24,3.3364
2024,Nov,08,08-Nov-2024,11-Nov-24,3.3202
2024,Nov,11,11-Nov-2024,12-Nov-24,3.3151
2024,Nov,12,12-Nov-2024,13-Nov-24,3.3088
2024,Nov,13,13-Nov-2024,14-Nov-24,3.301
2024,Nov,14,14-Nov-2024,15-Nov-24,3.2932
2024,Nov,15,15-Nov-2024,18-Nov-24,3.2728
2024,Nov,18,18-Nov-2024,19-Nov-24,3.2685
2024,Nov,19,19-Nov-2024,20-Nov-24,3.2632
2024,Nov,20,20-Nov-2024,21-Nov-24,3.2588
2024,Nov,21,21-Nov-2024,22-Nov-24,3.254
2024,Nov,22,22-Nov-2024,25-Nov-24,3.25
2024,Nov,25,25-Nov-2024,26-Nov-24,3.2482
2024,Nov,26,26-Nov-2024,27-Nov-24,3.2447
2024,Nov,27,27-Nov-2024,28-Nov-24,3.2389
2024,Nov,28,28-Nov-2024,29-Nov-24,3.2322
2024,Nov,29,29-Nov-2024,2-Dec-24,3.2147
2024,Dec,02,02-Dec-2024,3-Dec-24,3.2093
2024,Dec,03,03-Dec-2024,4-Dec-24,3.2039
2024,Dec,04,04-Dec-2024,5-Dec-24,3.1988
2024,Dec,05,05-Dec-2024,6-Dec-24,3.1909
2024,Dec,06,06-Dec-2024,9-Dec-24,3.1676
2024,Dec,09,09-Dec-2024,10-Dec-24,3.164
2024,Dec,10,10-Dec-2024,11-Dec-24,3.1598
2024,Dec,11,11-Dec-2024,12-Dec-24,3.1546
2024,Dec,12,12-Dec-2024,13-Dec-24,3.1509
2024,Dec,13,13-Dec-2024,16-Dec-24,3.1413
2024,Dec,16,16-Dec-2024,17-Dec-24,3.137
2024,Dec,17,17-Dec-2024,18-Dec-24,3.1327
2024,Dec,18,18-Dec-2024,19-Dec-24,3.1276
2024,Dec,19,19-Dec-2024,20-Dec-24,3.1263
2024,Dec,20,20-Dec-2024,23-Dec-24,3.1272
2024,Dec,23,23-Dec-2024,24-Dec-24,3.1232
2024,Dec,24,24-Dec-2024,26-Dec-24,3.1143
2024,Dec,26,26-Dec-2024,27-Dec-24,3.1047
2024,Dec,27,27-Dec-2024,30-Dec-24,3.0799
2024,Dec,30,30-Dec-2024,31-Dec-24,3.0717
2024,Dec,31,31-Dec-2024,2-Jan-25,3.0346
2025,Jan,02,02-Jan-2025,3-Jan-25,3.0227
2025,Jan,03,03-Jan-2025,6-Jan-25,2.9962
2025,Jan,06,06-Jan-2025,7-Jan-25,2.9883
2025,Jan,07,07-Jan-2025,8-Jan-25,2.9805
2025,Jan,08,08-Jan-2025,9-Jan-25,2.9744
2025,Jan,09,09-Jan-2025,10-Jan-25,2.97
2025,Jan,10,10-Jan-2025,13-Jan-25,2.9701
2025,Jan,13,13-Jan-2025,14-Jan-25,2.9683
2025,Jan,14,14-Jan-2025,15-Jan-25,2.9666
2025,Jan,15,15-Jan-2025,16-Jan-25,2.9642
2025,Jan,16,16-Jan-2025,17-Jan-25,2.9594
2025,Jan,17,17-Jan-2025,20-Jan-25,2.9364
2025,Jan,20,20-Jan-2025,21-Jan-25,2.9284
2025,Jan,21,21-Jan-2025,22-Jan-25,2.9221
2025,Jan,22,22-Jan-2025,23-Jan-25,2.9162
2025,Jan,23,23-Jan-2025,24-Jan-25,2.9157
2025,Jan,24,24-Jan-2025,27-Jan-25,2.918
2025,Jan,27,27-Jan-2025,28-Jan-25,2.9175
2025,Jan,28,28-Jan-2025,31-Jan-25,2.9182
2025,Jan,31,31-Jan-2025,3-Feb-25,2.8993
2025,Feb,03,03-Feb-2025,4-Feb-25,2.893
2025,Feb,04,04-Feb-2025,5-Feb-25,2.8889
2025,Feb,05,05-Feb-2025,6-Feb-25,2.883
2025,Feb,06,06-Feb-2025,7-Feb-25,2.879
2025,Feb,07,07-Feb-2025,10-Feb-25,2.8615
2025,Feb,10,10-Feb-2025,11-Feb-25,2.8554
2025,Feb,11,11-Feb-2025,12-Feb-25,2.848
2025,Feb,12,12-Feb-2025,13-Feb-25,2.8418
2025,Feb,13,13-Feb-2025,14-Feb-25,2.8367
2025,Feb,14,14-Feb-2025,17-Feb-25,2.8207
2025,Feb,17,17-Feb-2025,18-Feb-25,2.8143
2025,Feb,18,18-Feb-2025,19-Feb-25,2.8077
2025,Feb,19,19-Feb-2025,20-Feb-25,2.8011
2025,Feb,20,20-Feb-2025,21-Feb-25,2.7959
2025,Feb,21,21-Feb-2025,24-Feb-25,2.7752
2025,Feb,24,24-Feb-2025,25-Feb-25,2.7661
2025,Feb,25,25-Feb-2025,26-Feb-25,2.759
2025,Feb,26,26-Feb-2025,27-Feb-25,2.7534
2025,Feb,27,27-Feb-2025,28-Feb-25,2.7518
2025,Feb,28,28-Feb-2025,3-Mar-25,2.7291
2025,Mar,03,03-Mar-2025,4-Mar-25,2.7208
2025,Mar,04,04-Mar-2025,5-Mar-25,2.7129
2025,Mar,05,05-Mar-2025,6-Mar-25,2.7078
2025,Mar,06,06-Mar-2025,7-Mar-25,2.7018
2025,Mar,07,07-Mar-2025,10-Mar-25,2.6736
2025,Mar,10,10-Mar-2025,11-Mar-25,2.6624