SORA Value Date,Month,Day,Date,SORA Publication Date,Compound SORA - 6 month
2005,Jul,01,01-Jul-2005,4-Jul-05,-
2005,Jul,04,04-Jul-2005,5-Jul-05,-
2005,Jul,05,05-Jul-2005,6-Jul-05,-
2005,Jul,06,06-Jul-2005,7-Jul-05,-
2005,Jul,07,07-Jul-2005,8-Jul-05,-
2005,Jul,08,08-Jul-2005,11-Jul-05,-
2005,Jul,11,11-Jul-2005,12-Jul-05,-
2005,Jul,12,12-Jul-2005,13-Jul-05,-
2005,Jul,13,13-Jul-2005,14-Jul-05,-
2005,Jul,14,14-Jul-2005,15-Jul-05,-
2005,Jul,15,15-Jul-2005,18-Jul-05,-
2005,Jul,18,18-Jul-2005,19-Jul-05,-
2005,Jul,19,19-Jul-2005,20-Jul-05,-
2005,Jul,20,20-Jul-2005,21-Jul-05,-
2005,Jul,21,21-Jul-2005,22-Jul-05,-
2005,Jul,22,22-Jul-2005,25-Jul-05,-
2005,Jul,25,25-Jul-2005,26-Jul-05,-
2005,Jul,26,26-Jul-2005,27-Jul-05,-
2005,Jul,27,27-Jul-2005,28-Jul-05,-
2005,Jul,28,28-Jul-2005,29-Jul-05,-
2005,Jul,29,29-Jul-2005,1-Aug-05,-
2005,Aug,01,01-Aug-2005,2-Aug-05,-
2005,Aug,02,02-Aug-2005,3-Aug-05,-
2005,Aug,03,03-Aug-2005,4-Aug-05,-
2005,Aug,04,04-Aug-2005,5-Aug-05,-
2005,Aug,05,05-Aug-2005,8-Aug-05,-
2005,Aug,08,08-Aug-2005,10-Aug-05,-
2005,Aug,10,10-Aug-2005,11-Aug-05,-
2005,Aug,11,11-Aug-2005,12-Aug-05,-
2005,Aug,12,12-Aug-2005,15-Aug-05,-
2005,Aug,15,15-Aug-2005,16-Aug-05,-
2005,Aug,16,16-Aug-2005,17-Aug-05,-
2005,Aug,17,17-Aug-2005,18-Aug-05,-
2005,Aug,18,18-Aug-2005,19-Aug-05,-
2005,Aug,19,19-Aug-2005,22-Aug-05,-
2005,Aug,22,22-Aug-2005,23-Aug-05,-
2005,Aug,23,23-Aug-2005,24-Aug-05,-
2005,Aug,24,24-Aug-2005,25-Aug-05,-
2005,Aug,25,25-Aug-2005,26-Aug-05,-
2005,Aug,26,26-Aug-2005,29-Aug-05,-
2005,Aug,29,29-Aug-2005,30-Aug-05,-
2005,Aug,30,30-Aug-2005,31-Aug-05,-
2005,Aug,31,31-Aug-2005,1-Sep-05,-
2005,Sep,01,01-Sep-2005,2-Sep-05,-
2005,Sep,02,02-Sep-2005,5-Sep-05,-
2005,Sep,05,05-Sep-2005,6-Sep-05,-
2005,Sep,06,06-Sep-2005,7-Sep-05,-
2005,Sep,07,07-Sep-2005,8-Sep-05,-
2005,Sep,08,08-Sep-2005,9-Sep-05,-
2005,Sep,09,09-Sep-2005,12-Sep-05,-
2005,Sep,12,12-Sep-2005,13-Sep-05,-
2005,Sep,13,13-Sep-2005,14-Sep-05,-
2005,Sep,14,14-Sep-2005,15-Sep-05,-
2005,Sep,15,15-Sep-2005,16-Sep-05,-
2005,Sep,16,16-Sep-2005,19-Sep-05,-
2005,Sep,19,19-Sep-2005,20-Sep-05,-
2005,Sep,20,20-Sep-2005,21-Sep-05,-
2005,Sep,21,21-Sep-2005,22-Sep-05,-
2005,Sep,22,22-Sep-2005,23-Sep-05,-
2005,Sep,23,23-Sep-2005,26-Sep-05,-
2005,Sep,26,26-Sep-2005,27-Sep-05,-
2005,Sep,27,27-Sep-2005,28-Sep-05,-
2005,Sep,28,28-Sep-2005,29-Sep-05,-
2005,Sep,29,29-Sep-2005,30-Sep-05,-
2005,Sep,30,30-Sep-2005,3-Oct-05,-
2005,Oct,03,03-Oct-2005,4-Oct-05,-
2005,Oct,04,04-Oct-2005,5-Oct-05,-
2005,Oct,05,05-Oct-2005,6-Oct-05,-
2005,Oct,06,06-Oct-2005,7-Oct-05,-
2005,Oct,07,07-Oct-2005,10-Oct-05,-
2005,Oct,10,10-Oct-2005,11-Oct-05,-
2005,Oct,11,11-Oct-2005,12-Oct-05,-
2005,Oct,12,12-Oct-2005,13-Oct-05,-
2005,Oct,13,13-Oct-2005,14-Oct-05,-
2005,Oct,14,14-Oct-2005,17-Oct-05,-
2005,Oct,17,17-Oct-2005,18-Oct-05,-
2005,Oct,18,18-Oct-2005,19-Oct-05,-
2005,Oct,19,19-Oct-2005,20-Oct-05,-
2005,Oct,20,20-Oct-2005,21-Oct-05,-
2005,Oct,21,21-Oct-2005,24-Oct-05,-
2005,Oct,24,24-Oct-2005,25-Oct-05,-
2005,Oct,25,25-Oct-2005,26-Oct-05,-
2005,Oct,26,26-Oct-2005,27-Oct-05,-
2005,Oct,27,27-Oct-2005,28-Oct-05,-
2005,Oct,28,28-Oct-2005,31-Oct-05,-
2005,Oct,31,31-Oct-2005,2-Nov-05,-
2005,Nov,02,02-Nov-2005,4-Nov-05,-
2005,Nov,04,04-Nov-2005,7-Nov-05,-
2005,Nov,07,07-Nov-2005,8-Nov-05,-
2005,Nov,08,08-Nov-2005,9-Nov-05,-
2005,Nov,09,09-Nov-2005,10-Nov-05,-
2005,Nov,10,10-Nov-2005,11-Nov-05,-
2005,Nov,11,11-Nov-2005,14-Nov-05,-
2005,Nov,14,14-Nov-2005,15-Nov-05,-
2005,Nov,15,15-Nov-2005,16-Nov-05,-
2005,Nov,16,16-Nov-2005,17-Nov-05,-
2005,Nov,17,17-Nov-2005,18-Nov-05,-
2005,Nov,18,18-Nov-2005,21-Nov-05,-
2005,Nov,21,21-Nov-2005,22-Nov-05,-
2005,Nov,22,22-Nov-2005,23-Nov-05,-
2005,Nov,23,23-Nov-2005,24-Nov-05,-
2005,Nov,24,24-Nov-2005,25-Nov-05,-
2005,Nov,25,25-Nov-2005,28-Nov-05,-
2005,Nov,28,28-Nov-2005,29-Nov-05,-
2005,Nov,29,29-Nov-2005,30-Nov-05,-
2005,Nov,30,30-Nov-2005,1-Dec-05,-
2005,Dec,01,01-Dec-2005,2-Dec-05,-
2005,Dec,02,02-Dec-2005,5-Dec-05,-
2005,Dec,05,05-Dec-2005,6-Dec-05,-
2005,Dec,06,06-Dec-2005,7-Dec-05,-
2005,Dec,07,07-Dec-2005,8-Dec-05,-
2005,Dec,08,08-Dec-2005,9-Dec-05,-
2005,Dec,09,09-Dec-2005,12-Dec-05,-
2005,Dec,12,12-Dec-2005,13-Dec-05,-
2005,Dec,13,13-Dec-2005,14-Dec-05,-
2005,Dec,14,14-Dec-2005,15-Dec-05,-
2005,Dec,15,15-Dec-2005,16-Dec-05,-
2005,Dec,16,16-Dec-2005,19-Dec-05,-
2005,Dec,19,19-Dec-2005,20-Dec-05,-
2005,Dec,20,20-Dec-2005,21-Dec-05,-
2005,Dec,21,21-Dec-2005,22-Dec-05,-
2005,Dec,22,22-Dec-2005,23-Dec-05,-
2005,Dec,23,23-Dec-2005,27-Dec-05,-
2005,Dec,27,27-Dec-2005,28-Dec-05,-
2005,Dec,28,28-Dec-2005,29-Dec-05,-
2005,Dec,29,29-Dec-2005,30-Dec-05,-
2005,Dec,30,30-Dec-2005,3-Jan-06,-
2006,Jan,03,03-Jan-2006,4-Jan-06,2.2811
2006,Jan,04,04-Jan-2006,5-Jan-06,2.291
2006,Jan,05,05-Jan-2006,6-Jan-06,2.3004
2006,Jan,06,06-Jan-2006,9-Jan-06,2.3216
2006,Jan,09,09-Jan-2006,11-Jan-06,2.334
2006,Jan,11,11-Jan-2006,12-Jan-06,2.3415
2006,Jan,12,12-Jan-2006,13-Jan-06,2.3503
2006,Jan,13,13-Jan-2006,16-Jan-06,2.3769
2006,Jan,16,16-Jan-2006,17-Jan-06,2.3839
2006,Jan,17,17-Jan-2006,18-Jan-06,2.3918
2006,Jan,18,18-Jan-2006,19-Jan-06,2.3995
2006,Jan,19,19-Jan-2006,20-Jan-06,2.4075
2006,Jan,20,20-Jan-2006,23-Jan-06,2.43
2006,Jan,23,23-Jan-2006,24-Jan-06,2.4373
2006,Jan,24,24-Jan-2006,25-Jan-06,2.4435
2006,Jan,25,25-Jan-2006,26-Jan-06,2.4496
2006,Jan,26,26-Jan-2006,27-Jan-06,2.4566
2006,Jan,27,27-Jan-2006,1-Feb-06,2.5071
2006,Feb,01,01-Feb-2006,2-Feb-06,2.5163
2006,Feb,02,02-Feb-2006,3-Feb-06,2.5262
2006,Feb,03,03-Feb-2006,6-Feb-06,2.5551
2006,Feb,06,06-Feb-2006,7-Feb-06,2.5648
2006,Feb,07,07-Feb-2006,8-Feb-06,2.5738
2006,Feb,08,08-Feb-2006,9-Feb-06,2.5809
2006,Feb,09,09-Feb-2006,10-Feb-06,2.5858
2006,Feb,10,10-Feb-2006,13-Feb-06,2.6024
2006,Feb,13,13-Feb-2006,14-Feb-06,2.6069
2006,Feb,14,14-Feb-2006,15-Feb-06,2.6091
2006,Feb,15,15-Feb-2006,16-Feb-06,2.6062
2006,Feb,16,16-Feb-2006,17-Feb-06,2.6121
2006,Feb,17,17-Feb-2006,20-Feb-06,2.6352
2006,Feb,20,20-Feb-2006,21-Feb-06,2.6426
2006,Feb,21,21-Feb-2006,22-Feb-06,2.651
2006,Feb,22,22-Feb-2006,23-Feb-06,2.6591
2006,Feb,23,23-Feb-2006,24-Feb-06,2.6666
2006,Feb,24,24-Feb-2006,27-Feb-06,2.6896
2006,Feb,27,27-Feb-2006,28-Feb-06,2.6977
2006,Feb,28,28-Feb-2006,1-Mar-06,2.7189
2006,Mar,01,01-Mar-2006,2-Mar-06,2.7261
2006,Mar,02,02-Mar-2006,3-Mar-06,2.7335
2006,Mar,03,03-Mar-2006,6-Mar-06,2.7554
2006,Mar,06,06-Mar-2006,7-Mar-06,2.7622
2006,Mar,07,07-Mar-2006,8-Mar-06,2.7682
2006,Mar,08,08-Mar-2006,9-Mar-06,2.7752
2006,Mar,09,09-Mar-2006,10-Mar-06,2.7822
2006,Mar,10,10-Mar-2006,13-Mar-06,2.8031
2006,Mar,13,13-Mar-2006,14-Mar-06,2.8096
2006,Mar,14,14-Mar-2006,15-Mar-06,2.8158
2006,Mar,15,15-Mar-2006,16-Mar-06,2.8214
2006,Mar,16,16-Mar-2006,17-Mar-06,2.8271
2006,Mar,17,17-Mar-2006,20-Mar-06,2.8448
2006,Mar,20,20-Mar-2006,21-Mar-06,2.8503
2006,Mar,21,21-Mar-2006,22-Mar-06,2.8551
2006,Mar,22,22-Mar-2006,23-Mar-06,2.8601
2006,Mar,23,23-Mar-2006,24-Mar-06,2.8647
2006,Mar,24,24-Mar-2006,27-Mar-06,2.8802
2006,Mar,27,27-Mar-2006,28-Mar-06,2.8855
2006,Mar,28,28-Mar-2006,29-Mar-06,2.8909
2006,Mar,29,29-Mar-2006,30-Mar-06,2.8938
2006,Mar,30,30-Mar-2006,31-Mar-06,2.8946
2006,Mar,31,31-Mar-2006,3-Apr-06,2.9109
2006,Apr,03,03-Apr-2006,4-Apr-06,2.9171
2006,Apr,04,04-Apr-2006,5-Apr-06,2.9232
2006,Apr,05,05-Apr-2006,6-Apr-06,2.9292
2006,Apr,06,06-Apr-2006,7-Apr-06,2.934
2006,Apr,07,07-Apr-2006,10-Apr-06,2.9499
2006,Apr,10,10-Apr-2006,11-Apr-06,2.9552
2006,Apr,11,11-Apr-2006,12-Apr-06,2.9602
2006,Apr,12,12-Apr-2006,13-Apr-06,2.9648
2006,Apr,13,13-Apr-2006,17-Apr-06,2.9848
2006,Apr,17,17-Apr-2006,18-Apr-06,2.9895
2006,Apr,18,18-Apr-2006,19-Apr-06,2.9942
2006,Apr,19,19-Apr-2006,20-Apr-06,2.9988
2006,Apr,20,20-Apr-2006,21-Apr-06,3.0035
2006,Apr,21,21-Apr-2006,24-Apr-06,3.018
2006,Apr,24,24-Apr-2006,25-Apr-06,3.0227
2006,Apr,25,25-Apr-2006,26-Apr-06,3.0277
2006,Apr,26,26-Apr-2006,27-Apr-06,3.0326
2006,Apr,27,27-Apr-2006,28-Apr-06,3.0379
2006,Apr,28,28-Apr-2006,2-May-06,3.0596
2006,May,02,02-May-2006,3-May-06,3.0636
2006,May,03,03-May-2006,4-May-06,3.067
2006,May,04,04-May-2006,5-May-06,3.07
2006,May,05,05-May-2006,8-May-06,3.0797
2006,May,08,08-May-2006,9-May-06,3.0821
2006,May,09,09-May-2006,10-May-06,3.0837
2006,May,10,10-May-2006,11-May-06,3.0856
2006,May,11,11-May-2006,15-May-06,3.0929
2006,May,15,15-May-2006,16-May-06,3.0948
2006,May,16,16-May-2006,17-May-06,3.0973
2006,May,17,17-May-2006,18-May-06,3.0994
2006,May,18,18-May-2006,19-May-06,3.1012
2006,May,19,19-May-2006,22-May-06,3.1057
2006,May,22,22-May-2006,23-May-06,3.1063
2006,May,23,23-May-2006,24-May-06,3.108
2006,May,24,24-May-2006,25-May-06,3.1075
2006,May,25,25-May-2006,26-May-06,3.1098
2006,May,26,26-May-2006,29-May-06,3.1173
2006,May,29,29-May-2006,30-May-06,3.1189
2006,May,30,30-May-2006,31-May-06,3.1183
2006,May,31,31-May-2006,1-Jun-06,3.1197
2006,Jun,01,01-Jun-2006,2-Jun-06,3.1212
2006,Jun,02,02-Jun-2006,5-Jun-06,3.1301
2006,Jun,05,05-Jun-2006,6-Jun-06,3.1333
2006,Jun,06,06-Jun-2006,7-Jun-06,3.1365
2006,Jun,07,07-Jun-2006,8-Jun-06,3.1409
2006,Jun,08,08-Jun-2006,9-Jun-06,3.1437
2006,Jun,09,09-Jun-2006,12-Jun-06,3.1493
2006,Jun,12,12-Jun-2006,13-Jun-06,3.1512
2006,Jun,13,13-Jun-2006,14-Jun-06,3.1541
2006,Jun,14,14-Jun-2006,15-Jun-06,3.1559
2006,Jun,15,15-Jun-2006,16-Jun-06,3.1549
2006,Jun,16,16-Jun-2006,19-Jun-06,3.1546
2006,Jun,19,19-Jun-2006,20-Jun-06,3.1554
2006,Jun,20,20-Jun-2006,21-Jun-06,3.158
2006,Jun,21,21-Jun-2006,22-Jun-06,3.1613
2006,Jun,22,22-Jun-2006,23-Jun-06,3.1639
2006,Jun,23,23-Jun-2006,26-Jun-06,3.1712
2006,Jun,26,26-Jun-2006,27-Jun-06,3.1733
2006,Jun,27,27-Jun-2006,28-Jun-06,3.1761
2006,Jun,28,28-Jun-2006,29-Jun-06,3.1782
2006,Jun,29,29-Jun-2006,30-Jun-06,3.1809
2006,Jun,30,30-Jun-2006,3-Jul-06,3.1697
2006,Jul,03,03-Jul-2006,4-Jul-06,3.17
2006,Jul,04,04-Jul-2006,5-Jul-06,3.1672
2006,Jul,05,05-Jul-2006,6-Jul-06,3.1652
2006,Jul,06,06-Jul-2006,7-Jul-06,3.1666
2006,Jul,07,07-Jul-2006,10-Jul-06,3.1726
2006,Jul,10,10-Jul-2006,11-Jul-06,3.1752
2006,Jul,11,11-Jul-2006,12-Jul-06,3.1768
2006,Jul,12,12-Jul-2006,13-Jul-06,3.177
2006,Jul,13,13-Jul-2006,14-Jul-06,3.1772
2006,Jul,14,14-Jul-2006,17-Jul-06,3.1791
2006,Jul,17,17-Jul-2006,18-Jul-06,3.1787
2006,Jul,18,18-Jul-2006,19-Jul-06,3.1783
2006,Jul,19,19-Jul-2006,20-Jul-06,3.1772
2006,Jul,20,20-Jul-2006,21-Jul-06,3.1777
2006,Jul,21,21-Jul-2006,24-Jul-06,3.1795
2006,Jul,24,24-Jul-2006,25-Jul-06,3.181
2006,Jul,25,25-Jul-2006,26-Jul-06,3.1828
2006,Jul,26,26-Jul-2006,27-Jul-06,3.1836
2006,Jul,27,27-Jul-2006,28-Jul-06,3.181
2006,Jul,28,28-Jul-2006,31-Jul-06,3.1709
2006,Jul,31,31-Jul-2006,1-Aug-06,3.1671
2006,Aug,01,01-Aug-2006,2-Aug-06,3.1649
2006,Aug,02,02-Aug-2006,3-Aug-06,3.1625
2006,Aug,03,03-Aug-2006,4-Aug-06,3.1608
2006,Aug,04,04-Aug-2006,7-Aug-06,3.1525
2006,Aug,07,07-Aug-2006,8-Aug-06,3.1498
2006,Aug,08,08-Aug-2006,10-Aug-06,3.1522
2006,Aug,10,10-Aug-2006,11-Aug-06,3.155
2006,Aug,11,11-Aug-2006,14-Aug-06,3.164
2006,Aug,14,14-Aug-2006,15-Aug-06,3.1701
2006,Aug,15,15-Aug-2006,16-Aug-06,3.1815
2006,Aug,16,16-Aug-2006,17-Aug-06,3.1838
2006,Aug,17,17-Aug-2006,18-Aug-06,3.1845
2006,Aug,18,18-Aug-2006,21-Aug-06,3.1864
2006,Aug,21,21-Aug-2006,22-Aug-06,3.186
2006,Aug,22,22-Aug-2006,23-Aug-06,3.186
2006,Aug,23,23-Aug-2006,24-Aug-06,3.186
2006,Aug,24,24-Aug-2006,25-Aug-06,3.1869
2006,Aug,25,25-Aug-2006,28-Aug-06,3.1896
2006,Aug,28,28-Aug-2006,29-Aug-06,3.1908
2006,Aug,29,29-Aug-2006,30-Aug-06,3.192
2006,Aug,30,30-Aug-2006,31-Aug-06,3.1926
2006,Aug,31,31-Aug-2006,1-Sep-06,3.1931
2006,Sep,01,01-Sep-2006,4-Sep-06,3.1963
2006,Sep,04,04-Sep-2006,5-Sep-06,3.1961
2006,Sep,05,05-Sep-2006,6-Sep-06,3.1955
2006,Sep,06,06-Sep-2006,7-Sep-06,3.195
2006,Sep,07,07-Sep-2006,8-Sep-06,3.1944
2006,Sep,08,08-Sep-2006,11-Sep-06,3.1912
2006,Sep,11,11-Sep-2006,12-Sep-06,3.189
2006,Sep,12,12-Sep-2006,13-Sep-06,3.1875
2006,Sep,13,13-Sep-2006,14-Sep-06,3.1873
2006,Sep,14,14-Sep-2006,15-Sep-06,3.1876
2006,Sep,15,15-Sep-2006,18-Sep-06,3.1887
2006,Sep,18,18-Sep-2006,19-Sep-06,3.189
2006,Sep,19,19-Sep-2006,20-Sep-06,3.1895
2006,Sep,20,20-Sep-2006,21-Sep-06,3.1912
2006,Sep,21,21-Sep-2006,22-Sep-06,3.195
2006,Sep,22,22-Sep-2006,25-Sep-06,3.2045
2006,Sep,25,25-Sep-2006,26-Sep-06,3.2059
2006,Sep,26,26-Sep-2006,27-Sep-06,3.2065
2006,Sep,27,27-Sep-2006,28-Sep-06,3.207
2006,Sep,28,28-Sep-2006,29-Sep-06,3.2069
2006,Sep,29,29-Sep-2006,2-Oct-06,3.2127
2006,Oct,02,02-Oct-2006,3-Oct-06,3.2135
2006,Oct,03,03-Oct-2006,4-Oct-06,3.2141
2006,Oct,04,04-Oct-2006,5-Oct-06,3.2143
2006,Oct,05,05-Oct-2006,6-Oct-06,3.2137
2006,Oct,06,06-Oct-2006,9-Oct-06,3.2146
2006,Oct,09,09-Oct-2006,10-Oct-06,3.2152
2006,Oct,10,10-Oct-2006,11-Oct-06,3.2169
2006,Oct,11,11-Oct-2006,12-Oct-06,3.2194
2006,Oct,12,12-Oct-2006,13-Oct-06,3.2217
2006,Oct,13,13-Oct-2006,16-Oct-06,3.2275
2006,Oct,16,16-Oct-2006,17-Oct-06,3.2296
2006,Oct,17,17-Oct-2006,18-Oct-06,3.2325
2006,Oct,18,18-Oct-2006,19-Oct-06,3.2355
2006,Oct,19,19-Oct-2006,20-Oct-06,3.2381
2006,Oct,20,20-Oct-2006,23-Oct-06,3.244
2006,Oct,23,23-Oct-2006,25-Oct-06,3.2475
2006,Oct,25,25-Oct-2006,26-Oct-06,3.2491
2006,Oct,26,26-Oct-2006,27-Oct-06,3.2512
2006,Oct,27,27-Oct-2006,30-Oct-06,3.2571
2006,Oct,30,30-Oct-2006,31-Oct-06,3.2595
2006,Oct,31,31-Oct-2006,1-Nov-06,3.2619
2006,Nov,01,01-Nov-2006,2-Nov-06,3.2639
2006,Nov,02,02-Nov-2006,3-Nov-06,3.2657
2006,Nov,03,03-Nov-2006,6-Nov-06,3.2713
2006,Nov,06,06-Nov-2006,7-Nov-06,3.2725
2006,Nov,07,07-Nov-2006,8-Nov-06,3.2736
2006,Nov,08,08-Nov-2006,9-Nov-06,3.2754
2006,Nov,09,09-Nov-2006,10-Nov-06,3.2777
2006,Nov,10,10-Nov-2006,13-Nov-06,3.2803
2006,Nov,13,13-Nov-2006,14-Nov-06,3.281
2006,Nov,14,14-Nov-2006,15-Nov-06,3.2812
2006,Nov,15,15-Nov-2006,16-Nov-06,3.2818
2006,Nov,16,16-Nov-2006,17-Nov-06,3.283
2006,Nov,17,17-Nov-2006,20-Nov-06,3.2875
2006,Nov,20,20-Nov-2006,21-Nov-06,3.2887
2006,Nov,21,21-Nov-2006,22-Nov-06,3.2898
2006,Nov,22,22-Nov-2006,23-Nov-06,3.291
2006,Nov,23,23-Nov-2006,24-Nov-06,3.2923
2006,Nov,24,24-Nov-2006,27-Nov-06,3.2933
2006,Nov,27,27-Nov-2006,28-Nov-06,3.293
2006,Nov,28,28-Nov-2006,29-Nov-06,3.2926
2006,Nov,29,29-Nov-2006,30-Nov-06,3.2928
2006,Nov,30,30-Nov-2006,1-Dec-06,3.2939
2006,Dec,01,01-Dec-2006,4-Dec-06,3.2912
2006,Dec,04,04-Dec-2006,5-Dec-06,3.2897
2006,Dec,05,05-Dec-2006,6-Dec-06,3.2884
2006,Dec,06,06-Dec-2006,7-Dec-06,3.2877
2006,Dec,07,07-Dec-2006,8-Dec-06,3.2873
2006,Dec,08,08-Dec-2006,11-Dec-06,3.2882
2006,Dec,11,11-Dec-2006,12-Dec-06,3.2882
2006,Dec,12,12-Dec-2006,13-Dec-06,3.2884
2006,Dec,13,13-Dec-2006,14-Dec-06,3.2879
2006,Dec,14,14-Dec-2006,15-Dec-06,3.2882
2006,Dec,15,15-Dec-2006,18-Dec-06,3.2887
2006,Dec,18,18-Dec-2006,19-Dec-06,3.2885
2006,Dec,19,19-Dec-2006,20-Dec-06,3.2874
2006,Dec,20,20-Dec-2006,21-Dec-06,3.2861
2006,Dec,21,21-Dec-2006,22-Dec-06,3.2853
2006,Dec,22,22-Dec-2006,26-Dec-06,3.281
2006,Dec,26,26-Dec-2006,27-Dec-06,3.2806
2006,Dec,27,27-Dec-2006,28-Dec-06,3.2804
2006,Dec,28,28-Dec-2006,29-Dec-06,3.2808
2006,Dec,29,29-Dec-2006,3-Jan-07,3.2882
2007,Jan,03,03-Jan-2007,4-Jan-07,3.2872
2007,Jan,04,04-Jan-2007,5-Jan-07,3.2879
2007,Jan,05,05-Jan-2007,8-Jan-07,3.2855
2007,Jan,08,08-Jan-2007,9-Jan-07,3.2838
2007,Jan,09,09-Jan-2007,10-Jan-07,3.2822
2007,Jan,10,10-Jan-2007,11-Jan-07,3.2814
2007,Jan,11,11-Jan-2007,12-Jan-07,3.2804
2007,Jan,12,12-Jan-2007,15-Jan-07,3.2775
2007,Jan,15,15-Jan-2007,16-Jan-07,3.2763
2007,Jan,16,16-Jan-2007,17-Jan-07,3.2739
2007,Jan,17,17-Jan-2007,18-Jan-07,3.2727
2007,Jan,18,18-Jan-2007,19-Jan-07,3.2728
2007,Jan,19,19-Jan-2007,22-Jan-07,3.2698
2007,Jan,22,22-Jan-2007,23-Jan-07,3.2686
2007,Jan,23,23-Jan-2007,24-Jan-07,3.2677
2007,Jan,24,24-Jan-2007,25-Jan-07,3.2673
2007,Jan,25,25-Jan-2007,26-Jan-07,3.2668
2007,Jan,26,26-Jan-2007,29-Jan-07,3.2677
2007,Jan,29,29-Jan-2007,30-Jan-07,3.2688
2007,Jan,30,30-Jan-2007,31-Jan-07,3.2703
2007,Jan,31,31-Jan-2007,1-Feb-07,3.2721
2007,Feb,01,01-Feb-2007,2-Feb-07,3.2734
2007,Feb,02,02-Feb-2007,5-Feb-07,3.273
2007,Feb,05,05-Feb-2007,6-Feb-07,3.2734
2007,Feb,06,06-Feb-2007,7-Feb-07,3.2737
2007,Feb,07,07-Feb-2007,8-Feb-07,3.2747
2007,Feb,08,08-Feb-2007,9-Feb-07,3.2749
2007,Feb,09,09-Feb-2007,12-Feb-07,3.2743
2007,Feb,12,12-Feb-2007,13-Feb-07,3.274
2007,Feb,13,13-Feb-2007,14-Feb-07,3.2735
2007,Feb,14,14-Feb-2007,15-Feb-07,3.2724
2007,Feb,15,15-Feb-2007,16-Feb-07,3.2719
2007,Feb,16,16-Feb-2007,21-Feb-07,3.2671
2007,Feb,21,21-Feb-2007,22-Feb-07,3.2663
2007,Feb,22,22-Feb-2007,23-Feb-07,3.2652
2007,Feb,23,23-Feb-2007,26-Feb-07,3.2601
2007,Feb,26,26-Feb-2007,27-Feb-07,3.2575
2007,Feb,27,27-Feb-2007,28-Feb-07,3.2537
2007,Feb,28,28-Feb-2007,1-Mar-07,3.2471
2007,Mar,01,01-Mar-2007,2-Mar-07,3.2447
2007,Mar,02,02-Mar-2007,5-Mar-07,3.2375
2007,Mar,05,05-Mar-2007,6-Mar-07,3.2344
2007,Mar,06,06-Mar-2007,7-Mar-07,3.2292
2007,Mar,07,07-Mar-2007,8-Mar-07,3.2239
2007,Mar,08,08-Mar-2007,9-Mar-07,3.2193
2007,Mar,09,09-Mar-2007,12-Mar-07,3.2063
2007,Mar,12,12-Mar-2007,13-Mar-07,3.2007
2007,Mar,13,13-Mar-2007,14-Mar-07,3.1928
2007,Mar,14,14-Mar-2007,15-Mar-07,3.1845
2007,Mar,15,15-Mar-2007,16-Mar-07,3.1782
2007,Mar,16,16-Mar-2007,19-Mar-07,3.1732
2007,Mar,19,19-Mar-2007,20-Mar-07,3.1709
2007,Mar,20,20-Mar-2007,21-Mar-07,3.1674
2007,Mar,21,21-Mar-2007,22-Mar-07,3.162
2007,Mar,22,22-Mar-2007,23-Mar-07,3.1563
2007,Mar,23,23-Mar-2007,26-Mar-07,3.143
2007,Mar,26,26-Mar-2007,27-Mar-07,3.1396
2007,Mar,27,27-Mar-2007,28-Mar-07,3.1353
2007,Mar,28,28-Mar-2007,29-Mar-07,3.1295
2007,Mar,29,29-Mar-2007,30-Mar-07,3.1255
2007,Mar,30,30-Mar-2007,2-Apr-07,3.119
2007,Apr,02,02-Apr-2007,3-Apr-07,3.1151
2007,Apr,03,03-Apr-2007,4-Apr-07,3.1105
2007,Apr,04,04-Apr-2007,5-Apr-07,3.1067
2007,Apr,05,05-Apr-2007,9-Apr-07,3.0969
2007,Apr,09,09-Apr-2007,10-Apr-07,3.0932
2007,Apr,10,10-Apr-2007,11-Apr-07,3.088
2007,Apr,11,11-Apr-2007,12-Apr-07,3.0813
2007,Apr,12,12-Apr-2007,13-Apr-07,3.0747
2007,Apr,13,13-Apr-2007,16-Apr-07,3.0563
2007,Apr,16,16-Apr-2007,17-Apr-07,3.0496
2007,Apr,17,17-Apr-2007,18-Apr-07,3.0408
2007,Apr,18,18-Apr-2007,19-Apr-07,3.0317
2007,Apr,19,19-Apr-2007,20-Apr-07,3.0233
2007,Apr,20,20-Apr-2007,23-Apr-07,3.0036
2007,Apr,23,23-Apr-2007,24-Apr-07,2.9982
2007,Apr,24,24-Apr-2007,25-Apr-07,2.9933
2007,Apr,25,25-Apr-2007,26-Apr-07,2.9884
2007,Apr,26,26-Apr-2007,27-Apr-07,2.9825
2007,Apr,27,27-Apr-2007,30-Apr-07,2.9637
2007,Apr,30,30-Apr-2007,2-May-07,2.9462
2007,May,02,02-May-2007,3-May-07,2.9396
2007,May,03,03-May-2007,4-May-07,2.934
2007,May,04,04-May-2007,7-May-07,2.9184
2007,May,07,07-May-2007,8-May-07,2.9135
2007,May,08,08-May-2007,9-May-07,2.9081
2007,May,09,09-May-2007,10-May-07,2.9025
2007,May,10,10-May-2007,11-May-07,2.8973
2007,May,11,11-May-2007,14-May-07,2.8817
2007,May,14,14-May-2007,15-May-07,2.877
2007,May,15,15-May-2007,16-May-07,2.871
2007,May,16,16-May-2007,17-May-07,2.8635
2007,May,17,17-May-2007,18-May-07,2.8552
2007,May,18,18-May-2007,21-May-07,2.8292
2007,May,21,21-May-2007,22-May-07,2.821
2007,May,22,22-May-2007,23-May-07,2.8134
2007,May,23,23-May-2007,24-May-07,2.808
2007,May,24,24-May-2007,25-May-07,2.8021
2007,May,25,25-May-2007,28-May-07,2.7848
2007,May,28,28-May-2007,29-May-07,2.7789
2007,May,29,29-May-2007,30-May-07,2.7736
2007,May,30,30-May-2007,1-Jun-07,2.7665
2007,Jun,01,01-Jun-2007,4-Jun-07,2.7524
2007,Jun,04,04-Jun-2007,5-Jun-07,2.7474
2007,Jun,05,05-Jun-2007,6-Jun-07,2.7418
2007,Jun,06,06-Jun-2007,7-Jun-07,2.736
2007,Jun,07,07-Jun-2007,8-Jun-07,2.7302
2007,Jun,08,08-Jun-2007,11-Jun-07,2.7135
2007,Jun,11,11-Jun-2007,12-Jun-07,2.7086
2007,Jun,12,12-Jun-2007,13-Jun-07,2.7041
2007,Jun,13,13-Jun-2007,14-Jun-07,2.7001
2007,Jun,14,14-Jun-2007,15-Jun-07,2.6952
2007,Jun,15,15-Jun-2007,18-Jun-07,2.6771
2007,Jun,18,18-Jun-2007,19-Jun-07,2.6707
2007,Jun,19,19-Jun-2007,20-Jun-07,2.6641
2007,Jun,20,20-Jun-2007,21-Jun-07,2.6587
2007,Jun,21,21-Jun-2007,22-Jun-07,2.6534
2007,Jun,22,22-Jun-2007,25-Jun-07,2.6386
2007,Jun,25,25-Jun-2007,26-Jun-07,2.6329
2007,Jun,26,26-Jun-2007,27-Jun-07,2.627
2007,Jun,27,27-Jun-2007,28-Jun-07,2.6209
2007,Jun,28,28-Jun-2007,29-Jun-07,2.6142
2007,Jun,29,29-Jun-2007,2-Jul-07,2.5855
2007,Jul,02,02-Jul-2007,3-Jul-07,2.5766
2007,Jul,03,03-Jul-2007,4-Jul-07,2.5708
2007,Jul,04,04-Jul-2007,5-Jul-07,2.5654
2007,Jul,05,05-Jul-2007,6-Jul-07,2.5609
2007,Jul,06,06-Jul-2007,9-Jul-07,2.5471
2007,Jul,09,09-Jul-2007,10-Jul-07,2.5421
2007,Jul,10,10-Jul-2007,11-Jul-07,2.5367
2007,Jul,11,11-Jul-2007,12-Jul-07,2.5316
2007,Jul,12,12-Jul-2007,13-Jul-07,2.5267
2007,Jul,13,13-Jul-2007,16-Jul-07,2.5127
2007,Jul,16,16-Jul-2007,17-Jul-07,2.5091
2007,Jul,17,17-Jul-2007,18-Jul-07,2.5055
2007,Jul,18,18-Jul-2007,19-Jul-07,2.501
2007,Jul,19,19-Jul-2007,20-Jul-07,2.4972
2007,Jul,20,20-Jul-2007,23-Jul-07,2.4859
2007,Jul,23,23-Jul-2007,24-Jul-07,2.4814
2007,Jul,24,24-Jul-2007,25-Jul-07,2.4768
2007,Jul,25,25-Jul-2007,26-Jul-07,2.4721
2007,Jul,26,26-Jul-2007,27-Jul-07,2.4673
2007,Jul,27,27-Jul-2007,30-Jul-07,2.4516
2007,Jul,30,30-Jul-2007,31-Jul-07,2.4461
2007,Jul,31,31-Jul-2007,1-Aug-07,2.4412
2007,Aug,01,01-Aug-2007,2-Aug-07,2.4361
2007,Aug,02,02-Aug-2007,3-Aug-07,2.4324
2007,Aug,03,03-Aug-2007,6-Aug-07,2.4193
2007,Aug,06,06-Aug-2007,7-Aug-07,2.4148
2007,Aug,07,07-Aug-2007,8-Aug-07,2.4101
2007,Aug,08,08-Aug-2007,10-Aug-07,2.4006
2007,Aug,10,10-Aug-2007,13-Aug-07,2.3902
2007,Aug,13,13-Aug-2007,14-Aug-07,2.3869
2007,Aug,14,14-Aug-2007,15-Aug-07,2.3831
2007,Aug,15,15-Aug-2007,16-Aug-07,2.379
2007,Aug,16,16-Aug-2007,17-Aug-07,2.3768
2007,Aug,17,17-Aug-2007,20-Aug-07,2.3675
2007,Aug,20,20-Aug-2007,21-Aug-07,2.3639
2007,Aug,21,21-Aug-2007,22-Aug-07,2.3593
2007,Aug,22,22-Aug-2007,23-Aug-07,2.3538
2007,Aug,23,23-Aug-2007,24-Aug-07,2.3484
2007,Aug,24,24-Aug-2007,27-Aug-07,2.335
2007,Aug,27,27-Aug-2007,28-Aug-07,2.3323
2007,Aug,28,28-Aug-2007,29-Aug-07,2.3318
2007,Aug,29,29-Aug-2007,30-Aug-07,2.3302
2007,Aug,30,30-Aug-2007,31-Aug-07,2.3296
2007,Aug,31,31-Aug-2007,3-Sep-07,2.3222
2007,Sep,03,03-Sep-2007,4-Sep-07,2.3201
2007,Sep,04,04-Sep-2007,5-Sep-07,2.3166
2007,Sep,05,05-Sep-2007,6-Sep-07,2.3146
2007,Sep,06,06-Sep-2007,7-Sep-07,2.3154
2007,Sep,07,07-Sep-2007,10-Sep-07,2.32
2007,Sep,10,10-Sep-2007,11-Sep-07,2.3207
2007,Sep,11,11-Sep-2007,12-Sep-07,2.3214
2007,Sep,12,12-Sep-2007,13-Sep-07,2.3215
2007,Sep,13,13-Sep-2007,14-Sep-07,2.3228
2007,Sep,14,14-Sep-2007,17-Sep-07,2.3189
2007,Sep,17,17-Sep-2007,18-Sep-07,2.314
2007,Sep,18,18-Sep-2007,19-Sep-07,2.3095
2007,Sep,19,19-Sep-2007,20-Sep-07,2.305
2007,Sep,20,20-Sep-2007,21-Sep-07,2.3007
2007,Sep,21,21-Sep-2007,24-Sep-07,2.291
2007,Sep,24,24-Sep-2007,25-Sep-07,2.2871
2007,Sep,25,25-Sep-2007,26-Sep-07,2.2835
2007,Sep,26,26-Sep-2007,27-Sep-07,2.2804
2007,Sep,27,27-Sep-2007,28-Sep-07,2.2788
2007,Sep,28,28-Sep-2007,1-Oct-07,2.271
2007,Oct,01,01-Oct-2007,2-Oct-07,2.2666
2007,Oct,02,02-Oct-2007,3-Oct-07,2.263
2007,Oct,03,03-Oct-2007,4-Oct-07,2.2602
2007,Oct,04,04-Oct-2007,5-Oct-07,2.2577
2007,Oct,05,05-Oct-2007,8-Oct-07,2.249
2007,Oct,08,08-Oct-2007,9-Oct-07,2.2463
2007,Oct,09,09-Oct-2007,10-Oct-07,2.2443
2007,Oct,10,10-Oct-2007,11-Oct-07,2.2431
2007,Oct,11,11-Oct-2007,12-Oct-07,2.242
2007,Oct,12,12-Oct-2007,15-Oct-07,2.2391
2007,Oct,15,15-Oct-2007,16-Oct-07,2.2385
2007,Oct,16,16-Oct-2007,17-Oct-07,2.2386
2007,Oct,17,17-Oct-2007,18-Oct-07,2.2413
2007,Oct,18,18-Oct-2007,19-Oct-07,2.2449
2007,Oct,19,19-Oct-2007,22-Oct-07,2.2522
2007,Oct,22,22-Oct-2007,23-Oct-07,2.2535
2007,Oct,23,23-Oct-2007,24-Oct-07,2.2528
2007,Oct,24,24-Oct-2007,25-Oct-07,2.2493
2007,Oct,25,25-Oct-2007,26-Oct-07,2.2462
2007,Oct,26,26-Oct-2007,29-Oct-07,2.24
2007,Oct,29,29-Oct-2007,30-Oct-07,2.2382
2007,Oct,30,30-Oct-2007,31-Oct-07,2.2384
2007,Oct,31,31-Oct-2007,1-Nov-07,2.2376
2007,Nov,01,01-Nov-2007,2-Nov-07,2.2368
2007,Nov,02,02-Nov-2007,5-Nov-07,2.2354
2007,Nov,05,05-Nov-2007,6-Nov-07,2.2331
2007,Nov,06,06-Nov-2007,7-Nov-07,2.2274
2007,Nov,07,07-Nov-2007,9-Nov-07,2.2095
2007,Nov,09,09-Nov-2007,12-Nov-07,2.2015
2007,Nov,12,12-Nov-2007,13-Nov-07,2.2004
2007,Nov,13,13-Nov-2007,14-Nov-07,2.1986
2007,Nov,14,14-Nov-2007,15-Nov-07,2.1957
2007,Nov,15,15-Nov-2007,16-Nov-07,2.1939
2007,Nov,16,16-Nov-2007,19-Nov-07,2.1904
2007,Nov,19,19-Nov-2007,20-Nov-07,2.1899
2007,Nov,20,20-Nov-2007,21-Nov-07,2.1893
2007,Nov,21,21-Nov-2007,22-Nov-07,2.1886
2007,Nov,22,22-Nov-2007,23-Nov-07,2.1887
2007,Nov,23,23-Nov-2007,26-Nov-07,2.1852
2007,Nov,26,26-Nov-2007,27-Nov-07,2.1831
2007,Nov,27,27-Nov-2007,28-Nov-07,2.1801
2007,Nov,28,28-Nov-2007,29-Nov-07,2.1758
2007,Nov,29,29-Nov-2007,30-Nov-07,2.1702
2007,Nov,30,30-Nov-2007,3-Dec-07,2.1501
2007,Dec,03,03-Dec-2007,4-Dec-07,2.1424
2007,Dec,04,04-Dec-2007,5-Dec-07,2.1347
2007,Dec,05,05-Dec-2007,6-Dec-07,2.1264
2007,Dec,06,06-Dec-2007,7-Dec-07,2.1199
2007,Dec,07,07-Dec-2007,10-Dec-07,2.1004
2007,Dec,10,10-Dec-2007,11-Dec-07,2.0934
2007,Dec,11,11-Dec-2007,12-Dec-07,2.0864
2007,Dec,12,12-Dec-2007,13-Dec-07,2.0795
2007,Dec,13,13-Dec-2007,14-Dec-07,2.0737
2007,Dec,14,14-Dec-2007,17-Dec-07,2.0622
2007,Dec,17,17-Dec-2007,18-Dec-07,2.0582
2007,Dec,18,18-Dec-2007,19-Dec-07,2.0519
2007,Dec,19,19-Dec-2007,21-Dec-07,2.0346
2007,Dec,21,21-Dec-2007,24-Dec-07,2.0094
2007,Dec,24,24-Dec-2007,26-Dec-07,1.9927
2007,Dec,26,26-Dec-2007,27-Dec-07,1.985
2007,Dec,27,27-Dec-2007,28-Dec-07,1.9766
2007,Dec,28,28-Dec-2007,31-Dec-07,1.9512
2007,Dec,31,31-Dec-2007,2-Jan-08,1.9375
2008,Jan,02,02-Jan-2008,3-Jan-08,1.9314
2008,Jan,03,03-Jan-2008,4-Jan-08,1.9247
2008,Jan,04,04-Jan-2008,7-Jan-08,1.8989
2008,Jan,07,07-Jan-2008,8-Jan-08,1.8903
2008,Jan,08,08-Jan-2008,9-Jan-08,1.8821
2008,Jan,09,09-Jan-2008,10-Jan-08,1.8751
2008,Jan,10,10-Jan-2008,11-Jan-08,1.8678
2008,Jan,11,11-Jan-2008,14-Jan-08,1.8482
2008,Jan,14,14-Jan-2008,15-Jan-08,1.8419
2008,Jan,15,15-Jan-2008,16-Jan-08,1.8359
2008,Jan,16,16-Jan-2008,17-Jan-08,1.8306
2008,Jan,17,17-Jan-2008,18-Jan-08,1.8255
2008,Jan,18,18-Jan-2008,21-Jan-08,1.8113
2008,Jan,21,21-Jan-2008,22-Jan-08,1.8066
2008,Jan,22,22-Jan-2008,23-Jan-08,1.802
2008,Jan,23,23-Jan-2008,24-Jan-08,1.7966
2008,Jan,24,24-Jan-2008,25-Jan-08,1.791
2008,Jan,25,25-Jan-2008,28-Jan-08,1.7759
2008,Jan,28,28-Jan-2008,29-Jan-08,1.7716
2008,Jan,29,29-Jan-2008,30-Jan-08,1.769
2008,Jan,30,30-Jan-2008,31-Jan-08,1.7661
2008,Jan,31,31-Jan-2008,1-Feb-08,1.7625
2008,Feb,01,01-Feb-2008,4-Feb-08,1.7518
2008,Feb,04,04-Feb-2008,5-Feb-08,1.748
2008,Feb,05,05-Feb-2008,6-Feb-08,1.7439
2008,Feb,06,06-Feb-2008,11-Feb-08,1.7242
2008,Feb,11,11-Feb-2008,12-Feb-08,1.7179
2008,Feb,12,12-Feb-2008,13-Feb-08,1.7116
2008,Feb,13,13-Feb-2008,14-Feb-08,1.7042
2008,Feb,14,14-Feb-2008,15-Feb-08,1.6969
2008,Feb,15,15-Feb-2008,18-Feb-08,1.6729
2008,Feb,18,18-Feb-2008,19-Feb-08,1.6655
2008,Feb,19,19-Feb-2008,20-Feb-08,1.6583
2008,Feb,20,20-Feb-2008,21-Feb-08,1.6521
2008,Feb,21,21-Feb-2008,22-Feb-08,1.6466
2008,Feb,22,22-Feb-2008,25-Feb-08,1.6316
2008,Feb,25,25-Feb-2008,26-Feb-08,1.6257
2008,Feb,26,26-Feb-2008,27-Feb-08,1.6198
2008,Feb,27,27-Feb-2008,28-Feb-08,1.6129
2008,Feb,28,28-Feb-2008,29-Feb-08,1.6065
2008,Feb,29,29-Feb-2008,3-Mar-08,1.5784
2008,Mar,03,03-Mar-2008,4-Mar-08,1.5701
2008,Mar,04,04-Mar-2008,5-Mar-08,1.5632
2008,Mar,05,05-Mar-2008,6-Mar-08,1.5567
2008,Mar,06,06-Mar-2008,7-Mar-08,1.5485
2008,Mar,07,07-Mar-2008,10-Mar-08,1.5172
2008,Mar,10,10-Mar-2008,11-Mar-08,1.5068
2008,Mar,11,11-Mar-2008,12-Mar-08,1.4959
2008,Mar,12,12-Mar-2008,13-Mar-08,1.4871
2008,Mar,13,13-Mar-2008,14-Mar-08,1.4778
2008,Mar,14,14-Mar-2008,17-Mar-08,1.4519
2008,Mar,17,17-Mar-2008,18-Mar-08,1.4446
2008,Mar,18,18-Mar-2008,19-Mar-08,1.4375
2008,Mar,19,19-Mar-2008,20-Mar-08,1.4307
2008,Mar,20,20-Mar-2008,24-Mar-08,1.4037
2008,Mar,24,24-Mar-2008,25-Mar-08,1.3978
2008,Mar,25,25-Mar-2008,26-Mar-08,1.3911
2008,Mar,26,26-Mar-2008,27-Mar-08,1.383
2008,Mar,27,27-Mar-2008,28-Mar-08,1.374
2008,Mar,28,28-Mar-2008,31-Mar-08,1.3521
2008,Mar,31,31-Mar-2008,1-Apr-08,1.3434
2008,Apr,01,01-Apr-2008,2-Apr-08,1.3353
2008,Apr,02,02-Apr-2008,3-Apr-08,1.3276
2008,Apr,03,03-Apr-2008,4-Apr-08,1.3201
2008,Apr,04,04-Apr-2008,7-Apr-08,1.2974
2008,Apr,07,07-Apr-2008,8-Apr-08,1.2896
2008,Apr,08,08-Apr-2008,9-Apr-08,1.2813
2008,Apr,09,09-Apr-2008,10-Apr-08,1.2718
2008,Apr,10,10-Apr-2008,11-Apr-08,1.2623
2008,Apr,11,11-Apr-2008,14-Apr-08,1.2345
2008,Apr,14,14-Apr-2008,15-Apr-08,1.2248
2008,Apr,15,15-Apr-2008,16-Apr-08,1.2148
2008,Apr,16,16-Apr-2008,17-Apr-08,1.2046
2008,Apr,17,17-Apr-2008,18-Apr-08,1.1925
2008,Apr,18,18-Apr-2008,21-Apr-08,1.1537
2008,Apr,21,21-Apr-2008,22-Apr-08,1.141
2008,Apr,22,22-Apr-2008,23-Apr-08,1.1286
2008,Apr,23,23-Apr-2008,24-Apr-08,1.1172
2008,Apr,24,24-Apr-2008,25-Apr-08,1.11
2008,Apr,25,25-Apr-2008,28-Apr-08,1.0887
2008,Apr,28,28-Apr-2008,29-Apr-08,1.0832
2008,Apr,29,29-Apr-2008,30-Apr-08,1.077
2008,Apr,30,30-Apr-2008,2-May-08,1.0572
2008,May,02,02-May-2008,5-May-08,1.0326
2008,May,05,05-May-2008,6-May-08,1.0247
2008,May,06,06-May-2008,7-May-08,1.02
2008,May,07,07-May-2008,8-May-08,1.0183
2008,May,08,08-May-2008,9-May-08,1.0178
2008,May,09,09-May-2008,12-May-08,1.0015
2008,May,12,12-May-2008,13-May-08,0.9948
2008,May,13,13-May-2008,14-May-08,0.9886
2008,May,14,14-May-2008,15-May-08,0.9833
2008,May,15,15-May-2008,16-May-08,0.9765
2008,May,16,16-May-2008,20-May-08,0.9522
2008,May,20,20-May-2008,21-May-08,0.9459
2008,May,21,21-May-2008,22-May-08,0.9392
2008,May,22,22-May-2008,23-May-08,0.9328
2008,May,23,23-May-2008,26-May-08,0.9148
2008,May,26,26-May-2008,27-May-08,0.9093
2008,May,27,27-May-2008,28-May-08,0.904
2008,May,28,28-May-2008,29-May-08,0.9
2008,May,29,29-May-2008,30-May-08,0.8974
2008,May,30,30-May-2008,2-Jun-08,0.8893
2008,Jun,02,02-Jun-2008,3-Jun-08,0.8852
2008,Jun,03,03-Jun-2008,4-Jun-08,0.882
2008,Jun,04,04-Jun-2008,5-Jun-08,0.879
2008,Jun,05,05-Jun-2008,6-Jun-08,0.8782
2008,Jun,06,06-Jun-2008,9-Jun-08,0.8683
2008,Jun,09,09-Jun-2008,10-Jun-08,0.8649
2008,Jun,10,10-Jun-2008,11-Jun-08,0.8619
2008,Jun,11,11-Jun-2008,12-Jun-08,0.8584
2008,Jun,12,12-Jun-2008,13-Jun-08,0.8544
2008,Jun,13,13-Jun-2008,16-Jun-08,0.8343
2008,Jun,16,16-Jun-2008,17-Jun-08,0.8267
2008,Jun,17,17-Jun-2008,18-Jun-08,0.8185
2008,Jun,18,18-Jun-2008,19-Jun-08,0.8135
2008,Jun,19,19-Jun-2008,20-Jun-08,0.8123
2008,Jun,20,20-Jun-2008,23-Jun-08,0.8074
2008,Jun,23,23-Jun-2008,24-Jun-08,0.8053
2008,Jun,24,24-Jun-2008,25-Jun-08,0.8031
2008,Jun,25,25-Jun-2008,26-Jun-08,0.801
2008,Jun,26,26-Jun-2008,27-Jun-08,0.7987
2008,Jun,27,27-Jun-2008,30-Jun-08,0.7985
2008,Jun,30,30-Jun-2008,1-Jul-08,0.7989
2008,Jul,01,01-Jul-2008,2-Jul-08,0.7951
2008,Jul,02,02-Jul-2008,3-Jul-08,0.7917
2008,Jul,03,03-Jul-2008,4-Jul-08,0.7892
2008,Jul,04,04-Jul-2008,7-Jul-08,0.7841
2008,Jul,07,07-Jul-2008,8-Jul-08,0.782
2008,Jul,08,08-Jul-2008,9-Jul-08,0.7797
2008,Jul,09,09-Jul-2008,10-Jul-08,0.7767
2008,Jul,10,10-Jul-2008,11-Jul-08,0.7737
2008,Jul,11,11-Jul-2008,14-Jul-08,0.7617
2008,Jul,14,14-Jul-2008,15-Jul-08,0.7572
2008,Jul,15,15-Jul-2008,16-Jul-08,0.7523
2008,Jul,16,16-Jul-2008,17-Jul-08,0.7465
2008,Jul,17,17-Jul-2008,18-Jul-08,0.7411
2008,Jul,18,18-Jul-2008,21-Jul-08,0.7227
2008,Jul,21,21-Jul-2008,22-Jul-08,0.7165
2008,Jul,22,22-Jul-2008,23-Jul-08,0.7107
2008,Jul,23,23-Jul-2008,24-Jul-08,0.7062
2008,Jul,24,24-Jul-2008,25-Jul-08,0.7017
2008,Jul,25,25-Jul-2008,28-Jul-08,0.6854
2008,Jul,28,28-Jul-2008,29-Jul-08,0.6788
2008,Jul,29,29-Jul-2008,30-Jul-08,0.6702
2008,Jul,30,30-Jul-2008,31-Jul-08,0.6614
2008,Jul,31,31-Jul-2008,1-Aug-08,0.6532
2008,Aug,01,01-Aug-2008,4-Aug-08,0.6301
2008,Aug,04,04-Aug-2008,5-Aug-08,0.6229
2008,Aug,05,05-Aug-2008,6-Aug-08,0.6159
2008,Aug,06,06-Aug-2008,7-Aug-08,0.609
2008,Aug,07,07-Aug-2008,8-Aug-08,0.6024
2008,Aug,08,08-Aug-2008,11-Aug-08,0.585
2008,Aug,11,11-Aug-2008,12-Aug-08,0.5811
2008,Aug,12,12-Aug-2008,13-Aug-08,0.5775
2008,Aug,13,13-Aug-2008,14-Aug-08,0.5752
2008,Aug,14,14-Aug-2008,15-Aug-08,0.574
2008,Aug,15,15-Aug-2008,18-Aug-08,0.5728
2008,Aug,18,18-Aug-2008,19-Aug-08,0.5705
2008,Aug,19,19-Aug-2008,20-Aug-08,0.5676
2008,Aug,20,20-Aug-2008,21-Aug-08,0.5638
2008,Aug,21,21-Aug-2008,22-Aug-08,0.5609
2008,Aug,22,22-Aug-2008,25-Aug-08,0.552
2008,Aug,25,25-Aug-2008,26-Aug-08,0.549
2008,Aug,26,26-Aug-2008,27-Aug-08,0.5458
2008,Aug,27,27-Aug-2008,28-Aug-08,0.5439
2008,Aug,28,28-Aug-2008,29-Aug-08,0.5418
2008,Aug,29,29-Aug-2008,1-Sep-08,0.5413
2008,Sep,01,01-Sep-2008,2-Sep-08,0.5383
2008,Sep,02,02-Sep-2008,3-Sep-08,0.5357
2008,Sep,03,03-Sep-2008,4-Sep-08,0.5333
2008,Sep,04,04-Sep-2008,5-Sep-08,0.5315
2008,Sep,05,05-Sep-2008,8-Sep-08,0.5313
2008,Sep,08,08-Sep-2008,9-Sep-08,0.5329
2008,Sep,09,09-Sep-2008,10-Sep-08,0.5345
2008,Sep,10,10-Sep-2008,11-Sep-08,0.5368
2008,Sep,11,11-Sep-2008,12-Sep-08,0.5401
2008,Sep,12,12-Sep-2008,15-Sep-08,0.5491
2008,Sep,15,15-Sep-2008,16-Sep-08,0.5517
2008,Sep,16,16-Sep-2008,17-Sep-08,0.5557
2008,Sep,17,17-Sep-2008,18-Sep-08,0.5586
2008,Sep,18,18-Sep-2008,19-Sep-08,0.5623
2008,Sep,19,19-Sep-2008,22-Sep-08,0.5697
2008,Sep,22,22-Sep-2008,23-Sep-08,0.5724
2008,Sep,23,23-Sep-2008,24-Sep-08,0.5759
2008,Sep,24,24-Sep-2008,25-Sep-08,0.5784
2008,Sep,25,25-Sep-2008,26-Sep-08,0.582
2008,Sep,26,26-Sep-2008,29-Sep-08,0.5983
2008,Sep,29,29-Sep-2008,30-Sep-08,0.6033
2008,Sep,30,30-Sep-2008,2-Oct-08,0.6123
2008,Oct,02,02-Oct-2008,3-Oct-08,0.6156
2008,Oct,03,03-Oct-2008,6-Oct-08,0.6177
2008,Oct,06,06-Oct-2008,7-Oct-08,0.6182
2008,Oct,07,07-Oct-2008,8-Oct-08,0.6179
2008,Oct,08,08-Oct-2008,9-Oct-08,0.6183
2008,Oct,09,09-Oct-2008,10-Oct-08,0.619
2008,Oct,10,10-Oct-2008,13-Oct-08,0.6181
2008,Oct,13,13-Oct-2008,14-Oct-08,0.6186
2008,Oct,14,14-Oct-2008,15-Oct-08,0.6203
2008,Oct,15,15-Oct-2008,16-Oct-08,0.6212
2008,Oct,16,16-Oct-2008,17-Oct-08,0.6214
2008,Oct,17,17-Oct-2008,20-Oct-08,0.6247
2008,Oct,20,20-Oct-2008,21-Oct-08,0.6256
2008,Oct,21,21-Oct-2008,22-Oct-08,0.6258
2008,Oct,22,22-Oct-2008,23-Oct-08,0.6258
2008,Oct,23,23-Oct-2008,24-Oct-08,0.6259
2008,Oct,24,24-Oct-2008,28-Oct-08,0.6187
2008,Oct,28,28-Oct-2008,29-Oct-08,0.6152
2008,Oct,29,29-Oct-2008,30-Oct-08,0.6141
2008,Oct,30,30-Oct-2008,31-Oct-08,0.6143
2008,Oct,31,31-Oct-2008,3-Nov-08,0.6044
2008,Nov,03,03-Nov-2008,4-Nov-08,0.601
2008,Nov,04,04-Nov-2008,5-Nov-08,0.5969
2008,Nov,05,05-Nov-2008,6-Nov-08,0.5937
2008,Nov,06,06-Nov-2008,7-Nov-08,0.5909
2008,Nov,07,07-Nov-2008,10-Nov-08,0.582
2008,Nov,10,10-Nov-2008,11-Nov-08,0.5788
2008,Nov,11,11-Nov-2008,12-Nov-08,0.5775
2008,Nov,12,12-Nov-2008,13-Nov-08,0.5767
2008,Nov,13,13-Nov-2008,14-Nov-08,0.5767
2008,Nov,14,14-Nov-2008,17-Nov-08,0.5785
2008,Nov,17,17-Nov-2008,18-Nov-08,0.5786
2008,Nov,18,18-Nov-2008,19-Nov-08,0.5776
2008,Nov,19,19-Nov-2008,20-Nov-08,0.577
2008,Nov,20,20-Nov-2008,21-Nov-08,0.5767
2008,Nov,21,21-Nov-2008,24-Nov-08,0.5747
2008,Nov,24,24-Nov-2008,25-Nov-08,0.5735
2008,Nov,25,25-Nov-2008,26-Nov-08,0.572
2008,Nov,26,26-Nov-2008,27-Nov-08,0.5709
2008,Nov,27,27-Nov-2008,28-Nov-08,0.5701
2008,Nov,28,28-Nov-2008,1-Dec-08,0.5708
2008,Dec,01,01-Dec-2008,2-Dec-08,0.5704
2008,Dec,02,02-Dec-2008,3-Dec-08,0.5708
2008,Dec,03,03-Dec-2008,4-Dec-08,0.5712
2008,Dec,04,04-Dec-2008,5-Dec-08,0.5725
2008,Dec,05,05-Dec-2008,9-Dec-08,0.576
2008,Dec,09,09-Dec-2008,10-Dec-08,0.5767
2008,Dec,10,10-Dec-2008,11-Dec-08,0.577
2008,Dec,11,11-Dec-2008,12-Dec-08,0.5768
2008,Dec,12,12-Dec-2008,15-Dec-08,0.5766
2008,Dec,15,15-Dec-2008,16-Dec-08,0.5762
2008,Dec,16,16-Dec-2008,17-Dec-08,0.5762
2008,Dec,17,17-Dec-2008,18-Dec-08,0.5772
2008,Dec,18,18-Dec-2008,19-Dec-08,0.5781
2008,Dec,19,19-Dec-2008,22-Dec-08,0.5805
2008,Dec,22,22-Dec-2008,23-Dec-08,0.5814
2008,Dec,23,23-Dec-2008,24-Dec-08,0.5823
2008,Dec,24,24-Dec-2008,26-Dec-08,0.5844
2008,Dec,26,26-Dec-2008,29-Dec-08,0.5826
2008,Dec,29,29-Dec-2008,30-Dec-08,0.5815
2008,Dec,30,30-Dec-2008,31-Dec-08,0.58
2008,Dec,31,31-Dec-2008,2-Jan-09,0.5769
2009,Jan,02,02-Jan-2009,5-Jan-09,0.5753
2009,Jan,05,05-Jan-2009,6-Jan-09,0.5742
2009,Jan,06,06-Jan-2009,7-Jan-09,0.5727
2009,Jan,07,07-Jan-2009,8-Jan-09,0.5713
2009,Jan,08,08-Jan-2009,9-Jan-09,0.5696
2009,Jan,09,09-Jan-2009,12-Jan-09,0.5646
2009,Jan,12,12-Jan-2009,13-Jan-09,0.563
2009,Jan,13,13-Jan-2009,14-Jan-09,0.5613
2009,Jan,14,14-Jan-2009,15-Jan-09,0.56
2009,Jan,15,15-Jan-2009,16-Jan-09,0.5587
2009,Jan,16,16-Jan-2009,19-Jan-09,0.556
2009,Jan,19,19-Jan-2009,20-Jan-09,0.5546
2009,Jan,20,20-Jan-2009,21-Jan-09,0.553
2009,Jan,21,21-Jan-2009,22-Jan-09,0.5515
2009,Jan,22,22-Jan-2009,23-Jan-09,0.5494
2009,Jan,23,23-Jan-2009,28-Jan-09,0.5419
2009,Jan,28,28-Jan-2009,29-Jan-09,0.5411
2009,Jan,29,29-Jan-2009,30-Jan-09,0.5409
2009,Jan,30,30-Jan-2009,2-Feb-09,0.5404
2009,Feb,02,02-Feb-2009,3-Feb-09,0.5394
2009,Feb,03,03-Feb-2009,4-Feb-09,0.5384
2009,Feb,04,04-Feb-2009,5-Feb-09,0.5374
2009,Feb,05,05-Feb-2009,6-Feb-09,0.5366
2009,Feb,06,06-Feb-2009,9-Feb-09,0.5309
2009,Feb,09,09-Feb-2009,10-Feb-09,0.5285
2009,Feb,10,10-Feb-2009,11-Feb-09,0.526
2009,Feb,11,11-Feb-2009,12-Feb-09,0.5229
2009,Feb,12,12-Feb-2009,13-Feb-09,0.5196
2009,Feb,13,13-Feb-2009,16-Feb-09,0.5086
2009,Feb,16,16-Feb-2009,17-Feb-09,0.5043
2009,Feb,17,17-Feb-2009,18-Feb-09,0.5002
2009,Feb,18,18-Feb-2009,19-Feb-09,0.4975
2009,Feb,19,19-Feb-2009,20-Feb-09,0.4953
2009,Feb,20,20-Feb-2009,23-Feb-09,0.489
2009,Feb,23,23-Feb-2009,24-Feb-09,0.487
2009,Feb,24,24-Feb-2009,25-Feb-09,0.4849
2009,Feb,25,25-Feb-2009,26-Feb-09,0.4826
2009,Feb,26,26-Feb-2009,27-Feb-09,0.4808
2009,Feb,27,27-Feb-2009,2-Mar-09,0.4721
2009,Mar,02,02-Mar-2009,3-Mar-09,0.4702
2009,Mar,03,03-Mar-2009,4-Mar-09,0.4677
2009,Mar,04,04-Mar-2009,5-Mar-09,0.4646
2009,Mar,05,05-Mar-2009,6-Mar-09,0.4609
2009,Mar,06,06-Mar-2009,9-Mar-09,0.4499
2009,Mar,09,09-Mar-2009,10-Mar-09,0.4459
2009,Mar,10,10-Mar-2009,11-Mar-09,0.4418
2009,Mar,11,11-Mar-2009,12-Mar-09,0.437
2009,Mar,12,12-Mar-2009,13-Mar-09,0.4325
2009,Mar,13,13-Mar-2009,16-Mar-09,0.4209
2009,Mar,16,16-Mar-2009,17-Mar-09,0.4166
2009,Mar,17,17-Mar-2009,18-Mar-09,0.4125
2009,Mar,18,18-Mar-2009,19-Mar-09,0.4074
2009,Mar,19,19-Mar-2009,20-Mar-09,0.4031
2009,Mar,20,20-Mar-2009,23-Mar-09,0.3846
2009,Mar,23,23-Mar-2009,24-Mar-09,0.377
2009,Mar,24,24-Mar-2009,25-Mar-09,0.3696
2009,Mar,25,25-Mar-2009,26-Mar-09,0.3619
2009,Mar,26,26-Mar-2009,27-Mar-09,0.3552
2009,Mar,27,27-Mar-2009,30-Mar-09,0.3362
2009,Mar,30,30-Mar-2009,31-Mar-09,0.3361
2009,Mar,31,31-Mar-2009,1-Apr-09,0.3303
2009,Apr,01,01-Apr-2009,2-Apr-09,0.3237
2009,Apr,02,02-Apr-2009,3-Apr-09,0.3182
2009,Apr,03,03-Apr-2009,6-Apr-09,0.3062
2009,Apr,06,06-Apr-2009,7-Apr-09,0.3021
2009,Apr,07,07-Apr-2009,8-Apr-09,0.299
2009,Apr,08,08-Apr-2009,9-Apr-09,0.2952
2009,Apr,09,09-Apr-2009,13-Apr-09,0.2876
2009,Apr,13,13-Apr-2009,14-Apr-09,0.285
2009,Apr,14,14-Apr-2009,15-Apr-09,0.2821
2009,Apr,15,15-Apr-2009,16-Apr-09,0.2807
2009,Apr,16,16-Apr-2009,17-Apr-09,0.2807
2009,Apr,17,17-Apr-2009,20-Apr-09,0.2764
2009,Apr,20,20-Apr-2009,21-Apr-09,0.2751
2009,Apr,21,21-Apr-2009,22-Apr-09,0.2743
2009,Apr,22,22-Apr-2009,23-Apr-09,0.2737
2009,Apr,23,23-Apr-2009,24-Apr-09,0.2733
2009,Apr,24,24-Apr-2009,27-Apr-09,0.2691
2009,Apr,27,27-Apr-2009,28-Apr-09,0.2677
2009,Apr,28,28-Apr-2009,29-Apr-09,0.2654
2009,Apr,29,29-Apr-2009,30-Apr-09,0.2611
2009,Apr,30,30-Apr-2009,4-May-09,0.2521
2009,May,04,04-May-2009,5-May-09,0.2519
2009,May,05,05-May-2009,6-May-09,0.2518
2009,May,06,06-May-2009,7-May-09,0.2517
2009,May,07,07-May-2009,8-May-09,0.2514
2009,May,08,08-May-2009,11-May-09,0.25
2009,May,11,11-May-2009,12-May-09,0.2471
2009,May,12,12-May-2009,13-May-09,0.2434
2009,May,13,13-May-2009,14-May-09,0.2392
2009,May,14,14-May-2009,15-May-09,0.2357
2009,May,15,15-May-2009,18-May-09,0.2264
2009,May,18,18-May-2009,19-May-09,0.2255
2009,May,19,19-May-2009,20-May-09,0.2245
2009,May,20,20-May-2009,21-May-09,0.223
2009,May,21,21-May-2009,22-May-09,0.2218
2009,May,22,22-May-2009,25-May-09,0.216
2009,May,25,25-May-2009,26-May-09,0.2136
2009,May,26,26-May-2009,27-May-09,0.2112
2009,May,27,27-May-2009,28-May-09,0.209
2009,May,28,28-May-2009,29-May-09,0.2062
2009,May,29,29-May-2009,1-Jun-09,0.1999
2009,Jun,01,01-Jun-2009,2-Jun-09,0.1976
2009,Jun,02,02-Jun-2009,3-Jun-09,0.1956
2009,Jun,03,03-Jun-2009,4-Jun-09,0.1943
2009,Jun,04,04-Jun-2009,5-Jun-09,0.1939
2009,Jun,05,05-Jun-2009,8-Jun-09,0.1928
2009,Jun,08,08-Jun-2009,9-Jun-09,0.191
2009,Jun,09,09-Jun-2009,10-Jun-09,0.1893
2009,Jun,10,10-Jun-2009,11-Jun-09,0.1879
2009,Jun,11,11-Jun-2009,12-Jun-09,0.1869
2009,Jun,12,12-Jun-2009,15-Jun-09,0.1833
2009,Jun,15,15-Jun-2009,16-Jun-09,0.1825
2009,Jun,16,16-Jun-2009,17-Jun-09,0.1815
2009,Jun,17,17-Jun-2009,18-Jun-09,0.1806
2009,Jun,18,18-Jun-2009,19-Jun-09,0.1793
2009,Jun,19,19-Jun-2009,22-Jun-09,0.1731
2009,Jun,22,22-Jun-2009,23-Jun-09,0.1711
2009,Jun,23,23-Jun-2009,24-Jun-09,0.1692
2009,Jun,24,24-Jun-2009,25-Jun-09,0.1677
2009,Jun,25,25-Jun-2009,26-Jun-09,0.1661
2009,Jun,26,26-Jun-2009,29-Jun-09,0.164
2009,Jun,29,29-Jun-2009,30-Jun-09,0.1642
2009,Jun,30,30-Jun-2009,1-Jul-09,0.1638
2009,Jul,01,01-Jul-2009,2-Jul-09,0.163
2009,Jul,02,02-Jul-2009,3-Jul-09,0.1622
2009,Jul,03,03-Jul-2009,6-Jul-09,0.1599
2009,Jul,06,06-Jul-2009,7-Jul-09,0.1598
2009,Jul,07,07-Jul-2009,8-Jul-09,0.1598
2009,Jul,08,08-Jul-2009,9-Jul-09,0.1599
2009,Jul,09,09-Jul-2009,10-Jul-09,0.16
2009,Jul,10,10-Jul-2009,13-Jul-09,0.1601
2009,Jul,13,13-Jul-2009,14-Jul-09,0.1602
2009,Jul,14,14-Jul-2009,15-Jul-09,0.1601
2009,Jul,15,15-Jul-2009,16-Jul-09,0.1599
2009,Jul,16,16-Jul-2009,17-Jul-09,0.1598
2009,Jul,17,17-Jul-2009,20-Jul-09,0.1597
2009,Jul,20,20-Jul-2009,21-Jul-09,0.16
2009,Jul,21,21-Jul-2009,22-Jul-09,0.1603
2009,Jul,22,22-Jul-2009,23-Jul-09,0.1605
2009,Jul,23,23-Jul-2009,24-Jul-09,0.1604
2009,Jul,24,24-Jul-2009,27-Jul-09,0.1608
2009,Jul,27,27-Jul-2009,28-Jul-09,0.1611
2009,Jul,28,28-Jul-2009,29-Jul-09,0.1616
2009,Jul,29,29-Jul-2009,30-Jul-09,0.162
2009,Jul,30,30-Jul-2009,31-Jul-09,0.1622
2009,Jul,31,31-Jul-2009,3-Aug-09,0.1662
2009,Aug,03,03-Aug-2009,4-Aug-09,0.1681
2009,Aug,04,04-Aug-2009,5-Aug-09,0.1701
2009,Aug,05,05-Aug-2009,6-Aug-09,0.1713
2009,Aug,06,06-Aug-2009,7-Aug-09,0.1729
2009,Aug,07,07-Aug-2009,11-Aug-09,0.1784
2009,Aug,11,11-Aug-2009,12-Aug-09,0.18
2009,Aug,12,12-Aug-2009,13-Aug-09,0.1803
2009,Aug,13,13-Aug-2009,14-Aug-09,0.1802
2009,Aug,14,14-Aug-2009,17-Aug-09,0.1802
2009,Aug,17,17-Aug-2009,18-Aug-09,0.1797
2009,Aug,18,18-Aug-2009,19-Aug-09,0.1793
2009,Aug,19,19-Aug-2009,20-Aug-09,0.1789
2009,Aug,20,20-Aug-2009,21-Aug-09,0.1783
2009,Aug,21,21-Aug-2009,24-Aug-09,0.1766
2009,Aug,24,24-Aug-2009,25-Aug-09,0.1763
2009,Aug,25,25-Aug-2009,26-Aug-09,0.1765
2009,Aug,26,26-Aug-2009,27-Aug-09,0.1764
2009,Aug,27,27-Aug-2009,28-Aug-09,0.1766
2009,Aug,28,28-Aug-2009,31-Aug-09,0.1793
2009,Aug,31,31-Aug-2009,1-Sep-09,0.1802
2009,Sep,01,01-Sep-2009,2-Sep-09,0.1801
2009,Sep,02,02-Sep-2009,3-Sep-09,0.1805
2009,Sep,03,03-Sep-2009,4-Sep-09,0.1812
2009,Sep,04,04-Sep-2009,7-Sep-09,0.1829
2009,Sep,07,07-Sep-2009,8-Sep-09,0.1828
2009,Sep,08,08-Sep-2009,9-Sep-09,0.1829
2009,Sep,09,09-Sep-2009,10-Sep-09,0.1829
2009,Sep,10,10-Sep-2009,11-Sep-09,0.1832
2009,Sep,11,11-Sep-2009,14-Sep-09,0.1825
2009,Sep,14,14-Sep-2009,15-Sep-09,0.1814
2009,Sep,15,15-Sep-2009,16-Sep-09,0.1805
2009,Sep,16,16-Sep-2009,17-Sep-09,0.1787
2009,Sep,17,17-Sep-2009,18-Sep-09,0.1762
2009,Sep,18,18-Sep-2009,22-Sep-09,0.1697
2009,Sep,22,22-Sep-2009,23-Sep-09,0.1694
2009,Sep,23,23-Sep-2009,24-Sep-09,0.1699
2009,Sep,24,24-Sep-2009,25-Sep-09,0.1706
2009,Sep,25,25-Sep-2009,28-Sep-09,0.1686
2009,Sep,28,28-Sep-2009,29-Sep-09,0.1676
2009,Sep,29,29-Sep-2009,30-Sep-09,0.1666
2009,Sep,30,30-Sep-2009,1-Oct-09,0.1651
2009,Oct,01,01-Oct-2009,2-Oct-09,0.1651
2009,Oct,02,02-Oct-2009,5-Oct-09,0.1672
2009,Oct,05,05-Oct-2009,6-Oct-09,0.1676
2009,Oct,06,06-Oct-2009,7-Oct-09,0.1684
2009,Oct,07,07-Oct-2009,8-Oct-09,0.1707
2009,Oct,08,08-Oct-2009,9-Oct-09,0.172
2009,Oct,09,09-Oct-2009,12-Oct-09,0.1753
2009,Oct,12,12-Oct-2009,13-Oct-09,0.1763
2009,Oct,13,13-Oct-2009,14-Oct-09,0.177
2009,Oct,14,14-Oct-2009,15-Oct-09,0.1774
2009,Oct,15,15-Oct-2009,16-Oct-09,0.177
2009,Oct,16,16-Oct-2009,19-Oct-09,0.1778
2009,Oct,19,19-Oct-2009,20-Oct-09,0.1786
2009,Oct,20,20-Oct-2009,21-Oct-09,0.1794
2009,Oct,21,21-Oct-2009,22-Oct-09,0.1805
2009,Oct,22,22-Oct-2009,23-Oct-09,0.1816
2009,Oct,23,23-Oct-2009,26-Oct-09,0.1847
2009,Oct,26,26-Oct-2009,27-Oct-09,0.1857
2009,Oct,27,27-Oct-2009,28-Oct-09,0.1868
2009,Oct,28,28-Oct-2009,29-Oct-09,0.188
2009,Oct,29,29-Oct-2009,30-Oct-09,0.1891
2009,Oct,30,30-Oct-2009,2-Nov-09,0.1942
2009,Nov,02,02-Nov-2009,3-Nov-09,0.1964
2009,Nov,03,03-Nov-2009,4-Nov-09,0.1981
2009,Nov,04,04-Nov-2009,5-Nov-09,0.1991
2009,Nov,05,05-Nov-2009,6-Nov-09,0.2005
2009,Nov,06,06-Nov-2009,9-Nov-09,0.2045
2009,Nov,09,09-Nov-2009,10-Nov-09,0.2054
2009,Nov,10,10-Nov-2009,11-Nov-09,0.2064
2009,Nov,11,11-Nov-2009,12-Nov-09,0.2075
2009,Nov,12,12-Nov-2009,13-Nov-09,0.2086
2009,Nov,13,13-Nov-2009,16-Nov-09,0.2107
2009,Nov,16,16-Nov-2009,17-Nov-09,0.2113
2009,Nov,17,17-Nov-2009,18-Nov-09,0.2114
2009,Nov,18,18-Nov-2009,19-Nov-09,0.2111
2009,Nov,19,19-Nov-2009,20-Nov-09,0.2112
2009,Nov,20,20-Nov-2009,23-Nov-09,0.2127
2009,Nov,23,23-Nov-2009,24-Nov-09,0.2133
2009,Nov,24,24-Nov-2009,25-Nov-09,0.2139
2009,Nov,25,25-Nov-2009,26-Nov-09,0.2161
2009,Nov,26,26-Nov-2009,30-Nov-09,0.2213
2009,Nov,30,30-Nov-2009,1-Dec-09,0.2229
2009,Dec,01,01-Dec-2009,2-Dec-09,0.2236
2009,Dec,02,02-Dec-2009,3-Dec-09,0.2239
2009,Dec,03,03-Dec-2009,4-Dec-09,0.2244
2009,Dec,04,04-Dec-2009,7-Dec-09,0.2215
2009,Dec,07,07-Dec-2009,8-Dec-09,0.2201
2009,Dec,08,08-Dec-2009,9-Dec-09,0.2201
2009,Dec,09,09-Dec-2009,10-Dec-09,0.2202
2009,Dec,10,10-Dec-2009,11-Dec-09,0.22
2009,Dec,11,11-Dec-2009,14-Dec-09,0.2196
2009,Dec,14,14-Dec-2009,15-Dec-09,0.2196
2009,Dec,15,15-Dec-2009,16-Dec-09,0.2195
2009,Dec,16,16-Dec-2009,17-Dec-09,0.2194
2009,Dec,17,17-Dec-2009,18-Dec-09,0.2194
2009,Dec,18,18-Dec-2009,21-Dec-09,0.2196
2009,Dec,21,21-Dec-2009,22-Dec-09,0.2197
2009,Dec,22,22-Dec-2009,23-Dec-09,0.2195
2009,Dec,23,23-Dec-2009,24-Dec-09,0.2194
2009,Dec,24,24-Dec-2009,28-Dec-09,0.2174
2009,Dec,28,28-Dec-2009,29-Dec-09,0.2165
2009,Dec,29,29-Dec-2009,30-Dec-09,0.2144
2009,Dec,30,30-Dec-2009,31-Dec-09,0.2134
2009,Dec,31,31-Dec-2009,4-Jan-10,0.2135
2010,Jan,04,04-Jan-2010,5-Jan-10,0.2138
2010,Jan,05,05-Jan-2010,6-Jan-10,0.2141
2010,Jan,06,06-Jan-2010,7-Jan-10,0.2143
2010,Jan,07,07-Jan-2010,8-Jan-10,0.2146
2010,Jan,08,08-Jan-2010,11-Jan-10,0.2156
2010,Jan,11,11-Jan-2010,12-Jan-10,0.216
2010,Jan,12,12-Jan-2010,13-Jan-10,0.2163
2010,Jan,13,13-Jan-2010,14-Jan-10,0.2165
2010,Jan,14,14-Jan-2010,15-Jan-10,0.2165
2010,Jan,15,15-Jan-2010,18-Jan-10,0.2171
2010,Jan,18,18-Jan-2010,19-Jan-10,0.217
2010,Jan,19,19-Jan-2010,20-Jan-10,0.2174
2010,Jan,20,20-Jan-2010,21-Jan-10,0.2177
2010,Jan,21,21-Jan-2010,22-Jan-10,0.218
2010,Jan,22,22-Jan-2010,25-Jan-10,0.2182
2010,Jan,25,25-Jan-2010,26-Jan-10,0.2181
2010,Jan,26,26-Jan-2010,27-Jan-10,0.218
2010,Jan,27,27-Jan-2010,28-Jan-10,0.2176
2010,Jan,28,28-Jan-2010,29-Jan-10,0.217
2010,Jan,29,29-Jan-2010,1-Feb-10,0.2141
2010,Feb,01,01-Feb-2010,2-Feb-10,0.2124
2010,Feb,02,02-Feb-2010,3-Feb-10,0.2106
2010,Feb,03,03-Feb-2010,4-Feb-10,0.2085
2010,Feb,04,04-Feb-2010,5-Feb-10,0.2067
2010,Feb,05,05-Feb-2010,8-Feb-10,0.2041
2010,Feb,08,08-Feb-2010,9-Feb-10,0.2031
2010,Feb,09,09-Feb-2010,10-Feb-10,0.202
2010,Feb,10,10-Feb-2010,11-Feb-10,0.2007
2010,Feb,11,11-Feb-2010,12-Feb-10,0.1994
2010,Feb,12,12-Feb-2010,17-Feb-10,0.1992
2010,Feb,17,17-Feb-2010,18-Feb-10,0.199
2010,Feb,18,18-Feb-2010,19-Feb-10,0.1988
2010,Feb,19,19-Feb-2010,22-Feb-10,0.1984
2010,Feb,22,22-Feb-2010,23-Feb-10,0.1982
2010,Feb,23,23-Feb-2010,24-Feb-10,0.1979
2010,Feb,24,24-Feb-2010,25-Feb-10,0.1974
2010,Feb,25,25-Feb-2010,26-Feb-10,0.1975
2010,Feb,26,26-Feb-2010,1-Mar-10,0.1951
2010,Mar,01,01-Mar-2010,2-Mar-10,0.1947
2010,Mar,02,02-Mar-2010,3-Mar-10,0.1938
2010,Mar,03,03-Mar-2010,4-Mar-10,0.1926
2010,Mar,04,04-Mar-2010,5-Mar-10,0.1917
2010,Mar,05,05-Mar-2010,8-Mar-10,0.1897
2010,Mar,08,08-Mar-2010,9-Mar-10,0.1892
2010,Mar,09,09-Mar-2010,10-Mar-10,0.189
2010,Mar,10,10-Mar-2010,11-Mar-10,0.1885
2010,Mar,11,11-Mar-2010,12-Mar-10,0.1882
2010,Mar,12,12-Mar-2010,15-Mar-10,0.1878
2010,Mar,15,15-Mar-2010,16-Mar-10,0.1876
2010,Mar,16,16-Mar-2010,17-Mar-10,0.1872
2010,Mar,17,17-Mar-2010,18-Mar-10,0.187
2010,Mar,18,18-Mar-2010,19-Mar-10,0.1865
2010,Mar,19,19-Mar-2010,22-Mar-10,0.1853
2010,Mar,22,22-Mar-2010,23-Mar-10,0.1845
2010,Mar,23,23-Mar-2010,24-Mar-10,0.1831
2010,Mar,24,24-Mar-2010,25-Mar-10,0.1817
2010,Mar,25,25-Mar-2010,26-Mar-10,0.181
2010,Mar,26,26-Mar-2010,29-Mar-10,0.1785
2010,Mar,29,29-Mar-2010,30-Mar-10,0.1773
2010,Mar,30,30-Mar-2010,31-Mar-10,0.1769
2010,Mar,31,31-Mar-2010,1-Apr-10,0.1762
2010,Apr,01,01-Apr-2010,5-Apr-10,0.176
2010,Apr,05,05-Apr-2010,6-Apr-10,0.176
2010,Apr,06,06-Apr-2010,7-Apr-10,0.1756
2010,Apr,07,07-Apr-2010,8-Apr-10,0.1733
2010,Apr,08,08-Apr-2010,9-Apr-10,0.1726
2010,Apr,09,09-Apr-2010,12-Apr-10,0.1686
2010,Apr,12,12-Apr-2010,13-Apr-10,0.1675
2010,Apr,13,13-Apr-2010,14-Apr-10,0.1665
2010,Apr,14,14-Apr-2010,15-Apr-10,0.1655
2010,Apr,15,15-Apr-2010,16-Apr-10,0.1644
2010,Apr,16,16-Apr-2010,19-Apr-10,0.1608
2010,Apr,19,19-Apr-2010,20-Apr-10,0.1599
2010,Apr,20,20-Apr-2010,21-Apr-10,0.1589
2010,Apr,21,21-Apr-2010,22-Apr-10,0.1579
2010,Apr,22,22-Apr-2010,23-Apr-10,0.1567
2010,Apr,23,23-Apr-2010,26-Apr-10,0.1533
2010,Apr,26,26-Apr-2010,27-Apr-10,0.1524
2010,Apr,27,27-Apr-2010,28-Apr-10,0.1518
2010,Apr,28,28-Apr-2010,29-Apr-10,0.1516
2010,Apr,29,29-Apr-2010,30-Apr-10,0.1508
2010,Apr,30,30-Apr-2010,3-May-10,0.1435
2010,May,03,03-May-2010,4-May-10,0.1419
2010,May,04,04-May-2010,5-May-10,0.1409
2010,May,05,05-May-2010,6-May-10,0.1396
2010,May,06,06-May-2010,7-May-10,0.1386
2010,May,07,07-May-2010,10-May-10,0.1366
2010,May,10,10-May-2010,11-May-10,0.1358
2010,May,11,11-May-2010,12-May-10,0.1348
2010,May,12,12-May-2010,13-May-10,0.1335
2010,May,13,13-May-2010,14-May-10,0.1326
2010,May,14,14-May-2010,17-May-10,0.13
2010,May,17,17-May-2010,18-May-10,0.1296
2010,May,18,18-May-2010,19-May-10,0.1294
2010,May,19,19-May-2010,20-May-10,0.1286
2010,May,20,20-May-2010,21-May-10,0.1275
2010,May,21,21-May-2010,24-May-10,0.1247
2010,May,24,24-May-2010,25-May-10,0.1239
2010,May,25,25-May-2010,26-May-10,0.1222
2010,May,26,26-May-2010,27-May-10,0.1219
2010,May,27,27-May-2010,31-May-10,0.1207
2010,May,31,31-May-2010,1-Jun-10,0.1202
2010,Jun,01,01-Jun-2010,2-Jun-10,0.1196
2010,Jun,02,02-Jun-2010,3-Jun-10,0.1193
2010,Jun,03,03-Jun-2010,4-Jun-10,0.1191
2010,Jun,04,04-Jun-2010,7-Jun-10,0.1196
2010,Jun,07,07-Jun-2010,8-Jun-10,0.1202
2010,Jun,08,08-Jun-2010,9-Jun-10,0.1209
2010,Jun,09,09-Jun-2010,10-Jun-10,0.1217
2010,Jun,10,10-Jun-2010,11-Jun-10,0.1217
2010,Jun,11,11-Jun-2010,14-Jun-10,0.1222
2010,Jun,14,14-Jun-2010,15-Jun-10,0.1223
2010,Jun,15,15-Jun-2010,16-Jun-10,0.1224
2010,Jun,16,16-Jun-2010,17-Jun-10,0.1224
2010,Jun,17,17-Jun-2010,18-Jun-10,0.1224
2010,Jun,18,18-Jun-2010,21-Jun-10,0.1234
2010,Jun,21,21-Jun-2010,22-Jun-10,0.1231
2010,Jun,22,22-Jun-2010,23-Jun-10,0.1228
2010,Jun,23,23-Jun-2010,24-Jun-10,0.1225
2010,Jun,24,24-Jun-2010,25-Jun-10,0.1223
2010,Jun,25,25-Jun-2010,28-Jun-10,0.124
2010,Jun,28,28-Jun-2010,29-Jun-10,0.1243
2010,Jun,29,29-Jun-2010,30-Jun-10,0.1246
2010,Jun,30,30-Jun-2010,1-Jul-10,0.1248
2010,Jul,01,01-Jul-2010,2-Jul-10,0.1242
2010,Jul,02,02-Jul-2010,5-Jul-10,0.1226
2010,Jul,05,05-Jul-2010,6-Jul-10,0.1221
2010,Jul,06,06-Jul-2010,7-Jul-10,0.1218
2010,Jul,07,07-Jul-2010,8-Jul-10,0.1215
2010,Jul,08,08-Jul-2010,9-Jul-10,0.1213
2010,Jul,09,09-Jul-2010,12-Jul-10,0.1214
2010,Jul,12,12-Jul-2010,13-Jul-10,0.1216
2010,Jul,13,13-Jul-2010,14-Jul-10,0.1213
2010,Jul,14,14-Jul-2010,15-Jul-10,0.1215
2010,Jul,15,15-Jul-2010,16-Jul-10,0.1215
2010,Jul,16,16-Jul-2010,19-Jul-10,0.1226
2010,Jul,19,19-Jul-2010,20-Jul-10,0.1224
2010,Jul,20,20-Jul-2010,21-Jul-10,0.1222
2010,Jul,21,21-Jul-2010,22-Jul-10,0.122
2010,Jul,22,22-Jul-2010,23-Jul-10,0.1219
2010,Jul,23,23-Jul-2010,26-Jul-10,0.1216
2010,Jul,26,26-Jul-2010,27-Jul-10,0.1214
2010,Jul,27,27-Jul-2010,28-Jul-10,0.1214
2010,Jul,28,28-Jul-2010,29-Jul-10,0.1215
2010,Jul,29,29-Jul-2010,30-Jul-10,0.1217
2010,Jul,30,30-Jul-2010,2-Aug-10,0.1226
2010,Aug,02,02-Aug-2010,3-Aug-10,0.1227
2010,Aug,03,03-Aug-2010,4-Aug-10,0.1225
2010,Aug,04,04-Aug-2010,5-Aug-10,0.1219
2010,Aug,05,05-Aug-2010,6-Aug-10,0.1211
2010,Aug,06,06-Aug-2010,10-Aug-10,0.1195
2010,Aug,10,10-Aug-2010,11-Aug-10,0.1194
2010,Aug,11,11-Aug-2010,12-Aug-10,0.1191
2010,Aug,12,12-Aug-2010,13-Aug-10,0.1187
2010,Aug,13,13-Aug-2010,16-Aug-10,0.1173
2010,Aug,16,16-Aug-2010,17-Aug-10,0.1169
2010,Aug,17,17-Aug-2010,18-Aug-10,0.1168
2010,Aug,18,18-Aug-2010,19-Aug-10,0.1166
2010,Aug,19,19-Aug-2010,20-Aug-10,0.1166
2010,Aug,20,20-Aug-2010,23-Aug-10,0.1161
2010,Aug,23,23-Aug-2010,24-Aug-10,0.1161
2010,Aug,24,24-Aug-2010,25-Aug-10,0.1162
2010,Aug,25,25-Aug-2010,26-Aug-10,0.1157
2010,Aug,26,26-Aug-2010,27-Aug-10,0.115
2010,Aug,27,27-Aug-2010,30-Aug-10,0.1145
2010,Aug,30,30-Aug-2010,31-Aug-10,0.1147
2010,Aug,31,31-Aug-2010,1-Sep-10,0.1139
2010,Sep,01,01-Sep-2010,2-Sep-10,0.1135
2010,Sep,02,02-Sep-2010,3-Sep-10,0.1134
2010,Sep,03,03-Sep-2010,6-Sep-10,0.1132
2010,Sep,06,06-Sep-2010,7-Sep-10,0.113
2010,Sep,07,07-Sep-2010,8-Sep-10,0.113
2010,Sep,08,08-Sep-2010,9-Sep-10,0.113
2010,Sep,09,09-Sep-2010,13-Sep-10,0.113
2010,Sep,13,13-Sep-2010,14-Sep-10,0.1131
2010,Sep,14,14-Sep-2010,15-Sep-10,0.1132
2010,Sep,15,15-Sep-2010,16-Sep-10,0.1133
2010,Sep,16,16-Sep-2010,17-Sep-10,0.1136
2010,Sep,17,17-Sep-2010,20-Sep-10,0.1153
2010,Sep,20,20-Sep-2010,21-Sep-10,0.1157
2010,Sep,21,21-Sep-2010,22-Sep-10,0.1164
2010,Sep,22,22-Sep-2010,23-Sep-10,0.1172
2010,Sep,23,23-Sep-2010,24-Sep-10,0.1173
2010,Sep,24,24-Sep-2010,27-Sep-10,0.1166
2010,Sep,27,27-Sep-2010,28-Sep-10,0.1163
2010,Sep,28,28-Sep-2010,29-Sep-10,0.1159
2010,Sep,29,29-Sep-2010,30-Sep-10,0.1158
2010,Sep,30,30-Sep-2010,1-Oct-10,0.1155
2010,Oct,01,01-Oct-2010,4-Oct-10,0.1124
2010,Oct,04,04-Oct-2010,5-Oct-10,0.1113
2010,Oct,05,05-Oct-2010,6-Oct-10,0.1107
2010,Oct,06,06-Oct-2010,7-Oct-10,0.1102
2010,Oct,07,07-Oct-2010,8-Oct-10,0.1102
2010,Oct,08,08-Oct-2010,11-Oct-10,0.1094
2010,Oct,11,11-Oct-2010,12-Oct-10,0.1092
2010,Oct,12,12-Oct-2010,13-Oct-10,0.109
2010,Oct,13,13-Oct-2010,14-Oct-10,0.1089
2010,Oct,14,14-Oct-2010,15-Oct-10,0.1087
2010,Oct,15,15-Oct-2010,18-Oct-10,0.1102
2010,Oct,18,18-Oct-2010,19-Oct-10,0.1109
2010,Oct,19,19-Oct-2010,20-Oct-10,0.1111
2010,Oct,20,20-Oct-2010,21-Oct-10,0.1112
2010,Oct,21,21-Oct-2010,22-Oct-10,0.1114
2010,Oct,22,22-Oct-2010,25-Oct-10,0.1118
2010,Oct,25,25-Oct-2010,26-Oct-10,0.1118
2010,Oct,26,26-Oct-2010,27-Oct-10,0.1118
2010,Oct,27,27-Oct-2010,28-Oct-10,0.1114
2010,Oct,28,28-Oct-2010,29-Oct-10,0.1106
2010,Oct,29,29-Oct-2010,1-Nov-10,0.1101
2010,Nov,01,01-Nov-2010,2-Nov-10,0.1102
2010,Nov,02,02-Nov-2010,3-Nov-10,0.1101
2010,Nov,03,03-Nov-2010,4-Nov-10,0.1099
2010,Nov,04,04-Nov-2010,8-Nov-10,0.1097
2010,Nov,08,08-Nov-2010,9-Nov-10,0.1092
2010,Nov,09,09-Nov-2010,10-Nov-10,0.1088
2010,Nov,10,10-Nov-2010,11-Nov-10,0.1087
2010,Nov,11,11-Nov-2010,12-Nov-10,0.1085
2010,Nov,12,12-Nov-2010,15-Nov-10,0.1092
2010,Nov,15,15-Nov-2010,16-Nov-10,0.1095
2010,Nov,16,16-Nov-2010,18-Nov-10,0.1098
2010,Nov,18,18-Nov-2010,19-Nov-10,0.11
2010,Nov,19,19-Nov-2010,22-Nov-10,0.1098
2010,Nov,22,22-Nov-2010,23-Nov-10,0.1096
2010,Nov,23,23-Nov-2010,24-Nov-10,0.1095
2010,Nov,24,24-Nov-2010,25-Nov-10,0.1094
2010,Nov,25,25-Nov-2010,26-Nov-10,0.1092
2010,Nov,26,26-Nov-2010,29-Nov-10,0.1081
2010,Nov,29,29-Nov-2010,30-Nov-10,0.1082
2010,Nov,30,30-Nov-2010,1-Dec-10,0.108
2010,Dec,01,01-Dec-2010,2-Dec-10,0.108
2010,Dec,02,02-Dec-2010,3-Dec-10,0.1081
2010,Dec,03,03-Dec-2010,6-Dec-10,0.1055
2010,Dec,06,06-Dec-2010,7-Dec-10,0.1045
2010,Dec,07,07-Dec-2010,8-Dec-10,0.1033
2010,Dec,08,08-Dec-2010,9-Dec-10,0.102
2010,Dec,09,09-Dec-2010,10-Dec-10,0.1008
2010,Dec,10,10-Dec-2010,13-Dec-10,0.1011
2010,Dec,13,13-Dec-2010,14-Dec-10,0.1011
2010,Dec,14,14-Dec-2010,15-Dec-10,0.1011
2010,Dec,15,15-Dec-2010,16-Dec-10,0.1011
2010,Dec,16,16-Dec-2010,17-Dec-10,0.1012
2010,Dec,17,17-Dec-2010,20-Dec-10,0.0998
2010,Dec,20,20-Dec-2010,21-Dec-10,0.0993
2010,Dec,21,21-Dec-2010,22-Dec-10,0.0993
2010,Dec,22,22-Dec-2010,23-Dec-10,0.0992
2010,Dec,23,23-Dec-2010,24-Dec-10,0.0992
2010,Dec,24,24-Dec-2010,27-Dec-10,0.0974
2010,Dec,27,27-Dec-2010,28-Dec-10,0.0967
2010,Dec,28,28-Dec-2010,29-Dec-10,0.0964
2010,Dec,29,29-Dec-2010,30-Dec-10,0.0961
2010,Dec,30,30-Dec-2010,31-Dec-10,0.096
2010,Dec,31,31-Dec-2010,3-Jan-11,0.0968
2011,Jan,03,03-Jan-2011,4-Jan-11,0.0972
2011,Jan,04,04-Jan-2011,5-Jan-11,0.0974
2011,Jan,05,05-Jan-2011,6-Jan-11,0.0974
2011,Jan,06,06-Jan-2011,7-Jan-11,0.0975
2011,Jan,07,07-Jan-2011,10-Jan-11,0.0966
2011,Jan,10,10-Jan-2011,11-Jan-11,0.0961
2011,Jan,11,11-Jan-2011,12-Jan-11,0.0955
2011,Jan,12,12-Jan-2011,13-Jan-11,0.0948
2011,Jan,13,13-Jan-2011,14-Jan-11,0.0944
2011,Jan,14,14-Jan-2011,17-Jan-11,0.0927
2011,Jan,17,17-Jan-2011,18-Jan-11,0.0919
2011,Jan,18,18-Jan-2011,19-Jan-11,0.0911
2011,Jan,19,19-Jan-2011,20-Jan-11,0.0905
2011,Jan,20,20-Jan-2011,21-Jan-11,0.0901
2011,Jan,21,21-Jan-2011,24-Jan-11,0.0889
2011,Jan,24,24-Jan-2011,25-Jan-11,0.0885
2011,Jan,25,25-Jan-2011,26-Jan-11,0.088
2011,Jan,26,26-Jan-2011,27-Jan-11,0.0878
2011,Jan,27,27-Jan-2011,28-Jan-11,0.0878
2011,Jan,28,28-Jan-2011,31-Jan-11,0.0875
2011,Jan,31,31-Jan-2011,1-Feb-11,0.0877
2011,Feb,01,01-Feb-2011,2-Feb-11,0.0877
2011,Feb,02,02-Feb-2011,7-Feb-11,0.0916
2011,Feb,07,07-Feb-2011,8-Feb-11,0.0914
2011,Feb,08,08-Feb-2011,9-Feb-11,0.0911
2011,Feb,09,09-Feb-2011,10-Feb-11,0.0907
2011,Feb,10,10-Feb-2011,11-Feb-11,0.0903
2011,Feb,11,11-Feb-2011,14-Feb-11,0.0894
2011,Feb,14,14-Feb-2011,15-Feb-11,0.0891
2011,Feb,15,15-Feb-2011,16-Feb-11,0.0889
2011,Feb,16,16-Feb-2011,17-Feb-11,0.0887
2011,Feb,17,17-Feb-2011,18-Feb-11,0.0883
2011,Feb,18,18-Feb-2011,21-Feb-11,0.0873
2011,Feb,21,21-Feb-2011,22-Feb-11,0.087
2011,Feb,22,22-Feb-2011,23-Feb-11,0.0867
2011,Feb,23,23-Feb-2011,24-Feb-11,0.0861
2011,Feb,24,24-Feb-2011,25-Feb-11,0.0858
2011,Feb,25,25-Feb-2011,28-Feb-11,0.0848
2011,Feb,28,28-Feb-2011,1-Mar-11,0.0834
2011,Mar,01,01-Mar-2011,2-Mar-11,0.0832
2011,Mar,02,02-Mar-2011,3-Mar-11,0.0827
2011,Mar,03,03-Mar-2011,4-Mar-11,0.0823
2011,Mar,04,04-Mar-2011,7-Mar-11,0.0814
2011,Mar,07,07-Mar-2011,8-Mar-11,0.0809
2011,Mar,08,08-Mar-2011,9-Mar-11,0.0806
2011,Mar,09,09-Mar-2011,10-Mar-11,0.0804
2011,Mar,10,10-Mar-2011,11-Mar-11,0.0801
2011,Mar,11,11-Mar-2011,14-Mar-11,0.0791
2011,Mar,14,14-Mar-2011,15-Mar-11,0.0787
2011,Mar,15,15-Mar-2011,16-Mar-11,0.0782
2011,Mar,16,16-Mar-2011,17-Mar-11,0.0775
2011,Mar,17,17-Mar-2011,18-Mar-11,0.0766
2011,Mar,18,18-Mar-2011,21-Mar-11,0.074
2011,Mar,21,21-Mar-2011,22-Mar-11,0.0728
2011,Mar,22,22-Mar-2011,23-Mar-11,0.0716
2011,Mar,23,23-Mar-2011,24-Mar-11,0.071
2011,Mar,24,24-Mar-2011,25-Mar-11,0.0706
2011,Mar,25,25-Mar-2011,28-Mar-11,0.0696
2011,Mar,28,28-Mar-2011,29-Mar-11,0.0694
2011,Mar,29,29-Mar-2011,30-Mar-11,0.0693
2011,Mar,30,30-Mar-2011,31-Mar-11,0.0694
2011,Mar,31,31-Mar-2011,1-Apr-11,0.0697
2011,Apr,01,01-Apr-2011,4-Apr-11,0.0706
2011,Apr,04,04-Apr-2011,5-Apr-11,0.0709
2011,Apr,05,05-Apr-2011,6-Apr-11,0.0709
2011,Apr,06,06-Apr-2011,7-Apr-11,0.0707
2011,Apr,07,07-Apr-2011,8-Apr-11,0.0706
2011,Apr,08,08-Apr-2011,11-Apr-11,0.0702
2011,Apr,11,11-Apr-2011,12-Apr-11,0.07
2011,Apr,12,12-Apr-2011,13-Apr-11,0.0698
2011,Apr,13,13-Apr-2011,14-Apr-11,0.0696
2011,Apr,14,14-Apr-2011,15-Apr-11,0.0694
2011,Apr,15,15-Apr-2011,18-Apr-11,0.0673
2011,Apr,18,18-Apr-2011,19-Apr-11,0.0663
2011,Apr,19,19-Apr-2011,20-Apr-11,0.0661
2011,Apr,20,20-Apr-2011,21-Apr-11,0.0661
2011,Apr,21,21-Apr-2011,25-Apr-11,0.0662
2011,Apr,25,25-Apr-2011,26-Apr-11,0.0662
2011,Apr,26,26-Apr-2011,27-Apr-11,0.0665
2011,Apr,27,27-Apr-2011,28-Apr-11,0.0671
2011,Apr,28,28-Apr-2011,29-Apr-11,0.0674
2011,Apr,29,29-Apr-2011,3-May-11,0.0687
2011,May,03,03-May-2011,4-May-11,0.0689
2011,May,04,04-May-2011,5-May-11,0.0687
2011,May,05,05-May-2011,6-May-11,0.0683
2011,May,06,06-May-2011,9-May-11,0.0672
2011,May,09,09-May-2011,10-May-11,0.067
2011,May,10,10-May-2011,11-May-11,0.067
2011,May,11,11-May-2011,12-May-11,0.0673
2011,May,12,12-May-2011,13-May-11,0.0672
2011,May,13,13-May-2011,16-May-11,0.0673
2011,May,16,16-May-2011,18-May-11,0.0671
2011,May,18,18-May-2011,19-May-11,0.067
2011,May,19,19-May-2011,20-May-11,0.0668
2011,May,20,20-May-2011,23-May-11,0.0664
2011,May,23,23-May-2011,24-May-11,0.0661
2011,May,24,24-May-2011,25-May-11,0.0659
2011,May,25,25-May-2011,26-May-11,0.0659
2011,May,26,26-May-2011,27-May-11,0.0657
2011,May,27,27-May-2011,30-May-11,0.0645
2011,May,30,30-May-2011,31-May-11,0.0646
2011,May,31,31-May-2011,1-Jun-11,0.0642
2011,Jun,01,01-Jun-2011,2-Jun-11,0.0643
2011,Jun,02,02-Jun-2011,3-Jun-11,0.0642
2011,Jun,03,03-Jun-2011,6-Jun-11,0.0642
2011,Jun,06,06-Jun-2011,7-Jun-11,0.0642
2011,Jun,07,07-Jun-2011,8-Jun-11,0.064
2011,Jun,08,08-Jun-2011,9-Jun-11,0.0638
2011,Jun,09,09-Jun-2011,10-Jun-11,0.0636
2011,Jun,10,10-Jun-2011,13-Jun-11,0.0623
2011,Jun,13,13-Jun-2011,14-Jun-11,0.062
2011,Jun,14,14-Jun-2011,15-Jun-11,0.0619
2011,Jun,15,15-Jun-2011,16-Jun-11,0.0618
2011,Jun,16,16-Jun-2011,17-Jun-11,0.0617
2011,Jun,17,17-Jun-2011,20-Jun-11,0.0622
2011,Jun,20,20-Jun-2011,21-Jun-11,0.0623
2011,Jun,21,21-Jun-2011,22-Jun-11,0.0623
2011,Jun,22,22-Jun-2011,23-Jun-11,0.0623
2011,Jun,23,23-Jun-2011,24-Jun-11,0.0623
2011,Jun,24,24-Jun-2011,27-Jun-11,0.0619
2011,Jun,27,27-Jun-2011,28-Jun-11,0.0617
2011,Jun,28,28-Jun-2011,29-Jun-11,0.0617
2011,Jun,29,29-Jun-2011,30-Jun-11,0.0617
2011,Jun,30,30-Jun-2011,1-Jul-11,0.0614
2011,Jul,01,01-Jul-2011,4-Jul-11,0.06
2011,Jul,04,04-Jul-2011,5-Jul-11,0.0597
2011,Jul,05,05-Jul-2011,6-Jul-11,0.0595
2011,Jul,06,06-Jul-2011,7-Jul-11,0.0594
2011,Jul,07,07-Jul-2011,8-Jul-11,0.0593
2011,Jul,08,08-Jul-2011,11-Jul-11,0.0586
2011,Jul,11,11-Jul-2011,12-Jul-11,0.0586
2011,Jul,12,12-Jul-2011,13-Jul-11,0.0586
2011,Jul,13,13-Jul-2011,14-Jul-11,0.0586
2011,Jul,14,14-Jul-2011,15-Jul-11,0.0587
2011,Jul,15,15-Jul-2011,18-Jul-11,0.059
2011,Jul,18,18-Jul-2011,19-Jul-11,0.0591
2011,Jul,19,19-Jul-2011,20-Jul-11,0.0592
2011,Jul,20,20-Jul-2011,21-Jul-11,0.0592
2011,Jul,21,21-Jul-2011,22-Jul-11,0.0592
2011,Jul,22,22-Jul-2011,25-Jul-11,0.0592
2011,Jul,25,25-Jul-2011,26-Jul-11,0.0591
2011,Jul,26,26-Jul-2011,27-Jul-11,0.059
2011,Jul,27,27-Jul-2011,28-Jul-11,0.0586
2011,Jul,28,28-Jul-2011,29-Jul-11,0.0579
2011,Jul,29,29-Jul-2011,1-Aug-11,0.0555
2011,Aug,01,01-Aug-2011,2-Aug-11,0.0547
2011,Aug,02,02-Aug-2011,3-Aug-11,0.0536
2011,Aug,03,03-Aug-2011,4-Aug-11,0.0528
2011,Aug,04,04-Aug-2011,5-Aug-11,0.0518
2011,Aug,05,05-Aug-2011,8-Aug-11,0.0497
2011,Aug,08,08-Aug-2011,10-Aug-11,0.0499
2011,Aug,10,10-Aug-2011,11-Aug-11,0.05
2011,Aug,11,11-Aug-2011,12-Aug-11,0.0498
2011,Aug,12,12-Aug-2011,15-Aug-11,0.0497
2011,Aug,15,15-Aug-2011,16-Aug-11,0.0496
2011,Aug,16,16-Aug-2011,17-Aug-11,0.0495
2011,Aug,17,17-Aug-2011,18-Aug-11,0.0498
2011,Aug,18,18-Aug-2011,19-Aug-11,0.05
2011,Aug,19,19-Aug-2011,22-Aug-11,0.0503
2011,Aug,22,22-Aug-2011,23-Aug-11,0.0506
2011,Aug,23,23-Aug-2011,24-Aug-11,0.051
2011,Aug,24,24-Aug-2011,25-Aug-11,0.0512
2011,Aug,25,25-Aug-2011,26-Aug-11,0.051
2011,Aug,26,26-Aug-2011,29-Aug-11,0.0505
2011,Aug,29,29-Aug-2011,31-Aug-11,0.0502
2011,Aug,31,31-Aug-2011,1-Sep-11,0.0502
2011,Sep,01,01-Sep-2011,2-Sep-11,0.05
2011,Sep,02,02-Sep-2011,5-Sep-11,0.0503
2011,Sep,05,05-Sep-2011,6-Sep-11,0.0503
2011,Sep,06,06-Sep-2011,7-Sep-11,0.0504
2011,Sep,07,07-Sep-2011,8-Sep-11,0.0505
2011,Sep,08,08-Sep-2011,9-Sep-11,0.0507
2011,Sep,09,09-Sep-2011,12-Sep-11,0.0513
2011,Sep,12,12-Sep-2011,13-Sep-11,0.0515
2011,Sep,13,13-Sep-2011,14-Sep-11,0.0517
2011,Sep,14,14-Sep-2011,15-Sep-11,0.052
2011,Sep,15,15-Sep-2011,16-Sep-11,0.0523
2011,Sep,16,16-Sep-2011,19-Sep-11,0.0531
2011,Sep,19,19-Sep-2011,20-Sep-11,0.0532
2011,Sep,20,20-Sep-2011,21-Sep-11,0.0535
2011,Sep,21,21-Sep-2011,22-Sep-11,0.0537
2011,Sep,22,22-Sep-2011,23-Sep-11,0.054
2011,Sep,23,23-Sep-2011,26-Sep-11,0.055
2011,Sep,26,26-Sep-2011,27-Sep-11,0.0553
2011,Sep,27,27-Sep-2011,28-Sep-11,0.0555
2011,Sep,28,28-Sep-2011,29-Sep-11,0.0555
2011,Sep,29,29-Sep-2011,30-Sep-11,0.0553
2011,Sep,30,30-Sep-2011,3-Oct-11,0.0535
2011,Oct,03,03-Oct-2011,4-Oct-11,0.0531
2011,Oct,04,04-Oct-2011,5-Oct-11,0.0529
2011,Oct,05,05-Oct-2011,6-Oct-11,0.0529
2011,Oct,06,06-Oct-2011,7-Oct-11,0.053
2011,Oct,07,07-Oct-2011,10-Oct-11,0.053
2011,Oct,10,10-Oct-2011,11-Oct-11,0.053
2011,Oct,11,11-Oct-2011,12-Oct-11,0.053
2011,Oct,12,12-Oct-2011,13-Oct-11,0.0531
2011,Oct,13,13-Oct-2011,14-Oct-11,0.0532
2011,Oct,14,14-Oct-2011,17-Oct-11,0.0536
2011,Oct,17,17-Oct-2011,18-Oct-11,0.054
2011,Oct,18,18-Oct-2011,19-Oct-11,0.0541
2011,Oct,19,19-Oct-2011,20-Oct-11,0.0541
2011,Oct,20,20-Oct-2011,21-Oct-11,0.0539
2011,Oct,21,21-Oct-2011,24-Oct-11,0.0535
2011,Oct,24,24-Oct-2011,25-Oct-11,0.0534
2011,Oct,25,25-Oct-2011,27-Oct-11,0.0529
2011,Oct,27,27-Oct-2011,28-Oct-11,0.0522
2011,Oct,28,28-Oct-2011,31-Oct-11,0.0513
2011,Oct,31,31-Oct-2011,1-Nov-11,0.0511
2011,Nov,01,01-Nov-2011,2-Nov-11,0.0509
2011,Nov,02,02-Nov-2011,3-Nov-11,0.0508
2011,Nov,03,03-Nov-2011,4-Nov-11,0.0506
2011,Nov,04,04-Nov-2011,8-Nov-11,0.0503
2011,Nov,08,08-Nov-2011,9-Nov-11,0.0503
2011,Nov,09,09-Nov-2011,10-Nov-11,0.0502
2011,Nov,10,10-Nov-2011,11-Nov-11,0.0498
2011,Nov,11,11-Nov-2011,14-Nov-11,0.0492
2011,Nov,14,14-Nov-2011,15-Nov-11,0.0488
2011,Nov,15,15-Nov-2011,16-Nov-11,0.0485
2011,Nov,16,16-Nov-2011,17-Nov-11,0.0485
2011,Nov,17,17-Nov-2011,18-Nov-11,0.0486
2011,Nov,18,18-Nov-2011,21-Nov-11,0.0497
2011,Nov,21,21-Nov-2011,22-Nov-11,0.0505
2011,Nov,22,22-Nov-2011,23-Nov-11,0.0516
2011,Nov,23,23-Nov-2011,24-Nov-11,0.0519
2011,Nov,24,24-Nov-2011,25-Nov-11,0.0518
2011,Nov,25,25-Nov-2011,28-Nov-11,0.051
2011,Nov,28,28-Nov-2011,29-Nov-11,0.0507
2011,Nov,29,29-Nov-2011,30-Nov-11,0.0506
2011,Nov,30,30-Nov-2011,1-Dec-11,0.0502
2011,Dec,01,01-Dec-2011,2-Dec-11,0.0499
2011,Dec,02,02-Dec-2011,5-Dec-11,0.0493
2011,Dec,05,05-Dec-2011,6-Dec-11,0.0491
2011,Dec,06,06-Dec-2011,7-Dec-11,0.0489
2011,Dec,07,07-Dec-2011,8-Dec-11,0.0491
2011,Dec,08,08-Dec-2011,9-Dec-11,0.0491
2011,Dec,09,09-Dec-2011,12-Dec-11,0.05
2011,Dec,12,12-Dec-2011,13-Dec-11,0.0502
2011,Dec,13,13-Dec-2011,14-Dec-11,0.0504
2011,Dec,14,14-Dec-2011,15-Dec-11,0.0509
2011,Dec,15,15-Dec-2011,16-Dec-11,0.0511
2011,Dec,16,16-Dec-2011,19-Dec-11,0.0507
2011,Dec,19,19-Dec-2011,20-Dec-11,0.0505
2011,Dec,20,20-Dec-2011,21-Dec-11,0.0503
2011,Dec,21,21-Dec-2011,22-Dec-11,0.0502
2011,Dec,22,22-Dec-2011,23-Dec-11,0.0502
2011,Dec,23,23-Dec-2011,27-Dec-11,0.0501
2011,Dec,27,27-Dec-2011,28-Dec-11,0.0502
2011,Dec,28,28-Dec-2011,29-Dec-11,0.0499
2011,Dec,29,29-Dec-2011,30-Dec-11,0.0499
2011,Dec,30,30-Dec-2011,3-Jan-12,0.051
2012,Jan,03,03-Jan-2012,4-Jan-12,0.051
2012,Jan,04,04-Jan-2012,5-Jan-12,0.051
2012,Jan,05,05-Jan-2012,6-Jan-12,0.0512
2012,Jan,06,06-Jan-2012,9-Jan-12,0.0519
2012,Jan,09,09-Jan-2012,10-Jan-12,0.052
2012,Jan,10,10-Jan-2012,11-Jan-12,0.052
2012,Jan,11,11-Jan-2012,12-Jan-12,0.052
2012,Jan,12,12-Jan-2012,13-Jan-12,0.052
2012,Jan,13,13-Jan-2012,16-Jan-12,0.0517
2012,Jan,16,16-Jan-2012,17-Jan-12,0.0516
2012,Jan,17,17-Jan-2012,18-Jan-12,0.0515
2012,Jan,18,18-Jan-2012,19-Jan-12,0.0514
2012,Jan,19,19-Jan-2012,20-Jan-12,0.0515
2012,Jan,20,20-Jan-2012,25-Jan-12,0.0535
2012,Jan,25,25-Jan-2012,26-Jan-12,0.0541
2012,Jan,26,26-Jan-2012,27-Jan-12,0.0546
2012,Jan,27,27-Jan-2012,30-Jan-12,0.0553
2012,Jan,30,30-Jan-2012,31-Jan-12,0.0557
2012,Jan,31,31-Jan-2012,1-Feb-12,0.0561
2012,Feb,01,01-Feb-2012,2-Feb-12,0.0564
2012,Feb,02,02-Feb-2012,3-Feb-12,0.0567
2012,Feb,03,03-Feb-2012,6-Feb-12,0.0563
2012,Feb,06,06-Feb-2012,7-Feb-12,0.0563
2012,Feb,07,07-Feb-2012,8-Feb-12,0.0562
2012,Feb,08,08-Feb-2012,9-Feb-12,0.0561
2012,Feb,09,09-Feb-2012,10-Feb-12,0.0559
2012,Feb,10,10-Feb-2012,13-Feb-12,0.0563
2012,Feb,13,13-Feb-2012,14-Feb-12,0.0563
2012,Feb,14,14-Feb-2012,15-Feb-12,0.0564
2012,Feb,15,15-Feb-2012,16-Feb-12,0.0565
2012,Feb,16,16-Feb-2012,17-Feb-12,0.0566
2012,Feb,17,17-Feb-2012,20-Feb-12,0.0556
2012,Feb,20,20-Feb-2012,21-Feb-12,0.0553
2012,Feb,21,21-Feb-2012,22-Feb-12,0.0551
2012,Feb,22,22-Feb-2012,23-Feb-12,0.0546
2012,Feb,23,23-Feb-2012,24-Feb-12,0.0542
2012,Feb,24,24-Feb-2012,27-Feb-12,0.0537
2012,Feb,27,27-Feb-2012,28-Feb-12,0.0536
2012,Feb,28,28-Feb-2012,29-Feb-12,0.0536
2012,Feb,29,29-Feb-2012,1-Mar-12,0.0538
2012,Mar,01,01-Mar-2012,2-Mar-12,0.054
2012,Mar,02,02-Mar-2012,5-Mar-12,0.0542
2012,Mar,05,05-Mar-2012,6-Mar-12,0.0544
2012,Mar,06,06-Mar-2012,7-Mar-12,0.0544
2012,Mar,07,07-Mar-2012,8-Mar-12,0.0544
2012,Mar,08,08-Mar-2012,9-Mar-12,0.0543
2012,Mar,09,09-Mar-2012,12-Mar-12,0.0539
2012,Mar,12,12-Mar-2012,13-Mar-12,0.0536
2012,Mar,13,13-Mar-2012,14-Mar-12,0.0535
2012,Mar,14,14-Mar-2012,15-Mar-12,0.0534
2012,Mar,15,15-Mar-2012,16-Mar-12,0.0532
2012,Mar,16,16-Mar-2012,19-Mar-12,0.0533
2012,Mar,19,19-Mar-2012,20-Mar-12,0.0536
2012,Mar,20,20-Mar-2012,21-Mar-12,0.0535
2012,Mar,21,21-Mar-2012,22-Mar-12,0.0535
2012,Mar,22,22-Mar-2012,23-Mar-12,0.0533
2012,Mar,23,23-Mar-2012,26-Mar-12,0.0522
2012,Mar,26,26-Mar-2012,27-Mar-12,0.052
2012,Mar,27,27-Mar-2012,28-Mar-12,0.0518
2012,Mar,28,28-Mar-2012,29-Mar-12,0.0519
2012,Mar,29,29-Mar-2012,30-Mar-12,0.0521
2012,Mar,30,30-Mar-2012,2-Apr-12,0.0519
2012,Apr,02,02-Apr-2012,3-Apr-12,0.0518
2012,Apr,03,03-Apr-2012,4-Apr-12,0.0515
2012,Apr,04,04-Apr-2012,5-Apr-12,0.0514
2012,Apr,05,05-Apr-2012,9-Apr-12,0.0512
2012,Apr,09,09-Apr-2012,10-Apr-12,0.0513
2012,Apr,10,10-Apr-2012,11-Apr-12,0.0512
2012,Apr,11,11-Apr-2012,12-Apr-12,0.0512
2012,Apr,12,12-Apr-2012,13-Apr-12,0.0512
2012,Apr,13,13-Apr-2012,16-Apr-12,0.051
2012,Apr,16,16-Apr-2012,17-Apr-12,0.0509
2012,Apr,17,17-Apr-2012,18-Apr-12,0.0505
2012,Apr,18,18-Apr-2012,19-Apr-12,0.0504
2012,Apr,19,19-Apr-2012,20-Apr-12,0.0501
2012,Apr,20,20-Apr-2012,23-Apr-12,0.0494
2012,Apr,23,23-Apr-2012,24-Apr-12,0.0492
2012,Apr,24,24-Apr-2012,25-Apr-12,0.049
2012,Apr,25,25-Apr-2012,26-Apr-12,0.049
2012,Apr,26,26-Apr-2012,27-Apr-12,0.0489
2012,Apr,27,27-Apr-2012,30-Apr-12,0.0489
2012,Apr,30,30-Apr-2012,2-May-12,0.0488
2012,May,02,02-May-2012,3-May-12,0.0487
2012,May,03,03-May-2012,4-May-12,0.0489
2012,May,04,04-May-2012,7-May-12,0.0513
2012,May,07,07-May-2012,8-May-12,0.0518
2012,May,08,08-May-2012,9-May-12,0.052
2012,May,09,09-May-2012,10-May-12,0.052
2012,May,10,10-May-2012,11-May-12,0.0519
2012,May,11,11-May-2012,14-May-12,0.052
2012,May,14,14-May-2012,15-May-12,0.0522
2012,May,15,15-May-2012,16-May-12,0.0524
2012,May,16,16-May-2012,17-May-12,0.0524
2012,May,17,17-May-2012,18-May-12,0.0523
2012,May,18,18-May-2012,21-May-12,0.0513
2012,May,21,21-May-2012,22-May-12,0.0504
2012,May,22,22-May-2012,23-May-12,0.0494
2012,May,23,23-May-2012,24-May-12,0.0491
2012,May,24,24-May-2012,25-May-12,0.0491
2012,May,25,25-May-2012,28-May-12,0.0489
2012,May,28,28-May-2012,29-May-12,0.0489
2012,May,29,29-May-2012,30-May-12,0.0488
2012,May,30,30-May-2012,31-May-12,0.0487
2012,May,31,31-May-2012,1-Jun-12,0.0488
2012,Jun,01,01-Jun-2012,4-Jun-12,0.0489
2012,Jun,04,04-Jun-2012,5-Jun-12,0.0489
2012,Jun,05,05-Jun-2012,6-Jun-12,0.0491
2012,Jun,06,06-Jun-2012,7-Jun-12,0.0493
2012,Jun,07,07-Jun-2012,8-Jun-12,0.0493
2012,Jun,08,08-Jun-2012,11-Jun-12,0.0493
2012,Jun,11,11-Jun-2012,12-Jun-12,0.0491
2012,Jun,12,12-Jun-2012,13-Jun-12,0.049
2012,Jun,13,13-Jun-2012,14-Jun-12,0.049
2012,Jun,14,14-Jun-2012,15-Jun-12,0.0486
2012,Jun,15,15-Jun-2012,18-Jun-12,0.0488
2012,Jun,18,18-Jun-2012,19-Jun-12,0.0488
2012,Jun,19,19-Jun-2012,20-Jun-12,0.0491
2012,Jun,20,20-Jun-2012,21-Jun-12,0.0494
2012,Jun,21,21-Jun-2012,22-Jun-12,0.0495
2012,Jun,22,22-Jun-2012,25-Jun-12,0.0498
2012,Jun,25,25-Jun-2012,26-Jun-12,0.0499
2012,Jun,26,26-Jun-2012,27-Jun-12,0.0498
2012,Jun,27,27-Jun-2012,28-Jun-12,0.0498
2012,Jun,28,28-Jun-2012,29-Jun-12,0.0497
2012,Jun,29,29-Jun-2012,2-Jul-12,0.0489
2012,Jul,02,02-Jul-2012,3-Jul-12,0.0485
2012,Jul,03,03-Jul-2012,4-Jul-12,0.0485
2012,Jul,04,04-Jul-2012,5-Jul-12,0.0484
2012,Jul,05,05-Jul-2012,6-Jul-12,0.0482
2012,Jul,06,06-Jul-2012,9-Jul-12,0.0474
2012,Jul,09,09-Jul-2012,10-Jul-12,0.0473
2012,Jul,10,10-Jul-2012,11-Jul-12,0.0473
2012,Jul,11,11-Jul-2012,12-Jul-12,0.0473
2012,Jul,12,12-Jul-2012,13-Jul-12,0.0473
2012,Jul,13,13-Jul-2012,16-Jul-12,0.0474
2012,Jul,16,16-Jul-2012,17-Jul-12,0.0474
2012,Jul,17,17-Jul-2012,18-Jul-12,0.0474
2012,Jul,18,18-Jul-2012,19-Jul-12,0.0474
2012,Jul,19,19-Jul-2012,20-Jul-12,0.0474
2012,Jul,20,20-Jul-2012,23-Jul-12,0.0464
2012,Jul,23,23-Jul-2012,24-Jul-12,0.046
2012,Jul,24,24-Jul-2012,25-Jul-12,0.0459
2012,Jul,25,25-Jul-2012,26-Jul-12,0.0458
2012,Jul,26,26-Jul-2012,27-Jul-12,0.0456
2012,Jul,27,27-Jul-2012,30-Jul-12,0.0466
2012,Jul,30,30-Jul-2012,31-Jul-12,0.0469
2012,Jul,31,31-Jul-2012,1-Aug-12,0.0471
2012,Aug,01,01-Aug-2012,2-Aug-12,0.0471
2012,Aug,02,02-Aug-2012,3-Aug-12,0.0468
2012,Aug,03,03-Aug-2012,6-Aug-12,0.0472
2012,Aug,06,06-Aug-2012,7-Aug-12,0.0473
2012,Aug,07,07-Aug-2012,8-Aug-12,0.0474
2012,Aug,08,08-Aug-2012,10-Aug-12,0.048
2012,Aug,10,10-Aug-2012,13-Aug-12,0.0485
2012,Aug,13,13-Aug-2012,14-Aug-12,0.0488
2012,Aug,14,14-Aug-2012,15-Aug-12,0.049
2012,Aug,15,15-Aug-2012,16-Aug-12,0.0496
2012,Aug,16,16-Aug-2012,17-Aug-12,0.0499
2012,Aug,17,17-Aug-2012,21-Aug-12,0.0509
2012,Aug,21,21-Aug-2012,22-Aug-12,0.0512
2012,Aug,22,22-Aug-2012,23-Aug-12,0.0514
2012,Aug,23,23-Aug-2012,24-Aug-12,0.0518
2012,Aug,24,24-Aug-2012,27-Aug-12,0.0529
2012,Aug,27,27-Aug-2012,28-Aug-12,0.0532
2012,Aug,28,28-Aug-2012,29-Aug-12,0.0532
2012,Aug,29,29-Aug-2012,30-Aug-12,0.0531
2012,Aug,30,30-Aug-2012,31-Aug-12,0.0531
2012,Aug,31,31-Aug-2012,3-Sep-12,0.0537
2012,Sep,03,03-Sep-2012,4-Sep-12,0.0537
2012,Sep,04,04-Sep-2012,5-Sep-12,0.0537
2012,Sep,05,05-Sep-2012,6-Sep-12,0.0537
2012,Sep,06,06-Sep-2012,7-Sep-12,0.0538
2012,Sep,07,07-Sep-2012,10-Sep-12,0.0541
2012,Sep,10,10-Sep-2012,11-Sep-12,0.0543
2012,Sep,11,11-Sep-2012,12-Sep-12,0.0545
2012,Sep,12,12-Sep-2012,13-Sep-12,0.0548
2012,Sep,13,13-Sep-2012,14-Sep-12,0.0548
2012,Sep,14,14-Sep-2012,17-Sep-12,0.0549
2012,Sep,17,17-Sep-2012,18-Sep-12,0.0549
2012,Sep,18,18-Sep-2012,19-Sep-12,0.0548
2012,Sep,19,19-Sep-2012,20-Sep-12,0.0545
2012,Sep,20,20-Sep-2012,21-Sep-12,0.0545
2012,Sep,21,21-Sep-2012,24-Sep-12,0.055
2012,Sep,24,24-Sep-2012,25-Sep-12,0.0555
2012,Sep,25,25-Sep-2012,26-Sep-12,0.0563
2012,Sep,26,26-Sep-2012,27-Sep-12,0.0572
2012,Sep,27,27-Sep-2012,28-Sep-12,0.0585
2012,Sep,28,28-Sep-2012,1-Oct-12,0.0627
2012,Oct,01,01-Oct-2012,2-Oct-12,0.0637
2012,Oct,02,02-Oct-2012,3-Oct-12,0.0639
2012,Oct,03,03-Oct-2012,4-Oct-12,0.0639
2012,Oct,04,04-Oct-2012,5-Oct-12,0.0639
2012,Oct,05,05-Oct-2012,8-Oct-12,0.0638
2012,Oct,08,08-Oct-2012,9-Oct-12,0.0639
2012,Oct,09,09-Oct-2012,10-Oct-12,0.0638
2012,Oct,10,10-Oct-2012,11-Oct-12,0.0639
2012,Oct,11,11-Oct-2012,12-Oct-12,0.0639
2012,Oct,12,12-Oct-2012,15-Oct-12,0.0639
2012,Oct,15,15-Oct-2012,16-Oct-12,0.064
2012,Oct,16,16-Oct-2012,17-Oct-12,0.0641
2012,Oct,17,17-Oct-2012,18-Oct-12,0.0643
2012,Oct,18,18-Oct-2012,19-Oct-12,0.0644
2012,Oct,19,19-Oct-2012,22-Oct-12,0.0646
2012,Oct,22,22-Oct-2012,23-Oct-12,0.0648
2012,Oct,23,23-Oct-2012,24-Oct-12,0.0652
2012,Oct,24,24-Oct-2012,25-Oct-12,0.0658
2012,Oct,25,25-Oct-2012,29-Oct-12,0.0685
2012,Oct,29,29-Oct-2012,30-Oct-12,0.0687
2012,Oct,30,30-Oct-2012,31-Oct-12,0.0686
2012,Oct,31,31-Oct-2012,1-Nov-12,0.0686
2012,Nov,01,01-Nov-2012,2-Nov-12,0.0683
2012,Nov,02,02-Nov-2012,5-Nov-12,0.0675
2012,Nov,05,05-Nov-2012,6-Nov-12,0.0668
2012,Nov,06,06-Nov-2012,7-Nov-12,0.066
2012,Nov,07,07-Nov-2012,8-Nov-12,0.0656
2012,Nov,08,08-Nov-2012,9-Nov-12,0.0654
2012,Nov,09,09-Nov-2012,12-Nov-12,0.0655
2012,Nov,12,12-Nov-2012,14-Nov-12,0.0654
2012,Nov,14,14-Nov-2012,15-Nov-12,0.0656
2012,Nov,15,15-Nov-2012,16-Nov-12,0.0662
2012,Nov,16,16-Nov-2012,19-Nov-12,0.0677
2012,Nov,19,19-Nov-2012,20-Nov-12,0.0677
2012,Nov,20,20-Nov-2012,21-Nov-12,0.0677
2012,Nov,21,21-Nov-2012,22-Nov-12,0.0677
2012,Nov,22,22-Nov-2012,23-Nov-12,0.0676
2012,Nov,23,23-Nov-2012,26-Nov-12,0.0675
2012,Nov,26,26-Nov-2012,27-Nov-12,0.0675
2012,Nov,27,27-Nov-2012,28-Nov-12,0.0676
2012,Nov,28,28-Nov-2012,29-Nov-12,0.0676
2012,Nov,29,29-Nov-2012,30-Nov-12,0.0677
2012,Nov,30,30-Nov-2012,3-Dec-12,0.0688
2012,Dec,03,03-Dec-2012,4-Dec-12,0.0692
2012,Dec,04,04-Dec-2012,5-Dec-12,0.0697
2012,Dec,05,05-Dec-2012,6-Dec-12,0.0696
2012,Dec,06,06-Dec-2012,7-Dec-12,0.0694
2012,Dec,07,07-Dec-2012,10-Dec-12,0.0688
2012,Dec,10,10-Dec-2012,11-Dec-12,0.0686
2012,Dec,11,11-Dec-2012,12-Dec-12,0.0685
2012,Dec,12,12-Dec-2012,13-Dec-12,0.0684
2012,Dec,13,13-Dec-2012,14-Dec-12,0.0682
2012,Dec,14,14-Dec-2012,17-Dec-12,0.068
2012,Dec,17,17-Dec-2012,18-Dec-12,0.0682
2012,Dec,18,18-Dec-2012,19-Dec-12,0.0685
2012,Dec,19,19-Dec-2012,20-Dec-12,0.0683
2012,Dec,20,20-Dec-2012,21-Dec-12,0.0679
2012,Dec,21,21-Dec-2012,24-Dec-12,0.0676
2012,Dec,24,24-Dec-2012,26-Dec-12,0.0677
2012,Dec,26,26-Dec-2012,27-Dec-12,0.0681
2012,Dec,27,27-Dec-2012,28-Dec-12,0.0684
2012,Dec,28,28-Dec-2012,31-Dec-12,0.0687
2012,Dec,31,31-Dec-2012,2-Jan-13,0.0685
2013,Jan,02,02-Jan-2013,3-Jan-13,0.0685
2013,Jan,03,03-Jan-2013,4-Jan-13,0.0685
2013,Jan,04,04-Jan-2013,7-Jan-13,0.0683
2013,Jan,07,07-Jan-2013,8-Jan-13,0.0682
2013,Jan,08,08-Jan-2013,9-Jan-13,0.0681
2013,Jan,09,09-Jan-2013,10-Jan-13,0.0681
2013,Jan,10,10-Jan-2013,11-Jan-13,0.0681
2013,Jan,11,11-Jan-2013,14-Jan-13,0.0679
2013,Jan,14,14-Jan-2013,15-Jan-13,0.0678
2013,Jan,15,15-Jan-2013,16-Jan-13,0.0678
2013,Jan,16,16-Jan-2013,17-Jan-13,0.0678
2013,Jan,17,17-Jan-2013,18-Jan-13,0.0677
2013,Jan,18,18-Jan-2013,21-Jan-13,0.0677
2013,Jan,21,21-Jan-2013,22-Jan-13,0.0677
2013,Jan,22,22-Jan-2013,23-Jan-13,0.0677
2013,Jan,23,23-Jan-2013,24-Jan-13,0.068
2013,Jan,24,24-Jan-2013,25-Jan-13,0.0678
2013,Jan,25,25-Jan-2013,28-Jan-13,0.0667
2013,Jan,28,28-Jan-2013,29-Jan-13,0.0663
2013,Jan,29,29-Jan-2013,30-Jan-13,0.0659
2013,Jan,30,30-Jan-2013,31-Jan-13,0.0654
2013,Jan,31,31-Jan-2013,1-Feb-13,0.065
2013,Feb,01,01-Feb-2013,4-Feb-13,0.065
2013,Feb,04,04-Feb-2013,5-Feb-13,0.0652
2013,Feb,05,05-Feb-2013,6-Feb-13,0.0651
2013,Feb,06,06-Feb-2013,7-Feb-13,0.0649
2013,Feb,07,07-Feb-2013,8-Feb-13,0.0648
2013,Feb,08,08-Feb-2013,13-Feb-13,0.0648
2013,Feb,13,13-Feb-2013,14-Feb-13,0.0648
2013,Feb,14,14-Feb-2013,15-Feb-13,0.0648
2013,Feb,15,15-Feb-2013,18-Feb-13,0.0647
2013,Feb,18,18-Feb-2013,19-Feb-13,0.0646
2013,Feb,19,19-Feb-2013,20-Feb-13,0.0645
2013,Feb,20,20-Feb-2013,21-Feb-13,0.0643
2013,Feb,21,21-Feb-2013,22-Feb-13,0.064
2013,Feb,22,22-Feb-2013,25-Feb-13,0.0633
2013,Feb,25,25-Feb-2013,26-Feb-13,0.063
2013,Feb,26,26-Feb-2013,27-Feb-13,0.0627
2013,Feb,27,27-Feb-2013,28-Feb-13,0.0626
2013,Feb,28,28-Feb-2013,1-Mar-13,0.0628
2013,Mar,01,01-Mar-2013,4-Mar-13,0.0626
2013,Mar,04,04-Mar-2013,5-Mar-13,0.0625
2013,Mar,05,05-Mar-2013,6-Mar-13,0.0624
2013,Mar,06,06-Mar-2013,7-Mar-13,0.0625
2013,Mar,07,07-Mar-2013,8-Mar-13,0.0623
2013,Mar,08,08-Mar-2013,11-Mar-13,0.0618
2013,Mar,11,11-Mar-2013,12-Mar-13,0.0616
2013,Mar,12,12-Mar-2013,13-Mar-13,0.0614
2013,Mar,13,13-Mar-2013,14-Mar-13,0.0613
2013,Mar,14,14-Mar-2013,15-Mar-13,0.0611
2013,Mar,15,15-Mar-2013,18-Mar-13,0.0608
2013,Mar,18,18-Mar-2013,19-Mar-13,0.0608
2013,Mar,19,19-Mar-2013,20-Mar-13,0.0609
2013,Mar,20,20-Mar-2013,21-Mar-13,0.0612
2013,Mar,21,21-Mar-2013,22-Mar-13,0.0612
2013,Mar,22,22-Mar-2013,25-Mar-13,0.0618
2013,Mar,25,25-Mar-2013,26-Mar-13,0.061
2013,Mar,26,26-Mar-2013,27-Mar-13,0.0602
2013,Mar,27,27-Mar-2013,28-Mar-13,0.0588
2013,Mar,28,28-Mar-2013,1-Apr-13,0.0544
2013,Apr,01,01-Apr-2013,2-Apr-13,0.0533
2013,Apr,02,02-Apr-2013,3-Apr-13,0.053
2013,Apr,03,03-Apr-2013,4-Apr-13,0.053
2013,Apr,04,04-Apr-2013,5-Apr-13,0.053
2013,Apr,05,05-Apr-2013,8-Apr-13,0.0532
2013,Apr,08,08-Apr-2013,9-Apr-13,0.0532
2013,Apr,09,09-Apr-2013,10-Apr-13,0.0532
2013,Apr,10,10-Apr-2013,11-Apr-13,0.0534
2013,Apr,11,11-Apr-2013,12-Apr-13,0.0535
2013,Apr,12,12-Apr-2013,15-Apr-13,0.0536
2013,Apr,15,15-Apr-2013,16-Apr-13,0.0536
2013,Apr,16,16-Apr-2013,17-Apr-13,0.0536
2013,Apr,17,17-Apr-2013,18-Apr-13,0.0535
2013,Apr,18,18-Apr-2013,19-Apr-13,0.0535
2013,Apr,19,19-Apr-2013,22-Apr-13,0.0535
2013,Apr,22,22-Apr-2013,23-Apr-13,0.0534
2013,Apr,23,23-Apr-2013,24-Apr-13,0.0531
2013,Apr,24,24-Apr-2013,25-Apr-13,0.0525
2013,Apr,25,25-Apr-2013,26-Apr-13,0.0517
2013,Apr,26,26-Apr-2013,29-Apr-13,0.0497
2013,Apr,29,29-Apr-2013,30-Apr-13,0.0496
2013,Apr,30,30-Apr-2013,2-May-13,0.0502
2013,May,02,02-May-2013,3-May-13,0.0503
2013,May,03,03-May-2013,6-May-13,0.0508
2013,May,06,06-May-2013,7-May-13,0.0511
2013,May,07,07-May-2013,8-May-13,0.0511
2013,May,08,08-May-2013,9-May-13,0.0512
2013,May,09,09-May-2013,10-May-13,0.0511
2013,May,10,10-May-2013,13-May-13,0.0509
2013,May,13,13-May-2013,14-May-13,0.0509
2013,May,14,14-May-2013,15-May-13,0.0505
2013,May,15,15-May-2013,16-May-13,0.0497
2013,May,16,16-May-2013,17-May-13,0.0491
2013,May,17,17-May-2013,20-May-13,0.0484
2013,May,20,20-May-2013,21-May-13,0.0486
2013,May,21,21-May-2013,22-May-13,0.049
2013,May,22,22-May-2013,23-May-13,0.0494
2013,May,23,23-May-2013,27-May-13,0.0515
2013,May,27,27-May-2013,28-May-13,0.0516
2013,May,28,28-May-2013,29-May-13,0.0517
2013,May,29,29-May-2013,30-May-13,0.0516
2013,May,30,30-May-2013,31-May-13,0.0518
2013,May,31,31-May-2013,3-Jun-13,0.051
2013,Jun,03,03-Jun-2013,4-Jun-13,0.0507
2013,Jun,04,04-Jun-2013,5-Jun-13,0.0503
2013,Jun,05,05-Jun-2013,6-Jun-13,0.0502
2013,Jun,06,06-Jun-2013,7-Jun-13,0.0502
2013,Jun,07,07-Jun-2013,10-Jun-13,0.0501
2013,Jun,10,10-Jun-2013,11-Jun-13,0.05
2013,Jun,11,11-Jun-2013,12-Jun-13,0.0501
2013,Jun,12,12-Jun-2013,13-Jun-13,0.05
2013,Jun,13,13-Jun-2013,14-Jun-13,0.0501
2013,Jun,14,14-Jun-2013,17-Jun-13,0.0499
2013,Jun,17,17-Jun-2013,18-Jun-13,0.0494
2013,Jun,18,18-Jun-2013,19-Jun-13,0.0492
2013,Jun,19,19-Jun-2013,20-Jun-13,0.0491
2013,Jun,20,20-Jun-2013,21-Jun-13,0.0493
2013,Jun,21,21-Jun-2013,24-Jun-13,0.0498
2013,Jun,24,24-Jun-2013,25-Jun-13,0.0498
2013,Jun,25,25-Jun-2013,26-Jun-13,0.0497
2013,Jun,26,26-Jun-2013,27-Jun-13,0.0494
2013,Jun,27,27-Jun-2013,28-Jun-13,0.0492
2013,Jun,28,28-Jun-2013,1-Jul-13,0.0489
2013,Jul,01,01-Jul-2013,2-Jul-13,0.0491
2013,Jul,02,02-Jul-2013,3-Jul-13,0.0493
2013,Jul,03,03-Jul-2013,4-Jul-13,0.0496
2013,Jul,04,04-Jul-2013,5-Jul-13,0.0498
2013,Jul,05,05-Jul-2013,8-Jul-13,0.05
2013,Jul,08,08-Jul-2013,9-Jul-13,0.05
2013,Jul,09,09-Jul-2013,10-Jul-13,0.0501
2013,Jul,10,10-Jul-2013,11-Jul-13,0.0501
2013,Jul,11,11-Jul-2013,12-Jul-13,0.0501
2013,Jul,12,12-Jul-2013,15-Jul-13,0.0505
2013,Jul,15,15-Jul-2013,16-Jul-13,0.0505
2013,Jul,16,16-Jul-2013,17-Jul-13,0.0506
2013,Jul,17,17-Jul-2013,18-Jul-13,0.0506
2013,Jul,18,18-Jul-2013,19-Jul-13,0.0505
2013,Jul,19,19-Jul-2013,22-Jul-13,0.0504
2013,Jul,22,22-Jul-2013,23-Jul-13,0.0502
2013,Jul,23,23-Jul-2013,24-Jul-13,0.0499
2013,Jul,24,24-Jul-2013,25-Jul-13,0.0499
2013,Jul,25,25-Jul-2013,26-Jul-13,0.05
2013,Jul,26,26-Jul-2013,29-Jul-13,0.05
2013,Jul,29,29-Jul-2013,30-Jul-13,0.0502
2013,Jul,30,30-Jul-2013,31-Jul-13,0.0502
2013,Jul,31,31-Jul-2013,1-Aug-13,0.0501
2013,Aug,01,01-Aug-2013,2-Aug-13,0.0499
2013,Aug,02,02-Aug-2013,5-Aug-13,0.0494
2013,Aug,05,05-Aug-2013,6-Aug-13,0.0494
2013,Aug,06,06-Aug-2013,7-Aug-13,0.0495
2013,Aug,07,07-Aug-2013,12-Aug-13,0.0491
2013,Aug,12,12-Aug-2013,13-Aug-13,0.0489
2013,Aug,13,13-Aug-2013,14-Aug-13,0.0486
2013,Aug,14,14-Aug-2013,15-Aug-13,0.0483
2013,Aug,15,15-Aug-2013,16-Aug-13,0.048
2013,Aug,16,16-Aug-2013,19-Aug-13,0.0474
2013,Aug,19,19-Aug-2013,20-Aug-13,0.0473
2013,Aug,20,20-Aug-2013,21-Aug-13,0.0474
2013,Aug,21,21-Aug-2013,22-Aug-13,0.0476
2013,Aug,22,22-Aug-2013,23-Aug-13,0.0477
2013,Aug,23,23-Aug-2013,26-Aug-13,0.0482
2013,Aug,26,26-Aug-2013,27-Aug-13,0.0482
2013,Aug,27,27-Aug-2013,28-Aug-13,0.0481
2013,Aug,28,28-Aug-2013,29-Aug-13,0.0481
2013,Aug,29,29-Aug-2013,30-Aug-13,0.0481
2013,Aug,30,30-Aug-2013,2-Sep-13,0.0476
2013,Sep,02,02-Sep-2013,3-Sep-13,0.0475
2013,Sep,03,03-Sep-2013,4-Sep-13,0.0473
2013,Sep,04,04-Sep-2013,5-Sep-13,0.0473
2013,Sep,05,05-Sep-2013,6-Sep-13,0.0472
2013,Sep,06,06-Sep-2013,9-Sep-13,0.0469
2013,Sep,09,09-Sep-2013,10-Sep-13,0.0469
2013,Sep,10,10-Sep-2013,11-Sep-13,0.0469
2013,Sep,11,11-Sep-2013,12-Sep-13,0.0469
2013,Sep,12,12-Sep-2013,13-Sep-13,0.0469
2013,Sep,13,13-Sep-2013,16-Sep-13,0.0471
2013,Sep,16,16-Sep-2013,17-Sep-13,0.047
2013,Sep,17,17-Sep-2013,18-Sep-13,0.047
2013,Sep,18,18-Sep-2013,19-Sep-13,0.0469
2013,Sep,19,19-Sep-2013,20-Sep-13,0.0466
2013,Sep,20,20-Sep-2013,23-Sep-13,0.0455
2013,Sep,23,23-Sep-2013,24-Sep-13,0.0451
2013,Sep,24,24-Sep-2013,25-Sep-13,0.0446
2013,Sep,25,25-Sep-2013,26-Sep-13,0.0445
2013,Sep,26,26-Sep-2013,27-Sep-13,0.0444
2013,Sep,27,27-Sep-2013,30-Sep-13,0.0444
2013,Sep,30,30-Sep-2013,1-Oct-13,0.0445
2013,Oct,01,01-Oct-2013,2-Oct-13,0.0445
2013,Oct,02,02-Oct-2013,3-Oct-13,0.0447
2013,Oct,03,03-Oct-2013,4-Oct-13,0.045
2013,Oct,04,04-Oct-2013,7-Oct-13,0.0466
2013,Oct,07,07-Oct-2013,8-Oct-13,0.0472
2013,Oct,08,08-Oct-2013,9-Oct-13,0.0475
2013,Oct,09,09-Oct-2013,10-Oct-13,0.0478
2013,Oct,10,10-Oct-2013,11-Oct-13,0.0481
2013,Oct,11,11-Oct-2013,14-Oct-13,0.0496
2013,Oct,14,14-Oct-2013,16-Oct-13,0.0513
2013,Oct,16,16-Oct-2013,17-Oct-13,0.0514
2013,Oct,17,17-Oct-2013,18-Oct-13,0.0515
2013,Oct,18,18-Oct-2013,21-Oct-13,0.052
2013,Oct,21,21-Oct-2013,22-Oct-13,0.0519
2013,Oct,22,22-Oct-2013,23-Oct-13,0.0519
2013,Oct,23,23-Oct-2013,24-Oct-13,0.052
2013,Oct,24,24-Oct-2013,25-Oct-13,0.0519
2013,Oct,25,25-Oct-2013,28-Oct-13,0.0517
2013,Oct,28,28-Oct-2013,29-Oct-13,0.0517
2013,Oct,29,29-Oct-2013,30-Oct-13,0.0515
2013,Oct,30,30-Oct-2013,31-Oct-13,0.0515
2013,Oct,31,31-Oct-2013,1-Nov-13,0.0511
2013,Nov,01,01-Nov-2013,4-Nov-13,0.0501
2013,Nov,04,04-Nov-2013,5-Nov-13,0.0498
2013,Nov,05,05-Nov-2013,6-Nov-13,0.0495
2013,Nov,06,06-Nov-2013,7-Nov-13,0.0491
2013,Nov,07,07-Nov-2013,8-Nov-13,0.0491
2013,Nov,08,08-Nov-2013,11-Nov-13,0.0493
2013,Nov,11,11-Nov-2013,12-Nov-13,0.0495
2013,Nov,12,12-Nov-2013,13-Nov-13,0.0504
2013,Nov,13,13-Nov-2013,14-Nov-13,0.0524
2013,Nov,14,14-Nov-2013,15-Nov-13,0.0528
2013,Nov,15,15-Nov-2013,18-Nov-13,0.0528
2013,Nov,18,18-Nov-2013,19-Nov-13,0.0529
2013,Nov,19,19-Nov-2013,20-Nov-13,0.0532
2013,Nov,20,20-Nov-2013,21-Nov-13,0.0533
2013,Nov,21,21-Nov-2013,22-Nov-13,0.053
2013,Nov,22,22-Nov-2013,25-Nov-13,0.0516
2013,Nov,25,25-Nov-2013,26-Nov-13,0.0511
2013,Nov,26,26-Nov-2013,27-Nov-13,0.0506
2013,Nov,27,27-Nov-2013,28-Nov-13,0.0503
2013,Nov,28,28-Nov-2013,29-Nov-13,0.0502
2013,Nov,29,29-Nov-2013,2-Dec-13,0.0499
2013,Dec,02,02-Dec-2013,3-Dec-13,0.0498
2013,Dec,03,03-Dec-2013,4-Dec-13,0.05
2013,Dec,04,04-Dec-2013,5-Dec-13,0.0503
2013,Dec,05,05-Dec-2013,6-Dec-13,0.0505
2013,Dec,06,06-Dec-2013,9-Dec-13,0.0508
2013,Dec,09,09-Dec-2013,10-Dec-13,0.0509
2013,Dec,10,10-Dec-2013,11-Dec-13,0.0509
2013,Dec,11,11-Dec-2013,12-Dec-13,0.051
2013,Dec,12,12-Dec-2013,13-Dec-13,0.0509
2013,Dec,13,13-Dec-2013,16-Dec-13,0.0509
2013,Dec,16,16-Dec-2013,17-Dec-13,0.051
2013,Dec,17,17-Dec-2013,18-Dec-13,0.051
2013,Dec,18,18-Dec-2013,19-Dec-13,0.0511
2013,Dec,19,19-Dec-2013,20-Dec-13,0.0511
2013,Dec,20,20-Dec-2013,23-Dec-13,0.0514
2013,Dec,23,23-Dec-2013,24-Dec-13,0.0516
2013,Dec,24,24-Dec-2013,26-Dec-13,0.052
2013,Dec,26,26-Dec-2013,27-Dec-13,0.0519
2013,Dec,27,27-Dec-2013,30-Dec-13,0.0516
2013,Dec,30,30-Dec-2013,31-Dec-13,0.0515
2013,Dec,31,31-Dec-2013,2-Jan-14,0.0516
2014,Jan,02,02-Jan-2014,3-Jan-14,0.0515
2014,Jan,03,03-Jan-2014,6-Jan-14,0.051
2014,Jan,06,06-Jan-2014,7-Jan-14,0.051
2014,Jan,07,07-Jan-2014,8-Jan-14,0.051
2014,Jan,08,08-Jan-2014,9-Jan-14,0.0511
2014,Jan,09,09-Jan-2014,10-Jan-14,0.0511
2014,Jan,10,10-Jan-2014,13-Jan-14,0.0512
2014,Jan,13,13-Jan-2014,14-Jan-14,0.0512
2014,Jan,14,14-Jan-2014,15-Jan-14,0.0512
2014,Jan,15,15-Jan-2014,16-Jan-14,0.0512
2014,Jan,16,16-Jan-2014,17-Jan-14,0.0512
2014,Jan,17,17-Jan-2014,20-Jan-14,0.0514
2014,Jan,20,20-Jan-2014,21-Jan-14,0.0514
2014,Jan,21,21-Jan-2014,22-Jan-14,0.0514
2014,Jan,22,22-Jan-2014,23-Jan-14,0.0515
2014,Jan,23,23-Jan-2014,24-Jan-14,0.0515
2014,Jan,24,24-Jan-2014,27-Jan-14,0.0516
2014,Jan,27,27-Jan-2014,28-Jan-14,0.0516
2014,Jan,28,28-Jan-2014,29-Jan-14,0.0517
2014,Jan,29,29-Jan-2014,30-Jan-14,0.0516
2014,Jan,30,30-Jan-2014,3-Feb-14,0.0517
2014,Feb,03,03-Feb-2014,4-Feb-14,0.0519
2014,Feb,04,04-Feb-2014,5-Feb-14,0.0518
2014,Feb,05,05-Feb-2014,6-Feb-14,0.0518
2014,Feb,06,06-Feb-2014,7-Feb-14,0.0516
2014,Feb,07,07-Feb-2014,10-Feb-14,0.0514
2014,Feb,10,10-Feb-2014,11-Feb-14,0.0513
2014,Feb,11,11-Feb-2014,12-Feb-14,0.0512
2014,Feb,12,12-Feb-2014,13-Feb-14,0.051
2014,Feb,13,13-Feb-2014,14-Feb-14,0.0511
2014,Feb,14,14-Feb-2014,17-Feb-14,0.0511
2014,Feb,17,17-Feb-2014,18-Feb-14,0.0511
2014,Feb,18,18-Feb-2014,19-Feb-14,0.0512
2014,Feb,19,19-Feb-2014,20-Feb-14,0.0514
2014,Feb,20,20-Feb-2014,21-Feb-14,0.0513
2014,Feb,21,21-Feb-2014,24-Feb-14,0.0507
2014,Feb,24,24-Feb-2014,25-Feb-14,0.0505
2014,Feb,25,25-Feb-2014,26-Feb-14,0.0503
2014,Feb,26,26-Feb-2014,27-Feb-14,0.0502
2014,Feb,27,27-Feb-2014,28-Feb-14,0.0505
2014,Feb,28,28-Feb-2014,3-Mar-14,0.0525
2014,Mar,03,03-Mar-2014,4-Mar-14,0.0528
2014,Mar,04,04-Mar-2014,5-Mar-14,0.053
2014,Mar,05,05-Mar-2014,6-Mar-14,0.0532
2014,Mar,06,06-Mar-2014,7-Mar-14,0.0534
2014,Mar,07,07-Mar-2014,10-Mar-14,0.0537
2014,Mar,10,10-Mar-2014,11-Mar-14,0.0538
2014,Mar,11,11-Mar-2014,12-Mar-14,0.0541
2014,Mar,12,12-Mar-2014,13-Mar-14,0.0544
2014,Mar,13,13-Mar-2014,14-Mar-14,0.0546
2014,Mar,14,14-Mar-2014,17-Mar-14,0.0548
2014,Mar,17,17-Mar-2014,18-Mar-14,0.0549
2014,Mar,18,18-Mar-2014,19-Mar-14,0.0551
2014,Mar,19,19-Mar-2014,20-Mar-14,0.0553
2014,Mar,20,20-Mar-2014,21-Mar-14,0.0555
2014,Mar,21,21-Mar-2014,24-Mar-14,0.0559
2014,Mar,24,24-Mar-2014,25-Mar-14,0.0562
2014,Mar,25,25-Mar-2014,26-Mar-14,0.0565
2014,Mar,26,26-Mar-2014,27-Mar-14,0.0568
2014,Mar,27,27-Mar-2014,28-Mar-14,0.0572
2014,Mar,28,28-Mar-2014,31-Mar-14,0.0598
2014,Mar,31,31-Mar-2014,1-Apr-14,0.0606
2014,Apr,01,01-Apr-2014,2-Apr-14,0.0609
2014,Apr,02,02-Apr-2014,3-Apr-14,0.061
2014,Apr,03,03-Apr-2014,4-Apr-14,0.0608
2014,Apr,04,04-Apr-2014,7-Apr-14,0.0595
2014,Apr,07,07-Apr-2014,8-Apr-14,0.0588
2014,Apr,08,08-Apr-2014,9-Apr-14,0.0585
2014,Apr,09,09-Apr-2014,10-Apr-14,0.0582
2014,Apr,10,10-Apr-2014,11-Apr-14,0.0577
2014,Apr,11,11-Apr-2014,14-Apr-14,0.0565
2014,Apr,14,14-Apr-2014,15-Apr-14,0.0557
2014,Apr,15,15-Apr-2014,16-Apr-14,0.0549
2014,Apr,16,16-Apr-2014,17-Apr-14,0.055
2014,Apr,17,17-Apr-2014,21-Apr-14,0.0549
2014,Apr,21,21-Apr-2014,22-Apr-14,0.0551
2014,Apr,22,22-Apr-2014,23-Apr-14,0.0554
2014,Apr,23,23-Apr-2014,24-Apr-14,0.0557
2014,Apr,24,24-Apr-2014,25-Apr-14,0.0561
2014,Apr,25,25-Apr-2014,28-Apr-14,0.0566
2014,Apr,28,28-Apr-2014,29-Apr-14,0.0568
2014,Apr,29,29-Apr-2014,30-Apr-14,0.057
2014,Apr,30,30-Apr-2014,2-May-14,0.0586
2014,May,02,02-May-2014,5-May-14,0.0599
2014,May,05,05-May-2014,6-May-14,0.0601
2014,May,06,06-May-2014,7-May-14,0.0605
2014,May,07,07-May-2014,8-May-14,0.0608
2014,May,08,08-May-2014,9-May-14,0.061
2014,May,09,09-May-2014,12-May-14,0.0614
2014,May,12,12-May-2014,14-May-14,0.0594
2014,May,14,14-May-2014,15-May-14,0.0594
2014,May,15,15-May-2014,16-May-14,0.0596
2014,May,16,16-May-2014,19-May-14,0.0596
2014,May,19,19-May-2014,20-May-14,0.0593
2014,May,20,20-May-2014,21-May-14,0.0591
2014,May,21,21-May-2014,22-May-14,0.0593
2014,May,22,22-May-2014,23-May-14,0.0596
2014,May,23,23-May-2014,26-May-14,0.06
2014,May,26,26-May-2014,27-May-14,0.06
2014,May,27,27-May-2014,28-May-14,0.0602
2014,May,28,28-May-2014,29-May-14,0.0607
2014,May,29,29-May-2014,30-May-14,0.0611
2014,May,30,30-May-2014,2-Jun-14,0.0628
2014,Jun,02,02-Jun-2014,3-Jun-14,0.063
2014,Jun,03,03-Jun-2014,4-Jun-14,0.0629
2014,Jun,04,04-Jun-2014,5-Jun-14,0.0625
2014,Jun,05,05-Jun-2014,6-Jun-14,0.0623
2014,Jun,06,06-Jun-2014,9-Jun-14,0.0621
2014,Jun,09,09-Jun-2014,10-Jun-14,0.0622
2014,Jun,10,10-Jun-2014,11-Jun-14,0.0622
2014,Jun,11,11-Jun-2014,12-Jun-14,0.0621
2014,Jun,12,12-Jun-2014,13-Jun-14,0.0622
2014,Jun,13,13-Jun-2014,16-Jun-14,0.0622
2014,Jun,16,16-Jun-2014,17-Jun-14,0.0623
2014,Jun,17,17-Jun-2014,18-Jun-14,0.0623
2014,Jun,18,18-Jun-2014,19-Jun-14,0.0623
2014,Jun,19,19-Jun-2014,20-Jun-14,0.0623
2014,Jun,20,20-Jun-2014,23-Jun-14,0.0629
2014,Jun,23,23-Jun-2014,24-Jun-14,0.0629
2014,Jun,24,24-Jun-2014,25-Jun-14,0.063
2014,Jun,25,25-Jun-2014,26-Jun-14,0.0634
2014,Jun,26,26-Jun-2014,27-Jun-14,0.0638
2014,Jun,27,27-Jun-2014,30-Jun-14,0.0645
2014,Jun,30,30-Jun-2014,1-Jul-14,0.0647
2014,Jul,01,01-Jul-2014,2-Jul-14,0.0646
2014,Jul,02,02-Jul-2014,3-Jul-14,0.0646
2014,Jul,03,03-Jul-2014,4-Jul-14,0.0647
2014,Jul,04,04-Jul-2014,7-Jul-14,0.0647
2014,Jul,07,07-Jul-2014,8-Jul-14,0.0648
2014,Jul,08,08-Jul-2014,9-Jul-14,0.0648
2014,Jul,09,09-Jul-2014,10-Jul-14,0.0647
2014,Jul,10,10-Jul-2014,11-Jul-14,0.0647
2014,Jul,11,11-Jul-2014,14-Jul-14,0.0647
2014,Jul,14,14-Jul-2014,15-Jul-14,0.0647
2014,Jul,15,15-Jul-2014,16-Jul-14,0.0648
2014,Jul,16,16-Jul-2014,17-Jul-14,0.0651
2014,Jul,17,17-Jul-2014,18-Jul-14,0.0654
2014,Jul,18,18-Jul-2014,21-Jul-14,0.0671
2014,Jul,21,21-Jul-2014,22-Jul-14,0.0674
2014,Jul,22,22-Jul-2014,23-Jul-14,0.0674
2014,Jul,23,23-Jul-2014,24-Jul-14,0.0672
2014,Jul,24,24-Jul-2014,25-Jul-14,0.0672
2014,Jul,25,25-Jul-2014,29-Jul-14,0.0673
2014,Jul,29,29-Jul-2014,30-Jul-14,0.0672
2014,Jul,30,30-Jul-2014,31-Jul-14,0.0673
2014,Jul,31,31-Jul-2014,1-Aug-14,0.0675
2014,Aug,01,01-Aug-2014,4-Aug-14,0.0679
2014,Aug,04,04-Aug-2014,5-Aug-14,0.068
2014,Aug,05,05-Aug-2014,6-Aug-14,0.0681
2014,Aug,06,06-Aug-2014,7-Aug-14,0.0683
2014,Aug,07,07-Aug-2014,8-Aug-14,0.0683
2014,Aug,08,08-Aug-2014,11-Aug-14,0.0687
2014,Aug,11,11-Aug-2014,12-Aug-14,0.0688
2014,Aug,12,12-Aug-2014,13-Aug-14,0.069
2014,Aug,13,13-Aug-2014,14-Aug-14,0.0691
2014,Aug,14,14-Aug-2014,15-Aug-14,0.0692
2014,Aug,15,15-Aug-2014,18-Aug-14,0.0697
2014,Aug,18,18-Aug-2014,19-Aug-14,0.0698
2014,Aug,19,19-Aug-2014,20-Aug-14,0.0699
2014,Aug,20,20-Aug-2014,21-Aug-14,0.0702
2014,Aug,21,21-Aug-2014,22-Aug-14,0.0707
2014,Aug,22,22-Aug-2014,25-Aug-14,0.0729
2014,Aug,25,25-Aug-2014,26-Aug-14,0.0732
2014,Aug,26,26-Aug-2014,27-Aug-14,0.0737
2014,Aug,27,27-Aug-2014,28-Aug-14,0.0738
2014,Aug,28,28-Aug-2014,29-Aug-14,0.0745
2014,Aug,29,29-Aug-2014,1-Sep-14,0.0757
2014,Sep,01,01-Sep-2014,2-Sep-14,0.076
2014,Sep,02,02-Sep-2014,3-Sep-14,0.0759
2014,Sep,03,03-Sep-2014,4-Sep-14,0.0761
2014,Sep,04,04-Sep-2014,5-Sep-14,0.0764
2014,Sep,05,05-Sep-2014,8-Sep-14,0.0767
2014,Sep,08,08-Sep-2014,9-Sep-14,0.0768
2014,Sep,09,09-Sep-2014,10-Sep-14,0.0769
2014,Sep,10,10-Sep-2014,11-Sep-14,0.077
2014,Sep,11,11-Sep-2014,12-Sep-14,0.0768
2014,Sep,12,12-Sep-2014,15-Sep-14,0.0772
2014,Sep,15,15-Sep-2014,16-Sep-14,0.0774
2014,Sep,16,16-Sep-2014,17-Sep-14,0.0778
2014,Sep,17,17-Sep-2014,18-Sep-14,0.0778
2014,Sep,18,18-Sep-2014,19-Sep-14,0.0777
2014,Sep,19,19-Sep-2014,22-Sep-14,0.078
2014,Sep,22,22-Sep-2014,23-Sep-14,0.0781
2014,Sep,23,23-Sep-2014,24-Sep-14,0.0781
2014,Sep,24,24-Sep-2014,25-Sep-14,0.0782
2014,Sep,25,25-Sep-2014,26-Sep-14,0.0783
2014,Sep,26,26-Sep-2014,29-Sep-14,0.0785
2014,Sep,29,29-Sep-2014,30-Sep-14,0.0778
2014,Sep,30,30-Sep-2014,1-Oct-14,0.0765
2014,Oct,01,01-Oct-2014,2-Oct-14,0.0765
2014,Oct,02,02-Oct-2014,3-Oct-14,0.0765
2014,Oct,03,03-Oct-2014,7-Oct-14,0.0773
2014,Oct,07,07-Oct-2014,8-Oct-14,0.0774
2014,Oct,08,08-Oct-2014,9-Oct-14,0.0775
2014,Oct,09,09-Oct-2014,10-Oct-14,0.0777
2014,Oct,10,10-Oct-2014,13-Oct-14,0.0778
2014,Oct,13,13-Oct-2014,14-Oct-14,0.0779
2014,Oct,14,14-Oct-2014,15-Oct-14,0.0781
2014,Oct,15,15-Oct-2014,16-Oct-14,0.0784
2014,Oct,16,16-Oct-2014,17-Oct-14,0.0784
2014,Oct,17,17-Oct-2014,20-Oct-14,0.0785
2014,Oct,20,20-Oct-2014,21-Oct-14,0.0785
2014,Oct,21,21-Oct-2014,23-Oct-14,0.0785
2014,Oct,23,23-Oct-2014,24-Oct-14,0.0784
2014,Oct,24,24-Oct-2014,27-Oct-14,0.0787
2014,Oct,27,27-Oct-2014,28-Oct-14,0.0787
2014,Oct,28,28-Oct-2014,29-Oct-14,0.0787
2014,Oct,29,29-Oct-2014,30-Oct-14,0.0787
2014,Oct,30,30-Oct-2014,31-Oct-14,0.0787
2014,Oct,31,31-Oct-2014,3-Nov-14,0.0782
2014,Nov,03,03-Nov-2014,4-Nov-14,0.0788
2014,Nov,04,04-Nov-2014,5-Nov-14,0.0791
2014,Nov,05,05-Nov-2014,6-Nov-14,0.0796
2014,Nov,06,06-Nov-2014,7-Nov-14,0.0804
2014,Nov,07,07-Nov-2014,10-Nov-14,0.0813
2014,Nov,10,10-Nov-2014,11-Nov-14,0.0815
2014,Nov,11,11-Nov-2014,12-Nov-14,0.0817
2014,Nov,12,12-Nov-2014,13-Nov-14,0.0815
2014,Nov,13,13-Nov-2014,14-Nov-14,0.0812
2014,Nov,14,14-Nov-2014,17-Nov-14,0.0813
2014,Nov,17,17-Nov-2014,18-Nov-14,0.0814
2014,Nov,18,18-Nov-2014,19-Nov-14,0.0816
2014,Nov,19,19-Nov-2014,20-Nov-14,0.0819
2014,Nov,20,20-Nov-2014,21-Nov-14,0.0823
2014,Nov,21,21-Nov-2014,24-Nov-14,0.0831
2014,Nov,24,24-Nov-2014,25-Nov-14,0.0835
2014,Nov,25,25-Nov-2014,26-Nov-14,0.084
2014,Nov,26,26-Nov-2014,27-Nov-14,0.0843
2014,Nov,27,27-Nov-2014,28-Nov-14,0.0846
2014,Nov,28,28-Nov-2014,1-Dec-14,0.0854
2014,Dec,01,01-Dec-2014,2-Dec-14,0.0851
2014,Dec,02,02-Dec-2014,3-Dec-14,0.0852
2014,Dec,03,03-Dec-2014,4-Dec-14,0.0855
2014,Dec,04,04-Dec-2014,5-Dec-14,0.0859
2014,Dec,05,05-Dec-2014,8-Dec-14,0.0873
2014,Dec,08,08-Dec-2014,9-Dec-14,0.0881
2014,Dec,09,09-Dec-2014,10-Dec-14,0.0888
2014,Dec,10,10-Dec-2014,11-Dec-14,0.0893
2014,Dec,11,11-Dec-2014,12-Dec-14,0.0895
2014,Dec,12,12-Dec-2014,15-Dec-14,0.09
2014,Dec,15,15-Dec-2014,16-Dec-14,0.0903
2014,Dec,16,16-Dec-2014,17-Dec-14,0.0905
2014,Dec,17,17-Dec-2014,18-Dec-14,0.0908
2014,Dec,18,18-Dec-2014,19-Dec-14,0.0917
2014,Dec,19,19-Dec-2014,22-Dec-14,0.0953
2014,Dec,22,22-Dec-2014,23-Dec-14,0.0959
2014,Dec,23,23-Dec-2014,24-Dec-14,0.0963
2014,Dec,24,24-Dec-2014,26-Dec-14,0.0954
2014,Dec,26,26-Dec-2014,29-Dec-14,0.0961
2014,Dec,29,29-Dec-2014,30-Dec-14,0.097
2014,Dec,30,30-Dec-2014,31-Dec-14,0.0978
2014,Dec,31,31-Dec-2014,2-Jan-15,0.0999
2015,Jan,02,02-Jan-2015,5-Jan-15,0.1021
2015,Jan,05,05-Jan-2015,6-Jan-15,0.1035
2015,Jan,06,06-Jan-2015,7-Jan-15,0.1043
2015,Jan,07,07-Jan-2015,8-Jan-15,0.1047
2015,Jan,08,08-Jan-2015,9-Jan-15,0.1049
2015,Jan,09,09-Jan-2015,12-Jan-15,0.1066
2015,Jan,12,12-Jan-2015,13-Jan-15,0.1071
2015,Jan,13,13-Jan-2015,14-Jan-15,0.1075
2015,Jan,14,14-Jan-2015,15-Jan-15,0.1077
2015,Jan,15,15-Jan-2015,16-Jan-15,0.108
2015,Jan,16,16-Jan-2015,19-Jan-15,0.1069
2015,Jan,19,19-Jan-2015,20-Jan-15,0.1064
2015,Jan,20,20-Jan-2015,21-Jan-15,0.106
2015,Jan,21,21-Jan-2015,22-Jan-15,0.1056
2015,Jan,22,22-Jan-2015,23-Jan-15,0.1058
2015,Jan,23,23-Jan-2015,26-Jan-15,0.1062
2015,Jan,26,26-Jan-2015,27-Jan-15,0.1064
2015,Jan,27,27-Jan-2015,28-Jan-15,0.1068
2015,Jan,28,28-Jan-2015,29-Jan-15,0.1084
2015,Jan,29,29-Jan-2015,30-Jan-15,0.1097
2015,Jan,30,30-Jan-2015,2-Feb-15,0.1148
2015,Feb,02,02-Feb-2015,3-Feb-15,0.1158
2015,Feb,03,03-Feb-2015,4-Feb-15,0.1162
2015,Feb,04,04-Feb-2015,5-Feb-15,0.1167
2015,Feb,05,05-Feb-2015,6-Feb-15,0.1178
2015,Feb,06,06-Feb-2015,9-Feb-15,0.1201
2015,Feb,09,09-Feb-2015,10-Feb-15,0.1214
2015,Feb,10,10-Feb-2015,11-Feb-15,0.1226
2015,Feb,11,11-Feb-2015,12-Feb-15,0.1238
2015,Feb,12,12-Feb-2015,13-Feb-15,0.1248
2015,Feb,13,13-Feb-2015,16-Feb-15,0.1273
2015,Feb,16,16-Feb-2015,17-Feb-15,0.1279
2015,Feb,17,17-Feb-2015,18-Feb-15,0.1291
2015,Feb,18,18-Feb-2015,23-Feb-15,0.1397
2015,Feb,23,23-Feb-2015,24-Feb-15,0.1414
2015,Feb,24,24-Feb-2015,25-Feb-15,0.1428
2015,Feb,25,25-Feb-2015,26-Feb-15,0.1439
2015,Feb,26,26-Feb-2015,27-Feb-15,0.1448
2015,Feb,27,27-Feb-2015,2-Mar-15,0.1472
2015,Mar,02,02-Mar-2015,3-Mar-15,0.1488
2015,Mar,03,03-Mar-2015,4-Mar-15,0.1502
2015,Mar,04,04-Mar-2015,5-Mar-15,0.1509
2015,Mar,05,05-Mar-2015,6-Mar-15,0.1511
2015,Mar,06,06-Mar-2015,9-Mar-15,0.1526
2015,Mar,09,09-Mar-2015,10-Mar-15,0.1534
2015,Mar,10,10-Mar-2015,11-Mar-15,0.154
2015,Mar,11,11-Mar-2015,12-Mar-15,0.1547
2015,Mar,12,12-Mar-2015,13-Mar-15,0.1549
2015,Mar,13,13-Mar-2015,16-Mar-15,0.155
2015,Mar,16,16-Mar-2015,17-Mar-15,0.155
2015,Mar,17,17-Mar-2015,18-Mar-15,0.1557
2015,Mar,18,18-Mar-2015,19-Mar-15,0.1574
2015,Mar,19,19-Mar-2015,20-Mar-15,0.1593
2015,Mar,20,20-Mar-2015,23-Mar-15,0.1682
2015,Mar,23,23-Mar-2015,24-Mar-15,0.1709
2015,Mar,24,24-Mar-2015,25-Mar-15,0.1715
2015,Mar,25,25-Mar-2015,26-Mar-15,0.1716
2015,Mar,26,26-Mar-2015,27-Mar-15,0.172
2015,Mar,27,27-Mar-2015,30-Mar-15,0.1731
2015,Mar,30,30-Mar-2015,31-Mar-15,0.173
2015,Mar,31,31-Mar-2015,1-Apr-15,0.1742
2015,Apr,01,01-Apr-2015,2-Apr-15,0.175
2015,Apr,02,02-Apr-2015,6-Apr-15,0.1788
2015,Apr,06,06-Apr-2015,7-Apr-15,0.1808
2015,Apr,07,07-Apr-2015,8-Apr-15,0.1832
2015,Apr,08,08-Apr-2015,9-Apr-15,0.1851
2015,Apr,09,09-Apr-2015,10-Apr-15,0.1866
2015,Apr,10,10-Apr-2015,13-Apr-15,0.1895
2015,Apr,13,13-Apr-2015,14-Apr-15,0.1903
2015,Apr,14,14-Apr-2015,15-Apr-15,0.1906
2015,Apr,15,15-Apr-2015,16-Apr-15,0.1906
2015,Apr,16,16-Apr-2015,17-Apr-15,0.1905
2015,Apr,17,17-Apr-2015,20-Apr-15,0.1904
2015,Apr,20,20-Apr-2015,21-Apr-15,0.1906
2015,Apr,21,21-Apr-2015,22-Apr-15,0.1913
2015,Apr,22,22-Apr-2015,23-Apr-15,0.192
2015,Apr,23,23-Apr-2015,24-Apr-15,0.1929
2015,Apr,24,24-Apr-2015,27-Apr-15,0.196
2015,Apr,27,27-Apr-2015,28-Apr-15,0.1969
2015,Apr,28,28-Apr-2015,29-Apr-15,0.1985
2015,Apr,29,29-Apr-2015,30-Apr-15,0.1995
2015,Apr,30,30-Apr-2015,4-May-15,0.2021
2015,May,04,04-May-2015,5-May-15,0.2039
2015,May,05,05-May-2015,6-May-15,0.2057
2015,May,06,06-May-2015,7-May-15,0.2078
2015,May,07,07-May-2015,8-May-15,0.2099
2015,May,08,08-May-2015,11-May-15,0.2118
2015,May,11,11-May-2015,12-May-15,0.2118
2015,May,12,12-May-2015,13-May-15,0.2118
2015,May,13,13-May-2015,14-May-15,0.2116
2015,May,14,14-May-2015,15-May-15,0.2114
2015,May,15,15-May-2015,18-May-15,0.2112
2015,May,18,18-May-2015,19-May-15,0.2111
2015,May,19,19-May-2015,20-May-15,0.2109
2015,May,20,20-May-2015,21-May-15,0.2107
2015,May,21,21-May-2015,22-May-15,0.2107
2015,May,22,22-May-2015,25-May-15,0.2109
2015,May,25,25-May-2015,26-May-15,0.211
2015,May,26,26-May-2015,27-May-15,0.2116
2015,May,27,27-May-2015,28-May-15,0.2127
2015,May,28,28-May-2015,29-May-15,0.2128
2015,May,29,29-May-2015,2-Jun-15,0.2174
2015,Jun,02,02-Jun-2015,3-Jun-15,0.2188
2015,Jun,03,03-Jun-2015,4-Jun-15,0.2201
2015,Jun,04,04-Jun-2015,5-Jun-15,0.2207
2015,Jun,05,05-Jun-2015,8-Jun-15,0.2208
2015,Jun,08,08-Jun-2015,9-Jun-15,0.2203
2015,Jun,09,09-Jun-2015,10-Jun-15,0.2198
2015,Jun,10,10-Jun-2015,11-Jun-15,0.2195
2015,Jun,11,11-Jun-2015,12-Jun-15,0.2195
2015,Jun,12,12-Jun-2015,15-Jun-15,0.2194
2015,Jun,15,15-Jun-2015,16-Jun-15,0.2194
2015,Jun,16,16-Jun-2015,17-Jun-15,0.2193
2015,Jun,17,17-Jun-2015,18-Jun-15,0.2192
2015,Jun,18,18-Jun-2015,19-Jun-15,0.2185
2015,Jun,19,19-Jun-2015,22-Jun-15,0.2161
2015,Jun,22,22-Jun-2015,23-Jun-15,0.2167
2015,Jun,23,23-Jun-2015,24-Jun-15,0.2172
2015,Jun,24,24-Jun-2015,25-Jun-15,0.2183
2015,Jun,25,25-Jun-2015,26-Jun-15,0.219
2015,Jun,26,26-Jun-2015,29-Jun-15,0.2229
2015,Jun,29,29-Jun-2015,30-Jun-15,0.227
2015,Jun,30,30-Jun-2015,1-Jul-15,0.2311
2015,Jul,01,01-Jul-2015,2-Jul-15,0.2329
2015,Jul,02,02-Jul-2015,3-Jul-15,0.2348
2015,Jul,03,03-Jul-2015,6-Jul-15,0.2357
2015,Jul,06,06-Jul-2015,7-Jul-15,0.236
2015,Jul,07,07-Jul-2015,8-Jul-15,0.2363
2015,Jul,08,08-Jul-2015,9-Jul-15,0.2362
2015,Jul,09,09-Jul-2015,10-Jul-15,0.2356
2015,Jul,10,10-Jul-2015,13-Jul-15,0.2341
2015,Jul,13,13-Jul-2015,14-Jul-15,0.2339
2015,Jul,14,14-Jul-2015,15-Jul-15,0.2341
2015,Jul,15,15-Jul-2015,16-Jul-15,0.2347
2015,Jul,16,16-Jul-2015,20-Jul-15,0.2405
2015,Jul,20,20-Jul-2015,21-Jul-15,0.2417
2015,Jul,21,21-Jul-2015,22-Jul-15,0.2426
2015,Jul,22,22-Jul-2015,23-Jul-15,0.243
2015,Jul,23,23-Jul-2015,24-Jul-15,0.2434
2015,Jul,24,24-Jul-2015,27-Jul-15,0.2455
2015,Jul,27,27-Jul-2015,28-Jul-15,0.2463
2015,Jul,28,28-Jul-2015,29-Jul-15,0.2456
2015,Jul,29,29-Jul-2015,30-Jul-15,0.2454
2015,Jul,30,30-Jul-2015,31-Jul-15,0.2446
2015,Jul,31,31-Jul-2015,3-Aug-15,0.2427
2015,Aug,03,03-Aug-2015,4-Aug-15,0.2427
2015,Aug,04,04-Aug-2015,5-Aug-15,0.243
2015,Aug,05,05-Aug-2015,6-Aug-15,0.2427
2015,Aug,06,06-Aug-2015,11-Aug-15,0.2393
2015,Aug,11,11-Aug-2015,12-Aug-15,0.2387
2015,Aug,12,12-Aug-2015,13-Aug-15,0.2378
2015,Aug,13,13-Aug-2015,14-Aug-15,0.2373
2015,Aug,14,14-Aug-2015,17-Aug-15,0.2355
2015,Aug,17,17-Aug-2015,18-Aug-15,0.2344
2015,Aug,18,18-Aug-2015,19-Aug-15,0.2326
2015,Aug,19,19-Aug-2015,20-Aug-15,0.2307
2015,Aug,20,20-Aug-2015,21-Aug-15,0.2286
2015,Aug,21,21-Aug-2015,24-Aug-15,0.2254
2015,Aug,24,24-Aug-2015,25-Aug-15,0.2266
2015,Aug,25,25-Aug-2015,26-Aug-15,0.2319
2015,Aug,26,26-Aug-2015,27-Aug-15,0.2346
2015,Aug,27,27-Aug-2015,28-Aug-15,0.2343
2015,Aug,28,28-Aug-2015,31-Aug-15,0.2337
2015,Aug,31,31-Aug-2015,1-Sep-15,0.2345
2015,Sep,01,01-Sep-2015,2-Sep-15,0.2338
2015,Sep,02,02-Sep-2015,3-Sep-15,0.2323
2015,Sep,03,03-Sep-2015,4-Sep-15,0.2308
2015,Sep,04,04-Sep-2015,7-Sep-15,0.2288
2015,Sep,07,07-Sep-2015,8-Sep-15,0.2284
2015,Sep,08,08-Sep-2015,9-Sep-15,0.2287
2015,Sep,09,09-Sep-2015,10-Sep-15,0.2282
2015,Sep,10,10-Sep-2015,14-Sep-15,0.2318
2015,Sep,14,14-Sep-2015,15-Sep-15,0.2323
2015,Sep,15,15-Sep-2015,16-Sep-15,0.2328
2015,Sep,16,16-Sep-2015,17-Sep-15,0.2333
2015,Sep,17,17-Sep-2015,18-Sep-15,0.2335
2015,Sep,18,18-Sep-2015,21-Sep-15,0.2291
2015,Sep,21,21-Sep-2015,22-Sep-15,0.2265
2015,Sep,22,22-Sep-2015,23-Sep-15,0.2243
2015,Sep,23,23-Sep-2015,25-Sep-15,0.2215
2015,Sep,25,25-Sep-2015,28-Sep-15,0.2218
2015,Sep,28,28-Sep-2015,29-Sep-15,0.2219
2015,Sep,29,29-Sep-2015,30-Sep-15,0.2216
2015,Sep,30,30-Sep-2015,1-Oct-15,0.2215
2015,Oct,01,01-Oct-2015,2-Oct-15,0.2211
2015,Oct,02,02-Oct-2015,5-Oct-15,0.2223
2015,Oct,05,05-Oct-2015,6-Oct-15,0.2224
2015,Oct,06,06-Oct-2015,7-Oct-15,0.2215
2015,Oct,07,07-Oct-2015,8-Oct-15,0.2196
2015,Oct,08,08-Oct-2015,9-Oct-15,0.2178
2015,Oct,09,09-Oct-2015,12-Oct-15,0.214
2015,Oct,12,12-Oct-2015,13-Oct-15,0.2129
2015,Oct,13,13-Oct-2015,14-Oct-15,0.2119
2015,Oct,14,14-Oct-2015,15-Oct-15,0.2114
2015,Oct,15,15-Oct-2015,16-Oct-15,0.211
2015,Oct,16,16-Oct-2015,19-Oct-15,0.2135
2015,Oct,19,19-Oct-2015,20-Oct-15,0.2144
2015,Oct,20,20-Oct-2015,21-Oct-15,0.2144
2015,Oct,21,21-Oct-2015,22-Oct-15,0.2142
2015,Oct,22,22-Oct-2015,23-Oct-15,0.2148
2015,Oct,23,23-Oct-2015,26-Oct-15,0.2198
2015,Oct,26,26-Oct-2015,27-Oct-15,0.2203
2015,Oct,27,27-Oct-2015,28-Oct-15,0.2212
2015,Oct,28,28-Oct-2015,29-Oct-15,0.223
2015,Oct,29,29-Oct-2015,30-Oct-15,0.2258
2015,Oct,30,30-Oct-2015,2-Nov-15,0.2385
2015,Nov,02,02-Nov-2015,3-Nov-15,0.2411
2015,Nov,03,03-Nov-2015,4-Nov-15,0.2414
2015,Nov,04,04-Nov-2015,5-Nov-15,0.2394
2015,Nov,05,05-Nov-2015,6-Nov-15,0.238
2015,Nov,06,06-Nov-2015,9-Nov-15,0.2332
2015,Nov,09,09-Nov-2015,11-Nov-15,0.2329
2015,Nov,11,11-Nov-2015,12-Nov-15,0.2327
2015,Nov,12,12-Nov-2015,13-Nov-15,0.2335
2015,Nov,13,13-Nov-2015,16-Nov-15,0.2429
2015,Nov,16,16-Nov-2015,17-Nov-15,0.2459
2015,Nov,17,17-Nov-2015,18-Nov-15,0.2486
2015,Nov,18,18-Nov-2015,19-Nov-15,0.2508
2015,Nov,19,19-Nov-2015,20-Nov-15,0.2514
2015,Nov,20,20-Nov-2015,23-Nov-15,0.2546
2015,Nov,23,23-Nov-2015,24-Nov-15,0.2563
2015,Nov,24,24-Nov-2015,25-Nov-15,0.2596
2015,Nov,25,25-Nov-2015,26-Nov-15,0.2607
2015,Nov,26,26-Nov-2015,27-Nov-15,0.2618
2015,Nov,27,27-Nov-2015,30-Nov-15,0.2682
2015,Nov,30,30-Nov-2015,1-Dec-15,0.2689
2015,Dec,01,01-Dec-2015,2-Dec-15,0.269
2015,Dec,02,02-Dec-2015,3-Dec-15,0.2695
2015,Dec,03,03-Dec-2015,4-Dec-15,0.2692
2015,Dec,04,04-Dec-2015,7-Dec-15,0.2715
2015,Dec,07,07-Dec-2015,8-Dec-15,0.2721
2015,Dec,08,08-Dec-2015,9-Dec-15,0.2731
2015,Dec,09,09-Dec-2015,10-Dec-15,0.2738
2015,Dec,10,10-Dec-2015,11-Dec-15,0.2742
2015,Dec,11,11-Dec-2015,14-Dec-15,0.2772
2015,Dec,14,14-Dec-2015,15-Dec-15,0.2782
2015,Dec,15,15-Dec-2015,16-Dec-15,0.2794
2015,Dec,16,16-Dec-2015,17-Dec-15,0.281
2015,Dec,17,17-Dec-2015,18-Dec-15,0.2824
2015,Dec,18,18-Dec-2015,21-Dec-15,0.2832
2015,Dec,21,21-Dec-2015,22-Dec-15,0.283
2015,Dec,22,22-Dec-2015,23-Dec-15,0.2822
2015,Dec,23,23-Dec-2015,24-Dec-15,0.2821
2015,Dec,24,24-Dec-2015,28-Dec-15,0.2802
2015,Dec,28,28-Dec-2015,29-Dec-15,0.2798
2015,Dec,29,29-Dec-2015,30-Dec-15,0.2755
2015,Dec,30,30-Dec-2015,31-Dec-15,0.2755
2015,Dec,31,31-Dec-2015,4-Jan-16,0.2782
2016,Jan,04,04-Jan-2016,5-Jan-16,0.279
2016,Jan,05,05-Jan-2016,6-Jan-16,0.2786
2016,Jan,06,06-Jan-2016,7-Jan-16,0.2799
2016,Jan,07,07-Jan-2016,8-Jan-16,0.2824
2016,Jan,08,08-Jan-2016,11-Jan-16,0.2925
2016,Jan,11,11-Jan-2016,12-Jan-16,0.2972
2016,Jan,12,12-Jan-2016,13-Jan-16,0.3004
2016,Jan,13,13-Jan-2016,14-Jan-16,0.303
2016,Jan,14,14-Jan-2016,15-Jan-16,0.3033
2016,Jan,15,15-Jan-2016,18-Jan-16,0.3013
2016,Jan,18,18-Jan-2016,19-Jan-16,0.3014
2016,Jan,19,19-Jan-2016,20-Jan-16,0.3012
2016,Jan,20,20-Jan-2016,21-Jan-16,0.3011
2016,Jan,21,21-Jan-2016,22-Jan-16,0.3006
2016,Jan,22,22-Jan-2016,25-Jan-16,0.3005
2016,Jan,25,25-Jan-2016,26-Jan-16,0.3002
2016,Jan,26,26-Jan-2016,27-Jan-16,0.2999
2016,Jan,27,27-Jan-2016,28-Jan-16,0.2992
2016,Jan,28,28-Jan-2016,29-Jan-16,0.2989
2016,Jan,29,29-Jan-2016,1-Feb-16,0.2983
2016,Feb,01,01-Feb-2016,2-Feb-16,0.2979
2016,Feb,02,02-Feb-2016,3-Feb-16,0.2981
2016,Feb,03,03-Feb-2016,4-Feb-16,0.2986
2016,Feb,04,04-Feb-2016,5-Feb-16,0.299
2016,Feb,05,05-Feb-2016,10-Feb-16,0.304
2016,Feb,10,10-Feb-2016,11-Feb-16,0.3041
2016,Feb,11,11-Feb-2016,12-Feb-16,0.3038
2016,Feb,12,12-Feb-2016,15-Feb-16,0.3049
2016,Feb,15,15-Feb-2016,16-Feb-16,0.3051
2016,Feb,16,16-Feb-2016,17-Feb-16,0.3058
2016,Feb,17,17-Feb-2016,18-Feb-16,0.3072
2016,Feb,18,18-Feb-2016,19-Feb-16,0.3082
2016,Feb,19,19-Feb-2016,22-Feb-16,0.3097
2016,Feb,22,22-Feb-2016,23-Feb-16,0.3101
2016,Feb,23,23-Feb-2016,24-Feb-16,0.3103
2016,Feb,24,24-Feb-2016,25-Feb-16,0.3087
2016,Feb,25,25-Feb-2016,26-Feb-16,0.3039
2016,Feb,26,26-Feb-2016,29-Feb-16,0.3027
2016,Feb,29,29-Feb-2016,1-Mar-16,0.304
2016,Mar,01,01-Mar-2016,2-Mar-16,0.3055
2016,Mar,02,02-Mar-2016,3-Mar-16,0.307
2016,Mar,03,03-Mar-2016,4-Mar-16,0.3088
2016,Mar,04,04-Mar-2016,7-Mar-16,0.3124
2016,Mar,07,07-Mar-2016,8-Mar-16,0.3136
2016,Mar,08,08-Mar-2016,9-Mar-16,0.3145
2016,Mar,09,09-Mar-2016,10-Mar-16,0.3155
2016,Mar,10,10-Mar-2016,11-Mar-16,0.3156
2016,Mar,11,11-Mar-2016,14-Mar-16,0.3155
2016,Mar,14,14-Mar-2016,15-Mar-16,0.316
2016,Mar,15,15-Mar-2016,16-Mar-16,0.3165
2016,Mar,16,16-Mar-2016,17-Mar-16,0.3169
2016,Mar,17,17-Mar-2016,18-Mar-16,0.3166
2016,Mar,18,18-Mar-2016,21-Mar-16,0.3174
2016,Mar,21,21-Mar-2016,22-Mar-16,0.3182
2016,Mar,22,22-Mar-2016,23-Mar-16,0.3186
2016,Mar,23,23-Mar-2016,24-Mar-16,0.3192
2016,Mar,24,24-Mar-2016,28-Mar-16,0.3215
2016,Mar,28,28-Mar-2016,29-Mar-16,0.3221
2016,Mar,29,29-Mar-2016,30-Mar-16,0.3224
2016,Mar,30,30-Mar-2016,31-Mar-16,0.3212
2016,Mar,31,31-Mar-2016,1-Apr-16,0.3208
2016,Apr,01,01-Apr-2016,4-Apr-16,0.3205
2016,Apr,04,04-Apr-2016,5-Apr-16,0.3203
2016,Apr,05,05-Apr-2016,6-Apr-16,0.3204
2016,Apr,06,06-Apr-2016,7-Apr-16,0.3201
2016,Apr,07,07-Apr-2016,8-Apr-16,0.3204
2016,Apr,08,08-Apr-2016,11-Apr-16,0.3229
2016,Apr,11,11-Apr-2016,12-Apr-16,0.3239
2016,Apr,12,12-Apr-2016,13-Apr-16,0.3243
2016,Apr,13,13-Apr-2016,14-Apr-16,0.325
2016,Apr,14,14-Apr-2016,15-Apr-16,0.3265
2016,Apr,15,15-Apr-2016,18-Apr-16,0.3299
2016,Apr,18,18-Apr-2016,19-Apr-16,0.3302
2016,Apr,19,19-Apr-2016,20-Apr-16,0.3306
2016,Apr,20,20-Apr-2016,21-Apr-16,0.332
2016,Apr,21,21-Apr-2016,22-Apr-16,0.3338
2016,Apr,22,22-Apr-2016,25-Apr-16,0.337
2016,Apr,25,25-Apr-2016,26-Apr-16,0.3372
2016,Apr,26,26-Apr-2016,27-Apr-16,0.3388
2016,Apr,27,27-Apr-2016,28-Apr-16,0.3401
2016,Apr,28,28-Apr-2016,29-Apr-16,0.3381
2016,Apr,29,29-Apr-2016,3-May-16,0.3242
2016,May,03,03-May-2016,4-May-16,0.3254
2016,May,04,04-May-2016,5-May-16,0.3259
2016,May,05,05-May-2016,6-May-16,0.3253
2016,May,06,06-May-2016,9-May-16,0.3276
2016,May,09,09-May-2016,10-May-16,0.3281
2016,May,10,10-May-2016,11-May-16,0.3277
2016,May,11,11-May-2016,12-May-16,0.3276
2016,May,12,12-May-2016,13-May-16,0.327
2016,May,13,13-May-2016,16-May-16,0.3182
2016,May,16,16-May-2016,17-May-16,0.3152
2016,May,17,17-May-2016,18-May-16,0.3125
2016,May,18,18-May-2016,19-May-16,0.3107
2016,May,19,19-May-2016,20-May-16,0.3106
2016,May,20,20-May-2016,23-May-16,0.308
2016,May,23,23-May-2016,24-May-16,0.3069
2016,May,24,24-May-2016,25-May-16,0.3041
2016,May,25,25-May-2016,26-May-16,0.3038
2016,May,26,26-May-2016,27-May-16,0.303
2016,May,27,27-May-2016,30-May-16,0.2952
2016,May,30,30-May-2016,31-May-16,0.2955
2016,May,31,31-May-2016,1-Jun-16,0.2932
2016,Jun,01,01-Jun-2016,2-Jun-16,0.2923
2016,Jun,02,02-Jun-2016,3-Jun-16,0.2905
2016,Jun,03,03-Jun-2016,6-Jun-16,0.2877
2016,Jun,06,06-Jun-2016,7-Jun-16,0.2869
2016,Jun,07,07-Jun-2016,8-Jun-16,0.286
2016,Jun,08,08-Jun-2016,9-Jun-16,0.2849
2016,Jun,09,09-Jun-2016,10-Jun-16,0.284
2016,Jun,10,10-Jun-2016,13-Jun-16,0.2825
2016,Jun,13,13-Jun-2016,14-Jun-16,0.2816
2016,Jun,14,14-Jun-2016,15-Jun-16,0.2805
2016,Jun,15,15-Jun-2016,16-Jun-16,0.2792
2016,Jun,16,16-Jun-2016,17-Jun-16,0.2776
2016,Jun,17,17-Jun-2016,20-Jun-16,0.2749
2016,Jun,20,20-Jun-2016,21-Jun-16,0.2743
2016,Jun,21,21-Jun-2016,22-Jun-16,0.2739
2016,Jun,22,22-Jun-2016,23-Jun-16,0.2731
2016,Jun,23,23-Jun-2016,24-Jun-16,0.2719
2016,Jun,24,24-Jun-2016,27-Jun-16,0.2701
2016,Jun,27,27-Jun-2016,28-Jun-16,0.2695
2016,Jun,28,28-Jun-2016,29-Jun-16,0.2683
2016,Jun,29,29-Jun-2016,30-Jun-16,0.2682
2016,Jun,30,30-Jun-2016,1-Jul-16,0.2667
2016,Jul,01,01-Jul-2016,4-Jul-16,0.2573
2016,Jul,04,04-Jul-2016,5-Jul-16,0.2558
2016,Jul,05,05-Jul-2016,7-Jul-16,0.2532
2016,Jul,07,07-Jul-2016,8-Jul-16,0.2502
2016,Jul,08,08-Jul-2016,11-Jul-16,0.2405
2016,Jul,11,11-Jul-2016,12-Jul-16,0.2358
2016,Jul,12,12-Jul-2016,13-Jul-16,0.2326
2016,Jul,13,13-Jul-2016,14-Jul-16,0.23
2016,Jul,14,14-Jul-2016,15-Jul-16,0.2294
2016,Jul,15,15-Jul-2016,18-Jul-16,0.2288
2016,Jul,18,18-Jul-2016,19-Jul-16,0.2273
2016,Jul,19,19-Jul-2016,20-Jul-16,0.2261
2016,Jul,20,20-Jul-2016,21-Jul-16,0.2256
2016,Jul,21,21-Jul-2016,22-Jul-16,0.2276
2016,Jul,22,22-Jul-2016,25-Jul-16,0.2308
2016,Jul,25,25-Jul-2016,26-Jul-16,0.2335
2016,Jul,26,26-Jul-2016,27-Jul-16,0.2368
2016,Jul,27,27-Jul-2016,28-Jul-16,0.241
2016,Jul,28,28-Jul-2016,29-Jul-16,0.244
2016,Jul,29,29-Jul-2016,1-Aug-16,0.2469
2016,Aug,01,01-Aug-2016,2-Aug-16,0.2471
2016,Aug,02,02-Aug-2016,3-Aug-16,0.246
2016,Aug,03,03-Aug-2016,4-Aug-16,0.2448
2016,Aug,04,04-Aug-2016,5-Aug-16,0.2435
2016,Aug,05,05-Aug-2016,8-Aug-16,0.2387
2016,Aug,08,08-Aug-2016,10-Aug-16,0.2355
2016,Aug,10,10-Aug-2016,11-Aug-16,0.2348
2016,Aug,11,11-Aug-2016,12-Aug-16,0.2344
2016,Aug,12,12-Aug-2016,15-Aug-16,0.2319
2016,Aug,15,15-Aug-2016,16-Aug-16,0.2315
2016,Aug,16,16-Aug-2016,17-Aug-16,0.2306
2016,Aug,17,17-Aug-2016,18-Aug-16,0.2294
2016,Aug,18,18-Aug-2016,19-Aug-16,0.2281
2016,Aug,19,19-Aug-2016,22-Aug-16,0.2247
2016,Aug,22,22-Aug-2016,23-Aug-16,0.223
2016,Aug,23,23-Aug-2016,24-Aug-16,0.2217
2016,Aug,24,24-Aug-2016,25-Aug-16,0.2199
2016,Aug,25,25-Aug-2016,26-Aug-16,0.2185
2016,Aug,26,26-Aug-2016,29-Aug-16,0.2158
2016,Aug,29,29-Aug-2016,30-Aug-16,0.2166
2016,Aug,30,30-Aug-2016,31-Aug-16,0.2162
2016,Aug,31,31-Aug-2016,1-Sep-16,0.2155
2016,Sep,01,01-Sep-2016,2-Sep-16,0.2133
2016,Sep,02,02-Sep-2016,5-Sep-16,0.2086
2016,Sep,05,05-Sep-2016,6-Sep-16,0.2075
2016,Sep,06,06-Sep-2016,7-Sep-16,0.2063
2016,Sep,07,07-Sep-2016,8-Sep-16,0.2049
2016,Sep,08,08-Sep-2016,9-Sep-16,0.2029
2016,Sep,09,09-Sep-2016,13-Sep-16,0.1969
2016,Sep,13,13-Sep-2016,14-Sep-16,0.1955
2016,Sep,14,14-Sep-2016,15-Sep-16,0.1943
2016,Sep,15,15-Sep-2016,16-Sep-16,0.1929
2016,Sep,16,16-Sep-2016,19-Sep-16,0.19
2016,Sep,19,19-Sep-2016,20-Sep-16,0.189
2016,Sep,20,20-Sep-2016,21-Sep-16,0.188
2016,Sep,21,21-Sep-2016,22-Sep-16,0.1867
2016,Sep,22,22-Sep-2016,23-Sep-16,0.1855
2016,Sep,23,23-Sep-2016,26-Sep-16,0.1821
2016,Sep,26,26-Sep-2016,27-Sep-16,0.181
2016,Sep,27,27-Sep-2016,28-Sep-16,0.1799
2016,Sep,28,28-Sep-2016,29-Sep-16,0.179
2016,Sep,29,29-Sep-2016,30-Sep-16,0.1791
2016,Sep,30,30-Sep-2016,3-Oct-16,0.1781
2016,Oct,03,03-Oct-2016,4-Oct-16,0.177
2016,Oct,04,04-Oct-2016,5-Oct-16,0.1756
2016,Oct,05,05-Oct-2016,6-Oct-16,0.1742
2016,Oct,06,06-Oct-2016,7-Oct-16,0.1734
2016,Oct,07,07-Oct-2016,10-Oct-16,0.1722
2016,Oct,10,10-Oct-2016,11-Oct-16,0.1716
2016,Oct,11,11-Oct-2016,12-Oct-16,0.1711
2016,Oct,12,12-Oct-2016,13-Oct-16,0.171
2016,Oct,13,13-Oct-2016,14-Oct-16,0.1704
2016,Oct,14,14-Oct-2016,17-Oct-16,0.166
2016,Oct,17,17-Oct-2016,18-Oct-16,0.1642
2016,Oct,18,18-Oct-2016,19-Oct-16,0.1629
2016,Oct,19,19-Oct-2016,20-Oct-16,0.1615
2016,Oct,20,20-Oct-2016,21-Oct-16,0.1599
2016,Oct,21,21-Oct-2016,24-Oct-16,0.1525
2016,Oct,24,24-Oct-2016,25-Oct-16,0.1498
2016,Oct,25,25-Oct-2016,26-Oct-16,0.147
2016,Oct,26,26-Oct-2016,27-Oct-16,0.1437
2016,Oct,27,27-Oct-2016,28-Oct-16,0.1406
2016,Oct,28,28-Oct-2016,31-Oct-16,0.1374
2016,Oct,31,31-Oct-2016,1-Nov-16,0.1355
2016,Nov,01,01-Nov-2016,2-Nov-16,0.1337
2016,Nov,02,02-Nov-2016,3-Nov-16,0.1319
2016,Nov,03,03-Nov-2016,4-Nov-16,0.1293
2016,Nov,04,04-Nov-2016,7-Nov-16,0.1271
2016,Nov,07,07-Nov-2016,8-Nov-16,0.1258
2016,Nov,08,08-Nov-2016,9-Nov-16,0.1246
2016,Nov,09,09-Nov-2016,10-Nov-16,0.1234
2016,Nov,10,10-Nov-2016,11-Nov-16,0.1231
2016,Nov,11,11-Nov-2016,14-Nov-16,0.1224
2016,Nov,14,14-Nov-2016,15-Nov-16,0.1224
2016,Nov,15,15-Nov-2016,16-Nov-16,0.1223
2016,Nov,16,16-Nov-2016,17-Nov-16,0.1223
2016,Nov,17,17-Nov-2016,18-Nov-16,0.1221
2016,Nov,18,18-Nov-2016,21-Nov-16,0.1204
2016,Nov,21,21-Nov-2016,22-Nov-16,0.1202
2016,Nov,22,22-Nov-2016,23-Nov-16,0.1199
2016,Nov,23,23-Nov-2016,24-Nov-16,0.1188
2016,Nov,24,24-Nov-2016,25-Nov-16,0.118
2016,Nov,25,25-Nov-2016,28-Nov-16,0.1188
2016,Nov,28,28-Nov-2016,29-Nov-16,0.1186
2016,Nov,29,29-Nov-2016,30-Nov-16,0.1187
2016,Nov,30,30-Nov-2016,1-Dec-16,0.1165
2016,Dec,01,01-Dec-2016,2-Dec-16,0.1155
2016,Dec,02,02-Dec-2016,5-Dec-16,0.1144
2016,Dec,05,05-Dec-2016,6-Dec-16,0.1143
2016,Dec,06,06-Dec-2016,7-Dec-16,0.1141
2016,Dec,07,07-Dec-2016,8-Dec-16,0.1141
2016,Dec,08,08-Dec-2016,9-Dec-16,0.1144
2016,Dec,09,09-Dec-2016,12-Dec-16,0.1148
2016,Dec,12,12-Dec-2016,13-Dec-16,0.115
2016,Dec,13,13-Dec-2016,14-Dec-16,0.1166
2016,Dec,14,14-Dec-2016,15-Dec-16,0.1184
2016,Dec,15,15-Dec-2016,16-Dec-16,0.1203
2016,Dec,16,16-Dec-2016,19-Dec-16,0.1231
2016,Dec,19,19-Dec-2016,20-Dec-16,0.1248
2016,Dec,20,20-Dec-2016,21-Dec-16,0.1259
2016,Dec,21,21-Dec-2016,22-Dec-16,0.1268
2016,Dec,22,22-Dec-2016,23-Dec-16,0.1272
2016,Dec,23,23-Dec-2016,27-Dec-16,0.1301
2016,Dec,27,27-Dec-2016,28-Dec-16,0.1312
2016,Dec,28,28-Dec-2016,29-Dec-16,0.133
2016,Dec,29,29-Dec-2016,30-Dec-16,0.1342
2016,Dec,30,30-Dec-2016,3-Jan-17,0.1395
2017,Jan,03,03-Jan-2017,4-Jan-17,0.14
2017,Jan,04,04-Jan-2017,5-Jan-17,0.1399
2017,Jan,05,05-Jan-2017,6-Jan-17,0.1399
2017,Jan,06,06-Jan-2017,9-Jan-17,0.1403
2017,Jan,09,09-Jan-2017,10-Jan-17,0.1402
2017,Jan,10,10-Jan-2017,11-Jan-17,0.1399
2017,Jan,11,11-Jan-2017,12-Jan-17,0.1398
2017,Jan,12,12-Jan-2017,13-Jan-17,0.1398
2017,Jan,13,13-Jan-2017,16-Jan-17,0.1405
2017,Jan,16,16-Jan-2017,17-Jan-17,0.1405
2017,Jan,17,17-Jan-2017,18-Jan-17,0.1407
2017,Jan,18,18-Jan-2017,19-Jan-17,0.1411
2017,Jan,19,19-Jan-2017,20-Jan-17,0.1413
2017,Jan,20,20-Jan-2017,23-Jan-17,0.1368
2017,Jan,23,23-Jan-2017,24-Jan-17,0.1354
2017,Jan,24,24-Jan-2017,25-Jan-17,0.1339
2017,Jan,25,25-Jan-2017,26-Jan-17,0.1309
2017,Jan,26,26-Jan-2017,27-Jan-17,0.1276
2017,Jan,27,27-Jan-2017,31-Jan-17,0.126
2017,Jan,31,31-Jan-2017,1-Feb-17,0.1248
2017,Feb,01,01-Feb-2017,2-Feb-17,0.1244
2017,Feb,02,02-Feb-2017,3-Feb-17,0.1251
2017,Feb,03,03-Feb-2017,6-Feb-17,0.1315
2017,Feb,06,06-Feb-2017,7-Feb-17,0.1332
2017,Feb,07,07-Feb-2017,8-Feb-17,0.1338
2017,Feb,08,08-Feb-2017,9-Feb-17,0.1345
2017,Feb,09,09-Feb-2017,10-Feb-17,0.1363
2017,Feb,10,10-Feb-2017,13-Feb-17,0.1449
2017,Feb,13,13-Feb-2017,14-Feb-17,0.1486
2017,Feb,14,14-Feb-2017,15-Feb-17,0.1506
2017,Feb,15,15-Feb-2017,16-Feb-17,0.1511
2017,Feb,16,16-Feb-2017,17-Feb-17,0.1513
2017,Feb,17,17-Feb-2017,20-Feb-17,0.1524
2017,Feb,20,20-Feb-2017,21-Feb-17,0.1528
2017,Feb,21,21-Feb-2017,22-Feb-17,0.1552
2017,Feb,22,22-Feb-2017,23-Feb-17,0.1582
2017,Feb,23,23-Feb-2017,24-Feb-17,0.1609
2017,Feb,24,24-Feb-2017,27-Feb-17,0.1629
2017,Feb,27,27-Feb-2017,28-Feb-17,0.1635
2017,Feb,28,28-Feb-2017,1-Mar-17,0.163
2017,Mar,01,01-Mar-2017,2-Mar-17,0.1641
2017,Mar,02,02-Mar-2017,3-Mar-17,0.1646
2017,Mar,03,03-Mar-2017,6-Mar-17,0.1663
2017,Mar,06,06-Mar-2017,7-Mar-17,0.1673
2017,Mar,07,07-Mar-2017,8-Mar-17,0.1679
2017,Mar,08,08-Mar-2017,9-Mar-17,0.1681
2017,Mar,09,09-Mar-2017,10-Mar-17,0.1686
2017,Mar,10,10-Mar-2017,13-Mar-17,0.1707
2017,Mar,13,13-Mar-2017,14-Mar-17,0.171
2017,Mar,14,14-Mar-2017,15-Mar-17,0.1714
2017,Mar,15,15-Mar-2017,16-Mar-17,0.1718
2017,Mar,16,16-Mar-2017,17-Mar-17,0.1736
2017,Mar,17,17-Mar-2017,20-Mar-17,0.1809
2017,Mar,20,20-Mar-2017,21-Mar-17,0.1841
2017,Mar,21,21-Mar-2017,22-Mar-17,0.1857
2017,Mar,22,22-Mar-2017,23-Mar-17,0.1872
2017,Mar,23,23-Mar-2017,24-Mar-17,0.1876
2017,Mar,24,24-Mar-2017,27-Mar-17,0.191
2017,Mar,27,27-Mar-2017,28-Mar-17,0.1918
2017,Mar,28,28-Mar-2017,29-Mar-17,0.1922
2017,Mar,29,29-Mar-2017,30-Mar-17,0.1938
2017,Mar,30,30-Mar-2017,31-Mar-17,0.1952
2017,Mar,31,31-Mar-2017,3-Apr-17,0.2025
2017,Apr,03,03-Apr-2017,4-Apr-17,0.2061
2017,Apr,04,04-Apr-2017,5-Apr-17,0.2079
2017,Apr,05,05-Apr-2017,6-Apr-17,0.2094
2017,Apr,06,06-Apr-2017,7-Apr-17,0.2102
2017,Apr,07,07-Apr-2017,10-Apr-17,0.2113
2017,Apr,10,10-Apr-2017,11-Apr-17,0.2123
2017,Apr,11,11-Apr-2017,12-Apr-17,0.2137
2017,Apr,12,12-Apr-2017,13-Apr-17,0.2157
2017,Apr,13,13-Apr-2017,17-Apr-17,0.2297
2017,Apr,17,17-Apr-2017,18-Apr-17,0.2319
2017,Apr,18,18-Apr-2017,19-Apr-17,0.2337
2017,Apr,19,19-Apr-2017,20-Apr-17,0.2348
2017,Apr,20,20-Apr-2017,21-Apr-17,0.2365
2017,Apr,21,21-Apr-2017,24-Apr-17,0.2418
2017,Apr,24,24-Apr-2017,25-Apr-17,0.2432
2017,Apr,25,25-Apr-2017,26-Apr-17,0.2454
2017,Apr,26,26-Apr-2017,27-Apr-17,0.2483
2017,Apr,27,27-Apr-2017,28-Apr-17,0.2501
2017,Apr,28,28-Apr-2017,2-May-17,0.2591
2017,May,02,02-May-2017,3-May-17,0.2611
2017,May,03,03-May-2017,4-May-17,0.2637
2017,May,04,04-May-2017,5-May-17,0.2655
2017,May,05,05-May-2017,8-May-17,0.2721
2017,May,08,08-May-2017,9-May-17,0.2744
2017,May,09,09-May-2017,11-May-17,0.279
2017,May,11,11-May-2017,12-May-17,0.2816
2017,May,12,12-May-2017,15-May-17,0.2902
2017,May,15,15-May-2017,16-May-17,0.2926
2017,May,16,16-May-2017,17-May-17,0.2962
2017,May,17,17-May-2017,18-May-17,0.2991
2017,May,18,18-May-2017,19-May-17,0.3017
2017,May,19,19-May-2017,22-May-17,0.3099
2017,May,22,22-May-2017,23-May-17,0.3125
2017,May,23,23-May-2017,24-May-17,0.3144
2017,May,24,24-May-2017,25-May-17,0.3163
2017,May,25,25-May-2017,26-May-17,0.3163
2017,May,26,26-May-2017,29-May-17,0.3192
2017,May,29,29-May-2017,30-May-17,0.3198
2017,May,30,30-May-2017,31-May-17,0.3205
2017,May,31,31-May-2017,1-Jun-17,0.3226
2017,Jun,01,01-Jun-2017,2-Jun-17,0.3243
2017,Jun,02,02-Jun-2017,5-Jun-17,0.3329
2017,Jun,05,05-Jun-2017,6-Jun-17,0.3358
2017,Jun,06,06-Jun-2017,7-Jun-17,0.3391
2017,Jun,07,07-Jun-2017,8-Jun-17,0.3433
2017,Jun,08,08-Jun-2017,9-Jun-17,0.3452
2017,Jun,09,09-Jun-2017,12-Jun-17,0.3477
2017,Jun,12,12-Jun-2017,13-Jun-17,0.3481
2017,Jun,13,13-Jun-2017,14-Jun-17,0.3464
2017,Jun,14,14-Jun-2017,15-Jun-17,0.345
2017,Jun,15,15-Jun-2017,16-Jun-17,0.3437
2017,Jun,16,16-Jun-2017,19-Jun-17,0.342
2017,Jun,19,19-Jun-2017,20-Jun-17,0.3408
2017,Jun,20,20-Jun-2017,21-Jun-17,0.34
2017,Jun,21,21-Jun-2017,22-Jun-17,0.3403
2017,Jun,22,22-Jun-2017,23-Jun-17,0.3422
2017,Jun,23,23-Jun-2017,27-Jun-17,0.3626
2017,Jun,27,27-Jun-2017,28-Jun-17,0.365
2017,Jun,28,28-Jun-2017,29-Jun-17,0.3679
2017,Jun,29,29-Jun-2017,30-Jun-17,0.3722
2017,Jun,30,30-Jun-2017,3-Jul-17,0.3778
2017,Jul,03,03-Jul-2017,4-Jul-17,0.381
2017,Jul,04,04-Jul-2017,5-Jul-17,0.3871
2017,Jul,05,05-Jul-2017,6-Jul-17,0.3933
2017,Jul,06,06-Jul-2017,7-Jul-17,0.3978
2017,Jul,07,07-Jul-2017,10-Jul-17,0.4159
2017,Jul,10,10-Jul-2017,11-Jul-17,0.4223
2017,Jul,11,11-Jul-2017,12-Jul-17,0.428
2017,Jul,12,12-Jul-2017,13-Jul-17,0.4332
2017,Jul,13,13-Jul-2017,14-Jul-17,0.4356
2017,Jul,14,14-Jul-2017,17-Jul-17,0.44
2017,Jul,17,17-Jul-2017,18-Jul-17,0.4408
2017,Jul,18,18-Jul-2017,19-Jul-17,0.4415
2017,Jul,19,19-Jul-2017,20-Jul-17,0.4433
2017,Jul,20,20-Jul-2017,21-Jul-17,0.4462
2017,Jul,21,21-Jul-2017,24-Jul-17,0.4567
2017,Jul,24,24-Jul-2017,25-Jul-17,0.4605
2017,Jul,25,25-Jul-2017,26-Jul-17,0.4644
2017,Jul,26,26-Jul-2017,27-Jul-17,0.4675
2017,Jul,27,27-Jul-2017,28-Jul-17,0.4678
2017,Jul,28,28-Jul-2017,31-Jul-17,0.4713
2017,Jul,31,31-Jul-2017,1-Aug-17,0.476
2017,Aug,01,01-Aug-2017,2-Aug-17,0.4803
2017,Aug,02,02-Aug-2017,3-Aug-17,0.4844
2017,Aug,03,03-Aug-2017,4-Aug-17,0.4854
2017,Aug,04,04-Aug-2017,7-Aug-17,0.4904
2017,Aug,07,07-Aug-2017,8-Aug-17,0.4925
2017,Aug,08,08-Aug-2017,10-Aug-17,0.4946
2017,Aug,10,10-Aug-2017,11-Aug-17,0.4938
2017,Aug,11,11-Aug-2017,14-Aug-17,0.4915
2017,Aug,14,14-Aug-2017,15-Aug-17,0.493
2017,Aug,15,15-Aug-2017,16-Aug-17,0.4961
2017,Aug,16,16-Aug-2017,17-Aug-17,0.4998
2017,Aug,17,17-Aug-2017,18-Aug-17,0.5026
2017,Aug,18,18-Aug-2017,21-Aug-17,0.5135
2017,Aug,21,21-Aug-2017,22-Aug-17,0.5154
2017,Aug,22,22-Aug-2017,23-Aug-17,0.517
2017,Aug,23,23-Aug-2017,24-Aug-17,0.5193
2017,Aug,24,24-Aug-2017,25-Aug-17,0.5237
2017,Aug,25,25-Aug-2017,28-Aug-17,0.5402
2017,Aug,28,28-Aug-2017,29-Aug-17,0.5435
2017,Aug,29,29-Aug-2017,30-Aug-17,0.5437
2017,Aug,30,30-Aug-2017,31-Aug-17,0.5423
2017,Aug,31,31-Aug-2017,4-Sep-17,0.5475
2017,Sep,04,04-Sep-2017,5-Sep-17,0.5513
2017,Sep,05,05-Sep-2017,6-Sep-17,0.5552
2017,Sep,06,06-Sep-2017,7-Sep-17,0.5579
2017,Sep,07,07-Sep-2017,8-Sep-17,0.5604
2017,Sep,08,08-Sep-2017,11-Sep-17,0.5702
2017,Sep,11,11-Sep-2017,12-Sep-17,0.5738
2017,Sep,12,12-Sep-2017,13-Sep-17,0.5769
2017,Sep,13,13-Sep-2017,14-Sep-17,0.5788
2017,Sep,14,14-Sep-2017,15-Sep-17,0.5798
2017,Sep,15,15-Sep-2017,18-Sep-17,0.579
2017,Sep,18,18-Sep-2017,19-Sep-17,0.5792
2017,Sep,19,19-Sep-2017,20-Sep-17,0.5793
2017,Sep,20,20-Sep-2017,21-Sep-17,0.5797
2017,Sep,21,21-Sep-2017,22-Sep-17,0.5813
2017,Sep,22,22-Sep-2017,25-Sep-17,0.5891
2017,Sep,25,25-Sep-2017,26-Sep-17,0.5909
2017,Sep,26,26-Sep-2017,27-Sep-17,0.5925
2017,Sep,27,27-Sep-2017,28-Sep-17,0.5948
2017,Sep,28,28-Sep-2017,29-Sep-17,0.5968
2017,Sep,29,29-Sep-2017,2-Oct-17,0.5986
2017,Oct,02,02-Oct-2017,3-Oct-17,0.5987
2017,Oct,03,03-Oct-2017,4-Oct-17,0.5981
2017,Oct,04,04-Oct-2017,5-Oct-17,0.598
2017,Oct,05,05-Oct-2017,6-Oct-17,0.5989
2017,Oct,06,06-Oct-2017,9-Oct-17,0.6057
2017,Oct,09,09-Oct-2017,10-Oct-17,0.6081
2017,Oct,10,10-Oct-2017,11-Oct-17,0.6098
2017,Oct,11,11-Oct-2017,12-Oct-17,0.6115
2017,Oct,12,12-Oct-2017,13-Oct-17,0.6127
2017,Oct,13,13-Oct-2017,16-Oct-17,0.6123
2017,Oct,16,16-Oct-2017,17-Oct-17,0.6123
2017,Oct,17,17-Oct-2017,19-Oct-17,0.6155
2017,Oct,19,19-Oct-2017,20-Oct-17,0.6197
2017,Oct,20,20-Oct-2017,23-Oct-17,0.635
2017,Oct,23,23-Oct-2017,24-Oct-17,0.6401
2017,Oct,24,24-Oct-2017,25-Oct-17,0.6443
2017,Oct,25,25-Oct-2017,26-Oct-17,0.649
2017,Oct,26,26-Oct-2017,27-Oct-17,0.6519
2017,Oct,27,27-Oct-2017,30-Oct-17,0.6632
2017,Oct,30,30-Oct-2017,31-Oct-17,0.666
2017,Oct,31,31-Oct-2017,1-Nov-17,0.6695
2017,Nov,01,01-Nov-2017,2-Nov-17,0.6727
2017,Nov,02,02-Nov-2017,3-Nov-17,0.6745
2017,Nov,03,03-Nov-2017,6-Nov-17,0.6804
2017,Nov,06,06-Nov-2017,7-Nov-17,0.6817
2017,Nov,07,07-Nov-2017,8-Nov-17,0.6831
2017,Nov,08,08-Nov-2017,9-Nov-17,0.6848
2017,Nov,09,09-Nov-2017,10-Nov-17,0.6865
2017,Nov,10,10-Nov-2017,13-Nov-17,0.6943
2017,Nov,13,13-Nov-2017,14-Nov-17,0.695
2017,Nov,14,14-Nov-2017,15-Nov-17,0.6955
2017,Nov,15,15-Nov-2017,16-Nov-17,0.6958
2017,Nov,16,16-Nov-2017,17-Nov-17,0.6948
2017,Nov,17,17-Nov-2017,20-Nov-17,0.6948
2017,Nov,20,20-Nov-2017,21-Nov-17,0.6944
2017,Nov,21,21-Nov-2017,22-Nov-17,0.6927
2017,Nov,22,22-Nov-2017,23-Nov-17,0.6906
2017,Nov,23,23-Nov-2017,24-Nov-17,0.6903
2017,Nov,24,24-Nov-2017,27-Nov-17,0.6926
2017,Nov,27,27-Nov-2017,28-Nov-17,0.6937
2017,Nov,28,28-Nov-2017,29-Nov-17,0.6956
2017,Nov,29,29-Nov-2017,30-Nov-17,0.7001
2017,Nov,30,30-Nov-2017,1-Dec-17,0.706
2017,Dec,01,01-Dec-2017,4-Dec-17,0.7177
2017,Dec,04,04-Dec-2017,5-Dec-17,0.72
2017,Dec,05,05-Dec-2017,6-Dec-17,0.7211
2017,Dec,06,06-Dec-2017,7-Dec-17,0.7213
2017,Dec,07,07-Dec-2017,8-Dec-17,0.7207
2017,Dec,08,08-Dec-2017,11-Dec-17,0.7282
2017,Dec,11,11-Dec-2017,12-Dec-17,0.7313
2017,Dec,12,12-Dec-2017,13-Dec-17,0.7351
2017,Dec,13,13-Dec-2017,14-Dec-17,0.7392
2017,Dec,14,14-Dec-2017,15-Dec-17,0.7427
2017,Dec,15,15-Dec-2017,18-Dec-17,0.7525
2017,Dec,18,18-Dec-2017,19-Dec-17,0.7563
2017,Dec,19,19-Dec-2017,20-Dec-17,0.7606
2017,Dec,20,20-Dec-2017,21-Dec-17,0.7648
2017,Dec,21,21-Dec-2017,22-Dec-17,0.7688
2017,Dec,22,22-Dec-2017,26-Dec-17,0.7756
2017,Dec,26,26-Dec-2017,27-Dec-17,0.7759
2017,Dec,27,27-Dec-2017,28-Dec-17,0.7772
2017,Dec,28,28-Dec-2017,29-Dec-17,0.7763
2017,Dec,29,29-Dec-2017,2-Jan-18,0.7753
2018,Jan,02,02-Jan-2018,3-Jan-18,0.7752
2018,Jan,03,03-Jan-2018,4-Jan-18,0.7763
2018,Jan,04,04-Jan-2018,5-Jan-18,0.773
2018,Jan,05,05-Jan-2018,8-Jan-18,0.7604
2018,Jan,08,08-Jan-2018,9-Jan-18,0.7542
2018,Jan,09,09-Jan-2018,10-Jan-18,0.748
2018,Jan,10,10-Jan-2018,11-Jan-18,0.7423
2018,Jan,11,11-Jan-2018,12-Jan-18,0.7368
2018,Jan,12,12-Jan-2018,15-Jan-18,0.7336
2018,Jan,15,15-Jan-2018,16-Jan-18,0.7324
2018,Jan,16,16-Jan-2018,17-Jan-18,0.7308
2018,Jan,17,17-Jan-2018,18-Jan-18,0.7299
2018,Jan,18,18-Jan-2018,19-Jan-18,0.7289
2018,Jan,19,19-Jan-2018,22-Jan-18,0.7306
2018,Jan,22,22-Jan-2018,23-Jan-18,0.7303
2018,Jan,23,23-Jan-2018,24-Jan-18,0.7275
2018,Jan,24,24-Jan-2018,25-Jan-18,0.7239
2018,Jan,25,25-Jan-2018,26-Jan-18,0.72
2018,Jan,26,26-Jan-2018,29-Jan-18,0.7121
2018,Jan,29,29-Jan-2018,30-Jan-18,0.7096
2018,Jan,30,30-Jan-2018,31-Jan-18,0.7092
2018,Jan,31,31-Jan-2018,1-Feb-18,0.7084
2018,Feb,01,01-Feb-2018,2-Feb-18,0.7078
2018,Feb,02,02-Feb-2018,5-Feb-18,0.7118
2018,Feb,05,05-Feb-2018,6-Feb-18,0.711
2018,Feb,06,06-Feb-2018,7-Feb-18,0.7106
2018,Feb,07,07-Feb-2018,8-Feb-18,0.7115
2018,Feb,08,08-Feb-2018,9-Feb-18,0.7135
2018,Feb,09,09-Feb-2018,12-Feb-18,0.7283
2018,Feb,12,12-Feb-2018,13-Feb-18,0.7334
2018,Feb,13,13-Feb-2018,14-Feb-18,0.7369
2018,Feb,14,14-Feb-2018,15-Feb-18,0.7366
2018,Feb,15,15-Feb-2018,19-Feb-18,0.7332
2018,Feb,19,19-Feb-2018,20-Feb-18,0.7328
2018,Feb,20,20-Feb-2018,21-Feb-18,0.7333
2018,Feb,21,21-Feb-2018,22-Feb-18,0.7348
2018,Feb,22,22-Feb-2018,23-Feb-18,0.7366
2018,Feb,23,23-Feb-2018,26-Feb-18,0.745
2018,Feb,26,26-Feb-2018,27-Feb-18,0.7472
2018,Feb,27,27-Feb-2018,28-Feb-18,0.7487
2018,Feb,28,28-Feb-2018,1-Mar-18,0.7503
2018,Mar,01,01-Mar-2018,2-Mar-18,0.7495
2018,Mar,02,02-Mar-2018,5-Mar-18,0.7486
2018,Mar,05,05-Mar-2018,6-Mar-18,0.7483
2018,Mar,06,06-Mar-2018,7-Mar-18,0.7483
2018,Mar,07,07-Mar-2018,8-Mar-18,0.7503
2018,Mar,08,08-Mar-2018,9-Mar-18,0.7509
2018,Mar,09,09-Mar-2018,12-Mar-18,0.7524
2018,Mar,12,12-Mar-2018,13-Mar-18,0.7527
2018,Mar,13,13-Mar-2018,14-Mar-18,0.7535
2018,Mar,14,14-Mar-2018,15-Mar-18,0.755
2018,Mar,15,15-Mar-2018,16-Mar-18,0.7566
2018,Mar,16,16-Mar-2018,19-Mar-18,0.7554
2018,Mar,19,19-Mar-2018,20-Mar-18,0.7558
2018,Mar,20,20-Mar-2018,21-Mar-18,0.7557
2018,Mar,21,21-Mar-2018,22-Mar-18,0.7572
2018,Mar,22,22-Mar-2018,23-Mar-18,0.7575
2018,Mar,23,23-Mar-2018,26-Mar-18,0.759
2018,Mar,26,26-Mar-2018,27-Mar-18,0.7596
2018,Mar,27,27-Mar-2018,28-Mar-18,0.7599
2018,Mar,28,28-Mar-2018,29-Mar-18,0.76
2018,Mar,29,29-Mar-2018,2-Apr-18,0.7632
2018,Apr,02,02-Apr-2018,3-Apr-18,0.7637
2018,Apr,03,03-Apr-2018,4-Apr-18,0.7639
2018,Apr,04,04-Apr-2018,5-Apr-18,0.7642
2018,Apr,05,05-Apr-2018,6-Apr-18,0.7625
2018,Apr,06,06-Apr-2018,9-Apr-18,0.7553
2018,Apr,09,09-Apr-2018,10-Apr-18,0.7528
2018,Apr,10,10-Apr-2018,11-Apr-18,0.7511
2018,Apr,11,11-Apr-2018,12-Apr-18,0.7489
2018,Apr,12,12-Apr-2018,13-Apr-18,0.7467
2018,Apr,13,13-Apr-2018,16-Apr-18,0.7414
2018,Apr,16,16-Apr-2018,17-Apr-18,0.7395
2018,Apr,17,17-Apr-2018,18-Apr-18,0.7378
2018,Apr,18,18-Apr-2018,19-Apr-18,0.7364
2018,Apr,19,19-Apr-2018,20-Apr-18,0.7367
2018,Apr,20,20-Apr-2018,23-Apr-18,0.7361
2018,Apr,23,23-Apr-2018,24-Apr-18,0.7346
2018,Apr,24,24-Apr-2018,25-Apr-18,0.7327
2018,Apr,25,25-Apr-2018,26-Apr-18,0.7301
2018,Apr,26,26-Apr-2018,27-Apr-18,0.7294
2018,Apr,27,27-Apr-2018,30-Apr-18,0.7399
2018,Apr,30,30-Apr-2018,2-May-18,0.7419
2018,May,02,02-May-2018,3-May-18,0.7439
2018,May,03,03-May-2018,4-May-18,0.7454
2018,May,04,04-May-2018,7-May-18,0.7519
2018,May,07,07-May-2018,8-May-18,0.7556
2018,May,08,08-May-2018,9-May-18,0.7598
2018,May,09,09-May-2018,10-May-18,0.7638
2018,May,10,10-May-2018,11-May-18,0.7638
2018,May,11,11-May-2018,14-May-18,0.7634
2018,May,14,14-May-2018,15-May-18,0.7652
2018,May,15,15-May-2018,16-May-18,0.766
2018,May,16,16-May-2018,17-May-18,0.7664
2018,May,17,17-May-2018,18-May-18,0.7657
2018,May,18,18-May-2018,21-May-18,0.7644
2018,May,21,21-May-2018,22-May-18,0.7667
2018,May,22,22-May-2018,23-May-18,0.7696
2018,May,23,23-May-2018,24-May-18,0.7747
2018,May,24,24-May-2018,25-May-18,0.7774
2018,May,25,25-May-2018,28-May-18,0.7913
2018,May,28,28-May-2018,30-May-18,0.7971
2018,May,30,30-May-2018,31-May-18,0.8013
2018,May,31,31-May-2018,1-Jun-18,0.8005
2018,Jun,01,01-Jun-2018,4-Jun-18,0.797
2018,Jun,04,04-Jun-2018,5-Jun-18,0.7994
2018,Jun,05,05-Jun-2018,6-Jun-18,0.8032
2018,Jun,06,06-Jun-2018,7-Jun-18,0.8072
2018,Jun,07,07-Jun-2018,8-Jun-18,0.8092
2018,Jun,08,08-Jun-2018,11-Jun-18,0.8149
2018,Jun,11,11-Jun-2018,12-Jun-18,0.8164
2018,Jun,12,12-Jun-2018,13-Jun-18,0.8156
2018,Jun,13,13-Jun-2018,14-Jun-18,0.8142
2018,Jun,14,14-Jun-2018,18-Jun-18,0.8144
2018,Jun,18,18-Jun-2018,19-Jun-18,0.8127
2018,Jun,19,19-Jun-2018,20-Jun-18,0.8097
2018,Jun,20,20-Jun-2018,21-Jun-18,0.8073
2018,Jun,21,21-Jun-2018,22-Jun-18,0.8049
2018,Jun,22,22-Jun-2018,25-Jun-18,0.7916
2018,Jun,25,25-Jun-2018,26-Jun-18,0.7883
2018,Jun,26,26-Jun-2018,27-Jun-18,0.7869
2018,Jun,27,27-Jun-2018,28-Jun-18,0.7861
2018,Jun,28,28-Jun-2018,29-Jun-18,0.7865
2018,Jun,29,29-Jun-2018,2-Jul-18,0.7941
2018,Jul,02,02-Jul-2018,3-Jul-18,0.7952
2018,Jul,03,03-Jul-2018,4-Jul-18,0.7946
2018,Jul,04,04-Jul-2018,5-Jul-18,0.7958
2018,Jul,05,05-Jul-2018,6-Jul-18,0.7988
2018,Jul,06,06-Jul-2018,9-Jul-18,0.8187
2018,Jul,09,09-Jul-2018,10-Jul-18,0.8264
2018,Jul,10,10-Jul-2018,11-Jul-18,0.8334
2018,Jul,11,11-Jul-2018,12-Jul-18,0.8407
2018,Jul,12,12-Jul-2018,13-Jul-18,0.8451
2018,Jul,13,13-Jul-2018,16-Jul-18,0.859
2018,Jul,16,16-Jul-2018,17-Jul-18,0.8649
2018,Jul,17,17-Jul-2018,18-Jul-18,0.8684
2018,Jul,18,18-Jul-2018,19-Jul-18,0.8727
2018,Jul,19,19-Jul-2018,20-Jul-18,0.8744
2018,Jul,20,20-Jul-2018,23-Jul-18,0.8809
2018,Jul,23,23-Jul-2018,24-Jul-18,0.8877
2018,Jul,24,24-Jul-2018,25-Jul-18,0.8948
2018,Jul,25,25-Jul-2018,26-Jul-18,0.9
2018,Jul,26,26-Jul-2018,27-Jul-18,0.9055
2018,Jul,27,27-Jul-2018,30-Jul-18,0.9266
2018,Jul,30,30-Jul-2018,31-Jul-18,0.9316
2018,Jul,31,31-Jul-2018,1-Aug-18,0.9366
2018,Aug,01,01-Aug-2018,2-Aug-18,0.9424
2018,Aug,02,02-Aug-2018,3-Aug-18,0.9461
2018,Aug,03,03-Aug-2018,6-Aug-18,0.9624
2018,Aug,06,06-Aug-2018,7-Aug-18,0.9691
2018,Aug,07,07-Aug-2018,8-Aug-18,0.9735
2018,Aug,08,08-Aug-2018,10-Aug-18,0.9763
2018,Aug,10,10-Aug-2018,13-Aug-18,0.9774
2018,Aug,13,13-Aug-2018,14-Aug-18,0.9811
2018,Aug,14,14-Aug-2018,15-Aug-18,0.9857
2018,Aug,15,15-Aug-2018,16-Aug-18,0.9918
2018,Aug,16,16-Aug-2018,17-Aug-18,0.9942
2018,Aug,17,17-Aug-2018,20-Aug-18,0.9969
2018,Aug,20,20-Aug-2018,21-Aug-18,0.9959
2018,Aug,21,21-Aug-2018,23-Aug-18,0.9965
2018,Aug,23,23-Aug-2018,24-Aug-18,0.9942
2018,Aug,24,24-Aug-2018,27-Aug-18,0.9931
2018,Aug,27,27-Aug-2018,28-Aug-18,0.9931
2018,Aug,28,28-Aug-2018,29-Aug-18,0.9953
2018,Aug,29,29-Aug-2018,30-Aug-18,0.9973
2018,Aug,30,30-Aug-2018,31-Aug-18,0.9979
2018,Aug,31,31-Aug-2018,3-Sep-18,1.0069
2018,Sep,03,03-Sep-2018,4-Sep-18,1.0089
2018,Sep,04,04-Sep-2018,5-Sep-18,1.0116
2018,Sep,05,05-Sep-2018,6-Sep-18,1.0102
2018,Sep,06,06-Sep-2018,7-Sep-18,1.0099
2018,Sep,07,07-Sep-2018,10-Sep-18,1.0086
2018,Sep,10,10-Sep-2018,11-Sep-18,1.0076
2018,Sep,11,11-Sep-2018,12-Sep-18,1.0064
2018,Sep,12,12-Sep-2018,13-Sep-18,1.0069
2018,Sep,13,13-Sep-2018,14-Sep-18,1.0082
2018,Sep,14,14-Sep-2018,17-Sep-18,1.0169
2018,Sep,17,17-Sep-2018,18-Sep-18,1.0221
2018,Sep,18,18-Sep-2018,19-Sep-18,1.0275
2018,Sep,19,19-Sep-2018,20-Sep-18,1.0314
2018,Sep,20,20-Sep-2018,21-Sep-18,1.0354
2018,Sep,21,21-Sep-2018,24-Sep-18,1.0453
2018,Sep,24,24-Sep-2018,25-Sep-18,1.0472
2018,Sep,25,25-Sep-2018,26-Sep-18,1.0498
2018,Sep,26,26-Sep-2018,27-Sep-18,1.052
2018,Sep,27,27-Sep-2018,28-Sep-18,1.0536
2018,Sep,28,28-Sep-2018,1-Oct-18,1.0615
2018,Oct,01,01-Oct-2018,2-Oct-18,1.0637
2018,Oct,02,02-Oct-2018,3-Oct-18,1.066
2018,Oct,03,03-Oct-2018,4-Oct-18,1.0688
2018,Oct,04,04-Oct-2018,5-Oct-18,1.0734
2018,Oct,05,05-Oct-2018,8-Oct-18,1.0917
2018,Oct,08,08-Oct-2018,9-Oct-18,1.0967
2018,Oct,09,09-Oct-2018,10-Oct-18,1.102
2018,Oct,10,10-Oct-2018,11-Oct-18,1.1061
2018,Oct,11,11-Oct-2018,12-Oct-18,1.1106
2018,Oct,12,12-Oct-2018,15-Oct-18,1.1242
2018,Oct,15,15-Oct-2018,16-Oct-18,1.1282
2018,Oct,16,16-Oct-2018,17-Oct-18,1.1315
2018,Oct,17,17-Oct-2018,18-Oct-18,1.1349
2018,Oct,18,18-Oct-2018,19-Oct-18,1.1386
2018,Oct,19,19-Oct-2018,22-Oct-18,1.1396
2018,Oct,22,22-Oct-2018,23-Oct-18,1.1389
2018,Oct,23,23-Oct-2018,24-Oct-18,1.1394
2018,Oct,24,24-Oct-2018,25-Oct-18,1.1419
2018,Oct,25,25-Oct-2018,26-Oct-18,1.1446
2018,Oct,26,26-Oct-2018,29-Oct-18,1.141
2018,Oct,29,29-Oct-2018,30-Oct-18,1.1386
2018,Oct,30,30-Oct-2018,31-Oct-18,1.1397
2018,Oct,31,31-Oct-2018,1-Nov-18,1.1395
2018,Nov,01,01-Nov-2018,2-Nov-18,1.1398
2018,Nov,02,02-Nov-2018,5-Nov-18,1.147
2018,Nov,05,05-Nov-2018,7-Nov-18,1.1489
2018,Nov,07,07-Nov-2018,8-Nov-18,1.1481
2018,Nov,08,08-Nov-2018,9-Nov-18,1.1466
2018,Nov,09,09-Nov-2018,12-Nov-18,1.1486
2018,Nov,12,12-Nov-2018,13-Nov-18,1.1506
2018,Nov,13,13-Nov-2018,14-Nov-18,1.1527
2018,Nov,14,14-Nov-2018,15-Nov-18,1.1537
2018,Nov,15,15-Nov-2018,16-Nov-18,1.1579
2018,Nov,16,16-Nov-2018,19-Nov-18,1.1805
2018,Nov,19,19-Nov-2018,20-Nov-18,1.1886
2018,Nov,20,20-Nov-2018,21-Nov-18,1.1944
2018,Nov,21,21-Nov-2018,22-Nov-18,1.2
2018,Nov,22,22-Nov-2018,23-Nov-18,1.2046
2018,Nov,23,23-Nov-2018,26-Nov-18,1.2099
2018,Nov,26,26-Nov-2018,27-Nov-18,1.2102
2018,Nov,27,27-Nov-2018,28-Nov-18,1.2099
2018,Nov,28,28-Nov-2018,29-Nov-18,1.209
2018,Nov,29,29-Nov-2018,30-Nov-18,1.2106
2018,Nov,30,30-Nov-2018,3-Dec-18,1.224
2018,Dec,03,03-Dec-2018,4-Dec-18,1.2289
2018,Dec,04,04-Dec-2018,5-Dec-18,1.2299
2018,Dec,05,05-Dec-2018,6-Dec-18,1.2284
2018,Dec,06,06-Dec-2018,7-Dec-18,1.2229
2018,Dec,07,07-Dec-2018,10-Dec-18,1.2231
2018,Dec,10,10-Dec-2018,11-Dec-18,1.2231
2018,Dec,11,11-Dec-2018,12-Dec-18,1.2243
2018,Dec,12,12-Dec-2018,13-Dec-18,1.2288
2018,Dec,13,13-Dec-2018,14-Dec-18,1.2343
2018,Dec,14,14-Dec-2018,17-Dec-18,1.2476
2018,Dec,17,17-Dec-2018,18-Dec-18,1.2514
2018,Dec,18,18-Dec-2018,19-Dec-18,1.2572
2018,Dec,19,19-Dec-2018,20-Dec-18,1.2655
2018,Dec,20,20-Dec-2018,21-Dec-18,1.2739
2018,Dec,21,21-Dec-2018,24-Dec-18,1.2997
2018,Dec,24,24-Dec-2018,26-Dec-18,1.3147
2018,Dec,26,26-Dec-2018,27-Dec-18,1.3216
2018,Dec,27,27-Dec-2018,28-Dec-18,1.3264
2018,Dec,28,28-Dec-2018,31-Dec-18,1.3376
2018,Dec,31,31-Dec-2018,2-Jan-19,1.3423
2019,Jan,02,02-Jan-2019,3-Jan-19,1.3438
2019,Jan,03,03-Jan-2019,4-Jan-19,1.344
2019,Jan,04,04-Jan-2019,7-Jan-19,1.3475
2019,Jan,07,07-Jan-2019,8-Jan-19,1.3459
2019,Jan,08,08-Jan-2019,9-Jan-19,1.3442
2019,Jan,09,09-Jan-2019,10-Jan-19,1.3429
2019,Jan,10,10-Jan-2019,11-Jan-19,1.3411
2019,Jan,11,11-Jan-2019,14-Jan-19,1.3388
2019,Jan,14,14-Jan-2019,15-Jan-19,1.3384
2019,Jan,15,15-Jan-2019,16-Jan-19,1.3379
2019,Jan,16,16-Jan-2019,17-Jan-19,1.339
2019,Jan,17,17-Jan-2019,18-Jan-19,1.3432
2019,Jan,18,18-Jan-2019,21-Jan-19,1.3543
2019,Jan,21,21-Jan-2019,22-Jan-19,1.3565
2019,Jan,22,22-Jan-2019,23-Jan-19,1.3603
2019,Jan,23,23-Jan-2019,24-Jan-19,1.3627
2019,Jan,24,24-Jan-2019,25-Jan-19,1.3655
2019,Jan,25,25-Jan-2019,28-Jan-19,1.3742
2019,Jan,28,28-Jan-2019,29-Jan-19,1.3761
2019,Jan,29,29-Jan-2019,30-Jan-19,1.3782
2019,Jan,30,30-Jan-2019,31-Jan-19,1.3802
2019,Jan,31,31-Jan-2019,1-Feb-19,1.3811
2019,Feb,01,01-Feb-2019,4-Feb-19,1.3791
2019,Feb,04,04-Feb-2019,7-Feb-19,1.378
2019,Feb,07,07-Feb-2019,8-Feb-19,1.379
2019,Feb,08,08-Feb-2019,11-Feb-19,1.3866
2019,Feb,11,11-Feb-2019,12-Feb-19,1.3886
2019,Feb,12,12-Feb-2019,13-Feb-19,1.3906
2019,Feb,13,13-Feb-2019,14-Feb-19,1.3903
2019,Feb,14,14-Feb-2019,15-Feb-19,1.3915
2019,Feb,15,15-Feb-2019,18-Feb-19,1.3978
2019,Feb,18,18-Feb-2019,19-Feb-19,1.402
2019,Feb,19,19-Feb-2019,20-Feb-19,1.4069
2019,Feb,20,20-Feb-2019,21-Feb-19,1.4113
2019,Feb,21,21-Feb-2019,22-Feb-19,1.413
2019,Feb,22,22-Feb-2019,25-Feb-19,1.4194
2019,Feb,25,25-Feb-2019,26-Feb-19,1.4199
2019,Feb,26,26-Feb-2019,27-Feb-19,1.4201
2019,Feb,27,27-Feb-2019,28-Feb-19,1.4196
2019,Feb,28,28-Feb-2019,1-Mar-19,1.425
2019,Mar,01,01-Mar-2019,4-Mar-19,1.438
2019,Mar,04,04-Mar-2019,5-Mar-19,1.44
2019,Mar,05,05-Mar-2019,6-Mar-19,1.4439
2019,Mar,06,06-Mar-2019,7-Mar-19,1.4469
2019,Mar,07,07-Mar-2019,8-Mar-19,1.4494
2019,Mar,08,08-Mar-2019,11-Mar-19,1.4554
2019,Mar,11,11-Mar-2019,12-Mar-19,1.4583
2019,Mar,12,12-Mar-2019,13-Mar-19,1.4592
2019,Mar,13,13-Mar-2019,14-Mar-19,1.4604
2019,Mar,14,14-Mar-2019,15-Mar-19,1.4607
2019,Mar,15,15-Mar-2019,18-Mar-19,1.4632
2019,Mar,18,18-Mar-2019,19-Mar-19,1.463
2019,Mar,19,19-Mar-2019,20-Mar-19,1.4637
2019,Mar,20,20-Mar-2019,21-Mar-19,1.4648
2019,Mar,21,21-Mar-2019,22-Mar-19,1.466
2019,Mar,22,22-Mar-2019,25-Mar-19,1.4714
2019,Mar,25,25-Mar-2019,26-Mar-19,1.4734
2019,Mar,26,26-Mar-2019,27-Mar-19,1.4768
2019,Mar,27,27-Mar-2019,28-Mar-19,1.4815
2019,Mar,28,28-Mar-2019,29-Mar-19,1.4856
2019,Mar,29,29-Mar-2019,1-Apr-19,1.5023
2019,Apr,01,01-Apr-2019,2-Apr-19,1.5043
2019,Apr,02,02-Apr-2019,3-Apr-19,1.5068
2019,Apr,03,03-Apr-2019,4-Apr-19,1.5089
2019,Apr,04,04-Apr-2019,5-Apr-19,1.5098
2019,Apr,05,05-Apr-2019,8-Apr-19,1.5174
2019,Apr,08,08-Apr-2019,9-Apr-19,1.5213
2019,Apr,09,09-Apr-2019,10-Apr-19,1.5248
2019,Apr,10,10-Apr-2019,11-Apr-19,1.5287
2019,Apr,11,11-Apr-2019,12-Apr-19,1.5317
2019,Apr,12,12-Apr-2019,15-Apr-19,1.5399
2019,Apr,15,15-Apr-2019,16-Apr-19,1.5427
2019,Apr,16,16-Apr-2019,17-Apr-19,1.5466
2019,Apr,17,17-Apr-2019,18-Apr-19,1.5499
2019,Apr,18,18-Apr-2019,22-Apr-19,1.5609
2019,Apr,22,22-Apr-2019,23-Apr-19,1.564
2019,Apr,23,23-Apr-2019,24-Apr-19,1.5667
2019,Apr,24,24-Apr-2019,25-Apr-19,1.5687
2019,Apr,25,25-Apr-2019,26-Apr-19,1.571
2019,Apr,26,26-Apr-2019,29-Apr-19,1.5773
2019,Apr,29,29-Apr-2019,30-Apr-19,1.5804
2019,Apr,30,30-Apr-2019,2-May-19,1.5883
2019,May,02,02-May-2019,3-May-19,1.5904
2019,May,03,03-May-2019,6-May-19,1.5983
2019,May,06,06-May-2019,7-May-19,1.6019
2019,May,07,07-May-2019,8-May-19,1.6069
2019,May,08,08-May-2019,9-May-19,1.6108
2019,May,09,09-May-2019,10-May-19,1.6133
2019,May,10,10-May-2019,13-May-19,1.6223
2019,May,13,13-May-2019,14-May-19,1.6248
2019,May,14,14-May-2019,15-May-19,1.6286
2019,May,15,15-May-2019,16-May-19,1.63
2019,May,16,16-May-2019,17-May-19,1.6296
2019,May,17,17-May-2019,21-May-19,1.635
2019,May,21,21-May-2019,22-May-19,1.6349
2019,May,22,22-May-2019,23-May-19,1.6361
2019,May,23,23-May-2019,24-May-19,1.6354
2019,May,24,24-May-2019,27-May-19,1.6383
2019,May,27,27-May-2019,28-May-19,1.64
2019,May,28,28-May-2019,29-May-19,1.6427
2019,May,29,29-May-2019,30-May-19,1.6433
2019,May,30,30-May-2019,31-May-19,1.643
2019,May,31,31-May-2019,3-Jun-19,1.6416
2019,Jun,03,03-Jun-2019,4-Jun-19,1.6409
2019,Jun,04,04-Jun-2019,6-Jun-19,1.6429
2019,Jun,06,06-Jun-2019,7-Jun-19,1.6479
2019,Jun,07,07-Jun-2019,10-Jun-19,1.6617
2019,Jun,10,10-Jun-2019,11-Jun-19,1.6664
2019,Jun,11,11-Jun-2019,12-Jun-19,1.6707
2019,Jun,12,12-Jun-2019,13-Jun-19,1.672
2019,Jun,13,13-Jun-2019,14-Jun-19,1.6696
2019,Jun,14,14-Jun-2019,17-Jun-19,1.6653
2019,Jun,17,17-Jun-2019,18-Jun-19,1.6642
2019,Jun,18,18-Jun-2019,19-Jun-19,1.6632
2019,Jun,19,19-Jun-2019,20-Jun-19,1.6595
2019,Jun,20,20-Jun-2019,21-Jun-19,1.6553
2019,Jun,21,21-Jun-2019,24-Jun-19,1.6474
2019,Jun,24,24-Jun-2019,25-Jun-19,1.6452
2019,Jun,25,25-Jun-2019,26-Jun-19,1.6423
2019,Jun,26,26-Jun-2019,27-Jun-19,1.6377
2019,Jun,27,27-Jun-2019,28-Jun-19,1.6361
2019,Jun,28,28-Jun-2019,1-Jul-19,1.6324
2019,Jul,01,01-Jul-2019,2-Jul-19,1.6312
2019,Jul,02,02-Jul-2019,3-Jul-19,1.6329
2019,Jul,03,03-Jul-2019,4-Jul-19,1.6363
2019,Jul,04,04-Jul-2019,5-Jul-19,1.6367
2019,Jul,05,05-Jul-2019,8-Jul-19,1.6417
2019,Jul,08,08-Jul-2019,9-Jul-19,1.6434
2019,Jul,09,09-Jul-2019,10-Jul-19,1.6448
2019,Jul,10,10-Jul-2019,11-Jul-19,1.6467
2019,Jul,11,11-Jul-2019,12-Jul-19,1.6475
2019,Jul,12,12-Jul-2019,15-Jul-19,1.6512
2019,Jul,15,15-Jul-2019,16-Jul-19,1.6528
2019,Jul,16,16-Jul-2019,17-Jul-19,1.6528
2019,Jul,17,17-Jul-2019,18-Jul-19,1.6524
2019,Jul,18,18-Jul-2019,19-Jul-19,1.6521
2019,Jul,19,19-Jul-2019,22-Jul-19,1.6551
2019,Jul,22,22-Jul-2019,23-Jul-19,1.6553
2019,Jul,23,23-Jul-2019,24-Jul-19,1.6544
2019,Jul,24,24-Jul-2019,25-Jul-19,1.6528
2019,Jul,25,25-Jul-2019,26-Jul-19,1.6518
2019,Jul,26,26-Jul-2019,29-Jul-19,1.6495
2019,Jul,29,29-Jul-2019,30-Jul-19,1.6485
2019,Jul,30,30-Jul-2019,31-Jul-19,1.6487
2019,Jul,31,31-Jul-2019,1-Aug-19,1.6489
2019,Aug,01,01-Aug-2019,2-Aug-19,1.6492
2019,Aug,02,02-Aug-2019,5-Aug-19,1.6495
2019,Aug,05,05-Aug-2019,6-Aug-19,1.6496
2019,Aug,06,06-Aug-2019,7-Aug-19,1.6504
2019,Aug,07,07-Aug-2019,8-Aug-19,1.6503
2019,Aug,08,08-Aug-2019,13-Aug-19,1.6505
2019,Aug,13,13-Aug-2019,14-Aug-19,1.6502
2019,Aug,14,14-Aug-2019,15-Aug-19,1.6504
2019,Aug,15,15-Aug-2019,16-Aug-19,1.6502
2019,Aug,16,16-Aug-2019,19-Aug-19,1.6514
2019,Aug,19,19-Aug-2019,20-Aug-19,1.6497
2019,Aug,20,20-Aug-2019,21-Aug-19,1.6482
2019,Aug,21,21-Aug-2019,22-Aug-19,1.647
2019,Aug,22,22-Aug-2019,23-Aug-19,1.6445
2019,Aug,23,23-Aug-2019,26-Aug-19,1.6378
2019,Aug,26,26-Aug-2019,27-Aug-19,1.6365
2019,Aug,27,27-Aug-2019,28-Aug-19,1.6366
2019,Aug,28,28-Aug-2019,29-Aug-19,1.6366
2019,Aug,29,29-Aug-2019,30-Aug-19,1.6382
2019,Aug,30,30-Aug-2019,2-Sep-19,1.639
2019,Sep,02,02-Sep-2019,3-Sep-19,1.637
2019,Sep,03,03-Sep-2019,4-Sep-19,1.6354
2019,Sep,04,04-Sep-2019,5-Sep-19,1.6358
2019,Sep,05,05-Sep-2019,6-Sep-19,1.6373
2019,Sep,06,06-Sep-2019,9-Sep-19,1.6443
2019,Sep,09,09-Sep-2019,10-Sep-19,1.6478
2019,Sep,10,10-Sep-2019,11-Sep-19,1.6507
2019,Sep,11,11-Sep-2019,12-Sep-19,1.6533
2019,Sep,12,12-Sep-2019,13-Sep-19,1.6558
2019,Sep,13,13-Sep-2019,16-Sep-19,1.6617
2019,Sep,16,16-Sep-2019,17-Sep-19,1.6634
2019,Sep,17,17-Sep-2019,18-Sep-19,1.6644
2019,Sep,18,18-Sep-2019,19-Sep-19,1.6643
2019,Sep,19,19-Sep-2019,20-Sep-19,1.6606
2019,Sep,20,20-Sep-2019,23-Sep-19,1.6452
2019,Sep,23,23-Sep-2019,24-Sep-19,1.6402
2019,Sep,24,24-Sep-2019,25-Sep-19,1.6378
2019,Sep,25,25-Sep-2019,26-Sep-19,1.6374
2019,Sep,26,26-Sep-2019,27-Sep-19,1.6369
2019,Sep,27,27-Sep-2019,30-Sep-19,1.6304
2019,Sep,30,30-Sep-2019,1-Oct-19,1.6242
2019,Oct,01,01-Oct-2019,2-Oct-19,1.6234
2019,Oct,02,02-Oct-2019,3-Oct-19,1.623
2019,Oct,03,03-Oct-2019,4-Oct-19,1.622
2019,Oct,04,04-Oct-2019,7-Oct-19,1.6133
2019,Oct,07,07-Oct-2019,8-Oct-19,1.6099
2019,Oct,08,08-Oct-2019,9-Oct-19,1.6055
2019,Oct,09,09-Oct-2019,10-Oct-19,1.6015
2019,Oct,10,10-Oct-2019,11-Oct-19,1.5984
2019,Oct,11,11-Oct-2019,14-Oct-19,1.5923
2019,Oct,14,14-Oct-2019,15-Oct-19,1.5891
2019,Oct,15,15-Oct-2019,16-Oct-19,1.5863
2019,Oct,16,16-Oct-2019,17-Oct-19,1.584
2019,Oct,17,17-Oct-2019,18-Oct-19,1.5821
2019,Oct,18,18-Oct-2019,21-Oct-19,1.5739
2019,Oct,21,21-Oct-2019,22-Oct-19,1.5716
2019,Oct,22,22-Oct-2019,23-Oct-19,1.5696
2019,Oct,23,23-Oct-2019,24-Oct-19,1.5689
2019,Oct,24,24-Oct-2019,25-Oct-19,1.5679
2019,Oct,25,25-Oct-2019,29-Oct-19,1.5689
2019,Oct,29,29-Oct-2019,30-Oct-19,1.5682
2019,Oct,30,30-Oct-2019,31-Oct-19,1.5689
2019,Oct,31,31-Oct-2019,1-Nov-19,1.5665
2019,Nov,01,01-Nov-2019,4-Nov-19,1.5557
2019,Nov,04,04-Nov-2019,5-Nov-19,1.5509
2019,Nov,05,05-Nov-2019,6-Nov-19,1.5449
2019,Nov,06,06-Nov-2019,7-Nov-19,1.5383
2019,Nov,07,07-Nov-2019,8-Nov-19,1.5295
2019,Nov,08,08-Nov-2019,11-Nov-19,1.5119
2019,Nov,11,11-Nov-2019,12-Nov-19,1.5058
2019,Nov,12,12-Nov-2019,13-Nov-19,1.5013
2019,Nov,13,13-Nov-2019,14-Nov-19,1.4969
2019,Nov,14,14-Nov-2019,15-Nov-19,1.4918
2019,Nov,15,15-Nov-2019,18-Nov-19,1.4793
2019,Nov,18,18-Nov-2019,19-Nov-19,1.4739
2019,Nov,19,19-Nov-2019,20-Nov-19,1.4687
2019,Nov,20,20-Nov-2019,21-Nov-19,1.465
2019,Nov,21,21-Nov-2019,22-Nov-19,1.4641
2019,Nov,22,22-Nov-2019,25-Nov-19,1.4627
2019,Nov,25,25-Nov-2019,26-Nov-19,1.4619
2019,Nov,26,26-Nov-2019,27-Nov-19,1.461
2019,Nov,27,27-Nov-2019,28-Nov-19,1.4595
2019,Nov,28,28-Nov-2019,29-Nov-19,1.4573
2019,Nov,29,29-Nov-2019,2-Dec-19,1.4522
2019,Dec,02,02-Dec-2019,3-Dec-19,1.4502
2019,Dec,03,03-Dec-2019,4-Dec-19,1.4473
2019,Dec,04,04-Dec-2019,5-Dec-19,1.4447
2019,Dec,05,05-Dec-2019,6-Dec-19,1.4429
2019,Dec,06,06-Dec-2019,9-Dec-19,1.4357
2019,Dec,09,09-Dec-2019,10-Dec-19,1.4324
2019,Dec,10,10-Dec-2019,11-Dec-19,1.4291
2019,Dec,11,11-Dec-2019,12-Dec-19,1.4245
2019,Dec,12,12-Dec-2019,13-Dec-19,1.42
2019,Dec,13,13-Dec-2019,16-Dec-19,1.4184
2019,Dec,16,16-Dec-2019,17-Dec-19,1.4149
2019,Dec,17,17-Dec-2019,18-Dec-19,1.4107
2019,Dec,18,18-Dec-2019,19-Dec-19,1.4045
2019,Dec,19,19-Dec-2019,20-Dec-19,1.4029
2019,Dec,20,20-Dec-2019,23-Dec-19,1.4021
2019,Dec,23,23-Dec-2019,24-Dec-19,1.4039
2019,Dec,24,24-Dec-2019,26-Dec-19,1.4086
2019,Dec,26,26-Dec-2019,27-Dec-19,1.4086
2019,Dec,27,27-Dec-2019,30-Dec-19,1.4022
2019,Dec,30,30-Dec-2019,31-Dec-19,1.4002
2019,Dec,31,31-Dec-2019,2-Jan-20,1.3974
2020,Jan,02,02-Jan-2020,3-Jan-20,1.3979
2020,Jan,03,03-Jan-2020,6-Jan-20,1.3939
2020,Jan,06,06-Jan-2020,7-Jan-20,1.3908
2020,Jan,07,07-Jan-2020,8-Jan-20,1.3881
2020,Jan,08,08-Jan-2020,9-Jan-20,1.3858
2020,Jan,09,09-Jan-2020,10-Jan-20,1.3835
2020,Jan,10,10-Jan-2020,13-Jan-20,1.3807
2020,Jan,13,13-Jan-2020,14-Jan-20,1.3791
2020,Jan,14,14-Jan-2020,15-Jan-20,1.3762
2020,Jan,15,15-Jan-2020,16-Jan-20,1.3734
2020,Jan,16,16-Jan-2020,17-Jan-20,1.371
2020,Jan,17,17-Jan-2020,20-Jan-20,1.364
2020,Jan,20,20-Jan-2020,21-Jan-20,1.3587
2020,Jan,21,21-Jan-2020,22-Jan-20,1.3548
2020,Jan,22,22-Jan-2020,23-Jan-20,1.3509
2020,Jan,23,23-Jan-2020,24-Jan-20,1.3471
2020,Jan,24,24-Jan-2020,28-Jan-20,1.3391
2020,Jan,28,28-Jan-2020,29-Jan-20,1.3366
2020,Jan,29,29-Jan-2020,30-Jan-20,1.3331
2020,Jan,30,30-Jan-2020,31-Jan-20,1.3299
2020,Jan,31,31-Jan-2020,3-Feb-20,1.3277
2020,Feb,03,03-Feb-2020,4-Feb-20,1.3265
2020,Feb,04,04-Feb-2020,5-Feb-20,1.3233
2020,Feb,05,05-Feb-2020,6-Feb-20,1.3198
2020,Feb,06,06-Feb-2020,7-Feb-20,1.3147
2020,Feb,07,07-Feb-2020,10-Feb-20,1.2991
2020,Feb,10,10-Feb-2020,11-Feb-20,1.2944
2020,Feb,11,11-Feb-2020,12-Feb-20,1.2891
2020,Feb,12,12-Feb-2020,13-Feb-20,1.2834
2020,Feb,13,13-Feb-2020,14-Feb-20,1.2793
2020,Feb,14,14-Feb-2020,17-Feb-20,1.2703
2020,Feb,17,17-Feb-2020,18-Feb-20,1.2668
2020,Feb,18,18-Feb-2020,19-Feb-20,1.2641
2020,Feb,19,19-Feb-2020,20-Feb-20,1.2623
2020,Feb,20,20-Feb-2020,21-Feb-20,1.2588
2020,Feb,21,21-Feb-2020,24-Feb-20,1.2499
2020,Feb,24,24-Feb-2020,25-Feb-20,1.2479
2020,Feb,25,25-Feb-2020,26-Feb-20,1.2461
2020,Feb,26,26-Feb-2020,27-Feb-20,1.2438
2020,Feb,27,27-Feb-2020,28-Feb-20,1.2412
2020,Feb,28,28-Feb-2020,2-Mar-20,1.2271
2020,Mar,02,02-Mar-2020,3-Mar-20,1.2239
2020,Mar,03,03-Mar-2020,4-Mar-20,1.219
2020,Mar,04,04-Mar-2020,5-Mar-20,1.2135
2020,Mar,05,05-Mar-2020,6-Mar-20,1.2076
2020,Mar,06,06-Mar-2020,9-Mar-20,1.1922
2020,Mar,09,09-Mar-2020,10-Mar-20,1.1866
2020,Mar,10,10-Mar-2020,11-Mar-20,1.181
2020,Mar,11,11-Mar-2020,12-Mar-20,1.1742
2020,Mar,12,12-Mar-2020,13-Mar-20,1.169
2020,Mar,13,13-Mar-2020,16-Mar-20,1.1529
2020,Mar,16,16-Mar-2020,17-Mar-20,1.1465
2020,Mar,17,17-Mar-2020,18-Mar-20,1.1418
2020,Mar,18,18-Mar-2020,19-Mar-20,1.138
2020,Mar,19,19-Mar-2020,20-Mar-20,1.1363
2020,Mar,20,20-Mar-2020,23-Mar-20,1.1335
2020,Mar,23,23-Mar-2020,24-Mar-20,1.1312
2020,Mar,24,24-Mar-2020,25-Mar-20,1.1258
2020,Mar,25,25-Mar-2020,26-Mar-20,1.1187
2020,Mar,26,26-Mar-2020,27-Mar-20,1.1114
2020,Mar,27,27-Mar-2020,30-Mar-20,1.0878
2020,Mar,30,30-Mar-2020,31-Mar-20,1.083
2020,Mar,31,31-Mar-2020,1-Apr-20,1.075
2020,Apr,01,01-Apr-2020,2-Apr-20,1.0686
2020,Apr,02,02-Apr-2020,3-Apr-20,1.0619
2020,Apr,03,03-Apr-2020,6-Apr-20,1.0466
2020,Apr,06,06-Apr-2020,7-Apr-20,1.0419
2020,Apr,07,07-Apr-2020,8-Apr-20,1.038
2020,Apr,08,08-Apr-2020,9-Apr-20,1.036
2020,Apr,09,09-Apr-2020,13-Apr-20,1.0232
2020,Apr,13,13-Apr-2020,14-Apr-20,1.0179
2020,Apr,14,14-Apr-2020,15-Apr-20,1.0142
2020,Apr,15,15-Apr-2020,16-Apr-20,1.0106
2020,Apr,16,16-Apr-2020,17-Apr-20,1.0059
2020,Apr,17,17-Apr-2020,20-Apr-20,0.9883
2020,Apr,20,20-Apr-2020,21-Apr-20,0.9821
2020,Apr,21,21-Apr-2020,22-Apr-20,0.975
2020,Apr,22,22-Apr-2020,23-Apr-20,0.9677
2020,Apr,23,23-Apr-2020,24-Apr-20,0.9593
2020,Apr,24,24-Apr-2020,27-Apr-20,0.9333
2020,Apr,27,27-Apr-2020,28-Apr-20,0.9245
2020,Apr,28,28-Apr-2020,29-Apr-20,0.9156
2020,Apr,29,29-Apr-2020,30-Apr-20,0.9069
2020,Apr,30,30-Apr-2020,4-May-20,0.8733
2020,May,04,04-May-2020,5-May-20,0.8679
2020,May,05,05-May-2020,6-May-20,0.8634
2020,May,06,06-May-2020,8-May-20,0.8565
2020,May,08,08-May-2020,11-May-20,0.8445
2020,May,11,11-May-2020,12-May-20,0.841
2020,May,12,12-May-2020,13-May-20,0.836
2020,May,13,13-May-2020,14-May-20,0.8312
2020,May,14,14-May-2020,15-May-20,0.8262
2020,May,15,15-May-2020,18-May-20,0.8084
2020,May,18,18-May-2020,19-May-20,0.8027
2020,May,19,19-May-2020,20-May-20,0.7968
2020,May,20,20-May-2020,21-May-20,0.7893
2020,May,21,21-May-2020,22-May-20,0.7811
2020,May,22,22-May-2020,26-May-20,0.7479
2020,May,26,26-May-2020,27-May-20,0.74
2020,May,27,27-May-2020,28-May-20,0.7327
2020,May,28,28-May-2020,29-May-20,0.7253
2020,May,29,29-May-2020,1-Jun-20,0.7056
2020,Jun,01,01-Jun-2020,2-Jun-20,0.697
2020,Jun,02,02-Jun-2020,3-Jun-20,0.6888
2020,Jun,03,03-Jun-2020,4-Jun-20,0.6822
2020,Jun,04,04-Jun-2020,5-Jun-20,0.6761
2020,Jun,05,05-Jun-2020,8-Jun-20,0.6551
2020,Jun,08,08-Jun-2020,9-Jun-20,0.6482
2020,Jun,09,09-Jun-2020,10-Jun-20,0.6409
2020,Jun,10,10-Jun-2020,11-Jun-20,0.6339
2020,Jun,11,11-Jun-2020,12-Jun-20,0.6274
2020,Jun,12,12-Jun-2020,15-Jun-20,0.6113
2020,Jun,15,15-Jun-2020,16-Jun-20,0.6056
2020,Jun,16,16-Jun-2020,17-Jun-20,0.6025
2020,Jun,17,17-Jun-2020,18-Jun-20,0.6002
2020,Jun,18,18-Jun-2020,19-Jun-20,0.5992
2020,Jun,19,19-Jun-2020,22-Jun-20,0.5801
2020,Jun,22,22-Jun-2020,23-Jun-20,0.573
2020,Jun,23,23-Jun-2020,24-Jun-20,0.5634
2020,Jun,24,24-Jun-2020,25-Jun-20,0.5534
2020,Jun,25,25-Jun-2020,26-Jun-20,0.544
2020,Jun,26,26-Jun-2020,29-Jun-20,0.5262
2020,Jun,29,29-Jun-2020,30-Jun-20,0.5205
2020,Jun,30,30-Jun-2020,1-Jul-20,0.5111
2020,Jul,01,01-Jul-2020,2-Jul-20,0.5042
2020,Jul,02,02-Jul-2020,3-Jul-20,0.4953
2020,Jul,03,03-Jul-2020,6-Jul-20,0.4766
2020,Jul,06,06-Jul-2020,7-Jul-20,0.4716
2020,Jul,07,07-Jul-2020,8-Jul-20,0.466
2020,Jul,08,08-Jul-2020,9-Jul-20,0.4606
2020,Jul,09,09-Jul-2020,13-Jul-20,0.4356
2020,Jul,13,13-Jul-2020,14-Jul-20,0.4299
2020,Jul,14,14-Jul-2020,15-Jul-20,0.4255
2020,Jul,15,15-Jul-2020,16-Jul-20,0.4209
2020,Jul,16,16-Jul-2020,17-Jul-20,0.416
2020,Jul,17,17-Jul-2020,20-Jul-20,0.3968
2020,Jul,20,20-Jul-2020,21-Jul-20,0.3926
2020,Jul,21,21-Jul-2020,22-Jul-20,0.387
2020,Jul,22,22-Jul-2020,23-Jul-20,0.3815
2020,Jul,23,23-Jul-2020,24-Jul-20,0.3773
2020,Jul,24,24-Jul-2020,27-Jul-20,0.361
2020,Jul,27,27-Jul-2020,28-Jul-20,0.3556
2020,Jul,28,28-Jul-2020,29-Jul-20,0.3505
2020,Jul,29,29-Jul-2020,30-Jul-20,0.3452
2020,Jul,30,30-Jul-2020,3-Aug-20,0.3127
2020,Aug,03,03-Aug-2020,4-Aug-20,0.3054
2020,Aug,04,04-Aug-2020,5-Aug-20,0.2996
2020,Aug,05,05-Aug-2020,6-Aug-20,0.2937
2020,Aug,06,06-Aug-2020,7-Aug-20,0.2886
2020,Aug,07,07-Aug-2020,11-Aug-20,0.2737
2020,Aug,11,11-Aug-2020,12-Aug-20,0.2696
2020,Aug,12,12-Aug-2020,13-Aug-20,0.2658
2020,Aug,13,13-Aug-2020,14-Aug-20,0.2612
2020,Aug,14,14-Aug-2020,17-Aug-20,0.2455
2020,Aug,17,17-Aug-2020,18-Aug-20,0.2407
2020,Aug,18,18-Aug-2020,19-Aug-20,0.2352
2020,Aug,19,19-Aug-2020,20-Aug-20,0.23
2020,Aug,20,20-Aug-2020,21-Aug-20,0.2269
2020,Aug,21,21-Aug-2020,24-Aug-20,0.2155
2020,Aug,24,24-Aug-2020,25-Aug-20,0.2107
2020,Aug,25,25-Aug-2020,26-Aug-20,0.2057
2020,Aug,26,26-Aug-2020,27-Aug-20,0.2008
2020,Aug,27,27-Aug-2020,28-Aug-20,0.1961
2020,Aug,28,28-Aug-2020,31-Aug-20,0.1903
2020,Aug,31,31-Aug-2020,1-Sep-20,0.1846
2020,Sep,01,01-Sep-2020,2-Sep-20,0.1785
2020,Sep,02,02-Sep-2020,3-Sep-20,0.1743
2020,Sep,03,03-Sep-2020,4-Sep-20,0.1713
2020,Sep,04,04-Sep-2020,7-Sep-20,0.1632
2020,Sep,07,07-Sep-2020,8-Sep-20,0.1598
2020,Sep,08,08-Sep-2020,9-Sep-20,0.1563
2020,Sep,09,09-Sep-2020,10-Sep-20,0.1528
2020,Sep,10,10-Sep-2020,11-Sep-20,0.1499
2020,Sep,11,11-Sep-2020,14-Sep-20,0.1447
2020,Sep,14,14-Sep-2020,15-Sep-20,0.1424
2020,Sep,15,15-Sep-2020,16-Sep-20,0.1398
2020,Sep,16,16-Sep-2020,17-Sep-20,0.1381
2020,Sep,17,17-Sep-2020,18-Sep-20,0.1351
2020,Sep,18,18-Sep-2020,21-Sep-20,0.1294
2020,Sep,21,21-Sep-2020,22-Sep-20,0.1275
2020,Sep,22,22-Sep-2020,23-Sep-20,0.125
2020,Sep,23,23-Sep-2020,24-Sep-20,0.1239
2020,Sep,24,24-Sep-2020,25-Sep-20,0.1235
2020,Sep,25,25-Sep-2020,28-Sep-20,0.1219
2020,Sep,28,28-Sep-2020,29-Sep-20,0.1219
2020,Sep,29,29-Sep-2020,30-Sep-20,0.1214
2020,Sep,30,30-Sep-2020,1-Oct-20,0.1199
2020,Oct,01,01-Oct-2020,2-Oct-20,0.1187
2020,Oct,02,02-Oct-2020,5-Oct-20,0.116
2020,Oct,05,05-Oct-2020,6-Oct-20,0.1154
2020,Oct,06,06-Oct-2020,7-Oct-20,0.1149
2020,Oct,07,07-Oct-2020,8-Oct-20,0.1138
2020,Oct,08,08-Oct-2020,9-Oct-20,0.1108
2020,Oct,09,09-Oct-2020,12-Oct-20,0.1042
2020,Oct,12,12-Oct-2020,13-Oct-20,0.1017
2020,Oct,13,13-Oct-2020,14-Oct-20,0.1004
2020,Oct,14,14-Oct-2020,15-Oct-20,0.0989
2020,Oct,15,15-Oct-2020,16-Oct-20,0.0974
2020,Oct,16,16-Oct-2020,19-Oct-20,0.0951
2020,Oct,19,19-Oct-2020,20-Oct-20,0.0945
2020,Oct,20,20-Oct-2020,21-Oct-20,0.0945
2020,Oct,21,21-Oct-2020,22-Oct-20,0.0945
2020,Oct,22,22-Oct-2020,23-Oct-20,0.0947
2020,Oct,23,23-Oct-2020,26-Oct-20,0.0954
2020,Oct,26,26-Oct-2020,27-Oct-20,0.0955
2020,Oct,27,27-Oct-2020,28-Oct-20,0.0954
2020,Oct,28,28-Oct-2020,29-Oct-20,0.0955
2020,Oct,29,29-Oct-2020,30-Oct-20,0.0953
2020,Oct,30,30-Oct-2020,2-Nov-20,0.0989
2020,Nov,02,02-Nov-2020,3-Nov-20,0.0992
2020,Nov,03,03-Nov-2020,4-Nov-20,0.0992
2020,Nov,04,04-Nov-2020,5-Nov-20,0.0991
2020,Nov,05,05-Nov-2020,6-Nov-20,0.099
2020,Nov,06,06-Nov-2020,9-Nov-20,0.0996
2020,Nov,09,09-Nov-2020,10-Nov-20,0.0999
2020,Nov,10,10-Nov-2020,11-Nov-20,0.1001
2020,Nov,11,11-Nov-2020,12-Nov-20,0.1003
2020,Nov,12,12-Nov-2020,13-Nov-20,0.1005
2020,Nov,13,13-Nov-2020,16-Nov-20,0.1016
2020,Nov,16,16-Nov-2020,17-Nov-20,0.1023
2020,Nov,17,17-Nov-2020,18-Nov-20,0.1027
2020,Nov,18,18-Nov-2020,19-Nov-20,0.103
2020,Nov,19,19-Nov-2020,20-Nov-20,0.1035
2020,Nov,20,20-Nov-2020,23-Nov-20,0.1044
2020,Nov,23,23-Nov-2020,24-Nov-20,0.1045
2020,Nov,24,24-Nov-2020,25-Nov-20,0.105
2020,Nov,25,25-Nov-2020,26-Nov-20,0.1053
2020,Nov,26,26-Nov-2020,27-Nov-20,0.1055
2020,Nov,27,27-Nov-2020,30-Nov-20,0.1069
2020,Nov,30,30-Nov-2020,1-Dec-20,0.1072
2020,Dec,01,01-Dec-2020,2-Dec-20,0.1079
2020,Dec,02,02-Dec-2020,3-Dec-20,0.1086
2020,Dec,03,03-Dec-2020,4-Dec-20,0.1092
2020,Dec,04,04-Dec-2020,7-Dec-20,0.1098
2020,Dec,07,07-Dec-2020,8-Dec-20,0.1101
2020,Dec,08,08-Dec-2020,9-Dec-20,0.1104
2020,Dec,09,09-Dec-2020,10-Dec-20,0.1107
2020,Dec,10,10-Dec-2020,11-Dec-20,0.1109
2020,Dec,11,11-Dec-2020,14-Dec-20,0.1103
2020,Dec,14,14-Dec-2020,15-Dec-20,0.1102
2020,Dec,15,15-Dec-2020,16-Dec-20,0.11
2020,Dec,16,16-Dec-2020,17-Dec-20,0.1101
2020,Dec,17,17-Dec-2020,18-Dec-20,0.1104
2020,Dec,18,18-Dec-2020,21-Dec-20,0.111
2020,Dec,21,21-Dec-2020,22-Dec-20,0.1112
2020,Dec,22,22-Dec-2020,23-Dec-20,0.1112
2020,Dec,23,23-Dec-2020,24-Dec-20,0.1113
2020,Dec,24,24-Dec-2020,28-Dec-20,0.1129
2020,Dec,28,28-Dec-2020,29-Dec-20,0.1126
2020,Dec,29,29-Dec-2020,30-Dec-20,0.113
2020,Dec,30,30-Dec-2020,31-Dec-20,0.114
2020,Dec,31,31-Dec-2020,4-Jan-21,0.1321
2021,Jan,04,04-Jan-2021,5-Jan-21,0.1321
2021,Jan,05,05-Jan-2021,6-Jan-21,0.1322
2021,Jan,06,06-Jan-2021,7-Jan-21,0.1326
2021,Jan,07,07-Jan-2021,8-Jan-21,0.1335
2021,Jan,08,08-Jan-2021,11-Jan-21,0.1365
2021,Jan,11,11-Jan-2021,12-Jan-21,0.1376
2021,Jan,12,12-Jan-2021,13-Jan-21,0.1383
2021,Jan,13,13-Jan-2021,14-Jan-21,0.1389
2021,Jan,14,14-Jan-2021,15-Jan-21,0.1393
2021,Jan,15,15-Jan-2021,18-Jan-21,0.1406
2021,Jan,18,18-Jan-2021,19-Jan-21,0.1414
2021,Jan,19,19-Jan-2021,20-Jan-21,0.142
2021,Jan,20,20-Jan-2021,21-Jan-21,0.1425
2021,Jan,21,21-Jan-2021,22-Jan-21,0.1429
2021,Jan,22,22-Jan-2021,25-Jan-21,0.1422
2021,Jan,25,25-Jan-2021,26-Jan-21,0.1414
2021,Jan,26,26-Jan-2021,27-Jan-21,0.1406
2021,Jan,27,27-Jan-2021,28-Jan-21,0.1398
2021,Jan,28,28-Jan-2021,29-Jan-21,0.1398
2021,Jan,29,29-Jan-2021,1-Feb-21,0.142
2021,Feb,01,01-Feb-2021,2-Feb-21,0.1426
2021,Feb,02,02-Feb-2021,3-Feb-21,0.1428
2021,Feb,03,03-Feb-2021,4-Feb-21,0.1425
2021,Feb,04,04-Feb-2021,5-Feb-21,0.1425
2021,Feb,05,05-Feb-2021,8-Feb-21,0.1427
2021,Feb,08,08-Feb-2021,9-Feb-21,0.1425
2021,Feb,09,09-Feb-2021,10-Feb-21,0.1425
2021,Feb,10,10-Feb-2021,11-Feb-21,0.1427
2021,Feb,11,11-Feb-2021,15-Feb-21,0.1485
2021,Feb,15,15-Feb-2021,16-Feb-21,0.1489
2021,Feb,16,16-Feb-2021,17-Feb-21,0.1492
2021,Feb,17,17-Feb-2021,18-Feb-21,0.1492
2021,Feb,18,18-Feb-2021,19-Feb-21,0.149
2021,Feb,19,19-Feb-2021,22-Feb-21,0.1524
2021,Feb,22,22-Feb-2021,23-Feb-21,0.1534
2021,Feb,23,23-Feb-2021,24-Feb-21,0.1541
2021,Feb,24,24-Feb-2021,25-Feb-21,0.1547
2021,Feb,25,25-Feb-2021,26-Feb-21,0.1557
2021,Feb,26,26-Feb-2021,1-Mar-21,0.1576
2021,Mar,01,01-Mar-2021,2-Mar-21,0.1575
2021,Mar,02,02-Mar-2021,3-Mar-21,0.1574
2021,Mar,03,03-Mar-2021,4-Mar-21,0.1573
2021,Mar,04,04-Mar-2021,5-Mar-21,0.1574
2021,Mar,05,05-Mar-2021,8-Mar-21,0.1589
2021,Mar,08,08-Mar-2021,9-Mar-21,0.1597
2021,Mar,09,09-Mar-2021,10-Mar-21,0.1603
2021,Mar,10,10-Mar-2021,11-Mar-21,0.1606
2021,Mar,11,11-Mar-2021,12-Mar-21,0.1615
2021,Mar,12,12-Mar-2021,15-Mar-21,0.1658
2021,Mar,15,15-Mar-2021,16-Mar-21,0.1674
2021,Mar,16,16-Mar-2021,17-Mar-21,0.1684
2021,Mar,17,17-Mar-2021,18-Mar-21,0.1694
2021,Mar,18,18-Mar-2021,19-Mar-21,0.1701
2021,Mar,19,19-Mar-2021,22-Mar-21,0.1708
2021,Mar,22,22-Mar-2021,23-Mar-21,0.1713
2021,Mar,23,23-Mar-2021,24-Mar-21,0.1718
2021,Mar,24,24-Mar-2021,25-Mar-21,0.1723
2021,Mar,25,25-Mar-2021,26-Mar-21,0.1731
2021,Mar,26,26-Mar-2021,29-Mar-21,0.1775
2021,Mar,29,29-Mar-2021,30-Mar-21,0.1784
2021,Mar,30,30-Mar-2021,31-Mar-21,0.1784
2021,Mar,31,31-Mar-2021,1-Apr-21,0.1792
2021,Apr,01,01-Apr-2021,5-Apr-21,0.1798
2021,Apr,05,05-Apr-2021,6-Apr-21,0.1797
2021,Apr,06,06-Apr-2021,7-Apr-21,0.1793
2021,Apr,07,07-Apr-2021,8-Apr-21,0.1785
2021,Apr,08,08-Apr-2021,9-Apr-21,0.1784
2021,Apr,09,09-Apr-2021,12-Apr-21,0.1759
2021,Apr,12,12-Apr-2021,13-Apr-21,0.1753
2021,Apr,13,13-Apr-2021,14-Apr-21,0.1752
2021,Apr,14,14-Apr-2021,15-Apr-21,0.175
2021,Apr,15,15-Apr-2021,16-Apr-21,0.1744
2021,Apr,16,16-Apr-2021,19-Apr-21,0.1751
2021,Apr,19,19-Apr-2021,20-Apr-21,0.175
2021,Apr,20,20-Apr-2021,21-Apr-21,0.1752
2021,Apr,21,21-Apr-2021,22-Apr-21,0.1755
2021,Apr,22,22-Apr-2021,23-Apr-21,0.1759
2021,Apr,23,23-Apr-2021,26-Apr-21,0.1771
2021,Apr,26,26-Apr-2021,27-Apr-21,0.1769
2021,Apr,27,27-Apr-2021,28-Apr-21,0.1773
2021,Apr,28,28-Apr-2021,29-Apr-21,0.1776
2021,Apr,29,29-Apr-2021,30-Apr-21,0.1779
2021,Apr,30,30-Apr-2021,3-May-21,0.1772
2021,May,03,03-May-2021,4-May-21,0.1778
2021,May,04,04-May-2021,5-May-21,0.1782
2021,May,05,05-May-2021,6-May-21,0.179
2021,May,06,06-May-2021,7-May-21,0.179
2021,May,07,07-May-2021,10-May-21,0.1812
2021,May,10,10-May-2021,11-May-21,0.1818
2021,May,11,11-May-2021,12-May-21,0.1819
2021,May,12,12-May-2021,14-May-21,0.1826
2021,May,14,14-May-2021,17-May-21,0.1837
2021,May,17,17-May-2021,18-May-21,0.1842
2021,May,18,18-May-2021,19-May-21,0.1844
2021,May,19,19-May-2021,20-May-21,0.1841
2021,May,20,20-May-2021,21-May-21,0.184
2021,May,21,21-May-2021,24-May-21,0.1837
2021,May,24,24-May-2021,25-May-21,0.1836
2021,May,25,25-May-2021,27-May-21,0.1832
2021,May,27,27-May-2021,28-May-21,0.1828
2021,May,28,28-May-2021,31-May-21,0.1838
2021,May,31,31-May-2021,1-Jun-21,0.1836
2021,Jun,01,01-Jun-2021,2-Jun-21,0.1836
2021,Jun,02,02-Jun-2021,3-Jun-21,0.1835
2021,Jun,03,03-Jun-2021,4-Jun-21,0.1833
2021,Jun,04,04-Jun-2021,7-Jun-21,0.1834
2021,Jun,07,07-Jun-2021,8-Jun-21,0.1833
2021,Jun,08,08-Jun-2021,9-Jun-21,0.1834
2021,Jun,09,09-Jun-2021,10-Jun-21,0.1833
2021,Jun,10,10-Jun-2021,11-Jun-21,0.183
2021,Jun,11,11-Jun-2021,14-Jun-21,0.1835
2021,Jun,14,14-Jun-2021,15-Jun-21,0.1836
2021,Jun,15,15-Jun-2021,16-Jun-21,0.1836
2021,Jun,16,16-Jun-2021,17-Jun-21,0.1836
2021,Jun,17,17-Jun-2021,18-Jun-21,0.1839
2021,Jun,18,18-Jun-2021,21-Jun-21,0.1856
2021,Jun,21,21-Jun-2021,22-Jun-21,0.1858
2021,Jun,22,22-Jun-2021,23-Jun-21,0.1858
2021,Jun,23,23-Jun-2021,24-Jun-21,0.1857
2021,Jun,24,24-Jun-2021,25-Jun-21,0.1855
2021,Jun,25,25-Jun-2021,28-Jun-21,0.1834
2021,Jun,28,28-Jun-2021,29-Jun-21,0.1833
2021,Jun,29,29-Jun-2021,30-Jun-21,0.1824
2021,Jun,30,30-Jun-2021,1-Jul-21,0.1769
2021,Jul,01,01-Jul-2021,2-Jul-21,0.1721
2021,Jul,02,02-Jul-2021,5-Jul-21,0.163
2021,Jul,05,05-Jul-2021,6-Jul-21,0.163
2021,Jul,06,06-Jul-2021,7-Jul-21,0.1628
2021,Jul,07,07-Jul-2021,8-Jul-21,0.1623
2021,Jul,08,08-Jul-2021,9-Jul-21,0.1619
2021,Jul,09,09-Jul-2021,12-Jul-21,0.1609
2021,Jul,12,12-Jul-2021,13-Jul-21,0.1605
2021,Jul,13,13-Jul-2021,14-Jul-21,0.1603
2021,Jul,14,14-Jul-2021,15-Jul-21,0.1602
2021,Jul,15,15-Jul-2021,16-Jul-21,0.1602
2021,Jul,16,16-Jul-2021,19-Jul-21,0.1595
2021,Jul,19,19-Jul-2021,21-Jul-21,0.1591
2021,Jul,21,21-Jul-2021,22-Jul-21,0.1594
2021,Jul,22,22-Jul-2021,23-Jul-21,0.1596
2021,Jul,23,23-Jul-2021,26-Jul-21,0.159
2021,Jul,26,26-Jul-2021,27-Jul-21,0.1587
2021,Jul,27,27-Jul-2021,28-Jul-21,0.1588
2021,Jul,28,28-Jul-2021,29-Jul-21,0.158
2021,Jul,29,29-Jul-2021,30-Jul-21,0.1574
2021,Jul,30,30-Jul-2021,2-Aug-21,0.1582
2021,Aug,02,02-Aug-2021,3-Aug-21,0.1586
2021,Aug,03,03-Aug-2021,4-Aug-21,0.1588
2021,Aug,04,04-Aug-2021,5-Aug-21,0.1588
2021,Aug,05,05-Aug-2021,6-Aug-21,0.1588
2021,Aug,06,06-Aug-2021,10-Aug-21,0.1613
2021,Aug,10,10-Aug-2021,11-Aug-21,0.1606
2021,Aug,11,11-Aug-2021,12-Aug-21,0.1592
2021,Aug,12,12-Aug-2021,13-Aug-21,0.1578
2021,Aug,13,13-Aug-2021,16-Aug-21,0.1544
2021,Aug,16,16-Aug-2021,17-Aug-21,0.1541
2021,Aug,17,17-Aug-2021,18-Aug-21,0.1542
2021,Aug,18,18-Aug-2021,19-Aug-21,0.1541
2021,Aug,19,19-Aug-2021,20-Aug-21,0.1531
2021,Aug,20,20-Aug-2021,23-Aug-21,0.1505
2021,Aug,23,23-Aug-2021,24-Aug-21,0.1501
2021,Aug,24,24-Aug-2021,25-Aug-21,0.1498
2021,Aug,25,25-Aug-2021,26-Aug-21,0.149
2021,Aug,26,26-Aug-2021,27-Aug-21,0.1482
2021,Aug,27,27-Aug-2021,30-Aug-21,0.1489
2021,Aug,30,30-Aug-2021,31-Aug-21,0.1492
2021,Aug,31,31-Aug-2021,1-Sep-21,0.149
2021,Sep,01,01-Sep-2021,2-Sep-21,0.1493
2021,Sep,02,02-Sep-2021,3-Sep-21,0.1499
2021,Sep,03,03-Sep-2021,6-Sep-21,0.1508
2021,Sep,06,06-Sep-2021,7-Sep-21,0.1505
2021,Sep,07,07-Sep-2021,8-Sep-21,0.1506
2021,Sep,08,08-Sep-2021,9-Sep-21,0.1505
2021,Sep,09,09-Sep-2021,10-Sep-21,0.15
2021,Sep,10,10-Sep-2021,13-Sep-21,0.1469
2021,Sep,13,13-Sep-2021,14-Sep-21,0.1454
2021,Sep,14,14-Sep-2021,15-Sep-21,0.1436
2021,Sep,15,15-Sep-2021,16-Sep-21,0.1424
2021,Sep,16,16-Sep-2021,17-Sep-21,0.1418
2021,Sep,17,17-Sep-2021,20-Sep-21,0.1404
2021,Sep,20,20-Sep-2021,21-Sep-21,0.1403
2021,Sep,21,21-Sep-2021,22-Sep-21,0.14
2021,Sep,22,22-Sep-2021,23-Sep-21,0.1403
2021,Sep,23,23-Sep-2021,24-Sep-21,0.1397
2021,Sep,24,24-Sep-2021,27-Sep-21,0.1368
2021,Sep,27,27-Sep-2021,28-Sep-21,0.1352
2021,Sep,28,28-Sep-2021,29-Sep-21,0.1336
2021,Sep,29,29-Sep-2021,30-Sep-21,0.1328
2021,Sep,30,30-Sep-2021,1-Oct-21,0.1316
2021,Oct,01,01-Oct-2021,4-Oct-21,0.1314
2021,Oct,04,04-Oct-2021,5-Oct-21,0.1312
2021,Oct,05,05-Oct-2021,6-Oct-21,0.1309
2021,Oct,06,06-Oct-2021,7-Oct-21,0.1307
2021,Oct,07,07-Oct-2021,8-Oct-21,0.1311
2021,Oct,08,08-Oct-2021,11-Oct-21,0.1336
2021,Oct,11,11-Oct-2021,12-Oct-21,0.1343
2021,Oct,12,12-Oct-2021,13-Oct-21,0.135
2021,Oct,13,13-Oct-2021,14-Oct-21,0.1356
2021,Oct,14,14-Oct-2021,15-Oct-21,0.1364
2021,Oct,15,15-Oct-2021,18-Oct-21,0.1396
2021,Oct,18,18-Oct-2021,19-Oct-21,0.14
2021,Oct,19,19-Oct-2021,20-Oct-21,0.1414
2021,Oct,20,20-Oct-2021,21-Oct-21,0.142
2021,Oct,21,21-Oct-2021,22-Oct-21,0.1425
2021,Oct,22,22-Oct-2021,25-Oct-21,0.143
2021,Oct,25,25-Oct-2021,26-Oct-21,0.1434
2021,Oct,26,26-Oct-2021,27-Oct-21,0.1439
2021,Oct,27,27-Oct-2021,28-Oct-21,0.1434
2021,Oct,28,28-Oct-2021,29-Oct-21,0.1432
2021,Oct,29,29-Oct-2021,1-Nov-21,0.1437
2021,Nov,01,01-Nov-2021,2-Nov-21,0.1434
2021,Nov,02,02-Nov-2021,3-Nov-21,0.1428
2021,Nov,03,03-Nov-2021,5-Nov-21,0.1421
2021,Nov,05,05-Nov-2021,8-Nov-21,0.1407
2021,Nov,08,08-Nov-2021,9-Nov-21,0.14
2021,Nov,09,09-Nov-2021,10-Nov-21,0.1395
2021,Nov,10,10-Nov-2021,11-Nov-21,0.1394
2021,Nov,11,11-Nov-2021,12-Nov-21,0.1397
2021,Nov,12,12-Nov-2021,15-Nov-21,0.1402
2021,Nov,15,15-Nov-2021,16-Nov-21,0.1401
2021,Nov,16,16-Nov-2021,17-Nov-21,0.1403
2021,Nov,17,17-Nov-2021,18-Nov-21,0.1408
2021,Nov,18,18-Nov-2021,19-Nov-21,0.1412
2021,Nov,19,19-Nov-2021,22-Nov-21,0.1442
2021,Nov,22,22-Nov-2021,23-Nov-21,0.1444
2021,Nov,23,23-Nov-2021,24-Nov-21,0.1448
2021,Nov,24,24-Nov-2021,25-Nov-21,0.1451
2021,Nov,25,25-Nov-2021,26-Nov-21,0.1454
2021,Nov,26,26-Nov-2021,29-Nov-21,0.1453
2021,Nov,29,29-Nov-2021,30-Nov-21,0.1446
2021,Nov,30,30-Nov-2021,1-Dec-21,0.1439
2021,Dec,01,01-Dec-2021,2-Dec-21,0.1436
2021,Dec,02,02-Dec-2021,3-Dec-21,0.1433
2021,Dec,03,03-Dec-2021,6-Dec-21,0.1451
2021,Dec,06,06-Dec-2021,7-Dec-21,0.1463
2021,Dec,07,07-Dec-2021,8-Dec-21,0.1477
2021,Dec,08,08-Dec-2021,9-Dec-21,0.1483
2021,Dec,09,09-Dec-2021,10-Dec-21,0.1487
2021,Dec,10,10-Dec-2021,13-Dec-21,0.1497
2021,Dec,13,13-Dec-2021,14-Dec-21,0.1507
2021,Dec,14,14-Dec-2021,15-Dec-21,0.152
2021,Dec,15,15-Dec-2021,16-Dec-21,0.1526
2021,Dec,16,16-Dec-2021,17-Dec-21,0.153
2021,Dec,17,17-Dec-2021,20-Dec-21,0.1534
2021,Dec,20,20-Dec-2021,21-Dec-21,0.1531
2021,Dec,21,21-Dec-2021,22-Dec-21,0.153
2021,Dec,22,22-Dec-2021,23-Dec-21,0.1527
2021,Dec,23,23-Dec-2021,24-Dec-21,0.1528
2021,Dec,24,24-Dec-2021,27-Dec-21,0.1555
2021,Dec,27,27-Dec-2021,28-Dec-21,0.1561
2021,Dec,28,28-Dec-2021,29-Dec-21,0.1568
2021,Dec,29,29-Dec-2021,30-Dec-21,0.158
2021,Dec,30,30-Dec-2021,31-Dec-21,0.1587
2021,Dec,31,31-Dec-2021,3-Jan-22,0.1624
2022,Jan,03,03-Jan-2022,4-Jan-22,0.1626
2022,Jan,04,04-Jan-2022,5-Jan-22,0.1628
2022,Jan,05,05-Jan-2022,6-Jan-22,0.1631
2022,Jan,06,06-Jan-2022,7-Jan-22,0.1632
2022,Jan,07,07-Jan-2022,10-Jan-22,0.1637
2022,Jan,10,10-Jan-2022,11-Jan-22,0.1635
2022,Jan,11,11-Jan-2022,12-Jan-22,0.1637
2022,Jan,12,12-Jan-2022,13-Jan-22,0.1644
2022,Jan,13,13-Jan-2022,14-Jan-22,0.1652
2022,Jan,14,14-Jan-2022,17-Jan-22,0.1672
2022,Jan,17,17-Jan-2022,18-Jan-22,0.1675
2022,Jan,18,18-Jan-2022,19-Jan-22,0.1678
2022,Jan,19,19-Jan-2022,20-Jan-22,0.1679
2022,Jan,20,20-Jan-2022,21-Jan-22,0.1692
2022,Jan,21,21-Jan-2022,24-Jan-22,0.1708
2022,Jan,24,24-Jan-2022,25-Jan-22,0.1712
2022,Jan,25,25-Jan-2022,26-Jan-22,0.1717
2022,Jan,26,26-Jan-2022,27-Jan-22,0.1738
2022,Jan,27,27-Jan-2022,28-Jan-22,0.1748
2022,Jan,28,28-Jan-2022,31-Jan-22,0.1776
2022,Jan,31,31-Jan-2022,3-Feb-22,0.1801
2022,Feb,03,03-Feb-2022,4-Feb-22,0.1812
2022,Feb,04,04-Feb-2022,7-Feb-22,0.1831
2022,Feb,07,07-Feb-2022,8-Feb-22,0.1833
2022,Feb,08,08-Feb-2022,9-Feb-22,0.1833
2022,Feb,09,09-Feb-2022,10-Feb-22,0.1829
2022,Feb,10,10-Feb-2022,11-Feb-22,0.1832
2022,Feb,11,11-Feb-2022,14-Feb-22,0.1848
2022,Feb,14,14-Feb-2022,15-Feb-22,0.1849
2022,Feb,15,15-Feb-2022,16-Feb-22,0.1854
2022,Feb,16,16-Feb-2022,17-Feb-22,0.1865
2022,Feb,17,17-Feb-2022,18-Feb-22,0.1874
2022,Feb,18,18-Feb-2022,21-Feb-22,0.1941
2022,Feb,21,21-Feb-2022,22-Feb-22,0.1947
2022,Feb,22,22-Feb-2022,23-Feb-22,0.1959
2022,Feb,23,23-Feb-2022,24-Feb-22,0.1968
2022,Feb,24,24-Feb-2022,25-Feb-22,0.1982
2022,Feb,25,25-Feb-2022,28-Feb-22,0.2037
2022,Feb,28,28-Feb-2022,1-Mar-22,0.2039
2022,Mar,01,01-Mar-2022,2-Mar-22,0.2039
2022,Mar,02,02-Mar-2022,3-Mar-22,0.2035
2022,Mar,03,03-Mar-2022,4-Mar-22,0.2031
2022,Mar,04,04-Mar-2022,7-Mar-22,0.2016
2022,Mar,07,07-Mar-2022,8-Mar-22,0.2008
2022,Mar,08,08-Mar-2022,9-Mar-22,0.2004
2022,Mar,09,09-Mar-2022,10-Mar-22,0.2001
2022,Mar,10,10-Mar-2022,11-Mar-22,0.2003
2022,Mar,11,11-Mar-2022,14-Mar-22,0.2009
2022,Mar,14,14-Mar-2022,15-Mar-22,0.2015
2022,Mar,15,15-Mar-2022,16-Mar-22,0.2021
2022,Mar,16,16-Mar-2022,17-Mar-22,0.2031
2022,Mar,17,17-Mar-2022,18-Mar-22,0.2039
2022,Mar,18,18-Mar-2022,21-Mar-22,0.2059
2022,Mar,21,21-Mar-2022,22-Mar-22,0.2075
2022,Mar,22,22-Mar-2022,23-Mar-22,0.2093
2022,Mar,23,23-Mar-2022,24-Mar-22,0.2125
2022,Mar,24,24-Mar-2022,25-Mar-22,0.2149
2022,Mar,25,25-Mar-2022,28-Mar-22,0.2245
2022,Mar,28,28-Mar-2022,29-Mar-22,0.2268
2022,Mar,29,29-Mar-2022,30-Mar-22,0.228
2022,Mar,30,30-Mar-2022,31-Mar-22,0.2293
2022,Mar,31,31-Mar-2022,1-Apr-22,0.2322
2022,Apr,01,01-Apr-2022,4-Apr-22,0.2378
2022,Apr,04,04-Apr-2022,5-Apr-22,0.2399
2022,Apr,05,05-Apr-2022,6-Apr-22,0.2417
2022,Apr,06,06-Apr-2022,7-Apr-22,0.2425
2022,Apr,07,07-Apr-2022,8-Apr-22,0.2433
2022,Apr,08,08-Apr-2022,11-Apr-22,0.2451
2022,Apr,11,11-Apr-2022,12-Apr-22,0.2451
2022,Apr,12,12-Apr-2022,13-Apr-22,0.2453
2022,Apr,13,13-Apr-2022,14-Apr-22,0.2464
2022,Apr,14,14-Apr-2022,18-Apr-22,0.2469
2022,Apr,18,18-Apr-2022,19-Apr-22,0.2464
2022,Apr,19,19-Apr-2022,20-Apr-22,0.245
2022,Apr,20,20-Apr-2022,21-Apr-22,0.2446
2022,Apr,21,21-Apr-2022,22-Apr-22,0.2445
2022,Apr,22,22-Apr-2022,25-Apr-22,0.2467
2022,Apr,25,25-Apr-2022,26-Apr-22,0.247
2022,Apr,26,26-Apr-2022,27-Apr-22,0.2483
2022,Apr,27,27-Apr-2022,28-Apr-22,0.2497
2022,Apr,28,28-Apr-2022,29-Apr-22,0.2509
2022,Apr,29,29-Apr-2022,4-May-22,0.2648
2022,May,04,04-May-2022,5-May-22,0.2668
2022,May,05,05-May-2022,6-May-22,0.2711
2022,May,06,06-May-2022,9-May-22,0.2872
2022,May,09,09-May-2022,10-May-22,0.2913
2022,May,10,10-May-2022,11-May-22,0.2946
2022,May,11,11-May-2022,12-May-22,0.2985
2022,May,12,12-May-2022,13-May-22,0.3023
2022,May,13,13-May-2022,17-May-22,0.3284
2022,May,17,17-May-2022,18-May-22,0.3321
2022,May,18,18-May-2022,19-May-22,0.3367
2022,May,19,19-May-2022,20-May-22,0.3402
2022,May,20,20-May-2022,23-May-22,0.3563
2022,May,23,23-May-2022,24-May-22,0.3611
2022,May,24,24-May-2022,25-May-22,0.3654
2022,May,25,25-May-2022,26-May-22,0.3693
2022,May,26,26-May-2022,27-May-22,0.3727
2022,May,27,27-May-2022,30-May-22,0.3853
2022,May,30,30-May-2022,31-May-22,0.3867
2022,May,31,31-May-2022,1-Jun-22,0.3901
2022,Jun,01,01-Jun-2022,2-Jun-22,0.3911
2022,Jun,02,02-Jun-2022,3-Jun-22,0.3935
2022,Jun,03,03-Jun-2022,6-Jun-22,0.3995
2022,Jun,06,06-Jun-2022,7-Jun-22,0.4002
2022,Jun,07,07-Jun-2022,8-Jun-22,0.4011
2022,Jun,08,08-Jun-2022,9-Jun-22,0.4027
2022,Jun,09,09-Jun-2022,10-Jun-22,0.4052
2022,Jun,10,10-Jun-2022,13-Jun-22,0.4157
2022,Jun,13,13-Jun-2022,14-Jun-22,0.4173
2022,Jun,14,14-Jun-2022,15-Jun-22,0.4179
2022,Jun,15,15-Jun-2022,16-Jun-22,0.419
2022,Jun,16,16-Jun-2022,17-Jun-22,0.4223
2022,Jun,17,17-Jun-2022,20-Jun-22,0.4382
2022,Jun,20,20-Jun-2022,21-Jun-22,0.4426
2022,Jun,21,21-Jun-2022,22-Jun-22,0.4496
2022,Jun,22,22-Jun-2022,23-Jun-22,0.4576
2022,Jun,23,23-Jun-2022,24-Jun-22,0.4661
2022,Jun,24,24-Jun-2022,27-Jun-22,0.4919
2022,Jun,27,27-Jun-2022,28-Jun-22,0.5008
2022,Jun,28,28-Jun-2022,29-Jun-22,0.5099
2022,Jun,29,29-Jun-2022,30-Jun-22,0.5169
2022,Jun,30,30-Jun-2022,1-Jul-22,0.5256
2022,Jul,01,01-Jul-2022,4-Jul-22,0.547
2022,Jul,04,04-Jul-2022,5-Jul-22,0.556
2022,Jul,05,05-Jul-2022,6-Jul-22,0.5651
2022,Jul,06,06-Jul-2022,7-Jul-22,0.5735
2022,Jul,07,07-Jul-2022,8-Jul-22,0.5824
2022,Jul,08,08-Jul-2022,12-Jul-22,0.6217
2022,Jul,12,12-Jul-2022,13-Jul-22,0.6307
2022,Jul,13,13-Jul-2022,14-Jul-22,0.6402
2022,Jul,14,14-Jul-2022,15-Jul-22,0.6493
2022,Jul,15,15-Jul-2022,18-Jul-22,0.6786
2022,Jul,18,18-Jul-2022,19-Jul-22,0.6883
2022,Jul,19,19-Jul-2022,20-Jul-22,0.6979
2022,Jul,20,20-Jul-2022,21-Jul-22,0.7061
2022,Jul,21,21-Jul-2022,22-Jul-22,0.7145
2022,Jul,22,22-Jul-2022,25-Jul-22,0.7396
2022,Jul,25,25-Jul-2022,26-Jul-22,0.7481
2022,Jul,26,26-Jul-2022,27-Jul-22,0.7549
2022,Jul,27,27-Jul-2022,28-Jul-22,0.7616
2022,Jul,28,28-Jul-2022,29-Jul-22,0.771
2022,Jul,29,29-Jul-2022,1-Aug-22,0.8004
2022,Aug,01,01-Aug-2022,2-Aug-22,0.8078
2022,Aug,02,02-Aug-2022,3-Aug-22,0.8149
2022,Aug,03,03-Aug-2022,4-Aug-22,0.8208
2022,Aug,04,04-Aug-2022,5-Aug-22,0.8269
2022,Aug,05,05-Aug-2022,8-Aug-22,0.853
2022,Aug,08,08-Aug-2022,10-Aug-22,0.8707
2022,Aug,10,10-Aug-2022,11-Aug-22,0.8784
2022,Aug,11,11-Aug-2022,12-Aug-22,0.8868
2022,Aug,12,12-Aug-2022,15-Aug-22,0.9132
2022,Aug,15,15-Aug-2022,16-Aug-22,0.9229
2022,Aug,16,16-Aug-2022,17-Aug-22,0.9319
2022,Aug,17,17-Aug-2022,18-Aug-22,0.941
2022,Aug,18,18-Aug-2022,19-Aug-22,0.9489
2022,Aug,19,19-Aug-2022,22-Aug-22,0.9792
2022,Aug,22,22-Aug-2022,23-Aug-22,0.9897
2022,Aug,23,23-Aug-2022,24-Aug-22,0.9998
2022,Aug,24,24-Aug-2022,25-Aug-22,1.0093
2022,Aug,25,25-Aug-2022,26-Aug-22,1.017
2022,Aug,26,26-Aug-2022,29-Aug-22,1.0393
2022,Aug,29,29-Aug-2022,30-Aug-22,1.0446
2022,Aug,30,30-Aug-2022,31-Aug-22,1.0517
2022,Aug,31,31-Aug-2022,1-Sep-22,1.0626
2022,Sep,01,01-Sep-2022,2-Sep-22,1.0732
2022,Sep,02,02-Sep-2022,5-Sep-22,1.1055
2022,Sep,05,05-Sep-2022,6-Sep-22,1.117
2022,Sep,06,06-Sep-2022,7-Sep-22,1.1283
2022,Sep,07,07-Sep-2022,8-Sep-22,1.1396
2022,Sep,08,08-Sep-2022,9-Sep-22,1.1512
2022,Sep,09,09-Sep-2022,12-Sep-22,1.188
2022,Sep,12,12-Sep-2022,13-Sep-22,1.2
2022,Sep,13,13-Sep-2022,14-Sep-22,1.2113
2022,Sep,14,14-Sep-2022,15-Sep-22,1.2207
2022,Sep,15,15-Sep-2022,16-Sep-22,1.2289
2022,Sep,16,16-Sep-2022,19-Sep-22,1.2548
2022,Sep,19,19-Sep-2022,20-Sep-22,1.2629
2022,Sep,20,20-Sep-2022,21-Sep-22,1.2706
2022,Sep,21,21-Sep-2022,22-Sep-22,1.2771
2022,Sep,22,22-Sep-2022,23-Sep-22,1.2849
2022,Sep,23,23-Sep-2022,26-Sep-22,1.3138
2022,Sep,26,26-Sep-2022,27-Sep-22,1.3239
2022,Sep,27,27-Sep-2022,28-Sep-22,1.3352
2022,Sep,28,28-Sep-2022,29-Sep-22,1.3474
2022,Sep,29,29-Sep-2022,30-Sep-22,1.3671
2022,Sep,30,30-Sep-2022,3-Oct-22,1.4366
2022,Oct,03,03-Oct-2022,4-Oct-22,1.4526
2022,Oct,04,04-Oct-2022,5-Oct-22,1.4694
2022,Oct,05,05-Oct-2022,6-Oct-22,1.4838
2022,Oct,06,06-Oct-2022,7-Oct-22,1.4994
2022,Oct,07,07-Oct-2022,10-Oct-22,1.5503
2022,Oct,10,10-Oct-2022,11-Oct-22,1.5646
2022,Oct,11,11-Oct-2022,12-Oct-22,1.5821
2022,Oct,12,12-Oct-2022,13-Oct-22,1.5965
2022,Oct,13,13-Oct-2022,14-Oct-22,1.6129
2022,Oct,14,14-Oct-2022,17-Oct-22,1.6604
2022,Oct,17,17-Oct-2022,18-Oct-22,1.6753
2022,Oct,18,18-Oct-2022,19-Oct-22,1.6918
2022,Oct,19,19-Oct-2022,20-Oct-22,1.706
2022,Oct,20,20-Oct-2022,21-Oct-22,1.7225
2022,Oct,21,21-Oct-2022,25-Oct-22,1.7855
2022,Oct,25,25-Oct-2022,26-Oct-22,1.7997
2022,Oct,26,26-Oct-2022,27-Oct-22,1.8134
2022,Oct,27,27-Oct-2022,28-Oct-22,1.8271
2022,Oct,28,28-Oct-2022,31-Oct-22,1.8583
2022,Oct,31,31-Oct-2022,1-Nov-22,1.8702
2022,Nov,01,01-Nov-2022,2-Nov-22,1.8807
2022,Nov,02,02-Nov-2022,3-Nov-22,1.8916
2022,Nov,03,03-Nov-2022,4-Nov-22,1.9021
2022,Nov,04,04-Nov-2022,7-Nov-22,1.9385
2022,Nov,07,07-Nov-2022,8-Nov-22,1.9487
2022,Nov,08,08-Nov-2022,9-Nov-22,1.9593
2022,Nov,09,09-Nov-2022,10-Nov-22,1.9706
2022,Nov,10,10-Nov-2022,11-Nov-22,1.9844
2022,Nov,11,11-Nov-2022,14-Nov-22,2.0231
2022,Nov,14,14-Nov-2022,15-Nov-22,2.0325
2022,Nov,15,15-Nov-2022,16-Nov-22,2.0412
2022,Nov,16,16-Nov-2022,17-Nov-22,2.0496
2022,Nov,17,17-Nov-2022,18-Nov-22,2.0623
2022,Nov,18,18-Nov-2022,21-Nov-22,2.1035
2022,Nov,21,21-Nov-2022,22-Nov-22,2.1179
2022,Nov,22,22-Nov-2022,23-Nov-22,2.1317
2022,Nov,23,23-Nov-2022,24-Nov-22,2.1454
2022,Nov,24,24-Nov-2022,25-Nov-22,2.1597
2022,Nov,25,25-Nov-2022,28-Nov-22,2.2063
2022,Nov,28,28-Nov-2022,29-Nov-22,2.2209
2022,Nov,29,29-Nov-2022,30-Nov-22,2.2364
2022,Nov,30,30-Nov-2022,1-Dec-22,2.2627
2022,Dec,01,01-Dec-2022,2-Dec-22,2.2826
2022,Dec,02,02-Dec-2022,5-Dec-22,2.34
2022,Dec,05,05-Dec-2022,6-Dec-22,2.3564
2022,Dec,06,06-Dec-2022,7-Dec-22,2.3731
2022,Dec,07,07-Dec-2022,8-Dec-22,2.3897
2022,Dec,08,08-Dec-2022,9-Dec-22,2.4047
2022,Dec,09,09-Dec-2022,12-Dec-22,2.4447
2022,Dec,12,12-Dec-2022,13-Dec-22,2.4546
2022,Dec,13,13-Dec-2022,14-Dec-22,2.4628
2022,Dec,14,14-Dec-2022,15-Dec-22,2.4694
2022,Dec,15,15-Dec-2022,16-Dec-22,2.4803
2022,Dec,16,16-Dec-2022,19-Dec-22,2.5014
2022,Dec,19,19-Dec-2022,20-Dec-22,2.5045
2022,Dec,20,20-Dec-2022,21-Dec-22,2.5088
2022,Dec,21,21-Dec-2022,22-Dec-22,2.5095
2022,Dec,22,22-Dec-2022,23-Dec-22,2.51
2022,Dec,23,23-Dec-2022,27-Dec-22,2.539
2022,Dec,27,27-Dec-2022,28-Dec-22,2.5392
2022,Dec,28,28-Dec-2022,29-Dec-22,2.5389
2022,Dec,29,29-Dec-2022,30-Dec-22,2.5395
2022,Dec,30,30-Dec-2022,3-Jan-23,2.5553
2023,Jan,03,03-Jan-2023,4-Jan-23,2.5587
2023,Jan,04,04-Jan-2023,5-Jan-23,2.5621
2023,Jan,05,05-Jan-2023,6-Jan-23,2.5668
2023,Jan,06,06-Jan-2023,9-Jan-23,2.5902
2023,Jan,09,09-Jan-2023,10-Jan-23,2.6002
2023,Jan,10,10-Jan-2023,11-Jan-23,2.6085
2023,Jan,11,11-Jan-2023,12-Jan-23,2.6156
2023,Jan,12,12-Jan-2023,13-Jan-23,2.6242
2023,Jan,13,13-Jan-2023,16-Jan-23,2.6554
2023,Jan,16,16-Jan-2023,17-Jan-23,2.6638
2023,Jan,17,17-Jan-2023,18-Jan-23,2.6727
2023,Jan,18,18-Jan-2023,19-Jan-23,2.6823
2023,Jan,19,19-Jan-2023,20-Jan-23,2.6919
2023,Jan,20,20-Jan-2023,25-Jan-23,2.7424
2023,Jan,25,25-Jan-2023,26-Jan-23,2.7528
2023,Jan,26,26-Jan-2023,27-Jan-23,2.7631
2023,Jan,27,27-Jan-2023,30-Jan-23,2.7924
2023,Jan,30,30-Jan-2023,31-Jan-23,2.8018
2023,Jan,31,31-Jan-2023,1-Feb-23,2.8113
2023,Feb,01,01-Feb-2023,2-Feb-23,2.8213
2023,Feb,02,02-Feb-2023,3-Feb-23,2.8316
2023,Feb,03,03-Feb-2023,6-Feb-23,2.8663
2023,Feb,06,06-Feb-2023,7-Feb-23,2.8751
2023,Feb,07,07-Feb-2023,8-Feb-23,2.8823
2023,Feb,08,08-Feb-2023,9-Feb-23,2.8895
2023,Feb,09,09-Feb-2023,10-Feb-23,2.8975
2023,Feb,10,10-Feb-2023,13-Feb-23,2.9305
2023,Feb,13,13-Feb-2023,14-Feb-23,2.9392
2023,Feb,14,14-Feb-2023,15-Feb-23,2.9476
2023,Feb,15,15-Feb-2023,16-Feb-23,2.9555
2023,Feb,16,16-Feb-2023,17-Feb-23,2.9643
2023,Feb,17,17-Feb-2023,20-Feb-23,2.9926
2023,Feb,20,20-Feb-2023,21-Feb-23,2.9994
2023,Feb,21,21-Feb-2023,22-Feb-23,3.0061
2023,Feb,22,22-Feb-2023,23-Feb-23,3.0127
2023,Feb,23,23-Feb-2023,24-Feb-23,3.0213
2023,Feb,24,24-Feb-2023,27-Feb-23,3.0525
2023,Feb,27,27-Feb-2023,28-Feb-23,3.0618
2023,Feb,28,28-Feb-2023,1-Mar-23,3.0833
2023,Mar,01,01-Mar-2023,2-Mar-23,3.0913
2023,Mar,02,02-Mar-2023,3-Mar-23,3.0999
2023,Mar,03,03-Mar-2023,6-Mar-23,3.1256
2023,Mar,06,06-Mar-2023,7-Mar-23,3.1341
2023,Mar,07,07-Mar-2023,8-Mar-23,3.1418
2023,Mar,08,08-Mar-2023,9-Mar-23,3.1496
2023,Mar,09,09-Mar-2023,10-Mar-23,3.1566
2023,Mar,10,10-Mar-2023,13-Mar-23,3.1804
2023,Mar,13,13-Mar-2023,14-Mar-23,3.189
2023,Mar,14,14-Mar-2023,15-Mar-23,3.198
2023,Mar,15,15-Mar-2023,16-Mar-23,3.2072
2023,Mar,16,16-Mar-2023,17-Mar-23,3.218
2023,Mar,17,17-Mar-2023,20-Mar-23,3.2527
2023,Mar,20,20-Mar-2023,21-Mar-23,3.2648
2023,Mar,21,21-Mar-2023,22-Mar-23,3.2775
2023,Mar,22,22-Mar-2023,23-Mar-23,3.2875
2023,Mar,23,23-Mar-2023,24-Mar-23,3.2969
2023,Mar,24,24-Mar-2023,27-Mar-23,3.3166
2023,Mar,27,27-Mar-2023,28-Mar-23,3.321
2023,Mar,28,28-Mar-2023,29-Mar-23,3.3254
2023,Mar,29,29-Mar-2023,30-Mar-23,3.3254
2023,Mar,30,30-Mar-2023,31-Mar-23,3.3275
2023,Mar,31,31-Mar-2023,3-Apr-23,3.3139
2023,Apr,03,03-Apr-2023,4-Apr-23,3.314
2023,Apr,04,04-Apr-2023,5-Apr-23,3.3147
2023,Apr,05,05-Apr-2023,6-Apr-23,3.3173
2023,Apr,06,06-Apr-2023,10-Apr-23,3.3189
2023,Apr,10,10-Apr-2023,11-Apr-23,3.3202
2023,Apr,11,11-Apr-2023,12-Apr-23,3.3192
2023,Apr,12,12-Apr-2023,13-Apr-23,3.3213
2023,Apr,13,13-Apr-2023,14-Apr-23,3.3209
2023,Apr,14,14-Apr-2023,17-Apr-23,3.3233
2023,Apr,17,17-Apr-2023,18-Apr-23,3.3247
2023,Apr,18,18-Apr-2023,19-Apr-23,3.3253
2023,Apr,19,19-Apr-2023,20-Apr-23,3.329
2023,Apr,20,20-Apr-2023,21-Apr-23,3.3306
2023,Apr,21,21-Apr-2023,24-Apr-23,3.3457
2023,Apr,24,24-Apr-2023,25-Apr-23,3.3502
2023,Apr,25,25-Apr-2023,26-Apr-23,3.3551
2023,Apr,26,26-Apr-2023,27-Apr-23,3.3591
2023,Apr,27,27-Apr-2023,28-Apr-23,3.3644
2023,Apr,28,28-Apr-2023,2-May-23,3.3894
2023,May,02,02-May-2023,3-May-23,3.3955
2023,May,03,03-May-2023,4-May-23,3.4012
2023,May,04,04-May-2023,5-May-23,3.4027
2023,May,05,05-May-2023,8-May-23,3.4102
2023,May,08,08-May-2023,9-May-23,3.4128
2023,May,09,09-May-2023,10-May-23,3.417
2023,May,10,10-May-2023,11-May-23,3.4183
2023,May,11,11-May-2023,12-May-23,3.4195
2023,May,12,12-May-2023,15-May-23,3.4204
2023,May,15,15-May-2023,16-May-23,3.4231
2023,May,16,16-May-2023,17-May-23,3.4266
2023,May,17,17-May-2023,18-May-23,3.4294
2023,May,18,18-May-2023,19-May-23,3.43
2023,May,19,19-May-2023,22-May-23,3.4298
2023,May,22,22-May-2023,23-May-23,3.431
2023,May,23,23-May-2023,24-May-23,3.4321
2023,May,24,24-May-2023,25-May-23,3.433
2023,May,25,25-May-2023,26-May-23,3.4334
2023,May,26,26-May-2023,29-May-23,3.4353
2023,May,29,29-May-2023,30-May-23,3.437
2023,May,30,30-May-2023,31-May-23,3.4402
2023,May,31,31-May-2023,1-Jun-23,3.4391
2023,Jun,01,01-Jun-2023,5-Jun-23,3.4338
2023,Jun,05,05-Jun-2023,6-Jun-23,3.4354
2023,Jun,06,06-Jun-2023,7-Jun-23,3.4374
2023,Jun,07,07-Jun-2023,8-Jun-23,3.4393
2023,Jun,08,08-Jun-2023,9-Jun-23,3.443
2023,Jun,09,09-Jun-2023,12-Jun-23,3.4579
2023,Jun,12,12-Jun-2023,13-Jun-23,3.4637
2023,Jun,13,13-Jun-2023,14-Jun-23,3.4721
2023,Jun,14,14-Jun-2023,15-Jun-23,3.4825
2023,Jun,15,15-Jun-2023,16-Jun-23,3.4896
2023,Jun,16,16-Jun-2023,19-Jun-23,3.5106
2023,Jun,19,19-Jun-2023,20-Jun-23,3.521
2023,Jun,20,20-Jun-2023,21-Jun-23,3.5316
2023,Jun,21,21-Jun-2023,22-Jun-23,3.5428
2023,Jun,22,22-Jun-2023,23-Jun-23,3.5536
2023,Jun,23,23-Jun-2023,26-Jun-23,3.5647
2023,Jun,26,26-Jun-2023,27-Jun-23,3.5684
2023,Jun,27,27-Jun-2023,28-Jun-23,3.5791
2023,Jun,28,28-Jun-2023,30-Jun-23,3.6021
2023,Jun,30,30-Jun-2023,3-Jul-23,3.6326
2023,Jul,03,03-Jul-2023,4-Jul-23,3.6419
2023,Jul,04,04-Jul-2023,5-Jul-23,3.6497
2023,Jul,05,05-Jul-2023,6-Jul-23,3.656
2023,Jul,06,06-Jul-2023,7-Jul-23,3.6586
2023,Jul,07,07-Jul-2023,10-Jul-23,3.6642
2023,Jul,10,10-Jul-2023,11-Jul-23,3.6652
2023,Jul,11,11-Jul-2023,12-Jul-23,3.6674
2023,Jul,12,12-Jul-2023,13-Jul-23,3.6684
2023,Jul,13,13-Jul-2023,14-Jul-23,3.6669
2023,Jul,14,14-Jul-2023,17-Jul-23,3.664
2023,Jul,17,17-Jul-2023,18-Jul-23,3.6639
2023,Jul,18,18-Jul-2023,19-Jul-23,3.6628
2023,Jul,19,19-Jul-2023,20-Jul-23,3.6623
2023,Jul,20,20-Jul-2023,21-Jul-23,3.6624
2023,Jul,21,21-Jul-2023,24-Jul-23,3.665
2023,Jul,24,24-Jul-2023,25-Jul-23,3.6648
2023,Jul,25,25-Jul-2023,26-Jul-23,3.6639
2023,Jul,26,26-Jul-2023,27-Jul-23,3.6626
2023,Jul,27,27-Jul-2023,28-Jul-23,3.6612
2023,Jul,28,28-Jul-2023,31-Jul-23,3.6578
2023,Jul,31,31-Jul-2023,1-Aug-23,3.656
2023,Aug,01,01-Aug-2023,2-Aug-23,3.6551
2023,Aug,02,02-Aug-2023,3-Aug-23,3.6544
2023,Aug,03,03-Aug-2023,4-Aug-23,3.6538
2023,Aug,04,04-Aug-2023,7-Aug-23,3.6575
2023,Aug,07,07-Aug-2023,8-Aug-23,3.6616
2023,Aug,08,08-Aug-2023,10-Aug-23,3.6674
2023,Aug,10,10-Aug-2023,11-Aug-23,3.6668
2023,Aug,11,11-Aug-2023,14-Aug-23,3.6678
2023,Aug,14,14-Aug-2023,15-Aug-23,3.6691
2023,Aug,15,15-Aug-2023,16-Aug-23,3.6702
2023,Aug,16,16-Aug-2023,17-Aug-23,3.6708
2023,Aug,17,17-Aug-2023,18-Aug-23,3.6709
2023,Aug,18,18-Aug-2023,21-Aug-23,3.6752
2023,Aug,21,21-Aug-2023,22-Aug-23,3.6759
2023,Aug,22,22-Aug-2023,23-Aug-23,3.6771
2023,Aug,23,23-Aug-2023,24-Aug-23,3.6772
2023,Aug,24,24-Aug-2023,25-Aug-23,3.6757
2023,Aug,25,25-Aug-2023,28-Aug-23,3.6727
2023,Aug,28,28-Aug-2023,29-Aug-23,3.6732
2023,Aug,29,29-Aug-2023,30-Aug-23,3.6743
2023,Aug,30,30-Aug-2023,31-Aug-23,3.6749
2023,Aug,31,31-Aug-2023,4-Sep-23,3.68
2023,Sep,04,04-Sep-2023,5-Sep-23,3.6813
2023,Sep,05,05-Sep-2023,6-Sep-23,3.6824
2023,Sep,06,06-Sep-2023,7-Sep-23,3.6828
2023,Sep,07,07-Sep-2023,8-Sep-23,3.6839
2023,Sep,08,08-Sep-2023,11-Sep-23,3.6897
2023,Sep,11,11-Sep-2023,12-Sep-23,3.69
2023,Sep,12,12-Sep-2023,13-Sep-23,3.6899
2023,Sep,13,13-Sep-2023,14-Sep-23,3.6899
2023,Sep,14,14-Sep-2023,15-Sep-23,3.691
2023,Sep,15,15-Sep-2023,18-Sep-23,3.6931
2023,Sep,18,18-Sep-2023,19-Sep-23,3.6921
2023,Sep,19,19-Sep-2023,20-Sep-23,3.6905
2023,Sep,20,20-Sep-2023,21-Sep-23,3.6898
2023,Sep,21,21-Sep-2023,22-Sep-23,3.688
2023,Sep,22,22-Sep-2023,25-Sep-23,3.6872
2023,Sep,25,25-Sep-2023,26-Sep-23,3.6881
2023,Sep,26,26-Sep-2023,27-Sep-23,3.6894
2023,Sep,27,27-Sep-2023,28-Sep-23,3.6903
2023,Sep,28,28-Sep-2023,29-Sep-23,3.6909
2023,Sep,29,29-Sep-2023,2-Oct-23,3.6931
2023,Oct,02,02-Oct-2023,3-Oct-23,3.6935
2023,Oct,03,03-Oct-2023,4-Oct-23,3.6948
2023,Oct,04,04-Oct-2023,5-Oct-23,3.6948
2023,Oct,05,05-Oct-2023,6-Oct-23,3.6957
2023,Oct,06,06-Oct-2023,9-Oct-23,3.7044
2023,Oct,09,09-Oct-2023,10-Oct-23,3.7065
2023,Oct,10,10-Oct-2023,11-Oct-23,3.7094
2023,Oct,11,11-Oct-2023,12-Oct-23,3.7119
2023,Oct,12,12-Oct-2023,13-Oct-23,3.7144
2023,Oct,13,13-Oct-2023,16-Oct-23,3.722
2023,Oct,16,16-Oct-2023,17-Oct-23,3.7242
2023,Oct,17,17-Oct-2023,18-Oct-23,3.7271
2023,Oct,18,18-Oct-2023,19-Oct-23,3.73
2023,Oct,19,19-Oct-2023,20-Oct-23,3.7326
2023,Oct,20,20-Oct-2023,23-Oct-23,3.7335
2023,Oct,23,23-Oct-2023,24-Oct-23,3.7322
2023,Oct,24,24-Oct-2023,25-Oct-23,3.7307
2023,Oct,25,25-Oct-2023,26-Oct-23,3.7307
2023,Oct,26,26-Oct-2023,27-Oct-23,3.7316
2023,Oct,27,27-Oct-2023,30-Oct-23,3.7308
2023,Oct,30,30-Oct-2023,31-Oct-23,3.7317
2023,Oct,31,31-Oct-2023,1-Nov-23,3.7312
2023,Nov,01,01-Nov-2023,2-Nov-23,3.7305
2023,Nov,02,02-Nov-2023,3-Nov-23,3.7302
2023,Nov,03,03-Nov-2023,6-Nov-23,3.7358
2023,Nov,06,06-Nov-2023,7-Nov-23,3.7369
2023,Nov,07,07-Nov-2023,8-Nov-23,3.7377
2023,Nov,08,08-Nov-2023,9-Nov-23,3.7375
2023,Nov,09,09-Nov-2023,10-Nov-23,3.7365
2023,Nov,10,10-Nov-2023,14-Nov-23,3.7406
2023,Nov,14,14-Nov-2023,15-Nov-23,3.742
2023,Nov,15,15-Nov-2023,16-Nov-23,3.7431
2023,Nov,16,16-Nov-2023,17-Nov-23,3.7437
2023,Nov,17,17-Nov-2023,20-Nov-23,3.747
2023,Nov,20,20-Nov-2023,21-Nov-23,3.7473
2023,Nov,21,21-Nov-2023,22-Nov-23,3.748
2023,Nov,22,22-Nov-2023,23-Nov-23,3.7467
2023,Nov,23,23-Nov-2023,24-Nov-23,3.7464
2023,Nov,24,24-Nov-2023,27-Nov-23,3.7446
2023,Nov,27,27-Nov-2023,28-Nov-23,3.7442
2023,Nov,28,28-Nov-2023,29-Nov-23,3.7428
2023,Nov,29,29-Nov-2023,30-Nov-23,3.7401
2023,Nov,30,30-Nov-2023,1-Dec-23,3.7382
2023,Dec,01,01-Dec-2023,4-Dec-23,3.737
2023,Dec,04,04-Dec-2023,5-Dec-23,3.7367
2023,Dec,05,05-Dec-2023,6-Dec-23,3.7362
2023,Dec,06,06-Dec-2023,7-Dec-23,3.7359
2023,Dec,07,07-Dec-2023,8-Dec-23,3.7362
2023,Dec,08,08-Dec-2023,11-Dec-23,3.7348
2023,Dec,11,11-Dec-2023,12-Dec-23,3.7339
2023,Dec,12,12-Dec-2023,13-Dec-23,3.7356
2023,Dec,13,13-Dec-2023,14-Dec-23,3.7382
2023,Dec,14,14-Dec-2023,15-Dec-23,3.7398
2023,Dec,15,15-Dec-2023,18-Dec-23,3.7418
2023,Dec,18,18-Dec-2023,19-Dec-23,3.7423
2023,Dec,19,19-Dec-2023,20-Dec-23,3.742
2023,Dec,20,20-Dec-2023,21-Dec-23,3.7407
2023,Dec,21,21-Dec-2023,22-Dec-23,3.7396
2023,Dec,22,22-Dec-2023,26-Dec-23,3.7321
2023,Dec,26,26-Dec-2023,27-Dec-23,3.7302
2023,Dec,27,27-Dec-2023,28-Dec-23,3.7273
2023,Dec,28,28-Dec-2023,29-Dec-23,3.7243
2023,Dec,29,29-Dec-2023,2-Jan-24,3.719
2024,Jan,02,02-Jan-2024,3-Jan-24,3.7169
2024,Jan,03,03-Jan-2024,4-Jan-24,3.7169
2024,Jan,04,04-Jan-2024,5-Jan-24,3.7171
2024,Jan,05,05-Jan-2024,8-Jan-24,3.7175
2024,Jan,08,08-Jan-2024,9-Jan-24,3.7182
2024,Jan,09,09-Jan-2024,10-Jan-24,3.7186
2024,Jan,10,10-Jan-2024,11-Jan-24,3.7193
2024,Jan,11,11-Jan-2024,12-Jan-24,3.7204
2024,Jan,12,12-Jan-2024,15-Jan-24,3.7239
2024,Jan,15,15-Jan-2024,16-Jan-24,3.7242
2024,Jan,16,16-Jan-2024,17-Jan-24,3.7249
2024,Jan,17,17-Jan-2024,18-Jan-24,3.7253
2024,Jan,18,18-Jan-2024,19-Jan-24,3.7258
2024,Jan,19,19-Jan-2024,22-Jan-24,3.7227
2024,Jan,22,22-Jan-2024,23-Jan-24,3.7217
2024,Jan,23,23-Jan-2024,24-Jan-24,3.7204
2024,Jan,24,24-Jan-2024,25-Jan-24,3.7197
2024,Jan,25,25-Jan-2024,26-Jan-24,3.7202
2024,Jan,26,26-Jan-2024,29-Jan-24,3.7218
2024,Jan,29,29-Jan-2024,30-Jan-24,3.7217
2024,Jan,30,30-Jan-2024,31-Jan-24,3.7214
2024,Jan,31,31-Jan-2024,1-Feb-24,3.7211
2024,Feb,01,01-Feb-2024,2-Feb-24,3.7213
2024,Feb,02,02-Feb-2024,5-Feb-24,3.7199
2024,Feb,05,05-Feb-2024,6-Feb-24,3.719
2024,Feb,06,06-Feb-2024,7-Feb-24,3.7183
2024,Feb,07,07-Feb-2024,8-Feb-24,3.7168
2024,Feb,08,08-Feb-2024,9-Feb-24,3.7151
2024,Feb,09,09-Feb-2024,13-Feb-24,3.7123
2024,Feb,13,13-Feb-2024,14-Feb-24,3.7109
2024,Feb,14,14-Feb-2024,15-Feb-24,3.711
2024,Feb,15,15-Feb-2024,16-Feb-24,3.7118
2024,Feb,16,16-Feb-2024,19-Feb-24,3.712
2024,Feb,19,19-Feb-2024,20-Feb-24,3.7115
2024,Feb,20,20-Feb-2024,21-Feb-24,3.7106
2024,Feb,21,21-Feb-2024,22-Feb-24,3.7106
2024,Feb,22,22-Feb-2024,23-Feb-24,3.7111
2024,Feb,23,23-Feb-2024,26-Feb-24,3.7144
2024,Feb,26,26-Feb-2024,27-Feb-24,3.7151
2024,Feb,27,27-Feb-2024,28-Feb-24,3.7156
2024,Feb,28,28-Feb-2024,29-Feb-24,3.7161
2024,Feb,29,29-Feb-2024,1-Mar-24,3.7146
2024,Mar,01,01-Mar-2024,4-Mar-24,3.7146
2024,Mar,04,04-Mar-2024,5-Mar-24,3.7133
2024,Mar,05,05-Mar-2024,6-Mar-24,3.7122
2024,Mar,06,06-Mar-2024,7-Mar-24,3.7116
2024,Mar,07,07-Mar-2024,8-Mar-24,3.7113
2024,Mar,08,08-Mar-2024,11-Mar-24,3.7056
2024,Mar,11,11-Mar-2024,12-Mar-24,3.7037
2024,Mar,12,12-Mar-2024,13-Mar-24,3.702
2024,Mar,13,13-Mar-2024,14-Mar-24,3.7002
2024,Mar,14,14-Mar-2024,15-Mar-24,3.6991
2024,Mar,15,15-Mar-2024,18-Mar-24,3.695
2024,Mar,18,18-Mar-2024,19-Mar-24,3.6955
2024,Mar,19,19-Mar-2024,20-Mar-24,3.6971
2024,Mar,20,20-Mar-2024,21-Mar-24,3.698
2024,Mar,21,21-Mar-2024,22-Mar-24,3.7001
2024,Mar,22,22-Mar-2024,25-Mar-24,3.7086
2024,Mar,25,25-Mar-2024,26-Mar-24,3.7101
2024,Mar,26,26-Mar-2024,27-Mar-24,3.7106
2024,Mar,27,27-Mar-2024,28-Mar-24,3.7116
2024,Mar,28,28-Mar-2024,1-Apr-24,3.7106
2024,Apr,01,01-Apr-2024,2-Apr-24,3.7099
2024,Apr,02,02-Apr-2024,3-Apr-24,3.7097
2024,Apr,03,03-Apr-2024,4-Apr-24,3.7092
2024,Apr,04,04-Apr-2024,5-Apr-24,3.7088
2024,Apr,05,05-Apr-2024,8-Apr-24,3.7023
2024,Apr,08,08-Apr-2024,9-Apr-24,3.6994
2024,Apr,09,09-Apr-2024,11-Apr-24,3.6961
2024,Apr,11,11-Apr-2024,12-Apr-24,3.6948
2024,Apr,12,12-Apr-2024,15-Apr-24,3.6904
2024,Apr,15,15-Apr-2024,16-Apr-24,3.6884
2024,Apr,16,16-Apr-2024,17-Apr-24,3.6866
2024,Apr,17,17-Apr-2024,18-Apr-24,3.6839
2024,Apr,18,18-Apr-2024,19-Apr-24,3.6821
2024,Apr,19,19-Apr-2024,22-Apr-24,3.6785
2024,Apr,22,22-Apr-2024,23-Apr-24,3.6768
2024,Apr,23,23-Apr-2024,24-Apr-24,3.6752
2024,Apr,24,24-Apr-2024,25-Apr-24,3.6741
2024,Apr,25,25-Apr-2024,26-Apr-24,3.6732
2024,Apr,26,26-Apr-2024,29-Apr-24,3.6717
2024,Apr,29,29-Apr-2024,30-Apr-24,3.6705
2024,Apr,30,30-Apr-2024,2-May-24,3.6674
2024,May,02,02-May-2024,3-May-24,3.6672
2024,May,03,03-May-2024,6-May-24,3.6669
2024,May,06,06-May-2024,7-May-24,3.6678
2024,May,07,07-May-2024,8-May-24,3.6693
2024,May,08,08-May-2024,9-May-24,3.6724
2024,May,09,09-May-2024,10-May-24,3.675
2024,May,10,10-May-2024,13-May-24,3.6813
2024,May,13,13-May-2024,14-May-24,3.6817
2024,May,14,14-May-2024,15-May-24,3.682
2024,May,15,15-May-2024,16-May-24,3.6818
2024,May,16,16-May-2024,17-May-24,3.6814
2024,May,17,17-May-2024,20-May-24,3.6772
2024,May,20,20-May-2024,21-May-24,3.6767
2024,May,21,21-May-2024,23-May-24,3.6741
2024,May,23,23-May-2024,24-May-24,3.6734
2024,May,24,24-May-2024,27-May-24,3.6745
2024,May,27,27-May-2024,28-May-24,3.6745
2024,May,28,28-May-2024,29-May-24,3.6749
2024,May,29,29-May-2024,30-May-24,3.675
2024,May,30,30-May-2024,31-May-24,3.6746
2024,May,31,31-May-2024,3-Jun-24,3.6721
2024,Jun,03,03-Jun-2024,4-Jun-24,3.6728
2024,Jun,04,04-Jun-2024,5-Jun-24,3.6734
2024,Jun,05,05-Jun-2024,6-Jun-24,3.6741
2024,Jun,06,06-Jun-2024,7-Jun-24,3.6736
2024,Jun,07,07-Jun-2024,10-Jun-24,3.6727
2024,Jun,10,10-Jun-2024,11-Jun-24,3.671
2024,Jun,11,11-Jun-2024,12-Jun-24,3.6692
2024,Jun,12,12-Jun-2024,13-Jun-24,3.6676
2024,Jun,13,13-Jun-2024,14-Jun-24,3.6655
2024,Jun,14,14-Jun-2024,18-Jun-24,3.6662
2024,Jun,18,18-Jun-2024,19-Jun-24,3.6662
2024,Jun,19,19-Jun-2024,20-Jun-24,3.6669
2024,Jun,20,20-Jun-2024,21-Jun-24,3.6677
2024,Jun,21,21-Jun-2024,24-Jun-24,3.6719
2024,Jun,24,24-Jun-2024,25-Jun-24,3.6733
2024,Jun,25,25-Jun-2024,26-Jun-24,3.6742
2024,Jun,26,26-Jun-2024,27-Jun-24,3.6751
2024,Jun,27,27-Jun-2024,28-Jun-24,3.6762
2024,Jun,28,28-Jun-2024,1-Jul-24,3.6749
2024,Jul,01,01-Jul-2024,2-Jul-24,3.6738
2024,Jul,02,02-Jul-2024,3-Jul-24,3.6727
2024,Jul,03,03-Jul-2024,4-Jul-24,3.6708
2024,Jul,04,04-Jul-2024,5-Jul-24,3.6689
2024,Jul,05,05-Jul-2024,8-Jul-24,3.6654
2024,Jul,08,08-Jul-2024,9-Jul-24,3.6634
2024,Jul,09,09-Jul-2024,10-Jul-24,3.6614
2024,Jul,10,10-Jul-2024,11-Jul-24,3.66
2024,Jul,11,11-Jul-2024,12-Jul-24,3.6582
2024,Jul,12,12-Jul-2024,15-Jul-24,3.655
2024,Jul,15,15-Jul-2024,16-Jul-24,3.6546
2024,Jul,16,16-Jul-2024,17-Jul-24,3.6539
2024,Jul,17,17-Jul-2024,18-Jul-24,3.6535
2024,Jul,18,18-Jul-2024,19-Jul-24,3.6536
2024,Jul,19,19-Jul-2024,22-Jul-24,3.6561
2024,Jul,22,22-Jul-2024,23-Jul-24,3.6562
2024,Jul,23,23-Jul-2024,24-Jul-24,3.6563
2024,Jul,24,24-Jul-2024,25-Jul-24,3.6571
2024,Jul,25,25-Jul-2024,26-Jul-24,3.6575
2024,Jul,26,26-Jul-2024,29-Jul-24,3.6598
2024,Jul,29,29-Jul-2024,30-Jul-24,3.66
2024,Jul,30,30-Jul-2024,31-Jul-24,3.66
2024,Jul,31,31-Jul-2024,1-Aug-24,3.6597
2024,Aug,01,01-Aug-2024,2-Aug-24,3.6603
2024,Aug,02,02-Aug-2024,5-Aug-24,3.6618
2024,Aug,05,05-Aug-2024,6-Aug-24,3.6618
2024,Aug,06,06-Aug-2024,7-Aug-24,3.6615
2024,Aug,07,07-Aug-2024,8-Aug-24,3.6616
2024,Aug,08,08-Aug-2024,12-Aug-24,3.6646
2024,Aug,12,12-Aug-2024,13-Aug-24,3.6655
2024,Aug,13,13-Aug-2024,14-Aug-24,3.6673
2024,Aug,14,14-Aug-2024,15-Aug-24,3.6678
2024,Aug,15,15-Aug-2024,16-Aug-24,3.6668
2024,Aug,16,16-Aug-2024,19-Aug-24,3.6626
2024,Aug,19,19-Aug-2024,20-Aug-24,3.661
2024,Aug,20,20-Aug-2024,21-Aug-24,3.6588
2024,Aug,21,21-Aug-2024,22-Aug-24,3.6565
2024,Aug,22,22-Aug-2024,23-Aug-24,3.6536
2024,Aug,23,23-Aug-2024,26-Aug-24,3.6435
2024,Aug,26,26-Aug-2024,27-Aug-24,3.6405
2024,Aug,27,27-Aug-2024,28-Aug-24,3.6383
2024,Aug,28,28-Aug-2024,29-Aug-24,3.6359
2024,Aug,29,29-Aug-2024,30-Aug-24,3.6351
2024,Aug,30,30-Aug-2024,2-Sep-24,3.6324
2024,Sep,02,02-Sep-2024,3-Sep-24,3.6306
2024,Sep,03,03-Sep-2024,4-Sep-24,3.6294
2024,Sep,04,04-Sep-2024,5-Sep-24,3.6286
2024,Sep,05,05-Sep-2024,6-Sep-24,3.6279
2024,Sep,06,06-Sep-2024,9-Sep-24,3.6273
2024,Sep,09,09-Sep-2024,10-Sep-24,3.6265
2024,Sep,10,10-Sep-2024,11-Sep-24,3.6257
2024,Sep,11,11-Sep-2024,12-Sep-24,3.6259
2024,Sep,12,12-Sep-2024,13-Sep-24,3.6263
2024,Sep,13,13-Sep-2024,16-Sep-24,3.6273
2024,Sep,16,16-Sep-2024,17-Sep-24,3.6271
2024,Sep,17,17-Sep-2024,18-Sep-24,3.6265
2024,Sep,18,18-Sep-2024,19-Sep-24,3.6244
2024,Sep,19,19-Sep-2024,20-Sep-24,3.6202
2024,Sep,20,20-Sep-2024,23-Sep-24,3.6065
2024,Sep,23,23-Sep-2024,24-Sep-24,3.6002
2024,Sep,24,24-Sep-2024,25-Sep-24,3.5939
2024,Sep,25,25-Sep-2024,26-Sep-24,3.5891
2024,Sep,26,26-Sep-2024,27-Sep-24,3.5861
2024,Sep,27,27-Sep-2024,30-Sep-24,3.5788
2024,Sep,30,30-Sep-2024,1-Oct-24,3.5789
2024,Oct,01,01-Oct-2024,2-Oct-24,3.5791
2024,Oct,02,02-Oct-2024,3-Oct-24,3.579
2024,Oct,03,03-Oct-2024,4-Oct-24,3.5795
2024,Oct,04,04-Oct-2024,7-Oct-24,3.5812
2024,Oct,07,07-Oct-2024,8-Oct-24,3.5816
2024,Oct,08,08-Oct-2024,9-Oct-24,3.5817
2024,Oct,09,09-Oct-2024,10-Oct-24,3.5811
2024,Oct,10,10-Oct-2024,11-Oct-24,3.5794
2024,Oct,11,11-Oct-2024,14-Oct-24,3.5736
2024,Oct,14,14-Oct-2024,15-Oct-24,3.5715
2024,Oct,15,15-Oct-2024,16-Oct-24,3.5693
2024,Oct,16,16-Oct-2024,17-Oct-24,3.5665
2024,Oct,17,17-Oct-2024,18-Oct-24,3.5642
2024,Oct,18,18-Oct-2024,21-Oct-24,3.5541
2024,Oct,21,21-Oct-2024,22-Oct-24,3.5509
2024,Oct,22,22-Oct-2024,23-Oct-24,3.5482
2024,Oct,23,23-Oct-2024,24-Oct-24,3.5454
2024,Oct,24,24-Oct-2024,25-Oct-24,3.5422
2024,Oct,25,25-Oct-2024,28-Oct-24,3.5322
2024,Oct,28,28-Oct-2024,29-Oct-24,3.5289
2024,Oct,29,29-Oct-2024,30-Oct-24,3.5266
2024,Oct,30,30-Oct-2024,1-Nov-24,3.523
2024,Nov,01,01-Nov-2024,4-Nov-24,3.5163
2024,Nov,04,04-Nov-2024,5-Nov-24,3.5121
2024,Nov,05,05-Nov-2024,6-Nov-24,3.5074
2024,Nov,06,06-Nov-2024,7-Nov-24,3.5024
2024,Nov,07,07-Nov-2024,8-Nov-24,3.4974
2024,Nov,08,08-Nov-2024,11-Nov-24,3.483
2024,Nov,11,11-Nov-2024,12-Nov-24,3.4781
2024,Nov,12,12-Nov-2024,13-Nov-24,3.473
2024,Nov,13,13-Nov-2024,14-Nov-24,3.4688
2024,Nov,14,14-Nov-2024,15-Nov-24,3.4647
2024,Nov,15,15-Nov-2024,18-Nov-24,3.4532
2024,Nov,18,18-Nov-2024,19-Nov-24,3.4507
2024,Nov,19,19-Nov-2024,20-Nov-24,3.4478
2024,Nov,20,20-Nov-2024,21-Nov-24,3.4443
2024,Nov,21,21-Nov-2024,22-Nov-24,3.4404
2024,Nov,22,22-Nov-2024,25-Nov-24,3.4327
2024,Nov,25,25-Nov-2024,26-Nov-24,3.4293
2024,Nov,26,26-Nov-2024,27-Nov-24,3.425
2024,Nov,27,27-Nov-2024,28-Nov-24,3.4202
2024,Nov,28,28-Nov-2024,29-Nov-24,3.4158
2024,Nov,29,29-Nov-2024,2-Dec-24,3.4074
2024,Dec,02,02-Dec-2024,3-Dec-24,3.4043
2024,Dec,03,03-Dec-2024,4-Dec-24,3.4001
2024,Dec,04,04-Dec-2024,5-Dec-24,3.3956
2024,Dec,05,05-Dec-2024,6-Dec-24,3.3896
2024,Dec,06,06-Dec-2024,9-Dec-24,3.3747
2024,Dec,09,09-Dec-2024,10-Dec-24,3.371
2024,Dec,10,10-Dec-2024,11-Dec-24,3.3684
2024,Dec,11,11-Dec-2024,12-Dec-24,3.3658
2024,Dec,12,12-Dec-2024,13-Dec-24,3.3633
2024,Dec,13,13-Dec-2024,16-Dec-24,3.3554
2024,Dec,16,16-Dec-2024,17-Dec-24,3.352
2024,Dec,17,17-Dec-2024,18-Dec-24,3.348
2024,Dec,18,18-Dec-2024,19-Dec-24,3.344
2024,Dec,19,19-Dec-2024,20-Dec-24,3.3401
2024,Dec,20,20-Dec-2024,23-Dec-24,3.3336
2024,Dec,23,23-Dec-2024,24-Dec-24,3.3287
2024,Dec,24,24-Dec-2024,26-Dec-24,3.319
2024,Dec,26,26-Dec-2024,27-Dec-24,3.3132
2024,Dec,27,27-Dec-2024,30-Dec-24,3.2986
2024,Dec,30,30-Dec-2024,31-Dec-24,3.2935
2024,Dec,31,31-Dec-2024,2-Jan-25,3.279
2025,Jan,02,02-Jan-2025,3-Jan-25,3.274
2025,Jan,03,03-Jan-2025,6-Jan-25,3.2618
2025,Jan,06,06-Jan-2025,7-Jan-25,3.258
2025,Jan,07,07-Jan-2025,8-Jan-25,3.2539
2025,Jan,08,08-Jan-2025,9-Jan-25,3.2504
2025,Jan,09,09-Jan-2025,10-Jan-25,3.2477
2025,Jan,10,10-Jan-2025,13-Jan-25,3.241
2025,Jan,13,13-Jan-2025,14-Jan-25,3.2376
2025,Jan,14,14-Jan-2025,15-Jan-25,3.2341
2025,Jan,15,15-Jan-2025,16-Jan-25,3.2303
2025,Jan,16,16-Jan-2025,17-Jan-25,3.2245
2025,Jan,17,17-Jan-2025,20-Jan-25,3.2028
2025,Jan,20,20-Jan-2025,21-Jan-25,3.1955
2025,Jan,21,21-Jan-2025,22-Jan-25,3.1894
2025,Jan,22,22-Jan-2025,23-Jan-25,3.184
2025,Jan,23,23-Jan-2025,24-Jan-25,3.1812
2025,Jan,24,24-Jan-2025,27-Jan-25,3.1723
2025,Jan,27,27-Jan-2025,28-Jan-25,3.1686
2025,Jan,28,28-Jan-2025,31-Jan-25,3.1615
2025,Jan,31,31-Jan-2025,3-Feb-25,3.1468
2025,Feb,03,03-Feb-2025,4-Feb-25,3.1417
2025,Feb,04,04-Feb-2025,5-Feb-25,3.1363
2025,Feb,05,05-Feb-2025,6-Feb-25,3.1295
2025,Feb,06,06-Feb-2025,7-Feb-25,3.1235
2025,Feb,07,07-Feb-2025,10-Feb-25,3.1056
2025,Feb,10,10-Feb-2025,11-Feb-25,3.0997
2025,Feb,11,11-Feb-2025,12-Feb-25,3.0934
2025,Feb,12,12-Feb-2025,13-Feb-25,3.0871
2025,Feb,13,13-Feb-2025,14-Feb-25,3.0807
2025,Feb,14,14-Feb-2025,17-Feb-25,3.0619
2025,Feb,17,17-Feb-2025,18-Feb-25,3.0552
2025,Feb,18,18-Feb-2025,19-Feb-25,3.0497
2025,Feb,19,19-Feb-2025,20-Feb-25,3.0437
2025,Feb,20,20-Feb-2025,21-Feb-25,3.0388
2025,Feb,21,21-Feb-2025,24-Feb-25,3.0247
2025,Feb,24,24-Feb-2025,25-Feb-25,3.0194
2025,Feb,25,25-Feb-2025,26-Feb-25,3.0149
2025,Feb,26,26-Feb-2025,27-Feb-25,3.0103
2025,Feb,27,27-Feb-2025,28-Feb-25,3.0066
2025,Feb,28,28-Feb-2025,3-Mar-25,2.9814
2025,Mar,03,03-Mar-2025,4-Mar-25,2.9745
2025,Mar,04,04-Mar-2025,5-Mar-25,2.9679
2025,Mar,05,05-Mar-2025,6-Mar-25,2.9614
2025,Mar,06,06-Mar-2025,7-Mar-25,2.9544
2025,Mar,07,07-Mar-2025,10-Mar-25,2.9306
2025,Mar,10,10-Mar-2025,11-Mar-25,2.9229