Year,Planning Area,AGE_GROUP_age_0_4,AGE_GROUP_age_10_14,AGE_GROUP_age_15_19,AGE_GROUP_age_20_24,AGE_GROUP_age_25_29,AGE_GROUP_age_30_34,AGE_GROUP_age_35_39,AGE_GROUP_age_40_44,AGE_GROUP_age_45_49,AGE_GROUP_age_50_54,AGE_GROUP_age_55_59,AGE_GROUP_age_5_9,AGE_GROUP_age_60_64,AGE_GROUP_age_65_69,AGE_GROUP_age_70_74,AGE_GROUP_age_75_79,AGE_GROUP_age_80_84,AGE_GROUP_age_85_over,AGE_GROUP_total,DWELLING_TYPE_HOUSEHOLD_condominiums_and_other_apartments,DWELLING_TYPE_HOUSEHOLD_hdb_1_and_2_room_flats,DWELLING_TYPE_HOUSEHOLD_hdb_3_room_flats,DWELLING_TYPE_HOUSEHOLD_hdb_4_room_flats,DWELLING_TYPE_HOUSEHOLD_hdb_5_room_and_executive_flats,DWELLING_TYPE_HOUSEHOLD_landed_properties,DWELLING_TYPE_HOUSEHOLD_others,DWELLING_TYPE_HOUSEHOLD_total_hdb,DWELLING_TYPE_POPULATION_condominiums_and_other_apartments,DWELLING_TYPE_POPULATION_hdb_1_and_2_room_flats,DWELLING_TYPE_POPULATION_hdb_3_room_flats,DWELLING_TYPE_POPULATION_hdb_4_room_flats,DWELLING_TYPE_POPULATION_hdb_5_room_and_executive_flats,DWELLING_TYPE_POPULATION_landed_properties,DWELLING_TYPE_POPULATION_others,DWELLING_TYPE_POPULATION_total,DWELLING_TYPE_POPULATION_total_hdb,ECONOMIC_STATUS_employed,ECONOMIC_STATUS_inactive,ECONOMIC_STATUS_unemployed,EDUCATION_ATTENDING_polytechnic,EDUCATION_ATTENDING_post_secondary,EDUCATION_ATTENDING_pre_primary,EDUCATION_ATTENDING_primary,EDUCATION_ATTENDING_prof_qualification_diploma,EDUCATION_ATTENDING_secondary,EDUCATION_ATTENDING_university,ETHNIC_DISTRIBUTION_chinese,ETHNIC_DISTRIBUTION_indian,ETHNIC_DISTRIBUTION_malays,ETHNIC_DISTRIBUTION_others,HOUSEHOLD_INCOME_below_sgd_1000,HOUSEHOLD_INCOME_no_working_person,HOUSEHOLD_INCOME_sgd_10000_over,HOUSEHOLD_INCOME_sgd_10000_to_10999,HOUSEHOLD_INCOME_sgd_1000_to_1999,HOUSEHOLD_INCOME_sgd_11000_to_11999,HOUSEHOLD_INCOME_sgd_12000_to_12999,HOUSEHOLD_INCOME_sgd_13000_to_13999,HOUSEHOLD_INCOME_sgd_14000_to_14999,HOUSEHOLD_INCOME_sgd_15000_to_17499,HOUSEHOLD_INCOME_sgd_17500_to_19999,HOUSEHOLD_INCOME_sgd_20000_over,HOUSEHOLD_INCOME_sgd_2000_to_2999,HOUSEHOLD_INCOME_sgd_3000_to_3999,HOUSEHOLD_INCOME_sgd_4000_to_4999,HOUSEHOLD_INCOME_sgd_5000_to_5999,HOUSEHOLD_INCOME_sgd_6000_to_6999,HOUSEHOLD_INCOME_sgd_7000_to_7999,HOUSEHOLD_INCOME_sgd_8000_over,HOUSEHOLD_INCOME_sgd_8000_to_8999,HOUSEHOLD_INCOME_sgd_9000_to_9999,HOUSEHOLD_INCOME_total,HOUSEHOLD_SIZE_person1,HOUSEHOLD_SIZE_person2,HOUSEHOLD_SIZE_person3,HOUSEHOLD_SIZE_person4,HOUSEHOLD_SIZE_person5,HOUSEHOLD_SIZE_person6,HOUSEHOLD_SIZE_person7,HOUSEHOLD_SIZE_person_more_8,HOUSEHOLD_STRUCTURE_no_family_nucleus,HOUSEHOLD_STRUCTURE_ofn_1_gen,HOUSEHOLD_STRUCTURE_ofn_2_gen,HOUSEHOLD_STRUCTURE_ofn_3_more_gen,HOUSEHOLD_STRUCTURE_tfn_1to2_gen,HOUSEHOLD_STRUCTURE_tfn_3_more_gen,HOUSEHOLD_STRUCTURE_three_more_fam_nucleus,INCOME_FROM_WORK_below_sgd_1000,INCOME_FROM_WORK_sgd_10000_to_10999,INCOME_FROM_WORK_sgd_1000_to_1499,INCOME_FROM_WORK_sgd_1000_to_1999,INCOME_FROM_WORK_sgd_11000_to_11999,INCOME_FROM_WORK_sgd_12000_14999,INCOME_FROM_WORK_sgd_12000_over,INCOME_FROM_WORK_sgd_15000_over,INCOME_FROM_WORK_sgd_1500_to_1999,INCOME_FROM_WORK_sgd_2000_to_2499,INCOME_FROM_WORK_sgd_2000_to_2999,INCOME_FROM_WORK_sgd_2500_to_2999,INCOME_FROM_WORK_sgd_3000_to_3999,INCOME_FROM_WORK_sgd_4000_to_4999,INCOME_FROM_WORK_sgd_5000_to_5999,INCOME_FROM_WORK_sgd_6000_over,INCOME_FROM_WORK_sgd_6000_to_6999,INCOME_FROM_WORK_sgd_7000_to_7999,INCOME_FROM_WORK_sgd_8000_over,INCOME_FROM_WORK_sgd_8000_to_8999,INCOME_FROM_WORK_sgd_9000_to_9999,INCOME_FROM_WORK_total,INDUSTRY_accommodation_food_services,INDUSTRY_admin_support_services,INDUSTRY_arts_entertainment_recreation,INDUSTRY_business_services,INDUSTRY_construction,INDUSTRY_financial_insurance_services,INDUSTRY_health_social_services,INDUSTRY_hotels_restaurants,INDUSTRY_information_communications,INDUSTRY_manufacturing,INDUSTRY_other_comm_social_personal,INDUSTRY_other_services_industries,INDUSTRY_others,INDUSTRY_professional_services,INDUSTRY_public_admin_education,INDUSTRY_real_estate_services,INDUSTRY_transport_communications,INDUSTRY_transportation_storage,INDUSTRY_wholesale_retail_trade,LANGUAGE_LITERATE_l1_chi,LANGUAGE_LITERATE_l1_eng,LANGUAGE_LITERATE_l1_mal,LANGUAGE_LITERATE_l1_non_off,LANGUAGE_LITERATE_l1_tam,LANGUAGE_LITERATE_l2_eng_chi,LANGUAGE_LITERATE_l2_eng_mal,LANGUAGE_LITERATE_l2_eng_non_off,LANGUAGE_LITERATE_l2_eng_tam,LANGUAGE_LITERATE_l2_other_two,LANGUAGE_LITERATE_l3_eng_chi_mal,LANGUAGE_LITERATE_l3_eng_mal_tam,LANGUAGE_LITERATE_l3_other_three,LANGUAGE_LITERATE_no_literate,LANGUAGE_SPOKEN_AT_HOME_chinese_dialects,LANGUAGE_SPOKEN_AT_HOME_chn_dlt_eng,LANGUAGE_SPOKEN_AT_HOME_chn_dlt_mand,LANGUAGE_SPOKEN_AT_HOME_chn_dlt_oth_lang,LANGUAGE_SPOKEN_AT_HOME_eng_chn_dlt,LANGUAGE_SPOKEN_AT_HOME_eng_mand,LANGUAGE_SPOKEN_AT_HOME_eng_mly,LANGUAGE_SPOKEN_AT_HOME_eng_oth_ind_lang,LANGUAGE_SPOKEN_AT_HOME_eng_oth_lang,LANGUAGE_SPOKEN_AT_HOME_eng_tml,LANGUAGE_SPOKEN_AT_HOME_english,LANGUAGE_SPOKEN_AT_HOME_malay,LANGUAGE_SPOKEN_AT_HOME_mand_chn_dlt,LANGUAGE_SPOKEN_AT_HOME_mand_eng,LANGUAGE_SPOKEN_AT_HOME_mand_oth_lang,LANGUAGE_SPOKEN_AT_HOME_mandarin,LANGUAGE_SPOKEN_AT_HOME_mly_eng,LANGUAGE_SPOKEN_AT_HOME_mly_oth_lang,LANGUAGE_SPOKEN_AT_HOME_oth_ind_lang_eng,LANGUAGE_SPOKEN_AT_HOME_oth_ind_lang_oth_lang,LANGUAGE_SPOKEN_AT_HOME_oth_lang_eng,LANGUAGE_SPOKEN_AT_HOME_oth_lang_oth_non_eng_lang,LANGUAGE_SPOKEN_AT_HOME_other_indian_languages,LANGUAGE_SPOKEN_AT_HOME_others,LANGUAGE_SPOKEN_AT_HOME_tamil,LANGUAGE_SPOKEN_AT_HOME_tml_eng,LANGUAGE_SPOKEN_AT_HOME_tml_oth_lang,MARITAL_STATUS_divorced,MARITAL_STATUS_married,MARITAL_STATUS_single,MARITAL_STATUS_widowed,MODE_OF_TRANSPORT_SCHOOL_bus,MODE_OF_TRANSPORT_SCHOOL_car,MODE_OF_TRANSPORT_SCHOOL_lorry_pickup,MODE_OF_TRANSPORT_SCHOOL_motorcycle_scooter,MODE_OF_TRANSPORT_SCHOOL_mrt,MODE_OF_TRANSPORT_SCHOOL_mrt_bus,MODE_OF_TRANSPORT_SCHOOL_mrt_car,MODE_OF_TRANSPORT_SCHOOL_mrt_lrt_and_bus,MODE_OF_TRANSPORT_SCHOOL_mrt_lrt_only,MODE_OF_TRANSPORT_SCHOOL_mrt_other,MODE_OF_TRANSPORT_SCHOOL_no_transport_required,MODE_OF_TRANSPORT_SCHOOL_other_combi_mrt_lrt_or_bus,MODE_OF_TRANSPORT_SCHOOL_other_combi_mrt_or_bus,MODE_OF_TRANSPORT_SCHOOL_others,MODE_OF_TRANSPORT_SCHOOL_pvt_chartered_bus,MODE_OF_TRANSPORT_SCHOOL_pvt_chartered_bus_van,MODE_OF_TRANSPORT_SCHOOL_taxi,MODE_OF_TRANSPORT_SCHOOL_taxi_pvt_hire_car_only,MODE_OF_TRANSPORT_WORK_bus,MODE_OF_TRANSPORT_WORK_car,MODE_OF_TRANSPORT_WORK_lorry_pickup,MODE_OF_TRANSPORT_WORK_motorcycle_scooter,MODE_OF_TRANSPORT_WORK_mrt,MODE_OF_TRANSPORT_WORK_mrt_bus,MODE_OF_TRANSPORT_WORK_mrt_car,MODE_OF_TRANSPORT_WORK_mrt_lrt_and_bus,MODE_OF_TRANSPORT_WORK_mrt_lrt_only,MODE_OF_TRANSPORT_WORK_mrt_other,MODE_OF_TRANSPORT_WORK_no_transport_required,MODE_OF_TRANSPORT_WORK_other_combi_mrt_lrt_or_bus,MODE_OF_TRANSPORT_WORK_other_combi_mrt_or_bus,MODE_OF_TRANSPORT_WORK_others,MODE_OF_TRANSPORT_WORK_pvt_chartered_bus,MODE_OF_TRANSPORT_WORK_pvt_chartered_bus_van,MODE_OF_TRANSPORT_WORK_taxi,MODE_OF_TRANSPORT_WORK_taxi_pvt_hire_car_only,RELIGION_buddhism,RELIGION_catholic_christian,RELIGION_hinduism,RELIGION_islam,RELIGION_no_religion,RELIGION_other_christians,RELIGION_other_religions,RELIGION_sikhism,RELIGION_taoism,TENANCY_others,TENANCY_owner,TENANCY_tenant
2000,Ang Mo Kio,48404460.0,56605500.0,62305920.0,71707160.0,82507750.0,70406800.0,78707610.0,78108260.0,76308280.0,68007150.0,43804520.0,58805860.0,37703730.0,27502910.0,18402200.0,10101280.0,540760.0,360710.0,8980090830.0,2463.0,4190.0,26561.0,12850.0,4984.0,2722.0,333.0,48585.0,7750.0,10200.0,78360.0,48420.0,19470.0,15000.0,1430.0,180630.0,156450.0,5088034860.0,1876437534.0,37192768.0,3216.0,2826.0,2853.0,14334.0,0.0,10053.0,2288.0,7153872317.0,64016222.0,71757162.0,698815.0,8352.0,0.0,0.0,0.0,8079.0,0.0,0.0,0.0,0.0,0.0,0.0,0.0,7409.0,7089.0,5074.0,4088.0,2954.0,2265.0,8793.0,0.0,0.0,54103.0,6687.0,9727.0,10920.0,12999.0,8500.0,3566.0,1087.0,616.0,9260.0,5383.0,33463.0,3306.0,722.0,1859.0,110.0,10854.0,0.0,13844.0,0.0,0.0,0.0,0.0,0.0,12797.0,11353.0,0.0,7852.0,11824.0,5515.0,3365.0,8336.0,0.0,0.0,0.0,0.0,0.0,85740.0,0.0,0.0,0.0,10457.0,6199.0,4516.0,0.0,6415.0,0.0,16722.0,0.0,17295.0,551.0,0.0,0.0,0.0,9553.0,0.0,14030.0,40646.0,20331.0,2384.0,147.0,1025.0,54235.0,8847.0,300.0,3838.0,279.0,1450.0,506.0,577.0,13961.0,51339.0,0.0,0.0,0.0,0.0,0.0,0.0,0.0,0.0,0.0,30885.0,12537.0,0.0,0.0,0.0,61496.0,0.0,0.0,0.0,0.0,0.0,0.0,612.0,163.0,5840.0,0.0,0.0,18302783.0,4157541664.0,2830623691.0,16517024.0,12510.0,2925.0,10.0,149.0,944.0,2922.0,38.0,0.0,0.0,0.0,10918.0,0.0,0.0,1638.0,3485.0,0.0,30.0,0.0,22288.0,16736.0,2255.0,3688.0,9258.0,14031.0,318.0,0.0,0.0,0.0,5590.0,0.0,0.0,5606.0,5098.0,0.0,872.0,0.0,69977.0,7610.0,6122.0,11712.0,22019.0,12400.0,371.0,238.0,18075.0,484.0,48822.0,4796.0
2000,Bedok,84507790.0,1085010250.0,101409600.0,103009980.0,1106011090.0,1032010530.0,1232012940.0,1321013780.0,1220012640.0,1047010530.0,61406040.0,1076010200.0,51505410.0,39404550.0,30303580.0,16602210.0,8201370.0,5501120.0,141350143620.0,6860.0,3335.0,22830.0,19348.0,11881.0,9115.0,463.0,58395.0,25020.0,7880.0,71900.0,76560.0,49770.0,46610.0,3220.0,284970.0,210120.0,7176747650.0,2630055007.0,46533433.0,4678.0,4085.0,4719.0,24615.0,0.0,16728.0,3357.0,98376100424.0,99559245.0,2449224781.0,30533230.0,10217.0,0.0,0.0,0.0,9496.0,0.0,0.0,0.0,0.0,0.0,0.0,0.0,9733.0,8560.0,6923.0,5192.0,4436.0,3386.0,16891.0,0.0,0.0,74833.0,7003.0,12200.0,13862.0,18594.0,12887.0,6423.0,2382.0,1481.0,10241.0,7280.0,47854.0,5055.0,1120.0,3115.0,168.0,12884.0,0.0,16002.0,0.0,0.0,0.0,0.0,0.0,16422.0,14915.0,0.0,10536.0,16662.0,8506.0,5884.0,17606.0,0.0,0.0,0.0,0.0,0.0,119416.0,0.0,0.0,0.0,15779.0,6742.0,8066.0,0.0,7632.0,0.0,19395.0,0.0,23298.0,806.0,0.0,0.0,0.0,16781.0,0.0,20918.0,45899.0,33234.0,7867.0,283.0,609.0,67068.0,31295.0,1138.0,2459.0,503.0,1699.0,285.0,1297.0,15173.0,52639.0,0.0,0.0,0.0,0.0,0.0,0.0,0.0,0.0,0.0,62218.0,45041.0,0.0,0.0,0.0,73095.0,0.0,0.0,0.0,0.0,0.0,0.0,1572.0,693.0,2990.0,0.0,0.0,19893221.0,6211762027.0,3671331579.0,19009263.0,21231.0,5535.0,37.0,341.0,1184.0,4682.0,100.0,0.0,0.0,0.0,11917.0,0.0,0.0,3436.0,9633.0,0.0,83.0,0.0,30779.0,31997.0,2358.0,5831.0,8953.0,15884.0,656.0,0.0,0.0,0.0,7110.0,0.0,0.0,8760.0,5343.0,0.0,1747.0,0.0,82393.0,11138.0,4960.0,42513.0,30159.0,21532.0,579.0,649.0,14887.0,958.0,68816.0,5060.0
2000,Bishan,27402570.0,35403280.0,29002700.0,27502620.0,33103390.0,32003660.0,41304820.0,47704880.0,40003940.0,30402990.0,17401750.0,43703840.0,14101520.0,10401210.0,650940.0,430610.0,250400.0,190390.0,4446045520.0,1264.0,368.0,2484.0,9918.0,7617.0,2635.0,35.0,21020.0,4610.0,650.0,6810.0,35030.0,28160.0,11910.0,600.0,89970.0,72850.0,2446518210.0,793016543.0,12951141.0,1384.0,1610.0,2196.0,9749.0,0.0,5161.0,1229.0,3768338620.0,36583560.0,24692653.0,645686.0,1964.0,0.0,0.0,0.0,1769.0,0.0,0.0,0.0,0.0,0.0,0.0,0.0,2255.0,2557.0,2267.0,2249.0,1934.0,1655.0,8305.0,0.0,0.0,24954.0,1310.0,3964.0,4585.0,6945.0,4946.0,2106.0,773.0,325.0,2194.0,2561.0,16936.0,1802.0,379.0,1055.0,28.0,2918.0,0.0,3561.0,0.0,0.0,0.0,0.0,0.0,4483.0,4351.0,0.0,4036.0,7050.0,4522.0,3281.0,8472.0,0.0,0.0,0.0,0.0,0.0,42675.0,0.0,0.0,0.0,6631.0,1932.0,3191.0,0.0,2136.0,0.0,7021.0,0.0,9516.0,343.0,0.0,0.0,0.0,4427.0,0.0,7477.0,12250.0,15050.0,601.0,62.0,344.0,29220.0,4407.0,389.0,2174.0,127.0,645.0,302.0,361.0,3653.0,17802.0,0.0,0.0,0.0,0.0,0.0,0.0,0.0,0.0,0.0,33010.0,4495.0,0.0,0.0,0.0,24195.0,0.0,0.0,0.0,0.0,0.0,0.0,394.0,218.0,2565.0,0.0,0.0,4911013.0,2182722083.0,108569857.0,5172941.0,6292.0,2578.0,14.0,58.0,371.0,1335.0,53.0,0.0,0.0,0.0,5076.0,0.0,0.0,1428.0,4098.0,0.0,24.0,0.0,9329.0,13502.0,561.0,1241.0,4065.0,6348.0,281.0,0.0,0.0,0.0,1663.0,0.0,0.0,3213.0,1709.0,0.0,763.0,0.0,27477.0,6192.0,3247.0,4496.0,12642.0,10249.0,192.0,318.0,4772.0,273.0,23743.0,939.0
2000,Boon Lay,0.0,0.0,0.0,0.0,0.0,0.0,0.0,0.0,0.0,0.0,0.0,0.0,0.0,0.0,0.0,0.0,0.0,0.0,0.0,,,,,,,,,0.0,0.0,0.0,0.0,0.0,0.0,0.0,90.0,0.0,,,,,,,,,,,,,,,,,,,,,,,,,,,,,,,,,,,,,,,,,,,,,,,,,,,,,,,,,,,,,,,,,,,,,,,,,,,,,,,,,,,,,,,,,,,,,,,,,,,,,,,,,,,,,,,,,,,,,,,,,,,,,,,,,,,,,,,,,,,,,,,,,,,,,,,,,,,,,,,,,,,,,,,,,,,,,,,,,,,,,,,,,
2000,Bukit Batok,47904410.0,56105260.0,48004510.0,39503930.0,47405180.0,58405950.0,67006800.0,68206600.0,56404970.0,36103350.0,18501840.0,52805110.0,14701440.0,11101320.0,760970.0,430570.0,220370.0,200270.0,6380062840.0,2798.0,135.0,11498.0,14041.0,7338.0,280.0,162.0,33013.0,10660.0,280.0,33230.0,51090.0,26850.0,3780.0,750.0,126640.0,111450.0,3641223425.0,1007923404.0,19511931.0,2021.0,1927.0,2870.0,13904.0,0.0,9597.0,1084.0,4219941829.0,50454713.0,100039768.0,470464.0,2987.0,0.0,0.0,0.0,4490.0,0.0,0.0,0.0,0.0,0.0,0.0,0.0,5282.0,4916.0,3749.0,3135.0,2518.0,1961.0,7216.0,0.0,0.0,36253.0,2539.0,5998.0,7099.0,9873.0,6654.0,2756.0,918.0,415.0,3905.0,4137.0,23770.0,2484.0,511.0,1341.0,105.0,5463.0,0.0,8221.0,0.0,0.0,0.0,0.0,0.0,8524.0,7769.0,0.0,5894.0,8784.0,4854.0,3299.0,7027.0,0.0,0.0,0.0,0.0,0.0,59837.0,0.0,0.0,0.0,7612.0,3883.0,2798.0,0.0,2907.0,0.0,14799.0,0.0,11367.0,477.0,0.0,0.0,0.0,6100.0,0.0,9894.0,22482.0,12349.0,3863.0,97.0,567.0,32524.0,12040.0,640.0,3106.0,281.0,1987.0,340.0,610.0,6314.0,22086.0,0.0,0.0,0.0,0.0,0.0,0.0,0.0,0.0,0.0,23175.0,19340.0,0.0,0.0,0.0,45157.0,0.0,0.0,0.0,0.0,0.0,0.0,1344.0,337.0,4370.0,0.0,0.0,7751509.0,3145431381.0,1540512750.0,8073120.0,10037.0,1924.0,19.0,110.0,902.0,2564.0,34.0,0.0,0.0,0.0,10285.0,0.0,0.0,1362.0,4133.0,0.0,34.0,0.0,11925.0,13451.0,1244.0,2979.0,7032.0,8747.0,316.0,0.0,0.0,0.0,3200.0,0.0,0.0,4249.0,6130.0,0.0,565.0,0.0,40220.0,3556.0,5038.0,17063.0,14344.0,9319.0,288.0,365.0,7009.0,304.0,34569.0,1380.0
2000,Bukit Merah,34603240.0,39003480.0,40903750.0,51405100.0,67506400.0,60805570.0,63105830.0,64606090.0,59306170.0,55406120.0,39404240.0,40403930.0,40504110.0,34003330.0,25902750.0,15401810.0,7301180.0,480960.0,7440074050.0,1490.0,9605.0,19829.0,9116.0,6036.0,0.0,390.0,44596.0,5220.0,22240.0,62380.0,33690.0,22340.0,390.0,2200.0,148450.0,140650.0,4077729530.0,1725430866.0,27911952.0,2064.0,1662.0,1889.0,9053.0,0.0,6347.0,1795.0,5331153920.0,65425297.0,42344001.0,391532.0,10075.0,0.0,0.0,0.0,6724.0,0.0,0.0,0.0,0.0,0.0,0.0,0.0,5807.0,4935.0,3890.0,3286.0,2784.0,2079.0,6896.0,0.0,0.0,46476.0,6206.0,10870.0,9762.0,10445.0,6095.0,2100.0,709.0,290.0,9671.0,5115.0,27433.0,2381.0,590.0,1228.0,57.0,10246.0,0.0,11161.0,0.0,0.0,0.0,0.0,0.0,9751.0,8802.0,0.0,6642.0,10053.0,5067.0,2917.0,5669.0,0.0,0.0,0.0,0.0,0.0,70307.0,0.0,0.0,0.0,10545.0,3425.0,4389.0,0.0,6809.0,0.0,10671.0,0.0,13709.0,314.0,0.0,0.0,0.0,8447.0,0.0,11997.0,33832.0,15750.0,1831.0,121.0,1769.0,43019.0,5367.0,394.0,4008.0,201.0,705.0,554.0,393.0,15225.0,53119.0,0.0,0.0,0.0,0.0,0.0,0.0,0.0,0.0,0.0,23184.0,7356.0,0.0,0.0,0.0,37276.0,0.0,0.0,0.0,0.0,0.0,0.0,734.0,288.0,7179.0,0.0,0.0,16182452.0,3316132707.0,2424119546.0,18017643.0,9867.0,1324.0,0.0,89.0,411.0,1805.0,10.0,0.0,0.0,0.0,5275.0,0.0,0.0,915.0,3050.0,0.0,62.0,0.0,27953.0,10161.0,1032.0,2916.0,3854.0,9284.0,145.0,0.0,0.0,0.0,6173.0,0.0,0.0,4835.0,2898.0,0.0,1058.0,0.0,58280.0,3959.0,5983.0,9336.0,20339.0,10960.0,178.0,557.0,13577.0,440.0,37420.0,8616.0
2000,Bukit Panjang,39903680.0,43504100.0,33503020.0,29802960.0,38904230.0,43104490.0,52505510.0,52104640.0,38703470.0,25002260.0,14001410.0,44504210.0,11101190.0,850990.0,590770.0,320460.0,170290.0,120220.0,4870047860.0,2342.0,0.0,2778.0,12100.0,8696.0,245.0,9.0,23574.0,7920.0,0.0,8070.0,44550.0,33380.0,2540.0,100.0,96560.0,86000.0,2751517002.0,731118641.0,14551143.0,1536.0,1228.0,2483.0,11907.0,0.0,6393.0,724.0,3406433235.0,26542561.0,77077444.0,239321.0,1768.0,0.0,0.0,0.0,3246.0,0.0,0.0,0.0,0.0,0.0,0.0,0.0,3976.0,3749.0,2916.0,2374.0,1813.0,1493.0,4836.0,0.0,0.0,26171.0,1181.0,3924.0,4656.0,7253.0,5629.0,2335.0,758.0,433.0,1791.0,2687.0,18312.0,1767.0,477.0,1058.0,79.0,3936.0,0.0,6086.0,0.0,0.0,0.0,0.0,0.0,6748.0,6375.0,0.0,4694.0,7052.0,3436.0,1740.0,4449.0,0.0,0.0,0.0,0.0,0.0,44516.0,0.0,0.0,0.0,5036.0,3384.0,1862.0,0.0,2378.0,0.0,10362.0,0.0,8273.0,533.0,0.0,0.0,0.0,4806.0,0.0,7882.0,19029.0,7255.0,2146.0,105.0,345.0,26128.0,9406.0,317.0,1679.0,198.0,728.0,222.0,257.0,5252.0,18891.0,0.0,0.0,0.0,0.0,0.0,0.0,0.0,0.0,0.0,15755.0,14782.0,0.0,0.0,0.0,37130.0,0.0,0.0,0.0,0.0,0.0,0.0,447.0,155.0,2453.0,0.0,0.0,418946.0,2421224232.0,111158971.0,5362635.0,6871.0,1477.0,34.0,74.0,231.0,877.0,19.0,0.0,0.0,0.0,8355.0,0.0,0.0,2684.0,3630.0,0.0,19.0,0.0,12958.0,12182.0,1246.0,2516.0,829.0,2965.0,91.0,0.0,0.0,0.0,1904.0,0.0,0.0,5063.0,4456.0,0.0,307.0,0.0,33727.0,2669.0,2337.0,12282.0,9350.0,5639.0,158.0,232.0,6673.0,197.0,25287.0,687.0
2000,Bukit Timah,16801570.0,24802550.0,19902130.0,20802180.0,21902380.0,18702420.0,24003130.0,28603350.0,27803110.0,25902620.0,15901590.0,24802470.0,12801320.0,9501010.0,660810.0,350530.0,210350.0,130240.0,3057033750.0,6663.0,0.0,454.0,918.0,1075.0,7120.0,14.0,3015.0,19970.0,0.0,1310.0,3300.0,4120.0,32230.0,1340.0,64320.0,10780.0,1621711704.0,525912095.0,554592.0,483.0,1231.0,1309.0,6688.0,0.0,3730.0,1253.0,1357514744.0,654681.0,88120.0,417431.0,1730.0,0.0,0.0,0.0,412.0,0.0,0.0,0.0,0.0,0.0,0.0,0.0,650.0,832.0,612.0,764.0,702.0,694.0,10416.0,0.0,0.0,16812.0,1154.0,2134.0,2442.0,3610.0,3675.0,2204.0,850.0,743.0,1805.0,1640.0,10748.0,1386.0,344.0,779.0,109.0,1377.0,0.0,946.0,0.0,0.0,0.0,0.0,0.0,1084.0,1637.0,0.0,1353.0,3086.0,2548.0,2267.0,13623.0,0.0,0.0,0.0,0.0,0.0,27920.0,0.0,0.0,0.0,5497.0,948.0,3300.0,0.0,676.0,0.0,3881.0,0.0,7097.0,205.0,0.0,0.0,0.0,1764.0,0.0,4552.0,5271.0,14764.0,101.0,11.0,56.0,20559.0,1791.0,807.0,499.0,99.0,607.0,80.0,550.0,1226.0,8141.0,0.0,0.0,0.0,0.0,0.0,0.0,0.0,0.0,0.0,33002.0,808.0,0.0,0.0,0.0,12228.0,0.0,0.0,0.0,0.0,0.0,0.0,224.0,338.0,393.0,0.0,0.0,250499.0,1527415787.0,62046530.0,3021574.0,3245.0,4146.0,0.0,26.0,38.0,432.0,24.0,0.0,0.0,0.0,1728.0,0.0,0.0,1644.0,3377.0,0.0,33.0,0.0,3939.0,17414.0,74.0,214.0,610.0,1779.0,228.0,0.0,0.0,0.0,672.0,0.0,0.0,2168.0,341.0,0.0,480.0,0.0,12579.0,4961.0,1047.0,962.0,11841.0,13155.0,261.0,140.0,1475.0,546.0,14419.0,1847.0
2000,Central Water Catchment,0.0,0.0,0.0,0.0,0.0,0.0,0.0,0.0,0.0,0.0,0.0,0.0,0.0,0.0,0.0,0.0,0.0,0.0,0.0,,,,,,,,,0.0,0.0,0.0,0.0,0.0,0.0,0.0,10.0,0.0,,,,,,,,,,,,,,,,,,,,,,,,,,,,,,,,,,,,,,,,,,,,,,,,,,,,,,,,,,,,,,,,,,,,,,,,,,,,,,,,,,,,,,,,,,,,,,,,,,,,,,,,,,,,,,,,,,,,,,,,,,,,,,,,,,,,,,,,,,,,,,,,,,,,,,,,,,,,,,,,,,,,,,,,,,,,,,,,,,,,,,,,,
2000,Changi,5040.0,4040.0,4030.0,3030.0,5050.0,6050.0,5050.0,5050.0,4030.0,4030.0,2010.0,5060.0,1030.0,1010.0,2010.0,1010.0,1010.0,0.0,560530.0,87.0,0.0,85.0,0.0,0.0,74.0,34.0,85.0,0.0,0.0,260.0,0.0,0.0,230.0,600.0,1090.0,260.0,300144.0,77163.0,1019.0,14.0,6.0,16.0,72.0,0.0,72.0,0.0,,,,,28.0,0.0,0.0,0.0,47.0,0.0,0.0,0.0,0.0,0.0,0.0,0.0,37.0,51.0,24.0,30.0,11.0,11.0,40.0,0.0,0.0,280.0,48.0,62.0,30.0,57.0,20.0,44.0,9.0,9.0,86.0,20.0,149.0,0.0,9.0,15.0,0.0,69.0,0.0,41.0,0.0,0.0,0.0,0.0,0.0,55.0,42.0,0.0,45.0,113.0,29.0,14.0,36.0,0.0,0.0,0.0,0.0,0.0,444.0,0.0,0.0,0.0,45.0,5.0,14.0,0.0,78.0,0.0,29.0,0.0,200.0,5.0,0.0,0.0,0.0,29.0,0.0,38.0,86.0,123.0,26.0,10.0,16.0,158.0,119.0,0.0,72.0,0.0,11.0,17.0,5.0,69.0,150.0,0.0,0.0,0.0,0.0,0.0,0.0,0.0,0.0,0.0,177.0,174.0,0.0,0.0,0.0,110.0,0.0,0.0,0.0,0.0,0.0,0.0,37.0,0.0,103.0,0.0,0.0,55.0,215198.0,16294.0,529.0,91.0,19.0,0.0,0.0,0.0,10.0,0.0,0.0,0.0,0.0,0.0,0.0,0.0,32.0,29.0,0.0,0.0,0.0,80.0,77.0,0.0,33.0,10.0,34.0,0.0,0.0,0.0,0.0,126.0,0.0,0.0,59.0,14.0,0.0,11.0,0.0,154.0,53.0,76.0,174.0,104.0,60.0,0.0,37.0,53.0,31.0,147.0,102.0
2000,Changi Bay,0.0,0.0,0.0,0.0,0.0,0.0,0.0,0.0,0.0,0.0,0.0,0.0,0.0,0.0,0.0,0.0,0.0,0.0,0.0,,,,,,,,,0.0,0.0,0.0,0.0,0.0,0.0,0.0,0.0,0.0,,,,,,,,,,,,,,,,,,,,,,,,,,,,,,,,,,,,,,,,,,,,,,,,,,,,,,,,,,,,,,,,,,,,,,,,,,,,,,,,,,,,,,,,,,,,,,,,,,,,,,,,,,,,,,,,,,,,,,,,,,,,,,,,,,,,,,,,,,,,,,,,,,,,,,,,,,,,,,,,,,,,,,,,,,,,,,,,,,,,,,,,,
2000,Choa Chu Kang,76007130.0,53004780.0,42703930.0,36403670.0,47306120.0,77408770.0,89307900.0,68906000.0,47204070.0,29802690.0,15601510.0,72806690.0,11601390.0,9401230.0,660920.0,370470.0,190290.0,130190.0,6909067720.0,108.0,213.0,1361.0,19382.0,16785.0,0.0,9.0,37741.0,2620.0,520.0,4210.0,68720.0,60060.0,590.0,90.0,136810.0,133500.0,4030825165.0,936425186.0,19261704.0,1984.0,1615.0,5052.0,17032.0,0.0,8628.0,1207.0,5111850141.0,46594502.0,1292612601.0,389472.0,1674.0,0.0,0.0,0.0,3530.0,0.0,0.0,0.0,0.0,0.0,0.0,0.0,5371.0,5563.0,5012.0,4180.0,3164.0,2623.0,6741.0,0.0,0.0,37858.0,788.0,5481.0,6828.0,11599.0,8127.0,3413.0,1092.0,530.0,1604.0,4216.0,27167.0,2511.0,620.0,1667.0,73.0,4777.0,0.0,7081.0,0.0,0.0,0.0,0.0,0.0,9055.0,9683.0,0.0,7773.0,12193.0,5892.0,3475.0,5543.0,0.0,0.0,0.0,0.0,0.0,65473.0,0.0,0.0,0.0,7845.0,4663.0,2777.0,0.0,2892.0,0.0,16668.0,0.0,11818.0,519.0,0.0,0.0,0.0,7389.0,0.0,10901.0,23315.0,10741.0,2786.0,74.0,512.0,39572.0,15500.0,335.0,2835.0,234.0,1332.0,423.0,514.0,5481.0,22934.0,0.0,0.0,0.0,0.0,0.0,0.0,0.0,0.0,0.0,24608.0,23342.0,0.0,0.0,0.0,53364.0,0.0,0.0,0.0,0.0,0.0,0.0,718.0,102.0,4213.0,0.0,0.0,5481142.0,3634036421.0,1407111302.0,6393189.0,7742.0,1672.0,34.0,72.0,1655.0,3704.0,82.0,0.0,0.0,0.0,13514.0,0.0,0.0,1851.0,5182.0,0.0,10.0,0.0,8416.0,15850.0,1570.0,3400.0,9370.0,11185.0,456.0,0.0,0.0,0.0,2568.0,0.0,0.0,5349.0,6861.0,0.0,448.0,0.0,46189.0,2904.0,4260.0,19318.0,14356.0,8234.0,259.0,261.0,7872.0,158.0,37081.0,619.0
2000,Clementi,22902150.0,26902550.0,31202960.0,38603870.0,42404080.0,36203460.0,37903640.0,34104010.0,36604700.0,39204120.0,23502260.0,28402650.0,20001880.0,13501380.0,910970.0,500610.0,210420.0,160330.0,4492046060.0,2136.0,912.0,13215.0,7532.0,2974.0,911.0,224.0,24633.0,5470.0,2100.0,38030.0,26890.0,10950.0,6090.0,1460.0,90980.0,77970.0,2547218640.0,923418548.0,14931198.0,1533.0,1500.0,1231.0,6711.0,0.0,4685.0,1473.0,2826729528.0,32393078.0,65376245.0,416429.0,3682.0,0.0,0.0,0.0,3159.0,0.0,0.0,0.0,0.0,0.0,0.0,0.0,3597.0,3338.0,2517.0,2319.0,1724.0,1497.0,6071.0,0.0,0.0,27905.0,3899.0,4987.0,5764.0,6541.0,4301.0,1625.0,546.0,242.0,5114.0,2862.0,17012.0,1702.0,343.0,817.0,54.0,4537.0,0.0,5368.0,0.0,0.0,0.0,0.0,0.0,5847.0,5415.0,0.0,4446.0,6231.0,3696.0,2319.0,6253.0,0.0,0.0,0.0,0.0,0.0,44112.0,0.0,0.0,0.0,6480.0,1878.0,2563.0,0.0,2482.0,0.0,8713.0,0.0,10129.0,302.0,0.0,0.0,0.0,4921.0,0.0,6646.0,14897.0,11594.0,2308.0,120.0,423.0,27098.0,8274.0,623.0,2143.0,157.0,740.0,178.0,492.0,5541.0,19170.0,0.0,0.0,0.0,0.0,0.0,0.0,0.0,0.0,0.0,19511.0,11897.0,0.0,0.0,0.0,25343.0,0.0,0.0,0.0,0.0,0.0,0.0,778.0,325.0,2995.0,0.0,0.0,7021196.0,2123521376.0,1351612567.0,7473247.0,6561.0,1238.0,0.0,39.0,381.0,1389.0,0.0,0.0,0.0,0.0,4270.0,0.0,0.0,868.0,2372.0,0.0,14.0,0.0,12248.0,9286.0,677.0,1900.0,3842.0,6820.0,227.0,0.0,0.0,0.0,2609.0,0.0,0.0,2959.0,3009.0,0.0,536.0,0.0,27421.0,3137.0,3046.0,11792.0,13367.0,9674.0,178.0,195.0,5774.0,200.0,25721.0,1985.0
2000,Downtown Core,90100.0,110100.0,120100.0,120150.0,230200.0,210180.0,180180.0,210160.0,160180.0,190190.0,150120.0,120120.0,140150.0,120100.0,12080.0,8050.0,3030.0,4030.0,24002220.0,133.0,167.0,717.0,367.0,9.0,0.0,33.0,1260.0,240.0,340.0,2160.0,1300.0,30.0,10.0,550.0,4620.0,3820.0,1311843.0,565977.0,8959.0,59.0,58.0,24.0,200.0,0.0,178.0,67.0,,,,,281.0,0.0,0.0,0.0,251.0,0.0,0.0,0.0,0.0,0.0,0.0,0.0,141.0,167.0,175.0,109.0,68.0,43.0,192.0,0.0,0.0,1426.0,262.0,315.0,240.0,321.0,210.0,54.0,19.0,5.0,327.0,171.0,746.0,96.0,52.0,33.0,0.0,328.0,0.0,319.0,0.0,0.0,0.0,0.0,0.0,272.0,262.0,0.0,273.0,324.0,164.0,56.0,157.0,0.0,0.0,0.0,0.0,0.0,2154.0,0.0,0.0,0.0,311.0,93.0,168.0,0.0,295.0,0.0,220.0,0.0,292.0,14.0,0.0,0.0,0.0,277.0,0.0,484.0,1301.0,431.0,16.0,0.0,50.0,1448.0,86.0,20.0,60.0,19.0,25.0,19.0,21.0,346.0,1767.0,0.0,0.0,0.0,0.0,0.0,0.0,0.0,0.0,0.0,482.0,106.0,0.0,0.0,0.0,1366.0,0.0,0.0,0.0,0.0,0.0,0.0,14.0,14.0,102.0,0.0,0.0,4154.0,10911014.0,770594.0,63217.0,261.0,24.0,0.0,0.0,63.0,86.0,0.0,0.0,0.0,0.0,110.0,0.0,0.0,11.0,30.0,0.0,0.0,0.0,543.0,218.0,24.0,91.0,255.0,345.0,10.0,0.0,0.0,0.0,375.0,0.0,0.0,160.0,65.0,0.0,68.0,0.0,2189.0,159.0,105.0,173.0,657.0,194.0,0.0,0.0,366.0,24.0,1094.0,308.0
2000,Geylang,33103010.0,40003700.0,37703590.0,39703990.0,48904800.0,45804530.0,54205150.0,56705420.0,48704720.0,40204060.0,27202800.0,42403910.0,26402780.0,22202350.0,17201950.0,10101090.0,450690.0,300600.0,5978059130.0,2394.0,4244.0,12061.0,8860.0,4079.0,2043.0,378.0,29578.0,8000.0,10260.0,38350.0,34000.0,15940.0,7940.0,2940.0,118910.0,100030.0,3147420841.0,1241424988.0,24841653.0,1804.0,1550.0,2086.0,9682.0,0.0,6626.0,1031.0,,,,,6444.0,0.0,0.0,0.0,5470.0,0.0,0.0,0.0,0.0,0.0,0.0,0.0,4434.0,4050.0,2990.0,2414.0,2063.0,1447.0,5082.0,0.0,0.0,34393.0,3650.0,7019.0,6870.0,7812.0,5020.0,2540.0,991.0,491.0,5989.0,3318.0,20825.0,2271.0,614.0,1299.0,78.0,7147.0,0.0,8318.0,0.0,0.0,0.0,0.0,0.0,7651.0,6620.0,0.0,4923.0,7497.0,3481.0,2160.0,4517.0,0.0,0.0,0.0,0.0,0.0,52314.0,0.0,0.0,0.0,6546.0,3781.0,3074.0,0.0,4178.0,0.0,8791.0,0.0,9491.0,308.0,0.0,0.0,0.0,6207.0,0.0,9938.0,25344.0,10054.0,2884.0,167.0,721.0,30907.0,10036.0,358.0,1698.0,218.0,786.0,193.0,379.0,10110.0,30844.0,0.0,0.0,0.0,0.0,0.0,0.0,0.0,0.0,0.0,17029.0,15554.0,0.0,0.0,0.0,37097.0,0.0,0.0,0.0,0.0,0.0,0.0,678.0,185.0,2687.0,0.0,0.0,11841824.0,2648026203.0,1764013886.0,10695568.0,7984.0,1699.0,12.0,88.0,597.0,2139.0,10.0,0.0,0.0,0.0,6355.0,0.0,0.0,1104.0,2753.0,0.0,38.0,0.0,15587.0,10168.0,1324.0,2679.0,4063.0,6809.0,141.0,0.0,0.0,0.0,4725.0,0.0,0.0,4226.0,1981.0,0.0,611.0,0.0,43323.0,2845.0,2232.0,15410.0,13502.0,6955.0,110.0,246.0,9231.0,517.0,29390.0,4486.0
2000,Hougang,72006800.0,83508050.0,71206970.0,66006460.0,76807940.0,81108720.0,1013010540.0,1064010280.0,86008040.0,61606030.0,36103620.0,89008280.0,30203150.0,22202710.0,16102060.0,8701280.0,470800.0,330720.0,101610102470.0,951.0,835.0,9682.0,23524.0,14127.0,4505.0,179.0,49159.0,5700.0,1740.0,29370.0,87290.0,51970.0,22190.0,1930.0,204070.0,174260.0,5682837163.0,1838739905.0,32332600.0,3696.0,3061.0,5387.0,22023.0,0.0,13456.0,2291.0,7953179903.0,57875795.0,91609223.0,8681004.0,4828.0,0.0,0.0,0.0,7346.0,0.0,0.0,0.0,0.0,0.0,0.0,0.0,7672.0,7326.0,5951.0,4765.0,3826.0,2679.0,10400.0,0.0,0.0,54793.0,3014.0,7563.0,9816.0,15405.0,11222.0,4886.0,1852.0,1035.0,4569.0,4710.0,38039.0,3896.0,912.0,2538.0,128.0,9543.0,0.0,13091.0,0.0,0.0,0.0,0.0,0.0,14353.0,12723.0,0.0,9503.0,14091.0,6945.0,4275.0,9467.0,0.0,0.0,0.0,0.0,0.0,93991.0,0.0,0.0,0.0,10989.0,7186.0,5213.0,0.0,5415.0,0.0,17025.0,0.0,17707.0,754.0,0.0,0.0,0.0,11627.0,0.0,18077.0,40870.0,23314.0,2446.0,232.0,738.0,59522.0,11938.0,359.0,3374.0,342.0,1105.0,561.0,783.0,12535.0,50583.0,0.0,0.0,0.0,0.0,0.0,0.0,0.0,0.0,0.0,42271.0,17593.0,0.0,0.0,0.0,72560.0,0.0,0.0,0.0,0.0,0.0,0.0,788.0,278.0,5022.0,0.0,0.0,12652127.0,4920449674.0,2665321648.0,13276221.0,19542.0,3976.0,72.0,183.0,110.0,1843.0,5.0,0.0,0.0,0.0,14074.0,0.0,0.0,2312.0,7744.0,0.0,53.0,0.0,35245.0,24349.0,2868.0,4379.0,914.0,7822.0,203.0,0.0,0.0,0.0,5553.0,0.0,0.0,6206.0,5467.0,0.0,985.0,0.0,77103.0,10289.0,5473.0,15549.0,20835.0,12719.0,699.0,504.0,14946.0,561.0,52572.0,1660.0
2000,Jurong East,27502670.0,34903220.0,34803340.0,35403520.0,40103940.0,37903550.0,39503840.0,40404290.0,39903960.0,32203010.0,17701600.0,32803050.0,13501330.0,10001010.0,640780.0,350480.0,190300.0,120240.0,4496044130.0,1330.0,0.0,7542.0,7621.0,8293.0,0.0,98.0,23461.0,6660.0,0.0,22920.0,28460.0,30670.0,0.0,390.0,89090.0,82040.0,2611716686.0,817918122.0,15501109.0,1654.0,1393.0,1958.0,8690.0,0.0,6094.0,1173.0,2670826266.0,26862626.0,60635846.0,239319.0,2096.0,0.0,0.0,0.0,2829.0,0.0,0.0,0.0,0.0,0.0,0.0,0.0,3599.0,3455.0,2779.0,2224.0,1741.0,1433.0,4733.0,0.0,0.0,24888.0,1606.0,3347.0,5092.0,6853.0,4938.0,2010.0,700.0,342.0,2370.0,2282.0,16917.0,1743.0,444.0,1080.0,53.0,4117.0,0.0,5776.0,0.0,0.0,0.0,0.0,0.0,6302.0,6090.0,0.0,4613.0,6776.0,3361.0,1912.0,3856.0,0.0,0.0,0.0,0.0,0.0,42804.0,0.0,0.0,0.0,5255.0,2334.0,1749.0,0.0,2358.0,0.0,11173.0,0.0,7772.0,364.0,0.0,0.0,0.0,4768.0,0.0,7030.0,16797.0,7281.0,2391.0,77.0,401.0,26088.0,9278.0,424.0,2103.0,136.0,930.0,277.0,378.0,5204.0,19141.0,0.0,0.0,0.0,0.0,0.0,0.0,0.0,0.0,0.0,14384.0,14109.0,0.0,0.0,0.0,32064.0,0.0,0.0,0.0,0.0,0.0,0.0,501.0,316.0,2921.0,0.0,0.0,565892.0,2196722140.0,1279510387.0,5192498.0,8131.0,1061.0,35.0,53.0,323.0,1478.0,5.0,0.0,0.0,0.0,6515.0,0.0,0.0,826.0,2496.0,0.0,38.0,0.0,10773.0,8576.0,1040.0,2194.0,3438.0,6167.0,86.0,0.0,0.0,0.0,2073.0,0.0,0.0,2998.0,5004.0,0.0,455.0,0.0,29746.0,2028.0,2875.0,12619.0,10640.0,5848.0,66.0,261.0,7681.0,200.0,24074.0,615.0
2000,Jurong West,83407990.0,81507520.0,74906980.0,74707320.0,90509550.0,1030010290.0,108009590.0,97409020.0,84107870.0,62105460.0,32603010.0,89808250.0,24302300.0,17301790.0,11501320.0,640840.0,320530.0,240410.0,104720100030.0,406.0,518.0,11550.0,24874.0,18289.0,0.0,98.0,55232.0,2170.0,1640.0,34790.0,93430.0,68670.0,3440.0,630.0,204750.0,198520.0,5939436088.0,1604237924.0,30972589.0,3255.0,2956.0,5228.0,21491.0,0.0,13226.0,1880.0,6546963153.0,74096937.0,1770117137.0,528715.0,3994.0,0.0,0.0,0.0,6673.0,0.0,0.0,0.0,0.0,0.0,0.0,0.0,8582.0,8617.0,6973.0,5614.0,4298.0,3277.0,7707.0,0.0,0.0,55735.0,3166.0,8073.0,10223.0,15768.0,11331.0,4826.0,1622.0,726.0,4981.0,6176.0,37763.0,3581.0,944.0,2206.0,84.0,8922.0,0.0,13806.0,0.0,0.0,0.0,0.0,0.0,15328.0,14508.0,0.0,11229.0,15283.0,7375.0,3773.0,5258.0,0.0,0.0,0.0,0.0,0.0,95482.0,0.0,0.0,0.0,10318.0,5757.0,3138.0,0.0,5183.0,0.0,29726.0,0.0,15927.0,621.0,0.0,0.0,0.0,10162.0,0.0,14649.0,39913.0,13719.0,5503.0,136.0,825.0,52796.0,22010.0,902.0,4558.0,546.0,2873.0,605.0,666.0,10081.0,36230.0,0.0,0.0,0.0,0.0,0.0,0.0,0.0,0.0,0.0,25974.0,34022.0,0.0,0.0,0.0,79282.0,0.0,0.0,0.0,0.0,0.0,0.0,1358.0,635.0,6778.0,0.0,0.0,12621824.0,5007950051.0,2604419858.0,11484867.0,16350.0,1870.0,10.0,140.0,1098.0,4360.0,34.0,0.0,0.0,0.0,17846.0,0.0,0.0,1517.0,4755.0,0.0,59.0,0.0,20743.0,17281.0,2553.0,5443.0,6354.0,14400.0,234.0,0.0,0.0,0.0,4609.0,0.0,0.0,7116.0,15809.0,0.0,940.0,0.0,68301.0,3779.0,6306.0,29945.0,20311.0,9331.0,309.0,763.0,16089.0,448.0,53559.0,1729.0
2000,Kallang,24002210.0,26302310.0,26402430.0,30302980.0,39103750.0,37103610.0,41003740.0,42003810.0,38103720.0,34503290.0,23902280.0,27902590.0,25602250.0,22001860.0,19001570.0,1070950.0,520670.0,350540.0,4767044550.0,2368.0,5724.0,11258.0,5536.0,3185.0,636.0,305.0,25703.0,7630.0,12260.0,36500.0,20020.0,11650.0,1950.0,2210.0,92220.0,80430.0,2595916547.0,1049919265.0,19161358.0,1224.0,1168.0,1401.0,6609.0,0.0,4398.0,911.0,3296731881.0,64394450.0,35073272.0,298393.0,6409.0,0.0,0.0,0.0,4431.0,0.0,0.0,0.0,0.0,0.0,0.0,0.0,3744.0,3143.0,2683.0,1853.0,1451.0,1205.0,4094.0,0.0,0.0,29013.0,4178.0,6877.0,5422.0,6204.0,3918.0,1651.0,460.0,303.0,6560.0,3188.0,16280.0,1674.0,425.0,847.0,39.0,6584.0,0.0,6793.0,0.0,0.0,0.0,0.0,0.0,6482.0,5277.0,0.0,3811.0,5380.0,2912.0,1547.0,3719.0,0.0,0.0,0.0,0.0,0.0,42506.0,0.0,0.0,0.0,5643.0,2256.0,2627.0,0.0,3824.0,0.0,6926.0,0.0,7570.0,267.0,0.0,0.0,0.0,4879.0,0.0,8514.0,20568.0,8813.0,1504.0,193.0,1554.0,24779.0,4324.0,513.0,3403.0,207.0,431.0,324.0,474.0,8457.0,27034.0,0.0,0.0,0.0,0.0,0.0,0.0,0.0,0.0,0.0,13970.0,6464.0,0.0,0.0,0.0,25897.0,0.0,0.0,0.0,0.0,0.0,0.0,999.0,213.0,5227.0,0.0,0.0,9751302.0,2121420308.0,1513211278.0,10524282.0,5706.0,1114.0,14.0,87.0,308.0,994.0,0.0,0.0,0.0,0.0,4163.0,0.0,0.0,719.0,2576.0,0.0,29.0,0.0,15411.0,7270.0,779.0,2116.0,1953.0,4383.0,60.0,0.0,0.0,0.0,4758.0,0.0,0.0,3400.0,1602.0,0.0,773.0,0.0,35678.0,2495.0,4546.0,8139.0,10945.0,6105.0,167.0,617.0,6852.0,539.0,22336.0,6137.0
2000,Lim Chu Kang,1010.0,1010.0,2010.0,2020.0,1010.0,1010.0,100.0,2010.0,2030.0,2020.0,100.0,100.0,100.0,0.0,0.0,0.0,0.0,0.0,170150.0,,,,,,,,,0.0,0.0,150.0,120.0,0.0,0.0,50.0,320.0,260.0,,,,,,,,,,,,,,,,,,,,,,,,,,,,,,,,,,,,,,,,,,,,,,,,,,,,,,,,,,,,,,,,,,,,,,,,,,,,,,,,,,,,,,,,,,,,,,,,,,,,,,,,,,,,,,,,,,,,,,,,,,,,,,,,,,,,,,,,,,,,,,,,,,,,,,,,,,,,,,,,,,,,,,,,,,,,,,,,,,,,,,,,,
2000,Mandai,2030.0,4040.0,4030.0,5040.0,4030.0,3040.0,4050.0,4040.0,4040.0,5050.0,2030.0,4030.0,2010.0,2010.0,1010.0,10.0,10.0,10.0,490500.0,,,,,,,,,230.0,0.0,0.0,0.0,0.0,680.0,90.0,990.0,0.0,,,,,,,,,,,,,,,,,,,,,,,,,,,,,,,,,,,,,,,,,,,,,,,,,,,,,,,,,,,,,,,,,,,,,,,,,,,,,,,,,,,,,,,,,,,,,,,,,,,,,,,,,,,,,,,,,,,,,,,,,,,,,,,,,,,,,,,,,,,,,,,,,,,,,,,,,,,,,,,,,,,,,,,,,,,,,,,,,,,,,,,,,
2000,Marina East,0.0,0.0,0.0,0.0,0.0,0.0,0.0,0.0,0.0,0.0,0.0,0.0,0.0,0.0,0.0,0.0,0.0,0.0,0.0,,,,,,,,,0.0,0.0,0.0,0.0,0.0,0.0,0.0,0.0,0.0,,,,,,,,,,,,,,,,,,,,,,,,,,,,,,,,,,,,,,,,,,,,,,,,,,,,,,,,,,,,,,,,,,,,,,,,,,,,,,,,,,,,,,,,,,,,,,,,,,,,,,,,,,,,,,,,,,,,,,,,,,,,,,,,,,,,,,,,,,,,,,,,,,,,,,,,,,,,,,,,,,,,,,,,,,,,,,,,,,,,,,,,,
2000,Marina South,0.0,0.0,0.0,0.0,0.0,0.0,0.0,0.0,0.0,0.0,0.0,0.0,0.0,0.0,0.0,0.0,0.0,0.0,0.0,,,,,,,,,0.0,0.0,0.0,0.0,0.0,0.0,0.0,0.0,0.0,,,,,,,,,,,,,,,,,,,,,,,,,,,,,,,,,,,,,,,,,,,,,,,,,,,,,,,,,,,,,,,,,,,,,,,,,,,,,,,,,,,,,,,,,,,,,,,,,,,,,,,,,,,,,,,,,,,,,,,,,,,,,,,,,,,,,,,,,,,,,,,,,,,,,,,,,,,,,,,,,,,,,,,,,,,,,,,,,,,,,,,,,
2000,Marine Parade,11201110.0,14101380.0,13301250.0,14101500.0,17901940.0,15701790.0,18102120.0,19402180.0,17002050.0,16701910.0,12101330.0,14901570.0,11101290.0,910980.0,690880.0,430490.0,210340.0,120230.0,2193024330.0,2945.0,1269.0,3038.0,1826.0,1687.0,2245.0,101.0,7962.0,10210.0,3040.0,8550.0,6440.0,6350.0,10200.0,900.0,46260.0,24950.0,109188160.0,44419493.0,552602.0,547.0,706.0,596.0,3318.0,0.0,2186.0,582.0,1328315124.0,23682436.0,20412107.0,543632.0,2558.0,0.0,0.0,0.0,1249.0,0.0,0.0,0.0,0.0,0.0,0.0,0.0,1194.0,1095.0,875.0,714.0,809.0,568.0,4192.0,0.0,0.0,13254.0,1966.0,2686.0,2403.0,2486.0,2009.0,965.0,401.0,337.0,2980.0,1539.0,6956.0,956.0,162.0,622.0,38.0,1676.0,0.0,1763.0,0.0,0.0,0.0,0.0,0.0,1671.0,1838.0,0.0,1450.0,2715.0,1681.0,1319.0,4966.0,0.0,0.0,0.0,0.0,0.0,19078.0,0.0,0.0,0.0,3305.0,722.0,2085.0,0.0,941.0,0.0,2120.0,0.0,3957.0,98.0,0.0,0.0,0.0,1999.0,0.0,3851.0,5346.0,8916.0,654.0,46.0,88.0,11655.0,3426.0,741.0,473.0,62.0,308.0,84.0,294.0,2074.0,7391.0,0.0,0.0,0.0,0.0,0.0,0.0,0.0,0.0,0.0,15087.0,3649.0,0.0,0.0,0.0,8763.0,0.0,0.0,0.0,0.0,0.0,0.0,1150.0,101.0,625.0,0.0,0.0,449712.0,96929936.0,54205569.0,3512038.0,2964.0,1192.0,0.0,14.0,10.0,430.0,5.0,0.0,0.0,0.0,1155.0,0.0,0.0,596.0,1566.0,0.0,5.0,0.0,6470.0,7008.0,177.0,486.0,112.0,1290.0,30.0,0.0,0.0,0.0,1060.0,0.0,0.0,1663.0,436.0,0.0,347.0,0.0,10494.0,3158.0,2223.0,3834.0,6607.0,5560.0,176.0,433.0,1682.0,321.0,10709.0,2224.0
2000,Museum,100.0,10.0,0.0,10.0,0.0,1010.0,1010.0,1010.0,1010.0,1010.0,1010.0,0.0,1010.0,2010.0,2010.0,200.0,0.0,0.0,150120.0,,,,,,,,,50.0,0.0,110.0,0.0,0.0,20.0,80.0,260.0,110.0,,,,,,,,,,,,,,,,,,,,,,,,,,,,,,,,,,,,,,,,,,,,,,,,,,,,,,,,,,,,,,,,,,,,,,,,,,,,,,,,,,,,,,,,,,,,,,,,,,,,,,,,,,,,,,,,,,,,,,,,,,,,,,,,,,,,,,,,,,,,,,,,,,,,,,,,,,,,,,,,,,,,,,,,,,,,,,,,,,,,,,,,,
2000,Newton,150120.0,200160.0,150170.0,130210.0,200250.0,200280.0,260300.0,250320.0,260320.0,280290.0,160170.0,180180.0,130160.0,120120.0,9090.0,6060.0,2030.0,3030.0,28603250.0,1530.0,5.0,0.0,0.0,0.0,180.0,0.0,5.0,5080.0,70.0,20.0,0.0,0.0,780.0,170.0,6110.0,80.0,13781035.0,5701125.0,7264.0,31.0,73.0,95.0,467.0,0.0,298.0,82.0,,,,,295.0,0.0,0.0,0.0,16.0,0.0,0.0,0.0,0.0,0.0,0.0,0.0,64.0,108.0,28.0,94.0,83.0,76.0,951.0,0.0,0.0,1715.0,261.0,279.0,235.0,341.0,285.0,173.0,100.0,40.0,349.0,232.0,888.0,133.0,37.0,71.0,6.0,76.0,0.0,62.0,0.0,0.0,0.0,0.0,0.0,93.0,163.0,0.0,75.0,344.0,203.0,182.0,1216.0,0.0,0.0,0.0,0.0,0.0,2414.0,0.0,0.0,0.0,528.0,36.0,356.0,0.0,85.0,0.0,210.0,0.0,482.0,12.0,0.0,0.0,0.0,180.0,0.0,524.0,377.0,1788.0,13.0,0.0,0.0,1300.0,276.0,228.0,26.0,11.0,61.0,0.0,101.0,64.0,536.0,0.0,0.0,0.0,0.0,0.0,0.0,0.0,0.0,0.0,3004.0,155.0,0.0,0.0,0.0,738.0,0.0,0.0,0.0,0.0,0.0,0.0,63.0,63.0,46.0,0.0,0.0,8553.0,13451435.0,568589.0,21148.0,186.0,328.0,0.0,0.0,34.0,24.0,5.0,0.0,0.0,0.0,61.0,0.0,0.0,103.0,298.0,0.0,7.0,0.0,180.0,1348.0,5.0,0.0,229.0,142.0,38.0,0.0,0.0,0.0,177.0,0.0,0.0,150.0,10.0,0.0,134.0,0.0,942.0,471.0,302.0,154.0,1013.0,1213.0,38.0,19.0,91.0,93.0,1235.0,388.0
2000,North-Eastern Islands,0.0,0.0,0.0,0.0,0.0,0.0,0.0,0.0,0.0,0.0,0.0,0.0,0.0,0.0,0.0,0.0,0.0,0.0,0.0,,,,,,,,,0.0,0.0,0.0,0.0,0.0,0.0,0.0,50.0,0.0,,,,,,,,,,,,,,,,,,,,,,,,,,,,,,,,,,,,,,,,,,,,,,,,,,,,,,,,,,,,,,,,,,,,,,,,,,,,,,,,,,,,,,,,,,,,,,,,,,,,,,,,,,,,,,,,,,,,,,,,,,,,,,,,,,,,,,,,,,,,,,,,,,,,,,,,,,,,,,,,,,,,,,,,,,,,,,,,,,,,,,,,,
2000,Novena,11101080.0,13501240.0,11701180.0,13301280.0,15801710.0,15901740.0,18302080.0,20102020.0,17801890.0,14901590.0,10601060.0,14601380.0,9101100.0,770900.0,660700.0,360470.0,220320.0,140320.0,2080022040.0,3400.0,623.0,3013.0,1916.0,1246.0,1907.0,54.0,6922.0,11210.0,1690.0,9220.0,6830.0,4700.0,7590.0,1230.0,42840.0,22800.0,112458354.0,39878521.0,629419.0,502.0,606.0,776.0,3363.0,0.0,1999.0,648.0,1306413735.0,15551399.0,633675.0,178264.0,1863.0,0.0,0.0,0.0,1117.0,0.0,0.0,0.0,0.0,0.0,0.0,0.0,1051.0,1144.0,919.0,872.0,739.0,607.0,3972.0,0.0,0.0,12283.0,1107.0,2376.0,2395.0,2773.0,1912.0,979.0,408.0,333.0,1950.0,1408.0,7303.0,845.0,181.0,549.0,48.0,1766.0,0.0,1883.0,0.0,0.0,0.0,0.0,0.0,2036.0,1937.0,0.0,1360.0,2876.0,1685.0,1311.0,4745.0,0.0,0.0,0.0,0.0,0.0,19599.0,0.0,0.0,0.0,3068.0,1017.0,1737.0,0.0,1309.0,0.0,2470.0,0.0,4303.0,130.0,0.0,0.0,0.0,1797.0,0.0,3769.0,6539.0,8127.0,205.0,59.0,302.0,12065.0,1268.0,354.0,1076.0,67.0,325.0,95.0,287.0,2388.0,9217.0,0.0,0.0,0.0,0.0,0.0,0.0,0.0,0.0,0.0,14559.0,1221.0,0.0,0.0,0.0,9938.0,0.0,0.0,0.0,0.0,0.0,0.0,312.0,112.0,1457.0,0.0,0.0,293448.0,98609913.0,53655140.0,3431794.0,2338.0,1514.0,0.0,24.0,98.0,403.0,23.0,0.0,0.0,0.0,1257.0,0.0,0.0,520.0,1685.0,0.0,34.0,0.0,5863.0,7085.0,228.0,510.0,561.0,1525.0,108.0,0.0,0.0,0.0,1244.0,0.0,0.0,1539.0,482.0,0.0,454.0,0.0,12906.0,2438.0,1743.0,1414.0,6128.0,5949.0,97.0,231.0,2250.0,273.0,10632.0,1379.0
2000,Orchard,1010.0,2020.0,1020.0,1020.0,1030.0,2020.0,2030.0,3040.0,3030.0,3020.0,2020.0,2020.0,2010.0,1010.0,1010.0,10.0,10.0,0.0,270330.0,,,,,,,,,430.0,0.0,0.0,0.0,0.0,0.0,160.0,590.0,0.0,,,,,,,,,,,,,,,,,,,,,,,,,,,,,,,,,,,,,,,,,,,,,,,,,,,,,,,,,,,,,,,,,,,,,,,,,,,,,,,,,,,,,,,,,,,,,,,,,,,,,,,,,,,,,,,,,,,,,,,,,,,,,,,,,,,,,,,,,,,,,,,,,,,,,,,,,,,,,,,,,,,,,,,,,,,,,,,,,,,,,,,,,
2000,Outram,420380.0,440410.0,540450.0,650700.0,950840.0,820770.0,910720.0,960800.0,870810.0,930840.0,750630.0,510450.0,810700.0,740580.0,690490.0,380350.0,180300.0,120330.0,1166010540.0,543.0,3543.0,2927.0,856.0,43.0,0.0,104.0,7399.0,1580.0,7420.0,9280.0,3030.0,190.0,10.0,570.0,22200.0,20040.0,63834234.0,30045005.0,501253.0,327.0,182.0,189.0,1068.0,0.0,817.0,264.0,49824585.0,781240.0,254242.0,2544.0,2720.0,0.0,0.0,0.0,1428.0,0.0,0.0,0.0,0.0,0.0,0.0,0.0,880.0,760.0,552.0,509.0,272.0,234.0,691.0,0.0,0.0,8046.0,1786.0,2315.0,1549.0,1220.0,702.0,335.0,99.0,40.0,2942.0,820.0,3711.0,344.0,48.0,177.0,5.0,2561.0,0.0,1901.0,0.0,0.0,0.0,0.0,0.0,1537.0,1172.0,0.0,789.0,1269.0,494.0,352.0,541.0,0.0,0.0,0.0,0.0,0.0,10616.0,0.0,0.0,0.0,1603.0,644.0,649.0,0.0,1440.0,0.0,1221.0,0.0,1759.0,38.0,0.0,0.0,0.0,1079.0,0.0,2183.0,6693.0,1594.0,130.0,37.0,492.0,6250.0,343.0,85.0,328.0,52.0,128.0,14.0,77.0,3155.0,10004.0,0.0,0.0,0.0,0.0,0.0,0.0,0.0,0.0,0.0,1746.0,430.0,0.0,0.0,0.0,5283.0,0.0,0.0,0.0,0.0,0.0,0.0,52.0,20.0,812.0,0.0,0.0,380413.0,47994451.0,43553209.0,3551419.0,1036.0,120.0,0.0,0.0,174.0,398.0,0.0,0.0,0.0,0.0,628.0,0.0,0.0,106.0,378.0,0.0,5.0,0.0,3444.0,997.0,138.0,460.0,816.0,1300.0,10.0,0.0,0.0,0.0,2371.0,0.0,0.0,689.0,270.0,0.0,123.0,0.0,10305.0,296.0,648.0,928.0,3046.0,1321.0,62.0,56.0,2718.0,89.0,4696.0,3262.0
2000,Pasir Ris,68106120.0,44004060.0,30802790.0,25102670.0,32404130.0,57808130.0,85007700.0,60505300.0,40303340.0,24402220.0,11201290.0,73706880.0,9601170.0,7201070.0,530790.0,320490.0,150270.0,90200.0,5808058610.0,2066.0,19.0,0.0,10902.0,16089.0,717.0,5.0,27015.0,7080.0,40.0,0.0,39880.0,63210.0,6290.0,190.0,116680.0,103120.0,3045120387.0,659518797.0,11241018.0,1386.0,1267.0,4342.0,14733.0,0.0,5541.0,830.0,3855139350.0,35713310.0,1062810487.0,10321115.0,1028.0,0.0,0.0,0.0,1890.0,0.0,0.0,0.0,0.0,0.0,0.0,0.0,3070.0,3848.0,3406.0,3212.0,2849.0,2347.0,8153.0,0.0,0.0,29802.0,785.0,4198.0,5319.0,8342.0,6536.0,3103.0,1052.0,468.0,1341.0,3400.0,20980.0,2253.0,492.0,1273.0,62.0,2565.0,0.0,4321.0,0.0,0.0,0.0,0.0,0.0,5155.0,6142.0,0.0,5920.0,9622.0,5654.0,3820.0,7640.0,0.0,0.0,0.0,0.0,0.0,50838.0,0.0,0.0,0.0,6704.0,2437.0,3875.0,0.0,2165.0,0.0,8751.0,0.0,9451.0,302.0,0.0,0.0,0.0,8729.0,0.0,8425.0,12612.0,13346.0,1553.0,54.0,145.0,30038.0,14274.0,465.0,1353.0,127.0,647.0,237.0,560.0,2960.0,13528.0,0.0,0.0,0.0,0.0,0.0,0.0,0.0,0.0,0.0,35001.0,17746.0,0.0,0.0,0.0,31205.0,0.0,0.0,0.0,0.0,0.0,0.0,485.0,133.0,1594.0,0.0,0.0,495973.0,2866428944.0,86197777.0,3932508.0,6316.0,2094.0,14.0,88.0,558.0,2178.0,29.0,0.0,0.0,0.0,10942.0,0.0,0.0,1549.0,4307.0,0.0,24.0,0.0,7501.0,16057.0,954.0,2419.0,5328.0,8510.0,608.0,0.0,0.0,0.0,1853.0,0.0,0.0,4387.0,2109.0,0.0,1111.0,0.0,28131.0,4502.0,2267.0,15830.0,12936.0,10136.0,146.0,363.0,4061.0,181.0,29023.0,598.0
2000,Paya Lebar,10.0,0.0,10.0,1010.0,1010.0,100.0,1010.0,0.0,1010.0,10.0,0.0,100.0,0.0,0.0,100.0,0.0,0.0,0.0,8070.0,,,,,,,,,0.0,0.0,0.0,0.0,0.0,30.0,110.0,140.0,0.0,,,,,,,,,,,,,,,,,,,,,,,,,,,,,,,,,,,,,,,,,,,,,,,,,,,,,,,,,,,,,,,,,,,,,,,,,,,,,,,,,,,,,,,,,,,,,,,,,,,,,,,,,,,,,,,,,,,,,,,,,,,,,,,,,,,,,,,,,,,,,,,,,,,,,,,,,,,,,,,,,,,,,,,,,,,,,,,,,,,,,,,,,
2000,Punggol,10.0,1010.0,100.0,1010.0,1010.0,1010.0,10.0,1010.0,1010.0,1010.0,1010.0,1010.0,100.0,100.0,0.0,0.0,0.0,0.0,120120.0,,,,,,,,,0.0,0.0,0.0,0.0,0.0,230.0,10.0,240.0,0.0,,,,,,,,,,,,,,,,,,,,,,,,,,,,,,,,,,,,,,,,,,,,,,,,,,,,,,,,,,,,,,,,,,,,,,,,,,,,,,,,,,,,,,,,,,,,,,,,,,,,,,,,,,,,,,,,,,,,,,,,,,,,,,,,,,,,,,,,,,,,,,,,,,,,,,,,,,,,,,,,,,,,,,,,,,,,,,,,,,,,,,,,,
2000,Queenstown,27502510.0,24302450.0,25702280.0,30603190.0,45304370.0,44904390.0,44004240.0,39504000.0,34403740.0,31603890.0,23102940.0,29202710.0,25902980.0,22102410.0,16301710.0,880930.0,440630.0,260510.0,4800049860.0,2231.0,3654.0,17065.0,4643.0,3170.0,286.0,164.0,28532.0,6800.0,8650.0,49780.0,15970.0,11320.0,3700.0,1630.0,97860.0,85730.0,2573718848.0,1090020461.0,18191332.0,997.0,1038.0,1447.0,5773.0,0.0,3642.0,1007.0,3126033183.0,34413230.0,52075114.0,553610.0,6719.0,0.0,0.0,0.0,4284.0,0.0,0.0,0.0,0.0,0.0,0.0,0.0,3625.0,3308.0,2829.0,2031.0,1681.0,1393.0,5344.0,0.0,0.0,31214.0,3774.0,8498.0,7012.0,6359.0,3589.0,1310.0,417.0,254.0,5808.0,4535.0,18255.0,1534.0,305.0,724.0,52.0,5477.0,0.0,6287.0,0.0,0.0,0.0,0.0,0.0,6062.0,5404.0,0.0,4070.0,6475.0,3653.0,2040.0,5117.0,0.0,0.0,0.0,0.0,0.0,44585.0,0.0,0.0,0.0,6745.0,2054.0,3016.0,0.0,3630.0,0.0,7118.0,0.0,9376.0,212.0,0.0,0.0,0.0,4823.0,0.0,7611.0,18734.0,13026.0,2168.0,129.0,714.0,25630.0,6213.0,411.0,1881.0,155.0,992.0,409.0,462.0,8175.0,29334.0,0.0,0.0,0.0,0.0,0.0,0.0,0.0,0.0,0.0,19033.0,9183.0,0.0,0.0,0.0,21553.0,0.0,0.0,0.0,0.0,0.0,0.0,587.0,311.0,3464.0,0.0,0.0,11301765.0,2244122132.0,1402411860.0,8614884.0,4849.0,930.0,5.0,24.0,405.0,1215.0,38.0,0.0,0.0,0.0,3593.0,0.0,0.0,659.0,2141.0,0.0,43.0,0.0,13655.0,7846.0,541.0,1717.0,4859.0,7090.0,175.0,0.0,0.0,0.0,2856.0,0.0,0.0,3193.0,1977.0,0.0,678.0,0.0,32677.0,4281.0,2787.0,9944.0,13632.0,9582.0,178.0,314.0,5702.0,525.0,27359.0,3329.0
2000,River Valley,210220.0,290280.0,240280.0,240320.0,330380.0,330420.0,370450.0,440520.0,390430.0,390420.0,240240.0,310290.0,180220.0,150150.0,110150.0,80100.0,4070.0,4050.0,43804980.0,2459.0,0.0,0.0,0.0,0.0,263.0,5.0,0.0,7900.0,0.0,0.0,0.0,0.0,1270.0,200.0,9370.0,0.0,22811621.0,7311759.0,6189.0,54.0,137.0,139.0,626.0,0.0,323.0,162.0,,,,,534.0,0.0,0.0,0.0,73.0,0.0,0.0,0.0,0.0,0.0,0.0,0.0,155.0,161.0,158.0,80.0,96.0,49.0,1420.0,0.0,0.0,2727.0,540.0,470.0,401.0,452.0,444.0,218.0,122.0,79.0,665.0,377.0,1366.0,200.0,33.0,79.0,6.0,154.0,0.0,110.0,0.0,0.0,0.0,0.0,0.0,183.0,229.0,0.0,257.0,487.0,431.0,308.0,1742.0,0.0,0.0,0.0,0.0,0.0,3902.0,0.0,0.0,0.0,882.0,76.0,634.0,0.0,104.0,0.0,428.0,0.0,759.0,26.0,0.0,0.0,0.0,322.0,0.0,671.0,772.0,2122.0,6.0,13.0,0.0,2486.0,248.0,261.0,45.0,0.0,225.0,0.0,227.0,137.0,1477.0,0.0,0.0,0.0,0.0,0.0,0.0,0.0,0.0,0.0,3760.0,132.0,0.0,0.0,0.0,1290.0,0.0,0.0,0.0,0.0,0.0,0.0,95.0,105.0,12.0,0.0,0.0,50121.0,20082042.0,9481014.0,67291.0,181.0,433.0,0.0,5.0,55.0,120.0,0.0,0.0,0.0,0.0,162.0,0.0,0.0,123.0,357.0,0.0,5.0,0.0,452.0,2163.0,0.0,40.0,241.0,239.0,14.0,0.0,0.0,0.0,201.0,0.0,0.0,347.0,21.0,0.0,184.0,0.0,1885.0,832.0,299.0,55.0,1417.0,1746.0,31.0,20.0,258.0,174.0,2018.0,534.0
2000,Rochor,420340.0,430420.0,430430.0,580610.0,740700.0,650630.0,690620.0,840710.0,690700.0,640680.0,620510.0,450450.0,550470.0,620340.0,720270.0,340200.0,120130.0,110100.0,96408300.0,483.0,614.0,2150.0,1284.0,81.0,68.0,289.0,4129.0,1400.0,1580.0,6830.0,4880.0,410.0,470.0,2380.0,17940.0,13700.0,46363021.0,18903478.0,281209.0,316.0,213.0,188.0,1009.0,0.0,770.0,192.0,,,,,977.0,0.0,0.0,0.0,764.0,0.0,0.0,0.0,0.0,0.0,0.0,0.0,679.0,593.0,454.0,424.0,298.0,158.0,622.0,0.0,0.0,4969.0,764.0,1013.0,893.0,1134.0,730.0,253.0,120.0,62.0,1130.0,514.0,2763.0,288.0,57.0,198.0,20.0,1131.0,0.0,1336.0,0.0,0.0,0.0,0.0,0.0,1209.0,992.0,0.0,702.0,1016.0,491.0,297.0,483.0,0.0,0.0,0.0,0.0,0.0,7658.0,0.0,0.0,0.0,1049.0,362.0,402.0,0.0,1045.0,0.0,912.0,0.0,1249.0,29.0,0.0,0.0,0.0,772.0,0.0,1838.0,3881.0,1733.0,67.0,30.0,541.0,4253.0,285.0,47.0,859.0,32.0,93.0,93.0,61.0,1539.0,5513.0,0.0,0.0,0.0,0.0,0.0,0.0,0.0,0.0,0.0,1850.0,257.0,0.0,0.0,0.0,4505.0,0.0,0.0,0.0,0.0,0.0,0.0,263.0,39.0,1641.0,0.0,0.0,144174.0,38073536.0,26542093.0,202905.0,1283.0,139.0,0.0,0.0,66.0,217.0,0.0,0.0,0.0,0.0,596.0,0.0,0.0,48.0,339.0,0.0,0.0,0.0,2718.0,952.0,117.0,272.0,283.0,726.0,5.0,0.0,0.0,0.0,1602.0,0.0,0.0,613.0,218.0,0.0,150.0,0.0,6780.0,446.0,1035.0,1078.0,2014.0,762.0,63.0,228.0,1109.0,143.0,4154.0,672.0
2000,Seletar,2010.0,1010.0,1010.0,2010.0,1020.0,2030.0,3030.0,3030.0,1020.0,2020.0,1020.0,2010.0,1010.0,100.0,0.0,0.0,0.0,0.0,220220.0,,,,,,,,,0.0,0.0,0.0,0.0,0.0,190.0,250.0,440.0,0.0,,,,,,,,,,,,,,,,,,,,,,,,,,,,,,,,,,,,,,,,,,,,,,,,,,,,,,,,,,,,,,,,,,,,,,,,,,,,,,,,,,,,,,,,,,,,,,,,,,,,,,,,,,,,,,,,,,,,,,,,,,,,,,,,,,,,,,,,,,,,,,,,,,,,,,,,,,,,,,,,,,,,,,,,,,,,,,,,,,,,,,,,,
2000,Sembawang,15001420.0,12501100.0,11101020.0,820920.0,15602000.0,18601780.0,18101710.0,16201530.0,11901050.0,750690.0,370460.0,980890.0,340410.0,270350.0,200220.0,120140.0,6070.0,4050.0,1584015820.0,9.0,0.0,277.0,3035.0,3358.0,476.0,5.0,6670.0,120.0,0.0,730.0,13350.0,15010.0,2130.0,320.0,31660.0,29090.0,70674596.0,18004639.0,347395.0,419.0,264.0,657.0,2631.0,0.0,1494.0,223.0,63496245.0,646596.0,17011664.0,7393.0,543.0,0.0,0.0,0.0,840.0,0.0,0.0,0.0,0.0,0.0,0.0,0.0,1195.0,1036.0,838.0,817.0,472.0,381.0,1038.0,0.0,0.0,7160.0,271.0,1384.0,1652.0,1863.0,1232.0,498.0,170.0,91.0,455.0,1077.0,4876.0,391.0,98.0,249.0,15.0,951.0,0.0,1563.0,0.0,0.0,0.0,0.0,0.0,1720.0,1754.0,0.0,1227.0,1981.0,1034.0,591.0,843.0,0.0,0.0,0.0,0.0,0.0,11663.0,0.0,0.0,0.0,1320.0,799.0,541.0,0.0,777.0,0.0,2452.0,0.0,2263.0,106.0,0.0,0.0,0.0,1361.0,0.0,2044.0,4460.0,2047.0,393.0,18.0,101.0,7168.0,2578.0,71.0,589.0,40.0,155.0,122.0,56.0,1047.0,4261.0,0.0,0.0,0.0,0.0,0.0,0.0,0.0,0.0,0.0,4219.0,3493.0,0.0,0.0,0.0,9673.0,0.0,0.0,0.0,0.0,0.0,0.0,114.0,42.0,778.0,0.0,0.0,96298.0,66296696.0,23502084.0,140553.0,981.0,350.0,5.0,14.0,753.0,844.0,43.0,0.0,0.0,0.0,2143.0,0.0,0.0,154.0,403.0,0.0,0.0,0.0,1289.0,2705.0,294.0,618.0,2423.0,1971.0,72.0,0.0,0.0,0.0,552.0,0.0,0.0,957.0,742.0,0.0,43.0,0.0,8298.0,651.0,865.0,3021.0,2561.0,1420.0,34.0,141.0,1854.0,100.0,6976.0,85.0
2000,Sengkang,31402920.0,24302230.0,20301910.0,17401680.0,24903410.0,34903280.0,35203470.0,33803110.0,24102060.0,15601380.0,770740.0,19801830.0,650700.0,500640.0,360510.0,210310.0,110190.0,70130.0,3081030490.0,0.0,73.0,184.0,5300.0,8042.0,159.0,9.0,13600.0,110.0,160.0,570.0,25160.0,33480.0,1290.0,540.0,61300.0,59360.0,143059266.0,36129328.0,531618.0,873.0,623.0,1276.0,5457.0,0.0,3155.0,331.0,1244912346.0,875878.0,20952149.0,124144.0,637.0,0.0,0.0,0.0,1607.0,0.0,0.0,0.0,0.0,0.0,0.0,0.0,2095.0,2032.0,1967.0,1614.0,990.0,832.0,1994.0,0.0,0.0,13768.0,274.0,2491.0,2806.0,4039.0,2615.0,1077.0,357.0,111.0,595.0,1683.0,9810.0,825.0,212.0,615.0,28.0,1761.0,0.0,2954.0,0.0,0.0,0.0,0.0,0.0,3494.0,3865.0,0.0,2881.0,4134.0,1929.0,1141.0,1412.0,0.0,0.0,0.0,0.0,0.0,23571.0,0.0,0.0,0.0,2620.0,1720.0,1344.0,0.0,1337.0,0.0,4275.0,0.0,4131.0,223.0,0.0,0.0,0.0,3424.0,0.0,4498.0,9479.0,4508.0,583.0,45.0,93.0,14779.0,4155.0,98.0,821.0,26.0,199.0,114.0,157.0,2603.0,10114.0,0.0,0.0,0.0,0.0,0.0,0.0,0.0,0.0,0.0,8726.0,5678.0,0.0,0.0,0.0,20049.0,0.0,0.0,0.0,0.0,0.0,0.0,50.0,45.0,1068.0,0.0,0.0,202419.0,1304613044.0,50034360.0,1971389.0,4905.0,806.0,36.0,38.0,19.0,453.0,0.0,0.0,0.0,0.0,3359.0,0.0,0.0,561.0,1513.0,0.0,24.0,0.0,8256.0,6250.0,711.0,1451.0,361.0,2172.0,67.0,0.0,0.0,0.0,975.0,0.0,0.0,1788.0,1323.0,0.0,217.0,0.0,18988.0,1479.0,1251.0,5071.0,4995.0,2574.0,107.0,111.0,3084.0,101.0,13500.0,167.0
2000,Serangoon,39003490.0,51004680.0,43704050.0,40103830.0,43304590.0,41804670.0,51806000.0,62506690.0,55105510.0,42904300.0,23602460.0,51104890.0,19802130.0,14501690.0,9701350.0,580930.0,310580.0,240460.0,6013062290.0,2994.0,100.0,4883.0,10866.0,6409.0,7563.0,107.0,22512.0,9630.0,260.0,14230.0,39780.0,23780.0,32850.0,860.0,122420.0,79090.0,3332323787.0,1096923185.0,15011316.0,1789.0,1982.0,2585.0,12977.0,0.0,8044.0,1677.0,5085152751.0,49925195.0,34283386.0,854962.0,2864.0,0.0,0.0,0.0,2883.0,0.0,0.0,0.0,0.0,0.0,0.0,0.0,3413.0,3542.0,3129.0,2517.0,2187.0,1941.0,10700.0,0.0,0.0,33176.0,2011.0,4584.0,5865.0,8876.0,6796.0,3114.0,1142.0,787.0,3112.0,3014.0,22555.0,2331.0,511.0,1586.0,67.0,4572.0,0.0,6021.0,0.0,0.0,0.0,0.0,0.0,6440.0,6257.0,0.0,5339.0,8632.0,4948.0,3277.0,11623.0,0.0,0.0,0.0,0.0,0.0,57110.0,0.0,0.0,0.0,7584.0,3366.0,4326.0,0.0,2710.0,0.0,9871.0,0.0,11819.0,506.0,0.0,0.0,0.0,6339.0,0.0,10588.0,19498.0,19726.0,939.0,118.0,395.0,37649.0,5592.0,460.0,2609.0,182.0,687.0,386.0,541.0,5300.0,24810.0,0.0,0.0,0.0,0.0,0.0,0.0,0.0,0.0,0.0,40057.0,6000.0,0.0,0.0,0.0,36828.0,0.0,0.0,0.0,0.0,0.0,0.0,625.0,189.0,3206.0,0.0,0.0,5331227.0,2939429734.0,1502913354.0,8373973.0,10196.0,4385.0,24.0,82.0,117.0,1301.0,38.0,0.0,0.0,0.0,4619.0,0.0,0.0,1957.0,6315.0,0.0,19.0,0.0,17398.0,20219.0,948.0,1845.0,980.0,5666.0,300.0,0.0,0.0,0.0,2492.0,0.0,0.0,3949.0,2726.0,0.0,587.0,0.0,39948.0,8192.0,4461.0,5681.0,15881.0,12254.0,218.0,342.0,7105.0,454.0,31738.0,983.0
2000,Simpang,0.0,0.0,0.0,0.0,0.0,0.0,0.0,0.0,0.0,0.0,0.0,0.0,0.0,0.0,0.0,0.0,0.0,0.0,0.0,,,,,,,,,0.0,0.0,0.0,0.0,0.0,0.0,0.0,0.0,0.0,,,,,,,,,,,,,,,,,,,,,,,,,,,,,,,,,,,,,,,,,,,,,,,,,,,,,,,,,,,,,,,,,,,,,,,,,,,,,,,,,,,,,,,,,,,,,,,,,,,,,,,,,,,,,,,,,,,,,,,,,,,,,,,,,,,,,,,,,,,,,,,,,,,,,,,,,,,,,,,,,,,,,,,,,,,,,,,,,,,,,,,,,
2000,Singapore River,3020.0,2020.0,2010.0,2020.0,4060.0,3060.0,6060.0,3040.0,3030.0,3030.0,3010.0,3020.0,1020.0,2010.0,1010.0,100.0,0.0,100.0,420400.0,,,,,,,,,630.0,0.0,0.0,0.0,0.0,0.0,190.0,830.0,0.0,,,,,,,,,,,,,,,,,,,,,,,,,,,,,,,,,,,,,,,,,,,,,,,,,,,,,,,,,,,,,,,,,,,,,,,,,,,,,,,,,,,,,,,,,,,,,,,,,,,,,,,,,,,,,,,,,,,,,,,,,,,,,,,,,,,,,,,,,,,,,,,,,,,,,,,,,,,,,,,,,,,,,,,,,,,,,,,,,,,,,,,,,
2000,Southern Islands,0.0,0.0,0.0,0.0,0.0,0.0,0.0,0.0,0.0,0.0,0.0,0.0,0.0,0.0,0.0,0.0,0.0,0.0,0.0,,,,,,,,,0.0,0.0,0.0,0.0,0.0,0.0,0.0,0.0,0.0,,,,,,,,,,,,,,,,,,,,,,,,,,,,,,,,,,,,,,,,,,,,,,,,,,,,,,,,,,,,,,,,,,,,,,,,,,,,,,,,,,,,,,,,,,,,,,,,,,,,,,,,,,,,,,,,,,,,,,,,,,,,,,,,,,,,,,,,,,,,,,,,,,,,,,,,,,,,,,,,,,,,,,,,,,,,,,,,,,,,,,,,,
2000,Straits View,0.0,0.0,0.0,0.0,0.0,0.0,0.0,0.0,0.0,0.0,0.0,0.0,0.0,0.0,0.0,0.0,0.0,0.0,0.0,,,,,,,,,0.0,0.0,0.0,0.0,0.0,0.0,0.0,0.0,0.0,,,,,,,,,,,,,,,,,,,,,,,,,,,,,,,,,,,,,,,,,,,,,,,,,,,,,,,,,,,,,,,,,,,,,,,,,,,,,,,,,,,,,,,,,,,,,,,,,,,,,,,,,,,,,,,,,,,,,,,,,,,,,,,,,,,,,,,,,,,,,,,,,,,,,,,,,,,,,,,,,,,,,,,,,,,,,,,,,,,,,,,,,
2000,Sungei Kadut,1010.0,4020.0,3020.0,4040.0,4030.0,3030.0,2020.0,3030.0,2030.0,4030.0,3020.0,2020.0,3030.0,2020.0,3020.0,2020.0,1020.0,2030.0,480440.0,,,,,,,,,0.0,0.0,0.0,0.0,0.0,660.0,260.0,920.0,0.0,,,,,,,,,,,,,,,,,,,,,,,,,,,,,,,,,,,,,,,,,,,,,,,,,,,,,,,,,,,,,,,,,,,,,,,,,,,,,,,,,,,,,,,,,,,,,,,,,,,,,,,,,,,,,,,,,,,,,,,,,,,,,,,,,,,,,,,,,,,,,,,,,,,,,,,,,,,,,,,,,,,,,,,,,,,,,,,,,,,,,,,,,
2000,Tampines,106109880.0,1113010390.0,93508680.0,74907340.0,79709400.0,1111012470.0,1347013840.0,1327013390.0,107109670.0,71506470.0,34503460.0,1232011520.0,26603140.0,20602720.0,14302210.0,9101380.0,470770.0,300530.0,125850127260.0,2580.0,289.0,12587.0,28296.0,21443.0,0.0,153.0,63165.0,8360.0,690.0,39240.0,110600.0,86520.0,4560.0,850.0,253110.0,239350.0,6678743429.0,1930247633.0,35842854.0,4178.0,3563.0,6609.0,28644.0,0.0,17309.0,1745.0,7261173353.0,66846353.0,2520625571.0,17411998.0,4623.0,0.0,0.0,0.0,6917.0,0.0,0.0,0.0,0.0,0.0,0.0,0.0,9476.0,9465.0,7927.0,6060.0,5485.0,3693.0,12252.0,0.0,0.0,65898.0,3539.0,9201.0,12100.0,18262.0,13727.0,5927.0,2189.0,954.0,5127.0,6388.0,45544.0,4809.0,1004.0,2905.0,122.0,9038.0,0.0,13201.0,0.0,0.0,0.0,0.0,0.0,15919.0,15637.0,0.0,12182.0,18616.0,9461.0,5612.0,10549.0,0.0,0.0,0.0,0.0,0.0,110216.0,0.0,0.0,0.0,13063.0,6216.0,7072.0,0.0,6430.0,0.0,18928.0,0.0,20278.0,779.0,0.0,0.0,0.0,19283.0,0.0,18166.0,37083.0,23400.0,6606.0,209.0,350.0,62077.0,36213.0,963.0,2592.0,414.0,1639.0,349.0,1181.0,10515.0,41078.0,0.0,0.0,0.0,0.0,0.0,0.0,0.0,0.0,0.0,51087.0,52930.0,0.0,0.0,0.0,74217.0,0.0,0.0,0.0,0.0,0.0,0.0,957.0,514.0,3233.0,0.0,0.0,13172793.0,5908259851.0,2806924188.0,12057085.0,18841.0,3533.0,67.0,237.0,1310.0,4907.0,62.0,0.0,0.0,0.0,21208.0,0.0,0.0,3213.0,8540.0,0.0,129.0,0.0,24060.0,24627.0,2251.0,6833.0,11788.0,17278.0,528.0,0.0,0.0,0.0,6207.0,0.0,0.0,8773.0,6245.0,0.0,1625.0,0.0,72288.0,7731.0,4410.0,45257.0,23764.0,16442.0,417.0,578.0,12704.0,436.0,64124.0,1339.0
2000,Tanglin,340330.0,420440.0,350430.0,330490.0,430530.0,430600.0,570690.0,580720.0,590710.0,600620.0,360350.0,460480.0,250300.0,210260.0,170210.0,100130.0,6090.0,5060.0,63107420.0,2861.0,0.0,19.0,77.0,78.0,835.0,0.0,174.0,8460.0,0.0,70.0,230.0,260.0,4230.0,480.0,13720.0,560.0,33792333.0,8302676.0,147180.0,43.0,304.0,232.0,1095.0,0.0,581.0,200.0,,,,,493.0,0.0,0.0,0.0,95.0,0.0,0.0,0.0,0.0,0.0,0.0,0.0,123.0,191.0,140.0,152.0,147.0,179.0,2350.0,0.0,0.0,3870.0,545.0,548.0,625.0,720.0,652.0,374.0,170.0,235.0,810.0,454.0,2115.0,249.0,62.0,145.0,35.0,225.0,0.0,166.0,0.0,0.0,0.0,0.0,0.0,146.0,330.0,0.0,190.0,610.0,421.0,363.0,3262.0,0.0,0.0,0.0,0.0,0.0,5712.0,0.0,0.0,0.0,1307.0,104.0,910.0,0.0,154.0,0.0,597.0,0.0,1216.0,21.0,0.0,0.0,0.0,394.0,0.0,1010.0,810.0,3577.0,0.0,16.0,5.0,3548.0,432.0,335.0,93.0,16.0,159.0,0.0,404.0,150.0,1501.0,0.0,0.0,0.0,0.0,0.0,0.0,0.0,0.0,0.0,6817.0,146.0,0.0,0.0,0.0,1532.0,0.0,0.0,0.0,0.0,0.0,0.0,101.0,289.0,85.0,0.0,0.0,62144.0,30813150.0,11711501.0,43395.0,368.0,988.0,0.0,5.0,19.0,62.0,0.0,0.0,0.0,0.0,145.0,0.0,0.0,219.0,630.0,0.0,18.0,0.0,679.0,3747.0,5.0,29.0,143.0,219.0,28.0,0.0,0.0,0.0,172.0,0.0,0.0,434.0,29.0,0.0,228.0,0.0,1990.0,1426.0,418.0,142.0,2358.0,2845.0,64.0,42.0,261.0,205.0,3035.0,630.0
2000,Tengah,0.0,0.0,0.0,0.0,0.0,0.0,0.0,0.0,0.0,0.0,0.0,0.0,0.0,0.0,0.0,0.0,0.0,0.0,0.0,,,,,,,,,0.0,0.0,0.0,0.0,0.0,0.0,0.0,60.0,0.0,,,,,,,,,,,,,,,,,,,,,,,,,,,,,,,,,,,,,,,,,,,,,,,,,,,,,,,,,,,,,,,,,,,,,,,,,,,,,,,,,,,,,,,,,,,,,,,,,,,,,,,,,,,,,,,,,,,,,,,,,,,,,,,,,,,,,,,,,,,,,,,,,,,,,,,,,,,,,,,,,,,,,,,,,,,,,,,,,,,,,,,,,
2000,Toa Payoh,31102980.0,35403280.0,35203310.0,39103910.0,51205090.0,48504770.0,51305360.0,55905680.0,47504860.0,41004650.0,30203520.0,39003620.0,30303360.0,23402560.0,17301980.0,9601310.0,520850.0,370670.0,5949061750.0,612.0,4237.0,17166.0,7314.0,5542.0,985.0,275.0,35293.0,2720.0,9990.0,48900.0,27090.0,20860.0,5940.0,1710.0,121240.0,110870.0,3093623146.0,1314324870.0,23181622.0,1723.0,1439.0,1903.0,8691.0,0.0,5797.0,1178.0,4362845539.0,40953882.0,48354862.0,605761.0,7547.0,0.0,0.0,0.0,5256.0,0.0,0.0,0.0,0.0,0.0,0.0,0.0,4660.0,4339.0,3262.0,2652.0,2339.0,1545.0,5565.0,0.0,0.0,37165.0,5939.0,7793.0,7631.0,7966.0,4797.0,1974.0,715.0,350.0,7914.0,3985.0,21619.0,2056.0,461.0,1071.0,59.0,6672.0,0.0,7922.0,0.0,0.0,0.0,0.0,0.0,7940.0,6784.0,0.0,5057.0,8208.0,4093.0,2607.0,4799.0,0.0,0.0,0.0,0.0,0.0,54082.0,0.0,0.0,0.0,7293.0,3201.0,3306.0,0.0,4466.0,0.0,9019.0,0.0,10902.0,400.0,0.0,0.0,0.0,6080.0,0.0,9416.0,24592.0,15036.0,1780.0,101.0,569.0,33626.0,6369.0,350.0,2471.0,177.0,661.0,326.0,430.0,9547.0,32304.0,0.0,0.0,0.0,0.0,0.0,0.0,0.0,0.0,0.0,23304.0,8775.0,0.0,0.0,0.0,34312.0,0.0,0.0,0.0,0.0,0.0,0.0,566.0,143.0,3298.0,0.0,0.0,14091945.0,2635626558.0,1734715354.0,12865780.0,7048.0,1631.0,5.0,79.0,536.0,1496.0,29.0,0.0,0.0,0.0,5861.0,0.0,0.0,899.0,3101.0,0.0,45.0,0.0,14995.0,10485.0,914.0,2352.0,5454.0,8028.0,147.0,0.0,0.0,0.0,4527.0,0.0,0.0,3798.0,2605.0,0.0,775.0,0.0,44405.0,5691.0,3663.0,8574.0,14444.0,10141.0,175.0,434.0,8507.0,386.0,32444.0,4336.0
2000,Tuas,0.0,0.0,0.0,0.0,0.0,0.0,0.0,0.0,0.0,0.0,0.0,0.0,0.0,0.0,0.0,0.0,0.0,0.0,0.0,,,,,,,,,0.0,0.0,0.0,0.0,0.0,0.0,0.0,40.0,0.0,,,,,,,,,,,,,,,,,,,,,,,,,,,,,,,,,,,,,,,,,,,,,,,,,,,,,,,,,,,,,,,,,,,,,,,,,,,,,,,,,,,,,,,,,,,,,,,,,,,,,,,,,,,,,,,,,,,,,,,,,,,,,,,,,,,,,,,,,,,,,,,,,,,,,,,,,,,,,,,,,,,,,,,,,,,,,,,,,,,,,,,,,
2000,Western Islands,0.0,0.0,0.0,0.0,0.0,0.0,0.0,0.0,0.0,0.0,0.0,0.0,0.0,0.0,0.0,0.0,0.0,0.0,0.0,,,,,,,,,0.0,0.0,0.0,0.0,0.0,0.0,0.0,0.0,0.0,,,,,,,,,,,,,,,,,,,,,,,,,,,,,,,,,,,,,,,,,,,,,,,,,,,,,,,,,,,,,,,,,,,,,,,,,,,,,,,,,,,,,,,,,,,,,,,,,,,,,,,,,,,,,,,,,,,,,,,,,,,,,,,,,,,,,,,,,,,,,,,,,,,,,,,,,,,,,,,,,,,,,,,,,,,,,,,,,,,,,,,,,
2000,Western Water Catchment,2010.0,2020.0,1010.0,20.0,20.0,1010.0,4030.0,3020.0,2010.0,2020.0,1010.0,1020.0,100.0,0.0,0.0,0.0,0.0,0.0,200210.0,,,,,,,,,0.0,0.0,0.0,0.0,0.0,0.0,410.0,410.0,0.0,,,,,,,,,,,,,,,,,,,,,,,,,,,,,,,,,,,,,,,,,,,,,,,,,,,,,,,,,,,,,,,,,,,,,,,,,,,,,,,,,,,,,,,,,,,,,,,,,,,,,,,,,,,,,,,,,,,,,,,,,,,,,,,,,,,,,,,,,,,,,,,,,,,,,,,,,,,,,,,,,,,,,,,,,,,,,,,,,,,,,,,,,
2000,Woodlands,1082010250.0,74406740.0,62205620.0,51305180.0,755010160.0,1170011820.0,112609920.0,90107900.0,62605560.0,41703920.0,22802380.0,81107490.0,19502040.0,15001710.0,11101210.0,560680.0,290350.0,170270.0,9551093170.0,5.0,861.0,5260.0,25655.0,22396.0,0.0,5.0,54172.0,470.0,2070.0,15990.0,88330.0,81080.0,240.0,490.0,188670.0,187480.0,5460234804.0,1360035111.0,31212524.0,2410.0,1986.0,6373.0,21499.0,0.0,11898.0,1056.0,5706255870.0,81297687.0,2160421110.0,807988.0,4176.0,0.0,0.0,0.0,7823.0,0.0,0.0,0.0,0.0,0.0,0.0,0.0,8941.0,8521.0,6743.0,5240.0,3647.0,2637.0,6454.0,0.0,0.0,54182.0,2241.0,9295.0,10607.0,14598.0,10581.0,4506.0,1541.0,812.0,3840.0,6661.0,37121.0,3537.0,856.0,2098.0,68.0,8453.0,0.0,13439.0,0.0,0.0,0.0,0.0,0.0,14769.0,13636.0,0.0,10468.0,14231.0,6208.0,3583.0,4617.0,0.0,0.0,0.0,0.0,0.0,89406.0,0.0,0.0,0.0,9785.0,7066.0,3737.0,0.0,5299.0,0.0,21265.0,0.0,17712.0,850.0,0.0,0.0,0.0,9925.0,0.0,13768.0,32937.0,13619.0,5168.0,252.0,769.0,45349.0,28101.0,421.0,4711.0,459.0,2173.0,622.0,547.0,8636.0,28008.0,0.0,0.0,0.0,0.0,0.0,0.0,0.0,0.0,0.0,27497.0,42335.0,0.0,0.0,0.0,69562.0,0.0,0.0,0.0,0.0,0.0,0.0,1216.0,312.0,6300.0,0.0,0.0,11562280.0,4930849814.0,1979715882.0,10614464.0,9269.0,1827.0,45.0,134.0,3498.0,6078.0,125.0,0.0,0.0,0.0,17561.0,0.0,0.0,1642.0,4995.0,0.0,48.0,0.0,11663.0,16940.0,2587.0,6254.0,14325.0,17580.0,562.0,0.0,0.0,0.0,5026.0,0.0,0.0,6350.0,7533.0,0.0,586.0,0.0,55893.0,4531.0,6654.0,35530.0,17686.0,10149.0,150.0,538.0,12632.0,329.0,52451.0,1403.0
2000,Yishun,60805730.0,78907460.0,67006220.0,59605890.0,71107110.0,76307920.0,95309620.0,90308780.0,71406770.0,49604740.0,27302780.0,85508200.0,21602160.0,15701780.0,10301260.0,570780.0,280480.0,230420.0,8913088070.0,424.0,39.0,13112.0,24594.0,10516.0,11.0,158.0,48261.0,1500.0,80.0,38180.0,92930.0,40590.0,3000.0,930.0,177210.0,171780.0,4983930867.0,1457334137.0,34842906.0,3186.0,2286.0,3985.0,20223.0,0.0,12784.0,1262.0,5724856357.0,89288746.0,1353613411.0,867981.0,4408.0,0.0,0.0,0.0,7106.0,0.0,0.0,0.0,0.0,0.0,0.0,0.0,7970.0,6749.0,5645.0,4367.0,3554.0,2427.0,6629.0,0.0,0.0,48854.0,2711.0,7347.0,9856.0,13540.0,9490.0,4052.0,1233.0,625.0,4083.0,5232.0,33382.0,3205.0,774.0,2063.0,115.0,8608.0,0.0,12801.0,0.0,0.0,0.0,0.0,0.0,12682.0,11678.0,0.0,8279.0,12051.0,5962.0,3344.0,5303.0,0.0,0.0,0.0,0.0,0.0,80707.0,0.0,0.0,0.0,9151.0,6522.0,3596.0,0.0,5531.0,0.0,17661.0,0.0,16044.0,983.0,0.0,0.0,0.0,9263.0,0.0,11957.0,33614.0,15735.0,3794.0,157.0,773.0,43401.0,18699.0,910.0,6077.0,367.0,2289.0,623.0,613.0,8757.0,35694.0,0.0,0.0,0.0,0.0,0.0,0.0,0.0,0.0,0.0,28448.0,26672.0,0.0,0.0,0.0,62512.0,0.0,0.0,0.0,0.0,0.0,0.0,2004.0,516.0,7496.0,0.0,0.0,11402332.0,4311742944.0,2252918030.0,11104604.0,9682.0,1753.0,57.0,146.0,3380.0,4908.0,50.0,0.0,0.0,0.0,18603.0,0.0,0.0,1162.0,3932.0,0.0,53.0,0.0,13019.0,13793.0,2185.0,3943.0,15035.0,14955.0,430.0,0.0,0.0,0.0,5072.0,0.0,0.0,5511.0,6242.0,0.0,521.0,0.0,59197.0,4791.0,9053.0,23575.0,15709.0,10080.0,357.0,466.0,12578.0,273.0,47705.0,876.0
2010,Ang Mo Kio,40803890.0,47304610.0,52205240.0,52305430.0,64406960.0,70107490.0,71607350.0,67206810.0,75107350.0,71207490.0,64807300.0,42504170.0,56506220.0,35403920.0,28103190.0,17802290.0,9101460.0,4901030.0,8711092180.0,3661.0,5122.0,26090.0,13993.0,6271.0,4177.0,391.0,51476.0,10870.0,11660.0,70180.0,47300.0,21860.0,16050.0,1390.0,179300.0,150980.0,5081540256.0,2003437492.0,24852093.0,2966.0,2102.0,2501.0,10897.0,595.0,8754.0,3208.0,7122075746.0,75327420.0,63556518.0,20062500.0,3136.0,8467.0,12137.0,0.0,5549.0,0.0,0.0,0.0,0.0,0.0,0.0,0.0,6055.0,5236.0,4565.0,3959.0,3357.0,2911.0,0.0,2442.0,1891.0,59705.0,10029.0,13021.0,13328.0,11705.0,6860.0,2864.0,1244.0,654.0,13732.0,7479.0,31672.0,3351.0,946.0,2408.0,117.0,12288.0,0.0,9085.0,0.0,0.0,0.0,0.0,0.0,8986.0,8850.0,0.0,7268.0,12491.0,8186.0,6040.0,0.0,4185.0,2724.0,10967.0,0.0,0.0,91070.0,6887.0,5089.0,1792.0,0.0,5124.0,6027.0,4075.0,0.0,3917.0,11824.0,3179.0,0.0,1009.0,5532.0,10640.0,2381.0,0.0,7505.0,16091.0,30511.0,16269.0,1748.0,197.0,595.0,65641.0,10500.0,2937.0,5786.0,678.0,4259.0,861.0,3178.0,10014.0,32771.0,0.0,0.0,0.0,0.0,0.0,0.0,0.0,0.0,0.0,46338.0,10352.0,0.0,0.0,0.0,61143.0,0.0,0.0,0.0,0.0,0.0,0.0,1202.0,1522.0,6079.0,0.0,0.0,21974424.0,4299242420.0,2666624706.0,14788290.0,8837.0,4029.0,131.0,104.0,1541.0,4012.0,103.0,0.0,0.0,25.0,7803.0,0.0,0.0,1367.0,2729.0,0.0,97.0,0.0,19707.0,19258.0,2491.0,2965.0,11538.0,17565.0,738.0,0.0,0.0,787.0,7061.0,0.0,0.0,4314.0,2683.0,0.0,1057.0,0.0,56082.0,12040.0,7775.0,11650.0,25820.0,15692.0,598.0,326.0,23191.0,644.0,50755.0,8307.0
2010,Bedok,67206510.0,90008490.0,101809900.0,1007010090.0,1047010790.0,1056011150.0,1097011780.0,1089011130.0,1219012430.0,1220012430.0,1073011160.0,75907430.0,88709150.0,50105220.0,38904590.0,26103510.0,15302440.0,9301920.0,144400150120.0,15148.0,4233.0,23792.0,21673.0,14003.0,11765.0,611.0,63701.0,41910.0,9240.0,66970.0,76230.0,51120.0,45920.0,3140.0,294520.0,203560.0,8356764100.0,3319559608.0,37482802.0,6343.0,4364.0,4103.0,20171.0,1326.0,15944.0,5550.0,102310107582.0,1302812320.0,2317824001.0,58846216.0,3782.0,11143.0,25281.0,0.0,6857.0,0.0,0.0,0.0,0.0,0.0,0.0,0.0,7476.0,7362.0,6596.0,5825.0,5444.0,4352.0,0.0,3807.0,3298.0,91224.0,12598.0,17613.0,18412.0,19446.0,12730.0,5989.0,2682.0,1756.0,17526.0,11330.0,50450.0,5758.0,1435.0,4412.0,313.0,17582.0,0.0,13131.0,0.0,0.0,0.0,0.0,0.0,13185.0,13403.0,0.0,10797.0,19091.0,12647.0,10048.0,0.0,7684.0,4912.0,25187.0,0.0,0.0,147667.0,9265.0,7836.0,2551.0,0.0,6570.0,12394.0,6052.0,0.0,7082.0,16075.0,4846.0,0.0,1716.0,10380.0,18516.0,3845.0,0.0,15153.0,25387.0,36837.0,31341.0,4960.0,503.0,545.0,95125.0,38815.0,6937.0,4519.0,1181.0,6862.0,867.0,8283.0,10245.0,37280.0,0.0,0.0,0.0,0.0,0.0,0.0,0.0,0.0,0.0,96675.0,38903.0,0.0,0.0,0.0,80351.0,0.0,0.0,0.0,0.0,0.0,0.0,3575.0,2372.0,4953.0,0.0,0.0,33035430.0,7125170419.0,4375339018.0,220411643.0,16868.0,8162.0,158.0,334.0,2085.0,7934.0,235.0,0.0,0.0,60.0,11696.0,0.0,0.0,3354.0,6387.0,0.0,148.0,0.0,31472.0,40895.0,2632.0,5954.0,11280.0,25128.0,1052.0,0.0,0.0,916.0,10986.0,0.0,0.0,9398.0,3879.0,0.0,2473.0,0.0,74930.0,20150.0,9628.0,45965.0,39471.0,30011.0,839.0,1095.0,24932.0,1383.0,78754.0,11087.0
2010,Bishan,20301910.0,29902700.0,38003380.0,31703170.0,28903040.0,28503160.0,34603890.0,33503750.0,37104330.0,40004250.0,33703350.0,25502210.0,25302610.0,14101560.0,11301290.0,710950.0,370660.0,220540.0,4453046770.0,3570.0,444.0,2371.0,9920.0,7510.0,3162.0,53.0,20673.0,11240.0,790.0,5920.0,33140.0,27380.0,11040.0,490.0,91300.0,68530.0,2543221190.0,1121518377.0,1079824.0,2274.0,1704.0,1562.0,6490.0,357.0,5711.0,2824.0,3761939684.0,36603563.0,19312114.0,13201407.0,595.0,2855.0,10264.0,0.0,1166.0,0.0,0.0,0.0,0.0,0.0,0.0,0.0,1390.0,1717.0,1616.0,1594.0,1684.0,1622.0,0.0,1380.0,1573.0,27457.0,2654.0,4552.0,5553.0,6926.0,4330.0,2175.0,781.0,486.0,3736.0,3130.0,16663.0,2104.0,394.0,1354.0,77.0,4283.0,0.0,2967.0,0.0,0.0,0.0,0.0,0.0,3239.0,3487.0,0.0,2966.0,5914.0,4651.0,3832.0,0.0,2892.0,2405.0,9987.0,0.0,0.0,46623.0,2205.0,1848.0,907.0,0.0,1896.0,4257.0,2398.0,0.0,2664.0,4485.0,1408.0,0.0,530.0,4080.0,7420.0,1335.0,0.0,2959.0,8232.0,9190.0,12151.0,377.0,50.0,256.0,39036.0,5238.0,1938.0,2522.0,157.0,2212.0,425.0,2301.0,2266.0,10709.0,0.0,0.0,0.0,0.0,0.0,0.0,0.0,0.0,0.0,44620.0,3225.0,0.0,0.0,0.0,23841.0,0.0,0.0,0.0,0.0,0.0,0.0,540.0,954.0,2045.0,0.0,0.0,6521553.0,2296822999.0,1355012715.0,5563124.0,5917.0,3341.0,37.0,82.0,1175.0,3251.0,65.0,0.0,0.0,51.0,3154.0,0.0,0.0,1174.0,2461.0,0.0,76.0,0.0,7773.0,14199.0,682.0,852.0,5957.0,8809.0,506.0,0.0,0.0,432.0,2890.0,0.0,0.0,2137.0,927.0,0.0,764.0,0.0,23081.0,9966.0,3636.0,4347.0,16849.0,13439.0,282.0,134.0,6385.0,267.0,24950.0,2240.0
2010,Boon Lay,0.0,0.0,0.0,0.0,0.0,0.0,0.0,0.0,0.0,0.0,0.0,0.0,0.0,0.0,0.0,0.0,0.0,0.0,0.0,,,,,,,,,0.0,0.0,0.0,0.0,0.0,0.0,0.0,40.0,0.0,,,,,,,,,,,,,,,,,,,,,,,,,,,,,,,,,,,,,,,,,,,,,,,,,,,,,,,,,,,,,,,,,,,,,,,,,,,,,,,,,,,,,,,,,,,,,,,,,,,,,,,,,,,,,,,,,,,,,,,,,,,,,,,,,,,,,,,,,,,,,,,,,,,,,,,,,,,,,,,,,,,,,,,,,,,,,,,,,,,,,,,,,
2010,Bukit Batok,36103580.0,49904750.0,52205210.0,52905340.0,54705860.0,52805660.0,57506080.0,61306130.0,64906560.0,62506180.0,51104800.0,43004220.0,32903200.0,16301690.0,12101330.0,7601070.0,400670.0,210510.0,7136072840.0,8447.0,27.0,10970.0,15245.0,8172.0,1164.0,108.0,34413.0,24630.0,120.0,30580.0,53470.0,30200.0,4480.0,740.0,144200.0,114360.0,4342231580.0,1467227693.0,16691680.0,3202.0,2708.0,2372.0,11574.0,598.0,9601.0,3224.0,5123053035.0,79427315.0,1017910303.0,20102183.0,1136.0,3452.0,13088.0,0.0,2849.0,0.0,0.0,0.0,0.0,0.0,0.0,0.0,3486.0,3723.0,3537.0,3264.0,3024.0,2480.0,0.0,2172.0,1922.0,44133.0,4719.0,7604.0,9262.0,11146.0,6782.0,2942.0,1059.0,617.0,6684.0,5362.0,26639.0,2499.0,703.0,2105.0,141.0,7604.0,0.0,6520.0,0.0,0.0,0.0,0.0,0.0,6001.0,7170.0,0.0,5665.0,10458.0,7530.0,5374.0,0.0,3963.0,2668.0,12050.0,0.0,0.0,75001.0,3795.0,3462.0,1337.0,0.0,3707.0,4118.0,3154.0,0.0,3267.0,13022.0,2122.0,0.0,1147.0,5348.0,10440.0,1975.0,0.0,5989.0,12119.0,16888.0,10794.0,2110.0,238.0,311.0,51861.0,15791.0,3923.0,5069.0,482.0,4813.0,530.0,3940.0,3965.0,15031.0,0.0,0.0,0.0,0.0,0.0,0.0,0.0,0.0,0.0,41029.0,17785.0,0.0,0.0,0.0,49889.0,0.0,0.0,0.0,0.0,0.0,0.0,2460.0,2096.0,5368.0,0.0,0.0,11402531.0,3697136000.0,2089118214.0,7604208.0,9225.0,4083.0,50.0,157.0,1945.0,4397.0,86.0,0.0,0.0,98.0,7831.0,0.0,0.0,1830.0,3415.0,0.0,33.0,0.0,11769.0,19547.0,1926.0,2783.0,10030.0,13219.0,658.0,0.0,0.0,1448.0,4684.0,0.0,0.0,3738.0,3517.0,0.0,733.0,0.0,37755.0,7287.0,7676.0,18708.0,21592.0,14166.0,290.0,371.0,12869.0,408.0,39975.0,3750.0
2010,Bukit Merah,41103940.0,34803420.0,37403740.0,39803960.0,51305740.0,66307250.0,67906700.0,60005790.0,60005650.0,62005860.0,54905860.0,35403360.0,50605730.0,33603950.0,31503560.0,21202610.0,11901750.0,8101500.0,7675080370.0,2709.0,11319.0,16773.0,14787.0,9534.0,160.0,344.0,52413.0,6640.0,23560.0,46400.0,45530.0,32240.0,460.0,2310.0,157120.0,147730.0,4264135806.0,1943131908.0,22131561.0,2433.0,1472.0,1874.0,8052.0,462.0,6390.0,2330.0,6051264172.0,81807610.0,56535697.0,20442414.0,4142.0,10311.0,10685.0,0.0,5324.0,0.0,0.0,0.0,0.0,0.0,0.0,0.0,4495.0,3767.0,3679.0,3602.0,2918.0,2553.0,0.0,2342.0,1809.0,55627.0,10936.0,14920.0,11578.0,9625.0,5115.0,2297.0,749.0,407.0,15515.0,8061.0,26717.0,2771.0,667.0,1826.0,71.0,11884.0,0.0,8178.0,0.0,0.0,0.0,0.0,0.0,6569.0,7040.0,0.0,5438.0,9560.0,7610.0,5964.0,0.0,3820.0,3152.0,9232.0,0.0,0.0,78447.0,6842.0,5561.0,1820.0,0.0,2894.0,6633.0,3806.0,0.0,3663.0,6933.0,2543.0,0.0,691.0,5566.0,9152.0,2210.0,0.0,6544.0,13589.0,27131.0,13933.0,1397.0,277.0,1206.0,55065.0,8143.0,3418.0,5569.0,498.0,2719.0,811.0,2984.0,10410.0,36709.0,0.0,0.0,0.0,0.0,0.0,0.0,0.0,0.0,0.0,37409.0,8624.0,0.0,0.0,0.0,41195.0,0.0,0.0,0.0,0.0,0.0,0.0,1057.0,1593.0,6995.0,0.0,0.0,26273979.0,3636135498.0,2356020837.0,17388961.0,7759.0,1770.0,45.0,69.0,1527.0,3705.0,31.0,0.0,0.0,54.0,4402.0,0.0,0.0,814.0,2640.0,0.0,37.0,0.0,24356.0,14187.0,1116.0,2537.0,7308.0,12900.0,293.0,0.0,0.0,638.0,7608.0,0.0,0.0,3777.0,1590.0,0.0,1344.0,0.0,49565.0,7812.0,6326.0,11620.0,24693.0,15514.0,536.0,694.0,16799.0,516.0,42018.0,13092.0
2010,Bukit Panjang,36003510.0,47404590.0,52704950.0,49204820.0,44704630.0,45004990.0,54405730.0,52205250.0,57005830.0,56105170.0,40903820.0,42704070.0,27802540.0,13701540.0,10401160.0,650900.0,340600.0,210440.0,6423064510.0,4171.0,0.0,2809.0,14982.0,13621.0,755.0,0.0,31413.0,12600.0,0.0,7890.0,54400.0,50610.0,2990.0,250.0,128730.0,112900.0,3816327842.0,1269024429.0,14041292.0,3078.0,2277.0,2545.0,11233.0,574.0,8963.0,2752.0,4785648223.0,46534508.0,1034010258.0,13771519.0,846.0,2260.0,9320.0,0.0,2324.0,0.0,0.0,0.0,0.0,0.0,0.0,0.0,3092.0,3261.0,3250.0,3069.0,2618.0,2453.0,0.0,2223.0,1623.0,36339.0,2472.0,5654.0,7140.0,9831.0,6442.0,3107.0,1072.0,620.0,3590.0,3941.0,23616.0,2533.0,641.0,1920.0,97.0,7457.0,0.0,6177.0,0.0,0.0,0.0,0.0,0.0,6021.0,6268.0,0.0,5555.0,9670.0,6581.0,5143.0,0.0,3262.0,2267.0,7605.0,0.0,0.0,66005.0,4032.0,3316.0,1160.0,0.0,3523.0,3334.0,2624.0,0.0,2379.0,10049.0,1887.0,0.0,1216.0,4157.0,9492.0,1490.0,0.0,6075.0,11272.0,17815.0,7800.0,1620.0,167.0,204.0,47461.0,15534.0,1966.0,2895.0,443.0,2931.0,507.0,2625.0,3854.0,14239.0,0.0,0.0,0.0,0.0,0.0,0.0,0.0,0.0,0.0,33440.0,17673.0,0.0,0.0,0.0,51221.0,0.0,0.0,0.0,0.0,0.0,0.0,1039.0,1056.0,2758.0,0.0,0.0,9211728.0,3266532551.0,1797815785.0,6933500.0,8351.0,3236.0,75.0,153.0,19.0,1690.0,20.0,0.0,0.0,1091.0,9490.0,0.0,0.0,4435.0,2719.0,0.0,56.0,0.0,16635.0,18733.0,2065.0,2753.0,6.0,5241.0,168.0,0.0,0.0,2979.0,3966.0,0.0,0.0,8712.0,3089.0,0.0,653.0,0.0,35922.0,5579.0,4213.0,17727.0,16598.0,10285.0,295.0,340.0,14862.0,336.0,34172.0,1831.0
2010,Bukit Timah,15301590.0,22402440.0,24402800.0,20702550.0,18102000.0,18402260.0,25603130.0,28103260.0,28803280.0,27303000.0,23802460.0,21002360.0,21002080.0,12301280.0,9701070.0,660790.0,390500.0,260490.0,3298037340.0,10163.0,0.0,413.0,835.0,1046.0,8081.0,120.0,2294.0,28780.0,0.0,1210.0,3030.0,3870.0,32270.0,1140.0,70310.0,8130.0,1822414333.0,776014812.0,491413.0,759.0,1600.0,1338.0,5470.0,163.0,4150.0,2413.0,2826132103.0,16851812.0,287433.0,27462987.0,344.0,2612.0,12639.0,0.0,340.0,0.0,0.0,0.0,0.0,0.0,0.0,0.0,528.0,569.0,761.0,602.0,625.0,467.0,0.0,610.0,561.0,20658.0,2125.0,3105.0,3643.0,4370.0,3738.0,2014.0,1036.0,626.0,3167.0,2807.0,12014.0,1357.0,231.0,1030.0,51.0,1875.0,0.0,999.0,0.0,0.0,0.0,0.0,0.0,765.0,1264.0,0.0,1085.0,2501.0,2293.0,2133.0,0.0,1898.0,1784.0,15961.0,0.0,0.0,32557.0,695.0,910.0,383.0,0.0,823.0,4855.0,2633.0,0.0,1618.0,2881.0,731.0,0.0,308.0,4151.0,4941.0,1112.0,0.0,1337.0,5179.0,3803.0,12720.0,68.0,59.0,12.0,28112.0,2455.0,2439.0,573.0,116.0,1623.0,116.0,3175.0,761.0,4798.0,0.0,0.0,0.0,0.0,0.0,0.0,0.0,0.0,0.0,43439.0,304.0,0.0,0.0,0.0,11549.0,0.0,0.0,0.0,0.0,0.0,0.0,312.0,1422.0,366.0,0.0,0.0,469975.0,1774017795.0,78378901.0,4291887.0,3670.0,5427.0,20.0,6.0,0.0,828.0,69.0,0.0,0.0,0.0,1967.0,0.0,0.0,1327.0,2116.0,0.0,91.0,0.0,3940.0,19803.0,193.0,139.0,0.0,2661.0,637.0,0.0,0.0,95.0,1904.0,0.0,0.0,1658.0,279.0,0.0,830.0,0.0,11325.0,7578.0,1609.0,1012.0,14015.0,17100.0,238.0,211.0,2946.0,490.0,16618.0,3550.0
2010,Central Water Catchment,0.0,0.0,0.0,0.0,0.0,0.0,0.0,0.0,0.0,0.0,0.0,0.0,0.0,0.0,0.0,0.0,0.0,0.0,0.0,,,,,,,,,0.0,0.0,0.0,0.0,0.0,0.0,0.0,10.0,0.0,,,,,,,,,,,,,,,,,,,,,,,,,,,,,,,,,,,,,,,,,,,,,,,,,,,,,,,,,,,,,,,,,,,,,,,,,,,,,,,,,,,,,,,,,,,,,,,,,,,,,,,,,,,,,,,,,,,,,,,,,,,,,,,,,,,,,,,,,,,,,,,,,,,,,,,,,,,,,,,,,,,,,,,,,,,,,,,,,,,,,,,,,
2010,Changi,9080.0,9070.0,7070.0,5050.0,5060.0,90100.0,120130.0,13090.0,10080.0,7050.0,5040.0,10090.0,4030.0,3030.0,2020.0,1020.0,2010.0,1030.0,11301030.0,480.0,0.0,153.0,0.0,6.0,98.0,41.0,159.0,50.0,0.0,420.0,0.0,0.0,370.0,1310.0,2160.0,430.0,747433.0,113426.0,1918.0,31.0,25.0,81.0,240.0,7.0,133.0,12.0,305338.0,199159.0,186147.0,2222.0,25.0,31.0,147.0,0.0,37.0,0.0,0.0,0.0,0.0,0.0,0.0,0.0,59.0,84.0,139.0,94.0,60.0,21.0,0.0,42.0,38.0,778.0,175.0,129.0,124.0,187.0,103.0,27.0,33.0,0.0,204.0,122.0,367.0,53.0,12.0,20.0,0.0,123.0,0.0,103.0,0.0,0.0,0.0,0.0,0.0,59.0,65.0,0.0,59.0,114.0,329.0,157.0,0.0,57.0,30.0,83.0,0.0,0.0,1180.0,72.0,60.0,0.0,0.0,13.0,15.0,25.0,0.0,0.0,45.0,14.0,0.0,7.0,19.0,628.0,12.0,0.0,115.0,155.0,126.0,171.0,36.0,6.0,7.0,379.0,544.0,20.0,164.0,14.0,106.0,61.0,68.0,54.0,150.0,0.0,0.0,0.0,0.0,0.0,0.0,0.0,0.0,0.0,750.0,514.0,0.0,0.0,0.0,342.0,0.0,0.0,0.0,0.0,0.0,0.0,27.0,0.0,148.0,0.0,0.0,2935.0,623596.0,226198.0,48.0,193.0,123.0,0.0,25.0,12.0,31.0,0.0,0.0,0.0,0.0,0.0,0.0,0.0,26.0,94.0,0.0,25.0,0.0,102.0,195.0,0.0,106.0,20.0,118.0,6.0,0.0,0.0,0.0,516.0,0.0,0.0,75.0,35.0,0.0,6.0,0.0,378.0,93.0,226.0,662.0,159.0,73.0,0.0,31.0,133.0,176.0,259.0,343.0
2010,Changi Bay,0.0,0.0,0.0,0.0,0.0,0.0,0.0,0.0,0.0,0.0,0.0,0.0,0.0,0.0,0.0,0.0,0.0,0.0,0.0,,,,,,,,,0.0,0.0,0.0,0.0,0.0,0.0,0.0,0.0,0.0,,,,,,,,,,,,,,,,,,,,,,,,,,,,,,,,,,,,,,,,,,,,,,,,,,,,,,,,,,,,,,,,,,,,,,,,,,,,,,,,,,,,,,,,,,,,,,,,,,,,,,,,,,,,,,,,,,,,,,,,,,,,,,,,,,,,,,,,,,,,,,,,,,,,,,,,,,,,,,,,,,,,,,,,,,,,,,,,,,,,,,,,,
2010,Choa Chu Kang,47604470.0,78807320.0,79007470.0,60005640.0,57906110.0,59406600.0,67807700.0,80908590.0,88308090.0,70906210.0,48104300.0,59905840.0,30002860.0,15301660.0,11401360.0,7501070.0,420690.0,230440.0,8689086410.0,4277.0,299.0,1328.0,21557.0,19823.0,628.0,0.0,43007.0,13560.0,990.0,4200.0,77400.0,74230.0,2470.0,450.0,173290.0,156810.0,5082336719.0,1705432984.0,19281719.0,4531.0,3417.0,3166.0,16530.0,819.0,15224.0,2976.0,6189661806.0,80167733.0,1469714483.0,22772383.0,846.0,2356.0,12899.0,0.0,2463.0,0.0,0.0,0.0,0.0,0.0,0.0,0.0,3491.0,4099.0,4213.0,3911.0,3926.0,3583.0,0.0,3288.0,2839.0,47912.0,2764.0,6467.0,8985.0,13585.0,9094.0,4289.0,1781.0,947.0,4054.0,4764.0,31536.0,3803.0,764.0,2813.0,178.0,8586.0,0.0,6920.0,0.0,0.0,0.0,0.0,0.0,7293.0,8085.0,0.0,7315.0,13485.0,9934.0,7314.0,0.0,5033.0,3463.0,10112.0,0.0,0.0,87543.0,4304.0,4032.0,1323.0,0.0,5098.0,4541.0,3530.0,0.0,3094.0,16366.0,2338.0,0.0,1644.0,5336.0,12160.0,1986.0,0.0,7604.0,14184.0,19962.0,10707.0,2136.0,202.0,312.0,62600.0,21651.0,4013.0,5423.0,564.0,5082.0,737.0,3822.0,4015.0,17764.0,0.0,0.0,0.0,0.0,0.0,0.0,0.0,0.0,0.0,46003.0,24533.0,0.0,0.0,0.0,67434.0,0.0,0.0,0.0,0.0,0.0,0.0,2278.0,2146.0,5768.0,0.0,0.0,13772026.0,4442944071.0,2314820823.0,8524502.0,8008.0,3399.0,161.0,222.0,4296.0,8129.0,132.0,0.0,0.0,504.0,15121.0,0.0,0.0,3233.0,3301.0,0.0,31.0,0.0,8736.0,21147.0,2229.0,3734.0,13791.0,18136.0,772.0,0.0,0.0,2195.0,4988.0,0.0,0.0,5152.0,5088.0,0.0,583.0,0.0,48826.0,6770.0,8064.0,25597.0,23302.0,13256.0,323.0,212.0,14878.0,436.0,44830.0,2646.0
2010,Clementi,21402100.0,23902320.0,24002330.0,25102630.0,34403650.0,38303980.0,38304000.0,35203690.0,37203620.0,32203660.0,31103950.0,23002270.0,31403510.0,18101880.0,14701540.0,8701050.0,490680.0,290560.0,4447047410.0,4047.0,952.0,12609.0,8070.0,3272.0,1673.0,169.0,24903.0,11250.0,2060.0,33230.0,26400.0,11410.0,5930.0,1600.0,91870.0,73090.0,2508820915.0,994318211.0,1014959.0,1374.0,973.0,1403.0,5521.0,319.0,4262.0,1822.0,3314436122.0,41983954.0,53965332.0,17051986.0,1239.0,4321.0,8344.0,0.0,2098.0,0.0,0.0,0.0,0.0,0.0,0.0,0.0,2488.0,2319.0,2074.0,2251.0,1859.0,1520.0,0.0,1155.0,1124.0,30792.0,5534.0,7095.0,6422.0,5992.0,3334.0,1547.0,581.0,286.0,7445.0,4302.0,15946.0,1563.0,414.0,1076.0,46.0,4982.0,0.0,3465.0,0.0,0.0,0.0,0.0,0.0,3366.0,4113.0,0.0,3503.0,5917.0,4716.0,3574.0,0.0,2518.0,1831.0,8017.0,0.0,0.0,46003.0,2516.0,2228.0,846.0,0.0,1590.0,3421.0,2459.0,0.0,2066.0,5610.0,1247.0,0.0,535.0,3830.0,7134.0,1171.0,0.0,3714.0,7635.0,11127.0,9441.0,1503.0,149.0,364.0,32600.0,7473.0,2207.0,2604.0,208.0,2196.0,391.0,2355.0,3513.0,13486.0,0.0,0.0,0.0,0.0,0.0,0.0,0.0,0.0,0.0,27571.0,7988.0,0.0,0.0,0.0,24284.0,0.0,0.0,0.0,0.0,0.0,0.0,1014.0,979.0,2976.0,0.0,0.0,10731862.0,2186021758.0,1238112653.0,7313812.0,4813.0,2077.0,43.0,76.0,588.0,1715.0,19.0,0.0,0.0,29.0,3195.0,0.0,0.0,833.0,2078.0,0.0,33.0,0.0,11169.0,11551.0,834.0,1304.0,4597.0,7409.0,347.0,0.0,0.0,478.0,3267.0,0.0,0.0,2341.0,1499.0,0.0,651.0,0.0,23541.0,5182.0,3782.0,9291.0,14737.0,11798.0,303.0,241.0,7255.0,329.0,26672.0,3791.0
2010,Downtown Core,8070.0,8060.0,6080.0,7090.0,150140.0,140180.0,170150.0,180170.0,160130.0,160130.0,120150.0,6070.0,130130.0,8090.0,70100.0,5060.0,3050.0,6030.0,18601870.0,542.0,0.0,577.0,283.0,21.0,0.0,6.0,881.0,600.0,0.0,1430.0,1130.0,30.0,0.0,530.0,3720.0,2580.0,1164806.0,458845.0,2525.0,56.0,26.0,39.0,149.0,13.0,103.0,63.0,11811249.0,106116.0,515.0,2118.0,40.0,198.0,346.0,0.0,112.0,0.0,0.0,0.0,0.0,0.0,0.0,0.0,110.0,98.0,85.0,103.0,110.0,95.0,0.0,84.0,47.0,1429.0,413.0,330.0,257.0,270.0,69.0,70.0,7.0,12.0,533.0,181.0,577.0,63.0,12.0,63.0,0.0,223.0,0.0,170.0,0.0,0.0,0.0,0.0,0.0,187.0,95.0,0.0,111.0,257.0,188.0,125.0,0.0,147.0,72.0,395.0,0.0,0.0,1970.0,138.0,85.0,60.0,0.0,33.0,272.0,43.0,0.0,137.0,109.0,52.0,0.0,0.0,218.0,191.0,88.0,0.0,160.0,383.0,806.0,342.0,0.0,8.0,19.0,1567.0,43.0,140.0,25.0,20.0,94.0,0.0,140.0,118.0,733.0,0.0,0.0,0.0,0.0,0.0,0.0,0.0,0.0,0.0,759.0,8.0,0.0,0.0,0.0,1316.0,0.0,0.0,0.0,0.0,0.0,0.0,80.0,70.0,70.0,0.0,0.0,,,,,114.0,50.0,0.0,0.0,31.0,89.0,0.0,0.0,0.0,0.0,69.0,0.0,0.0,14.0,67.0,0.0,0.0,0.0,348.0,257.0,19.0,51.0,338.0,200.0,26.0,0.0,0.0,45.0,508.0,0.0,0.0,67.0,22.0,0.0,64.0,0.0,1354.0,228.0,81.0,120.0,696.0,369.0,47.0,33.0,395.0,61.0,1020.0,348.0
2010,Geylang,28302560.0,34103200.0,39103800.0,38903830.0,42904520.0,45104900.0,47404660.0,45904580.0,51704850.0,52804870.0,44004270.0,28002850.0,35403640.0,22002360.0,18502180.0,13201670.0,7501190.0,450840.0,5993060760.0,6038.0,4313.0,12470.0,9608.0,4756.0,2135.0,577.0,31535.0,14730.0,9590.0,34440.0,34100.0,17300.0,7030.0,2140.0,120690.0,96790.0,3491726597.0,1413724010.0,16451290.0,2394.0,1649.0,1515.0,7135.0,464.0,6450.0,1924.0,4483245822.0,56354983.0,75637831.0,18532107.0,2425.0,6097.0,7881.0,0.0,3980.0,0.0,0.0,0.0,0.0,0.0,0.0,0.0,3774.0,3563.0,3103.0,2760.0,2352.0,1781.0,0.0,1424.0,1146.0,40285.0,7750.0,8907.0,7921.0,7417.0,4471.0,2332.0,838.0,649.0,10581.0,5158.0,19991.0,2407.0,561.0,1493.0,94.0,8518.0,0.0,6710.0,0.0,0.0,0.0,0.0,0.0,6324.0,5824.0,0.0,5246.0,8376.0,5592.0,4027.0,0.0,2546.0,1929.0,6422.0,0.0,0.0,61514.0,5088.0,3814.0,1246.0,0.0,3767.0,4278.0,2369.0,0.0,2636.0,6801.0,2131.0,0.0,743.0,3690.0,6910.0,1503.0,0.0,5679.0,10860.0,20820.0,9164.0,2250.0,231.0,428.0,39846.0,11759.0,2352.0,2843.0,567.0,2825.0,449.0,2760.0,6300.0,20707.0,0.0,0.0,0.0,0.0,0.0,0.0,0.0,0.0,0.0,27447.0,13969.0,0.0,0.0,0.0,37123.0,0.0,0.0,0.0,0.0,0.0,0.0,996.0,1309.0,3404.0,0.0,0.0,17422745.0,2837927105.0,1941716165.0,11615882.0,6341.0,2316.0,80.0,145.0,1599.0,3384.0,37.0,0.0,0.0,25.0,4457.0,0.0,0.0,926.0,2042.0,0.0,41.0,0.0,14633.0,11586.0,1445.0,2408.0,7575.0,10791.0,336.0,0.0,0.0,668.0,5840.0,0.0,0.0,3466.0,1225.0,0.0,872.0,0.0,37224.0,5069.0,3628.0,16037.0,17417.0,9923.0,392.0,475.0,12432.0,748.0,31557.0,7981.0
2010,Hougang,46604570.0,73007040.0,86208170.0,80607830.0,74807920.0,71707590.0,79208470.0,82508760.0,99109940.0,98909680.0,79407490.0,58405520.0,56705640.0,31603370.0,24002790.0,16102170.0,8101410.0,5201160.0,107190109510.0,4768.0,335.0,9864.0,25241.0,15488.0,5486.0,357.0,51674.0,14120.0,790.0,26850.0,89770.0,57000.0,21870.0,3940.0,216700.0,176770.0,6224948345.0,2331642909.0,24892186.0,5441.0,3600.0,2960.0,15800.0,978.0,14462.0,4934.0,8719189761.0,90408425.0,87298689.0,22112625.0,1749.0,5058.0,14850.0,0.0,4899.0,0.0,0.0,0.0,0.0,0.0,0.0,0.0,5714.0,5905.0,5223.0,5084.0,4501.0,3487.0,0.0,3118.0,2697.0,62285.0,5691.0,9820.0,13161.0,16276.0,9745.0,4712.0,1793.0,1086.0,8171.0,6395.0,38558.0,4654.0,1060.0,3247.0,200.0,13476.0,0.0,10904.0,0.0,0.0,0.0,0.0,0.0,10694.0,11210.0,0.0,9084.0,15528.0,10729.0,7496.0,0.0,5252.0,3593.0,12626.0,0.0,0.0,110594.0,6677.0,5110.0,1801.0,0.0,6742.0,7533.0,4722.0,0.0,4640.0,13508.0,3803.0,0.0,1162.0,6851.0,14123.0,2863.0,0.0,10459.0,20599.0,32291.0,19755.0,1648.0,280.0,616.0,85893.0,14611.0,3252.0,5759.0,533.0,3948.0,964.0,3882.0,8062.0,32805.0,0.0,0.0,0.0,0.0,0.0,0.0,0.0,0.0,0.0,63388.0,14566.0,0.0,0.0,0.0,80880.0,0.0,0.0,0.0,0.0,0.0,0.0,1795.0,1438.0,6038.0,0.0,0.0,18343431.0,5292052325.0,3180930069.0,14927614.0,16115.0,5449.0,182.0,176.0,1820.0,6361.0,126.0,0.0,0.0,101.0,11250.0,0.0,0.0,2175.0,4051.0,0.0,175.0,0.0,25243.0,27526.0,3150.0,4142.0,9752.0,19873.0,823.0,0.0,0.0,594.0,7975.0,0.0,0.0,5923.0,3027.0,0.0,1096.0,0.0,66781.0,15695.0,8420.0,16031.0,29174.0,18995.0,597.0,525.0,25277.0,851.0,57678.0,3756.0
2010,Jurong East,20702010.0,26602540.0,30802850.0,31903160.0,36803700.0,34703530.0,35703570.0,34203270.0,35803470.0,35803690.0,34403360.0,24402280.0,25902540.0,14001300.0,9401060.0,620750.0,310480.0,200350.0,4422043900.0,2346.0,168.0,7319.0,8026.0,8303.0,0.0,130.0,23816.0,7430.0,190.0,21030.0,28360.0,30760.0,0.0,340.0,88120.0,80340.0,2643418512.0,932517006.0,1155940.0,1559.0,1265.0,1370.0,6270.0,277.0,5140.0,1873.0,3098431149.0,51314618.0,70767006.0,10031115.0,814.0,2470.0,6143.0,0.0,1639.0,0.0,0.0,0.0,0.0,0.0,0.0,0.0,2303.0,2350.0,2277.0,2166.0,1824.0,1663.0,0.0,1449.0,1195.0,26292.0,3011.0,4369.0,6063.0,6214.0,3958.0,1754.0,517.0,407.0,4177.0,2923.0,15736.0,1631.0,459.0,1227.0,139.0,5206.0,0.0,4025.0,0.0,0.0,0.0,0.0,0.0,4044.0,4476.0,0.0,3948.0,6734.0,4389.0,3415.0,0.0,2237.0,1634.0,4838.0,0.0,0.0,44946.0,2252.0,2397.0,837.0,0.0,1926.0,2450.0,1654.0,0.0,1443.0,8333.0,1140.0,0.0,584.0,3217.0,6008.0,975.0,0.0,4350.0,7382.0,11533.0,6343.0,1504.0,134.0,379.0,29593.0,9488.0,1804.0,3697.0,388.0,2475.0,643.0,2323.0,3068.0,11948.0,0.0,0.0,0.0,0.0,0.0,0.0,0.0,0.0,0.0,20084.0,11502.0,0.0,0.0,0.0,29866.0,0.0,0.0,0.0,0.0,0.0,0.0,1061.0,1001.0,4308.0,0.0,0.0,7201299.0,2204321635.0,1359010731.0,5612794.0,6163.0,1447.0,31.0,91.0,899.0,2364.0,43.0,0.0,0.0,12.0,3694.0,0.0,0.0,886.0,2010.0,0.0,19.0,0.0,10391.0,9516.0,1228.0,1857.0,4130.0,7336.0,285.0,0.0,0.0,397.0,2988.0,0.0,0.0,2952.0,2971.0,0.0,405.0,0.0,24244.0,3121.0,4828.0,12743.0,12054.0,6488.0,208.0,338.0,9350.0,291.0,24332.0,1669.0
2010,Jurong West,81807860.0,92808900.0,97909290.0,91208970.0,1101011680.0,1249012450.0,1244011850.0,1173010790.0,1143010090.0,101209580.0,85108120.0,88608330.0,60105530.0,28802890.0,20102130.0,11701540.0,600910.0,330670.0,135940131580.0,3820.0,1289.0,11784.0,30448.0,29644.0,1022.0,75.0,73167.0,11600.0,3480.0,33780.0,108070.0,105910.0,4100.0,580.0,267520.0,251250.0,8130156972.0,2500048422.0,33643118.0,5931.0,3794.0,5116.0,22029.0,1078.0,17625.0,4402.0,9335091275.0,1461112518.0,2450424159.0,34443620.0,2157.0,5400.0,15434.0,0.0,5174.0,0.0,0.0,0.0,0.0,0.0,0.0,0.0,7286.0,8217.0,7557.0,6606.0,6526.0,5553.0,0.0,4520.0,3653.0,78083.0,7066.0,12858.0,16267.0,19548.0,13103.0,5577.0,2167.0,1497.0,9869.0,9572.0,46952.0,5376.0,1734.0,4316.0,264.0,15601.0,0.0,12625.0,0.0,0.0,0.0,0.0,0.0,13057.0,15217.0,0.0,12885.0,22082.0,15387.0,10327.0,0.0,6763.0,4099.0,10231.0,0.0,0.0,138273.0,7885.0,7280.0,2059.0,0.0,7212.0,5466.0,4678.0,0.0,3843.0,30871.0,3225.0,0.0,2101.0,8531.0,15830.0,2719.0,0.0,13543.0,23029.0,37019.0,14519.0,4709.0,438.0,795.0,85515.0,33825.0,5288.0,10125.0,1453.0,10257.0,1406.0,5134.0,7692.0,29058.0,0.0,0.0,0.0,0.0,0.0,0.0,0.0,0.0,0.0,49634.0,41596.0,0.0,0.0,0.0,108075.0,0.0,0.0,0.0,0.0,0.0,0.0,3012.0,3109.0,11109.0,0.0,0.0,23233953.0,6937667399.0,3660330068.0,13617092.0,15293.0,4207.0,160.0,294.0,3484.0,9353.0,84.0,0.0,0.0,58.0,18619.0,0.0,0.0,2315.0,5713.0,0.0,97.0,0.0,23672.0,27795.0,4562.0,6716.0,14718.0,25548.0,837.0,0.0,0.0,1401.0,8752.0,0.0,0.0,8958.0,12396.0,0.0,1202.0,0.0,80021.0,7884.0,12736.0,42386.0,34020.0,14230.0,670.0,740.0,25488.0,934.0,70350.0,6800.0
2010,Kallang,22002240.0,24802330.0,25402470.0,27002680.0,32603550.0,37904100.0,43704390.0,40703830.0,42003790.0,42303730.0,37503520.0,23802220.0,32703190.0,21202130.0,19802050.0,13301510.0,7701000.0,520850.0,4998049580.0,5527.0,6430.0,10700.0,7512.0,4050.0,708.0,547.0,28692.0,15020.0,12170.0,29950.0,24540.0,14310.0,1640.0,1930.0,99560.0,80960.0,2852121501.0,1188020383.0,12491047.0,1347.0,1100.0,1297.0,5499.0,303.0,4602.0,1458.0,3705737509.0,74876477.0,36793630.0,13351552.0,2588.0,6429.0,7117.0,0.0,3460.0,0.0,0.0,0.0,0.0,0.0,0.0,0.0,2957.0,2721.0,2356.0,2021.0,1726.0,1550.0,0.0,1337.0,1213.0,35474.0,7760.0,8720.0,6820.0,6231.0,3651.0,1529.0,444.0,320.0,10907.0,4641.0,16692.0,1540.0,496.0,1148.0,49.0,7651.0,0.0,5157.0,0.0,0.0,0.0,0.0,0.0,4759.0,4560.0,0.0,3761.0,6185.0,4268.0,2993.0,0.0,2239.0,1543.0,6906.0,0.0,0.0,50022.0,4742.0,3207.0,915.0,0.0,2550.0,4100.0,1953.0,0.0,2052.0,4766.0,1706.0,0.0,572.0,3190.0,5012.0,1380.0,0.0,4046.0,9831.0,17549.0,8718.0,1279.0,329.0,945.0,32253.0,5288.0,2742.0,3919.0,353.0,2056.0,391.0,2717.0,6042.0,17767.0,0.0,0.0,0.0,0.0,0.0,0.0,0.0,0.0,0.0,23414.0,5895.0,0.0,0.0,0.0,29154.0,0.0,0.0,0.0,0.0,0.0,0.0,1654.0,932.0,4712.0,0.0,0.0,16582286.0,2315922392.0,1589613170.0,9375083.0,4242.0,2000.0,76.0,62.0,1492.0,2223.0,58.0,0.0,0.0,26.0,2678.0,0.0,0.0,575.0,2027.0,0.0,50.0,0.0,11407.0,10129.0,942.0,1762.0,6235.0,8709.0,208.0,0.0,0.0,484.0,5209.0,0.0,0.0,2573.0,960.0,0.0,803.0,0.0,29687.0,4931.0,5664.0,8583.0,15316.0,9011.0,330.0,651.0,10406.0,466.0,25707.0,9301.0
2010,Lim Chu Kang,0.0,0.0,0.0,0.0,0.0,0.0,0.0,0.0,0.0,0.0,0.0,0.0,0.0,0.0,0.0,0.0,0.0,0.0,0.0,,,,,,,,,0.0,0.0,0.0,0.0,0.0,0.0,0.0,90.0,0.0,,,,,,,,,,,,,,,,,,,,,,,,,,,,,,,,,,,,,,,,,,,,,,,,,,,,,,,,,,,,,,,,,,,,,,,,,,,,,,,,,,,,,,,,,,,,,,,,,,,,,,,,,,,,,,,,,,,,,,,,,,,,,,,,,,,,,,,,,,,,,,,,,,,,,,,,,,,,,,,,,,,,,,,,,,,,,,,,,,,,,,,,,
2010,Mandai,6050.0,8080.0,6080.0,5060.0,6050.0,7070.0,80110.0,80100.0,9090.0,6070.0,6050.0,5070.0,4040.0,2030.0,1020.0,1010.0,1010.0,10.0,890980.0,267.0,0.0,0.0,0.0,0.0,203.0,18.0,0.0,1140.0,0.0,0.0,0.0,0.0,660.0,70.0,1870.0,0.0,458343.0,164304.0,625.0,25.0,19.0,32.0,90.0,0.0,133.0,25.0,,,,,0.0,74.0,248.0,0.0,19.0,0.0,0.0,0.0,0.0,0.0,0.0,0.0,0.0,13.0,0.0,32.0,13.0,31.0,0.0,53.0,6.0,489.0,66.0,48.0,107.0,106.0,77.0,53.0,12.0,19.0,92.0,55.0,269.0,47.0,13.0,0.0,13.0,69.0,0.0,53.0,0.0,0.0,0.0,0.0,0.0,19.0,25.0,0.0,25.0,106.0,39.0,64.0,0.0,51.0,120.0,230.0,0.0,0.0,801.0,19.0,56.0,0.0,0.0,25.0,59.0,19.0,0.0,46.0,161.0,20.0,0.0,7.0,25.0,158.0,6.0,0.0,38.0,163.0,167.0,182.0,0.0,0.0,0.0,621.0,77.0,31.0,98.0,0.0,22.0,19.0,39.0,44.0,230.0,0.0,0.0,0.0,0.0,0.0,0.0,0.0,0.0,0.0,686.0,43.0,0.0,0.0,0.0,395.0,0.0,0.0,0.0,0.0,0.0,0.0,0.0,0.0,53.0,0.0,0.0,632.0,457404.0,159213.0,625.0,99.0,68.0,0.0,0.0,0.0,81.0,6.0,0.0,0.0,0.0,26.0,0.0,0.0,19.0,25.0,0.0,0.0,0.0,78.0,427.0,12.0,12.0,0.0,158.0,19.0,0.0,0.0,0.0,25.0,0.0,0.0,44.0,6.0,0.0,19.0,0.0,344.0,166.0,117.0,57.0,278.0,107.0,6.0,0.0,226.0,13.0,426.0,49.0
2010,Marina East,0.0,0.0,0.0,0.0,0.0,0.0,0.0,0.0,0.0,0.0,0.0,0.0,0.0,0.0,0.0,0.0,0.0,0.0,0.0,,,,,,,,,0.0,0.0,0.0,0.0,0.0,0.0,0.0,0.0,0.0,,,,,,,,,,,,,,,,,,,,,,,,,,,,,,,,,,,,,,,,,,,,,,,,,,,,,,,,,,,,,,,,,,,,,,,,,,,,,,,,,,,,,,,,,,,,,,,,,,,,,,,,,,,,,,,,,,,,,,,,,,,,,,,,,,,,,,,,,,,,,,,,,,,,,,,,,,,,,,,,,,,,,,,,,,,,,,,,,,,,,,,,,
2010,Marina South,0.0,0.0,0.0,0.0,0.0,0.0,0.0,0.0,0.0,0.0,0.0,0.0,0.0,0.0,0.0,0.0,0.0,0.0,0.0,,,,,,,,,0.0,0.0,0.0,0.0,0.0,0.0,0.0,0.0,0.0,,,,,,,,,,,,,,,,,,,,,,,,,,,,,,,,,,,,,,,,,,,,,,,,,,,,,,,,,,,,,,,,,,,,,,,,,,,,,,,,,,,,,,,,,,,,,,,,,,,,,,,,,,,,,,,,,,,,,,,,,,,,,,,,,,,,,,,,,,,,,,,,,,,,,,,,,,,,,,,,,,,,,,,,,,,,,,,,,,,,,,,,,
2010,Marine Parade,10701100.0,13201430.0,13701470.0,12001310.0,12401390.0,15001840.0,19602340.0,19502040.0,18502050.0,17701820.0,14401630.0,13301330.0,13601590.0,9101040.0,8201040.0,580740.0,310550.0,220400.0,2220025110.0,4698.0,1402.0,3136.0,1796.0,1813.0,2444.0,209.0,8147.0,13990.0,3460.0,7680.0,5840.0,6020.0,9690.0,640.0,47320.0,23000.0,118559349.0,544810303.0,462430.0,605.0,601.0,766.0,3186.0,195.0,2309.0,851.0,1653719130.0,28532989.0,16731753.0,11401242.0,525.0,3029.0,5671.0,0.0,813.0,0.0,0.0,0.0,0.0,0.0,0.0,0.0,906.0,910.0,728.0,692.0,677.0,449.0,0.0,694.0,403.0,15498.0,2780.0,3360.0,2896.0,2893.0,1948.0,999.0,334.0,288.0,3891.0,2246.0,7504.0,878.0,204.0,742.0,33.0,1940.0,0.0,1248.0,0.0,0.0,0.0,0.0,0.0,1099.0,1441.0,0.0,1125.0,2216.0,1813.0,1553.0,0.0,1292.0,891.0,6587.0,0.0,0.0,21204.0,998.0,1036.0,372.0,0.0,574.0,2833.0,1079.0,0.0,1177.0,1742.0,593.0,0.0,173.0,1994.0,2578.0,727.0,0.0,1490.0,3840.0,3700.0,7176.0,582.0,83.0,69.0,15727.0,3600.0,2067.0,399.0,167.0,934.0,120.0,1887.0,1336.0,4884.0,0.0,0.0,0.0,0.0,0.0,0.0,0.0,0.0,0.0,21012.0,2635.0,0.0,0.0,0.0,8962.0,0.0,0.0,0.0,0.0,0.0,0.0,1269.0,384.0,506.0,0.0,0.0,546984.0,1117411043.0,56525913.0,3942143.0,2438.0,1716.0,8.0,13.0,19.0,826.0,78.0,0.0,0.0,0.0,1624.0,0.0,0.0,491.0,1213.0,0.0,19.0,0.0,6005.0,8675.0,167.0,332.0,29.0,1853.0,185.0,0.0,0.0,66.0,1668.0,0.0,0.0,1198.0,302.0,0.0,514.0,0.0,10029.0,4613.0,2836.0,3512.0,7643.0,6570.0,285.0,282.0,2078.0,330.0,11926.0,3243.0
2010,Museum,2010.0,1010.0,1010.0,0.0,1020.0,3020.0,2030.0,2020.0,2010.0,1010.0,1010.0,10.0,1010.0,0.0,0.0,100.0,0.0,0.0,170180.0,,,,,,,,,290.0,0.0,0.0,0.0,0.0,0.0,60.0,350.0,0.0,,,,,,,,,,,,,,,,,,,,,,,,,,,,,,,,,,,,,,,,,,,,,,,,,,,,,,,,,,,,,,,,,,,,,,,,,,,,,,,,,,,,,,,,,,,,,,,,,,,,,,,,,,,,,,,,,,,,,,,,,,,,,,,,,,,,,,,,,,,,,,,,,,,,,,,,,,,,,,,,,,,,,,,,,,,,,,,,,,,,,,,,,
2010,Newton,140170.0,160200.0,130210.0,110210.0,110210.0,170250.0,260340.0,290340.0,300290.0,220260.0,230220.0,210160.0,210200.0,120100.0,8090.0,6080.0,4030.0,3040.0,28703380.0,1991.0,0.0,0.0,0.0,0.0,176.0,7.0,0.0,5460.0,0.0,0.0,0.0,0.0,600.0,190.0,6240.0,0.0,15871091.0,6011375.0,1941.0,65.0,85.0,74.0,458.0,30.0,298.0,103.0,16422088.0,300362.0,2033.0,462434.0,28.0,441.0,1152.0,0.0,34.0,0.0,0.0,0.0,0.0,0.0,0.0,0.0,59.0,72.0,71.0,77.0,102.0,51.0,0.0,64.0,25.0,2175.0,442.0,485.0,352.0,349.0,358.0,132.0,43.0,14.0,691.0,397.0,990.0,71.0,6.0,14.0,6.0,149.0,0.0,77.0,0.0,0.0,0.0,0.0,0.0,57.0,144.0,0.0,71.0,203.0,167.0,135.0,0.0,148.0,89.0,1437.0,0.0,0.0,2677.0,112.0,91.0,23.0,0.0,61.0,571.0,144.0,0.0,149.0,232.0,62.0,0.0,23.0,366.0,217.0,149.0,0.0,88.0,388.0,179.0,1303.0,6.0,24.0,23.0,1420.0,219.0,609.0,48.0,38.0,181.0,13.0,623.0,26.0,204.0,0.0,0.0,0.0,0.0,0.0,0.0,0.0,0.0,0.0,3319.0,64.0,0.0,0.0,0.0,680.0,0.0,0.0,0.0,0.0,0.0,0.0,122.0,363.0,32.0,0.0,0.0,79117.0,15131502.0,573763.0,41124.0,102.0,425.0,0.0,0.0,35.0,75.0,0.0,0.0,0.0,0.0,140.0,0.0,0.0,39.0,274.0,0.0,0.0,0.0,150.0,1327.0,0.0,31.0,227.0,155.0,33.0,0.0,0.0,62.0,297.0,0.0,0.0,139.0,0.0,0.0,222.0,0.0,996.0,705.0,392.0,165.0,1121.0,1128.0,90.0,22.0,94.0,141.0,1199.0,835.0
2010,North-Eastern Islands,0.0,0.0,0.0,0.0,0.0,0.0,0.0,0.0,0.0,0.0,0.0,0.0,0.0,0.0,0.0,0.0,0.0,0.0,0.0,,,,,,,,,0.0,0.0,0.0,0.0,0.0,0.0,0.0,60.0,0.0,,,,,,,,,,,,,,,,,,,,,,,,,,,,,,,,,,,,,,,,,,,,,,,,,,,,,,,,,,,,,,,,,,,,,,,,,,,,,,,,,,,,,,,,,,,,,,,,,,,,,,,,,,,,,,,,,,,,,,,,,,,,,,,,,,,,,,,,,,,,,,,,,,,,,,,,,,,,,,,,,,,,,,,,,,,,,,,,,,,,,,,,,
2010,Novena,11401150.0,13101310.0,13001340.0,11801310.0,13401590.0,16801960.0,20302200.0,19801990.0,19602000.0,18101810.0,14901590.0,13401150.0,12401380.0,860900.0,690880.0,530670.0,310490.0,220540.0,2240024240.0,5343.0,746.0,3167.0,2163.0,1523.0,2099.0,166.0,7599.0,14560.0,1980.0,8690.0,7140.0,5380.0,7340.0,1550.0,46640.0,23190.0,1247910194.0,52579321.0,508363.0,548.0,681.0,668.0,2807.0,165.0,2504.0,844.0,1773119424.0,21152019.0,9831035.0,12581422.0,559.0,2194.0,5404.0,0.0,1138.0,0.0,0.0,0.0,0.0,0.0,0.0,0.0,1009.0,1046.0,815.0,784.0,667.0,636.0,0.0,533.0,423.0,15207.0,2458.0,3229.0,2994.0,2977.0,2090.0,824.0,394.0,243.0,3453.0,2199.0,7876.0,887.0,193.0,549.0,50.0,2262.0,0.0,1689.0,0.0,0.0,0.0,0.0,0.0,1545.0,1677.0,0.0,1369.0,2491.0,1836.0,1705.0,0.0,1159.0,820.0,6120.0,0.0,0.0,22673.0,1375.0,924.0,372.0,0.0,849.0,2625.0,1566.0,0.0,1057.0,1788.0,753.0,0.0,240.0,2146.0,2568.0,774.0,0.0,1397.0,4240.0,5203.0,6638.0,117.0,83.0,110.0,16299.0,2435.0,1923.0,1061.0,129.0,853.0,212.0,1413.0,1644.0,6638.0,0.0,0.0,0.0,0.0,0.0,0.0,0.0,0.0,0.0,18953.0,1430.0,0.0,0.0,0.0,10244.0,0.0,0.0,0.0,0.0,0.0,0.0,489.0,676.0,1273.0,0.0,0.0,610812.0,1137111217.0,58765919.0,3871931.0,2354.0,1661.0,26.0,6.0,225.0,1053.0,43.0,0.0,0.0,0.0,1016.0,0.0,0.0,497.0,1246.0,0.0,14.0,0.0,4930.0,7499.0,282.0,490.0,1167.0,3233.0,229.0,0.0,0.0,137.0,2179.0,0.0,0.0,1186.0,407.0,0.0,672.0,0.0,11813.0,4335.0,1814.0,2107.0,7464.0,6798.0,161.0,195.0,3436.0,301.0,12120.0,2787.0
2010,Orchard,2020.0,1020.0,1020.0,2030.0,2020.0,2040.0,4050.0,4040.0,5030.0,5040.0,4040.0,1020.0,3030.0,2010.0,1010.0,10.0,10.0,10.0,390430.0,,,,,,,,,640.0,0.0,0.0,0.0,0.0,0.0,170.0,810.0,0.0,,,,,,,,,,,,,,,,,,,,,,,,,,,,,,,,,,,,,,,,,,,,,,,,,,,,,,,,,,,,,,,,,,,,,,,,,,,,,,,,,,,,,,,,,,,,,,,,,,,,,,,,,,,,,,,,,,,,,,,,,,,,,,,,,,,,,,,,,,,,,,,,,,,,,,,,,,,,,,,,,,,,,,,,,,,,,,,,,,,,,,,,,
2010,Outram,500470.0,370290.0,360360.0,420450.0,670730.0,870920.0,830720.0,690670.0,820650.0,850700.0,820720.0,320320.0,810730.0,580490.0,520530.0,380380.0,200280.0,150310.0,101409720.0,986.0,3391.0,2301.0,550.0,73.0,0.0,67.0,6334.0,1820.0,6250.0,6350.0,3510.0,1230.0,10.0,600.0,19860.0,17430.0,47863656.0,26293598.0,294108.0,271.0,98.0,141.0,598.0,44.0,546.0,135.0,81788018.0,829594.0,658628.0,235246.0,1076.0,2009.0,861.0,0.0,928.0,0.0,0.0,0.0,0.0,0.0,0.0,0.0,557.0,513.0,407.0,312.0,293.0,180.0,0.0,154.0,98.0,7388.0,2634.0,2122.0,1221.0,738.0,405.0,181.0,47.0,39.0,3479.0,964.0,2452.0,298.0,58.0,137.0,0.0,2105.0,0.0,1034.0,0.0,0.0,0.0,0.0,0.0,778.0,777.0,0.0,539.0,932.0,555.0,460.0,0.0,348.0,143.0,770.0,0.0,0.0,8441.0,1246.0,727.0,171.0,0.0,290.0,634.0,246.0,0.0,253.0,518.0,289.0,0.0,121.0,555.0,673.0,324.0,0.0,722.0,1672.0,4321.0,1064.0,150.0,22.0,138.0,5284.0,793.0,312.0,477.0,96.0,349.0,54.0,317.0,1694.0,4795.0,0.0,0.0,0.0,0.0,0.0,0.0,0.0,0.0,0.0,2041.0,882.0,0.0,0.0,0.0,4458.0,0.0,0.0,0.0,0.0,0.0,0.0,16.0,161.0,516.0,0.0,0.0,511518.0,35473247.0,33882395.0,2631202.0,546.0,112.0,0.0,12.0,377.0,418.0,0.0,0.0,0.0,0.0,183.0,0.0,0.0,26.0,152.0,0.0,0.0,0.0,2017.0,754.0,146.0,159.0,1041.0,1333.0,34.0,0.0,0.0,139.0,2219.0,0.0,0.0,364.0,107.0,0.0,75.0,0.0,5956.0,528.0,554.0,1063.0,3146.0,1316.0,47.0,86.0,2375.0,118.0,3650.0,3620.0
2010,Pasir Ris,33603230.0,63905970.0,70106630.0,44704210.0,37003840.0,39604550.0,47705340.0,58707380.0,75206880.0,56105010.0,38003330.0,46104250.0,23002240.0,10801310.0,8601100.0,650930.0,340610.0,210570.0,6649067370.0,5134.0,25.0,0.0,11526.0,17424.0,1949.0,0.0,28975.0,15830.0,40.0,0.0,42060.0,67790.0,7310.0,830.0,133860.0,109900.0,3792428067.0,1388024459.0,13921318.0,4290.0,2808.0,2144.0,12782.0,569.0,13160.0,2367.0,4434645637.0,57685293.0,1361613611.0,27262814.0,449.0,1694.0,12364.0,0.0,1416.0,0.0,0.0,0.0,0.0,0.0,0.0,0.0,1992.0,2667.0,2832.0,2931.0,2971.0,2567.0,0.0,2350.0,1825.0,36057.0,2201.0,4881.0,6260.0,9559.0,7356.0,3537.0,1495.0,768.0,3222.0,3741.0,23570.0,2946.0,634.0,1876.0,69.0,5596.0,0.0,4362.0,0.0,0.0,0.0,0.0,0.0,5193.0,5465.0,0.0,5273.0,9449.0,7292.0,5606.0,0.0,4134.0,2861.0,10760.0,0.0,0.0,65991.0,2921.0,2753.0,1181.0,0.0,2599.0,4760.0,2834.0,0.0,3187.0,8404.0,1620.0,0.0,716.0,3928.0,10261.0,1854.0,0.0,9254.0,9718.0,9849.0,12893.0,1308.0,118.0,91.0,46048.0,22450.0,2860.0,2300.0,303.0,2892.0,437.0,3451.0,2040.0,10119.0,0.0,0.0,0.0,0.0,0.0,0.0,0.0,0.0,0.0,56929.0,20280.0,0.0,0.0,0.0,35055.0,0.0,0.0,0.0,0.0,0.0,0.0,1120.0,1138.0,1574.0,0.0,0.0,9681385.0,3342633255.0,1812715984.0,6753219.0,10020.0,4696.0,12.0,113.0,1298.0,6039.0,113.0,0.0,0.0,43.0,11212.0,0.0,0.0,1746.0,2626.0,0.0,83.0,0.0,10345.0,20297.0,968.0,2791.0,5427.0,12958.0,466.0,0.0,0.0,464.0,4095.0,0.0,0.0,3977.0,2038.0,0.0,1366.0,0.0,29935.0,9178.0,3800.0,24198.0,16629.0,14406.0,359.0,499.0,8035.0,337.0,33290.0,2430.0
2010,Paya Lebar,0.0,0.0,0.0,0.0,0.0,0.0,0.0,0.0,0.0,0.0,0.0,0.0,0.0,0.0,0.0,0.0,0.0,0.0,0.0,,,,,,,,,0.0,0.0,0.0,0.0,0.0,0.0,0.0,60.0,0.0,,,,,,,,,,,,,,,,,,,,,,,,,,,,,,,,,,,,,,,,,,,,,,,,,,,,,,,,,,,,,,,,,,,,,,,,,,,,,,,,,,,,,,,,,,,,,,,,,,,,,,,,,,,,,,,,,,,,,,,,,,,,,,,,,,,,,,,,,,,,,,,,,,,,,,,,,,,,,,,,,,,,,,,,,,,,,,,,,,,,,,,,,
2010,Pioneer,0.0,0.0,0.0,0.0,0.0,0.0,0.0,0.0,0.0,0.0,0.0,0.0,0.0,0.0,0.0,0.0,0.0,0.0,0.0,,,,,,,,,0.0,0.0,0.0,0.0,0.0,0.0,0.0,90.0,0.0,,,,,,,,,,,,,,,,,,,,,,,,,,,,,,,,,,,,,,,,,,,,,,,,,,,,,,,,,,,,,,,,,,,,,,,,,,,,,,,,,,,,,,,,,,,,,,,,,,,,,,,,,,,,,,,,,,,,,,,,,,,,,,,,,,,,,,,,,,,,,,,,,,,,,,,,,,,,,,,,,,,,,,,,,,,,,,,,,,,,,,,,,
2010,Punggol,33603130.0,16101500.0,13601320.0,12701260.0,16602310.0,35504460.0,44103910.0,24602230.0,20301860.0,15901640.0,12301330.0,25602480.0,9701040.0,480590.0,350410.0,230320.0,90200.0,60140.0,2927030120.0,0.0,0.0,0.0,5914.0,12085.0,44.0,0.0,17999.0,0.0,170.0,0.0,19620.0,39340.0,250.0,10.0,59390.0,59130.0,1752014084.0,42409351.0,633536.0,903.0,448.0,1787.0,5228.0,112.0,2539.0,729.0,2311523880.0,20131779.0,33373503.0,680827.0,175.0,806.0,5415.0,0.0,690.0,0.0,0.0,0.0,0.0,0.0,0.0,0.0,1090.0,1371.0,1527.0,1579.0,1674.0,1339.0,0.0,1348.0,1030.0,18043.0,920.0,3877.0,4160.0,4845.0,2594.0,1094.0,393.0,161.0,1373.0,3098.0,11341.0,1200.0,241.0,771.0,19.0,1979.0,0.0,1883.0,0.0,0.0,0.0,0.0,0.0,2304.0,2640.0,0.0,2555.0,5003.0,3971.0,3250.0,0.0,2273.0,1644.0,4102.0,0.0,0.0,31603.0,1342.0,1125.0,489.0,0.0,1260.0,2743.0,1086.0,0.0,2011.0,3985.0,963.0,0.0,405.0,2314.0,4231.0,860.0,0.0,3158.0,5631.0,5976.0,4452.0,351.0,42.0,26.0,23683.0,5128.0,1459.0,1077.0,207.0,1379.0,74.0,1359.0,1150.0,5963.0,0.0,0.0,0.0,0.0,0.0,0.0,0.0,0.0,0.0,19430.0,4825.0,0.0,0.0,0.0,21235.0,0.0,0.0,0.0,0.0,0.0,0.0,1017.0,364.0,874.0,0.0,0.0,366859.0,1671016692.0,51085016.0,2091403.0,2034.0,1680.0,75.0,44.0,457.0,886.0,21.0,0.0,0.0,155.0,4317.0,0.0,0.0,933.0,1093.0,0.0,19.0,0.0,3959.0,9724.0,506.0,1191.0,3608.0,4459.0,424.0,0.0,0.0,1389.0,1686.0,0.0,0.0,3226.0,675.0,0.0,421.0,0.0,17165.0,3496.0,2035.0,5671.0,8387.0,4872.0,111.0,84.0,4543.0,140.0,17139.0,764.0
2010,Queenstown,23302270.0,23702400.0,25002440.0,23502690.0,32603550.0,38304480.0,43004340.0,39504130.0,39703930.0,34803670.0,30403470.0,22802140.0,27703530.0,19102580.0,19302460.0,13901740.0,7701120.0,410760.0,4682051690.0,3974.0,3821.0,15117.0,6515.0,3799.0,1005.0,133.0,29252.0,10330.0,8300.0,40700.0,20660.0,13350.0,3700.0,1470.0,98500.0,83000.0,2516421144.0,1156020907.0,1319939.0,1367.0,1239.0,1290.0,5516.0,302.0,4726.0,1599.0,3583740431.0,42984026.0,40124254.0,20082186.0,1753.0,6642.0,7856.0,0.0,2832.0,0.0,0.0,0.0,0.0,0.0,0.0,0.0,2733.0,2601.0,2061.0,2174.0,1789.0,1525.0,0.0,1330.0,1068.0,34365.0,6582.0,9565.0,7065.0,5632.0,3289.0,1510.0,493.0,229.0,9076.0,5878.0,16349.0,1597.0,386.0,1067.0,12.0,5710.0,0.0,4254.0,0.0,0.0,0.0,0.0,0.0,3477.0,3948.0,0.0,2987.0,5836.0,4385.0,3220.0,0.0,2600.0,1818.0,8073.0,0.0,0.0,46307.0,3158.0,2606.0,928.0,0.0,1632.0,3793.0,2197.0,0.0,2410.0,4466.0,1385.0,0.0,548.0,3861.0,6287.0,1344.0,0.0,3933.0,7760.0,12949.0,11141.0,1383.0,131.0,299.0,32319.0,6389.0,3048.0,2669.0,349.0,2360.0,529.0,2733.0,4733.0,16181.0,0.0,0.0,0.0,0.0,0.0,0.0,0.0,0.0,0.0,30842.0,6629.0,0.0,0.0,0.0,23272.0,0.0,0.0,0.0,0.0,0.0,0.0,931.0,1221.0,3217.0,0.0,0.0,13572385.0,2299422889.0,1286012821.0,8314894.0,4713.0,2070.0,50.0,44.0,927.0,2255.0,58.0,0.0,0.0,13.0,3194.0,0.0,0.0,898.0,1678.0,0.0,39.0,0.0,11136.0,9942.0,671.0,1066.0,6504.0,7910.0,307.0,0.0,0.0,564.0,3902.0,0.0,0.0,2108.0,1023.0,0.0,813.0,0.0,24416.0,6589.0,3691.0,8368.0,16288.0,13387.0,323.0,293.0,7677.0,416.0,28238.0,5710.0
2010,River Valley,140220.0,200240.0,190270.0,170250.0,210330.0,300410.0,380460.0,420440.0,370370.0,320330.0,270270.0,190230.0,230220.0,130150.0,100120.0,6060.0,4060.0,3060.0,37304480.0,2536.0,0.0,0.0,0.0,0.0,198.0,13.0,0.0,7060.0,0.0,0.0,0.0,0.0,890.0,260.0,8210.0,0.0,21781778.0,7581617.0,6595.0,38.0,171.0,95.0,659.0,30.0,441.0,133.0,25563183.0,499614.0,2039.0,609578.0,6.0,387.0,1618.0,0.0,26.0,0.0,0.0,0.0,0.0,0.0,0.0,0.0,131.0,96.0,117.0,74.0,77.0,92.0,0.0,66.0,57.0,2748.0,591.0,494.0,408.0,491.0,423.0,169.0,86.0,86.0,859.0,316.0,1324.0,152.0,21.0,65.0,12.0,129.0,0.0,75.0,0.0,0.0,0.0,0.0,0.0,93.0,159.0,0.0,190.0,308.0,271.0,298.0,0.0,249.0,147.0,2037.0,0.0,0.0,3956.0,158.0,110.0,51.0,0.0,92.0,833.0,255.0,0.0,161.0,213.0,63.0,0.0,14.0,596.0,477.0,134.0,0.0,175.0,624.0,424.0,1540.0,8.0,8.0,0.0,2295.0,353.0,763.0,43.0,16.0,275.0,8.0,688.0,69.0,657.0,0.0,0.0,0.0,0.0,0.0,0.0,0.0,0.0,0.0,4484.0,99.0,0.0,0.0,0.0,1029.0,0.0,0.0,0.0,0.0,0.0,0.0,118.0,313.0,25.0,0.0,0.0,58181.0,19401880.0,9461186.0,57243.0,244.0,454.0,0.0,0.0,6.0,139.0,25.0,0.0,0.0,0.0,197.0,0.0,0.0,84.0,399.0,0.0,6.0,0.0,514.0,1759.0,0.0,22.0,250.0,337.0,41.0,0.0,0.0,64.0,422.0,0.0,0.0,195.0,48.0,0.0,272.0,0.0,1330.0,1063.0,606.0,95.0,1520.0,1564.0,73.0,8.0,229.0,181.0,1651.0,916.0
2010,Rochor,320320.0,350310.0,330390.0,410440.0,540620.0,750710.0,730660.0,630550.0,630530.0,670570.0,550590.0,290320.0,490550.0,380380.0,310360.0,250210.0,180140.0,110120.0,79107750.0,816.0,335.0,1983.0,1606.0,214.0,84.0,218.0,4138.0,1830.0,780.0,5680.0,5100.0,840.0,250.0,1190.0,15660.0,12400.0,44903200.0,16463280.0,15589.0,188.0,144.0,194.0,626.0,101.0,621.0,258.0,49915288.0,17281287.0,239261.0,140166.0,253.0,888.0,1012.0,0.0,378.0,0.0,0.0,0.0,0.0,0.0,0.0,0.0,429.0,512.0,464.0,386.0,273.0,252.0,0.0,203.0,203.0,5257.0,1149.0,1245.0,1097.0,924.0,439.0,206.0,109.0,87.0,1568.0,741.0,2352.0,235.0,119.0,223.0,19.0,950.0,0.0,770.0,0.0,0.0,0.0,0.0,0.0,683.0,825.0,0.0,623.0,1099.0,791.0,504.0,0.0,345.0,241.0,858.0,0.0,0.0,7690.0,918.0,421.0,130.0,0.0,320.0,593.0,293.0,0.0,302.0,634.0,297.0,0.0,77.0,557.0,698.0,204.0,0.0,486.0,1760.0,2750.0,1233.0,70.0,51.0,317.0,4995.0,455.0,215.0,1148.0,59.0,263.0,134.0,357.0,812.0,3147.0,0.0,0.0,0.0,0.0,0.0,0.0,0.0,0.0,0.0,2816.0,311.0,0.0,0.0,0.0,4484.0,0.0,0.0,0.0,0.0,0.0,0.0,183.0,55.0,1413.0,0.0,0.0,186315.0,36203461.0,23592011.0,126782.0,743.0,101.0,19.0,31.0,221.0,323.0,7.0,0.0,0.0,8.0,378.0,0.0,0.0,95.0,176.0,0.0,6.0,0.0,1730.0,1147.0,114.0,286.0,1013.0,1101.0,31.0,0.0,0.0,106.0,1572.0,0.0,0.0,255.0,119.0,0.0,121.0,0.0,5200.0,546.0,1172.0,1099.0,2196.0,1119.0,39.0,194.0,1295.0,142.0,4120.0,994.0
2010,Seletar,1010.0,1010.0,1010.0,1010.0,0.0,1010.0,1030.0,3030.0,2020.0,2020.0,1010.0,1010.0,1010.0,10.0,100.0,0.0,0.0,0.0,150180.0,,,,,,,,,0.0,0.0,0.0,0.0,0.0,290.0,40.0,330.0,0.0,,,,,,,,,,,,,,,,,,,,,,,,,,,,,,,,,,,,,,,,,,,,,,,,,,,,,,,,,,,,,,,,,,,,,,,,,,,,,,,,,,,,,,,,,,,,,,,,,,,,,,,,,,,,,,,,,,,,,,,,,,,,,,,,,,,,,,,,,,,,,,,,,,,,,,,,,,,,,,,,,,,,,,,,,,,,,,,,,,,,,,,,,
2010,Sembawang,28502820.0,25602340.0,22702140.0,22802170.0,26403070.0,35404060.0,39804160.0,32402920.0,29002730.0,24902420.0,18201690.0,29002710.0,11401140.0,600750.0,430590.0,310410.0,180220.0,100210.0,3620036530.0,579.0,0.0,0.0,8046.0,11248.0,702.0,37.0,19295.0,1440.0,470.0,0.0,27900.0,39310.0,3160.0,460.0,72730.0,67680.0,2160616343.0,550111931.0,858845.0,1444.0,912.0,1716.0,6656.0,228.0,4262.0,1148.0,2585826394.0,36653349.0,49315016.0,16501704.0,317.0,829.0,5370.0,0.0,839.0,0.0,0.0,0.0,0.0,0.0,0.0,0.0,1547.0,1795.0,1996.0,2072.0,1885.0,1525.0,0.0,1390.0,1047.0,20613.0,1106.0,3402.0,4414.0,5547.0,3650.0,1515.0,744.0,235.0,1749.0,2722.0,12975.0,1504.0,443.0,1163.0,56.0,3381.0,0.0,2899.0,0.0,0.0,0.0,0.0,0.0,3347.0,3496.0,0.0,3226.0,6073.0,4546.0,3509.0,0.0,2146.0,1643.0,3683.0,0.0,0.0,37948.0,2076.0,1596.0,592.0,0.0,2143.0,2051.0,1687.0,0.0,1822.0,6969.0,1128.0,0.0,598.0,2593.0,5069.0,736.0,0.0,2773.0,6116.0,8476.0,4592.0,598.0,77.0,102.0,25490.0,7416.0,2162.0,2376.0,144.0,2317.0,358.0,1558.0,1416.0,7278.0,0.0,0.0,0.0,0.0,0.0,0.0,0.0,0.0,0.0,19107.0,7607.0,0.0,0.0,0.0,28062.0,0.0,0.0,0.0,0.0,0.0,0.0,627.0,1504.0,2165.0,0.0,0.0,343899.0,1907818849.0,82797412.0,2651958.0,1874.0,1423.0,25.0,44.0,2368.0,2596.0,52.0,0.0,0.0,25.0,6289.0,0.0,0.0,574.0,998.0,0.0,38.0,0.0,2968.0,7936.0,823.0,1460.0,9887.0,7463.0,400.0,0.0,0.0,798.0,2213.0,0.0,0.0,2068.0,1290.0,0.0,279.0,0.0,20444.0,4158.0,3079.0,8370.0,9702.0,5367.0,161.0,220.0,5581.0,299.0,19193.0,1120.0
2010,Sengkang,70006670.0,58605380.0,49204830.0,46904550.0,55007060.0,84509710.0,95409280.0,72406540.0,64506210.0,59005780.0,43104200.0,63205930.0,28603020.0,14601610.0,10701330.0,6001050.0,350670.0,220530.0,8271084350.0,2106.0,69.0,244.0,19796.0,25156.0,416.0,0.0,45265.0,8120.0,310.0,1190.0,67330.0,88020.0,1580.0,490.0,167050.0,156860.0,5044537602.0,1254728091.0,16501655.0,3443.0,1705.0,3938.0,15320.0,641.0,9176.0,2477.0,6529266633.0,70396810.0,84178670.0,19612232.0,558.0,1800.0,13040.0,0.0,2333.0,0.0,0.0,0.0,0.0,0.0,0.0,0.0,3488.0,4025.0,4005.0,4421.0,4026.0,3831.0,0.0,3428.0,2832.0,47787.0,2264.0,8252.0,10582.0,13432.0,7862.0,3478.0,1381.0,536.0,3426.0,6327.0,31071.0,3216.0,988.0,2661.0,99.0,7501.0,0.0,6695.0,0.0,0.0,0.0,0.0,0.0,7274.0,8422.0,0.0,6933.0,13515.0,10326.0,7734.0,0.0,5865.0,3949.0,9833.0,0.0,0.0,88047.0,4738.0,3598.0,1438.0,0.0,4611.0,6756.0,3573.0,0.0,5072.0,11907.0,2483.0,0.0,934.0,5547.0,10947.0,2302.0,0.0,8739.0,15405.0,19775.0,11789.0,1259.0,172.0,251.0,66133.0,13026.0,3558.0,3663.0,431.0,3723.0,491.0,3683.0,4038.0,19906.0,0.0,0.0,0.0,0.0,0.0,0.0,0.0,0.0,0.0,46112.0,13992.0,0.0,0.0,0.0,65613.0,0.0,0.0,0.0,0.0,0.0,0.0,2730.0,1081.0,4270.0,0.0,0.0,10572089.0,4506945183.0,1781015994.0,7084082.0,7730.0,3356.0,122.0,94.0,1794.0,3389.0,25.0,0.0,0.0,370.0,11974.0,0.0,0.0,3906.0,3730.0,0.0,75.0,0.0,14483.0,22021.0,1876.0,3370.0,12942.0,12208.0,812.0,0.0,0.0,3058.0,4746.0,0.0,0.0,8371.0,2365.0,0.0,826.0,0.0,51292.0,8963.0,6828.0,14604.0,22758.0,11537.0,332.0,186.0,15491.0,425.0,45264.0,2098.0
2010,Serangoon,24502420.0,41903690.0,48604740.0,46604520.0,44204470.0,39304160.0,41904720.0,42804890.0,50205680.0,55105870.0,48504930.0,32003050.0,37403770.0,19002130.0,15601860.0,10301340.0,540950.0,370890.0,6071064070.0,4290.0,176.0,4662.0,10974.0,6502.0,9111.0,130.0,22455.0,12860.0,340.0,12410.0,38110.0,24270.0,34600.0,1240.0,124780.0,76080.0,3482227499.0,1474025360.0,13671118.0,2578.0,2350.0,1708.0,8477.0,458.0,7515.0,3606.0,5025453441.0,58795856.0,28542923.0,17221853.0,863.0,3669.0,12484.0,0.0,1853.0,0.0,0.0,0.0,0.0,0.0,0.0,0.0,2299.0,2448.0,2626.0,2533.0,2152.0,1690.0,0.0,1822.0,1548.0,35986.0,3180.0,6335.0,7181.0,8750.0,5783.0,2645.0,1172.0,941.0,4849.0,4090.0,21881.0,2536.0,623.0,1829.0,178.0,6381.0,0.0,4769.0,0.0,0.0,0.0,0.0,0.0,4292.0,4882.0,0.0,4515.0,8147.0,5755.0,4632.0,0.0,3444.0,2572.0,12934.0,0.0,0.0,62322.0,2828.0,2524.0,1014.0,0.0,2971.0,5067.0,3080.0,0.0,2722.0,7194.0,1834.0,0.0,689.0,4943.0,9358.0,1724.0,0.0,4884.0,11492.0,14674.0,16416.0,661.0,136.0,354.0,50103.0,6811.0,1744.0,4341.0,344.0,2548.0,752.0,2341.0,3684.0,16016.0,0.0,0.0,0.0,0.0,0.0,0.0,0.0,0.0,0.0,52649.0,4828.0,0.0,0.0,0.0,35374.0,0.0,0.0,0.0,0.0,0.0,0.0,1116.0,1036.0,3827.0,0.0,0.0,9861922.0,3073830404.0,1831416931.0,8924721.0,6831.0,5148.0,64.0,108.0,1512.0,4322.0,99.0,0.0,0.0,78.0,3931.0,0.0,0.0,1610.0,2717.0,0.0,51.0,0.0,11022.0,21071.0,1161.0,1463.0,5664.0,10296.0,654.0,0.0,0.0,395.0,4253.0,0.0,0.0,2943.0,1665.0,0.0,818.0,0.0,32975.0,11839.0,6593.0,5994.0,19740.0,16079.0,481.0,481.0,10726.0,497.0,33104.0,2385.0
2010,Simpang,0.0,0.0,0.0,0.0,0.0,0.0,0.0,0.0,0.0,0.0,0.0,0.0,0.0,0.0,0.0,0.0,0.0,0.0,0.0,,,,,,,,,0.0,0.0,0.0,0.0,0.0,0.0,0.0,0.0,0.0,,,,,,,,,,,,,,,,,,,,,,,,,,,,,,,,,,,,,,,,,,,,,,,,,,,,,,,,,,,,,,,,,,,,,,,,,,,,,,,,,,,,,,,,,,,,,,,,,,,,,,,,,,,,,,,,,,,,,,,,,,,,,,,,,,,,,,,,,,,,,,,,,,,,,,,,,,,,,,,,,,,,,,,,,,,,,,,,,,,,,,,,,
2010,Singapore River,6060.0,4060.0,3060.0,3040.0,6090.0,110130.0,140150.0,130120.0,11080.0,7070.0,5050.0,5060.0,4030.0,4010.0,2020.0,1010.0,1010.0,1010.0,9701030.0,798.0,0.0,0.0,0.0,0.0,0.0,0.0,0.0,1830.0,0.0,0.0,0.0,0.0,0.0,170.0,2000.0,0.0,543357.0,137328.0,6.0,0.0,14.0,34.0,87.0,0.0,45.0,27.0,512658.0,5646.0,513.0,236170.0,19.0,117.0,472.0,0.0,0.0,0.0,0.0,0.0,0.0,0.0,0.0,0.0,9.0,25.0,24.0,37.0,29.0,19.0,0.0,34.0,12.0,798.0,387.0,163.0,88.0,112.0,27.0,13.0,0.0,8.0,426.0,150.0,199.0,8.0,0.0,14.0,0.0,41.0,0.0,0.0,0.0,0.0,0.0,0.0,0.0,0.0,15.0,0.0,20.0,45.0,43.0,72.0,0.0,52.0,50.0,562.0,0.0,0.0,900.0,26.0,12.0,14.0,0.0,0.0,220.0,26.0,0.0,76.0,60.0,0.0,0.0,23.0,139.0,61.0,51.0,0.0,6.0,184.0,42.0,346.0,0.0,17.0,0.0,557.0,14.0,207.0,0.0,8.0,32.0,0.0,148.0,0.0,57.0,0.0,0.0,0.0,0.0,0.0,0.0,0.0,0.0,0.0,776.0,68.0,0.0,0.0,0.0,103.0,0.0,0.0,0.0,0.0,0.0,0.0,0.0,56.0,0.0,0.0,0.0,4459.0,372389.0,264230.0,14.0,44.0,36.0,0.0,0.0,0.0,29.0,0.0,0.0,0.0,0.0,35.0,0.0,0.0,14.0,50.0,0.0,0.0,0.0,146.0,332.0,0.0,8.0,30.0,54.0,6.0,0.0,0.0,8.0,124.0,0.0,0.0,41.0,0.0,0.0,137.0,0.0,286.0,201.0,54.0,46.0,411.0,353.0,8.0,0.0,12.0,44.0,469.0,285.0
2010,Southern Islands,2030.0,1020.0,2030.0,1020.0,1010.0,1020.0,3030.0,5050.0,6030.0,4020.0,3020.0,1030.0,1010.0,1010.0,0.0,0.0,0.0,0.0,320330.0,,,,,,,,,360.0,0.0,0.0,0.0,0.0,260.0,10.0,640.0,0.0,,,,,,,,,,,,,,,,,,,,,,,,,,,,,,,,,,,,,,,,,,,,,,,,,,,,,,,,,,,,,,,,,,,,,,,,,,,,,,,,,,,,,,,,,,,,,,,,,,,,,,,,,,,,,,,,,,,,,,,,,,,,,,,,,,,,,,,,,,,,,,,,,,,,,,,,,,,,,,,,,,,,,,,,,,,,,,,,,,,,,,,,,
2010,Straits View,0.0,0.0,0.0,0.0,0.0,0.0,0.0,0.0,0.0,0.0,0.0,0.0,0.0,0.0,0.0,0.0,0.0,0.0,0.0,,,,,,,,,0.0,0.0,0.0,0.0,0.0,0.0,0.0,0.0,0.0,,,,,,,,,,,,,,,,,,,,,,,,,,,,,,,,,,,,,,,,,,,,,,,,,,,,,,,,,,,,,,,,,,,,,,,,,,,,,,,,,,,,,,,,,,,,,,,,,,,,,,,,,,,,,,,,,,,,,,,,,,,,,,,,,,,,,,,,,,,,,,,,,,,,,,,,,,,,,,,,,,,,,,,,,,,,,,,,,,,,,,,,,
2010,Sungei Kadut,2020.0,1020.0,2020.0,3020.0,2030.0,2030.0,4030.0,3030.0,3030.0,3030.0,2030.0,2020.0,4030.0,2020.0,3030.0,2020.0,1030.0,2040.0,430440.0,,,,,,,,,0.0,0.0,0.0,0.0,0.0,670.0,210.0,880.0,0.0,,,,,,,,,,,,,,,,,,,,,,,,,,,,,,,,,,,,,,,,,,,,,,,,,,,,,,,,,,,,,,,,,,,,,,,,,,,,,,,,,,,,,,,,,,,,,,,,,,,,,,,,,,,,,,,,,,,,,,,,,,,,,,,,,,,,,,,,,,,,,,,,,,,,,,,,,,,,,,,,,,,,,,,,,,,,,,,,,,,,,,,,,
2010,Tampines,62606010.0,97109030.0,1133010720.0,104209930.0,956010050.0,91109550.0,914010070.0,987011060.0,1150012320.0,1146011970.0,93408800.0,73807110.0,62205890.0,28403110.0,21402650.0,13602080.0,7801410.0,4601150.0,128870132880.0,6697.0,426.0,12921.0,29194.0,22957.0,1216.0,180.0,65498.0,19730.0,1020.0,36370.0,107810.0,90800.0,4690.0,1330.0,261740.0,236000.0,7516955881.0,2695851678.0,28502842.0,7117.0,4495.0,3859.0,20452.0,1265.0,18435.0,5259.0,8507588602.0,1107910332.0,2850029084.0,42144857.0,1812.0,5294.0,18454.0,0.0,4646.0,0.0,0.0,0.0,0.0,0.0,0.0,0.0,5922.0,6302.0,6235.0,6142.0,5625.0,5011.0,0.0,4418.0,3729.0,73591.0,6308.0,11289.0,14696.0,19244.0,12128.0,6172.0,2457.0,1298.0,9075.0,7250.0,46655.0,5244.0,1165.0,3999.0,203.0,14180.0,0.0,12057.0,0.0,0.0,0.0,0.0,0.0,11534.0,13252.0,0.0,11525.0,19380.0,13511.0,9446.0,0.0,6743.0,4568.0,14853.0,0.0,0.0,131051.0,7631.0,6665.0,2191.0,0.0,5449.0,10010.0,5784.0,0.0,6253.0,15250.0,3640.0,0.0,1424.0,7276.0,18480.0,3439.0,0.0,17299.0,20260.0,28187.0,22103.0,4900.0,357.0,255.0,83938.0,45904.0,5402.0,4025.0,637.0,5551.0,636.0,6524.0,6960.0,27721.0,0.0,0.0,0.0,0.0,0.0,0.0,0.0,0.0,0.0,76645.0,50345.0,0.0,0.0,0.0,76917.0,0.0,0.0,0.0,0.0,0.0,0.0,3189.0,2321.0,4090.0,0.0,0.0,16844240.0,6271162616.0,3921535013.0,13668532.0,17597.0,5166.0,173.0,435.0,2849.0,8604.0,98.0,0.0,0.0,97.0,16423.0,0.0,0.0,3219.0,5732.0,0.0,162.0,0.0,27970.0,28589.0,2362.0,6666.0,14038.0,23811.0,918.0,0.0,0.0,1421.0,8903.0,0.0,0.0,8426.0,4301.0,0.0,2019.0,0.0,64543.0,13741.0,8429.0,53514.0,31279.0,22325.0,885.0,466.0,20195.0,810.0,67913.0,4868.0
2010,Tanglin,410460.0,480570.0,470570.0,350480.0,390530.0,500740.0,730900.0,820910.0,820810.0,690680.0,550620.0,520580.0,520500.0,290300.0,190220.0,130170.0,100140.0,90100.0,80309260.0,4498.0,0.0,24.0,62.0,71.0,840.0,92.0,157.0,12020.0,0.0,40.0,250.0,280.0,4340.0,360.0,17290.0,580.0,46903335.0,16493491.0,91121.0,80.0,279.0,244.0,1127.0,72.0,920.0,288.0,58767034.0,768812.0,89105.0,13011308.0,84.0,737.0,3546.0,0.0,63.0,0.0,0.0,0.0,0.0,0.0,0.0,0.0,122.0,138.0,155.0,165.0,129.0,121.0,0.0,214.0,114.0,5588.0,955.0,991.0,880.0,1107.0,818.0,476.0,138.0,223.0,1276.0,1029.0,2796.0,225.0,18.0,214.0,31.0,343.0,0.0,122.0,0.0,0.0,0.0,0.0,0.0,124.0,218.0,0.0,276.0,614.0,542.0,599.0,0.0,355.0,252.0,4581.0,0.0,0.0,8025.0,206.0,177.0,73.0,0.0,120.0,1757.0,564.0,0.0,343.0,586.0,90.0,0.0,67.0,1266.0,753.0,331.0,0.0,336.0,1357.0,481.0,3685.0,0.0,25.0,0.0,5450.0,570.0,1265.0,77.0,78.0,398.0,0.0,1244.0,106.0,1074.0,0.0,0.0,0.0,0.0,0.0,0.0,0.0,0.0,0.0,10509.0,112.0,0.0,0.0,0.0,1562.0,0.0,0.0,0.0,0.0,0.0,0.0,165.0,575.0,26.0,0.0,0.0,184256.0,43924331.0,17711980.0,84380.0,453.0,1176.0,0.0,0.0,0.0,118.0,12.0,0.0,0.0,0.0,398.0,0.0,0.0,215.0,546.0,0.0,19.0,0.0,769.0,4893.0,0.0,71.0,8.0,585.0,90.0,0.0,0.0,20.0,479.0,0.0,0.0,457.0,42.0,0.0,479.0,0.0,2290.0,2299.0,759.0,262.0,3188.0,4045.0,140.0,57.0,338.0,256.0,3683.0,1648.0
2010,Tengah,0.0,0.0,0.0,0.0,0.0,0.0,0.0,0.0,0.0,0.0,0.0,0.0,0.0,0.0,0.0,0.0,0.0,0.0,0.0,,,,,,,,,0.0,0.0,0.0,0.0,0.0,0.0,0.0,10.0,0.0,,,,,,,,,,,,,,,,,,,,,,,,,,,,,,,,,,,,,,,,,,,,,,,,,,,,,,,,,,,,,,,,,,,,,,,,,,,,,,,,,,,,,,,,,,,,,,,,,,,,,,,,,,,,,,,,,,,,,,,,,,,,,,,,,,,,,,,,,,,,,,,,,,,,,,,,,,,,,,,,,,,,,,,,,,,,,,,,,,,,,,,,,
2010,Toa Payoh,27002470.0,32903150.0,37003630.0,34203440.0,40404380.0,44104810.0,48105250.0,47004950.0,49805150.0,51705240.0,42904470.0,28902830.0,36504340.0,24903090.0,23502910.0,15702090.0,8801340.0,5901210.0,5992064730.0,1608.0,5204.0,16377.0,9931.0,6598.0,1756.0,285.0,39327.0,5190.0,10850.0,41980.0,31900.0,23270.0,5800.0,1870.0,124650.0,111800.0,3381628310.0,1502125639.0,16631458.0,2253.0,1574.0,1740.0,7650.0,452.0,6335.0,2181.0,4882353120.0,48954712.0,46854936.0,15161956.0,2894.0,7132.0,8456.0,0.0,3914.0,0.0,0.0,0.0,0.0,0.0,0.0,0.0,3850.0,3425.0,3052.0,2501.0,2254.0,2056.0,0.0,1924.0,1518.0,42977.0,8538.0,10423.0,8037.0,8056.0,4807.0,2135.0,698.0,283.0,11411.0,5771.0,21364.0,2354.0,529.0,1479.0,68.0,8776.0,0.0,5956.0,0.0,0.0,0.0,0.0,0.0,5396.0,5762.0,0.0,4745.0,8767.0,5968.0,4325.0,0.0,2825.0,2130.0,7475.0,0.0,0.0,62125.0,4883.0,3710.0,1236.0,0.0,2704.0,4640.0,3168.0,0.0,2724.0,6632.0,2278.0,0.0,755.0,4415.0,7219.0,1907.0,0.0,5092.0,10763.0,19319.0,14231.0,1209.0,170.0,460.0,44983.0,7527.0,2095.0,2927.0,502.0,2947.0,537.0,2222.0,6777.0,22355.0,0.0,0.0,0.0,0.0,0.0,0.0,0.0,0.0,0.0,36377.0,7005.0,0.0,0.0,0.0,37740.0,0.0,0.0,0.0,0.0,0.0,0.0,575.0,1007.0,3728.0,0.0,0.0,17683152.0,2856128502.0,1889617395.0,12756358.0,6296.0,2243.0,63.0,115.0,1551.0,3583.0,50.0,0.0,0.0,43.0,5090.0,0.0,0.0,960.0,1996.0,0.0,37.0,0.0,12253.0,12447.0,1044.0,1773.0,9744.0,11935.0,342.0,0.0,0.0,543.0,5917.0,0.0,0.0,3059.0,1592.0,0.0,819.0,0.0,38437.0,9440.0,4426.0,8390.0,20122.0,13397.0,442.0,307.0,10947.0,558.0,34421.0,7998.0
2010,Tuas,0.0,0.0,0.0,0.0,0.0,0.0,0.0,0.0,0.0,0.0,0.0,0.0,0.0,0.0,0.0,0.0,0.0,0.0,0.0,,,,,,,,,0.0,0.0,0.0,0.0,0.0,0.0,0.0,60.0,0.0,,,,,,,,,,,,,,,,,,,,,,,,,,,,,,,,,,,,,,,,,,,,,,,,,,,,,,,,,,,,,,,,,,,,,,,,,,,,,,,,,,,,,,,,,,,,,,,,,,,,,,,,,,,,,,,,,,,,,,,,,,,,,,,,,,,,,,,,,,,,,,,,,,,,,,,,,,,,,,,,,,,,,,,,,,,,,,,,,,,,,,,,,
2010,Western Islands,0.0,0.0,0.0,0.0,0.0,0.0,0.0,0.0,0.0,0.0,0.0,0.0,0.0,0.0,0.0,0.0,0.0,0.0,0.0,,,,,,,,,0.0,0.0,0.0,0.0,0.0,0.0,0.0,10.0,0.0,,,,,,,,,,,,,,,,,,,,,,,,,,,,,,,,,,,,,,,,,,,,,,,,,,,,,,,,,,,,,,,,,,,,,,,,,,,,,,,,,,,,,,,,,,,,,,,,,,,,,,,,,,,,,,,,,,,,,,,,,,,,,,,,,,,,,,,,,,,,,,,,,,,,,,,,,,,,,,,,,,,,,,,,,,,,,,,,,,,,,,,,,
2010,Western Water Catchment,2030.0,3020.0,2020.0,50130.0,3040.0,4050.0,5050.0,4040.0,5040.0,5030.0,3020.0,4040.0,1010.0,1010.0,100.0,10.0,10.0,30.0,480560.0,,,,,,,,,0.0,0.0,0.0,0.0,0.0,0.0,1040.0,1040.0,0.0,,,,,,,,,,,,,,,,,,,,,,,,,,,,,,,,,,,,,,,,,,,,,,,,,,,,,,,,,,,,,,,,,,,,,,,,,,,,,,,,,,,,,,,,,,,,,,,,,,,,,,,,,,,,,,,,,,,,,,,,,,,,,,,,,,,,,,,,,,,,,,,,,,,,,,,,,,,,,,,,,,,,,,,,,,,,,,,,,,,,,,,,,
2010,Woodlands,74307120.0,1114010410.0,103409670.0,85308220.0,87709250.0,921010050.0,1057011630.0,1174011600.0,1153010230.0,91408270.0,63705690.0,90708510.0,40904010.0,21502290.0,16701850.0,10701340.0,570780.0,300550.0,123660121450.0,3281.0,1485.0,5918.0,29621.0,27756.0,141.0,77.0,64780.0,8960.0,3160.0,17590.0,106950.0,107070.0,540.0,840.0,245110.0,234770.0,7137950208.0,2209543593.0,26683001.0,6170.0,3563.0,4936.0,24048.0,999.0,19306.0,3055.0,7506974378.0,1422512932.0,3128630720.0,30573389.0,1779.0,4249.0,12467.0,0.0,5266.0,0.0,0.0,0.0,0.0,0.0,0.0,0.0,6722.0,6898.0,7096.0,6192.0,5640.0,4566.0,0.0,4242.0,3162.0,68279.0,5871.0,10228.0,12663.0,17020.0,11869.0,6256.0,2566.0,1806.0,7970.0,7324.0,42138.0,4908.0,1485.0,4149.0,305.0,13616.0,0.0,12090.0,0.0,0.0,0.0,0.0,0.0,13356.0,14055.0,0.0,11385.0,18991.0,12570.0,8264.0,0.0,5643.0,3472.0,8145.0,0.0,0.0,121587.0,7706.0,5973.0,2339.0,0.0,8132.0,4522.0,5104.0,0.0,3881.0,23024.0,3732.0,0.0,1851.0,6943.0,15672.0,2597.0,0.0,10855.0,19255.0,29259.0,12006.0,4670.0,287.0,807.0,66808.0,42376.0,4274.0,8810.0,1073.0,9601.0,1729.0,5536.0,5708.0,19741.0,0.0,0.0,0.0,0.0,0.0,0.0,0.0,0.0,0.0,50698.0,51078.0,0.0,0.0,0.0,90263.0,0.0,0.0,0.0,0.0,0.0,0.0,2533.0,1892.0,9043.0,0.0,0.0,21563722.0,6057759812.0,3215127139.0,12586129.0,13242.0,3782.0,274.0,304.0,5387.0,9887.0,149.0,0.0,0.0,75.0,22646.0,0.0,0.0,2029.0,3996.0,0.0,138.0,0.0,15593.0,23016.0,3526.0,6592.0,19438.0,26657.0,823.0,0.0,0.0,1704.0,8515.0,0.0,0.0,7610.0,5728.0,0.0,843.0,0.0,62974.0,8794.0,12335.0,50734.0,26115.0,13107.0,469.0,504.0,17913.0,618.0,61494.0,6167.0
2010,Yishun,45504430.0,60605800.0,71907060.0,75007270.0,71707340.0,68607230.0,72007330.0,73707490.0,86108680.0,79408010.0,63806180.0,52804870.0,43504300.0,22702410.0,16701830.0,9701360.0,510810.0,280640.0,9216093050.0,1963.0,263.0,13846.0,25550.0,10596.0,1221.0,137.0,50255.0,5360.0,690.0,39380.0,92830.0,41190.0,4970.0,800.0,185210.0,174080.0,5432039574.0,1817235672.0,22912403.0,4585.0,2618.0,2837.0,13178.0,857.0,11083.0,3441.0,6361164569.0,100579627.0,1555115517.0,25272856.0,1534.0,4367.0,9620.0,0.0,4817.0,0.0,0.0,0.0,0.0,0.0,0.0,0.0,5820.0,5294.0,5295.0,4745.0,3850.0,3267.0,0.0,2738.0,2229.0,53576.0,5532.0,9182.0,11203.0,13232.0,8411.0,3496.0,1481.0,1040.0,7673.0,5749.0,32255.0,3601.0,1133.0,2968.0,197.0,11485.0,0.0,10715.0,0.0,0.0,0.0,0.0,0.0,10648.0,10374.0,0.0,8790.0,13619.0,9033.0,5965.0,0.0,3828.0,2565.0,6872.0,0.0,0.0,93894.0,6939.0,5120.0,2070.0,0.0,6027.0,4736.0,4684.0,0.0,3260.0,14217.0,3142.0,0.0,959.0,5165.0,11699.0,2339.0,0.0,8730.0,14805.0,26211.0,11760.0,2661.0,212.0,642.0,60037.0,23329.0,3338.0,7454.0,653.0,5461.0,1160.0,3511.0,6001.0,23982.0,0.0,0.0,0.0,0.0,0.0,0.0,0.0,0.0,0.0,40711.0,24748.0,0.0,0.0,0.0,67705.0,0.0,0.0,0.0,0.0,0.0,0.0,1997.0,1358.0,6893.0,0.0,0.0,20413730.0,4469643950.0,2702124112.0,10265856.0,7942.0,2718.0,99.0,227.0,3904.0,6790.0,97.0,0.0,0.0,100.0,12701.0,0.0,0.0,1557.0,2235.0,0.0,70.0,0.0,13836.0,16109.0,3126.0,4278.0,17476.0,19347.0,606.0,0.0,0.0,1154.0,7625.0,0.0,0.0,5512.0,3083.0,0.0,658.0,0.0,51354.0,8793.0,9878.0,26642.0,23095.0,11608.0,500.0,446.0,20115.0,485.0,49335.0,3756.0
2015,Ang Mo Kio,34803310.0,42004090.0,47304590.0,51305180.0,53805800.0,58006450.0,61806890.0,66107100.0,63406660.0,70007010.0,66807120.0,38803780.0,60406940.0,52405810.0,30703600.0,23402800.0,13401910.0,7701520.0,8422090550.0,5000.0,5600.0,25500.0,14800.0,6500.0,4900.0,300.0,52400.0,11920.0,12650.0,63750.0,46090.0,22620.0,16410.0,1330.0,174770.0,145110.0,5490046300.0,1840033000.0,28001800.0,3000.0,2300.0,3000.0,11700.0,200.0,8200.0,3400.0,6886074410.0,70407120.0,64406650.0,19002400.0,2100.0,8700.0,0.0,2500.0,5400.0,1800.0,1600.0,1200.0,1700.0,2200.0,2000.0,6100.0,4400.0,3900.0,4000.0,3800.0,2900.0,3300.0,0.0,2600.0,2300.0,62600.0,10400.0,15000.0,13300.0,12000.0,6700.0,0.0,0.0,0.0,14200.0,9100.0,32900.0,3000.0,0.0,0.0,0.0,9700.0,2600.0,12100.0,0.0,1700.0,0.0,8600.0,0.0,7900.0,7400.0,0.0,6800.0,11500.0,9800.0,7900.0,0.0,6000.0,4000.0,0.0,3100.0,2200.0,101200.0,9600.0,6300.0,2000.0,0.0,5600.0,7300.0,5200.0,0.0,3800.0,10200.0,4400.0,0.0,900.0,6900.0,12700.0,2500.0,0.0,6800.0,17000.0,30900.0,18700.0,1900.0,300.0,700.0,70200.0,12800.0,2600.0,5500.0,500.0,0.0,0.0,0.0,7600.0,28400.0,0.0,0.0,0.0,0.0,0.0,0.0,0.0,0.0,0.0,58000.0,12800.0,0.0,0.0,0.0,56500.0,0.0,0.0,0.0,0.0,0.0,0.0,600.0,1300.0,6800.0,0.0,0.0,27004400.0,4410043900.0,2720024500.0,21008400.0,8500.0,3300.0,0.0,0.0,1800.0,5200.0,0.0,0.0,0.0,0.0,9200.0,0.0,1100.0,300.0,2400.0,0.0,0.0,0.0,16600.0,20700.0,2300.0,3000.0,11900.0,26700.0,0.0,0.0,0.0,0.0,10300.0,0.0,4400.0,1400.0,2400.0,0.0,1100.0,0.0,56200.0,11700.0,6000.0,13900.0,26900.0,19300.0,300.0,200.0,22600.0,100.0,54700.0,7700.0
2015,Bedok,59305760.0,74607290.0,87808150.0,98309630.0,98809990.0,920010080.0,975011100.0,1086011660.0,1060010860.0,1156011870.0,1150011880.0,67506650.0,1001010570.0,81808570.0,44304880.0,32704060.0,19202840.0,13102700.0,141220148530.0,19300.0,4000.0,21800.0,21000.0,13600.0,12300.0,300.0,60400.0,48690.0,9640.0,62060.0,72370.0,48990.0,45160.0,2840.0,289750.0,193060.0,8250067800.0,2940050300.0,28003200.0,5500.0,4200.0,3200.0,18400.0,700.0,15000.0,7500.0,101010107870.0,1288012210.0,2164022360.0,56906100.0,2200.0,10000.0,0.0,2700.0,7200.0,3000.0,3300.0,2600.0,2000.0,4200.0,3500.0,15100.0,4100.0,5300.0,5300.0,6200.0,5200.0,3200.0,0.0,4400.0,2900.0,92200.0,12600.0,20300.0,18800.0,19200.0,12600.0,0.0,0.0,0.0,17800.0,13100.0,50200.0,6100.0,0.0,0.0,0.0,12200.0,4500.0,13600.0,0.0,2700.0,0.0,19400.0,0.0,12100.0,9700.0,0.0,9600.0,17200.0,13400.0,12200.0,0.0,9200.0,5400.0,0.0,5100.0,4000.0,150300.0,9900.0,8000.0,1700.0,0.0,6000.0,14100.0,6700.0,0.0,6600.0,13600.0,4600.0,0.0,1300.0,14300.0,18200.0,4200.0,0.0,14400.0,26600.0,34000.0,31500.0,4900.0,300.0,300.0,97000.0,37400.0,5100.0,5500.0,300.0,0.0,0.0,0.0,8900.0,30400.0,0.0,0.0,0.0,0.0,0.0,0.0,0.0,0.0,0.0,107600.0,34000.0,0.0,0.0,0.0,70400.0,0.0,0.0,0.0,0.0,0.0,0.0,2400.0,2400.0,5100.0,0.0,0.0,35005600.0,6820067400.0,4020035500.0,270012700.0,15800.0,7500.0,0.0,0.0,2900.0,9700.0,0.0,0.0,0.0,0.0,10400.0,0.0,1600.0,800.0,5500.0,0.0,0.0,0.0,32500.0,36900.0,2000.0,5200.0,11900.0,34800.0,0.0,0.0,0.0,0.0,12600.0,0.0,6000.0,2100.0,3100.0,0.0,3000.0,0.0,70700.0,20000.0,9700.0,42700.0,37300.0,31900.0,900.0,1100.0,21700.0,600.0,82900.0,8700.0
2015,Bishan,18001630.0,24902220.0,29202610.0,35903280.0,32103250.0,26903030.0,28103190.0,33203750.0,32203590.0,34704070.0,37503960.0,22902040.0,31303230.0,23402520.0,12701460.0,9601180.0,530840.0,320770.0,4411046590.0,4900.0,500.0,2000.0,9800.0,7300.0,3200.0,100.0,19700.0,14210.0,1170.0,5430.0,31480.0,27050.0,10770.0,580.0,90700.0,65130.0,2640023100.0,870016200.0,900900.0,1400.0,1500.0,1300.0,5800.0,400.0,4100.0,3100.0,3748039740.0,35303470.0,17901980.0,13201400.0,500.0,2600.0,0.0,900.0,1300.0,1400.0,1200.0,1200.0,900.0,1300.0,1800.0,5500.0,1100.0,900.0,1300.0,1000.0,1100.0,1000.0,0.0,1700.0,1000.0,27800.0,2700.0,5400.0,6300.0,6300.0,4900.0,0.0,0.0,0.0,4000.0,3500.0,16900.0,2200.0,0.0,0.0,0.0,3900.0,1800.0,3700.0,0.0,1600.0,0.0,7600.0,0.0,2200.0,2900.0,0.0,2400.0,4600.0,4700.0,3800.0,0.0,2700.0,2800.0,0.0,3100.0,1800.0,49500.0,2900.0,2100.0,700.0,0.0,1800.0,4700.0,3200.0,0.0,2200.0,4800.0,1200.0,0.0,400.0,5900.0,8200.0,900.0,0.0,2500.0,8000.0,8700.0,12600.0,0.0,0.0,0.0,41500.0,3700.0,800.0,4100.0,300.0,0.0,0.0,0.0,1600.0,10300.0,0.0,0.0,0.0,0.0,0.0,0.0,0.0,0.0,0.0,43800.0,1700.0,0.0,0.0,0.0,23100.0,0.0,0.0,0.0,0.0,0.0,0.0,500.0,500.0,2300.0,0.0,0.0,6001900.0,2240021900.0,1230012900.0,9003500.0,2400.0,2900.0,0.0,0.0,1400.0,4700.0,0.0,0.0,0.0,0.0,2300.0,0.0,600.0,0.0,3000.0,0.0,0.0,0.0,6200.0,14300.0,700.0,800.0,6500.0,14000.0,0.0,0.0,0.0,0.0,3600.0,0.0,1800.0,200.0,700.0,0.0,600.0,0.0,21200.0,9500.0,4300.0,2800.0,16900.0,13600.0,0.0,100.0,7800.0,200.0,25300.0,2300.0
2015,Boon Lay,0.0,0.0,0.0,0.0,0.0,0.0,0.0,0.0,0.0,0.0,0.0,0.0,0.0,0.0,0.0,0.0,0.0,0.0,0.0,,,,,,,,,0.0,0.0,0.0,0.0,0.0,0.0,0.0,30.0,0.0,0.0,0.0,0.0,0.0,0.0,0.0,0.0,0.0,0.0,0.0,0.0,0.0,0.0,0.0,,,,,,,,,,,,,,,,,,,,,,,0.0,0.0,0.0,0.0,0.0,0.0,0.0,0.0,0.0,0.0,0.0,0.0,0.0,0.0,0.0,,,,,,,,,,,,,,,,,,,,,,,0.0,0.0,0.0,0.0,0.0,0.0,0.0,0.0,0.0,0.0,0.0,0.0,0.0,0.0,0.0,0.0,0.0,0.0,0.0,0.0,0.0,0.0,0.0,0.0,0.0,0.0,0.0,0.0,0.0,0.0,0.0,0.0,0.0,0.0,0.0,0.0,0.0,0.0,0.0,0.0,0.0,0.0,0.0,0.0,0.0,0.0,0.0,0.0,0.0,0.0,0.0,0.0,0.0,0.0,0.0,0.0,0.0,0.0,0.0,0.0,0.0,0.0,0.0,0.0,0.0,0.0,0.0,0.0,0.0,0.0,0.0,0.0,0.0,0.0,0.0,0.0,0.0,0.0,0.0,0.0,0.0,0.0,0.0,0.0,0.0,0.0,0.0,0.0,0.0,0.0,0.0,0.0,0.0,0.0,0.0,0.0,0.0,0.0,0.0,0.0,0.0,0.0,0.0,0.0,0.0,0.0,0.0,0.0,0.0,0.0,0.0,0.0
2015,Bukit Batok,28202680.0,40103950.0,46904550.0,50505020.0,52205240.0,46405120.0,47105230.0,53005680.0,55905720.0,60006180.0,59205850.0,34503440.0,47704610.0,30102980.0,14701600.0,10601170.0,580870.0,370720.0,6865070610.0,8900.0,700.0,9800.0,15000.0,8000.0,1500.0,200.0,33500.0,24570.0,1290.0,28030.0,50180.0,28740.0,5620.0,840.0,139270.0,108240.0,4120034500.0,1440026000.0,21002000.0,3600.0,2300.0,1800.0,8400.0,700.0,8100.0,4400.0,5005052030.0,70406670.0,96909880.0,18802030.0,600.0,4600.0,0.0,2000.0,2400.0,1800.0,1700.0,1000.0,1600.0,2100.0,1400.0,5300.0,2400.0,2600.0,2700.0,2100.0,3100.0,2300.0,0.0,2400.0,1800.0,44000.0,5200.0,8600.0,10300.0,10600.0,5900.0,0.0,0.0,0.0,7400.0,5300.0,26300.0,2800.0,0.0,0.0,0.0,6100.0,2500.0,6500.0,0.0,1500.0,0.0,7400.0,0.0,5200.0,5800.0,0.0,4900.0,8600.0,7600.0,6700.0,0.0,4400.0,3500.0,0.0,2600.0,2400.0,75600.0,4200.0,4300.0,1200.0,0.0,4700.0,4200.0,3300.0,0.0,3100.0,9100.0,2100.0,0.0,1000.0,7200.0,10900.0,1900.0,0.0,6100.0,12300.0,16400.0,10900.0,1300.0,100.0,300.0,59200.0,15000.0,2200.0,4300.0,600.0,0.0,0.0,0.0,3100.0,13700.0,0.0,0.0,0.0,0.0,0.0,0.0,0.0,0.0,0.0,44600.0,12600.0,0.0,0.0,0.0,49900.0,0.0,0.0,0.0,0.0,0.0,0.0,1200.0,1400.0,4900.0,0.0,0.0,14002800.0,3440034100.0,2080020400.0,11005200.0,7000.0,2500.0,0.0,0.0,2500.0,6300.0,0.0,0.0,0.0,0.0,6600.0,0.0,1200.0,500.0,2400.0,0.0,0.0,0.0,10800.0,17600.0,1800.0,2500.0,10800.0,18400.0,0.0,0.0,0.0,0.0,6100.0,0.0,3700.0,800.0,2500.0,0.0,500.0,0.0,40600.0,7800.0,6700.0,15200.0,20700.0,16200.0,300.0,200.0,12300.0,300.0,41300.0,2500.0
2015,Bukit Merah,36803530.0,34203220.0,34303440.0,38303870.0,45304810.0,52105860.0,60806760.0,62606470.0,57905540.0,57905530.0,59605780.0,37603720.0,52305700.0,45905440.0,29103580.0,24803110.0,14702070.0,10401980.0,7545080390.0,3600.0,12000.0,15900.0,14300.0,9100.0,100.0,200.0,51300.0,9100.0,25790.0,40210.0,46780.0,31780.0,520.0,1670.0,155840.0,144550.0,4390038400.0,1760029300.0,18001500.0,2200.0,2100.0,2200.0,8900.0,200.0,5500.0,2400.0,5889063740.0,77207410.0,67406690.0,21102580.0,2100.0,10800.0,0.0,1700.0,6100.0,1400.0,1600.0,1400.0,1700.0,2300.0,1600.0,5400.0,3600.0,2700.0,2700.0,2100.0,2200.0,2300.0,0.0,1600.0,1800.0,55200.0,11100.0,15800.0,9600.0,10100.0,5400.0,0.0,0.0,0.0,15300.0,9400.0,25600.0,2500.0,0.0,0.0,0.0,8500.0,2200.0,9200.0,0.0,1500.0,0.0,8000.0,0.0,6900.0,6600.0,0.0,4400.0,8300.0,7000.0,5500.0,0.0,4700.0,4200.0,0.0,3000.0,2100.0,82200.0,7400.0,6500.0,1900.0,0.0,2700.0,7700.0,4700.0,0.0,3600.0,5400.0,2800.0,0.0,600.0,5400.0,9300.0,2600.0,0.0,7200.0,14500.0,23900.0,13100.0,1500.0,100.0,700.0,61900.0,8900.0,3900.0,4800.0,300.0,0.0,0.0,0.0,7500.0,32400.0,0.0,0.0,0.0,0.0,0.0,0.0,0.0,0.0,0.0,46800.0,8100.0,0.0,0.0,0.0,37100.0,0.0,0.0,0.0,0.0,0.0,0.0,1300.0,3100.0,4600.0,0.0,0.0,25004500.0,3670035100.0,2260020400.0,15009200.0,6400.0,2900.0,0.0,0.0,1200.0,5500.0,0.0,0.0,0.0,0.0,4200.0,0.0,900.0,100.0,2300.0,0.0,0.0,0.0,22000.0,14800.0,1000.0,2000.0,8900.0,19200.0,0.0,0.0,0.0,0.0,8500.0,0.0,2700.0,700.0,800.0,0.0,1400.0,0.0,50500.0,8300.0,5100.0,11300.0,26300.0,16300.0,500.0,900.0,13200.0,200.0,44300.0,10700.0
2015,Bukit Panjang,37803550.0,43404120.0,48004620.0,53505050.0,53705600.0,52805410.0,48205190.0,54105770.0,52405310.0,57405880.0,55305150.0,38503770.0,40203860.0,26302560.0,12801460.0,8901120.0,520780.0,320680.0,6916069870.0,5600.0,900.0,3500.0,15600.0,14300.0,1300.0,0.0,34300.0,15610.0,2250.0,9860.0,57590.0,50300.0,3220.0,200.0,139030.0,120000.0,4530034800.0,1240023500.0,20001700.0,4100.0,2000.0,2500.0,10600.0,200.0,8600.0,3000.0,5121052090.0,52705040.0,1121011020.0,15001740.0,500.0,2300.0,0.0,2300.0,1700.0,1500.0,1800.0,1800.0,1200.0,2200.0,1600.0,4400.0,2200.0,2300.0,2400.0,2400.0,2900.0,2900.0,0.0,2500.0,2400.0,41200.0,3000.0,7200.0,9100.0,10800.0,6800.0,0.0,0.0,0.0,4200.0,5300.0,26300.0,2900.0,0.0,0.0,0.0,5100.0,2000.0,6500.0,0.0,1000.0,0.0,6100.0,0.0,5200.0,6300.0,0.0,6500.0,10500.0,8300.0,7200.0,0.0,5500.0,3800.0,0.0,3400.0,2600.0,80100.0,4200.0,4300.0,1300.0,0.0,4300.0,4600.0,4000.0,0.0,2400.0,10800.0,2300.0,0.0,1300.0,4500.0,12200.0,1900.0,0.0,7500.0,14400.0,16900.0,7800.0,1600.0,200.0,100.0,61000.0,19100.0,1600.0,2800.0,600.0,0.0,0.0,0.0,3600.0,14900.0,0.0,0.0,0.0,0.0,0.0,0.0,0.0,0.0,0.0,42800.0,18400.0,0.0,0.0,0.0,54700.0,0.0,0.0,0.0,0.0,0.0,0.0,500.0,800.0,2300.0,0.0,0.0,10001900.0,3830037200.0,1970017100.0,6003800.0,8700.0,3200.0,0.0,0.0,900.0,2900.0,0.0,0.0,0.0,0.0,8200.0,0.0,3900.0,1300.0,1800.0,0.0,0.0,0.0,17800.0,21400.0,2200.0,3700.0,2200.0,11300.0,0.0,0.0,0.0,0.0,4900.0,0.0,10400.0,1500.0,3600.0,0.0,900.0,0.0,41700.0,4600.0,3700.0,19500.0,21000.0,12700.0,100.0,200.0,16000.0,100.0,39300.0,1900.0
2015,Bukit Timah,15201610.0,22502560.0,22702550.0,23202660.0,19702340.0,16802090.0,21702770.0,30503580.0,30503290.0,27703060.0,25502780.0,20202640.0,22102340.0,19302010.0,11401240.0,8501030.0,560660.0,370630.0,3466039810.0,11900.0,0.0,500.0,900.0,900.0,9400.0,300.0,2300.0,33920.0,0.0,1080.0,2820.0,3650.0,32040.0,950.0,74470.0,7550.0,1990016900.0,710014000.0,700400.0,600.0,1600.0,1300.0,5300.0,200.0,4200.0,2500.0,2974034420.0,17601900.0,310460.0,28803050.0,300.0,2900.0,0.0,900.0,700.0,400.0,700.0,400.0,500.0,1200.0,1900.0,10600.0,400.0,400.0,200.0,300.0,300.0,700.0,0.0,700.0,200.0,23900.0,2400.0,3600.0,4900.0,4700.0,4600.0,0.0,0.0,0.0,3100.0,3800.0,14500.0,900.0,0.0,0.0,0.0,2100.0,2200.0,1400.0,0.0,1100.0,0.0,13700.0,0.0,1200.0,1200.0,0.0,700.0,2100.0,2000.0,2900.0,0.0,1300.0,1900.0,0.0,1600.0,1500.0,36800.0,800.0,700.0,500.0,0.0,800.0,4900.0,3500.0,0.0,1400.0,3300.0,600.0,0.0,200.0,4400.0,6800.0,1000.0,0.0,1500.0,6400.0,3800.0,11500.0,0.0,0.0,0.0,33800.0,2500.0,1700.0,600.0,0.0,0.0,0.0,0.0,300.0,5200.0,0.0,0.0,0.0,0.0,0.0,0.0,0.0,0.0,0.0,47300.0,300.0,0.0,0.0,0.0,11300.0,0.0,0.0,0.0,0.0,0.0,0.0,200.0,1100.0,200.0,0.0,0.0,400700.0,1990019600.0,72009500.0,3001500.0,2500.0,5400.0,0.0,0.0,200.0,1800.0,0.0,0.0,0.0,0.0,1600.0,0.0,1300.0,0.0,2500.0,0.0,0.0,0.0,3500.0,19800.0,200.0,200.0,1500.0,5600.0,0.0,0.0,0.0,0.0,2700.0,0.0,1700.0,700.0,300.0,0.0,600.0,0.0,10300.0,8200.0,1600.0,700.0,15000.0,19800.0,100.0,0.0,3400.0,500.0,20900.0,2600.0
2015,Central Water Catchment,0.0,0.0,0.0,0.0,0.0,0.0,0.0,0.0,0.0,0.0,0.0,0.0,0.0,0.0,0.0,0.0,0.0,0.0,0.0,,,,,,,,,0.0,0.0,0.0,0.0,0.0,0.0,0.0,10.0,0.0,0.0,0.0,0.0,0.0,0.0,0.0,0.0,0.0,0.0,0.0,0.0,0.0,0.0,0.0,,,,,,,,,,,,,,,,,,,,,,,0.0,0.0,0.0,0.0,0.0,0.0,0.0,0.0,0.0,0.0,0.0,0.0,0.0,0.0,0.0,,,,,,,,,,,,,,,,,,,,,,,0.0,0.0,0.0,0.0,0.0,0.0,0.0,0.0,0.0,0.0,0.0,0.0,0.0,0.0,0.0,0.0,0.0,0.0,0.0,0.0,0.0,0.0,0.0,0.0,0.0,0.0,0.0,0.0,0.0,0.0,0.0,0.0,0.0,0.0,0.0,0.0,0.0,0.0,0.0,0.0,0.0,0.0,0.0,0.0,0.0,0.0,0.0,0.0,0.0,0.0,0.0,0.0,0.0,0.0,0.0,0.0,0.0,0.0,0.0,0.0,0.0,0.0,0.0,0.0,0.0,0.0,0.0,0.0,0.0,0.0,0.0,0.0,0.0,0.0,0.0,0.0,0.0,0.0,0.0,0.0,0.0,0.0,0.0,0.0,0.0,0.0,0.0,0.0,0.0,0.0,0.0,0.0,0.0,0.0,0.0,0.0,0.0,0.0,0.0,0.0,0.0,0.0,0.0,0.0,0.0,0.0,0.0,0.0,0.0,0.0,0.0,0.0
2015,Changi,10090.0,110100.0,8070.0,7070.0,5060.0,70100.0,120130.0,150140.0,130100.0,8060.0,6050.0,120110.0,6040.0,5040.0,3030.0,1010.0,1020.0,1020.0,13001230.0,,,,,,,,,50.0,0.0,450.0,0.0,10.0,410.0,1620.0,2530.0,460.0,0.0,0.0,0.0,0.0,0.0,0.0,0.0,0.0,0.0,0.0,580620.0,250220.0,390330.0,8060.0,,,,,,,,,,,,,,,,,,,,,,,0.0,0.0,0.0,0.0,0.0,0.0,0.0,0.0,0.0,0.0,0.0,0.0,0.0,0.0,0.0,,,,,,,,,,,,,,,,,,,,,,,0.0,0.0,0.0,0.0,0.0,0.0,0.0,0.0,0.0,0.0,0.0,0.0,0.0,0.0,0.0,0.0,0.0,0.0,0.0,0.0,0.0,0.0,0.0,0.0,0.0,0.0,0.0,0.0,0.0,0.0,0.0,0.0,0.0,0.0,0.0,0.0,0.0,0.0,0.0,0.0,0.0,0.0,0.0,0.0,0.0,0.0,0.0,0.0,0.0,0.0,0.0,0.0,0.0,0.0,0.0,0.0,0.0,0.0,0.0,0.0,0.0,0.0,0.0,0.0,0.0,0.0,0.0,0.0,0.0,0.0,0.0,0.0,0.0,0.0,0.0,0.0,0.0,0.0,0.0,0.0,0.0,0.0,0.0,0.0,0.0,0.0,0.0,0.0,0.0,0.0,0.0,0.0,0.0,0.0,0.0,0.0,0.0,0.0,0.0,0.0,0.0,0.0,0.0,0.0,0.0,0.0,0.0,0.0,0.0,0.0,0.0,0.0
2015,Changi Bay,0.0,0.0,0.0,0.0,0.0,0.0,0.0,0.0,0.0,0.0,0.0,0.0,0.0,0.0,0.0,0.0,0.0,0.0,0.0,,,,,,,,,0.0,0.0,0.0,0.0,0.0,0.0,0.0,0.0,0.0,0.0,0.0,0.0,0.0,0.0,0.0,0.0,0.0,0.0,0.0,0.0,0.0,0.0,0.0,,,,,,,,,,,,,,,,,,,,,,,0.0,0.0,0.0,0.0,0.0,0.0,0.0,0.0,0.0,0.0,0.0,0.0,0.0,0.0,0.0,,,,,,,,,,,,,,,,,,,,,,,0.0,0.0,0.0,0.0,0.0,0.0,0.0,0.0,0.0,0.0,0.0,0.0,0.0,0.0,0.0,0.0,0.0,0.0,0.0,0.0,0.0,0.0,0.0,0.0,0.0,0.0,0.0,0.0,0.0,0.0,0.0,0.0,0.0,0.0,0.0,0.0,0.0,0.0,0.0,0.0,0.0,0.0,0.0,0.0,0.0,0.0,0.0,0.0,0.0,0.0,0.0,0.0,0.0,0.0,0.0,0.0,0.0,0.0,0.0,0.0,0.0,0.0,0.0,0.0,0.0,0.0,0.0,0.0,0.0,0.0,0.0,0.0,0.0,0.0,0.0,0.0,0.0,0.0,0.0,0.0,0.0,0.0,0.0,0.0,0.0,0.0,0.0,0.0,0.0,0.0,0.0,0.0,0.0,0.0,0.0,0.0,0.0,0.0,0.0,0.0,0.0,0.0,0.0,0.0,0.0,0.0,0.0,0.0,0.0,0.0,0.0,0.0
2015,Choa Chu Kang,36303530.0,57005680.0,76707150.0,78107420.0,60805860.0,55306010.0,56706290.0,64307280.0,76808300.0,83607830.0,68306070.0,48404500.0,46604180.0,28302810.0,14001600.0,9801240.0,550880.0,340700.0,8699087340.0,5000.0,1600.0,1600.0,21000.0,19200.0,900.0,100.0,43400.0,15500.0,3840.0,5300.0,74970.0,71760.0,2550.0,420.0,174330.0,155870.0,5270044500.0,1710031100.0,16002200.0,5500.0,3300.0,2400.0,12600.0,600.0,12200.0,5000.0,6139062070.0,83708110.0,1494014680.0,23102490.0,600.0,2400.0,0.0,2500.0,2000.0,2300.0,1600.0,2100.0,2000.0,3700.0,2000.0,4300.0,3100.0,2900.0,2800.0,3000.0,2800.0,2600.0,0.0,3300.0,3200.0,49300.0,2800.0,7500.0,10800.0,13800.0,9000.0,0.0,0.0,0.0,4500.0,5000.0,32200.0,3900.0,0.0,0.0,0.0,7300.0,2200.0,7800.0,0.0,1300.0,0.0,6500.0,0.0,6300.0,7500.0,0.0,6500.0,14500.0,10600.0,8000.0,0.0,5900.0,5400.0,0.0,5000.0,2600.0,97200.0,4900.0,4300.0,1300.0,0.0,5500.0,5300.0,5200.0,0.0,3200.0,14600.0,2900.0,0.0,1700.0,7700.0,13800.0,2300.0,0.0,8100.0,16400.0,19400.0,10400.0,1600.0,100.0,500.0,70800.0,23400.0,4200.0,6200.0,600.0,0.0,0.0,0.0,3000.0,16900.0,0.0,0.0,0.0,0.0,0.0,0.0,0.0,0.0,0.0,54700.0,23100.0,0.0,0.0,0.0,62800.0,0.0,0.0,0.0,0.0,0.0,0.0,2800.0,2400.0,4700.0,0.0,0.0,12002900.0,4480044600.0,2440025100.0,10005100.0,6400.0,2200.0,0.0,0.0,4200.0,11600.0,0.0,0.0,0.0,0.0,10900.0,0.0,2800.0,400.0,3000.0,0.0,0.0,0.0,9100.0,19400.0,2400.0,3400.0,16400.0,26400.0,0.0,0.0,0.0,0.0,6600.0,0.0,7600.0,1200.0,4200.0,0.0,600.0,0.0,47700.0,8900.0,8600.0,26100.0,28100.0,13100.0,200.0,0.0,16600.0,300.0,47500.0,1500.0
2015,Clementi,19701940.0,22602220.0,23702330.0,24202430.0,27903030.0,31803450.0,34303880.0,36503940.0,33903560.0,34903480.0,30303520.0,22602160.0,28903740.0,29003300.0,16101740.0,12101380.0,610870.0,410780.0,4387047760.0,5100.0,1200.0,10500.0,8500.0,3000.0,1600.0,200.0,23200.0,14030.0,2740.0,28970.0,26530.0,12180.0,5800.0,1390.0,91630.0,70420.0,2480021200.0,920016100.0,700600.0,900.0,900.0,1500.0,5300.0,200.0,3100.0,1700.0,3351037140.0,38303790.0,49305030.0,15801790.0,800.0,3900.0,0.0,1100.0,1900.0,1000.0,800.0,700.0,700.0,1700.0,1100.0,4500.0,1600.0,1600.0,1700.0,1700.0,1700.0,1200.0,0.0,1500.0,1200.0,30100.0,5200.0,7900.0,6400.0,5600.0,3100.0,0.0,0.0,0.0,7000.0,4800.0,15500.0,1500.0,0.0,0.0,0.0,3800.0,1700.0,3600.0,0.0,1000.0,0.0,6100.0,0.0,2400.0,2300.0,0.0,2600.0,5000.0,4300.0,3600.0,0.0,3100.0,3200.0,0.0,1700.0,1800.0,45900.0,2800.0,2700.0,500.0,0.0,2000.0,3700.0,2300.0,0.0,2000.0,4100.0,1400.0,0.0,500.0,4700.0,7400.0,1200.0,0.0,3500.0,7400.0,11300.0,8800.0,1100.0,100.0,100.0,33800.0,7500.0,1600.0,2000.0,200.0,0.0,0.0,0.0,3100.0,11600.0,0.0,0.0,0.0,0.0,0.0,0.0,0.0,0.0,0.0,29200.0,6600.0,0.0,0.0,0.0,23600.0,0.0,0.0,0.0,0.0,0.0,0.0,300.0,1700.0,1900.0,0.0,0.0,12001500.0,2200021100.0,1040011100.0,11004300.0,4000.0,2000.0,0.0,0.0,700.0,1700.0,0.0,0.0,0.0,0.0,2300.0,0.0,500.0,100.0,2300.0,0.0,0.0,0.0,8900.0,10800.0,700.0,1300.0,3800.0,12400.0,0.0,0.0,0.0,0.0,3600.0,0.0,2300.0,700.0,700.0,0.0,600.0,0.0,23500.0,4100.0,2100.0,8200.0,16300.0,12900.0,200.0,100.0,5300.0,200.0,26900.0,2900.0
2015,Downtown Core,5070.0,4060.0,6060.0,6080.0,100110.0,160160.0,170190.0,190170.0,180150.0,160120.0,160130.0,6050.0,110140.0,120120.0,7080.0,6080.0,2050.0,8050.0,18601860.0,,,,,,,,,1050.0,0.0,1190.0,1010.0,20.0,0.0,450.0,3720.0,2220.0,0.0,0.0,0.0,0.0,0.0,0.0,0.0,0.0,0.0,0.0,13501470.0,160140.0,2020.0,200140.0,,,,,,,,,,,,,,,,,,,,,,,0.0,0.0,0.0,0.0,0.0,0.0,0.0,0.0,0.0,0.0,0.0,0.0,0.0,0.0,0.0,,,,,,,,,,,,,,,,,,,,,,,0.0,0.0,0.0,0.0,0.0,0.0,0.0,0.0,0.0,0.0,0.0,0.0,0.0,0.0,0.0,0.0,0.0,0.0,0.0,0.0,0.0,0.0,0.0,0.0,0.0,0.0,0.0,0.0,0.0,0.0,0.0,0.0,0.0,0.0,0.0,0.0,0.0,0.0,0.0,0.0,0.0,0.0,0.0,0.0,0.0,0.0,0.0,0.0,0.0,0.0,0.0,0.0,0.0,0.0,0.0,0.0,0.0,0.0,0.0,0.0,0.0,0.0,0.0,0.0,0.0,0.0,0.0,0.0,0.0,0.0,0.0,0.0,0.0,0.0,0.0,0.0,0.0,0.0,0.0,0.0,0.0,0.0,0.0,0.0,0.0,0.0,0.0,0.0,0.0,0.0,0.0,0.0,0.0,0.0,0.0,0.0,0.0,0.0,0.0,0.0,0.0,0.0,0.0,0.0,0.0,0.0,0.0,0.0,0.0,0.0,0.0,0.0
2015,Geylang,23002190.0,27202700.0,32203110.0,38303710.0,40904040.0,39404230.0,41804540.0,44604540.0,44404350.0,49904620.0,50004620.0,28102540.0,41003980.0,31403330.0,18402050.0,14501840.0,9201330.0,6701180.0,5809058870.0,6300.0,4500.0,10500.0,9800.0,4600.0,1300.0,400.0,29400.0,17940.0,10290.0,30910.0,32380.0,16600.0,6600.0,2240.0,116960.0,90190.0,3340028000.0,1040018300.0,1500800.0,1300.0,1200.0,1700.0,6500.0,300.0,4500.0,2700.0,4353044500.0,52004700.0,75407730.0,17901940.0,1200.0,4900.0,0.0,1900.0,2700.0,1100.0,700.0,700.0,1000.0,2000.0,1200.0,3300.0,2800.0,2700.0,2300.0,1900.0,2000.0,1500.0,0.0,2200.0,1400.0,37500.0,6500.0,8700.0,8300.0,7500.0,3400.0,0.0,0.0,0.0,9700.0,5300.0,18900.0,2000.0,0.0,0.0,0.0,6500.0,1500.0,5900.0,0.0,1000.0,0.0,4900.0,0.0,4400.0,5300.0,0.0,3500.0,7800.0,5700.0,4400.0,0.0,3500.0,2400.0,0.0,2400.0,2000.0,61400.0,5400.0,3700.0,1200.0,0.0,4100.0,5100.0,2700.0,0.0,2700.0,5600.0,1900.0,0.0,500.0,4400.0,7300.0,2300.0,0.0,4900.0,9500.0,15100.0,6600.0,1600.0,200.0,300.0,43200.0,12300.0,2000.0,1800.0,500.0,0.0,0.0,0.0,4200.0,14000.0,0.0,0.0,0.0,0.0,0.0,0.0,0.0,0.0,0.0,30400.0,11800.0,0.0,0.0,0.0,33000.0,0.0,0.0,0.0,0.0,0.0,0.0,1500.0,600.0,2400.0,0.0,0.0,22003000.0,2630024800.0,1590014000.0,8005500.0,4600.0,1300.0,0.0,0.0,1200.0,4500.0,0.0,0.0,0.0,0.0,3700.0,0.0,600.0,100.0,2200.0,0.0,0.0,0.0,11600.0,10700.0,800.0,1800.0,8400.0,16400.0,0.0,0.0,0.0,0.0,7700.0,0.0,1300.0,1400.0,500.0,0.0,500.0,0.0,32200.0,4000.0,3300.0,14400.0,18100.0,10800.0,100.0,500.0,8900.0,400.0,31800.0,5300.0
2015,Hougang,42804110.0,59805700.0,74006990.0,85908240.0,83608290.0,72407770.0,69807860.0,81208590.0,81808830.0,97909830.0,97209550.0,49905020.0,76707390.0,54205410.0,28103150.0,21002570.0,12001850.0,7201620.0,109560112750.0,7700.0,1500.0,9600.0,25300.0,14000.0,6100.0,100.0,50400.0,21630.0,4260.0,26730.0,87490.0,55450.0,22610.0,4160.0,222310.0,173930.0,6370057100.0,2270036700.0,25001900.0,5000.0,3000.0,2600.0,13500.0,500.0,13000.0,6100.0,8923092460.0,93208730.0,88008850.0,22002720.0,1400.0,5400.0,0.0,2700.0,3100.0,2300.0,2300.0,1900.0,1300.0,3100.0,2800.0,7200.0,4300.0,4400.0,4100.0,3600.0,4200.0,3700.0,0.0,3800.0,2800.0,64300.0,5800.0,12100.0,14600.0,16000.0,9400.0,0.0,0.0,0.0,8500.0,7500.0,40600.0,3400.0,0.0,0.0,0.0,10100.0,3200.0,10800.0,0.0,1900.0,0.0,9200.0,0.0,8200.0,10400.0,0.0,7700.0,17000.0,11800.0,11100.0,0.0,7400.0,5000.0,0.0,4100.0,2800.0,120800.0,8300.0,5300.0,2200.0,0.0,7500.0,8700.0,5400.0,0.0,3800.0,12300.0,4000.0,0.0,1100.0,9100.0,17400.0,3100.0,0.0,10200.0,22600.0,30900.0,18900.0,900.0,0.0,500.0,98400.0,14200.0,2000.0,5100.0,500.0,0.0,0.0,0.0,5500.0,23300.0,0.0,0.0,0.0,0.0,0.0,0.0,0.0,0.0,0.0,73100.0,12800.0,0.0,0.0,0.0,84800.0,0.0,0.0,0.0,0.0,0.0,0.0,1700.0,300.0,4700.0,0.0,0.0,19004400.0,5350052900.0,3210030600.0,15007800.0,11800.0,4900.0,0.0,0.0,2200.0,9800.0,0.0,0.0,0.0,0.0,9300.0,0.0,2100.0,200.0,3200.0,0.0,0.0,0.0,24000.0,27100.0,3200.0,3600.0,9400.0,33600.0,0.0,0.0,0.0,0.0,10300.0,0.0,3900.0,1500.0,3100.0,0.0,1100.0,0.0,71500.0,16700.0,6900.0,16000.0,35000.0,18500.0,100.0,100.0,19800.0,400.0,60500.0,3400.0
2015,Jurong East,16701620.0,23502200.0,25602410.0,29902770.0,33003270.0,31103260.0,29003180.0,32003330.0,31703080.0,33603360.0,34503570.0,19701910.0,32303190.0,23902380.0,11901170.0,760930.0,440600.0,260500.0,4227042710.0,2500.0,1000.0,6200.0,8000.0,7600.0,0.0,100.0,22900.0,6930.0,2120.0,18500.0,28080.0,28950.0,0.0,400.0,84980.0,77650.0,2630019800.0,790014700.0,1100900.0,1200.0,1300.0,800.0,6200.0,200.0,3600.0,1800.0,2975030350.0,48004340.0,68006940.0,9001060.0,200.0,2800.0,0.0,1200.0,1000.0,900.0,1200.0,400.0,500.0,1400.0,800.0,2600.0,2000.0,1600.0,1700.0,1500.0,1500.0,1600.0,0.0,1100.0,1400.0,25500.0,3300.0,4900.0,5500.0,6200.0,3200.0,0.0,0.0,0.0,4600.0,3200.0,14500.0,1600.0,0.0,0.0,0.0,4300.0,1200.0,4100.0,0.0,500.0,0.0,3400.0,0.0,3300.0,3600.0,0.0,3800.0,5200.0,5400.0,3600.0,0.0,2800.0,2200.0,0.0,1700.0,1000.0,46100.0,2600.0,2600.0,1100.0,0.0,2100.0,2700.0,2500.0,0.0,900.0,6600.0,2100.0,0.0,700.0,3600.0,6400.0,1200.0,0.0,4100.0,6900.0,13500.0,7600.0,1100.0,100.0,400.0,25700.0,11000.0,700.0,4900.0,200.0,0.0,0.0,0.0,2500.0,9400.0,0.0,0.0,0.0,0.0,0.0,0.0,0.0,0.0,0.0,19200.0,11600.0,0.0,0.0,0.0,28100.0,0.0,0.0,0.0,0.0,0.0,0.0,700.0,700.0,5300.0,0.0,0.0,12001400.0,2150020200.0,1230010100.0,3003700.0,4100.0,1000.0,0.0,0.0,500.0,3000.0,0.0,0.0,0.0,0.0,3300.0,0.0,1100.0,0.0,1700.0,0.0,0.0,0.0,9900.0,8600.0,1300.0,1700.0,4100.0,11800.0,0.0,0.0,0.0,0.0,3700.0,0.0,2000.0,300.0,2000.0,0.0,500.0,0.0,17500.0,3800.0,4700.0,13800.0,13200.0,5700.0,0.0,500.0,11500.0,0.0,24300.0,1200.0
2015,Jurong West,68606740.0,86208080.0,91908830.0,97509320.0,983010100.0,1067011870.0,1166011750.0,1180011270.0,1118010500.0,109409730.0,97609350.0,81207780.0,80507820.0,56105210.0,25402710.0,16801870.0,8301250.0,480940.0,137560135110.0,4900.0,2900.0,12500.0,31100.0,29200.0,1000.0,0.0,75700.0,12270.0,7110.0,35750.0,106470.0,106320.0,4400.0,350.0,272660.0,255650.0,8920069400.0,2380046100.0,33003100.0,6000.0,5000.0,5000.0,21700.0,500.0,17000.0,5600.0,9546094730.0,1442012660.0,2448024150.0,31503550.0,1200.0,5600.0,0.0,3400.0,4800.0,4100.0,3200.0,3600.0,1800.0,4200.0,2600.0,6000.0,4200.0,5100.0,5400.0,4600.0,5600.0,6000.0,0.0,5400.0,5000.0,81600.0,6900.0,14000.0,16400.0,23000.0,12000.0,0.0,0.0,0.0,9500.0,10300.0,50900.0,4700.0,0.0,0.0,0.0,13400.0,3000.0,13800.0,0.0,1800.0,0.0,7700.0,0.0,11600.0,12300.0,0.0,11100.0,22800.0,19300.0,13600.0,0.0,8700.0,9600.0,0.0,5800.0,4000.0,158700.0,8200.0,7300.0,2700.0,0.0,10300.0,7500.0,5300.0,0.0,4400.0,29800.0,4800.0,0.0,2500.0,11000.0,18900.0,2900.0,0.0,15100.0,28000.0,41200.0,18400.0,5100.0,200.0,1300.0,95900.0,33100.0,4200.0,12400.0,1200.0,0.0,0.0,0.0,7900.0,29200.0,0.0,0.0,0.0,0.0,0.0,0.0,0.0,0.0,0.0,61700.0,35100.0,0.0,0.0,0.0,114000.0,0.0,0.0,0.0,0.0,0.0,0.0,3200.0,3500.0,15800.0,0.0,0.0,27004700.0,7360072200.0,3810033400.0,19008400.0,15800.0,3300.0,0.0,0.0,3200.0,12800.0,0.0,0.0,0.0,0.0,17500.0,0.0,2900.0,900.0,4000.0,0.0,0.0,0.0,23300.0,29400.0,6000.0,6800.0,17500.0,41400.0,0.0,0.0,0.0,0.0,11200.0,0.0,6800.0,3300.0,11200.0,0.0,1500.0,0.0,87800.0,7400.0,15300.0,40800.0,40400.0,15900.0,500.0,700.0,26200.0,300.0,76200.0,5100.0
2015,Kallang,22202120.0,23202160.0,24202330.0,25502580.0,29803150.0,33703880.0,39804280.0,42904320.0,40403740.0,41303690.0,41603680.0,22502200.0,36103450.0,30303070.0,18802030.0,15901810.0,9201210.0,6901120.0,5041050800.0,7800.0,5700.0,9900.0,8000.0,4500.0,200.0,400.0,28100.0,16740.0,12660.0,27750.0,25330.0,15590.0,1500.0,1650.0,101210.0,81330.0,2960025800.0,960017300.0,15001000.0,1500.0,1000.0,1200.0,4800.0,600.0,4600.0,1500.0,3740038390.0,75906900.0,40503920.0,13901570.0,1200.0,4800.0,0.0,1600.0,2800.0,1500.0,1300.0,1100.0,600.0,1000.0,900.0,4600.0,2500.0,2600.0,1800.0,1600.0,2200.0,1600.0,0.0,1600.0,1200.0,36500.0,8100.0,9200.0,7000.0,6200.0,3600.0,0.0,0.0,0.0,10700.0,5500.0,17500.0,1300.0,0.0,0.0,0.0,4300.0,1300.0,5800.0,0.0,900.0,0.0,6600.0,0.0,3900.0,4800.0,0.0,3100.0,7100.0,4800.0,3800.0,0.0,3500.0,2100.0,0.0,1600.0,1700.0,55400.0,4800.0,3900.0,1800.0,0.0,2700.0,5200.0,2900.0,0.0,2500.0,4100.0,1500.0,0.0,600.0,4700.0,5000.0,2100.0,0.0,2900.0,10700.0,13500.0,7800.0,700.0,200.0,900.0,39000.0,5300.0,3000.0,4300.0,400.0,0.0,0.0,0.0,4700.0,14100.0,0.0,0.0,0.0,0.0,0.0,0.0,0.0,0.0,0.0,28000.0,4400.0,0.0,0.0,0.0,28500.0,0.0,0.0,0.0,0.0,0.0,0.0,2100.0,800.0,5500.0,0.0,0.0,17002400.0,2390022600.0,1390014000.0,10005200.0,3200.0,1900.0,0.0,0.0,1600.0,3600.0,0.0,0.0,0.0,0.0,2500.0,0.0,200.0,200.0,1900.0,0.0,0.0,0.0,8600.0,10000.0,1100.0,1400.0,9100.0,14100.0,0.0,0.0,0.0,0.0,5700.0,0.0,2800.0,1000.0,600.0,0.0,1000.0,0.0,28900.0,5500.0,5500.0,7600.0,18000.0,9700.0,400.0,1100.0,8100.0,100.0,29400.0,6900.0
2015,Lim Chu Kang,0.0,0.0,0.0,0.0,0.0,0.0,0.0,0.0,0.0,0.0,0.0,0.0,0.0,0.0,0.0,0.0,0.0,0.0,0.0,,,,,,,,,0.0,0.0,0.0,0.0,0.0,0.0,0.0,90.0,0.0,0.0,0.0,0.0,0.0,0.0,0.0,0.0,0.0,0.0,0.0,0.0,0.0,0.0,0.0,,,,,,,,,,,,,,,,,,,,,,,0.0,0.0,0.0,0.0,0.0,0.0,0.0,0.0,0.0,0.0,0.0,0.0,0.0,0.0,0.0,,,,,,,,,,,,,,,,,,,,,,,0.0,0.0,0.0,0.0,0.0,0.0,0.0,0.0,0.0,0.0,0.0,0.0,0.0,0.0,0.0,0.0,0.0,0.0,0.0,0.0,0.0,0.0,0.0,0.0,0.0,0.0,0.0,0.0,0.0,0.0,0.0,0.0,0.0,0.0,0.0,0.0,0.0,0.0,0.0,0.0,0.0,0.0,0.0,0.0,0.0,0.0,0.0,0.0,0.0,0.0,0.0,0.0,0.0,0.0,0.0,0.0,0.0,0.0,0.0,0.0,0.0,0.0,0.0,0.0,0.0,0.0,0.0,0.0,0.0,0.0,0.0,0.0,0.0,0.0,0.0,0.0,0.0,0.0,0.0,0.0,0.0,0.0,0.0,0.0,0.0,0.0,0.0,0.0,0.0,0.0,0.0,0.0,0.0,0.0,0.0,0.0,0.0,0.0,0.0,0.0,0.0,0.0,0.0,0.0,0.0,0.0,0.0,0.0,0.0,0.0,0.0,0.0
2015,Mandai,5040.0,7080.0,8090.0,6090.0,7070.0,7070.0,70100.0,90100.0,80100.0,8080.0,7070.0,5070.0,5040.0,4040.0,3030.0,2020.0,1010.0,1010.0,10001120.0,,,,,,,,,1240.0,0.0,0.0,0.0,0.0,780.0,90.0,2120.0,0.0,0.0,0.0,0.0,0.0,0.0,0.0,0.0,0.0,0.0,0.0,810900.0,120120.0,4060.0,3040.0,,,,,,,,,,,,,,,,,,,,,,,0.0,0.0,0.0,0.0,0.0,0.0,0.0,0.0,0.0,0.0,0.0,0.0,0.0,0.0,0.0,,,,,,,,,,,,,,,,,,,,,,,0.0,0.0,0.0,0.0,0.0,0.0,0.0,0.0,0.0,0.0,0.0,0.0,0.0,0.0,0.0,0.0,0.0,0.0,0.0,0.0,0.0,0.0,0.0,0.0,0.0,0.0,0.0,0.0,0.0,0.0,0.0,0.0,0.0,0.0,0.0,0.0,0.0,0.0,0.0,0.0,0.0,0.0,0.0,0.0,0.0,0.0,0.0,0.0,0.0,0.0,0.0,0.0,0.0,0.0,0.0,0.0,0.0,0.0,0.0,0.0,0.0,0.0,0.0,0.0,0.0,0.0,0.0,0.0,0.0,0.0,0.0,0.0,0.0,0.0,0.0,0.0,0.0,0.0,0.0,0.0,0.0,0.0,0.0,0.0,0.0,0.0,0.0,0.0,0.0,0.0,0.0,0.0,0.0,0.0,0.0,0.0,0.0,0.0,0.0,0.0,0.0,0.0,0.0,0.0,0.0,0.0,0.0,0.0,0.0,0.0,0.0,0.0
2015,Marina East,0.0,0.0,0.0,0.0,0.0,0.0,0.0,0.0,0.0,0.0,0.0,0.0,0.0,0.0,0.0,0.0,0.0,0.0,0.0,,,,,,,,,0.0,0.0,0.0,0.0,0.0,0.0,0.0,0.0,0.0,0.0,0.0,0.0,0.0,0.0,0.0,0.0,0.0,0.0,0.0,0.0,0.0,0.0,0.0,,,,,,,,,,,,,,,,,,,,,,,0.0,0.0,0.0,0.0,0.0,0.0,0.0,0.0,0.0,0.0,0.0,0.0,0.0,0.0,0.0,,,,,,,,,,,,,,,,,,,,,,,0.0,0.0,0.0,0.0,0.0,0.0,0.0,0.0,0.0,0.0,0.0,0.0,0.0,0.0,0.0,0.0,0.0,0.0,0.0,0.0,0.0,0.0,0.0,0.0,0.0,0.0,0.0,0.0,0.0,0.0,0.0,0.0,0.0,0.0,0.0,0.0,0.0,0.0,0.0,0.0,0.0,0.0,0.0,0.0,0.0,0.0,0.0,0.0,0.0,0.0,0.0,0.0,0.0,0.0,0.0,0.0,0.0,0.0,0.0,0.0,0.0,0.0,0.0,0.0,0.0,0.0,0.0,0.0,0.0,0.0,0.0,0.0,0.0,0.0,0.0,0.0,0.0,0.0,0.0,0.0,0.0,0.0,0.0,0.0,0.0,0.0,0.0,0.0,0.0,0.0,0.0,0.0,0.0,0.0,0.0,0.0,0.0,0.0,0.0,0.0,0.0,0.0,0.0,0.0,0.0,0.0,0.0,0.0,0.0,0.0,0.0,0.0
2015,Marina South,0.0,0.0,0.0,0.0,0.0,0.0,0.0,0.0,0.0,0.0,0.0,0.0,0.0,0.0,0.0,0.0,0.0,0.0,0.0,,,,,,,,,0.0,0.0,0.0,0.0,0.0,0.0,0.0,0.0,0.0,0.0,0.0,0.0,0.0,0.0,0.0,0.0,0.0,0.0,0.0,0.0,0.0,0.0,0.0,,,,,,,,,,,,,,,,,,,,,,,0.0,0.0,0.0,0.0,0.0,0.0,0.0,0.0,0.0,0.0,0.0,0.0,0.0,0.0,0.0,,,,,,,,,,,,,,,,,,,,,,,0.0,0.0,0.0,0.0,0.0,0.0,0.0,0.0,0.0,0.0,0.0,0.0,0.0,0.0,0.0,0.0,0.0,0.0,0.0,0.0,0.0,0.0,0.0,0.0,0.0,0.0,0.0,0.0,0.0,0.0,0.0,0.0,0.0,0.0,0.0,0.0,0.0,0.0,0.0,0.0,0.0,0.0,0.0,0.0,0.0,0.0,0.0,0.0,0.0,0.0,0.0,0.0,0.0,0.0,0.0,0.0,0.0,0.0,0.0,0.0,0.0,0.0,0.0,0.0,0.0,0.0,0.0,0.0,0.0,0.0,0.0,0.0,0.0,0.0,0.0,0.0,0.0,0.0,0.0,0.0,0.0,0.0,0.0,0.0,0.0,0.0,0.0,0.0,0.0,0.0,0.0,0.0,0.0,0.0,0.0,0.0,0.0,0.0,0.0,0.0,0.0,0.0,0.0,0.0,0.0,0.0,0.0,0.0,0.0,0.0,0.0,0.0
2015,Marine Parade,11301050.0,13401350.0,12601340.0,13001390.0,12401370.0,12701610.0,17302140.0,21502430.0,19101920.0,17701910.0,16801690.0,13301380.0,13501550.0,12501510.0,800990.0,730930.0,430600.0,320620.0,2297025770.0,5900.0,1400.0,2800.0,1700.0,1300.0,2000.0,100.0,7300.0,17000.0,3740.0,6910.0,5360.0,5690.0,9490.0,550.0,48730.0,21690.0,1090010600.0,52008300.0,500300.0,400.0,500.0,1000.0,2400.0,100.0,1700.0,1100.0,1707019560.0,29303090.0,16901820.0,12801310.0,300.0,2700.0,0.0,400.0,700.0,500.0,500.0,300.0,300.0,600.0,500.0,3600.0,800.0,700.0,600.0,600.0,700.0,400.0,0.0,300.0,600.0,15200.0,2200.0,4300.0,2600.0,3100.0,1900.0,0.0,0.0,0.0,3200.0,2700.0,7800.0,600.0,0.0,0.0,0.0,1600.0,700.0,1200.0,0.0,500.0,0.0,4800.0,0.0,1400.0,900.0,0.0,1000.0,2300.0,1800.0,1600.0,0.0,1100.0,1000.0,0.0,1000.0,700.0,21500.0,1500.0,1000.0,300.0,0.0,700.0,3200.0,1500.0,0.0,1200.0,1700.0,500.0,0.0,0.0,1600.0,2700.0,500.0,0.0,1200.0,3800.0,3900.0,5900.0,300.0,200.0,0.0,17500.0,3500.0,900.0,700.0,0.0,0.0,0.0,0.0,700.0,5100.0,0.0,0.0,0.0,0.0,0.0,0.0,0.0,0.0,0.0,20500.0,1500.0,0.0,0.0,0.0,8900.0,0.0,0.0,0.0,0.0,0.0,0.0,900.0,100.0,600.0,0.0,0.0,5001300.0,1020010000.0,57005800.0,2002100.0,1600.0,1600.0,0.0,0.0,0.0,1300.0,0.0,0.0,0.0,0.0,1400.0,0.0,200.0,0.0,1100.0,0.0,0.0,0.0,5700.0,7500.0,0.0,200.0,300.0,3600.0,0.0,0.0,0.0,0.0,1700.0,0.0,1000.0,400.0,100.0,0.0,600.0,0.0,8300.0,4700.0,1700.0,3200.0,9000.0,6500.0,200.0,500.0,1700.0,200.0,12400.0,2600.0
2015,Museum,1010.0,10.0,1010.0,10.0,10.0,2020.0,3030.0,3020.0,1020.0,3020.0,1010.0,1010.0,1010.0,100.0,0.0,0.0,100.0,100.0,190190.0,,,,,,,,,350.0,0.0,0.0,0.0,0.0,0.0,20.0,380.0,0.0,0.0,0.0,0.0,0.0,0.0,0.0,0.0,0.0,0.0,0.0,100120.0,3010.0,0.0,7050.0,,,,,,,,,,,,,,,,,,,,,,,0.0,0.0,0.0,0.0,0.0,0.0,0.0,0.0,0.0,0.0,0.0,0.0,0.0,0.0,0.0,,,,,,,,,,,,,,,,,,,,,,,0.0,0.0,0.0,0.0,0.0,0.0,0.0,0.0,0.0,0.0,0.0,0.0,0.0,0.0,0.0,0.0,0.0,0.0,0.0,0.0,0.0,0.0,0.0,0.0,0.0,0.0,0.0,0.0,0.0,0.0,0.0,0.0,0.0,0.0,0.0,0.0,0.0,0.0,0.0,0.0,0.0,0.0,0.0,0.0,0.0,0.0,0.0,0.0,0.0,0.0,0.0,0.0,0.0,0.0,0.0,0.0,0.0,0.0,0.0,0.0,0.0,0.0,0.0,0.0,0.0,0.0,0.0,0.0,0.0,0.0,0.0,0.0,0.0,0.0,0.0,0.0,0.0,0.0,0.0,0.0,0.0,0.0,0.0,0.0,0.0,0.0,0.0,0.0,0.0,0.0,0.0,0.0,0.0,0.0,0.0,0.0,0.0,0.0,0.0,0.0,0.0,0.0,0.0,0.0,0.0,0.0,0.0,0.0,0.0,0.0,0.0,0.0
2015,Newton,150160.0,170160.0,150180.0,120220.0,120220.0,150250.0,230340.0,340400.0,330330.0,300310.0,230240.0,260210.0,230200.0,190180.0,9090.0,7090.0,6060.0,5060.0,32403680.0,,,,,,,,,6130.0,0.0,0.0,0.0,0.0,550.0,240.0,6920.0,0.0,0.0,0.0,0.0,0.0,0.0,0.0,0.0,0.0,0.0,0.0,21902660.0,380380.0,1040.0,640580.0,,,,,,,,,,,,,,,,,,,,,,,0.0,0.0,0.0,0.0,0.0,0.0,0.0,0.0,0.0,0.0,0.0,0.0,0.0,0.0,0.0,,,,,,,,,,,,,,,,,,,,,,,0.0,0.0,0.0,0.0,0.0,0.0,0.0,0.0,0.0,0.0,0.0,0.0,0.0,0.0,0.0,0.0,0.0,0.0,0.0,0.0,0.0,0.0,0.0,0.0,0.0,0.0,0.0,0.0,0.0,0.0,0.0,0.0,0.0,0.0,0.0,0.0,0.0,0.0,0.0,0.0,0.0,0.0,0.0,0.0,0.0,0.0,0.0,0.0,0.0,0.0,0.0,0.0,0.0,0.0,0.0,0.0,0.0,0.0,0.0,0.0,0.0,0.0,0.0,0.0,0.0,0.0,0.0,0.0,0.0,0.0,0.0,0.0,0.0,0.0,0.0,0.0,0.0,0.0,0.0,0.0,0.0,0.0,0.0,0.0,0.0,0.0,0.0,0.0,0.0,0.0,0.0,0.0,0.0,0.0,0.0,0.0,0.0,0.0,0.0,0.0,0.0,0.0,0.0,0.0,0.0,0.0,0.0,0.0,0.0,0.0,0.0,0.0
2015,North-Eastern Islands,0.0,0.0,0.0,0.0,0.0,0.0,0.0,0.0,0.0,0.0,0.0,0.0,0.0,0.0,0.0,0.0,0.0,0.0,0.0,,,,,,,,,0.0,0.0,0.0,0.0,0.0,0.0,0.0,60.0,0.0,0.0,0.0,0.0,0.0,0.0,0.0,0.0,0.0,0.0,0.0,0.0,0.0,0.0,0.0,,,,,,,,,,,,,,,,,,,,,,,0.0,0.0,0.0,0.0,0.0,0.0,0.0,0.0,0.0,0.0,0.0,0.0,0.0,0.0,0.0,,,,,,,,,,,,,,,,,,,,,,,0.0,0.0,0.0,0.0,0.0,0.0,0.0,0.0,0.0,0.0,0.0,0.0,0.0,0.0,0.0,0.0,0.0,0.0,0.0,0.0,0.0,0.0,0.0,0.0,0.0,0.0,0.0,0.0,0.0,0.0,0.0,0.0,0.0,0.0,0.0,0.0,0.0,0.0,0.0,0.0,0.0,0.0,0.0,0.0,0.0,0.0,0.0,0.0,0.0,0.0,0.0,0.0,0.0,0.0,0.0,0.0,0.0,0.0,0.0,0.0,0.0,0.0,0.0,0.0,0.0,0.0,0.0,0.0,0.0,0.0,0.0,0.0,0.0,0.0,0.0,0.0,0.0,0.0,0.0,0.0,0.0,0.0,0.0,0.0,0.0,0.0,0.0,0.0,0.0,0.0,0.0,0.0,0.0,0.0,0.0,0.0,0.0,0.0,0.0,0.0,0.0,0.0,0.0,0.0,0.0,0.0,0.0,0.0,0.0,0.0,0.0,0.0
2015,Novena,11501120.0,13201190.0,12701270.0,12401330.0,12301410.0,13501680.0,17802200.0,22002310.0,19501960.0,18701850.0,16801680.0,15301240.0,13801490.0,11601300.0,740840.0,590790.0,400580.0,320610.0,2316024830.0,6900.0,900.0,2800.0,2200.0,1100.0,1800.0,100.0,7000.0,17650.0,2220.0,7890.0,6700.0,5090.0,7320.0,1120.0,47990.0,21890.0,1350010300.0,44008200.0,500200.0,500.0,500.0,600.0,3200.0,100.0,2000.0,1000.0,1865020210.0,21502060.0,10401080.0,13401490.0,100.0,1900.0,0.0,800.0,800.0,300.0,600.0,500.0,200.0,700.0,800.0,4300.0,700.0,500.0,700.0,900.0,700.0,500.0,0.0,500.0,400.0,15700.0,2100.0,3700.0,3700.0,3100.0,1600.0,0.0,0.0,0.0,3100.0,2500.0,8900.0,700.0,0.0,0.0,0.0,1500.0,900.0,2100.0,0.0,600.0,0.0,5800.0,0.0,1400.0,1100.0,0.0,900.0,2200.0,1900.0,1600.0,0.0,1400.0,900.0,0.0,600.0,700.0,23800.0,1600.0,800.0,800.0,0.0,1200.0,3100.0,1300.0,0.0,1400.0,1300.0,1000.0,0.0,200.0,2400.0,3700.0,900.0,0.0,1200.0,3000.0,3900.0,4800.0,300.0,100.0,100.0,19500.0,2700.0,900.0,700.0,200.0,0.0,0.0,0.0,800.0,5500.0,0.0,0.0,0.0,0.0,0.0,0.0,0.0,0.0,0.0,21800.0,1400.0,0.0,0.0,0.0,9600.0,0.0,0.0,0.0,0.0,0.0,0.0,300.0,200.0,600.0,0.0,0.0,400800.0,1120010900.0,66005600.0,3001400.0,2000.0,1800.0,0.0,0.0,400.0,1200.0,0.0,0.0,0.0,0.0,1000.0,0.0,400.0,0.0,1000.0,0.0,0.0,0.0,5000.0,7100.0,200.0,500.0,1900.0,4800.0,0.0,0.0,0.0,0.0,2700.0,0.0,300.0,400.0,200.0,0.0,700.0,0.0,11500.0,3700.0,1300.0,2600.0,8800.0,6700.0,0.0,200.0,2400.0,200.0,13000.0,2500.0
2015,Orchard,1020.0,2020.0,1020.0,1020.0,3030.0,3040.0,3050.0,4050.0,4040.0,4030.0,4040.0,3030.0,4030.0,3040.0,2010.0,1010.0,0.0,1010.0,430500.0,,,,,,,,,830.0,0.0,0.0,0.0,0.0,0.0,90.0,920.0,0.0,0.0,0.0,0.0,0.0,0.0,0.0,0.0,0.0,0.0,0.0,260350.0,4040.0,0.0,130100.0,,,,,,,,,,,,,,,,,,,,,,,0.0,0.0,0.0,0.0,0.0,0.0,0.0,0.0,0.0,0.0,0.0,0.0,0.0,0.0,0.0,,,,,,,,,,,,,,,,,,,,,,,0.0,0.0,0.0,0.0,0.0,0.0,0.0,0.0,0.0,0.0,0.0,0.0,0.0,0.0,0.0,0.0,0.0,0.0,0.0,0.0,0.0,0.0,0.0,0.0,0.0,0.0,0.0,0.0,0.0,0.0,0.0,0.0,0.0,0.0,0.0,0.0,0.0,0.0,0.0,0.0,0.0,0.0,0.0,0.0,0.0,0.0,0.0,0.0,0.0,0.0,0.0,0.0,0.0,0.0,0.0,0.0,0.0,0.0,0.0,0.0,0.0,0.0,0.0,0.0,0.0,0.0,0.0,0.0,0.0,0.0,0.0,0.0,0.0,0.0,0.0,0.0,0.0,0.0,0.0,0.0,0.0,0.0,0.0,0.0,0.0,0.0,0.0,0.0,0.0,0.0,0.0,0.0,0.0,0.0,0.0,0.0,0.0,0.0,0.0,0.0,0.0,0.0,0.0,0.0,0.0,0.0,0.0,0.0,0.0,0.0,0.0,0.0
2015,Outram,600690.0,350350.0,400350.0,400430.0,560610.0,780890.0,10401100.0,930800.0,770710.0,910680.0,910740.0,530550.0,840750.0,760710.0,470460.0,400450.0,240300.0,210410.0,1110010980.0,800.0,2500.0,2600.0,1700.0,900.0,0.0,0.0,7600.0,1820.0,6480.0,5600.0,5350.0,2270.0,0.0,570.0,22080.0,19690.0,61005600.0,23003100.0,100100.0,300.0,100.0,300.0,1200.0,0.0,400.0,400.0,89709060.0,880700.0,980950.0,270280.0,400.0,1200.0,0.0,400.0,1100.0,200.0,200.0,100.0,0.0,300.0,300.0,900.0,800.0,400.0,400.0,500.0,400.0,300.0,0.0,300.0,200.0,8400.0,2100.0,2600.0,1500.0,1400.0,500.0,0.0,0.0,0.0,3300.0,1300.0,3400.0,200.0,0.0,0.0,0.0,900.0,400.0,1900.0,0.0,200.0,0.0,1200.0,0.0,800.0,700.0,0.0,700.0,1200.0,900.0,900.0,0.0,800.0,300.0,0.0,500.0,100.0,11700.0,1300.0,1000.0,100.0,0.0,200.0,1400.0,600.0,0.0,600.0,700.0,400.0,0.0,0.0,900.0,1000.0,400.0,0.0,1000.0,2000.0,3200.0,1600.0,200.0,0.0,100.0,7700.0,1500.0,200.0,600.0,0.0,0.0,0.0,0.0,1400.0,3900.0,0.0,0.0,0.0,0.0,0.0,0.0,0.0,0.0,0.0,5900.0,1200.0,0.0,0.0,0.0,4700.0,0.0,0.0,0.0,0.0,0.0,0.0,0.0,100.0,200.0,0.0,0.0,400600.0,52004800.0,27002400.0,2001100.0,500.0,100.0,0.0,0.0,500.0,200.0,0.0,0.0,0.0,0.0,900.0,0.0,100.0,0.0,300.0,0.0,0.0,0.0,1700.0,1400.0,0.0,200.0,1400.0,3100.0,0.0,0.0,0.0,0.0,3000.0,0.0,200.0,200.0,200.0,0.0,100.0,0.0,5900.0,800.0,600.0,1900.0,4100.0,2100.0,0.0,200.0,1700.0,0.0,5800.0,2600.0
2015,Pasir Ris,29602800.0,46404380.0,63206000.0,69006510.0,46104480.0,38704110.0,41604920.0,49405420.0,57707190.0,72506830.0,54505020.0,36603440.0,37203330.0,22102250.0,10401300.0,7901100.0,510840.0,330810.0,6915070740.0,7700.0,700.0,100.0,12200.0,18200.0,1600.0,100.0,31200.0,23420.0,1200.0,520.0,41280.0,65330.0,7480.0,660.0,139890.0,108330.0,4350034500.0,1360024100.0,16002100.0,4900.0,2600.0,2200.0,10000.0,800.0,9600.0,5000.0,4615047750.0,61505760.0,1412014320.0,27302920.0,300.0,2200.0,0.0,2300.0,1500.0,2200.0,2300.0,1000.0,1700.0,2700.0,1700.0,5700.0,1300.0,1700.0,1600.0,2700.0,2300.0,2300.0,0.0,2200.0,2900.0,40600.0,2900.0,6800.0,7900.0,10900.0,6400.0,0.0,0.0,0.0,4200.0,4700.0,25900.0,3300.0,0.0,0.0,0.0,7000.0,2100.0,4400.0,0.0,1500.0,0.0,7900.0,0.0,4400.0,5700.0,0.0,4300.0,9900.0,9000.0,6600.0,0.0,5500.0,3400.0,0.0,3300.0,2900.0,78000.0,3500.0,3200.0,1000.0,0.0,3600.0,6200.0,3200.0,0.0,3000.0,8700.0,2300.0,0.0,600.0,5500.0,12500.0,1800.0,0.0,10900.0,12100.0,9600.0,13700.0,800.0,0.0,300.0,55000.0,25800.0,1800.0,3000.0,400.0,0.0,0.0,0.0,1800.0,9100.0,0.0,0.0,0.0,0.0,0.0,0.0,0.0,0.0,0.0,66900.0,19900.0,0.0,0.0,0.0,34200.0,0.0,0.0,0.0,0.0,0.0,0.0,500.0,800.0,2000.0,0.0,0.0,13002300.0,3600035200.0,2040019800.0,10003400.0,8600.0,3700.0,0.0,0.0,1400.0,9200.0,0.0,0.0,0.0,0.0,8400.0,0.0,900.0,600.0,2300.0,0.0,0.0,0.0,11600.0,20200.0,900.0,3400.0,6700.0,20200.0,0.0,0.0,0.0,0.0,6100.0,0.0,3900.0,1500.0,1600.0,0.0,1900.0,0.0,32900.0,8700.0,4800.0,25900.0,21600.0,17700.0,300.0,300.0,7300.0,100.0,38400.0,2000.0
2015,Paya Lebar,0.0,0.0,0.0,0.0,0.0,0.0,0.0,0.0,0.0,0.0,0.0,0.0,0.0,0.0,0.0,0.0,0.0,0.0,0.0,,,,,,,,,0.0,0.0,0.0,0.0,0.0,0.0,0.0,40.0,0.0,0.0,0.0,0.0,0.0,0.0,0.0,0.0,0.0,0.0,0.0,0.0,0.0,0.0,0.0,,,,,,,,,,,,,,,,,,,,,,,0.0,0.0,0.0,0.0,0.0,0.0,0.0,0.0,0.0,0.0,0.0,0.0,0.0,0.0,0.0,,,,,,,,,,,,,,,,,,,,,,,0.0,0.0,0.0,0.0,0.0,0.0,0.0,0.0,0.0,0.0,0.0,0.0,0.0,0.0,0.0,0.0,0.0,0.0,0.0,0.0,0.0,0.0,0.0,0.0,0.0,0.0,0.0,0.0,0.0,0.0,0.0,0.0,0.0,0.0,0.0,0.0,0.0,0.0,0.0,0.0,0.0,0.0,0.0,0.0,0.0,0.0,0.0,0.0,0.0,0.0,0.0,0.0,0.0,0.0,0.0,0.0,0.0,0.0,0.0,0.0,0.0,0.0,0.0,0.0,0.0,0.0,0.0,0.0,0.0,0.0,0.0,0.0,0.0,0.0,0.0,0.0,0.0,0.0,0.0,0.0,0.0,0.0,0.0,0.0,0.0,0.0,0.0,0.0,0.0,0.0,0.0,0.0,0.0,0.0,0.0,0.0,0.0,0.0,0.0,0.0,0.0,0.0,0.0,0.0,0.0,0.0,0.0,0.0,0.0,0.0,0.0,0.0
2015,Pioneer,0.0,0.0,0.0,0.0,0.0,0.0,0.0,0.0,0.0,0.0,0.0,0.0,0.0,0.0,0.0,0.0,0.0,0.0,0.0,,,,,,,,,0.0,0.0,0.0,0.0,0.0,0.0,0.0,100.0,0.0,0.0,0.0,0.0,0.0,0.0,0.0,0.0,0.0,0.0,0.0,0.0,0.0,0.0,0.0,,,,,,,,,,,,,,,,,,,,,,,0.0,0.0,0.0,0.0,0.0,0.0,0.0,0.0,0.0,0.0,0.0,0.0,0.0,0.0,0.0,,,,,,,,,,,,,,,,,,,,,,,0.0,0.0,0.0,0.0,0.0,0.0,0.0,0.0,0.0,0.0,0.0,0.0,0.0,0.0,0.0,0.0,0.0,0.0,0.0,0.0,0.0,0.0,0.0,0.0,0.0,0.0,0.0,0.0,0.0,0.0,0.0,0.0,0.0,0.0,0.0,0.0,0.0,0.0,0.0,0.0,0.0,0.0,0.0,0.0,0.0,0.0,0.0,0.0,0.0,0.0,0.0,0.0,0.0,0.0,0.0,0.0,0.0,0.0,0.0,0.0,0.0,0.0,0.0,0.0,0.0,0.0,0.0,0.0,0.0,0.0,0.0,0.0,0.0,0.0,0.0,0.0,0.0,0.0,0.0,0.0,0.0,0.0,0.0,0.0,0.0,0.0,0.0,0.0,0.0,0.0,0.0,0.0,0.0,0.0,0.0,0.0,0.0,0.0,0.0,0.0,0.0,0.0,0.0,0.0,0.0,0.0,0.0,0.0,0.0,0.0,0.0,0.0
2015,Punggol,61405860.0,31703030.0,23302120.0,19402000.0,26904060.0,71308560.0,68806520.0,56304980.0,34503050.0,28902650.0,22802450.0,47404460.0,18302130.0,14201600.0,700860.0,460580.0,270390.0,140380.0,5410055650.0,1400.0,1800.0,1900.0,14700.0,13400.0,0.0,0.0,31800.0,3480.0,4660.0,6530.0,48970.0,45590.0,280.0,250.0,109750.0,105740.0,3300027500.0,620014500.0,900900.0,1500.0,800.0,2300.0,9200.0,200.0,4300.0,1200.0,4189043010.0,39503770.0,71007390.0,11801510.0,600.0,1700.0,0.0,2100.0,900.0,1700.0,2000.0,1800.0,1700.0,3000.0,2100.0,1700.0,1600.0,1400.0,1700.0,1700.0,2000.0,1800.0,0.0,1700.0,2100.0,33200.0,1800.0,7400.0,8900.0,9000.0,3700.0,0.0,0.0,0.0,2500.0,5900.0,21200.0,1800.0,0.0,0.0,0.0,3600.0,1700.0,3200.0,0.0,1500.0,0.0,4600.0,0.0,2800.0,3000.0,0.0,3500.0,7100.0,6200.0,6100.0,0.0,5500.0,4900.0,0.0,3800.0,2800.0,60400.0,2800.0,2200.0,1100.0,0.0,2700.0,5100.0,2500.0,0.0,3100.0,6500.0,2300.0,0.0,700.0,5400.0,8600.0,1400.0,0.0,6100.0,10100.0,8600.0,7300.0,500.0,200.0,100.0,46900.0,8200.0,2400.0,2200.0,300.0,0.0,0.0,0.0,2100.0,9500.0,0.0,0.0,0.0,0.0,0.0,0.0,0.0,0.0,0.0,38600.0,7800.0,0.0,0.0,0.0,34300.0,0.0,0.0,0.0,0.0,0.0,0.0,2300.0,500.0,2100.0,0.0,0.0,12002300.0,3050030700.0,77007500.0,6002300.0,3200.0,2400.0,0.0,0.0,900.0,2500.0,0.0,0.0,0.0,0.0,6900.0,0.0,1900.0,300.0,1500.0,0.0,0.0,0.0,6300.0,15600.0,700.0,2000.0,9000.0,11600.0,0.0,0.0,0.0,0.0,3400.0,0.0,9000.0,800.0,1300.0,0.0,600.0,0.0,28600.0,5500.0,4100.0,8500.0,17800.0,9600.0,400.0,600.0,7800.0,0.0,31900.0,1300.0
2015,Queenstown,23102140.0,22002170.0,23802370.0,25502740.0,28403310.0,33603760.0,35204130.0,39804070.0,36303970.0,37803730.0,32003530.0,22802230.0,28503300.0,25703330.0,16302310.0,15502150.0,9801440.0,6401140.0,4623051820.0,4500.0,3600.0,14400.0,7900.0,4000.0,1100.0,100.0,29900.0,11140.0,9070.0,34190.0,24290.0,14320.0,3740.0,1300.0,98050.0,81870.0,2670022400.0,1130019100.0,9001300.0,1600.0,1500.0,1200.0,5000.0,100.0,3200.0,2300.0,3613041300.0,40503960.0,42104490.0,18702100.0,800.0,6600.0,0.0,1200.0,2500.0,1100.0,1200.0,800.0,1000.0,1000.0,900.0,4000.0,2400.0,1800.0,2200.0,1700.0,1900.0,1700.0,0.0,1500.0,1300.0,35500.0,7500.0,9600.0,7200.0,5900.0,3300.0,0.0,0.0,0.0,10600.0,4800.0,17100.0,1700.0,0.0,0.0,0.0,4100.0,1500.0,4200.0,0.0,1100.0,0.0,5800.0,0.0,3500.0,3200.0,0.0,3100.0,4800.0,4800.0,3800.0,0.0,3200.0,2300.0,0.0,2000.0,1600.0,49200.0,4200.0,2800.0,600.0,0.0,1500.0,4600.0,2100.0,0.0,2200.0,3300.0,1500.0,0.0,500.0,4600.0,7200.0,1600.0,0.0,5400.0,7200.0,12200.0,10300.0,800.0,100.0,400.0,37300.0,7200.0,2700.0,3000.0,200.0,0.0,0.0,0.0,3900.0,14700.0,0.0,0.0,0.0,0.0,0.0,0.0,0.0,0.0,0.0,31500.0,6300.0,0.0,0.0,0.0,22300.0,0.0,0.0,0.0,0.0,0.0,0.0,900.0,700.0,3400.0,0.0,0.0,13002800.0,2270020800.0,1390013500.0,10005700.0,3700.0,1600.0,0.0,0.0,1600.0,3200.0,0.0,0.0,0.0,0.0,2400.0,0.0,500.0,100.0,1400.0,0.0,0.0,0.0,9100.0,9800.0,300.0,1000.0,7800.0,11800.0,0.0,0.0,0.0,0.0,4700.0,0.0,2500.0,100.0,1000.0,0.0,700.0,0.0,25600.0,6300.0,3800.0,8200.0,16500.0,14100.0,300.0,100.0,6800.0,300.0,31700.0,3600.0
2015,River Valley,190230.0,240280.0,180230.0,190280.0,220290.0,250390.0,380490.0,500550.0,450420.0,350330.0,310310.0,230300.0,260250.0,230240.0,120140.0,80100.0,5050.0,5080.0,42604930.0,,,,,,,,,8310.0,0.0,0.0,0.0,0.0,770.0,120.0,9190.0,0.0,0.0,0.0,0.0,0.0,0.0,0.0,0.0,0.0,0.0,0.0,29403520.0,590690.0,4060.0,720690.0,,,,,,,,,,,,,,,,,,,,,,,0.0,0.0,0.0,0.0,0.0,0.0,0.0,0.0,0.0,0.0,0.0,0.0,0.0,0.0,0.0,,,,,,,,,,,,,,,,,,,,,,,0.0,0.0,0.0,0.0,0.0,0.0,0.0,0.0,0.0,0.0,0.0,0.0,0.0,0.0,0.0,0.0,0.0,0.0,0.0,0.0,0.0,0.0,0.0,0.0,0.0,0.0,0.0,0.0,0.0,0.0,0.0,0.0,0.0,0.0,0.0,0.0,0.0,0.0,0.0,0.0,0.0,0.0,0.0,0.0,0.0,0.0,0.0,0.0,0.0,0.0,0.0,0.0,0.0,0.0,0.0,0.0,0.0,0.0,0.0,0.0,0.0,0.0,0.0,0.0,0.0,0.0,0.0,0.0,0.0,0.0,0.0,0.0,0.0,0.0,0.0,0.0,0.0,0.0,0.0,0.0,0.0,0.0,0.0,0.0,0.0,0.0,0.0,0.0,0.0,0.0,0.0,0.0,0.0,0.0,0.0,0.0,0.0,0.0,0.0,0.0,0.0,0.0,0.0,0.0,0.0,0.0,0.0,0.0,0.0,0.0,0.0,0.0
2015,Rochor,270280.0,270310.0,320290.0,310390.0,450440.0,520530.0,660620.0,680580.0,560500.0,630480.0,610520.0,280290.0,510550.0,420490.0,300320.0,230280.0,180170.0,240160.0,74107180.0,,,,,,,,,2010.0,820.0,4980.0,4770.0,800.0,150.0,1060.0,14590.0,11370.0,0.0,0.0,0.0,0.0,0.0,0.0,0.0,0.0,0.0,0.0,51005370.0,17101260.0,320330.0,280250.0,,,,,,,,,,,,,,,,,,,,,,,0.0,0.0,0.0,0.0,0.0,0.0,0.0,0.0,0.0,0.0,0.0,0.0,0.0,0.0,0.0,,,,,,,,,,,,,,,,,,,,,,,0.0,0.0,0.0,0.0,0.0,0.0,0.0,0.0,0.0,0.0,0.0,0.0,0.0,0.0,0.0,0.0,0.0,0.0,0.0,0.0,0.0,0.0,0.0,0.0,0.0,0.0,0.0,0.0,0.0,0.0,0.0,0.0,0.0,0.0,0.0,0.0,0.0,0.0,0.0,0.0,0.0,0.0,0.0,0.0,0.0,0.0,0.0,0.0,0.0,0.0,0.0,0.0,0.0,0.0,0.0,0.0,0.0,0.0,0.0,0.0,0.0,0.0,0.0,0.0,0.0,0.0,0.0,0.0,0.0,0.0,0.0,0.0,0.0,0.0,0.0,0.0,0.0,0.0,0.0,0.0,0.0,0.0,0.0,0.0,0.0,0.0,0.0,0.0,0.0,0.0,0.0,0.0,0.0,0.0,0.0,0.0,0.0,0.0,0.0,0.0,0.0,0.0,0.0,0.0,0.0,0.0,0.0,0.0,0.0,0.0,0.0,0.0
2015,Seletar,100.0,1010.0,1010.0,10.0,0.0,0.0,1010.0,2020.0,2020.0,2020.0,1010.0,1010.0,1010.0,0.0,0.0,0.0,0.0,0.0,140140.0,,,,,,,,,0.0,0.0,0.0,0.0,0.0,250.0,20.0,270.0,0.0,0.0,0.0,0.0,0.0,0.0,0.0,0.0,0.0,0.0,0.0,8090.0,2010.0,0.0,3030.0,,,,,,,,,,,,,,,,,,,,,,,0.0,0.0,0.0,0.0,0.0,0.0,0.0,0.0,0.0,0.0,0.0,0.0,0.0,0.0,0.0,,,,,,,,,,,,,,,,,,,,,,,0.0,0.0,0.0,0.0,0.0,0.0,0.0,0.0,0.0,0.0,0.0,0.0,0.0,0.0,0.0,0.0,0.0,0.0,0.0,0.0,0.0,0.0,0.0,0.0,0.0,0.0,0.0,0.0,0.0,0.0,0.0,0.0,0.0,0.0,0.0,0.0,0.0,0.0,0.0,0.0,0.0,0.0,0.0,0.0,0.0,0.0,0.0,0.0,0.0,0.0,0.0,0.0,0.0,0.0,0.0,0.0,0.0,0.0,0.0,0.0,0.0,0.0,0.0,0.0,0.0,0.0,0.0,0.0,0.0,0.0,0.0,0.0,0.0,0.0,0.0,0.0,0.0,0.0,0.0,0.0,0.0,0.0,0.0,0.0,0.0,0.0,0.0,0.0,0.0,0.0,0.0,0.0,0.0,0.0,0.0,0.0,0.0,0.0,0.0,0.0,0.0,0.0,0.0,0.0,0.0,0.0,0.0,0.0,0.0,0.0,0.0,0.0
2015,Sembawang,22702190.0,27802590.0,25002320.0,23002200.0,25202600.0,29303440.0,34003810.0,37203940.0,31502960.0,29302740.0,24702420.0,27602640.0,17601680.0,10701140.0,560720.0,400530.0,240380.0,160330.0,3791038620.0,1000.0,500.0,300.0,9300.0,10900.0,1100.0,0.0,21100.0,2170.0,1760.0,930.0,29150.0,38170.0,3770.0,580.0,76530.0,70010.0,2600021300.0,560010900.0,800400.0,2000.0,900.0,1600.0,7100.0,100.0,4100.0,2200.0,2740028200.0,37403440.0,50505260.0,16401680.0,100.0,700.0,0.0,1600.0,500.0,1200.0,900.0,1000.0,800.0,1800.0,1000.0,1900.0,1100.0,1200.0,1200.0,2000.0,1500.0,1600.0,0.0,1700.0,1400.0,23100.0,1400.0,4300.0,5100.0,6300.0,3200.0,0.0,0.0,0.0,1800.0,3100.0,15400.0,1300.0,0.0,0.0,0.0,3200.0,1400.0,3600.0,0.0,700.0,0.0,2300.0,0.0,3000.0,4100.0,0.0,2600.0,6600.0,4400.0,4500.0,0.0,3700.0,3200.0,0.0,2200.0,1700.0,47300.0,2500.0,2200.0,1000.0,0.0,2900.0,3300.0,2900.0,0.0,2000.0,6500.0,1600.0,0.0,600.0,3100.0,6400.0,700.0,0.0,3300.0,8300.0,8300.0,3700.0,300.0,100.0,0.0,32800.0,8700.0,2100.0,3000.0,200.0,0.0,0.0,0.0,1500.0,7500.0,0.0,0.0,0.0,0.0,0.0,0.0,0.0,0.0,0.0,24200.0,6700.0,0.0,0.0,0.0,32400.0,0.0,0.0,0.0,0.0,0.0,0.0,600.0,600.0,2300.0,0.0,0.0,7001400.0,2120020700.0,101008400.0,3002000.0,1800.0,1700.0,0.0,0.0,2400.0,4500.0,0.0,0.0,0.0,0.0,6000.0,0.0,200.0,100.0,1100.0,0.0,0.0,0.0,4100.0,8600.0,800.0,1800.0,11000.0,12800.0,0.0,0.0,0.0,0.0,3300.0,0.0,2700.0,800.0,1000.0,0.0,200.0,0.0,22100.0,3200.0,2500.0,8800.0,13000.0,9100.0,200.0,400.0,5700.0,100.0,22100.0,900.0
2015,Sengkang,78807460.0,65006130.0,61005730.0,54505420.0,64607870.0,971011430.0,1027010820.0,97909450.0,76807030.0,68906740.0,62906350.0,77007480.0,46104660.0,30903350.0,15701790.0,10201390.0,490970.0,330830.0,101790104890.0,4500.0,1800.0,2200.0,28000.0,27500.0,500.0,0.0,59500.0,11340.0,5430.0,7320.0,88840.0,91690.0,1570.0,490.0,206680.0,193280.0,6760056700.0,1650032700.0,22002200.0,5000.0,3100.0,4900.0,19300.0,600.0,13400.0,3400.0,7906081520.0,92308970.0,1113011460.0,23802940.0,600.0,2200.0,0.0,3200.0,2500.0,3400.0,3400.0,2300.0,2100.0,4500.0,2700.0,6000.0,3900.0,3200.0,4100.0,3900.0,4100.0,4800.0,0.0,4000.0,3900.0,64600.0,3000.0,13400.0,14500.0,17400.0,10100.0,0.0,0.0,0.0,4200.0,10400.0,42000.0,4100.0,0.0,0.0,0.0,7500.0,4000.0,7900.0,0.0,2300.0,0.0,9300.0,0.0,7700.0,9900.0,0.0,8000.0,16400.0,14200.0,11100.0,0.0,8800.0,7400.0,0.0,6200.0,3700.0,124300.0,7700.0,4800.0,2700.0,0.0,6000.0,11100.0,5800.0,0.0,6000.0,12700.0,3100.0,0.0,1400.0,9100.0,17300.0,2600.0,0.0,12100.0,21700.0,22300.0,11800.0,1200.0,100.0,200.0,98300.0,18400.0,3700.0,7700.0,1100.0,0.0,0.0,0.0,4500.0,21300.0,0.0,0.0,0.0,0.0,0.0,0.0,0.0,0.0,0.0,73100.0,17700.0,0.0,0.0,0.0,83000.0,0.0,0.0,0.0,0.0,0.0,0.0,2000.0,1000.0,8000.0,0.0,0.0,12004400.0,6170060500.0,2240021900.0,11004800.0,11300.0,5400.0,0.0,0.0,2500.0,6100.0,0.0,0.0,0.0,0.0,15100.0,0.0,4700.0,1400.0,3100.0,0.0,0.0,0.0,17400.0,25700.0,2300.0,4500.0,20900.0,22500.0,0.0,0.0,0.0,0.0,8200.0,0.0,16800.0,2100.0,2500.0,0.0,1100.0,0.0,70800.0,11600.0,9900.0,19200.0,34300.0,14600.0,400.0,200.0,16800.0,100.0,62200.0,2300.0
2015,Serangoon,20901980.0,32103000.0,40803650.0,46604500.0,45604490.0,36203900.0,34903970.0,39804560.0,40804690.0,46905350.0,51805610.0,26002480.0,45404620.0,33303520.0,16901990.0,13001680.0,7901140.0,5101150.0,5838062290.0,5300.0,300.0,4700.0,10600.0,6700.0,11000.0,300.0,22400.0,13600.0,1060.0,11140.0,35320.0,22890.0,35530.0,1130.0,120670.0,70420.0,3570032600.0,1420024400.0,15001000.0,1800.0,2000.0,1300.0,7100.0,200.0,6100.0,4200.0,4887052570.0,53805370.0,25802590.0,15601740.0,600.0,4500.0,0.0,1200.0,1500.0,1500.0,1300.0,1300.0,700.0,2400.0,1500.0,8300.0,1500.0,1600.0,1900.0,2200.0,1700.0,1800.0,0.0,1800.0,1700.0,39000.0,4000.0,8100.0,7700.0,8900.0,5600.0,0.0,0.0,0.0,6100.0,4500.0,23300.0,2400.0,0.0,0.0,0.0,4600.0,1900.0,5900.0,0.0,1700.0,0.0,10700.0,0.0,3900.0,4400.0,0.0,3200.0,8700.0,6500.0,6100.0,0.0,3800.0,2800.0,0.0,2200.0,1800.0,68200.0,3400.0,2800.0,900.0,0.0,3300.0,6400.0,4200.0,0.0,2900.0,5500.0,2400.0,0.0,700.0,6000.0,10900.0,1900.0,0.0,4900.0,12000.0,12600.0,13400.0,600.0,100.0,200.0,59400.0,8300.0,1900.0,4800.0,0.0,0.0,0.0,0.0,3100.0,12800.0,0.0,0.0,0.0,0.0,0.0,0.0,0.0,0.0,0.0,59700.0,4400.0,0.0,0.0,0.0,33500.0,0.0,0.0,0.0,0.0,0.0,0.0,1500.0,500.0,3200.0,0.0,0.0,10002500.0,3040030300.0,1920019600.0,8005600.0,4500.0,4100.0,0.0,0.0,1900.0,5900.0,0.0,0.0,0.0,0.0,3100.0,0.0,800.0,200.0,1700.0,0.0,0.0,0.0,9800.0,20200.0,1000.0,1300.0,8300.0,17600.0,0.0,0.0,0.0,0.0,5400.0,0.0,2500.0,200.0,700.0,0.0,1200.0,0.0,31500.0,11400.0,6000.0,7400.0,21700.0,18600.0,400.0,400.0,12100.0,400.0,36300.0,2300.0
2015,Simpang,0.0,0.0,0.0,0.0,0.0,0.0,0.0,0.0,0.0,0.0,0.0,0.0,0.0,0.0,0.0,0.0,0.0,0.0,0.0,,,,,,,,,0.0,0.0,0.0,0.0,0.0,0.0,0.0,0.0,0.0,0.0,0.0,0.0,0.0,0.0,0.0,0.0,0.0,0.0,0.0,0.0,0.0,0.0,0.0,,,,,,,,,,,,,,,,,,,,,,,0.0,0.0,0.0,0.0,0.0,0.0,0.0,0.0,0.0,0.0,0.0,0.0,0.0,0.0,0.0,,,,,,,,,,,,,,,,,,,,,,,0.0,0.0,0.0,0.0,0.0,0.0,0.0,0.0,0.0,0.0,0.0,0.0,0.0,0.0,0.0,0.0,0.0,0.0,0.0,0.0,0.0,0.0,0.0,0.0,0.0,0.0,0.0,0.0,0.0,0.0,0.0,0.0,0.0,0.0,0.0,0.0,0.0,0.0,0.0,0.0,0.0,0.0,0.0,0.0,0.0,0.0,0.0,0.0,0.0,0.0,0.0,0.0,0.0,0.0,0.0,0.0,0.0,0.0,0.0,0.0,0.0,0.0,0.0,0.0,0.0,0.0,0.0,0.0,0.0,0.0,0.0,0.0,0.0,0.0,0.0,0.0,0.0,0.0,0.0,0.0,0.0,0.0,0.0,0.0,0.0,0.0,0.0,0.0,0.0,0.0,0.0,0.0,0.0,0.0,0.0,0.0,0.0,0.0,0.0,0.0,0.0,0.0,0.0,0.0,0.0,0.0,0.0,0.0,0.0,0.0,0.0,0.0
2015,Singapore River,80120.0,5070.0,4050.0,4050.0,3060.0,110170.0,180180.0,200210.0,140120.0,11080.0,7070.0,8090.0,5050.0,5040.0,3020.0,2020.0,1010.0,2010.0,13101410.0,,,,,,,,,2560.0,0.0,0.0,0.0,0.0,0.0,170.0,2720.0,0.0,0.0,0.0,0.0,0.0,0.0,0.0,0.0,0.0,0.0,0.0,8401030.0,120110.0,1010.0,350270.0,,,,,,,,,,,,,,,,,,,,,,,0.0,0.0,0.0,0.0,0.0,0.0,0.0,0.0,0.0,0.0,0.0,0.0,0.0,0.0,0.0,,,,,,,,,,,,,,,,,,,,,,,0.0,0.0,0.0,0.0,0.0,0.0,0.0,0.0,0.0,0.0,0.0,0.0,0.0,0.0,0.0,0.0,0.0,0.0,0.0,0.0,0.0,0.0,0.0,0.0,0.0,0.0,0.0,0.0,0.0,0.0,0.0,0.0,0.0,0.0,0.0,0.0,0.0,0.0,0.0,0.0,0.0,0.0,0.0,0.0,0.0,0.0,0.0,0.0,0.0,0.0,0.0,0.0,0.0,0.0,0.0,0.0,0.0,0.0,0.0,0.0,0.0,0.0,0.0,0.0,0.0,0.0,0.0,0.0,0.0,0.0,0.0,0.0,0.0,0.0,0.0,0.0,0.0,0.0,0.0,0.0,0.0,0.0,0.0,0.0,0.0,0.0,0.0,0.0,0.0,0.0,0.0,0.0,0.0,0.0,0.0,0.0,0.0,0.0,0.0,0.0,0.0,0.0,0.0,0.0,0.0,0.0,0.0,0.0,0.0,0.0,0.0,0.0
2015,Southern Islands,5040.0,4050.0,2060.0,4050.0,3040.0,2040.0,6060.0,7090.0,100100.0,11070.0,7040.0,3050.0,4030.0,2020.0,1010.0,1010.0,0.0,0.0,720760.0,,,,,,,,,890.0,0.0,0.0,0.0,0.0,550.0,40.0,1480.0,0.0,0.0,0.0,0.0,0.0,0.0,0.0,0.0,0.0,0.0,0.0,360440.0,7070.0,1020.0,280220.0,,,,,,,,,,,,,,,,,,,,,,,0.0,0.0,0.0,0.0,0.0,0.0,0.0,0.0,0.0,0.0,0.0,0.0,0.0,0.0,0.0,,,,,,,,,,,,,,,,,,,,,,,0.0,0.0,0.0,0.0,0.0,0.0,0.0,0.0,0.0,0.0,0.0,0.0,0.0,0.0,0.0,0.0,0.0,0.0,0.0,0.0,0.0,0.0,0.0,0.0,0.0,0.0,0.0,0.0,0.0,0.0,0.0,0.0,0.0,0.0,0.0,0.0,0.0,0.0,0.0,0.0,0.0,0.0,0.0,0.0,0.0,0.0,0.0,0.0,0.0,0.0,0.0,0.0,0.0,0.0,0.0,0.0,0.0,0.0,0.0,0.0,0.0,0.0,0.0,0.0,0.0,0.0,0.0,0.0,0.0,0.0,0.0,0.0,0.0,0.0,0.0,0.0,0.0,0.0,0.0,0.0,0.0,0.0,0.0,0.0,0.0,0.0,0.0,0.0,0.0,0.0,0.0,0.0,0.0,0.0,0.0,0.0,0.0,0.0,0.0,0.0,0.0,0.0,0.0,0.0,0.0,0.0,0.0,0.0,0.0,0.0,0.0,0.0
2015,Straits View,0.0,0.0,0.0,0.0,0.0,0.0,0.0,0.0,0.0,0.0,0.0,0.0,0.0,0.0,0.0,0.0,0.0,0.0,0.0,,,,,,,,,0.0,0.0,0.0,0.0,0.0,0.0,0.0,0.0,0.0,0.0,0.0,0.0,0.0,0.0,0.0,0.0,0.0,0.0,0.0,,,,,,,,,,,,,,,,,,,,,,,,,,,0.0,0.0,0.0,0.0,0.0,0.0,0.0,0.0,0.0,0.0,0.0,0.0,0.0,0.0,0.0,,,,,,,,,,,,,,,,,,,,,,,0.0,0.0,0.0,0.0,0.0,0.0,0.0,0.0,0.0,0.0,0.0,0.0,0.0,0.0,0.0,0.0,0.0,0.0,0.0,0.0,0.0,0.0,0.0,0.0,0.0,0.0,0.0,0.0,0.0,0.0,0.0,0.0,0.0,0.0,0.0,0.0,0.0,0.0,0.0,0.0,0.0,0.0,0.0,0.0,0.0,0.0,0.0,0.0,0.0,0.0,0.0,0.0,0.0,0.0,0.0,0.0,0.0,0.0,0.0,0.0,0.0,0.0,0.0,0.0,0.0,0.0,0.0,0.0,0.0,0.0,0.0,0.0,0.0,0.0,0.0,0.0,0.0,0.0,0.0,0.0,0.0,0.0,0.0,0.0,0.0,0.0,0.0,0.0,0.0,0.0,0.0,0.0,0.0,0.0,0.0,0.0,0.0,0.0,0.0,0.0,0.0,0.0,0.0,0.0,0.0,0.0,0.0,0.0,0.0,0.0,0.0,0.0
2015,Sungei Kadut,2010.0,2020.0,2030.0,2020.0,3020.0,3020.0,2020.0,4020.0,4030.0,2030.0,4030.0,2010.0,3020.0,3030.0,2020.0,2020.0,1020.0,1040.0,430420.0,,,,,,,,,0.0,0.0,0.0,0.0,0.0,660.0,190.0,850.0,0.0,0.0,0.0,0.0,0.0,0.0,0.0,0.0,0.0,0.0,0.0,320340.0,5050.0,0.0,1020.0,,,,,,,,,,,,,,,,,,,,,,,0.0,0.0,0.0,0.0,0.0,0.0,0.0,0.0,0.0,0.0,0.0,0.0,0.0,0.0,0.0,,,,,,,,,,,,,,,,,,,,,,,0.0,0.0,0.0,0.0,0.0,0.0,0.0,0.0,0.0,0.0,0.0,0.0,0.0,0.0,0.0,0.0,0.0,0.0,0.0,0.0,0.0,0.0,0.0,0.0,0.0,0.0,0.0,0.0,0.0,0.0,0.0,0.0,0.0,0.0,0.0,0.0,0.0,0.0,0.0,0.0,0.0,0.0,0.0,0.0,0.0,0.0,0.0,0.0,0.0,0.0,0.0,0.0,0.0,0.0,0.0,0.0,0.0,0.0,0.0,0.0,0.0,0.0,0.0,0.0,0.0,0.0,0.0,0.0,0.0,0.0,0.0,0.0,0.0,0.0,0.0,0.0,0.0,0.0,0.0,0.0,0.0,0.0,0.0,0.0,0.0,0.0,0.0,0.0,0.0,0.0,0.0,0.0,0.0,0.0,0.0,0.0,0.0,0.0,0.0,0.0,0.0,0.0,0.0,0.0,0.0,0.0,0.0,0.0,0.0,0.0,0.0,0.0
2015,Tampines,58505360.0,70206800.0,94008790.0,1097010410.0,1030010120.0,90909730.0,87309270.0,87309580.0,926010580.0,1090011910.0,1096011530.0,63205940.0,88608500.0,57505720.0,25302970.0,18302480.0,10501780.0,6601580.0,128200133030.0,9000.0,2500.0,13600.0,29400.0,23700.0,1300.0,200.0,69300.0,23540.0,4820.0,35290.0,103340.0,88400.0,4630.0,1220.0,261230.0,231850.0,8620066600.0,2470047500.0,30003700.0,6700.0,4200.0,2900.0,15900.0,1100.0,13800.0,7900.0,8561089860.0,1101010550.0,2776028250.0,38104380.0,1400.0,5300.0,0.0,4200.0,3400.0,3600.0,2800.0,2500.0,3000.0,4600.0,3800.0,7600.0,4100.0,4700.0,5200.0,4900.0,5000.0,4900.0,0.0,4200.0,4800.0,79900.0,8100.0,15000.0,16800.0,20600.0,10300.0,0.0,0.0,0.0,11700.0,9600.0,48200.0,4700.0,0.0,0.0,0.0,13000.0,3700.0,12700.0,0.0,2600.0,0.0,11600.0,0.0,10500.0,11700.0,0.0,10300.0,20600.0,16900.0,12800.0,0.0,10100.0,7100.0,0.0,5600.0,3400.0,152800.0,9200.0,8400.0,2800.0,0.0,6600.0,12800.0,7000.0,0.0,7800.0,14600.0,3700.0,0.0,1500.0,9300.0,22400.0,4200.0,0.0,18800.0,23800.0,25600.0,18200.0,3600.0,300.0,200.0,103100.0,52000.0,5300.0,5700.0,500.0,0.0,0.0,0.0,5900.0,24000.0,0.0,0.0,0.0,0.0,0.0,0.0,0.0,0.0,0.0,95200.0,44900.0,0.0,0.0,0.0,75200.0,0.0,0.0,0.0,0.0,0.0,0.0,2800.0,1900.0,4800.0,0.0,0.0,28005400.0,6760065400.0,4150037100.0,20009900.0,15100.0,4400.0,0.0,0.0,2800.0,11700.0,0.0,0.0,0.0,0.0,11700.0,0.0,1100.0,1400.0,4000.0,0.0,0.0,0.0,31100.0,30200.0,2500.0,6600.0,15700.0,37600.0,0.0,0.0,0.0,0.0,12200.0,0.0,6600.0,2500.0,5000.0,0.0,2500.0,0.0,71100.0,13600.0,8600.0,54500.0,37000.0,25700.0,300.0,1300.0,19700.0,300.0,76100.0,3500.0
2015,Tanglin,450480.0,510600.0,430580.0,440530.0,380500.0,450690.0,670910.0,9201070.0,880920.0,770760.0,610660.0,580720.0,550590.0,460470.0,270270.0,170210.0,120140.0,110160.0,877010230.0,6200.0,0.0,0.0,0.0,100.0,600.0,0.0,200.0,14020.0,0.0,40.0,210.0,270.0,4160.0,300.0,19000.0,520.0,50004000.0,15003800.0,0.0,0.0,300.0,100.0,1800.0,0.0,700.0,500.0,64207750.0,9201010.0,80110.0,13701360.0,100.0,1000.0,0.0,100.0,100.0,100.0,200.0,0.0,200.0,400.0,0.0,3600.0,200.0,200.0,300.0,100.0,200.0,200.0,0.0,300.0,100.0,7000.0,1200.0,1300.0,1300.0,1400.0,1100.0,0.0,0.0,0.0,1600.0,1400.0,3400.0,300.0,0.0,0.0,0.0,600.0,300.0,100.0,0.0,100.0,0.0,4800.0,0.0,0.0,300.0,0.0,100.0,400.0,800.0,300.0,0.0,200.0,500.0,0.0,400.0,100.0,9000.0,400.0,200.0,100.0,0.0,0.0,1900.0,800.0,0.0,200.0,900.0,100.0,0.0,0.0,1200.0,1100.0,300.0,0.0,0.0,1700.0,600.0,4200.0,0.0,100.0,0.0,5700.0,800.0,1100.0,0.0,0.0,0.0,0.0,0.0,100.0,1100.0,0.0,0.0,0.0,0.0,0.0,0.0,0.0,0.0,0.0,12100.0,400.0,0.0,0.0,0.0,1100.0,0.0,0.0,0.0,0.0,0.0,0.0,300.0,400.0,0.0,0.0,0.0,200300.0,48004800.0,14002200.0,100500.0,300.0,1200.0,0.0,0.0,0.0,200.0,0.0,0.0,0.0,0.0,500.0,0.0,0.0,200.0,900.0,0.0,0.0,0.0,800.0,4900.0,0.0,100.0,300.0,1200.0,0.0,0.0,0.0,0.0,500.0,0.0,200.0,300.0,100.0,0.0,600.0,0.0,2800.0,2300.0,1500.0,300.0,3200.0,3700.0,100.0,0.0,500.0,200.0,4900.0,1900.0
2015,Tengah,0.0,0.0,0.0,0.0,0.0,0.0,0.0,0.0,0.0,0.0,0.0,0.0,0.0,0.0,0.0,0.0,0.0,0.0,0.0,,,,,,,,,0.0,0.0,0.0,0.0,0.0,0.0,0.0,10.0,0.0,0.0,0.0,0.0,0.0,0.0,0.0,0.0,0.0,0.0,0.0,0.0,0.0,0.0,0.0,,,,,,,,,,,,,,,,,,,,,,,0.0,0.0,0.0,0.0,0.0,0.0,0.0,0.0,0.0,0.0,0.0,0.0,0.0,0.0,0.0,,,,,,,,,,,,,,,,,,,,,,,0.0,0.0,0.0,0.0,0.0,0.0,0.0,0.0,0.0,0.0,0.0,0.0,0.0,0.0,0.0,0.0,0.0,0.0,0.0,0.0,0.0,0.0,0.0,0.0,0.0,0.0,0.0,0.0,0.0,0.0,0.0,0.0,0.0,0.0,0.0,0.0,0.0,0.0,0.0,0.0,0.0,0.0,0.0,0.0,0.0,0.0,0.0,0.0,0.0,0.0,0.0,0.0,0.0,0.0,0.0,0.0,0.0,0.0,0.0,0.0,0.0,0.0,0.0,0.0,0.0,0.0,0.0,0.0,0.0,0.0,0.0,0.0,0.0,0.0,0.0,0.0,0.0,0.0,0.0,0.0,0.0,0.0,0.0,0.0,0.0,0.0,0.0,0.0,0.0,0.0,0.0,0.0,0.0,0.0,0.0,0.0,0.0,0.0,0.0,0.0,0.0,0.0,0.0,0.0,0.0,0.0,0.0,0.0,0.0,0.0,0.0,0.0
2015,Toa Payoh,26102430.0,29602790.0,32803190.0,36903640.0,36403980.0,38904550.0,42604780.0,48505280.0,46004830.0,48004930.0,49204990.0,29402720.0,40004290.0,33404070.0,22102830.0,19102600.0,11201680.0,8201540.0,5984065100.0,3100.0,4900.0,15200.0,10000.0,6800.0,1800.0,500.0,37700.0,8340.0,11520.0,38300.0,31270.0,25010.0,5870.0,1690.0,124940.0,109040.0,3580033100.0,1400022100.0,16001300.0,2800.0,1200.0,1000.0,7300.0,300.0,5400.0,2700.0,4863053620.0,47204580.0,49104990.0,16001920.0,1600.0,6000.0,0.0,1200.0,3800.0,1100.0,800.0,1100.0,800.0,2100.0,1300.0,4700.0,3100.0,2600.0,2800.0,1900.0,2300.0,1900.0,0.0,1700.0,2300.0,43100.0,7500.0,11600.0,9200.0,7400.0,4400.0,0.0,0.0,0.0,11100.0,7100.0,21000.0,2100.0,0.0,0.0,0.0,6300.0,1900.0,6300.0,0.0,1400.0,0.0,6100.0,0.0,5000.0,5200.0,0.0,4900.0,8400.0,7100.0,5400.0,0.0,3600.0,2900.0,0.0,2500.0,1900.0,68900.0,6300.0,4500.0,1200.0,0.0,3200.0,5900.0,3400.0,0.0,2900.0,5800.0,2900.0,0.0,400.0,5700.0,8200.0,2000.0,0.0,5000.0,11500.0,18600.0,12500.0,1000.0,100.0,400.0,50600.0,7600.0,1800.0,4300.0,300.0,0.0,0.0,0.0,4500.0,18000.0,0.0,0.0,0.0,0.0,0.0,0.0,0.0,0.0,0.0,41100.0,6400.0,0.0,0.0,0.0,37700.0,0.0,0.0,0.0,0.0,0.0,0.0,700.0,800.0,4200.0,0.0,0.0,20003200.0,2980028800.0,1830018800.0,12005800.0,5000.0,2400.0,0.0,0.0,1200.0,5200.0,0.0,0.0,0.0,0.0,4100.0,0.0,900.0,100.0,1700.0,0.0,0.0,0.0,11400.0,11200.0,900.0,1600.0,11500.0,19700.0,0.0,0.0,0.0,0.0,7100.0,0.0,2500.0,800.0,1500.0,0.0,700.0,0.0,37200.0,9900.0,5400.0,8200.0,21700.0,14700.0,200.0,100.0,10500.0,200.0,36800.0,6100.0
2015,Tuas,0.0,0.0,0.0,0.0,0.0,0.0,0.0,0.0,0.0,0.0,0.0,0.0,0.0,0.0,0.0,0.0,0.0,0.0,0.0,,,,,,,,,0.0,0.0,0.0,0.0,0.0,0.0,0.0,70.0,0.0,0.0,0.0,0.0,0.0,0.0,0.0,0.0,0.0,0.0,0.0,0.0,0.0,0.0,0.0,,,,,,,,,,,,,,,,,,,,,,,0.0,0.0,0.0,0.0,0.0,0.0,0.0,0.0,0.0,0.0,0.0,0.0,0.0,0.0,0.0,,,,,,,,,,,,,,,,,,,,,,,0.0,0.0,0.0,0.0,0.0,0.0,0.0,0.0,0.0,0.0,0.0,0.0,0.0,0.0,0.0,0.0,0.0,0.0,0.0,0.0,0.0,0.0,0.0,0.0,0.0,0.0,0.0,0.0,0.0,0.0,0.0,0.0,0.0,0.0,0.0,0.0,0.0,0.0,0.0,0.0,0.0,0.0,0.0,0.0,0.0,0.0,0.0,0.0,0.0,0.0,0.0,0.0,0.0,0.0,0.0,0.0,0.0,0.0,0.0,0.0,0.0,0.0,0.0,0.0,0.0,0.0,0.0,0.0,0.0,0.0,0.0,0.0,0.0,0.0,0.0,0.0,0.0,0.0,0.0,0.0,0.0,0.0,0.0,0.0,0.0,0.0,0.0,0.0,0.0,0.0,0.0,0.0,0.0,0.0,0.0,0.0,0.0,0.0,0.0,0.0,0.0,0.0,0.0,0.0,0.0,0.0,0.0,0.0,0.0,0.0,0.0,0.0
2015,Western Islands,0.0,0.0,0.0,0.0,0.0,0.0,0.0,0.0,0.0,0.0,0.0,0.0,0.0,0.0,0.0,0.0,0.0,0.0,0.0,,,,,,,,,0.0,0.0,0.0,0.0,0.0,0.0,0.0,0.0,0.0,0.0,0.0,0.0,0.0,0.0,0.0,0.0,0.0,0.0,0.0,0.0,0.0,0.0,0.0,,,,,,,,,,,,,,,,,,,,,,,0.0,0.0,0.0,0.0,0.0,0.0,0.0,0.0,0.0,0.0,0.0,0.0,0.0,0.0,0.0,,,,,,,,,,,,,,,,,,,,,,,0.0,0.0,0.0,0.0,0.0,0.0,0.0,0.0,0.0,0.0,0.0,0.0,0.0,0.0,0.0,0.0,0.0,0.0,0.0,0.0,0.0,0.0,0.0,0.0,0.0,0.0,0.0,0.0,0.0,0.0,0.0,0.0,0.0,0.0,0.0,0.0,0.0,0.0,0.0,0.0,0.0,0.0,0.0,0.0,0.0,0.0,0.0,0.0,0.0,0.0,0.0,0.0,0.0,0.0,0.0,0.0,0.0,0.0,0.0,0.0,0.0,0.0,0.0,0.0,0.0,0.0,0.0,0.0,0.0,0.0,0.0,0.0,0.0,0.0,0.0,0.0,0.0,0.0,0.0,0.0,0.0,0.0,0.0,0.0,0.0,0.0,0.0,0.0,0.0,0.0,0.0,0.0,0.0,0.0,0.0,0.0,0.0,0.0,0.0,0.0,0.0,0.0,0.0,0.0,0.0,0.0,0.0,0.0,0.0,0.0,0.0,0.0
2015,Western Water Catchment,3020.0,3030.0,2020.0,20110.0,3050.0,2030.0,4040.0,5050.0,3030.0,4030.0,4020.0,2020.0,2010.0,100.0,1010.0,0.0,10.0,30.0,400500.0,,,,,,,,,0.0,0.0,0.0,0.0,0.0,0.0,900.0,900.0,0.0,0.0,0.0,0.0,0.0,0.0,0.0,0.0,0.0,0.0,0.0,320410.0,4050.0,0.0,3040.0,,,,,,,,,,,,,,,,,,,,,,,0.0,0.0,0.0,0.0,0.0,0.0,0.0,0.0,0.0,0.0,0.0,0.0,0.0,0.0,0.0,,,,,,,,,,,,,,,,,,,,,,,0.0,0.0,0.0,0.0,0.0,0.0,0.0,0.0,0.0,0.0,0.0,0.0,0.0,0.0,0.0,0.0,0.0,0.0,0.0,0.0,0.0,0.0,0.0,0.0,0.0,0.0,0.0,0.0,0.0,0.0,0.0,0.0,0.0,0.0,0.0,0.0,0.0,0.0,0.0,0.0,0.0,0.0,0.0,0.0,0.0,0.0,0.0,0.0,0.0,0.0,0.0,0.0,0.0,0.0,0.0,0.0,0.0,0.0,0.0,0.0,0.0,0.0,0.0,0.0,0.0,0.0,0.0,0.0,0.0,0.0,0.0,0.0,0.0,0.0,0.0,0.0,0.0,0.0,0.0,0.0,0.0,0.0,0.0,0.0,0.0,0.0,0.0,0.0,0.0,0.0,0.0,0.0,0.0,0.0,0.0,0.0,0.0,0.0,0.0,0.0,0.0,0.0,0.0,0.0,0.0,0.0,0.0,0.0,0.0,0.0,0.0,0.0
2015,Woodlands,62005770.0,87808210.0,1083010210.0,103209730.0,90008920.0,90609400.0,90009680.0,1001011110.0,1111011120.0,1106010000.0,88008010.0,74007030.0,61105530.0,37603880.0,18702190.0,13801710.0,7901100.0,440810.0,125900124380.0,3400.0,3200.0,6900.0,29900.0,27000.0,100.0,0.0,67000.0,10070.0,7080.0,19040.0,106880.0,105570.0,620.0,1030.0,250290.0,238570.0,7460060200.0,2160040300.0,28002500.0,6300.0,5700.0,3700.0,18400.0,800.0,17900.0,3900.0,7705076690.0,1447013330.0,3135030960.0,29903390.0,1100.0,4500.0,0.0,3400.0,3500.0,2300.0,2600.0,2000.0,2100.0,3300.0,2400.0,3800.0,5100.0,3700.0,6200.0,5500.0,5500.0,4900.0,0.0,4500.0,4200.0,70400.0,5900.0,13300.0,12900.0,18000.0,11200.0,0.0,0.0,0.0,8700.0,9500.0,42000.0,4700.0,0.0,0.0,0.0,10900.0,2200.0,11900.0,0.0,1000.0,0.0,4800.0,0.0,12300.0,13000.0,0.0,11000.0,18200.0,14900.0,11400.0,0.0,9300.0,6100.0,0.0,4900.0,3000.0,134800.0,8500.0,7400.0,2200.0,0.0,9600.0,7100.0,6600.0,0.0,3700.0,22300.0,4700.0,0.0,1700.0,8900.0,17000.0,3000.0,0.0,11300.0,20900.0,32000.0,15600.0,4300.0,400.0,500.0,76000.0,41800.0,2900.0,10100.0,1000.0,0.0,0.0,0.0,3900.0,19400.0,0.0,0.0,0.0,0.0,0.0,0.0,0.0,0.0,0.0,58600.0,41300.0,0.0,0.0,0.0,94000.0,0.0,0.0,0.0,0.0,0.0,0.0,2700.0,1500.0,9300.0,0.0,0.0,22005500.0,6210060500.0,3330030400.0,13006400.0,11900.0,3500.0,0.0,0.0,4600.0,13800.0,0.0,0.0,0.0,0.0,18000.0,0.0,800.0,700.0,2900.0,0.0,0.0,0.0,16100.0,21300.0,3800.0,7400.0,19600.0,41400.0,0.0,0.0,0.0,0.0,10800.0,0.0,5900.0,2900.0,4000.0,0.0,1600.0,0.0,68600.0,7000.0,12800.0,46100.0,28800.0,18500.0,300.0,700.0,19000.0,100.0,65900.0,4400.0
2015,Yishun,52504990.0,54105030.0,62705920.0,73807260.0,83508660.0,83508690.0,75407880.0,74807630.0,73507600.0,85808780.0,78608090.0,50604890.0,62506060.0,40804260.0,21102320.0,14401740.0,7701160.0,4701010.0,99990101980.0,3800.0,2200.0,13700.0,29800.0,11900.0,1400.0,200.0,57500.0,8970.0,4130.0,39960.0,99030.0,43660.0,5290.0,950.0,201970.0,186770.0,6360055700.0,1820031000.0,22001700.0,4000.0,3100.0,3000.0,12400.0,400.0,10000.0,3600.0,7024072060.0,103209930.0,1695016990.0,25203000.0,900.0,4900.0,0.0,2700.0,3900.0,2800.0,1900.0,1700.0,1200.0,2700.0,1900.0,3400.0,4800.0,4300.0,4500.0,4600.0,4200.0,4000.0,0.0,4900.0,3600.0,62900.0,7100.0,13900.0,13600.0,14300.0,8300.0,0.0,0.0,0.0,9800.0,9200.0,35300.0,3800.0,0.0,0.0,0.0,10300.0,2200.0,13100.0,0.0,1300.0,0.0,4500.0,0.0,10300.0,10200.0,0.0,9000.0,18000.0,12300.0,10300.0,0.0,5800.0,4600.0,0.0,4600.0,2800.0,119300.0,9000.0,6900.0,1800.0,0.0,8100.0,6100.0,6900.0,0.0,3300.0,13100.0,4000.0,0.0,1500.0,7500.0,15700.0,3100.0,0.0,10700.0,21600.0,28000.0,12100.0,2700.0,100.0,500.0,74700.0,27100.0,3400.0,9900.0,1000.0,0.0,0.0,0.0,5800.0,21100.0,0.0,0.0,0.0,0.0,0.0,0.0,0.0,0.0,0.0,51400.0,25200.0,0.0,0.0,0.0,75500.0,0.0,0.0,0.0,0.0,0.0,0.0,2000.0,1000.0,7700.0,0.0,0.0,28005600.0,5180051100.0,2780025000.0,17006700.0,6800.0,2900.0,0.0,0.0,3300.0,8900.0,0.0,0.0,0.0,0.0,11400.0,0.0,600.0,600.0,2000.0,0.0,0.0,0.0,16100.0,18700.0,3700.0,4700.0,18500.0,36100.0,0.0,0.0,0.0,0.0,11600.0,0.0,3900.0,1900.0,2900.0,0.0,900.0,0.0,60700.0,8100.0,12400.0,30900.0,27000.0,12800.0,500.0,100.0,19800.0,300.0,59500.0,3100.0
2020,Ang Mo Kio,27102570.0,35903440.0,38703730.0,44104280.0,51005220.0,50305460.0,48905530.0,52706070.0,59106500.0,57206140.0,63306450.0,30203080.0,60906650.0,54806480.0,45705350.0,25703200.0,18002350.0,12102190.0,7757084700.0,4815.0,5002.0,24087.0,14894.0,6664.0,4433.0,325.0,50647.0,13980.0,10720.0,55910.0,43030.0,21370.0,15880.0,1390.0,162280.0,131020.0,4514041357.0,1936032183.0,27222853.0,2832.0,2131.0,1857.0,8066.0,527.0,5628.0,3674.0,6406070300.0,63406480.0,54905650.0,17202270.0,1563.0,11455.0,0.0,1947.0,4228.0,1795.0,1363.0,1425.0,1156.0,2661.0,1841.0,6466.0,3572.0,4020.0,3381.0,3134.0,2943.0,2672.0,0.0,2210.0,2386.0,60218.0,12603.0,15564.0,12172.0,10414.0,5116.0,2834.0,980.0,537.0,17570.0,9155.0,27722.0,3080.0,578.0,2060.0,54.0,6306.0,2637.0,0.0,14367.0,1905.0,3237.0,0.0,6309.0,0.0,0.0,10414.0,0.0,10210.0,8320.0,7022.0,0.0,5489.0,4291.0,0.0,3392.0,2598.0,86497.0,6312.0,5955.0,1327.0,0.0,4011.0,7093.0,6104.0,0.0,4572.0,7667.0,3205.0,0.0,814.0,6504.0,10900.0,2300.0,0.0,6989.0,12746.0,25827.0,16464.0,1368.0,339.0,496.0,65590.0,9678.0,2060.0,5580.0,204.0,5592.0,835.0,0.0,7054.0,6155.0,2161.0,9965.0,720.0,5503.0,36610.0,4148.0,992.0,1329.0,3920.0,9539.0,2271.0,15200.0,19424.0,292.0,12832.0,4324.0,112.0,614.0,271.0,608.0,362.0,0.0,0.0,796.0,3067.0,59.0,30575425.0,3839138205.0,2370724101.0,20678663.0,6740.0,3095.0,27.0,111.0,0.0,0.0,0.0,5523.0,1426.0,0.0,5535.0,260.0,0.0,221.0,0.0,1527.0,0.0,95.0,14928.0,16343.0,1454.0,2095.0,0.0,0.0,0.0,24760.0,10689.0,0.0,8822.0,1651.0,0.0,976.0,0.0,1567.0,0.0,2204.0,49544.0,12143.0,6661.0,10952.0,30141.0,16339.0,214.0,342.0,17279.0,683.0,51897.0,7640.0
2020,Bedok,49804810.0,64706340.0,71606920.0,83107730.0,94609410.0,90209340.0,81809550.0,900010510.0,1022010870.0,980010250.0,1076011180.0,58105680.0,1067011190.0,91409890.0,73007930.0,36604370.0,24403360.0,18303450.0,134210142790.0,20922.0,5391.0,22903.0,22045.0,14226.0,11545.0,519.0,64565.0,54850.0,9630.0,54710.0,66310.0,44970.0,43870.0,2650.0,276990.0,175620.0,7713768078.0,3201052291.0,44934725.0,3923.0,3309.0,3290.0,14572.0,580.0,10517.0,7785.0,96900104880.0,1248011960.0,1935019970.0,54905990.0,2203.0,16818.0,0.0,3291.0,5278.0,2685.0,2620.0,2564.0,1838.0,4080.0,3349.0,17125.0,5245.0,5521.0,4641.0,5102.0,3868.0,4229.0,0.0,3455.0,3641.0,97553.0,17598.0,23486.0,19081.0,17654.0,10727.0,4845.0,2631.0,1530.0,24964.0,14879.0,46928.0,5189.0,1156.0,4142.0,294.0,10917.0,4301.0,0.0,19697.0,4067.0,7528.0,0.0,16726.0,0.0,0.0,17730.0,0.0,16491.0,12361.0,11162.0,0.0,7552.0,5855.0,0.0,5985.0,4842.0,145214.0,9020.0,8647.0,1916.0,0.0,4921.0,16117.0,8373.0,0.0,8343.0,11396.0,4130.0,0.0,938.0,12974.0,17137.0,4079.0,0.0,15015.0,22211.0,29765.0,29023.0,4302.0,386.0,322.0,105756.0,35186.0,6177.0,4274.0,616.0,6986.0,569.0,0.0,7165.0,7560.0,3155.0,10797.0,824.0,10488.0,65469.0,16270.0,4778.0,2498.0,3281.0,21410.0,7811.0,19206.0,28120.0,267.0,16472.0,16584.0,207.0,1395.0,316.0,1148.0,241.0,0.0,0.0,400.0,2678.0,223.0,39646742.0,6724566524.0,3966438958.0,276612871.0,9837.0,8128.0,0.0,63.0,0.0,0.0,0.0,9419.0,2484.0,0.0,8299.0,791.0,0.0,596.0,0.0,3615.0,0.0,434.0,25560.0,34792.0,1611.0,4152.0,0.0,0.0,0.0,32836.0,16411.0,0.0,15146.0,3298.0,0.0,2592.0,0.0,2096.0,0.0,4732.0,69927.0,20874.0,10321.0,40660.0,47193.0,29299.0,511.0,1058.0,18890.0,1391.0,85033.0,11127.0
2020,Bishan,14701320.0,22602040.0,24302200.0,27402510.0,35803340.0,28102920.0,22902800.0,26703090.0,31603560.0,29803320.0,31703790.0,20301700.0,34503680.0,28303020.0,20502340.0,10801350.0,7501020.0,5201090.0,4226045060.0,5786.0,605.0,2334.0,9882.0,7727.0,3040.0,72.0,20547.0,16880.0,1140.0,4920.0,28160.0,25130.0,10390.0,700.0,87320.0,59350.0,2453522925.0,1080915858.0,14601213.0,1344.0,1431.0,840.0,5012.0,223.0,3676.0,3056.0,3622038830.0,32403250.0,15601630.0,12501350.0,508.0,4412.0,0.0,903.0,983.0,983.0,900.0,854.0,805.0,1801.0,1589.0,6864.0,910.0,1252.0,996.0,1225.0,1307.0,1078.0,0.0,1060.0,1014.0,29444.0,4444.0,6352.0,6184.0,6131.0,3551.0,1686.0,682.0,413.0,6289.0,4382.0,15588.0,1582.0,250.0,1292.0,63.0,2910.0,1835.0,0.0,4713.0,1525.0,3253.0,0.0,6458.0,0.0,0.0,3635.0,0.0,4386.0,4276.0,3930.0,0.0,3308.0,2651.0,0.0,2692.0,1890.0,47462.0,2259.0,2104.0,651.0,0.0,1412.0,5739.0,3208.0,0.0,3131.0,3758.0,1386.0,0.0,339.0,4837.0,7368.0,1453.0,0.0,2929.0,6885.0,7945.0,11916.0,346.0,96.0,99.0,41085.0,4244.0,1404.0,2610.0,103.0,2714.0,309.0,0.0,1691.0,1729.0,1278.0,3074.0,485.0,4638.0,31664.0,2233.0,712.0,1046.0,2259.0,7668.0,514.0,5363.0,8935.0,80.0,4086.0,1154.0,84.0,163.0,123.0,411.0,110.0,0.0,0.0,131.0,1022.0,57.0,8261631.0,2215422252.0,1307412609.0,7513504.0,2837.0,3073.0,37.0,19.0,0.0,0.0,0.0,4010.0,1345.0,0.0,2771.0,174.0,0.0,54.0,0.0,931.0,0.0,118.0,5498.0,12651.0,323.0,620.0,0.0,0.0,0.0,12923.0,7736.0,0.0,3685.0,859.0,0.0,333.0,0.0,475.0,0.0,1590.0,21950.0,8607.0,3217.0,3382.0,19247.0,14759.0,189.0,146.0,5304.0,381.0,25654.0,3410.0
2020,Boon Lay,0.0,0.0,0.0,0.0,0.0,0.0,0.0,0.0,0.0,0.0,0.0,0.0,0.0,0.0,0.0,0.0,0.0,0.0,0.0,0.0,0.0,0.0,0.0,0.0,0.0,0.0,0.0,0.0,0.0,0.0,0.0,0.0,0.0,0.0,40.0,0.0,0.0,0.0,0.0,0.0,0.0,0.0,0.0,0.0,0.0,0.0,0.0,0.0,0.0,0.0,,,,,,,,,,,,,,,,,,,,,,,0.0,0.0,0.0,0.0,0.0,0.0,0.0,0.0,0.0,0.0,0.0,0.0,0.0,0.0,0.0,0.0,0.0,0.0,0.0,0.0,0.0,0.0,0.0,0.0,0.0,0.0,0.0,0.0,0.0,0.0,0.0,0.0,0.0,0.0,0.0,0.0,0.0,0.0,0.0,0.0,0.0,0.0,0.0,0.0,0.0,0.0,0.0,0.0,0.0,0.0,0.0,0.0,0.0,0.0,0.0,0.0,0.0,0.0,0.0,0.0,0.0,0.0,0.0,0.0,0.0,0.0,0.0,0.0,0.0,0.0,0.0,0.0,0.0,0.0,0.0,0.0,0.0,0.0,0.0,0.0,0.0,0.0,0.0,0.0,0.0,0.0,0.0,0.0,0.0,0.0,0.0,0.0,0.0,0.0,0.0,0.0,0.0,0.0,0.0,0.0,0.0,0.0,0.0,0.0,0.0,0.0,0.0,0.0,0.0,0.0,0.0,0.0,0.0,0.0,0.0,0.0,0.0,0.0,0.0,0.0,0.0,0.0,0.0,0.0,0.0,0.0,0.0,0.0,0.0,0.0,0.0,0.0,0.0,0.0,0.0,0.0,0.0,0.0,0.0,0.0,0.0,0.0,0.0,0.0,0.0,0.0,0.0,0.0,0.0
2020,Bukit Batok,40303890.0,38703820.0,43504220.0,49204890.0,59606530.0,67506870.0,51905790.0,50605600.0,56206060.0,58706030.0,62306270.0,34803340.0,58205930.0,46904640.0,28702930.0,13401550.0,8601090.0,6001120.0,7748080550.0,9338.0,3335.0,11517.0,18425.0,10109.0,1466.0,106.0,43387.0,26500.0,6050.0,28300.0,56090.0,34310.0,5760.0,1030.0,158030.0,124750.0,4873641742.0,1593026774.0,28093181.0,2686.0,2592.0,2077.0,8485.0,500.0,6604.0,4464.0,5532058150.0,76407300.0,1252012730.0,20002390.0,847.0,5983.0,0.0,2003.0,3328.0,2187.0,1504.0,1640.0,1475.0,2963.0,2037.0,7142.0,3031.0,3136.0,3200.0,3206.0,2713.0,2731.0,0.0,2813.0,2359.0,54298.0,8445.0,12574.0,12465.0,10873.0,5868.0,2553.0,917.0,603.0,11040.0,8815.0,29501.0,2547.0,532.0,1742.0,119.0,5589.0,2636.0,0.0,12060.0,2145.0,4288.0,0.0,6088.0,0.0,0.0,11316.0,0.0,11626.0,9087.0,7371.0,0.0,5860.0,5152.0,0.0,4041.0,3221.0,90480.0,4966.0,5356.0,1323.0,0.0,4254.0,6058.0,6467.0,0.0,3817.0,10254.0,2932.0,0.0,1123.0,7084.0,12469.0,2396.0,0.0,8346.0,13634.0,16761.0,13621.0,2418.0,86.0,386.0,62281.0,19337.0,3590.0,6268.0,400.0,5903.0,789.0,0.0,3719.0,2972.0,1404.0,6016.0,480.0,5416.0,36459.0,9555.0,1824.0,1394.0,3813.0,7657.0,3497.0,12365.0,22282.0,142.0,9602.0,10885.0,139.0,924.0,457.0,645.0,473.0,0.0,0.0,770.0,3980.0,110.0,18714007.0,4221741311.0,2221421355.0,11745024.0,7312.0,3444.0,120.0,100.0,0.0,0.0,0.0,6463.0,1891.0,0.0,5566.0,341.0,0.0,93.0,0.0,1800.0,0.0,141.0,13706.0,20004.0,1284.0,3224.0,0.0,0.0,0.0,24856.0,10643.0,0.0,7376.0,2547.0,0.0,997.0,0.0,2307.0,0.0,2108.0,41591.0,8125.0,9228.0,23059.0,26343.0,17726.0,380.0,377.0,12344.0,461.0,49487.0,4349.0
2020,Bukit Merah,30502920.0,33703300.0,31502980.0,32803360.0,43004590.0,49505590.0,50605590.0,55706180.0,57906040.0,53805250.0,54705210.0,33003180.0,56205490.0,48005430.0,40605080.0,24003220.0,18202580.0,13702560.0,7273078520.0,5429.0,10995.0,15708.0,17382.0,9790.0,190.0,207.0,53875.0,14160.0,21550.0,35250.0,48210.0,30040.0,460.0,1600.0,151250.0,135050.0,4037438329.0,1754827404.0,28992031.0,1892.0,1739.0,1857.0,8530.0,427.0,4992.0,2758.0,5750063350.0,71206880.0,58505590.0,23102740.0,1899.0,12444.0,0.0,2012.0,4583.0,1748.0,1536.0,1337.0,1360.0,3129.0,2025.0,7748.0,3478.0,3465.0,2339.0,2557.0,2173.0,2255.0,0.0,1826.0,1787.0,59701.0,14151.0,17214.0,11016.0,9477.0,5033.0,1724.0,819.0,266.0,19906.0,9663.0,25650.0,2354.0,496.0,1559.0,72.0,5897.0,2806.0,0.0,11943.0,2318.0,4404.0,0.0,7522.0,0.0,0.0,8123.0,0.0,7825.0,6249.0,6411.0,0.0,4718.0,4132.0,0.0,3552.0,2802.0,78702.0,6200.0,5926.0,1492.0,0.0,2125.0,8692.0,4996.0,0.0,3985.0,5096.0,2415.0,0.0,601.0,7811.0,9137.0,2242.0,0.0,6424.0,11562.0,20668.0,13984.0,1938.0,311.0,784.0,60047.0,9150.0,2832.0,5216.0,272.0,3531.0,775.0,0.0,5842.0,6780.0,2503.0,9163.0,675.0,5531.0,36364.0,3475.0,1074.0,1569.0,3813.0,8007.0,2961.0,10737.0,15334.0,87.0,6869.0,4065.0,211.0,509.0,63.0,797.0,372.0,0.0,0.0,902.0,3026.0,144.0,32164474.0,3491034410.0,2090820733.0,17878147.0,5321.0,2867.0,0.0,80.0,0.0,0.0,0.0,4885.0,1765.0,0.0,4303.0,306.0,0.0,56.0,0.0,2221.0,0.0,213.0,18461.0,13312.0,786.0,1553.0,0.0,0.0,0.0,18881.0,9779.0,0.0,8743.0,1537.0,0.0,852.0,0.0,717.0,0.0,3128.0,42224.0,8167.0,6308.0,12248.0,29934.0,16675.0,560.0,656.0,11813.0,506.0,46060.0,13134.0
2020,Bukit Panjang,31903060.0,36503660.0,41603990.0,47004590.0,53505180.0,50105440.0,49305170.0,44804880.0,50205470.0,49305180.0,54705780.0,36603440.0,52904990.0,37203650.0,23702420.0,11001310.0,700980.0,450940.0,6815070120.0,6643.0,1234.0,3638.0,17144.0,14104.0,817.0,0.0,36120.0,19050.0,2400.0,9840.0,55310.0,48290.0,3190.0,190.0,138270.0,115840.0,4211135380.0,1415124010.0,22422217.0,3192.0,2292.0,1989.0,8761.0,546.0,6588.0,4108.0,5050052310.0,52405100.0,1091010790.0,15101930.0,665.0,4389.0,0.0,1746.0,1665.0,1656.0,1710.0,1110.0,1146.0,2583.0,1891.0,5359.0,2411.0,2561.0,2495.0,2635.0,2552.0,2450.0,0.0,2544.0,2011.0,43579.0,4953.0,8955.0,9415.0,10166.0,6055.0,2450.0,1030.0,556.0,6824.0,6049.0,25750.0,2234.0,627.0,2018.0,78.0,5526.0,2085.0,0.0,10420.0,1905.0,2994.0,0.0,4340.0,0.0,0.0,9520.0,0.0,10562.0,8405.0,7140.0,0.0,4572.0,4177.0,0.0,3446.0,2398.0,77490.0,4514.0,4819.0,1209.0,0.0,3624.0,5416.0,4906.0,0.0,3442.0,8656.0,2263.0,0.0,869.0,5751.0,10889.0,1883.0,0.0,7762.0,11488.0,16146.0,10600.0,1647.0,143.0,241.0,57077.0,17411.0,2102.0,4088.0,262.0,3648.0,569.0,0.0,3526.0,2786.0,1185.0,5749.0,354.0,3086.0,34770.0,9066.0,1050.0,1109.0,3487.0,6491.0,2786.0,12674.0,21327.0,191.0,7943.0,10339.0,85.0,521.0,71.0,609.0,146.0,0.0,0.0,365.0,2315.0,101.0,18072332.0,3552735426.0,2020419221.0,9674628.0,6340.0,3159.0,46.0,129.0,0.0,0.0,0.0,5458.0,1863.0,0.0,6659.0,2080.0,0.0,143.0,0.0,1342.0,0.0,102.0,12968.0,17337.0,1563.0,2855.0,0.0,0.0,0.0,15625.0,6581.0,0.0,6935.0,8049.0,0.0,862.0,0.0,1818.0,0.0,1723.0,37693.0,7077.0,5239.0,20325.0,22937.0,12715.0,242.0,365.0,13519.0,402.0,40434.0,2743.0
2020,Bukit Timah,15101630.0,22102740.0,22602590.0,21902440.0,21802380.0,18202290.0,21102700.0,26003190.0,31503580.0,29403120.0,25102800.0,21002800.0,23702580.0,20102210.0,17601890.0,10101140.0,690900.0,580890.0,3598041880.0,12827.0,147.0,469.0,850.0,1027.0,9163.0,129.0,2493.0,37100.0,190.0,900.0,2510.0,3430.0,32790.0,940.0,77860.0,7030.0,1953417468.0,879715286.0,904974.0,617.0,1582.0,1232.0,5916.0,151.0,4125.0,3398.0,3095036460.0,18602000.0,240400.0,29303060.0,294.0,3846.0,0.0,617.0,364.0,553.0,482.0,445.0,471.0,1249.0,1102.0,11174.0,455.0,356.0,474.0,559.0,485.0,623.0,0.0,575.0,488.0,24612.0,2464.0,3889.0,4412.0,5121.0,4515.0,2179.0,1295.0,737.0,3984.0,3687.0,13794.0,1356.0,246.0,1438.0,108.0,1779.0,1803.0,0.0,1979.0,1334.0,2661.0,0.0,12626.0,0.0,0.0,1660.0,0.0,2073.0,2116.0,2467.0,0.0,1695.0,1774.0,0.0,1677.0,1359.0,37003.0,939.0,984.0,411.0,0.0,751.0,5910.0,3344.0,0.0,2306.0,2277.0,840.0,0.0,232.0,5526.0,5782.0,1090.0,0.0,1170.0,5438.0,3074.0,12529.0,72.0,41.0,45.0,35822.0,2626.0,2490.0,649.0,51.0,2071.0,76.0,0.0,554.0,727.0,1036.0,1192.0,109.0,5594.0,29593.0,958.0,1126.0,1748.0,575.0,13183.0,107.0,2066.0,7374.0,63.0,1922.0,211.0,36.0,168.0,0.0,771.0,295.0,0.0,0.0,31.0,193.0,15.0,5511147.0,1975520148.0,851010190.0,4192243.0,2547.0,5697.0,0.0,7.0,0.0,0.0,0.0,2383.0,998.0,0.0,2672.0,155.0,0.0,141.0,0.0,1872.0,0.0,227.0,2639.0,17909.0,105.0,191.0,0.0,0.0,0.0,4918.0,5022.0,0.0,3082.0,545.0,0.0,244.0,0.0,237.0,0.0,1501.0,11103.0,7950.0,2063.0,736.0,17733.0,19824.0,312.0,227.0,3015.0,611.0,20122.0,3879.0
2020,Central Water Catchment,0.0,0.0,0.0,0.0,0.0,0.0,0.0,0.0,0.0,0.0,0.0,0.0,0.0,0.0,0.0,0.0,0.0,0.0,0.0,0.0,0.0,0.0,0.0,0.0,0.0,0.0,0.0,0.0,0.0,0.0,0.0,0.0,0.0,0.0,0.0,0.0,0.0,0.0,0.0,0.0,0.0,0.0,0.0,0.0,0.0,0.0,0.0,0.0,0.0,0.0,0.0,0.0,0.0,0.0,0.0,0.0,0.0,0.0,0.0,0.0,0.0,0.0,0.0,0.0,0.0,0.0,0.0,0.0,0.0,0.0,0.0,0.0,0.0,0.0,0.0,0.0,0.0,0.0,0.0,0.0,0.0,0.0,0.0,0.0,0.0,0.0,0.0,0.0,0.0,0.0,0.0,0.0,0.0,0.0,0.0,0.0,0.0,0.0,0.0,0.0,0.0,0.0,0.0,0.0,0.0,0.0,0.0,0.0,0.0,0.0,0.0,0.0,0.0,0.0,0.0,0.0,0.0,0.0,0.0,0.0,0.0,0.0,0.0,0.0,0.0,0.0,0.0,0.0,0.0,0.0,0.0,0.0,0.0,0.0,0.0,0.0,0.0,0.0,0.0,0.0,0.0,0.0,0.0,0.0,0.0,0.0,0.0,0.0,0.0,0.0,0.0,0.0,0.0,0.0,0.0,0.0,0.0,0.0,0.0,0.0,0.0,0.0,0.0,0.0,0.0,0.0,0.0,0.0,0.0,0.0,0.0,0.0,0.0,0.0,0.0,0.0,0.0,0.0,0.0,0.0,0.0,0.0,0.0,0.0,0.0,0.0,0.0,0.0,0.0,0.0,0.0,0.0,0.0,0.0,0.0,0.0,0.0,0.0,0.0,0.0,0.0,0.0,0.0,0.0,0.0,0.0,0.0,0.0,0.0,0.0,0.0,0.0,0.0,0.0,0.0,0.0,0.0,0.0,0.0,0.0,0.0
2020,Changi,6070.0,8070.0,6050.0,5050.0,4050.0,7080.0,7080.0,10070.0,9080.0,8060.0,5050.0,6080.0,6040.0,4030.0,4020.0,1010.0,1010.0,1010.0,960890.0,0.0,0.0,0.0,0.0,0.0,0.0,0.0,0.0,10.0,0.0,360.0,0.0,10.0,340.0,1140.0,1850.0,360.0,0.0,0.0,0.0,0.0,0.0,0.0,0.0,0.0,0.0,0.0,410400.0,180140.0,320300.0,4040.0,0.0,0.0,0.0,0.0,0.0,0.0,0.0,0.0,0.0,0.0,0.0,0.0,0.0,0.0,0.0,0.0,0.0,0.0,0.0,0.0,0.0,0.0,0.0,0.0,0.0,0.0,0.0,0.0,0.0,0.0,0.0,0.0,0.0,0.0,0.0,0.0,0.0,0.0,0.0,0.0,0.0,0.0,0.0,0.0,0.0,0.0,0.0,0.0,0.0,0.0,0.0,0.0,0.0,0.0,0.0,0.0,0.0,0.0,0.0,0.0,0.0,0.0,0.0,0.0,0.0,0.0,0.0,0.0,0.0,0.0,0.0,0.0,0.0,0.0,0.0,0.0,0.0,0.0,0.0,0.0,0.0,0.0,0.0,0.0,0.0,0.0,0.0,0.0,0.0,0.0,0.0,0.0,0.0,0.0,0.0,0.0,0.0,0.0,0.0,0.0,0.0,0.0,0.0,0.0,0.0,0.0,0.0,0.0,0.0,0.0,0.0,0.0,0.0,0.0,0.0,0.0,0.0,0.0,0.0,,,,,0.0,0.0,0.0,0.0,0.0,0.0,0.0,0.0,0.0,0.0,0.0,0.0,0.0,0.0,0.0,0.0,0.0,0.0,0.0,0.0,0.0,0.0,0.0,0.0,0.0,0.0,0.0,0.0,0.0,0.0,0.0,0.0,0.0,0.0,0.0,0.0,0.0,0.0,0.0,0.0,0.0,0.0,0.0,0.0,0.0,0.0,0.0,0.0
2020,Changi Bay,0.0,0.0,0.0,0.0,0.0,0.0,0.0,0.0,0.0,0.0,0.0,0.0,0.0,0.0,0.0,0.0,0.0,0.0,0.0,0.0,0.0,0.0,0.0,0.0,0.0,0.0,0.0,0.0,0.0,0.0,0.0,0.0,0.0,0.0,0.0,0.0,0.0,0.0,0.0,0.0,0.0,0.0,0.0,0.0,0.0,0.0,0.0,0.0,0.0,0.0,0.0,0.0,0.0,0.0,0.0,0.0,0.0,0.0,0.0,0.0,0.0,0.0,0.0,0.0,0.0,0.0,0.0,0.0,0.0,0.0,0.0,0.0,0.0,0.0,0.0,0.0,0.0,0.0,0.0,0.0,0.0,0.0,0.0,0.0,0.0,0.0,0.0,0.0,0.0,0.0,0.0,0.0,0.0,0.0,0.0,0.0,0.0,0.0,0.0,0.0,0.0,0.0,0.0,0.0,0.0,0.0,0.0,0.0,0.0,0.0,0.0,0.0,0.0,0.0,0.0,0.0,0.0,0.0,0.0,0.0,0.0,0.0,0.0,0.0,0.0,0.0,0.0,0.0,0.0,0.0,0.0,0.0,0.0,0.0,0.0,0.0,0.0,0.0,0.0,0.0,0.0,0.0,0.0,0.0,0.0,0.0,0.0,0.0,0.0,0.0,0.0,0.0,0.0,0.0,0.0,0.0,0.0,0.0,0.0,0.0,0.0,0.0,0.0,0.0,0.0,0.0,0.0,0.0,0.0,0.0,0.0,0.0,0.0,0.0,0.0,0.0,0.0,0.0,0.0,0.0,0.0,0.0,0.0,0.0,0.0,0.0,0.0,0.0,0.0,0.0,0.0,0.0,0.0,0.0,0.0,0.0,0.0,0.0,0.0,0.0,0.0,0.0,0.0,0.0,0.0,0.0,0.0,0.0,0.0,0.0,0.0,0.0,0.0,0.0,0.0,0.0,0.0,0.0,0.0,0.0,0.0
2020,Choa Chu Kang,45904400.0,52904920.0,61105980.0,80107440.0,83908220.0,72107230.0,62906910.0,60506590.0,66607470.0,77708310.0,82907850.0,47404540.0,67106050.0,44704120.0,26402740.0,12001480.0,7801070.0,5001070.0,9569096380.0,7395.0,2088.0,2487.0,24202.0,21241.0,606.0,5.0,50018.0,23370.0,4900.0,6980.0,79580.0,74260.0,2410.0,570.0,192070.0,165710.0,6041650704.0,1903731331.0,32353162.0,4839.0,3094.0,2487.0,11760.0,705.0,9140.0,6683.0,6639067120.0,92208810.0,1779017720.0,22902730.0,904.0,4463.0,0.0,2833.0,2054.0,2619.0,2115.0,2074.0,2167.0,4026.0,2924.0,6563.0,2776.0,2884.0,3058.0,3335.0,3337.0,3499.0,0.0,3311.0,3082.0,58024.0,5175.0,10812.0,12942.0,14893.0,8292.0,3752.0,1408.0,749.0,7081.0,7972.0,35574.0,3806.0,973.0,2519.0,99.0,7809.0,3255.0,0.0,13627.0,2618.0,3802.0,0.0,4766.0,0.0,0.0,14344.0,0.0,14563.0,13038.0,10682.0,0.0,7598.0,6128.0,0.0,5104.0,3787.0,111121.0,5864.0,6777.0,1637.0,0.0,4937.0,7198.0,6866.0,0.0,4253.0,14730.0,2835.0,0.0,1395.0,7830.0,16056.0,2081.0,0.0,11872.0,16789.0,19414.0,14065.0,2701.0,204.0,426.0,75151.0,29086.0,3586.0,8168.0,477.0,6558.0,1022.0,0.0,3407.0,3204.0,1505.0,6726.0,373.0,3790.0,46256.0,15386.0,1639.0,2102.0,6117.0,7066.0,4017.0,16025.0,29879.0,168.0,11464.0,17272.0,104.0,852.0,280.0,927.0,244.0,0.0,0.0,1061.0,4292.0,227.0,19083479.0,5076450469.0,2860925755.0,14075495.0,6500.0,3119.0,77.0,335.0,0.0,0.0,0.0,11826.0,3090.0,0.0,9361.0,1817.0,0.0,170.0,0.0,1982.0,0.0,201.0,8584.0,22300.0,1898.0,5163.0,0.0,0.0,0.0,34694.0,13152.0,0.0,9159.0,7305.0,0.0,1420.0,0.0,3382.0,0.0,2377.0,51662.0,8605.0,9963.0,34825.0,29826.0,15082.0,320.0,319.0,17284.0,406.0,53919.0,3700.0
2020,Clementi,18901860.0,23602290.0,22402230.0,23102340.0,25402580.0,27603160.0,31403660.0,34003850.0,35603870.0,31403380.0,31803220.0,21602180.0,27603320.0,27103550.0,26103060.0,13601610.0,9601180.0,5701040.0,4363048360.0,5988.0,1117.0,11461.0,9298.0,3943.0,1614.0,186.0,25820.0,17640.0,2490.0,25880.0,26430.0,12610.0,5730.0,1210.0,91990.0,67410.0,2511022499.0,1067417762.0,15461709.0,1202.0,1364.0,1246.0,5873.0,272.0,3671.0,2282.0,3462039000.0,34703510.0,40904200.0,14601690.0,804.0,5990.0,0.0,1199.0,1656.0,993.0,906.0,941.0,702.0,1761.0,1341.0,6013.0,1508.0,1558.0,1410.0,1626.0,1556.0,1315.0,0.0,1231.0,1099.0,33609.0,6652.0,7989.0,6733.0,6291.0,3676.0,1443.0,566.0,259.0,8963.0,5194.0,16470.0,1424.0,320.0,1197.0,41.0,2962.0,1925.0,0.0,5558.0,1422.0,3153.0,0.0,5764.0,0.0,0.0,4702.0,0.0,4203.0,3911.0,3848.0,0.0,3182.0,2648.0,0.0,2293.0,2038.0,47609.0,2341.0,2695.0,795.0,0.0,1327.0,4569.0,3340.0,0.0,2290.0,4548.0,1409.0,0.0,461.0,4537.0,7652.0,1134.0,0.0,3930.0,6583.0,10029.0,9096.0,1202.0,141.0,278.0,38909.0,7809.0,1853.0,2282.0,154.0,2802.0,334.0,0.0,2468.0,2525.0,1607.0,4111.0,340.0,3892.0,25163.0,3281.0,674.0,1153.0,1404.0,5608.0,1844.0,5977.0,10740.0,130.0,4768.0,3921.0,96.0,507.0,42.0,558.0,213.0,0.0,0.0,343.0,1551.0,78.0,13962142.0,2303323084.0,1211212625.0,7904119.0,4368.0,2990.0,16.0,52.0,0.0,0.0,0.0,2909.0,568.0,0.0,3054.0,228.0,0.0,72.0,0.0,1363.0,0.0,128.0,8641.0,11355.0,375.0,1037.0,0.0,0.0,0.0,12096.0,5243.0,0.0,4064.0,1199.0,0.0,631.0,0.0,774.0,0.0,1557.0,23091.0,5608.0,3398.0,9033.0,18417.0,12695.0,303.0,356.0,6399.0,336.0,30042.0,3231.0
2020,Downtown Core,5050.0,3030.0,4060.0,5060.0,90130.0,160170.0,200210.0,160180.0,170160.0,130120.0,13090.0,6060.0,12080.0,7070.0,7060.0,2030.0,2020.0,5020.0,15901600.0,1282.0,0.0,0.0,229.0,0.0,0.0,36.0,229.0,2290.0,0.0,0.0,610.0,0.0,0.0,290.0,3190.0,610.0,1024938.0,245447.0,3531.0,18.0,25.0,29.0,61.0,0.0,59.0,60.0,11301220.0,11080.0,1010.0,240200.0,21.0,175.0,0.0,53.0,22.0,47.0,53.0,42.0,16.0,102.0,70.0,632.0,32.0,25.0,47.0,48.0,45.0,20.0,0.0,49.0,47.0,1546.0,681.0,410.0,173.0,130.0,86.0,29.0,27.0,9.0,807.0,298.0,385.0,9.0,16.0,32.0,0.0,86.0,77.0,0.0,61.0,62.0,174.0,0.0,707.0,0.0,0.0,133.0,0.0,73.0,129.0,124.0,0.0,75.0,75.0,0.0,96.0,88.0,1960.0,76.0,71.0,17.0,0.0,35.0,577.0,73.0,0.0,150.0,57.0,32.0,0.0,9.0,287.0,110.0,68.0,0.0,60.0,340.0,176.0,475.0,0.0,8.0,0.0,1424.0,157.0,208.0,10.0,4.0,91.0,0.0,0.0,13.0,26.0,55.0,88.0,0.0,93.0,675.0,87.0,37.0,116.0,14.0,404.0,0.0,81.0,237.0,0.0,127.0,5.0,0.0,13.0,0.0,36.0,0.0,0.0,0.0,0.0,0.0,0.0,6287.0,739734.0,490560.0,1335.0,33.0,25.0,5.0,0.0,0.0,0.0,0.0,54.0,52.0,0.0,39.0,0.0,0.0,0.0,0.0,16.0,0.0,0.0,206.0,254.0,0.0,5.0,0.0,0.0,0.0,176.0,323.0,0.0,777.0,27.0,0.0,13.0,0.0,0.0,0.0,134.0,615.0,347.0,77.0,93.0,1011.0,464.0,4.0,0.0,109.0,72.0,855.0,620.0
2020,Geylang,20501910.0,25102290.0,24502390.0,29302820.0,39703960.0,40804200.0,37204090.0,37504090.0,40404160.0,39903860.0,44504150.0,21702100.0,45004300.0,36103690.0,26903010.0,14701780.0,10601510.0,8401550.0,5426055860.0,8880.0,4174.0,11708.0,10424.0,4665.0,1864.0,344.0,30971.0,19640.0,8470.0,27320.0,31210.0,15130.0,6370.0,1970.0,110110.0,82130.0,3194029119.0,1225120012.0,18921536.0,1620.0,1214.0,1430.0,5301.0,230.0,4054.0,2377.0,4192043510.0,45204100.0,62006280.0,15901960.0,1030.0,6991.0,0.0,1561.0,2826.0,1397.0,1057.0,954.0,912.0,1755.0,1334.0,4917.0,2860.0,2661.0,2383.0,2385.0,2127.0,1635.0,0.0,1622.0,1654.0,42061.0,10321.0,10529.0,8060.0,6276.0,3823.0,1826.0,732.0,492.0,14059.0,6268.0,17881.0,1895.0,330.0,1495.0,132.0,4374.0,1953.0,0.0,9738.0,1407.0,2836.0,0.0,4653.0,0.0,0.0,8060.0,0.0,7549.0,5681.0,4562.0,0.0,3488.0,2561.0,0.0,2191.0,2007.0,61060.0,4833.0,4417.0,1049.0,0.0,2703.0,6301.0,3258.0,0.0,3247.0,4783.0,2553.0,0.0,384.0,4922.0,6634.0,1431.0,0.0,5182.0,9363.0,15951.0,9511.0,1455.0,262.0,334.0,42303.0,11870.0,2009.0,2385.0,296.0,3359.0,264.0,0.0,4446.0,3491.0,1474.0,5584.0,438.0,3062.0,23100.0,5113.0,1069.0,869.0,1102.0,5107.0,2918.0,9281.0,13001.0,168.0,7482.0,6466.0,113.0,547.0,78.0,434.0,227.0,0.0,0.0,450.0,1755.0,92.0,20363039.0,2640225545.0,1654516571.0,10995512.0,3640.0,1916.0,10.0,87.0,0.0,0.0,0.0,3926.0,1897.0,0.0,3164.0,186.0,0.0,139.0,0.0,1059.0,0.0,84.0,9896.0,10315.0,759.0,1630.0,0.0,0.0,0.0,14516.0,11445.0,0.0,7031.0,1077.0,0.0,1300.0,0.0,723.0,0.0,1651.0,32411.0,5033.0,2892.0,15328.0,20690.0,10996.0,180.0,193.0,9027.0,652.0,33761.0,7647.0
2020,Hougang,46804440.0,51405180.0,58605660.0,73006860.0,88608740.0,83908800.0,74008070.0,70908000.0,80408460.0,79308690.0,94509580.0,47004750.0,93509270.0,73407200.0,49505190.0,24102880.0,15902200.0,10302130.0,111490116070.0,10899.0,3132.0,10958.0,27963.0,15926.0,6073.0,158.0,57979.0,29940.0,6000.0,26430.0,85640.0,53020.0,22250.0,4280.0,227560.0,171090.0,6567261568.0,2476336484.0,37013687.0,4216.0,3233.0,2349.0,11445.0,714.0,8843.0,6058.0,9029094500.0,96109120.0,93209440.0,22803010.0,1475.0,8503.0,0.0,3067.0,4008.0,2344.0,2534.0,2497.0,2119.0,3973.0,3048.0,9562.0,4473.0,4275.0,4054.0,4157.0,3956.0,3450.0,0.0,4098.0,3518.0,75111.0,11031.0,17088.0,14966.0,16106.0,9321.0,3957.0,1688.0,952.0,15268.0,11161.0,40156.0,4082.0,1075.0,3144.0,223.0,9273.0,3577.0,0.0,18531.0,2873.0,5396.0,0.0,7902.0,0.0,0.0,15877.0,0.0,16688.0,12827.0,10695.0,0.0,7873.0,5989.0,0.0,5649.0,4091.0,127241.0,8254.0,7644.0,1938.0,0.0,5952.0,11571.0,8352.0,0.0,6118.0,11231.0,4246.0,0.0,1191.0,9241.0,16324.0,2996.0,0.0,12324.0,19856.0,28718.0,20860.0,1565.0,382.0,572.0,97503.0,18114.0,2525.0,7825.0,410.0,5896.0,640.0,0.0,6239.0,5853.0,2363.0,10196.0,636.0,7643.0,58411.0,8175.0,1524.0,1268.0,5382.0,12200.0,2794.0,20840.0,31768.0,270.0,16119.0,9605.0,86.0,503.0,241.0,827.0,286.0,0.0,0.0,889.0,4205.0,147.0,28305848.0,5656155297.0,3303532440.0,17108155.0,9819.0,4888.0,51.0,153.0,0.0,0.0,0.0,9269.0,1777.0,0.0,7841.0,538.0,0.0,336.0,0.0,1612.0,0.0,292.0,22743.0,26845.0,2200.0,3457.0,0.0,0.0,0.0,35473.0,12909.0,0.0,12224.0,2608.0,0.0,1867.0,0.0,2116.0,0.0,3293.0,66030.0,17093.0,8710.0,20294.0,40403.0,22185.0,670.0,967.0,19523.0,757.0,68603.0,5750.0
2020,Jurong East,13101200.0,18301700.0,21801990.0,24602310.0,29702730.0,26502720.0,24202660.0,24602750.0,28403020.0,28102830.0,30703140.0,14701430.0,32803400.0,29602980.0,21902230.0,9901060.0,610800.0,420720.0,3893039670.0,2477.0,1090.0,7162.0,8455.0,7942.0,0.0,86.0,24649.0,6910.0,2200.0,17510.0,25440.0,25790.0,0.0,750.0,78600.0,70940.0,2273019196.0,947414835.0,12861485.0,1474.0,1115.0,747.0,3670.0,279.0,3144.0,2021.0,2729028130.0,44604140.0,63606350.0,8201050.0,550.0,4256.0,0.0,997.0,1642.0,922.0,818.0,706.0,559.0,1416.0,988.0,2602.0,1309.0,1761.0,1636.0,1718.0,1615.0,1422.0,0.0,1188.0,1109.0,27214.0,4497.0,6627.0,5995.0,5239.0,2802.0,1329.0,465.0,259.0,6171.0,4469.0,13594.0,1402.0,329.0,1182.0,67.0,2817.0,1125.0,0.0,6424.0,843.0,1465.0,0.0,2018.0,0.0,0.0,5593.0,0.0,5364.0,4532.0,3688.0,0.0,2577.0,2393.0,0.0,1711.0,1374.0,41924.0,2522.0,2836.0,577.0,0.0,1877.0,2611.0,2644.0,0.0,1786.0,5722.0,1184.0,0.0,647.0,3017.0,4979.0,938.0,0.0,4366.0,6222.0,10809.0,6260.0,1516.0,93.0,274.0,27955.0,10095.0,1390.0,3593.0,235.0,2898.0,344.0,0.0,2313.0,2073.0,887.0,4476.0,382.0,2289.0,14108.0,4091.0,907.0,606.0,2017.0,2467.0,2565.0,6694.0,10379.0,134.0,5522.0,6117.0,95.0,441.0,84.0,410.0,135.0,0.0,0.0,560.0,2305.0,96.0,10441824.0,2004819526.0,1162610905.0,7723261.0,4174.0,1168.0,23.0,68.0,0.0,0.0,0.0,3384.0,519.0,0.0,2083.0,105.0,0.0,58.0,0.0,724.0,0.0,53.0,8472.0,6494.0,708.0,1586.0,0.0,0.0,0.0,11426.0,3701.0,0.0,4006.0,1057.0,0.0,790.0,0.0,1709.0,0.0,1323.0,21756.0,2879.0,4832.0,12743.0,12575.0,6552.0,145.0,183.0,7343.0,266.0,24505.0,2442.0
2020,Jurong West,54305150.0,76107380.0,83107800.0,88408560.0,98609440.0,90109330.0,933010560.0,1024010640.0,1079010430.0,103709760.0,101309240.0,66306370.0,90508770.0,72707280.0,49104740.0,21202440.0,12601560.0,7501400.0,131900130840.0,5632.0,3700.0,12815.0,31404.0,29247.0,1019.0,61.0,77166.0,17390.0,8220.0,32530.0,99630.0,99920.0,4270.0,780.0,262730.0,240300.0,8256066225.0,2577243267.0,41263821.0,5928.0,4281.0,3732.0,17935.0,830.0,13221.0,5833.0,9188091690.0,1386012490.0,2338023150.0,27503500.0,1399.0,8069.0,0.0,4077.0,4460.0,3456.0,3257.0,3037.0,2512.0,5049.0,3007.0,6910.0,4060.0,4636.0,5286.0,5308.0,5368.0,4806.0,0.0,4739.0,4441.0,83877.0,10971.0,17005.0,17656.0,18524.0,10976.0,5382.0,2016.0,1349.0,15145.0,12509.0,45993.0,4914.0,1423.0,3674.0,221.0,10288.0,3428.0,0.0,20539.0,2323.0,4617.0,0.0,5326.0,0.0,0.0,20398.0,0.0,21789.0,17754.0,14433.0,0.0,10063.0,7255.0,0.0,6010.0,4563.0,148786.0,9478.0,9706.0,1849.0,0.0,7341.0,8260.0,6952.0,0.0,5264.0,23977.0,3390.0,0.0,2137.0,10253.0,17171.0,2966.0,0.0,16834.0,23209.0,32921.0,16135.0,4230.0,639.0,802.0,93658.0,37037.0,4204.0,10141.0,793.0,12441.0,1326.0,0.0,6756.0,6087.0,2304.0,10639.0,834.0,3815.0,48562.0,17377.0,2010.0,2017.0,6144.0,8122.0,8846.0,23776.0,41370.0,552.0,23544.0,21689.0,141.0,1236.0,388.0,1768.0,633.0,0.0,0.0,1652.0,7208.0,196.0,33054777.0,6922966777.0,3773633241.0,21878519.0,13306.0,5166.0,74.0,351.0,0.0,0.0,0.0,12893.0,2565.0,0.0,13449.0,875.0,0.0,493.0,0.0,2211.0,0.0,161.0,22048.0,25615.0,3056.0,7140.0,0.0,0.0,0.0,41597.0,15284.0,0.0,13670.0,5016.0,0.0,3217.0,0.0,6448.0,0.0,3302.0,78615.0,7769.0,12143.0,46353.0,41074.0,14345.0,620.0,666.0,24184.0,519.0,76331.0,7029.0
2020,Kallang,19801960.0,20802020.0,21802100.0,22902280.0,29003080.0,34803700.0,34103880.0,38603970.0,40304110.0,38203500.0,39003600.0,21801950.0,41003650.0,34503480.0,27603000.0,15801840.0,11901560.0,8501590.0,5004051260.0,7709.0,6907.0,10940.0,9674.0,4736.0,509.0,357.0,32257.0,19090.0,11370.0,25430.0,27890.0,14490.0,1380.0,1640.0,101290.0,79180.0,2905625863.0,1197517938.0,17191782.0,1347.0,1054.0,1161.0,4700.0,147.0,3806.0,1993.0,3754039460.0,76406880.0,36003390.0,12601510.0,1355.0,8433.0,0.0,1394.0,3127.0,1112.0,1205.0,917.0,768.0,1833.0,1452.0,5442.0,2379.0,2051.0,1925.0,1769.0,1554.0,1436.0,0.0,1325.0,1357.0,40834.0,10816.0,11217.0,6883.0,5912.0,3684.0,1526.0,485.0,309.0,14446.0,6689.0,16528.0,1647.0,326.0,1176.0,21.0,4055.0,2141.0,0.0,8341.0,1213.0,2828.0,0.0,5483.0,0.0,0.0,6262.0,0.0,5652.0,4849.0,4168.0,0.0,2989.0,2753.0,0.0,2169.0,2016.0,54919.0,4466.0,3921.0,938.0,0.0,1716.0,6188.0,3038.0,0.0,2983.0,3903.0,1797.0,0.0,267.0,5059.0,5999.0,1286.0,0.0,4622.0,8735.0,14858.0,10123.0,1030.0,241.0,531.0,37734.0,5654.0,3497.0,4410.0,217.0,2648.0,472.0,0.0,4299.0,3341.0,1364.0,5661.0,658.0,3043.0,22012.0,2162.0,2860.0,1033.0,2919.0,5797.0,1393.0,7928.0,9972.0,79.0,5461.0,2575.0,57.0,891.0,324.0,520.0,174.0,0.0,0.0,581.0,2677.0,118.0,21342737.0,2452823776.0,1505713837.0,10315233.0,2482.0,1678.0,0.0,0.0,0.0,0.0,0.0,3785.0,1712.0,0.0,2599.0,107.0,0.0,99.0,0.0,1515.0,0.0,113.0,8428.0,9496.0,569.0,1234.0,0.0,0.0,0.0,12323.0,10952.0,0.0,6529.0,1041.0,0.0,1010.0,0.0,580.0,0.0,2086.0,28286.0,6105.0,7206.0,8591.0,18470.0,9737.0,329.0,631.0,8979.0,537.0,30671.0,9625.0
2020,Lim Chu Kang,0.0,100.0,10.0,10.0,0.0,0.0,0.0,0.0,100.0,10.0,1010.0,0.0,100.0,100.0,100.0,0.0,0.0,0.0,6050.0,0.0,0.0,0.0,0.0,0.0,0.0,0.0,0.0,0.0,0.0,0.0,0.0,0.0,0.0,110.0,110.0,0.0,0.0,0.0,0.0,0.0,0.0,0.0,0.0,0.0,0.0,0.0,5050.0,0.0,0.0,0.0,0.0,0.0,0.0,0.0,0.0,0.0,0.0,0.0,0.0,0.0,0.0,0.0,0.0,0.0,0.0,0.0,0.0,0.0,0.0,0.0,0.0,0.0,0.0,0.0,0.0,0.0,0.0,0.0,0.0,0.0,0.0,0.0,0.0,0.0,0.0,0.0,0.0,0.0,0.0,0.0,0.0,0.0,0.0,0.0,0.0,0.0,0.0,0.0,0.0,0.0,0.0,0.0,0.0,0.0,0.0,0.0,0.0,0.0,0.0,0.0,0.0,0.0,0.0,0.0,0.0,0.0,0.0,0.0,0.0,0.0,0.0,0.0,0.0,0.0,0.0,0.0,0.0,0.0,0.0,0.0,0.0,0.0,0.0,0.0,0.0,0.0,0.0,0.0,0.0,0.0,0.0,0.0,0.0,0.0,0.0,0.0,0.0,0.0,0.0,0.0,0.0,0.0,0.0,0.0,0.0,0.0,0.0,0.0,0.0,0.0,0.0,0.0,0.0,0.0,0.0,0.0,0.0,0.0,0.0,0.0,0.0,0.0,0.0,0.0,0.0,0.0,0.0,0.0,0.0,0.0,0.0,0.0,0.0,0.0,0.0,0.0,0.0,0.0,0.0,0.0,0.0,0.0,0.0,0.0,0.0,0.0,0.0,0.0,0.0,0.0,0.0,0.0,0.0,0.0,0.0,0.0,0.0,0.0,0.0,0.0,0.0,0.0,0.0,0.0,0.0,0.0,0.0,0.0,0.0,0.0,0.0
2020,Mandai,3040.0,6060.0,7070.0,8090.0,8090.0,5070.0,7060.0,7080.0,90100.0,7090.0,9090.0,4050.0,7080.0,5040.0,4040.0,2030.0,2020.0,1020.0,9901100.0,0.0,0.0,0.0,0.0,0.0,0.0,0.0,0.0,1300.0,0.0,0.0,0.0,0.0,730.0,60.0,2090.0,0.0,0.0,0.0,0.0,0.0,0.0,0.0,0.0,0.0,0.0,0.0,780870.0,140130.0,5070.0,2030.0,0.0,0.0,0.0,0.0,0.0,0.0,0.0,0.0,0.0,0.0,0.0,0.0,0.0,0.0,0.0,0.0,0.0,0.0,0.0,0.0,0.0,0.0,0.0,0.0,0.0,0.0,0.0,0.0,0.0,0.0,0.0,0.0,0.0,0.0,0.0,0.0,0.0,0.0,0.0,0.0,0.0,0.0,0.0,0.0,0.0,0.0,0.0,0.0,0.0,0.0,0.0,0.0,0.0,0.0,0.0,0.0,0.0,0.0,0.0,0.0,0.0,0.0,0.0,0.0,0.0,0.0,0.0,0.0,0.0,0.0,0.0,0.0,0.0,0.0,0.0,0.0,0.0,0.0,0.0,0.0,0.0,0.0,0.0,0.0,0.0,0.0,0.0,0.0,0.0,0.0,0.0,0.0,0.0,0.0,0.0,0.0,0.0,0.0,0.0,0.0,0.0,0.0,0.0,0.0,0.0,0.0,0.0,0.0,0.0,0.0,0.0,0.0,0.0,0.0,0.0,0.0,0.0,0.0,0.0,0.0,0.0,0.0,0.0,0.0,0.0,0.0,0.0,0.0,0.0,0.0,0.0,0.0,0.0,0.0,0.0,0.0,0.0,0.0,0.0,0.0,0.0,0.0,0.0,0.0,0.0,0.0,0.0,0.0,0.0,0.0,0.0,0.0,0.0,0.0,0.0,0.0,0.0,0.0,0.0,0.0,0.0,0.0,0.0,0.0,0.0,0.0,0.0,0.0,0.0,0.0,0.0
2020,Marina East,0.0,0.0,0.0,0.0,0.0,0.0,0.0,0.0,0.0,0.0,0.0,0.0,0.0,0.0,0.0,0.0,0.0,0.0,0.0,0.0,0.0,0.0,0.0,0.0,0.0,0.0,0.0,0.0,0.0,0.0,0.0,0.0,0.0,0.0,0.0,0.0,0.0,0.0,0.0,0.0,0.0,0.0,0.0,0.0,0.0,0.0,0.0,0.0,0.0,0.0,0.0,0.0,0.0,0.0,0.0,0.0,0.0,0.0,0.0,0.0,0.0,0.0,0.0,0.0,0.0,0.0,0.0,0.0,0.0,0.0,0.0,0.0,0.0,0.0,0.0,0.0,0.0,0.0,0.0,0.0,0.0,0.0,0.0,0.0,0.0,0.0,0.0,0.0,0.0,0.0,0.0,0.0,0.0,0.0,0.0,0.0,0.0,0.0,0.0,0.0,0.0,0.0,0.0,0.0,0.0,0.0,0.0,0.0,0.0,0.0,0.0,0.0,0.0,0.0,0.0,0.0,0.0,0.0,0.0,0.0,0.0,0.0,0.0,0.0,0.0,0.0,0.0,0.0,0.0,0.0,0.0,0.0,0.0,0.0,0.0,0.0,0.0,0.0,0.0,0.0,0.0,0.0,0.0,0.0,0.0,0.0,0.0,0.0,0.0,0.0,0.0,0.0,0.0,0.0,0.0,0.0,0.0,0.0,0.0,0.0,0.0,0.0,0.0,0.0,0.0,0.0,0.0,0.0,0.0,0.0,0.0,0.0,0.0,0.0,0.0,0.0,0.0,0.0,0.0,0.0,0.0,0.0,0.0,0.0,0.0,0.0,0.0,0.0,0.0,0.0,0.0,0.0,0.0,0.0,0.0,0.0,0.0,0.0,0.0,0.0,0.0,0.0,0.0,0.0,0.0,0.0,0.0,0.0,0.0,0.0,0.0,0.0,0.0,0.0,0.0,0.0,0.0,0.0,0.0,0.0,0.0
2020,Marina South,0.0,0.0,0.0,0.0,0.0,0.0,0.0,0.0,0.0,0.0,0.0,0.0,0.0,0.0,0.0,0.0,0.0,0.0,0.0,0.0,0.0,0.0,0.0,0.0,0.0,0.0,0.0,0.0,0.0,0.0,0.0,0.0,0.0,0.0,0.0,0.0,0.0,0.0,0.0,0.0,0.0,0.0,0.0,0.0,0.0,0.0,0.0,0.0,0.0,0.0,0.0,0.0,0.0,0.0,0.0,0.0,0.0,0.0,0.0,0.0,0.0,0.0,0.0,0.0,0.0,0.0,0.0,0.0,0.0,0.0,0.0,0.0,0.0,0.0,0.0,0.0,0.0,0.0,0.0,0.0,0.0,0.0,0.0,0.0,0.0,0.0,0.0,0.0,0.0,0.0,0.0,0.0,0.0,0.0,0.0,0.0,0.0,0.0,0.0,0.0,0.0,0.0,0.0,0.0,0.0,0.0,0.0,0.0,0.0,0.0,0.0,0.0,0.0,0.0,0.0,0.0,0.0,0.0,0.0,0.0,0.0,0.0,0.0,0.0,0.0,0.0,0.0,0.0,0.0,0.0,0.0,0.0,0.0,0.0,0.0,0.0,0.0,0.0,0.0,0.0,0.0,0.0,0.0,0.0,0.0,0.0,0.0,0.0,0.0,0.0,0.0,0.0,0.0,0.0,0.0,0.0,0.0,0.0,0.0,0.0,0.0,0.0,0.0,0.0,0.0,0.0,0.0,0.0,0.0,0.0,0.0,0.0,0.0,0.0,0.0,0.0,0.0,0.0,0.0,0.0,0.0,0.0,0.0,0.0,0.0,0.0,0.0,0.0,0.0,0.0,0.0,0.0,0.0,0.0,0.0,0.0,0.0,0.0,0.0,0.0,0.0,0.0,0.0,0.0,0.0,0.0,0.0,0.0,0.0,0.0,0.0,0.0,0.0,0.0,0.0,0.0,0.0,0.0,0.0,0.0,0.0
2020,Marine Parade,910990.0,12301200.0,11901180.0,11801210.0,12101290.0,10801300.0,13501730.0,16802050.0,19602190.0,17101730.0,15901690.0,12101210.0,15001520.0,11601400.0,10901390.0,680870.0,550790.0,440800.0,2170024520.0,6334.0,1387.0,2946.0,1826.0,1833.0,2603.0,139.0,7993.0,17070.0,3270.0,6140.0,4730.0,5330.0,9250.0,430.0,46220.0,19470.0,1140610723.0,52669569.0,736747.0,458.0,652.0,625.0,3048.0,101.0,2087.0,1313.0,1620018850.0,27102810.0,15401590.0,12601270.0,339.0,3552.0,0.0,468.0,683.0,426.0,366.0,304.0,253.0,773.0,661.0,4770.0,652.0,736.0,595.0,510.0,500.0,460.0,0.0,573.0,449.0,17070.0,3367.0,3863.0,3176.0,2842.0,2110.0,940.0,418.0,354.0,4768.0,2579.0,7954.0,923.0,171.0,621.0,53.0,1336.0,976.0,0.0,1867.0,728.0,1473.0,0.0,5250.0,0.0,0.0,1868.0,0.0,1956.0,1507.0,1558.0,0.0,1108.0,817.0,0.0,823.0,861.0,22128.0,906.0,997.0,288.0,0.0,554.0,3908.0,1249.0,0.0,1425.0,1145.0,632.0,0.0,127.0,2538.0,2635.0,649.0,0.0,1437.0,3638.0,3444.0,6931.0,418.0,113.0,29.0,17949.0,3404.0,1899.0,534.0,67.0,1059.0,158.0,0.0,843.0,774.0,676.0,1119.0,104.0,2748.0,13609.0,1512.0,1964.0,773.0,451.0,5078.0,554.0,1780.0,3568.0,72.0,1954.0,1301.0,50.0,449.0,72.0,221.0,71.0,0.0,0.0,54.0,317.0,14.0,6981161.0,1116111205.0,51936501.0,3562172.0,1940.0,1937.0,4.0,0.0,0.0,0.0,0.0,1159.0,229.0,0.0,1701.0,68.0,0.0,76.0,0.0,927.0,0.0,117.0,5710.0,8006.0,79.0,262.0,0.0,0.0,0.0,2976.0,433.0,0.0,2161.0,279.0,0.0,370.0,0.0,208.0,0.0,1361.0,8532.0,4426.0,2718.0,3243.0,9103.0,7791.0,338.0,209.0,2087.0,368.0,13086.0,3615.0
2020,Museum,1010.0,1010.0,1010.0,1010.0,1010.0,3030.0,3040.0,3030.0,3030.0,2020.0,2020.0,1020.0,1010.0,1010.0,1010.0,10.0,0.0,100.0,260250.0,0.0,0.0,0.0,0.0,0.0,0.0,0.0,0.0,490.0,0.0,0.0,0.0,0.0,0.0,20.0,510.0,0.0,0.0,0.0,0.0,0.0,0.0,0.0,0.0,0.0,0.0,0.0,170190.0,2010.0,0.0,6050.0,0.0,0.0,0.0,0.0,0.0,0.0,0.0,0.0,0.0,0.0,0.0,0.0,0.0,0.0,0.0,0.0,0.0,0.0,0.0,0.0,0.0,0.0,0.0,0.0,0.0,0.0,0.0,0.0,0.0,0.0,0.0,0.0,0.0,0.0,0.0,0.0,0.0,0.0,0.0,0.0,0.0,0.0,0.0,0.0,0.0,0.0,0.0,0.0,0.0,0.0,0.0,0.0,0.0,0.0,0.0,0.0,0.0,0.0,0.0,0.0,0.0,0.0,0.0,0.0,0.0,0.0,0.0,0.0,0.0,0.0,0.0,0.0,0.0,0.0,0.0,0.0,0.0,0.0,0.0,0.0,0.0,0.0,0.0,0.0,0.0,0.0,0.0,0.0,0.0,0.0,0.0,0.0,0.0,0.0,0.0,0.0,0.0,0.0,0.0,0.0,0.0,0.0,0.0,0.0,0.0,0.0,0.0,0.0,0.0,0.0,0.0,0.0,0.0,0.0,0.0,0.0,0.0,0.0,0.0,0.0,0.0,0.0,0.0,0.0,0.0,0.0,0.0,0.0,0.0,0.0,0.0,0.0,0.0,0.0,0.0,0.0,0.0,0.0,0.0,0.0,0.0,0.0,0.0,0.0,0.0,0.0,0.0,0.0,0.0,0.0,0.0,0.0,0.0,0.0,0.0,0.0,0.0,0.0,0.0,0.0,0.0,0.0,0.0,0.0,0.0,0.0,0.0,0.0,0.0,0.0,0.0
2020,Newton,190190.0,260260.0,180190.0,170170.0,160230.0,180290.0,260360.0,330440.0,410440.0,350340.0,310290.0,330260.0,230240.0,200200.0,190180.0,8080.0,5070.0,7080.0,39504310.0,0.0,0.0,0.0,0.0,0.0,0.0,0.0,0.0,7440.0,0.0,0.0,0.0,0.0,580.0,240.0,8260.0,0.0,0.0,0.0,0.0,0.0,0.0,0.0,0.0,0.0,0.0,0.0,28703210.0,350390.0,2040.0,690650.0,0.0,0.0,0.0,0.0,0.0,0.0,0.0,0.0,0.0,0.0,0.0,0.0,0.0,0.0,0.0,0.0,0.0,0.0,0.0,0.0,0.0,0.0,0.0,0.0,0.0,0.0,0.0,0.0,0.0,0.0,0.0,0.0,0.0,0.0,0.0,0.0,0.0,0.0,0.0,0.0,0.0,0.0,0.0,0.0,0.0,0.0,0.0,0.0,0.0,0.0,0.0,0.0,0.0,0.0,0.0,0.0,0.0,0.0,0.0,0.0,0.0,0.0,0.0,0.0,0.0,0.0,0.0,0.0,0.0,0.0,0.0,0.0,0.0,0.0,0.0,0.0,0.0,0.0,0.0,0.0,0.0,0.0,0.0,0.0,0.0,0.0,0.0,0.0,0.0,0.0,0.0,0.0,0.0,0.0,0.0,0.0,0.0,0.0,0.0,0.0,0.0,0.0,0.0,0.0,0.0,0.0,0.0,0.0,0.0,0.0,0.0,0.0,0.0,0.0,0.0,0.0,0.0,0.0,0.0,0.0,0.0,0.0,0.0,0.0,0.0,0.0,0.0,0.0,0.0,0.0,0.0,0.0,0.0,0.0,0.0,0.0,0.0,0.0,0.0,0.0,0.0,0.0,0.0,0.0,0.0,0.0,0.0,0.0,0.0,0.0,0.0,0.0,0.0,0.0,0.0,0.0,0.0,0.0,0.0,0.0,0.0,0.0,0.0,0.0,0.0,0.0,0.0,0.0,0.0,0.0,0.0
2020,North-Eastern Islands,0.0,0.0,0.0,0.0,0.0,0.0,0.0,0.0,0.0,0.0,0.0,0.0,0.0,0.0,0.0,0.0,0.0,0.0,0.0,0.0,0.0,0.0,0.0,0.0,0.0,0.0,0.0,0.0,0.0,0.0,0.0,0.0,0.0,0.0,50.0,0.0,0.0,0.0,0.0,0.0,0.0,0.0,0.0,0.0,0.0,0.0,0.0,0.0,0.0,0.0,0.0,0.0,0.0,0.0,0.0,0.0,0.0,0.0,0.0,0.0,0.0,0.0,0.0,0.0,0.0,0.0,0.0,0.0,0.0,0.0,0.0,0.0,0.0,0.0,0.0,0.0,0.0,0.0,0.0,0.0,0.0,0.0,0.0,0.0,0.0,0.0,0.0,0.0,0.0,0.0,0.0,0.0,0.0,0.0,0.0,0.0,0.0,0.0,0.0,0.0,0.0,0.0,0.0,0.0,0.0,0.0,0.0,0.0,0.0,0.0,0.0,0.0,0.0,0.0,0.0,0.0,0.0,0.0,0.0,0.0,0.0,0.0,0.0,0.0,0.0,0.0,0.0,0.0,0.0,0.0,0.0,0.0,0.0,0.0,0.0,0.0,0.0,0.0,0.0,0.0,0.0,0.0,0.0,0.0,0.0,0.0,0.0,0.0,0.0,0.0,0.0,0.0,0.0,0.0,0.0,0.0,0.0,0.0,0.0,0.0,0.0,0.0,0.0,0.0,0.0,0.0,0.0,0.0,0.0,0.0,0.0,0.0,0.0,0.0,0.0,0.0,0.0,0.0,0.0,0.0,0.0,0.0,0.0,0.0,0.0,0.0,0.0,0.0,0.0,0.0,0.0,0.0,0.0,0.0,0.0,0.0,0.0,0.0,0.0,0.0,0.0,0.0,0.0,0.0,0.0,0.0,0.0,0.0,0.0,0.0,0.0,0.0,0.0,0.0,0.0,0.0,0.0,0.0,0.0,0.0,0.0
2020,Novena,11401030.0,13701240.0,12001080.0,12201180.0,13201480.0,15101750.0,16102060.0,19402230.0,21402200.0,18001810.0,16901710.0,16901200.0,14901580.0,12801420.0,10401240.0,640770.0,470670.0,400740.0,2393025400.0,7641.0,768.0,3342.0,2822.0,1438.0,2193.0,76.0,8370.0,19010.0,1630.0,7660.0,7940.0,4540.0,7760.0,790.0,49330.0,21780.0,1315312014.0,50118461.0,796760.0,538.0,627.0,711.0,3489.0,93.0,1995.0,1109.0,1966021070.0,21302010.0,830900.0,13001440.0,397.0,2848.0,0.0,551.0,792.0,497.0,417.0,389.0,310.0,840.0,704.0,5010.0,851.0,772.0,726.0,721.0,580.0,581.0,0.0,743.0,554.0,18283.0,3630.0,4302.0,3366.0,3217.0,2073.0,994.0,389.0,308.0,5003.0,2940.0,8726.0,843.0,120.0,583.0,65.0,1468.0,1032.0,0.0,2621.0,594.0,1529.0,0.0,5514.0,0.0,0.0,2165.0,0.0,2100.0,1852.0,1799.0,0.0,1239.0,1138.0,0.0,1250.0,867.0,25168.0,1540.0,1137.0,313.0,0.0,617.0,3704.0,2115.0,0.0,1406.0,1405.0,723.0,0.0,193.0,2890.0,2939.0,681.0,0.0,1592.0,3912.0,4028.0,6500.0,153.0,94.0,162.0,20416.0,2224.0,1462.0,1122.0,50.0,1291.0,185.0,0.0,1046.0,1125.0,744.0,1739.0,177.0,2569.0,14350.0,1240.0,621.0,950.0,756.0,5610.0,155.0,2065.0,4578.0,79.0,2058.0,684.0,10.0,221.0,61.0,379.0,91.0,0.0,0.0,259.0,698.0,35.0,6761109.0,1182711909.0,60586172.0,3992045.0,1679.0,2354.0,5.0,0.0,0.0,0.0,0.0,1486.0,263.0,0.0,1419.0,62.0,0.0,44.0,0.0,1047.0,0.0,107.0,4250.0,7696.0,138.0,504.0,0.0,0.0,0.0,5316.0,2034.0,0.0,2681.0,276.0,0.0,307.0,0.0,243.0,0.0,1406.0,10574.0,4598.0,1822.0,2114.0,10338.0,8072.0,142.0,205.0,2328.0,356.0,14811.0,3113.0
2020,Orchard,2030.0,2040.0,2030.0,1020.0,1030.0,3040.0,3040.0,4040.0,5040.0,3040.0,3030.0,2020.0,4030.0,2030.0,3020.0,1010.0,1010.0,0.0,430490.0,0.0,0.0,0.0,0.0,0.0,0.0,0.0,0.0,830.0,0.0,0.0,0.0,0.0,0.0,90.0,920.0,0.0,0.0,0.0,0.0,0.0,0.0,0.0,0.0,0.0,0.0,0.0,280350.0,4040.0,100.0,11090.0,0.0,0.0,0.0,0.0,0.0,0.0,0.0,0.0,0.0,0.0,0.0,0.0,0.0,0.0,0.0,0.0,0.0,0.0,0.0,0.0,0.0,0.0,0.0,0.0,0.0,0.0,0.0,0.0,0.0,0.0,0.0,0.0,0.0,0.0,0.0,0.0,0.0,0.0,0.0,0.0,0.0,0.0,0.0,0.0,0.0,0.0,0.0,0.0,0.0,0.0,0.0,0.0,0.0,0.0,0.0,0.0,0.0,0.0,0.0,0.0,0.0,0.0,0.0,0.0,0.0,0.0,0.0,0.0,0.0,0.0,0.0,0.0,0.0,0.0,0.0,0.0,0.0,0.0,0.0,0.0,0.0,0.0,0.0,0.0,0.0,0.0,0.0,0.0,0.0,0.0,0.0,0.0,0.0,0.0,0.0,0.0,0.0,0.0,0.0,0.0,0.0,0.0,0.0,0.0,0.0,0.0,0.0,0.0,0.0,0.0,0.0,0.0,0.0,0.0,0.0,0.0,0.0,0.0,0.0,0.0,0.0,0.0,0.0,0.0,0.0,0.0,0.0,0.0,0.0,0.0,0.0,0.0,0.0,0.0,0.0,0.0,0.0,0.0,0.0,0.0,0.0,0.0,0.0,0.0,0.0,0.0,0.0,0.0,0.0,0.0,0.0,0.0,0.0,0.0,0.0,0.0,0.0,0.0,0.0,0.0,0.0,0.0,0.0,0.0,0.0,0.0,0.0,0.0,0.0,0.0,0.0
2020,Outram,350300.0,360380.0,270270.0,340340.0,440460.0,530540.0,590680.0,710790.0,760670.0,640600.0,800600.0,390410.0,810650.0,730630.0,630620.0,330380.0,290370.0,240460.0,92109130.0,420.0,2889.0,2356.0,1735.0,625.0,0.0,27.0,7605.0,840.0,5290.0,4920.0,4760.0,2050.0,10.0,470.0,18340.0,17020.0,49384331.0,24963197.0,399276.0,117.0,173.0,219.0,944.0,52.0,492.0,286.0,73607560.0,720570.0,880760.0,240240.0,393.0,2194.0,0.0,205.0,813.0,146.0,218.0,145.0,150.0,326.0,211.0,868.0,504.0,392.0,283.0,336.0,201.0,245.0,0.0,210.0,213.0,8053.0,2832.0,2195.0,1296.0,888.0,496.0,203.0,113.0,29.0,3605.0,1227.0,2714.0,251.0,48.0,194.0,14.0,833.0,401.0,0.0,1656.0,245.0,566.0,0.0,847.0,0.0,0.0,1111.0,0.0,769.0,711.0,643.0,0.0,378.0,429.0,0.0,374.0,306.0,9269.0,1018.0,909.0,146.0,0.0,232.0,1112.0,423.0,0.0,448.0,607.0,332.0,0.0,31.0,822.0,944.0,192.0,0.0,799.0,1255.0,3374.0,1516.0,162.0,19.0,90.0,6595.0,1147.0,268.0,431.0,57.0,454.0,44.0,0.0,1106.0,928.0,231.0,1289.0,129.0,426.0,3440.0,664.0,111.0,154.0,234.0,843.0,266.0,1418.0,1775.0,16.0,1005.0,500.0,15.0,46.0,6.0,40.0,28.0,0.0,0.0,80.0,228.0,10.0,624556.0,41113852.0,28472231.0,2501165.0,389.0,236.0,5.0,5.0,0.0,0.0,0.0,472.0,311.0,0.0,567.0,16.0,0.0,10.0,0.0,245.0,0.0,14.0,1527.0,1005.0,50.0,110.0,0.0,0.0,0.0,1717.0,1873.0,0.0,2326.0,155.0,0.0,95.0,0.0,71.0,0.0,252.0,5138.0,681.0,591.0,1470.0,4139.0,1881.0,63.0,41.0,1633.0,84.0,4718.0,3250.0
2020,Pasir Ris,28902800.0,39603740.0,48204540.0,64206030.0,68906500.0,44304610.0,41804710.0,45805210.0,51905660.0,58007210.0,70906740.0,33603180.0,52604940.0,35303220.0,21002230.0,9601270.0,6201000.0,460980.0,7254074570.0,12814.0,734.0,356.0,11809.0,17180.0,1905.0,0.0,30080.0,36780.0,1420.0,890.0,38800.0,61510.0,7110.0,610.0,147110.0,102620.0,4547539252.0,1547724843.0,24022787.0,3618.0,2273.0,1661.0,8529.0,566.0,6784.0,5838.0,4838050390.0,67506380.0,1458014800.0,28303010.0,587.0,3702.0,0.0,2230.0,1198.0,2017.0,2104.0,1608.0,1643.0,3415.0,2434.0,7885.0,1408.0,1691.0,1768.0,2318.0,2078.0,2281.0,0.0,1994.0,2438.0,44799.0,4790.0,8146.0,8749.0,10900.0,6883.0,3055.0,1462.0,814.0,6448.0,6006.0,26324.0,3000.0,843.0,1998.0,180.0,5604.0,3184.0,0.0,8239.0,2385.0,4308.0,0.0,6743.0,0.0,0.0,9396.0,0.0,10370.0,8790.0,7826.0,0.0,5773.0,4549.0,0.0,3966.0,3592.0,84725.0,3384.0,4021.0,1218.0,0.0,2959.0,8735.0,5210.0,0.0,4320.0,7860.0,2086.0,0.0,573.0,6756.0,14088.0,1978.0,0.0,10150.0,11389.0,9350.0,14560.0,1474.0,128.0,164.0,60686.0,27902.0,3185.0,2582.0,211.0,3853.0,462.0,0.0,1773.0,1424.0,1340.0,3537.0,373.0,6111.0,42988.0,18579.0,1810.0,1835.0,2397.0,10350.0,2588.0,7581.0,17060.0,54.0,5553.0,11857.0,45.0,616.0,99.0,835.0,149.0,0.0,0.0,315.0,1146.0,85.0,14402708.0,3853138589.0,2264521691.0,7373893.0,6691.0,4399.0,10.0,166.0,0.0,0.0,0.0,8418.0,1157.0,0.0,5830.0,438.0,0.0,220.0,0.0,1569.0,0.0,170.0,12420.0,20933.0,644.0,3442.0,0.0,0.0,0.0,23973.0,8069.0,0.0,6466.0,1701.0,0.0,1238.0,0.0,1235.0,0.0,3241.0,33119.0,9983.0,4566.0,30214.0,24187.0,18383.0,515.0,491.0,8777.0,443.0,41101.0,3254.0
2020,Paya Lebar,0.0,0.0,0.0,0.0,0.0,0.0,0.0,0.0,0.0,0.0,0.0,0.0,0.0,0.0,0.0,0.0,0.0,0.0,0.0,0.0,0.0,0.0,0.0,0.0,0.0,0.0,0.0,0.0,0.0,0.0,0.0,0.0,0.0,0.0,40.0,0.0,0.0,0.0,0.0,0.0,0.0,0.0,0.0,0.0,0.0,0.0,0.0,0.0,0.0,0.0,0.0,0.0,0.0,0.0,0.0,0.0,0.0,0.0,0.0,0.0,0.0,0.0,0.0,0.0,0.0,0.0,0.0,0.0,0.0,0.0,0.0,0.0,0.0,0.0,0.0,0.0,0.0,0.0,0.0,0.0,0.0,0.0,0.0,0.0,0.0,0.0,0.0,0.0,0.0,0.0,0.0,0.0,0.0,0.0,0.0,0.0,0.0,0.0,0.0,0.0,0.0,0.0,0.0,0.0,0.0,0.0,0.0,0.0,0.0,0.0,0.0,0.0,0.0,0.0,0.0,0.0,0.0,0.0,0.0,0.0,0.0,0.0,0.0,0.0,0.0,0.0,0.0,0.0,0.0,0.0,0.0,0.0,0.0,0.0,0.0,0.0,0.0,0.0,0.0,0.0,0.0,0.0,0.0,0.0,0.0,0.0,0.0,0.0,0.0,0.0,0.0,0.0,0.0,0.0,0.0,0.0,0.0,0.0,0.0,0.0,0.0,0.0,0.0,0.0,0.0,0.0,0.0,0.0,0.0,0.0,0.0,0.0,0.0,0.0,0.0,0.0,0.0,0.0,0.0,0.0,0.0,0.0,0.0,0.0,0.0,0.0,0.0,0.0,0.0,0.0,0.0,0.0,0.0,0.0,0.0,0.0,0.0,0.0,0.0,0.0,0.0,0.0,0.0,0.0,0.0,0.0,0.0,0.0,0.0,0.0,0.0,0.0,0.0,0.0,0.0,0.0,0.0,0.0,0.0,0.0,0.0
2020,Pioneer,0.0,0.0,0.0,0.0,0.0,0.0,0.0,0.0,0.0,0.0,0.0,0.0,0.0,0.0,0.0,0.0,0.0,0.0,0.0,0.0,0.0,0.0,0.0,0.0,0.0,0.0,0.0,0.0,0.0,0.0,0.0,0.0,0.0,0.0,80.0,0.0,0.0,0.0,0.0,0.0,0.0,0.0,0.0,0.0,0.0,0.0,0.0,0.0,0.0,0.0,0.0,0.0,0.0,0.0,0.0,0.0,0.0,0.0,0.0,0.0,0.0,0.0,0.0,0.0,0.0,0.0,0.0,0.0,0.0,0.0,0.0,0.0,0.0,0.0,0.0,0.0,0.0,0.0,0.0,0.0,0.0,0.0,0.0,0.0,0.0,0.0,0.0,0.0,0.0,0.0,0.0,0.0,0.0,0.0,0.0,0.0,0.0,0.0,0.0,0.0,0.0,0.0,0.0,0.0,0.0,0.0,0.0,0.0,0.0,0.0,0.0,0.0,0.0,0.0,0.0,0.0,0.0,0.0,0.0,0.0,0.0,0.0,0.0,0.0,0.0,0.0,0.0,0.0,0.0,0.0,0.0,0.0,0.0,0.0,0.0,0.0,0.0,0.0,0.0,0.0,0.0,0.0,0.0,0.0,0.0,0.0,0.0,0.0,0.0,0.0,0.0,0.0,0.0,0.0,0.0,0.0,0.0,0.0,0.0,0.0,0.0,0.0,0.0,0.0,0.0,0.0,0.0,0.0,0.0,0.0,0.0,0.0,0.0,0.0,0.0,0.0,0.0,0.0,0.0,0.0,0.0,0.0,0.0,0.0,0.0,0.0,0.0,0.0,0.0,0.0,0.0,0.0,0.0,0.0,0.0,0.0,0.0,0.0,0.0,0.0,0.0,0.0,0.0,0.0,0.0,0.0,0.0,0.0,0.0,0.0,0.0,0.0,0.0,0.0,0.0,0.0,0.0,0.0,0.0,0.0,0.0
2020,Punggol,81907960.0,59005510.0,43804190.0,35203300.0,36904640.0,74009800.0,1060011590.0,88908520.0,73806660.0,48404460.0,41203770.0,79907340.0,30303410.0,24902880.0,18402150.0,8501050.0,510680.0,320630.0,8594088520.0,7061.0,4364.0,5404.0,22277.0,16990.0,69.0,0.0,49035.0,22330.0,9290.0,14540.0,70500.0,57240.0,310.0,250.0,174450.0,151570.0,5036545171.0,1195322613.0,24472798.0,2699.0,1953.0,4921.0,16275.0,356.0,8685.0,2302.0,6518066760.0,62705930.0,1283013240.0,16802590.0,877.0,3531.0,0.0,2952.0,2397.0,2623.0,2474.0,2252.0,1764.0,4089.0,2858.0,6077.0,2418.0,3108.0,3060.0,2987.0,2975.0,3280.0,0.0,3317.0,3127.0,56166.0,5375.0,13023.0,12453.0,12781.0,7856.0,2972.0,1248.0,458.0,7069.0,9839.0,32832.0,3531.0,522.0,2311.0,61.0,5146.0,3765.0,0.0,9897.0,2587.0,5218.0,0.0,4558.0,0.0,0.0,9542.0,0.0,11021.0,10337.0,9577.0,0.0,7009.0,6845.0,0.0,5632.0,4402.0,95536.0,4923.0,4237.0,1735.0,0.0,3793.0,9420.0,5827.0,0.0,5396.0,8534.0,2861.0,0.0,696.0,7762.0,13660.0,2547.0,0.0,9459.0,14687.0,12270.0,12411.0,1088.0,345.0,146.0,72323.0,18652.0,2823.0,3258.0,286.0,5551.0,284.0,0.0,2626.0,2502.0,1482.0,5071.0,336.0,3829.0,53779.0,13292.0,2286.0,1726.0,2720.0,8279.0,2306.0,9334.0,27731.0,319.0,8255.0,8902.0,94.0,704.0,151.0,481.0,130.0,0.0,0.0,377.0,1410.0,53.0,18324295.0,4753347858.0,1456614422.0,8344007.0,6066.0,4992.0,85.0,136.0,0.0,0.0,0.0,4844.0,2521.0,0.0,12879.0,3502.0,0.0,259.0,0.0,1623.0,0.0,165.0,8975.0,21884.0,999.0,3619.0,0.0,0.0,0.0,19443.0,13546.0,0.0,7826.0,12437.0,0.0,1553.0,0.0,1676.0,0.0,2573.0,45742.0,9104.0,4976.0,20960.0,28518.0,14861.0,356.0,280.0,10550.0,338.0,51926.0,3902.0
2020,Queenstown,20701910.0,21402050.0,20802040.0,22102410.0,29103010.0,30503590.0,33803800.0,33803920.0,36303800.0,32803570.0,34103440.0,22302060.0,29203330.0,26003120.0,22803140.0,13902090.0,12001800.0,9501740.0,4512050820.0,4676.0,3814.0,13661.0,9424.0,4360.0,1032.0,86.0,31259.0,11910.0,7670.0,29740.0,27570.0,14060.0,3540.0,1460.0,95930.0,79040.0,2450123799.0,1050218206.0,15471747.0,1077.0,1095.0,1134.0,5364.0,176.0,3477.0,2030.0,3634041820.0,35903460.0,34103530.0,17501930.0,774.0,7776.0,0.0,1143.0,2408.0,916.0,1174.0,933.0,787.0,2083.0,1571.0,5460.0,1708.0,1924.0,1682.0,1515.0,1355.0,1304.0,0.0,1277.0,1264.0,37054.0,8278.0,10224.0,7181.0,5959.0,3411.0,1284.0,500.0,215.0,11632.0,6339.0,16310.0,1617.0,196.0,930.0,28.0,3010.0,1731.0,0.0,6385.0,1403.0,3292.0,0.0,5440.0,0.0,0.0,5076.0,0.0,4551.0,4081.0,3796.0,0.0,2883.0,2388.0,0.0,2367.0,1896.0,48299.0,2756.0,3007.0,778.0,0.0,1309.0,5474.0,3000.0,0.0,2891.0,3792.0,1289.0,0.0,362.0,4622.0,7031.0,1395.0,0.0,3666.0,6930.0,10761.0,11302.0,770.0,192.0,317.0,37407.0,6447.0,2075.0,2072.0,161.0,2865.0,332.0,0.0,2994.0,3868.0,1948.0,4981.0,531.0,4346.0,22797.0,3041.0,980.0,1301.0,1394.0,6957.0,952.0,5691.0,9537.0,83.0,4345.0,2992.0,65.0,295.0,88.0,440.0,329.0,0.0,0.0,362.0,1354.0,139.0,14662895.0,2233622051.0,1175913510.0,9895295.0,3338.0,2091.0,9.0,9.0,0.0,0.0,0.0,2789.0,1351.0,0.0,3104.0,121.0,0.0,140.0,0.0,1161.0,0.0,119.0,8856.0,9251.0,353.0,841.0,0.0,0.0,0.0,11023.0,8542.0,0.0,5015.0,944.0,0.0,428.0,0.0,606.0,0.0,1766.0,22997.0,6802.0,3496.0,6785.0,18942.0,14755.0,202.0,468.0,5856.0,514.0,31270.0,5269.0
2020,River Valley,220240.0,240310.0,210310.0,180240.0,220310.0,250350.0,350510.0,480560.0,520560.0,450430.0,340320.0,270340.0,280290.0,230210.0,200200.0,100120.0,5090.0,5080.0,46205450.0,3721.0,0.0,0.0,0.0,0.0,252.0,3.0,0.0,9290.0,0.0,0.0,0.0,0.0,700.0,80.0,10070.0,0.0,29882383.0,8071970.0,111162.0,62.0,168.0,193.0,767.0,12.0,468.0,317.0,31603870.0,710790.0,3060.0,720740.0,27.0,574.0,0.0,74.0,80.0,92.0,79.0,59.0,85.0,195.0,197.0,1860.0,75.0,102.0,54.0,80.0,90.0,92.0,0.0,87.0,75.0,3977.0,869.0,794.0,571.0,740.0,603.0,223.0,117.0,58.0,1194.0,728.0,1793.0,105.0,17.0,134.0,5.0,208.0,183.0,0.0,224.0,177.0,337.0,0.0,2272.0,0.0,0.0,229.0,0.0,272.0,260.0,342.0,0.0,219.0,270.0,0.0,231.0,148.0,5372.0,180.0,149.0,59.0,0.0,66.0,1379.0,252.0,0.0,364.0,252.0,53.0,0.0,22.0,911.0,520.0,184.0,0.0,211.0,769.0,248.0,1705.0,6.0,24.0,0.0,3608.0,461.0,1134.0,67.0,28.0,357.0,5.0,0.0,15.0,27.0,143.0,127.0,11.0,550.0,2707.0,269.0,755.0,646.0,120.0,1803.0,6.0,124.0,687.0,42.0,123.0,55.0,0.0,34.0,0.0,201.0,114.0,0.0,0.0,0.0,23.0,0.0,145228.0,26812686.0,10411333.0,39266.0,180.0,564.0,0.0,0.0,0.0,0.0,0.0,334.0,63.0,0.0,281.0,11.0,0.0,32.0,0.0,447.0,0.0,41.0,490.0,1854.0,0.0,16.0,0.0,0.0,0.0,620.0,692.0,0.0,742.0,84.0,0.0,65.0,0.0,31.0,0.0,651.0,1297.0,1057.0,863.0,154.0,2565.0,2202.0,81.0,27.0,175.0,220.0,2454.0,1303.0
2020,Rochor,210200.0,230250.0,240280.0,310280.0,340420.0,460460.0,490480.0,540530.0,600510.0,470460.0,520430.0,200230.0,530480.0,440480.0,350440.0,220260.0,150210.0,240190.0,65306590.0,0.0,0.0,0.0,0.0,0.0,0.0,0.0,0.0,2300.0,710.0,4380.0,4130.0,740.0,140.0,710.0,13120.0,9960.0,0.0,0.0,0.0,0.0,0.0,0.0,0.0,0.0,0.0,0.0,46705010.0,13401050.0,300320.0,240230.0,0.0,0.0,0.0,0.0,0.0,0.0,0.0,0.0,0.0,0.0,0.0,0.0,0.0,0.0,0.0,0.0,0.0,0.0,0.0,0.0,0.0,0.0,0.0,0.0,0.0,0.0,0.0,0.0,0.0,0.0,0.0,0.0,0.0,0.0,0.0,0.0,0.0,0.0,0.0,0.0,0.0,0.0,0.0,0.0,0.0,0.0,0.0,0.0,0.0,0.0,0.0,0.0,0.0,0.0,0.0,0.0,0.0,0.0,0.0,0.0,0.0,0.0,0.0,0.0,0.0,0.0,0.0,0.0,0.0,0.0,0.0,0.0,0.0,0.0,0.0,0.0,0.0,0.0,0.0,0.0,0.0,0.0,0.0,0.0,0.0,0.0,0.0,0.0,0.0,0.0,0.0,0.0,0.0,0.0,0.0,0.0,0.0,0.0,0.0,0.0,0.0,0.0,0.0,0.0,0.0,0.0,0.0,0.0,0.0,0.0,0.0,0.0,0.0,0.0,0.0,0.0,0.0,0.0,0.0,0.0,0.0,0.0,0.0,0.0,0.0,0.0,0.0,0.0,0.0,0.0,0.0,0.0,0.0,0.0,0.0,0.0,0.0,0.0,0.0,0.0,0.0,0.0,0.0,0.0,0.0,0.0,0.0,0.0,0.0,0.0,0.0,0.0,0.0,0.0,0.0,0.0,0.0,0.0,0.0,0.0,0.0,0.0,0.0,0.0,0.0,0.0,0.0,0.0,0.0,0.0,0.0
2020,Seletar,10.0,1010.0,1010.0,2010.0,0.0,100.0,10.0,1020.0,2020.0,2020.0,1020.0,1010.0,1010.0,1010.0,10.0,0.0,0.0,0.0,140160.0,0.0,0.0,0.0,0.0,0.0,0.0,0.0,0.0,0.0,0.0,0.0,0.0,0.0,280.0,20.0,300.0,0.0,0.0,0.0,0.0,0.0,0.0,0.0,0.0,0.0,0.0,0.0,80100.0,2010.0,0.0,3040.0,0.0,0.0,0.0,0.0,0.0,0.0,0.0,0.0,0.0,0.0,0.0,0.0,0.0,0.0,0.0,0.0,0.0,0.0,0.0,0.0,0.0,0.0,0.0,0.0,0.0,0.0,0.0,0.0,0.0,0.0,0.0,0.0,0.0,0.0,0.0,0.0,0.0,0.0,0.0,0.0,0.0,0.0,0.0,0.0,0.0,0.0,0.0,0.0,0.0,0.0,0.0,0.0,0.0,0.0,0.0,0.0,0.0,0.0,0.0,0.0,0.0,0.0,0.0,0.0,0.0,0.0,0.0,0.0,0.0,0.0,0.0,0.0,0.0,0.0,0.0,0.0,0.0,0.0,0.0,0.0,0.0,0.0,0.0,0.0,0.0,0.0,0.0,0.0,0.0,0.0,0.0,0.0,0.0,0.0,0.0,0.0,0.0,0.0,0.0,0.0,0.0,0.0,0.0,0.0,0.0,0.0,0.0,0.0,0.0,0.0,0.0,0.0,0.0,0.0,0.0,0.0,0.0,0.0,0.0,0.0,0.0,0.0,0.0,0.0,0.0,0.0,0.0,0.0,0.0,0.0,0.0,0.0,0.0,0.0,0.0,0.0,0.0,0.0,0.0,0.0,0.0,0.0,0.0,0.0,0.0,0.0,0.0,0.0,0.0,0.0,0.0,0.0,0.0,0.0,0.0,0.0,0.0,0.0,0.0,0.0,0.0,0.0,0.0,0.0,0.0,0.0,0.0,0.0,0.0,0.0,0.0
2020,Sembawang,31903120.0,32503150.0,32703130.0,30602960.0,36204080.0,44904640.0,41504410.0,40704550.0,43304620.0,37403560.0,34803250.0,29902830.0,28402700.0,19201870.0,11201240.0,550770.0,380520.0,250520.0,5071051930.0,3509.0,3516.0,1507.0,11908.0,11653.0,943.0,13.0,28584.0,10860.0,6840.0,4490.0,36860.0,38890.0,3880.0,820.0,102640.0,87080.0,3188027629.0,883415878.0,18741857.0,2388.0,1388.0,1726.0,7749.0,273.0,5455.0,2107.0,3598036900.0,48604490.0,81508530.0,16901990.0,586.0,2716.0,0.0,1645.0,1395.0,1397.0,1237.0,1310.0,1190.0,1866.0,1511.0,2847.0,1695.0,2066.0,1979.0,2090.0,1931.0,1925.0,0.0,1882.0,1783.0,33051.0,4310.0,7162.0,6744.0,7466.0,4158.0,2097.0,676.0,437.0,5513.0,5365.0,17911.0,2185.0,483.0,1493.0,100.0,3791.0,1754.0,0.0,6653.0,1435.0,2237.0,0.0,2161.0,0.0,0.0,7743.0,0.0,8024.0,6915.0,5857.0,0.0,4614.0,3438.0,0.0,2850.0,2037.0,59509.0,3761.0,3389.0,1017.0,0.0,3397.0,4314.0,4099.0,0.0,2757.0,8165.0,1648.0,0.0,692.0,3951.0,7280.0,1169.0,0.0,5199.0,8671.0,10155.0,7146.0,1062.0,77.0,242.0,39500.0,13873.0,1907.0,3997.0,266.0,5439.0,493.0,0.0,1966.0,1452.0,907.0,3919.0,283.0,2073.0,22572.0,7135.0,728.0,1216.0,3353.0,4302.0,1628.0,8252.0,18608.0,125.0,6911.0,7838.0,70.0,414.0,146.0,861.0,142.0,0.0,0.0,343.0,1856.0,113.0,13152419.0,2796927833.0,1279512324.0,5082788.0,2941.0,2239.0,36.0,104.0,0.0,0.0,0.0,5734.0,2933.0,0.0,5642.0,282.0,0.0,144.0,0.0,871.0,0.0,80.0,5648.0,9981.0,891.0,2286.0,0.0,0.0,0.0,16804.0,13012.0,0.0,4925.0,1478.0,0.0,1302.0,0.0,1244.0,0.0,1082.0,29545.0,4815.0,4710.0,15532.0,17136.0,8349.0,234.0,219.0,7412.0,362.0,29943.0,2745.0
2020,Sengkang,83708010.0,80807840.0,70106620.0,67506430.0,68207500.0,963011860.0,1191013190.0,1098011610.0,1026010130.0,82607670.0,75207440.0,91308470.0,66906950.0,49505120.0,32303590.0,15201870.0,8901270.0,4801300.0,122480126890.0,10823.0,3950.0,4043.0,31507.0,28680.0,372.0,0.0,68180.0,31780.0,8150.0,11090.0,99800.0,96230.0,1530.0,790.0,249370.0,215280.0,7624365172.0,1949837699.0,37013685.0,4996.0,2996.0,4974.0,21822.0,648.0,12968.0,5185.0,9470098170.0,1102010690.0,1413014450.0,26403600.0,1276.0,5621.0,0.0,3915.0,3166.0,3803.0,3016.0,3177.0,2811.0,6068.0,3905.0,8762.0,3556.0,4024.0,4310.0,4318.0,4693.0,4431.0,0.0,4164.0,4359.0,79375.0,8576.0,16046.0,17143.0,18989.0,11208.0,5095.0,1632.0,687.0,11107.0,12053.0,46691.0,5138.0,816.0,3446.0,124.0,8651.0,5482.0,0.0,17230.0,3875.0,6995.0,0.0,6648.0,0.0,0.0,15393.0,0.0,16130.0,15469.0,12751.0,0.0,11198.0,8471.0,0.0,7626.0,5497.0,141416.0,7411.0,7682.0,2234.0,0.0,6424.0,13077.0,9275.0,0.0,7884.0,12683.0,4214.0,0.0,1227.0,10549.0,19054.0,3369.0,0.0,14473.0,21859.0,23238.0,17650.0,1693.0,351.0,407.0,107922.0,22659.0,5205.0,8157.0,361.0,8461.0,669.0,0.0,3753.0,4327.0,2352.0,8670.0,731.0,5634.0,71585.0,13760.0,3041.0,2745.0,6180.0,10765.0,3469.0,19762.0,38460.0,254.0,16205.0,12362.0,131.0,1629.0,361.0,1156.0,164.0,0.0,0.0,778.0,5314.0,78.0,25565508.0,6788667513.0,2773327571.0,12675964.0,11197.0,5855.0,83.0,192.0,0.0,0.0,0.0,8472.0,3760.0,0.0,16950.0,3683.0,0.0,487.0,0.0,2506.0,0.0,273.0,18315.0,28363.0,1615.0,4711.0,0.0,0.0,0.0,29530.0,19110.0,0.0,13155.0,16193.0,0.0,2184.0,0.0,2498.0,0.0,3734.0,72229.0,14123.0,10715.0,26557.0,43436.0,20258.0,450.0,639.0,17591.0,451.0,74600.0,4325.0
2020,Serangoon,18401720.0,26602520.0,31902970.0,39403580.0,46704650.0,39804040.0,32503670.0,33503900.0,37904430.0,39004490.0,43805030.0,23202060.0,48005290.0,41404270.0,29703250.0,14301800.0,10201450.0,7501430.0,5637060530.0,6178.0,664.0,4376.0,10514.0,6531.0,9745.0,78.0,22085.0,16310.0,1520.0,9850.0,31510.0,21010.0,35760.0,930.0,116900.0,63890.0,3314730411.0,1384122068.0,18851925.0,1852.0,1516.0,999.0,5535.0,361.0,4678.0,4117.0,4750051260.0,51005160.0,24202460.0,13501660.0,496.0,5318.0,0.0,1379.0,1444.0,1255.0,1019.0,1052.0,1008.0,2038.0,1795.0,8616.0,1629.0,1464.0,1425.0,1786.0,1568.0,1803.0,0.0,1521.0,1470.0,38086.0,5384.0,7984.0,7800.0,7687.0,4694.0,2309.0,1178.0,1050.0,7817.0,5584.0,19498.0,2331.0,600.0,2114.0,143.0,3740.0,2490.0,0.0,7518.0,1674.0,3627.0,0.0,8149.0,0.0,0.0,6247.0,0.0,6299.0,5600.0,5431.0,0.0,3878.0,3426.0,0.0,3052.0,2427.0,63558.0,3408.0,3150.0,850.0,0.0,3049.0,6751.0,4275.0,0.0,3628.0,5040.0,1754.0,0.0,433.0,6351.0,8487.0,1798.0,0.0,4374.0,10210.0,12163.0,15186.0,431.0,80.0,399.0,53961.0,6456.0,1544.0,4449.0,196.0,3083.0,571.0,0.0,2395.0,2712.0,1907.0,4736.0,318.0,6589.0,36060.0,3009.0,850.0,823.0,3464.0,11031.0,806.0,8774.0,13251.0,137.0,5367.0,2221.0,46.0,312.0,66.0,420.0,113.0,0.0,0.0,534.0,2226.0,60.0,9822395.0,2996129929.0,1709517510.0,8364571.0,3423.0,4014.0,0.0,53.0,0.0,0.0,0.0,5248.0,1515.0,0.0,2690.0,284.0,0.0,94.0,0.0,1350.0,0.0,184.0,7671.0,18497.0,696.0,895.0,0.0,0.0,0.0,15724.0,9066.0,0.0,5690.0,1166.0,0.0,422.0,0.0,784.0,0.0,1955.0,30157.0,11557.0,6233.0,5316.0,22647.0,17399.0,266.0,340.0,9363.0,460.0,34232.0,3394.0
2020,Simpang,0.0,0.0,0.0,0.0,0.0,0.0,0.0,0.0,0.0,0.0,0.0,0.0,0.0,0.0,0.0,0.0,0.0,0.0,0.0,0.0,0.0,0.0,0.0,0.0,0.0,0.0,0.0,0.0,0.0,0.0,0.0,0.0,0.0,0.0,0.0,0.0,0.0,0.0,0.0,0.0,0.0,0.0,0.0,0.0,0.0,0.0,0.0,0.0,0.0,0.0,0.0,0.0,0.0,0.0,0.0,0.0,0.0,0.0,0.0,0.0,0.0,0.0,0.0,0.0,0.0,0.0,0.0,0.0,0.0,0.0,0.0,0.0,0.0,0.0,0.0,0.0,0.0,0.0,0.0,0.0,0.0,0.0,0.0,0.0,0.0,0.0,0.0,0.0,0.0,0.0,0.0,0.0,0.0,0.0,0.0,0.0,0.0,0.0,0.0,0.0,0.0,0.0,0.0,0.0,0.0,0.0,0.0,0.0,0.0,0.0,0.0,0.0,0.0,0.0,0.0,0.0,0.0,0.0,0.0,0.0,0.0,0.0,0.0,0.0,0.0,0.0,0.0,0.0,0.0,0.0,0.0,0.0,0.0,0.0,0.0,0.0,0.0,0.0,0.0,0.0,0.0,0.0,0.0,0.0,0.0,0.0,0.0,0.0,0.0,0.0,0.0,0.0,0.0,0.0,0.0,0.0,0.0,0.0,0.0,0.0,0.0,0.0,0.0,0.0,0.0,0.0,0.0,0.0,0.0,0.0,0.0,0.0,0.0,0.0,0.0,0.0,0.0,0.0,0.0,0.0,0.0,0.0,0.0,0.0,0.0,0.0,0.0,0.0,0.0,0.0,0.0,0.0,0.0,0.0,0.0,0.0,0.0,0.0,0.0,0.0,0.0,0.0,0.0,0.0,0.0,0.0,0.0,0.0,0.0,0.0,0.0,0.0,0.0,0.0,0.0,0.0,0.0,0.0,0.0,0.0,0.0
2020,Singapore River,90120.0,90100.0,5070.0,5060.0,5070.0,70120.0,150210.0,200210.0,200190.0,140130.0,11090.0,120140.0,7070.0,5050.0,5050.0,3020.0,2020.0,2010.0,15401730.0,0.0,0.0,0.0,0.0,0.0,0.0,0.0,0.0,3110.0,0.0,0.0,0.0,0.0,0.0,150.0,3260.0,0.0,0.0,0.0,0.0,0.0,0.0,0.0,0.0,0.0,0.0,0.0,10401280.0,160150.0,1010.0,340300.0,0.0,0.0,0.0,0.0,0.0,0.0,0.0,0.0,0.0,0.0,0.0,0.0,0.0,0.0,0.0,0.0,0.0,0.0,0.0,0.0,0.0,0.0,0.0,0.0,0.0,0.0,0.0,0.0,0.0,0.0,0.0,0.0,0.0,0.0,0.0,0.0,0.0,0.0,0.0,0.0,0.0,0.0,0.0,0.0,0.0,0.0,0.0,0.0,0.0,0.0,0.0,0.0,0.0,0.0,0.0,0.0,0.0,0.0,0.0,0.0,0.0,0.0,0.0,0.0,0.0,0.0,0.0,0.0,0.0,0.0,0.0,0.0,0.0,0.0,0.0,0.0,0.0,0.0,0.0,0.0,0.0,0.0,0.0,0.0,0.0,0.0,0.0,0.0,0.0,0.0,0.0,0.0,0.0,0.0,0.0,0.0,0.0,0.0,0.0,0.0,0.0,0.0,0.0,0.0,0.0,0.0,0.0,0.0,0.0,0.0,0.0,0.0,0.0,0.0,0.0,0.0,0.0,0.0,0.0,0.0,0.0,0.0,0.0,0.0,0.0,0.0,0.0,0.0,0.0,0.0,0.0,0.0,0.0,0.0,0.0,0.0,0.0,0.0,0.0,0.0,0.0,0.0,0.0,0.0,0.0,0.0,0.0,0.0,0.0,0.0,0.0,0.0,0.0,0.0,0.0,0.0,0.0,0.0,0.0,0.0,0.0,0.0,0.0,0.0,0.0,0.0,0.0,0.0,0.0,0.0,0.0
2020,Southern Islands,6050.0,4070.0,3070.0,3060.0,4050.0,3060.0,50100.0,8090.0,110120.0,110100.0,12080.0,6080.0,8050.0,4030.0,2020.0,1010.0,10.0,0.0,9201020.0,0.0,0.0,0.0,0.0,0.0,0.0,0.0,0.0,1280.0,0.0,0.0,0.0,0.0,640.0,20.0,1940.0,0.0,0.0,0.0,0.0,0.0,0.0,0.0,0.0,0.0,0.0,0.0,450560.0,100100.0,1020.0,370330.0,0.0,0.0,0.0,0.0,0.0,0.0,0.0,0.0,0.0,0.0,0.0,0.0,0.0,0.0,0.0,0.0,0.0,0.0,0.0,0.0,0.0,0.0,0.0,0.0,0.0,0.0,0.0,0.0,0.0,0.0,0.0,0.0,0.0,0.0,0.0,0.0,0.0,0.0,0.0,0.0,0.0,0.0,0.0,0.0,0.0,0.0,0.0,0.0,0.0,0.0,0.0,0.0,0.0,0.0,0.0,0.0,0.0,0.0,0.0,0.0,0.0,0.0,0.0,0.0,0.0,0.0,0.0,0.0,0.0,0.0,0.0,0.0,0.0,0.0,0.0,0.0,0.0,0.0,0.0,0.0,0.0,0.0,0.0,0.0,0.0,0.0,0.0,0.0,0.0,0.0,0.0,0.0,0.0,0.0,0.0,0.0,0.0,0.0,0.0,0.0,0.0,0.0,0.0,0.0,0.0,0.0,0.0,0.0,0.0,0.0,0.0,0.0,0.0,0.0,0.0,0.0,0.0,0.0,0.0,0.0,0.0,0.0,0.0,0.0,0.0,0.0,0.0,0.0,0.0,0.0,0.0,0.0,0.0,0.0,0.0,0.0,0.0,0.0,0.0,0.0,0.0,0.0,0.0,0.0,0.0,0.0,0.0,0.0,0.0,0.0,0.0,0.0,0.0,0.0,0.0,0.0,0.0,0.0,0.0,0.0,0.0,0.0,0.0,0.0,0.0,0.0,0.0,0.0,0.0,0.0,0.0
2020,Straits View,0.0,0.0,0.0,0.0,0.0,0.0,0.0,0.0,0.0,0.0,0.0,0.0,0.0,0.0,0.0,0.0,0.0,0.0,0.0,0.0,0.0,0.0,0.0,0.0,0.0,0.0,0.0,0.0,0.0,0.0,0.0,0.0,0.0,0.0,0.0,0.0,0.0,0.0,0.0,0.0,0.0,0.0,0.0,0.0,0.0,0.0,0.0,0.0,0.0,0.0,0.0,0.0,0.0,0.0,0.0,0.0,0.0,0.0,0.0,0.0,0.0,0.0,0.0,0.0,0.0,0.0,0.0,0.0,0.0,0.0,0.0,0.0,0.0,0.0,0.0,0.0,0.0,0.0,0.0,0.0,0.0,0.0,0.0,0.0,0.0,0.0,0.0,0.0,0.0,0.0,0.0,0.0,0.0,0.0,0.0,0.0,0.0,0.0,0.0,0.0,0.0,0.0,0.0,0.0,0.0,0.0,0.0,0.0,0.0,0.0,0.0,0.0,0.0,0.0,0.0,0.0,0.0,0.0,0.0,0.0,0.0,0.0,0.0,0.0,0.0,0.0,0.0,0.0,0.0,0.0,0.0,0.0,0.0,0.0,0.0,0.0,0.0,0.0,0.0,0.0,0.0,0.0,0.0,0.0,0.0,0.0,0.0,0.0,0.0,0.0,0.0,0.0,0.0,0.0,0.0,0.0,0.0,0.0,0.0,0.0,0.0,0.0,0.0,0.0,0.0,0.0,0.0,0.0,0.0,0.0,0.0,0.0,0.0,0.0,0.0,0.0,0.0,0.0,0.0,0.0,0.0,0.0,0.0,0.0,0.0,0.0,0.0,0.0,0.0,0.0,0.0,0.0,0.0,0.0,0.0,0.0,0.0,0.0,0.0,0.0,0.0,0.0,0.0,0.0,0.0,0.0,0.0,0.0,0.0,0.0,0.0,0.0,0.0,0.0,0.0,0.0,0.0,0.0,0.0,0.0,0.0
2020,Sungei Kadut,1010.0,2020.0,1020.0,2030.0,2030.0,2020.0,2030.0,2020.0,4020.0,3030.0,2030.0,2020.0,3030.0,3020.0,2020.0,1010.0,2020.0,1020.0,380370.0,0.0,0.0,0.0,0.0,0.0,0.0,0.0,0.0,0.0,0.0,0.0,0.0,0.0,670.0,80.0,750.0,0.0,0.0,0.0,0.0,0.0,0.0,0.0,0.0,0.0,0.0,0.0,290290.0,4040.0,0.0,1010.0,0.0,0.0,0.0,0.0,0.0,0.0,0.0,0.0,0.0,0.0,0.0,0.0,0.0,0.0,0.0,0.0,0.0,0.0,0.0,0.0,0.0,0.0,0.0,0.0,0.0,0.0,0.0,0.0,0.0,0.0,0.0,0.0,0.0,0.0,0.0,0.0,0.0,0.0,0.0,0.0,0.0,0.0,0.0,0.0,0.0,0.0,0.0,0.0,0.0,0.0,0.0,0.0,0.0,0.0,0.0,0.0,0.0,0.0,0.0,0.0,0.0,0.0,0.0,0.0,0.0,0.0,0.0,0.0,0.0,0.0,0.0,0.0,0.0,0.0,0.0,0.0,0.0,0.0,0.0,0.0,0.0,0.0,0.0,0.0,0.0,0.0,0.0,0.0,0.0,0.0,0.0,0.0,0.0,0.0,0.0,0.0,0.0,0.0,0.0,0.0,0.0,0.0,0.0,0.0,0.0,0.0,0.0,0.0,0.0,0.0,0.0,0.0,0.0,0.0,0.0,0.0,0.0,0.0,0.0,0.0,0.0,0.0,0.0,0.0,0.0,0.0,0.0,0.0,0.0,0.0,0.0,0.0,0.0,0.0,0.0,0.0,0.0,0.0,0.0,0.0,0.0,0.0,0.0,0.0,0.0,0.0,0.0,0.0,0.0,0.0,0.0,0.0,0.0,0.0,0.0,0.0,0.0,0.0,0.0,0.0,0.0,0.0,0.0,0.0,0.0,0.0,0.0,0.0,0.0,0.0,0.0
2020,Tampines,59405790.0,62205770.0,67606530.0,90308570.0,1108010770.0,100009990.0,86209510.0,81708710.0,80309030.0,870010030.0,1026011310.0,59705510.0,1035011010.0,82308120.0,51605380.0,21502660.0,13902110.0,9402120.0,127000132900.0,9543.0,3215.0,14313.0,31182.0,24136.0,1211.0,81.0,72846.0,27770.0,7040.0,34340.0,99780.0,85220.0,4480.0,1270.0,259900.0,226370.0,7876865780.0,2642546772.0,48924345.0,4835.0,3658.0,3312.0,13812.0,584.0,10165.0,6906.0,8430089370.0,1116010540.0,2796028620.0,36104370.0,1389.0,9631.0,0.0,3947.0,4043.0,3380.0,2975.0,2903.0,2311.0,5373.0,3672.0,9644.0,3892.0,4610.0,4472.0,4592.0,4362.0,4646.0,0.0,3802.0,4038.0,83682.0,10895.0,17995.0,18183.0,17600.0,10400.0,5341.0,2303.0,964.0,14991.0,12649.0,45002.0,5474.0,1333.0,3981.0,250.0,10239.0,4045.0,0.0,19330.0,3474.0,5856.0,0.0,7842.0,0.0,0.0,17248.0,0.0,19714.0,16078.0,12917.0,0.0,8953.0,7887.0,0.0,6103.0,4864.0,144550.0,8707.0,8710.0,2404.0,0.0,4431.0,13712.0,9211.0,0.0,7424.0,13088.0,4299.0,0.0,1506.0,9884.0,19842.0,3084.0,0.0,19154.0,19091.0,24607.0,21796.0,4438.0,202.0,304.0,96446.0,50578.0,4732.0,4964.0,325.0,6208.0,496.0,0.0,5744.0,4920.0,2718.0,10580.0,1016.0,7333.0,56393.0,24038.0,3569.0,1550.0,3624.0,13860.0,8611.0,18082.0,31880.0,324.0,12843.0,29686.0,167.0,1560.0,419.0,828.0,170.0,0.0,0.0,399.0,2721.0,60.0,30675455.0,6710166038.0,3798435236.0,193310169.0,11416.0,4644.0,74.0,288.0,0.0,0.0,0.0,9549.0,2897.0,0.0,9591.0,822.0,0.0,500.0,0.0,3205.0,0.0,190.0,25058.0,26251.0,1351.0,6762.0,0.0,0.0,0.0,34708.0,20843.0,0.0,13937.0,3591.0,0.0,3052.0,0.0,2972.0,0.0,4357.0,64965.0,13594.0,8351.0,59177.0,36837.0,24778.0,488.0,703.0,18089.0,546.0,77953.0,5183.0
2020,Tanglin,530540.0,640730.0,510600.0,440560.0,440570.0,470730.0,660970.0,8901110.0,10501150.0,870880.0,740690.0,740850.0,600640.0,530570.0,450480.0,250260.0,160190.0,140200.0,1010011700.0,6493.0,0.0,21.0,79.0,86.0,1234.0,25.0,187.0,16790.0,0.0,30.0,190.0,250.0,4350.0,190.0,21810.0,470.0,54824723.0,20573981.0,202293.0,86.0,298.0,354.0,1713.0,53.0,1038.0,626.0,73808910.0,10901120.0,100130.0,15501540.0,71.0,1210.0,0.0,186.0,84.0,129.0,154.0,146.0,102.0,356.0,397.0,3977.0,104.0,132.0,127.0,191.0,109.0,155.0,0.0,185.0,122.0,7937.0,1240.0,1609.0,1290.0,1410.0,1208.0,594.0,307.0,280.0,1880.0,1488.0,3887.0,284.0,81.0,277.0,42.0,344.0,501.0,0.0,335.0,326.0,809.0,0.0,4399.0,0.0,0.0,383.0,0.0,487.0,383.0,612.0,0.0,387.0,427.0,0.0,487.0,325.0,10205.0,267.0,217.0,119.0,0.0,121.0,2494.0,845.0,0.0,658.0,465.0,125.0,0.0,48.0,1687.0,876.0,359.0,0.0,321.0,1604.0,507.0,4101.0,4.0,49.0,3.0,7642.0,746.0,1637.0,133.0,69.0,597.0,20.0,0.0,87.0,124.0,270.0,192.0,22.0,1550.0,6369.0,424.0,884.0,943.0,167.0,4235.0,0.0,302.0,1152.0,64.0,327.0,39.0,23.0,107.0,10.0,477.0,150.0,0.0,0.0,7.0,13.0,6.0,222453.0,54645697.0,19242406.0,130441.0,451.0,1487.0,0.0,3.0,0.0,0.0,0.0,397.0,179.0,0.0,685.0,26.0,0.0,43.0,0.0,728.0,0.0,85.0,930.0,5065.0,3.0,55.0,0.0,0.0,0.0,1077.0,841.0,0.0,897.0,59.0,0.0,102.0,0.0,47.0,0.0,987.0,2550.0,2680.0,1102.0,423.0,4654.0,4567.0,131.0,92.0,539.0,258.0,5432.0,2248.0
2020,Tengah,0.0,0.0,0.0,0.0,0.0,0.0,0.0,0.0,0.0,0.0,0.0,0.0,0.0,0.0,0.0,0.0,0.0,0.0,0.0,0.0,0.0,0.0,0.0,0.0,0.0,0.0,0.0,0.0,0.0,0.0,0.0,0.0,0.0,0.0,10.0,0.0,0.0,0.0,0.0,0.0,0.0,0.0,0.0,0.0,0.0,0.0,0.0,0.0,0.0,0.0,0.0,0.0,0.0,0.0,0.0,0.0,0.0,0.0,0.0,0.0,0.0,0.0,0.0,0.0,0.0,0.0,0.0,0.0,0.0,0.0,0.0,0.0,0.0,0.0,0.0,0.0,0.0,0.0,0.0,0.0,0.0,0.0,0.0,0.0,0.0,0.0,0.0,0.0,0.0,0.0,0.0,0.0,0.0,0.0,0.0,0.0,0.0,0.0,0.0,0.0,0.0,0.0,0.0,0.0,0.0,0.0,0.0,0.0,0.0,0.0,0.0,0.0,0.0,0.0,0.0,0.0,0.0,0.0,0.0,0.0,0.0,0.0,0.0,0.0,0.0,0.0,0.0,0.0,0.0,0.0,0.0,0.0,0.0,0.0,0.0,0.0,0.0,0.0,0.0,0.0,0.0,0.0,0.0,0.0,0.0,0.0,0.0,0.0,0.0,0.0,0.0,0.0,0.0,0.0,0.0,0.0,0.0,0.0,0.0,0.0,0.0,0.0,0.0,0.0,0.0,0.0,0.0,0.0,0.0,0.0,0.0,0.0,0.0,0.0,0.0,0.0,0.0,0.0,0.0,0.0,0.0,0.0,0.0,0.0,0.0,0.0,0.0,0.0,0.0,0.0,0.0,0.0,0.0,0.0,0.0,0.0,0.0,0.0,0.0,0.0,0.0,0.0,0.0,0.0,0.0,0.0,0.0,0.0,0.0,0.0,0.0,0.0,0.0,0.0,0.0,0.0,0.0,0.0,0.0,0.0,0.0
2020,Toa Payoh,21902170.0,27502550.0,27902690.0,30803100.0,39404230.0,40304320.0,36604350.0,40104570.0,45304960.0,42504540.0,44004750.0,26702390.0,45404780.0,37404070.0,29803780.0,18302540.0,14402210.0,10701970.0,5789063960.0,5440.0,4793.0,16019.0,11368.0,7092.0,1771.0,397.0,39272.0,14580.0,9600.0,34990.0,32040.0,23600.0,5660.0,1370.0,121850.0,100230.0,3160731947.0,1402822820.0,21282259.0,1892.0,1476.0,1585.0,6337.0,299.0,4795.0,2669.0,4783053490.0,43504240.0,41804270.0,15501990.0,1296.0,10015.0,0.0,1484.0,2987.0,1400.0,1202.0,863.0,912.0,2236.0,1569.0,6064.0,2376.0,2603.0,2504.0,2089.0,2072.0,1791.0,0.0,2004.0,1413.0,46880.0,11689.0,11432.0,8921.0,7454.0,4221.0,2074.0,680.0,408.0,15327.0,7013.0,19995.0,2565.0,443.0,1503.0,33.0,4623.0,2030.0,0.0,8866.0,1689.0,3180.0,0.0,5156.0,0.0,0.0,7074.0,0.0,7174.0,5873.0,4725.0,0.0,4335.0,3212.0,0.0,2964.0,2652.0,63553.0,4453.0,4253.0,1017.0,0.0,2150.0,6504.0,4559.0,0.0,2862.0,4514.0,2428.0,0.0,483.0,5251.0,8110.0,1848.0,0.0,5484.0,9638.0,15197.0,13727.0,777.0,226.0,304.0,50217.0,8219.0,1795.0,2900.0,251.0,4250.0,297.0,0.0,4354.0,3696.0,1946.0,6211.0,473.0,5365.0,31706.0,3894.0,659.0,1056.0,1951.0,6967.0,1365.0,7844.0,14938.0,207.0,6561.0,3844.0,94.0,247.0,85.0,592.0,251.0,0.0,0.0,297.0,1926.0,79.0,22323614.0,2803828613.0,1619618510.0,12976289.0,4215.0,2466.0,20.0,100.0,0.0,0.0,0.0,4661.0,1724.0,0.0,4203.0,147.0,0.0,153.0,0.0,1080.0,0.0,191.0,9540.0,11207.0,577.0,1163.0,0.0,0.0,0.0,16847.0,12084.0,0.0,6496.0,1107.0,0.0,719.0,0.0,843.0,0.0,2185.0,34920.0,9929.0,3807.0,8521.0,23483.0,14250.0,364.0,245.0,9271.0,366.0,38826.0,7687.0
2020,Tuas,0.0,0.0,0.0,0.0,0.0,0.0,0.0,0.0,0.0,0.0,0.0,0.0,0.0,0.0,0.0,0.0,0.0,0.0,0.0,0.0,0.0,0.0,0.0,0.0,0.0,0.0,0.0,0.0,0.0,0.0,0.0,0.0,0.0,0.0,70.0,0.0,0.0,0.0,0.0,0.0,0.0,0.0,0.0,0.0,0.0,0.0,0.0,0.0,0.0,0.0,0.0,0.0,0.0,0.0,0.0,0.0,0.0,0.0,0.0,0.0,0.0,0.0,0.0,0.0,0.0,0.0,0.0,0.0,0.0,0.0,0.0,0.0,0.0,0.0,0.0,0.0,0.0,0.0,0.0,0.0,0.0,0.0,0.0,0.0,0.0,0.0,0.0,0.0,0.0,0.0,0.0,0.0,0.0,0.0,0.0,0.0,0.0,0.0,0.0,0.0,0.0,0.0,0.0,0.0,0.0,0.0,0.0,0.0,0.0,0.0,0.0,0.0,0.0,0.0,0.0,0.0,0.0,0.0,0.0,0.0,0.0,0.0,0.0,0.0,0.0,0.0,0.0,0.0,0.0,0.0,0.0,0.0,0.0,0.0,0.0,0.0,0.0,0.0,0.0,0.0,0.0,0.0,0.0,0.0,0.0,0.0,0.0,0.0,0.0,0.0,0.0,0.0,0.0,0.0,0.0,0.0,0.0,0.0,0.0,0.0,0.0,0.0,0.0,0.0,0.0,0.0,0.0,0.0,0.0,0.0,0.0,0.0,0.0,0.0,0.0,0.0,0.0,0.0,0.0,0.0,0.0,0.0,0.0,0.0,0.0,0.0,0.0,0.0,0.0,0.0,0.0,0.0,0.0,0.0,0.0,0.0,0.0,0.0,0.0,0.0,0.0,0.0,0.0,0.0,0.0,0.0,0.0,0.0,0.0,0.0,0.0,0.0,0.0,0.0,0.0,0.0,0.0,0.0,0.0,0.0,0.0
2020,Western Islands,0.0,0.0,0.0,0.0,0.0,0.0,0.0,0.0,0.0,0.0,0.0,0.0,0.0,0.0,0.0,0.0,0.0,0.0,0.0,0.0,0.0,0.0,0.0,0.0,0.0,0.0,0.0,0.0,0.0,0.0,0.0,0.0,0.0,0.0,10.0,0.0,0.0,0.0,0.0,0.0,0.0,0.0,0.0,0.0,0.0,0.0,0.0,0.0,0.0,0.0,0.0,0.0,0.0,0.0,0.0,0.0,0.0,0.0,0.0,0.0,0.0,0.0,0.0,0.0,0.0,0.0,0.0,0.0,0.0,0.0,0.0,0.0,0.0,0.0,0.0,0.0,0.0,0.0,0.0,0.0,0.0,0.0,0.0,0.0,0.0,0.0,0.0,0.0,0.0,0.0,0.0,0.0,0.0,0.0,0.0,0.0,0.0,0.0,0.0,0.0,0.0,0.0,0.0,0.0,0.0,0.0,0.0,0.0,0.0,0.0,0.0,0.0,0.0,0.0,0.0,0.0,0.0,0.0,0.0,0.0,0.0,0.0,0.0,0.0,0.0,0.0,0.0,0.0,0.0,0.0,0.0,0.0,0.0,0.0,0.0,0.0,0.0,0.0,0.0,0.0,0.0,0.0,0.0,0.0,0.0,0.0,0.0,0.0,0.0,0.0,0.0,0.0,0.0,0.0,0.0,0.0,0.0,0.0,0.0,0.0,0.0,0.0,0.0,0.0,0.0,0.0,0.0,0.0,0.0,0.0,0.0,0.0,0.0,0.0,0.0,0.0,0.0,0.0,0.0,0.0,0.0,0.0,0.0,0.0,0.0,0.0,0.0,0.0,0.0,0.0,0.0,0.0,0.0,0.0,0.0,0.0,0.0,0.0,0.0,0.0,0.0,0.0,0.0,0.0,0.0,0.0,0.0,0.0,0.0,0.0,0.0,0.0,0.0,0.0,0.0,0.0,0.0,0.0,0.0,0.0,0.0
2020,Western Water Catchment,1020.0,1010.0,1010.0,20110.0,2020.0,1020.0,3030.0,4030.0,2020.0,2020.0,3020.0,3020.0,3020.0,100.0,0.0,0.0,0.0,0.0,290350.0,0.0,0.0,0.0,0.0,0.0,0.0,0.0,0.0,0.0,0.0,0.0,0.0,0.0,0.0,640.0,640.0,0.0,0.0,0.0,0.0,0.0,0.0,0.0,0.0,0.0,0.0,0.0,220290.0,4030.0,0.0,3030.0,0.0,0.0,0.0,0.0,0.0,0.0,0.0,0.0,0.0,0.0,0.0,0.0,0.0,0.0,0.0,0.0,0.0,0.0,0.0,0.0,0.0,0.0,0.0,0.0,0.0,0.0,0.0,0.0,0.0,0.0,0.0,0.0,0.0,0.0,0.0,0.0,0.0,0.0,0.0,0.0,0.0,0.0,0.0,0.0,0.0,0.0,0.0,0.0,0.0,0.0,0.0,0.0,0.0,0.0,0.0,0.0,0.0,0.0,0.0,0.0,0.0,0.0,0.0,0.0,0.0,0.0,0.0,0.0,0.0,0.0,0.0,0.0,0.0,0.0,0.0,0.0,0.0,0.0,0.0,0.0,0.0,0.0,0.0,0.0,0.0,0.0,0.0,0.0,0.0,0.0,0.0,0.0,0.0,0.0,0.0,0.0,0.0,0.0,0.0,0.0,0.0,0.0,0.0,0.0,0.0,0.0,0.0,0.0,0.0,0.0,0.0,0.0,0.0,0.0,0.0,0.0,0.0,0.0,0.0,0.0,0.0,0.0,0.0,0.0,0.0,0.0,0.0,0.0,0.0,0.0,0.0,0.0,0.0,0.0,0.0,0.0,0.0,0.0,0.0,0.0,0.0,0.0,0.0,0.0,0.0,0.0,0.0,0.0,0.0,0.0,0.0,0.0,0.0,0.0,0.0,0.0,0.0,0.0,0.0,0.0,0.0,0.0,0.0,0.0,0.0,0.0,0.0,0.0,0.0,0.0,0.0
2020,Woodlands,58705630.0,74207040.0,89008210.0,1111010320.0,1063010100.0,89609210.0,85209210.0,86309280.0,966010660.0,1068010870.0,105809620.0,64806070.0,82907610.0,55905240.0,33803610.0,16001920.0,10201390.0,6801170.0,127990127150.0,5592.0,5299.0,7367.0,31978.0,28321.0,214.0,68.0,72965.0,17400.0,10710.0,19690.0,103960.0,101610.0,700.0,1060.0,255130.0,235970.0,7745161252.0,2464542044.0,46774877.0,6934.0,4312.0,3201.0,15395.0,1067.0,12621.0,6388.0,7769077620.0,1460013620.0,3290032580.0,27503300.0,1293.0,7133.0,0.0,3379.0,3913.0,3239.0,2861.0,2903.0,2152.0,4524.0,2669.0,5064.0,4488.0,5132.0,5032.0,5584.0,5249.0,5025.0,0.0,4606.0,4596.0,78842.0,9617.0,15549.0,16625.0,16941.0,10943.0,5533.0,2252.0,1379.0,13270.0,10292.0,44462.0,5314.0,1422.0,3966.0,113.0,10550.0,2660.0,0.0,20131.0,2353.0,3944.0,0.0,2794.0,0.0,0.0,21026.0,0.0,19704.0,16449.0,12758.0,0.0,9353.0,6842.0,0.0,5611.0,4529.0,138704.0,8469.0,8857.0,2213.0,0.0,7858.0,8672.0,8987.0,0.0,4901.0,20793.0,3511.0,0.0,1417.0,7657.0,19575.0,2841.0,0.0,14158.0,18793.0,25949.0,14244.0,4417.0,279.0,718.0,78857.0,51470.0,3410.0,10359.0,724.0,13029.0,1845.0,0.0,4623.0,3668.0,1349.0,7301.0,452.0,3545.0,38318.0,25596.0,1797.0,1635.0,7701.0,7160.0,6666.0,22179.0,39702.0,232.0,17323.0,32726.0,173.0,1533.0,420.0,1049.0,278.0,0.0,0.0,853.0,6462.0,400.0,33935318.0,6297862066.0,3857033500.0,18317289.0,9383.0,3428.0,99.0,255.0,0.0,0.0,0.0,14689.0,4143.0,0.0,14819.0,778.0,0.0,305.0,0.0,1457.0,0.0,309.0,15314.0,20453.0,2460.0,8076.0,0.0,0.0,0.0,43754.0,18099.0,0.0,13705.0,4235.0,0.0,2865.0,0.0,4260.0,0.0,3046.0,66744.0,9868.0,13535.0,60365.0,32251.0,14900.0,612.0,683.0,15988.0,621.0,71040.0,7178.0
2020,Yishun,60905580.0,56405310.0,58805370.0,66606360.0,82208490.0,91109670.0,87709160.0,79508280.0,77908020.0,75207830.0,87309020.0,58705610.0,77408070.0,60506070.0,38304150.0,17902170.0,11101570.0,7401410.0,109470112140.0,6902.0,4119.0,16531.0,32083.0,14040.0,1496.0,232.0,66773.0,19670.0,8910.0,40200.0,99740.0,46450.0,5710.0,940.0,221610.0,195300.0,6610556092.0,2076737079.0,43714037.0,3727.0,3328.0,3579.0,13373.0,707.0,9396.0,4268.0,7551077660.0,1123010710.0,2015020260.0,26003520.0,1551.0,8698.0,0.0,3458.0,4455.0,3040.0,2324.0,2349.0,1883.0,3689.0,2429.0,5399.0,4912.0,4869.0,4935.0,5056.0,4736.0,4224.0,0.0,3894.0,3501.0,75402.0,11791.0,16798.0,16724.0,15535.0,8404.0,4116.0,1244.0,790.0,15545.0,11621.0,39819.0,4294.0,949.0,3017.0,158.0,7834.0,2973.0,0.0,17867.0,2222.0,3320.0,0.0,4025.0,0.0,0.0,18736.0,0.0,16675.0,13441.0,11615.0,0.0,8184.0,6424.0,0.0,5009.0,3872.0,122197.0,9151.0,7719.0,2046.0,0.0,6604.0,9088.0,9228.0,0.0,5141.0,13338.0,3911.0,0.0,1266.0,8063.0,14614.0,2838.0,0.0,11589.0,17601.0,27020.0,14729.0,2945.0,383.0,559.0,77754.0,32512.0,3502.0,9452.0,493.0,7942.0,1235.0,0.0,5785.0,4289.0,2284.0,9462.0,726.0,3754.0,40828.0,15140.0,1878.0,1883.0,6723.0,7501.0,5353.0,18558.0,33359.0,235.0,15429.0,19626.0,206.0,1255.0,171.0,1022.0,322.0,0.0,0.0,776.0,5539.0,87.0,37436289.0,5629655173.0,2954227667.0,16618080.0,7903.0,4109.0,47.0,244.0,0.0,0.0,0.0,9630.0,2837.0,0.0,10444.0,466.0,0.0,756.0,0.0,1519.0,0.0,200.0,16601.0,19404.0,2192.0,4610.0,0.0,0.0,0.0,36146.0,16841.0,0.0,13071.0,3158.0,0.0,2823.0,0.0,3059.0,0.0,2683.0,62216.0,10364.0,11466.0,38022.0,32049.0,15567.0,318.0,767.0,17681.0,599.0,68814.0,5990.0
