Year,Region,Gender,Category,Attribute,Value
1/1/2000,WEST REGION,male,marital_status,,
1/1/2000,WEST REGION,,language_literate,l2_eng_tam,16424
1/1/2010,NORTH REGION,,mode_of_transport_school,mrt_other,200
1/1/2020,NORTH-EAST REGION,,industry,arts_entertainment_recreation,8084
1/1/2015,NORTH-EAST REGION,female,age_group,age_70_74,11390
1/1/2020,EAST REGION,,language_spoken_at_home,tamil,1114
1/1/2000,NORTH REGION,male,age_group,age_75_79,1270
1/1/2015,EAST REGION,,household_income,sgd_10000_over,
1/1/2000,NORTH-EAST REGION,,mode_of_transport_school,car,12092
1/1/2000,EAST REGION,,industry,others,1892
1/1/2010,WEST REGION,,household_structure,ofn_1_gen,30864
1/1/2010,WEST REGION,,language_literate,l2_eng_mal,103762
1/1/2020,WEST REGION,,industry,construction,23360
1/1/2020,NORTH REGION,,language_literate,l2_other_two,1483
1/1/2020,EAST REGION,,industry,admin_support_services,21378
1/1/2010,EAST REGION,,religion,no_religion,87538
1/1/2015,NORTH REGION,,income_from_work,below_sgd_1000,24400
1/1/2015,CENTRAL REGION,,household_income,sgd_11000_to_11999,9100
1/1/2000,EAST REGION,,household_income,sgd_8000_to_8999,
1/1/2010,NORTH-EAST REGION,female,marital_status,single,92716
1/1/2015,CENTRAL REGION,,language_literate,l2_eng_mal,56000
1/1/2010,CENTRAL REGION,,mode_of_transport_work,taxi,8801
1/1/2015,CENTRAL REGION,,household_structure,ofn_1_gen,47300
1/1/2010,CENTRAL REGION,,education_attending,,
1/1/2015,NORTH REGION,,language_spoken_at_home,eng_oth_lang,0
1/1/2010,WEST REGION,,household_income,sgd_11000_to_11999,
1/1/2015,NORTH REGION,,household_income,no_working_person,10100
1/1/2000,NORTH-EAST REGION,,language_literate,l2_other_two,829
1/1/2020,NORTH REGION,,language_spoken_at_home,malay,13647
1/1/2020,EAST REGION,female,age_group,age_30_34,24020
1/1/2015,WEST REGION,,income_from_work,,
1/1/2015,NORTH REGION,,dwelling_type_population,condominiums_and_other_apartments,22450
1/1/2015,NORTH REGION,,language_literate,l1_chi,68300
1/1/2010,WEST REGION,,dwelling_type_household,hdb_5_room_and_executive_flats,82835
1/1/2020,EAST REGION,,industry,wholesale_retail_trade,52691
1/1/2010,NORTH-EAST REGION,,language_literate,l2_eng_mal,50076
1/1/2020,NORTH REGION,,mode_of_transport_school,taxi_pvt_hire_car_only,589
1/1/2010,EAST REGION,,language_spoken_at_home,,
1/1/2015,NORTH REGION,,household_income,sgd_10000_to_10999,7700
1/1/2010,NORTH-EAST REGION,,language_spoken_at_home,eng_mly,0
1/1/2015,NORTH-EAST REGION,,religion,other_religions,1600
1/1/2020,NORTH-EAST REGION,,household_income,sgd_17500_to_19999,13447
1/1/2015,NORTH-EAST REGION,male,ethnic_distribution,others,9250
1/1/2000,NORTH REGION,,religion,taoism,27064
1/1/2010,WEST REGION,,language_literate,l1_chi,114344
1/1/2000,EAST REGION,male,economic_status,inactive,52274
1/1/2015,EAST REGION,,language_literate,l1_eng,63400
1/1/2010,NORTH-EAST REGION,,mode_of_transport_work,pvt_chartered_bus,10415
1/1/2020,CENTRAL REGION,female,age_group,age_10_14,21610
1/1/2010,EAST REGION,,dwelling_type_population,hdb_4_room_flats,226100
1/1/2000,WEST REGION,male,age_group,age_25_29,30660
1/1/2010,EAST REGION,,household_income,sgd_15000_to_17499,
1/1/2015,NORTH-EAST REGION,,dwelling_type_household,hdb_3_room_flats,43900
1/1/2020,NORTH-EAST REGION,,mode_of_transport_work,no_transport_required,47717
1/1/2010,WEST REGION,,education_attending,prof_qualification_diploma,3665
1/1/2020,CENTRAL REGION,,dwelling_type_population,others,13160
1/1/2015,NORTH-EAST REGION,,dwelling_type_population,landed_properties,76650
1/1/2010,EAST REGION,,tenancy,owner,180216
1/1/2015,NORTH REGION,,income_from_work,sgd_12000_over,11600
1/1/2020,EAST REGION,female,age_group,age_85_over,6560
1/1/2000,EAST REGION,,language_literate,l1_tam,1120
1/1/2015,WEST REGION,male,age_group,age_65_69,19380
1/1/2020,NORTH-EAST REGION,,income_from_work,sgd_8000_over,0
1/1/2010,CENTRAL REGION,,income_from_work,sgd_1500_to_1999,35095
1/1/2000,WEST REGION,male,economic_status,unemployed,11472
1/1/2000,NORTH-EAST REGION,,language_spoken_at_home,others,675
1/1/2015,EAST REGION,,mode_of_transport_school,car,15600
1/1/2010,NORTH REGION,,household_structure,tfn_1to2_gen,3074
1/1/2010,WEST REGION,male,ethnic_distribution,malays,72192
1/1/2010,CENTRAL REGION,,mode_of_transport_school,mrt_lrt_only,0
1/1/2000,NORTH-EAST REGION,,mode_of_transport_work,pvt_chartered_bus,14614
1/1/2010,NORTH REGION,,household_income,sgd_8000_to_8999,8423
1/1/2010,CENTRAL REGION,female,ethnic_distribution,,
1/1/2020,CENTRAL REGION,male,age_group,total,443060
1/1/2010,NORTH REGION,,household_income,,
1/1/2010,NORTH-EAST REGION,male,marital_status,,
1/1/2010,WEST REGION,,tenancy,,
1/1/2000,NORTH-EAST REGION,female,age_group,age_0_4,17690
1/1/2000,NORTH-EAST REGION,,tenancy,tenant,7606
1/1/2000,CENTRAL REGION,,household_size,person4,58788
1/1/2020,NORTH-EAST REGION,female,age_group,age_40_44,38120
1/1/2010,WEST REGION,,religion,other_religions,2089
1/1/2000,NORTH REGION,,language_literate,,
1/1/2010,NORTH-EAST REGION,,household_structure,tfn_3_more_gen,10916
1/1/2020,WEST REGION,,income_from_work,sgd_4000_to_4999,56727
1/1/2020,WEST REGION,,household_income,sgd_2000_to_2999,15095
1/1/2010,NORTH REGION,,household_income,total,142957
1/1/2010,EAST REGION,,mode_of_transport_work,mrt_bus,62015
1/1/2000,NORTH REGION,female,age_group,age_25_29,19340
1/1/2015,NORTH REGION,,language_spoken_at_home,eng_tml,0
1/1/2015,NORTH-EAST REGION,,religion,other_christians,80600
1/1/2015,EAST REGION,,mode_of_transport_school,taxi,0
1/1/2020,WEST REGION,male,ethnic_distribution,malays,75050
1/1/2000,CENTRAL REGION,,language_spoken_at_home,eng_chn_dlt,0
1/1/2010,EAST REGION,female,age_group,age_85_over,3670
1/1/2020,NORTH REGION,,household_structure,tfn_1to2_gen,2854
1/1/2015,EAST REGION,,household_size,person6,
1/1/2015,NORTH REGION,,dwelling_type_population,others,2840
1/1/2010,NORTH-EAST REGION,,income_from_work,sgd_8000_over,50462
1/1/2015,NORTH REGION,,mode_of_transport_work,lorry_pickup,8300
1/1/2010,CENTRAL REGION,,household_structure,no_family_nucleus,80569
1/1/2000,WEST REGION,,industry,manufacturing,91441
1/1/2020,EAST REGION,,education_attending,secondary,27466
1/1/2015,NORTH REGION,male,age_group,age_0_4,13790
1/1/2015,CENTRAL REGION,female,age_group,age_75_79,16690
1/1/2000,EAST REGION,,income_from_work,sgd_9000_to_9999,
1/1/2000,EAST REGION,female,marital_status,,
1/1/2000,WEST REGION,,language_literate,l3_eng_mal_tam,2045
1/1/2010,EAST REGION,,dwelling_type_population,total,692340
1/1/2020,EAST REGION,,mode_of_transport_work,pvt_chartered_bus_van,6303
1/1/2020,NORTH-EAST REGION,female,age_group,age_50_54,31470
1/1/2020,EAST REGION,,household_income,sgd_15000_to_17499,12868
1/1/2000,CENTRAL REGION,,industry,health_social_services,0
1/1/2010,EAST REGION,,mode_of_transport_work,others,21876
1/1/2000,NORTH-EAST REGION,,industry,information_communications,0
1/1/2010,CENTRAL REGION,female,age_group,age_10_14,24160
1/1/2000,NORTH-EAST REGION,male,economic_status,unemployed,8984
1/1/2020,CENTRAL REGION,male,marital_status,married,214106
1/1/2015,WEST REGION,,mode_of_transport_work,mrt,54800
1/1/2000,WEST REGION,,mode_of_transport_school,other_combi_mrt_lrt_or_bus,0
1/1/2000,NORTH-EAST REGION,,language_spoken_at_home,oth_ind_lang_oth_lang,0
1/1/2020,EAST REGION,,dwelling_type_population,hdb_4_room_flats,204890
1/1/2020,CENTRAL REGION,,dwelling_type_population,landed_properties,84020
1/1/2010,NORTH REGION,,tenancy,others,1415
1/1/2000,NORTH-EAST REGION,male,marital_status,widowed,4012
1/1/2000,NORTH-EAST REGION,,dwelling_type_population,others,5020
1/1/2020,NORTH-EAST REGION,female,ethnic_distribution,malays,45240
1/1/2015,EAST REGION,male,ethnic_distribution,indian,30290
1/1/2020,NORTH REGION,,mode_of_transport_school,lorry_pickup,182
1/1/2015,CENTRAL REGION,,language_literate,l1_non_off,1100
1/1/2020,NORTH REGION,,mode_of_transport_school,car,9776
1/1/2020,NORTH REGION,,language_spoken_at_home,oth_lang_eng,2932
1/1/2000,WEST REGION,male,age_group,age_35_39,39460
1/1/2015,NORTH REGION,,dwelling_type_household,hdb_5_room_and_executive_flats,49800
1/1/2010,NORTH REGION,,household_size,person5,24007
1/1/2020,EAST REGION,,income_from_work,sgd_12000_over,0
1/1/2010,NORTH-EAST REGION,,household_income,sgd_12000_to_12999,
1/1/2000,WEST REGION,,mode_of_transport_school,other_combi_mrt_or_bus,0
1/1/2010,NORTH REGION,female,ethnic_distribution,indian,25908
1/1/2000,CENTRAL REGION,,household_size,person3,52465
1/1/2000,EAST REGION,,mode_of_transport_work,mrt_lrt_and_bus,0
1/1/2020,NORTH-EAST REGION,,mode_of_transport_school,mrt_lrt_and_bus,33356
1/1/2020,NORTH-EAST REGION,male,age_group,age_5_9,27170
1/1/2020,WEST REGION,,mode_of_transport_work,mrt_other,0
1/1/2020,CENTRAL REGION,,mode_of_transport_school,mrt,0
1/1/2000,NORTH REGION,,mode_of_transport_work,mrt_bus,34506
1/1/2010,WEST REGION,female,economic_status,inactive,168745
1/1/2010,CENTRAL REGION,female,age_group,age_35_39,40390
1/1/2020,NORTH REGION,,mode_of_transport_work,motorcycle_scooter,14972
1/1/2015,CENTRAL REGION,,household_structure,three_more_fam_nucleus,
1/1/2020,CENTRAL REGION,,industry,financial_insurance_services,57982
1/1/2020,EAST REGION,,household_structure,tfn_3_more_gen,10121
1/1/2010,EAST REGION,,education_attending,primary,53645
1/1/2000,EAST REGION,,industry,public_admin_education,0
1/1/2010,NORTH REGION,,mode_of_transport_work,mrt_lrt_and_bus,0
1/1/2010,NORTH-EAST REGION,male,age_group,age_50_54,30030
1/1/2015,NORTH REGION,,education_attending,post_secondary,9700
1/1/2015,WEST REGION,female,age_group,age_35_39,35560
1/1/2010,NORTH REGION,male,age_group,age_5_9,17320
1/1/2010,NORTH REGION,,mode_of_transport_school,pvt_chartered_bus_van,0
1/1/2000,EAST REGION,female,ethnic_distribution,indian,18908
1/1/2000,EAST REGION,,household_income,sgd_5000_to_5999,14494
1/1/2000,EAST REGION,,income_from_work,sgd_3000_to_3999,45013
1/1/2000,EAST REGION,,mode_of_transport_school,motorcycle_scooter,666
1/1/2000,EAST REGION,,household_structure,tfn_3_more_gen,7308
1/1/2020,NORTH-EAST REGION,,income_from_work,sgd_10000_to_10999,17951
1/1/2000,CENTRAL REGION,,industry,financial_insurance_services,29844
1/1/2010,NORTH-EAST REGION,,language_spoken_at_home,,
1/1/2015,NORTH-EAST REGION,,religion,catholic_christian,56900
1/1/2010,CENTRAL REGION,,language_spoken_at_home,chinese_dialects,151415
1/1/2000,WEST REGION,,mode_of_transport_work,mrt_other,0
1/1/2000,NORTH-EAST REGION,,language_spoken_at_home,eng_oth_ind_lang,0
1/1/2000,NORTH-EAST REGION,male,age_group,age_5_9,21900
1/1/2020,EAST REGION,,mode_of_transport_work,mrt_lrt_and_bus,91517
1/1/2000,WEST REGION,,household_income,sgd_1000_to_1999,23927
1/1/2000,NORTH REGION,male,age_group,age_55_59,5440
1/1/2015,NORTH REGION,,language_literate,l3_eng_chi_mal,
1/1/2020,WEST REGION,male,ethnic_distribution,chinese,326220
1/1/2000,WEST REGION,,income_from_work,sgd_7000_to_7999,
1/1/2020,EAST REGION,,industry,arts_entertainment_recreation,5538
1/1/2020,WEST REGION,,industry,real_estate_services,11398
1/1/2000,NORTH-EAST REGION,,income_from_work,sgd_3000_to_3999,38681
1/1/2015,EAST REGION,,language_spoken_at_home,malay,98800
1/1/2020,CENTRAL REGION,,industry,other_services_industries,
1/1/2010,NORTH-EAST REGION,,household_structure,ofn_3_more_gen,14957
1/1/2010,NORTH-EAST REGION,,household_income,total,223806
1/1/2015,WEST REGION,male,economic_status,unemployed,10800
1/1/2010,WEST REGION,female,age_group,total,447210
1/1/2015,NORTH-EAST REGION,,language_spoken_at_home,others,3600
1/1/2010,NORTH-EAST REGION,,language_spoken_at_home,tml_oth_lang,0
1/1/2020,CENTRAL REGION,female,age_group,age_50_54,33820
1/1/2000,NORTH-EAST REGION,,household_income,sgd_11000_to_11999,
1/1/2000,WEST REGION,male,age_group,age_65_69,6980
1/1/2020,NORTH-EAST REGION,,household_size,person7,6726
1/1/2010,NORTH REGION,,industry,hotels_restaurants,0
1/1/2020,NORTH-EAST REGION,,household_income,sgd_1000_to_1999,15243
1/1/2020,CENTRAL REGION,,household_income,sgd_10000_over,0
1/1/2015,NORTH REGION,,language_literate,l1_eng,31400
1/1/2010,NORTH REGION,,dwelling_type_population,hdb_4_room_flats,227680
1/1/2015,NORTH-EAST REGION,,mode_of_transport_work,pvt_chartered_bus_van,0
1/1/2015,WEST REGION,,mode_of_transport_school,pvt_chartered_bus,15200
1/1/2010,WEST REGION,,mode_of_transport_school,other_combi_mrt_or_bus,0
1/1/2015,CENTRAL REGION,male,age_group,age_25_29,27650
1/1/2010,NORTH REGION,,household_income,sgd_15000_to_17499,
1/1/2000,EAST REGION,,religion,taoism,31705
1/1/2000,WEST REGION,,language_spoken_at_home,,
1/1/2015,CENTRAL REGION,,language_spoken_at_home,tamil,24000
1/1/2000,NORTH REGION,male,economic_status,inactive,29973
1/1/2000,NORTH REGION,,education_attending,primary,44353
1/1/2010,NORTH REGION,,household_income,sgd_5000_to_5999,13041
1/1/2010,NORTH REGION,,income_from_work,sgd_3000_to_3999,38789
1/1/2010,NORTH REGION,,industry,public_admin_education,32598
1/1/2020,EAST REGION,,language_spoken_at_home,chn_dlt_oth_lang,2213
1/1/2015,NORTH-EAST REGION,,language_spoken_at_home,malay,55500
1/1/2020,NORTH REGION,,language_spoken_at_home,eng_mly,47871
1/1/2010,CENTRAL REGION,,industry,real_estate_services,13573
1/1/2000,EAST REGION,male,age_group,age_5_9,30510
1/1/2000,NORTH-EAST REGION,,dwelling_type_population,hdb_5_room_and_executive_flats,128700
1/1/2010,EAST REGION,female,age_group,age_25_29,24740
1/1/2010,NORTH-EAST REGION,,income_from_work,sgd_1500_to_1999,33550
1/1/2010,NORTH REGION,,education_attending,prof_qualification_diploma,2084
1/1/2010,NORTH-EAST REGION,,language_literate,,
1/1/2000,NORTH-EAST REGION,,education_attending,,
1/1/2015,NORTH-EAST REGION,,mode_of_transport_school,pvt_chartered_bus,11900
1/1/2020,NORTH-EAST REGION,female,age_group,age_35_39,42060
1/1/2010,EAST REGION,female,age_group,age_20_24,24280
1/1/2010,CENTRAL REGION,female,marital_status,widowed,43008
1/1/2010,CENTRAL REGION,male,ethnic_distribution,others,18224
1/1/2020,EAST REGION,,household_size,person_more_8,3308
1/1/2000,NORTH-EAST REGION,,income_from_work,sgd_4000_to_4999,19337
1/1/2000,EAST REGION,male,economic_status,,
1/1/2010,NORTH-EAST REGION,,mode_of_transport_work,,
1/1/2020,NORTH REGION,female,economic_status,inactive,95001
1/1/2000,EAST REGION,,household_income,sgd_2000_to_2999,22316
1/1/2010,WEST REGION,,language_spoken_at_home,tml_oth_lang,0
1/1/2000,EAST REGION,male,age_group,age_45_49,26990
1/1/2010,NORTH-EAST REGION,male,age_group,age_70_74,8200
1/1/2020,EAST REGION,,dwelling_type_population,hdb_5_room_and_executive_flats,191710
1/1/2000,EAST REGION,,language_spoken_at_home,chn_dlt_mand,0
1/1/2000,EAST REGION,,income_from_work,sgd_4000_to_4999,23650
1/1/2020,WEST REGION,,language_literate,l1_eng,69777
1/1/2010,NORTH REGION,,industry,wholesale_retail_trade,40339
1/1/2010,NORTH REGION,,industry,other_comm_social_personal,8022
1/1/2015,CENTRAL REGION,female,age_group,age_0_4,19920
1/1/2015,NORTH-EAST REGION,,mode_of_transport_school,car,20100
1/1/2010,CENTRAL REGION,,income_from_work,sgd_2500_to_2999,30552
1/1/2015,NORTH-EAST REGION,,language_spoken_at_home,oth_lang_eng,0
1/1/2015,CENTRAL REGION,,mode_of_transport_school,bus,32200
1/1/2015,WEST REGION,,language_literate,l2_eng_tam,32600
1/1/2015,NORTH REGION,male,age_group,age_75_79,3260
1/1/2020,EAST REGION,female,age_group,age_40_44,24500
1/1/2015,CENTRAL REGION,,dwelling_type_household,condominiums_and_other_apartments,61900
1/1/2015,NORTH-EAST REGION,,religion,hinduism,32900
1/1/2010,NORTH-EAST REGION,male,age_group,age_35_39,33230
1/1/2015,NORTH REGION,,dwelling_type_population,landed_properties,11120
1/1/2000,WEST REGION,male,ethnic_distribution,,
1/1/2010,EAST REGION,,household_income,sgd_8000_over,
1/1/2000,NORTH-EAST REGION,,household_size,person7,4438
1/1/2015,NORTH REGION,,mode_of_transport_work,mrt_car,0
1/1/2015,EAST REGION,,dwelling_type_household,condominiums_and_other_apartments,36000
1/1/2020,CENTRAL REGION,female,age_group,age_40_44,37270
1/1/2015,EAST REGION,,mode_of_transport_school,bus,39500
1/1/2000,WEST REGION,male,age_group,age_75_79,2610
1/1/2015,NORTH-EAST REGION,male,age_group,age_40_44,34150
1/1/2010,NORTH-EAST REGION,,industry,hotels_restaurants,0
1/1/2010,EAST REGION,,income_from_work,sgd_2500_to_2999,27654
1/1/2010,NORTH-EAST REGION,,education_attending,post_secondary,10205
1/1/2010,WEST REGION,,mode_of_transport_school,mrt_other,1792
1/1/2015,EAST REGION,female,age_group,age_0_4,14010
1/1/2000,NORTH REGION,male,marital_status,,
1/1/2000,NORTH REGION,,language_literate,l2_eng_tam,11377
1/1/2010,NORTH-EAST REGION,female,economic_status,unemployed,7588
1/1/2015,NORTH REGION,,mode_of_transport_work,mrt,49100
1/1/2010,WEST REGION,,tenancy,others,2734
1/1/2000,NORTH REGION,,mode_of_transport_school,other_combi_mrt_lrt_or_bus,0
1/1/2020,NORTH-EAST REGION,male,age_group,age_60_64,29970
1/1/2015,WEST REGION,,dwelling_type_household,total_hdb,233000
1/1/2000,NORTH REGION,,language_literate,l2_other_two,866
1/1/2000,NORTH-EAST REGION,,language_spoken_at_home,eng_oth_lang,0
1/1/2010,EAST REGION,female,marital_status,single,90213
1/1/2020,EAST REGION,,religion,catholic_christian,44451
1/1/2020,WEST REGION,,industry,transportation_storage,53110
1/1/2010,NORTH REGION,female,age_group,age_30_34,21440
1/1/2015,WEST REGION,,household_structure,ofn_3_more_gen,17400
1/1/2000,EAST REGION,,dwelling_type_household,hdb_4_room_flats,58546
1/1/2015,NORTH-EAST REGION,female,age_group,age_20_24,25350
1/1/2020,EAST REGION,,language_literate,l2_eng_chi,262888
1/1/2010,EAST REGION,,language_literate,l3_eng_chi_mal,15411
1/1/2000,NORTH-EAST REGION,,income_from_work,sgd_5000_to_5999,12058
1/1/2000,CENTRAL REGION,,mode_of_transport_school,mrt,3185
1/1/2020,NORTH REGION,,mode_of_transport_work,mrt_bus,0
1/1/2010,CENTRAL REGION,male,age_group,age_0_4,21650
1/1/2020,NORTH REGION,,education_attending,polytechnic,13049
1/1/2000,CENTRAL REGION,,mode_of_transport_school,no_transport_required,36165
1/1/2020,NORTH REGION,,religion,other_christians,38816
1/1/2015,WEST REGION,,household_structure,ofn_2_gen,165700
1/1/2015,EAST REGION,,income_from_work,sgd_15000_over,0
1/1/2015,WEST REGION,,household_income,sgd_6000_to_6999,17600
1/1/2020,NORTH REGION,,household_income,sgd_13000_to_13999,6562
1/1/2000,NORTH REGION,female,age_group,age_80_84,930
1/1/2020,WEST REGION,,mode_of_transport_school,others,1029
1/1/2015,NORTH REGION,,mode_of_transport_school,mrt_lrt_only,0
1/1/2000,CENTRAL REGION,,language_spoken_at_home,eng_tml,0
1/1/2015,EAST REGION,,mode_of_transport_work,other_combi_mrt_or_bus,16500
1/1/2000,NORTH REGION,male,age_group,age_15_19,14120
1/1/2000,NORTH REGION,,education_attending,university,2541
1/1/2000,NORTH-EAST REGION,,mode_of_transport_school,mrt_car,81
1/1/2015,NORTH-EAST REGION,,language_literate,l1_non_off,700
1/1/2010,NORTH-EAST REGION,,household_income,sgd_8000_to_8999,12158
1/1/2020,NORTH REGION,,income_from_work,sgd_9000_to_9999,10438
1/1/2010,NORTH-EAST REGION,,household_structure,ofn_2_gen,134523
1/1/2010,EAST REGION,,mode_of_transport_work,pvt_chartered_bus,10253
1/1/2010,EAST REGION,,household_size,person3,39492
1/1/2000,EAST REGION,male,age_group,age_55_59,10730
1/1/2015,EAST REGION,,language_literate,l3_eng_chi_mal,
1/1/2010,WEST REGION,,household_structure,ofn_2_gen,160425
1/1/2020,NORTH REGION,,industry,arts_entertainment_recreation,5276
1/1/2015,NORTH REGION,,language_spoken_at_home,malay,73200
1/1/2015,NORTH REGION,male,age_group,age_65_69,8980
1/1/2010,WEST REGION,,household_structure,tfn_1to2_gen,4715
1/1/2010,NORTH REGION,male,ethnic_distribution,malays,51768
1/1/2000,NORTH REGION,male,economic_status,unemployed,6952
1/1/2015,NORTH-EAST REGION,,language_spoken_at_home,eng_oth_lang,0
1/1/2010,NORTH-EAST REGION,,dwelling_type_household,hdb_5_room_and_executive_flats,65502
1/1/2020,EAST REGION,female,age_group,age_50_54,27550
1/1/2015,WEST REGION,,income_from_work,sgd_12000_over,37200
1/1/2010,NORTH REGION,,language_spoken_at_home,eng_mand,0
1/1/2000,CENTRAL REGION,,income_from_work,,
1/1/2000,EAST REGION,,dwelling_type_population,hdb_3_room_flats,111400
1/1/2020,NORTH REGION,,mode_of_transport_school,pvt_chartered_bus,0
1/1/2020,NORTH-EAST REGION,,language_literate,l2_eng_chi,397299
1/1/2010,NORTH REGION,male,marital_status,single,67610
1/1/2020,EAST REGION,,household_income,sgd_10000_to_10999,9468
1/1/2010,EAST REGION,male,age_group,age_30_34,23720
1/1/2000,EAST REGION,,education_attending,pre_primary,15686
1/1/2020,NORTH-EAST REGION,,household_structure,no_family_nucleus,58831
1/1/2000,NORTH REGION,,language_spoken_at_home,chn_dlt_eng,0
1/1/2010,CENTRAL REGION,female,marital_status,divorced,20317
1/1/2020,WEST REGION,,dwelling_type_population,hdb_5_room_and_executive_flats,295180
1/1/2010,EAST REGION,,language_spoken_at_home,tml_oth_lang,0
1/1/2015,CENTRAL REGION,,income_from_work,sgd_9000_to_9999,14200
1/1/2000,WEST REGION,,household_income,sgd_2000_to_2999,30407
1/1/2015,CENTRAL REGION,,dwelling_type_population,hdb_5_room_and_executive_flats,148140
1/1/2000,WEST REGION,,language_spoken_at_home,chn_dlt_mand,0
1/1/2020,CENTRAL REGION,female,age_group,age_70_74,26950
1/1/2010,CENTRAL REGION,male,economic_status,employed,252487
1/1/2000,WEST REGION,male,age_group,age_45_49,30310
1/1/2000,CENTRAL REGION,,household_size,person6,17236
1/1/2000,WEST REGION,,income_from_work,sgd_4000_to_4999,28614
1/1/2010,EAST REGION,,language_spoken_at_home,tamil,10765
1/1/2000,NORTH-EAST REGION,,household_structure,ofn_2_gen,103867
1/1/2000,EAST REGION,,household_income,sgd_10000_to_10999,
1/1/2020,EAST REGION,,education_attending,pre_primary,8263
1/1/2000,EAST REGION,,mode_of_transport_work,pvt_chartered_bus,13711
1/1/2010,CENTRAL REGION,,dwelling_type_household,hdb_5_room_and_executive_flats,41008
1/1/2020,NORTH REGION,,language_spoken_at_home,chn_dlt_eng,4540
1/1/2000,NORTH-EAST REGION,,dwelling_type_household,hdb_1_and_2_room_flats,5198
1/1/2020,EAST REGION,,dwelling_type_population,hdb_3_room_flats,90300
1/1/2000,EAST REGION,,language_literate,l2_eng_mal,81901
1/1/2015,EAST REGION,,industry,real_estate_services,10200
1/1/2015,NORTH REGION,,income_from_work,,
1/1/2015,WEST REGION,,dwelling_type_population,condominiums_and_other_apartments,88910
1/1/2020,NORTH-EAST REGION,,household_income,sgd_10000_over,0
1/1/2015,NORTH-EAST REGION,,education_attending,prof_qualification_diploma,1700
1/1/2010,NORTH REGION,,household_income,sgd_11000_to_11999,
1/1/2015,WEST REGION,,language_spoken_at_home,eng_oth_lang,0
1/1/2020,WEST REGION,,language_spoken_at_home,malay,23555
1/1/2015,WEST REGION,,household_income,no_working_person,21600
1/1/2000,EAST REGION,,household_structure,ofn_1_gen,17088
1/1/2020,NORTH-EAST REGION,male,ethnic_distribution,indian,38360
1/1/2010,EAST REGION,,mode_of_transport_work,bus,69889
1/1/2015,CENTRAL REGION,,dwelling_type_household,others,2200
1/1/2010,CENTRAL REGION,,household_income,sgd_9000_to_9999,10270
1/1/2010,CENTRAL REGION,,language_spoken_at_home,mly_eng,0
1/1/2000,WEST REGION,,household_size,person7,5636
1/1/2020,NORTH REGION,,tenancy,others,1582
1/1/2015,WEST REGION,,tenancy,others,1200
1/1/2015,WEST REGION,,language_spoken_at_home,mand_chn_dlt,0
1/1/2000,CENTRAL REGION,,tenancy,,
1/1/2000,NORTH REGION,female,age_group,age_45_49,13480
1/1/2020,NORTH-EAST REGION,,language_literate,l2_other_two,1457
1/1/2020,EAST REGION,male,economic_status,inactive,73912
1/1/2020,NORTH-EAST REGION,,income_from_work,sgd_11000_to_11999,12914
1/1/2010,EAST REGION,male,marital_status,widowed,4245
1/1/2015,NORTH-EAST REGION,,dwelling_type_population,hdb_1_and_2_room_flats,28060
1/1/2015,WEST REGION,,mode_of_transport_work,car,107200
1/1/2015,NORTH-EAST REGION,,dwelling_type_household,others,700
1/1/2020,NORTH REGION,,income_from_work,sgd_5000_to_5999,30230
1/1/2000,CENTRAL REGION,,income_from_work,sgd_1000_to_1999,0
1/1/2010,NORTH REGION,,language_spoken_at_home,chn_dlt_oth_lang,0
1/1/2015,WEST REGION,male,marital_status,divorced,8700
1/1/2015,EAST REGION,male,age_group,age_10_14,19230
1/1/2020,NORTH REGION,,household_income,sgd_3000_to_3999,12067
1/1/2015,EAST REGION,,income_from_work,sgd_2000_to_2499,27100
1/1/2000,CENTRAL REGION,,household_income,sgd_7000_to_7999,11932
1/1/2020,NORTH REGION,female,age_group,age_25_29,22790
1/1/2000,WEST REGION,,religion,sikhism,2077
1/1/2015,WEST REGION,male,ethnic_distribution,indian,43770
1/1/2010,NORTH REGION,,tenancy,tenant,11092
1/1/2000,NORTH-EAST REGION,male,age_group,age_65_69,6940
1/1/2000,NORTH-EAST REGION,,household_size,person2,24365
1/1/2020,WEST REGION,,income_from_work,sgd_12000_over,0
1/1/2000,EAST REGION,male,age_group,age_35_39,34350
1/1/2000,NORTH REGION,,language_literate,l1_non_off,427
1/1/2010,NORTH REGION,,language_spoken_at_home,mand_eng,0
1/1/2010,CENTRAL REGION,female,age_group,age_5_9,22250
1/1/2010,NORTH REGION,,language_spoken_at_home,eng_chn_dlt,0
1/1/2000,NORTH-EAST REGION,,language_spoken_at_home,eng_mand,0
1/1/2015,NORTH REGION,female,age_group,age_50_54,21630
1/1/2020,EAST REGION,male,age_group,age_65_69,20940
1/1/2010,NORTH REGION,,industry,construction,16327
1/1/2015,WEST REGION,female,age_group,age_85_over,4350
1/1/2000,NORTH-EAST REGION,,household_income,sgd_5000_to_5999,12984
1/1/2010,WEST REGION,,income_from_work,sgd_8000_to_8999,
1/1/2020,NORTH REGION,female,ethnic_distribution,malays,61440
1/1/2000,WEST REGION,,religion,catholic_christian,18073
1/1/2010,WEST REGION,,income_from_work,,
1/1/2015,NORTH-EAST REGION,,income_from_work,sgd_6000_over,
1/1/2000,EAST REGION,,industry,transportation_storage,0
1/1/2010,NORTH REGION,,mode_of_transport_school,mrt_car,304
1/1/2000,NORTH-EAST REGION,male,age_group,age_60_64,9440
1/1/2010,EAST REGION,male,age_group,age_50_54,29340
1/1/2010,CENTRAL REGION,,religion,other_religions,3433
1/1/2020,EAST REGION,,language_spoken_at_home,tml_eng,6545
1/1/2015,NORTH-EAST REGION,,language_literate,l1_chi,105300
1/1/2015,NORTH REGION,,education_attending,primary,37900
1/1/2010,WEST REGION,female,ethnic_distribution,,
1/1/2010,WEST REGION,,mode_of_transport_school,mrt_lrt_only,0
1/1/2015,NORTH-EAST REGION,,household_income,sgd_15000_to_17499,15200
1/1/2000,NORTH-EAST REGION,female,ethnic_distribution,indian,18090
1/1/2000,WEST REGION,,household_size,person4,57887
1/1/2020,WEST REGION,male,age_group,total,456070
1/1/2010,CENTRAL REGION,,tenancy,,
1/1/2015,EAST REGION,male,age_group,age_5_9,16850
1/1/2010,NORTH REGION,,income_from_work,sgd_9000_to_9999,
1/1/2020,WEST REGION,,mode_of_transport_school,pvt_chartered_bus_van,9422
1/1/2015,NORTH REGION,male,economic_status,employed,164200
1/1/2010,NORTH REGION,female,economic_status,unemployed,6274
1/1/2000,WEST REGION,,industry,admin_support_services,0
1/1/2000,NORTH REGION,female,ethnic_distribution,malays,36185
1/1/2010,NORTH REGION,,household_size,person6,11320
1/1/2015,EAST REGION,,language_spoken_at_home,mand_oth_lang,0
1/1/2000,CENTRAL REGION,,income_from_work,sgd_15000_over,0
1/1/2000,CENTRAL REGION,,language_spoken_at_home,oth_lang_oth_non_eng_lang,0
1/1/2020,NORTH-EAST REGION,female,age_group,age_60_64,31580
1/1/2010,WEST REGION,,mode_of_transport_school,others,13532
1/1/2000,EAST REGION,,mode_of_transport_work,other_combi_mrt_lrt_or_bus,0
1/1/2015,EAST REGION,,mode_of_transport_school,mrt,7100
1/1/2010,NORTH REGION,,mode_of_transport_work,no_transport_required,18378
1/1/2010,EAST REGION,,dwelling_type_household,landed_properties,15028
1/1/2010,NORTH REGION,,household_structure,ofn_3_more_gen,10060
1/1/2015,WEST REGION,female,age_group,age_30_34,35150
1/1/2010,NORTH REGION,,dwelling_type_household,total_hdb,134330
1/1/2015,EAST REGION,,household_income,sgd_4000_to_4999,12100
1/1/2000,CENTRAL REGION,,household_structure,,
1/1/2000,EAST REGION,,language_spoken_at_home,oth_ind_lang_oth_lang,0
1/1/2015,WEST REGION,,household_structure,no_family_nucleus,37200
1/1/2000,WEST REGION,,mode_of_transport_work,bus,77063
1/1/2015,EAST REGION,,income_from_work,sgd_2000_to_2999,0
1/1/2010,CENTRAL REGION,,industry,transport_communications,0
1/1/2020,NORTH-EAST REGION,,language_spoken_at_home,chn_dlt_eng,10265
1/1/2000,CENTRAL REGION,,income_from_work,sgd_1000_to_1499,52528
1/1/2015,WEST REGION,,income_from_work,sgd_10000_to_10999,12600
1/1/2000,NORTH-EAST REGION,female,marital_status,married,134116
1/1/2000,WEST REGION,,dwelling_type_population,total_hdb,689480
1/1/2000,CENTRAL REGION,,language_spoken_at_home,english,209837
1/1/2020,WEST REGION,,industry,other_comm_social_personal,14013
1/1/2020,EAST REGION,,religion,buddhism,168011
1/1/2020,EAST REGION,,household_size,person3,46013
1/1/2020,CENTRAL REGION,,religion,islam,63088
1/1/2015,EAST REGION,,mode_of_transport_school,mrt_lrt_and_bus,0
1/1/2020,NORTH REGION,male,age_group,age_75_79,3970
1/1/2020,NORTH REGION,,language_spoken_at_home,eng_mand,101718
1/1/2010,NORTH-EAST REGION,male,age_group,age_60_64,18900
1/1/2010,NORTH REGION,,income_from_work,sgd_10000_to_10999,
1/1/2015,EAST REGION,female,age_group,age_40_44,26800
1/1/2020,WEST REGION,,language_literate,l2_eng_tam,34540
1/1/2020,NORTH REGION,male,marital_status,single,80907
1/1/2020,CENTRAL REGION,,religion,other_religions,2895
1/1/2020,NORTH-EAST REGION,,mode_of_transport_school,car,22844
1/1/2020,CENTRAL REGION,female,marital_status,divorced,23131
1/1/2020,NORTH-EAST REGION,,mode_of_transport_work,bus,72632
1/1/2010,CENTRAL REGION,male,age_group,age_40_44,36670
1/1/2010,NORTH-EAST REGION,,language_literate,l1_tam,1842
1/1/2015,WEST REGION,female,marital_status,married,229400
1/1/2000,NORTH REGION,,dwelling_type_household,hdb_3_room_flats,18649
1/1/2015,WEST REGION,,household_income,below_sgd_1000,3900
1/1/2020,WEST REGION,,household_size,person2,63962
1/1/2020,WEST REGION,,industry,transport_communications,
1/1/2000,EAST REGION,,income_from_work,sgd_11000_to_11999,
1/1/2020,NORTH-EAST REGION,,mode_of_transport_school,motorcycle_scooter,645
1/1/2015,NORTH REGION,,language_literate,l3_other_three,
1/1/2010,NORTH REGION,,education_attending,secondary,34784
1/1/2020,NORTH-EAST REGION,,language_spoken_at_home,mandarin,58778
1/1/2000,NORTH-EAST REGION,,mode_of_transport_school,mrt_other,0
1/1/2015,EAST REGION,female,ethnic_distribution,others,13460
1/1/2015,CENTRAL REGION,male,age_group,age_20_24,26510
1/1/2015,EAST REGION,,household_income,sgd_12000_to_12999,8400
1/1/2010,EAST REGION,,household_income,sgd_17500_to_19999,
1/1/2000,WEST REGION,,mode_of_transport_school,taxi_pvt_hire_car_only,0
1/1/2015,NORTH REGION,,language_spoken_at_home,tml_oth_lang,0
1/1/2020,WEST REGION,,language_spoken_at_home,mly_oth_lang,660
1/1/2015,NORTH REGION,,dwelling_type_population,hdb_1_and_2_room_flats,12970
1/1/2010,CENTRAL REGION,,language_spoken_at_home,chn_dlt_mand,0
1/1/2020,NORTH-EAST REGION,,household_income,sgd_13000_to_13999,10403
1/1/2010,CENTRAL REGION,,household_size,person1,58154
1/1/2010,CENTRAL REGION,male,age_group,age_45_49,38060
1/1/2015,NORTH REGION,,mode_of_transport_work,motorcycle_scooter,13900
1/1/2010,NORTH-EAST REGION,,dwelling_type_household,hdb_4_room_flats,75918
1/1/2020,WEST REGION,male,age_group,age_15_19,27360
1/1/2000,NORTH REGION,female,marital_status,single,35996
1/1/2000,WEST REGION,,household_income,sgd_13000_to_13999,
1/1/2020,WEST REGION,,mode_of_transport_school,mrt_car,0
1/1/2015,CENTRAL REGION,,household_size,person2,75800
1/1/2020,WEST REGION,,education_attending,university,25391
1/1/2015,NORTH-EAST REGION,,mode_of_transport_school,mrt_lrt_and_bus,0
1/1/2020,NORTH REGION,,income_from_work,sgd_8000_to_8999,13470
1/1/2015,WEST REGION,,household_income,sgd_7000_to_7999,16600
1/1/2020,CENTRAL REGION,,household_structure,three_more_fam_nucleus,636
1/1/2000,CENTRAL REGION,female,age_group,age_20_24,29280
1/1/2020,WEST REGION,female,age_group,age_80_84,6680
1/1/2000,CENTRAL REGION,,mode_of_transport_work,car,100364
1/1/2000,CENTRAL REGION,male,marital_status,divorced,8561
1/1/2015,WEST REGION,,income_from_work,sgd_1000_to_1999,0
1/1/2000,NORTH-EAST REGION,,income_from_work,sgd_6000_to_6999,
1/1/2000,EAST REGION,male,ethnic_distribution,others,5826
1/1/2015,EAST REGION,,dwelling_type_population,others,6340
1/1/2015,NORTH REGION,,household_size,person6,
1/1/2010,WEST REGION,female,age_group,age_50_54,34520
1/1/2020,EAST REGION,,household_structure,tfn_1to2_gen,3332
1/1/2015,WEST REGION,,language_spoken_at_home,eng_chn_dlt,0
1/1/2010,NORTH REGION,female,age_group,age_85_over,1450
1/1/2010,NORTH-EAST REGION,male,economic_status,,
1/1/2000,NORTH-EAST REGION,,household_income,sgd_7000_to_7999,7717
1/1/2020,CENTRAL REGION,,language_spoken_at_home,other_indian_languages,0
1/1/2015,NORTH REGION,,mode_of_transport_school,taxi,0
1/1/2000,NORTH-EAST REGION,,language_spoken_at_home,mand_chn_dlt,0
1/1/2000,WEST REGION,,mode_of_transport_work,mrt_lrt_only,0
1/1/2015,EAST REGION,,language_spoken_at_home,oth_ind_lang_eng,0
1/1/2010,CENTRAL REGION,,mode_of_transport_school,pvt_chartered_bus,19083
1/1/2015,CENTRAL REGION,,mode_of_transport_school,other_combi_mrt_or_bus,5700
1/1/2000,EAST REGION,female,ethnic_distribution,chinese,213127
1/1/2000,EAST REGION,,income_from_work,sgd_6000_over,35831
1/1/2000,WEST REGION,,household_structure,three_more_fam_nucleus,448
1/1/2010,WEST REGION,male,marital_status,married,227344
1/1/2015,WEST REGION,male,age_group,age_60_64,27640
1/1/2015,NORTH REGION,,household_income,sgd_14000_to_14999,4100
1/1/2020,EAST REGION,,industry,accommodation_food_services,21111
1/1/2020,NORTH REGION,,industry,professional_services,19671
1/1/2000,NORTH-EAST REGION,,mode_of_transport_work,motorcycle_scooter,11363
1/1/2020,NORTH-EAST REGION,female,ethnic_distribution,indian,37390
1/1/2010,NORTH REGION,,mode_of_transport_school,bus,23157
1/1/2010,WEST REGION,female,age_group,age_55_59,28370
1/1/2015,NORTH REGION,,income_from_work,sgd_2500_to_2999,22600
1/1/2015,CENTRAL REGION,,industry,wholesale_retail_trade,78300
1/1/2010,CENTRAL REGION,,language_literate,l2_eng_non_off,25533
1/1/2010,EAST REGION,male,marital_status,,
1/1/2010,WEST REGION,,household_income,sgd_10000_over,65228
1/1/2010,NORTH REGION,female,age_group,age_0_4,14440
1/1/2010,NORTH REGION,,industry,accommodation_food_services,16740
1/1/2000,EAST REGION,female,economic_status,employed,111610
1/1/2000,NORTH REGION,,industry,business_services,20256
1/1/2010,EAST REGION,,mode_of_transport_work,mrt,30765
1/1/2010,NORTH-EAST REGION,,mode_of_transport_work,no_transport_required,25721
1/1/2015,EAST REGION,male,age_group,age_30_34,22230
1/1/2015,WEST REGION,,mode_of_transport_work,others,7800
1/1/2015,EAST REGION,,industry,others,3400
1/1/2015,WEST REGION,,dwelling_type_population,total,903010
1/1/2020,WEST REGION,,education_attending,prof_qualification_diploma,3132
1/1/2010,CENTRAL REGION,,language_literate,l1_mal,8896
1/1/2020,WEST REGION,,household_size,person6,16909
1/1/2015,CENTRAL REGION,,education_attending,prof_qualification_diploma,2300
1/1/2015,NORTH-EAST REGION,female,age_group,age_25_29,30510
1/1/2000,NORTH-EAST REGION,,income_from_work,sgd_1000_to_1999,0
1/1/2015,CENTRAL REGION,,industry,admin_support_services,27200
1/1/2015,WEST REGION,,income_from_work,sgd_15000_over,0
1/1/2010,NORTH REGION,,income_from_work,sgd_4000_to_4999,26188
1/1/2000,NORTH REGION,,mode_of_transport_school,,
1/1/2000,WEST REGION,,dwelling_type_household,hdb_4_room_flats,85550
1/1/2010,WEST REGION,,language_literate,l3_eng_chi_mal,27754
1/1/2010,NORTH REGION,,household_income,sgd_2000_to_2999,14089
1/1/2020,CENTRAL REGION,,industry,information_communications,25856
1/1/2020,WEST REGION,,language_literate,l2_eng_chi,355031
1/1/2015,NORTH-EAST REGION,,household_income,sgd_8000_over,
1/1/2015,EAST REGION,,household_structure,ofn_2_gen,124300
1/1/2010,NORTH-EAST REGION,male,ethnic_distribution,indian,31503
1/1/2010,NORTH-EAST REGION,,mode_of_transport_school,motorcycle_scooter,526
1/1/2015,EAST REGION,,income_from_work,sgd_8000_to_8999,14000
1/1/2000,NORTH-EAST REGION,,language_spoken_at_home,chn_dlt_oth_lang,0
1/1/2015,CENTRAL REGION,female,age_group,age_70_74,18730
1/1/2010,NORTH-EAST REGION,,education_attending,prof_qualification_diploma,2784
1/1/2010,EAST REGION,,dwelling_type_household,hdb_1_and_2_room_flats,4684
1/1/2020,NORTH-EAST REGION,,industry,other_comm_social_personal,16280
1/1/2010,EAST REGION,male,age_group,age_70_74,6910
1/1/2010,CENTRAL REGION,,household_income,sgd_20000_over,
1/1/2010,NORTH REGION,,income_from_work,sgd_6000_over,
1/1/2015,NORTH-EAST REGION,male,marital_status,single,108600
1/1/2015,EAST REGION,,mode_of_transport_school,mrt_bus,30600
1/1/2010,WEST REGION,,dwelling_type_population,condominiums_and_other_apartments,81070
1/1/2020,WEST REGION,,household_income,total,300601
1/1/2015,WEST REGION,,language_spoken_at_home,english,252200
1/1/2015,CENTRAL REGION,,household_size,person1,53400
1/1/2020,WEST REGION,,language_spoken_at_home,eng_oth_lang,8381
1/1/2015,NORTH-EAST REGION,,household_income,sgd_10000_over,
1/1/2010,EAST REGION,,household_structure,ofn_3_more_gen,14001
1/1/2010,NORTH REGION,,dwelling_type_household,landed_properties,2267
1/1/2010,NORTH-EAST REGION,,mode_of_transport_work,mrt,43504
1/1/2010,CENTRAL REGION,,language_literate,l2_other_two,3153
1/1/2000,NORTH-EAST REGION,female,age_group,age_45_49,23920
1/1/2020,CENTRAL REGION,,household_size,person7,6564
1/1/2000,CENTRAL REGION,female,age_group,age_30_34,35450
1/1/2000,NORTH-EAST REGION,,mode_of_transport_work,,
1/1/2000,WEST REGION,,dwelling_type_household,,
1/1/2010,EAST REGION,,mode_of_transport_work,no_transport_required,24500
1/1/2015,NORTH REGION,,household_income,sgd_4000_to_4999,11900
1/1/2010,EAST REGION,,dwelling_type_household,total_hdb,158333
1/1/2000,CENTRAL REGION,female,marital_status,widowed,39879
1/1/2020,WEST REGION,,household_income,no_working_person,33150
1/1/2000,NORTH REGION,,language_spoken_at_home,oth_ind_lang_oth_lang,0
1/1/2000,NORTH-EAST REGION,,income_from_work,,
1/1/2015,NORTH-EAST REGION,,mode_of_transport_work,lorry_pickup,9500
1/1/2015,NORTH REGION,,income_from_work,sgd_2000_to_2999,0
1/1/2010,WEST REGION,,language_spoken_at_home,mand_chn_dlt,0
1/1/2010,WEST REGION,,mode_of_transport_school,car,18449
1/1/2015,CENTRAL REGION,,industry,hotels_restaurants,0
1/1/2020,EAST REGION,,language_spoken_at_home,mand_eng,77060
1/1/2000,EAST REGION,female,age_group,age_10_14,24740
1/1/2000,WEST REGION,,dwelling_type_population,hdb_1_and_2_room_flats,4540
1/1/2015,EAST REGION,,language_spoken_at_home,eng_mand,0
1/1/2015,NORTH REGION,,mode_of_transport_school,taxi_pvt_hire_car_only,0
1/1/2000,NORTH-EAST REGION,,income_from_work,sgd_8000_to_8999,
1/1/2000,NORTH-EAST REGION,,industry,accommodation_food_services,0
1/1/2015,CENTRAL REGION,,household_income,total,305800
1/1/2020,WEST REGION,,household_size,person1,40693
1/1/2015,NORTH-EAST REGION,,household_income,sgd_17500_to_19999,11100
1/1/2015,EAST REGION,male,marital_status,single,102100
1/1/2000,EAST REGION,,household_income,sgd_13000_to_13999,
1/1/2015,EAST REGION,,income_from_work,sgd_1000_to_1999,0
1/1/2020,EAST REGION,,mode_of_transport_school,mrt_car,0
1/1/2015,EAST REGION,,household_income,sgd_7000_to_7999,10400
1/1/2000,CENTRAL REGION,,income_from_work,sgd_2000_to_2499,45798
1/1/2010,NORTH REGION,,mode_of_transport_school,other_combi_mrt_lrt_or_bus,0
1/1/2015,NORTH REGION,female,age_group,age_20_24,19300
1/1/2020,EAST REGION,,education_attending,university,20529
1/1/2000,NORTH-EAST REGION,,income_from_work,sgd_2000_to_2999,0
1/1/2000,WEST REGION,male,ethnic_distribution,others,2281
1/1/2020,EAST REGION,male,age_group,age_15_19,18800
1/1/2020,EAST REGION,female,age_group,age_80_84,6480
1/1/2010,EAST REGION,female,marital_status,married,166886
1/1/2000,CENTRAL REGION,,industry,other_services_industries,81678
1/1/2020,CENTRAL REGION,,household_income,sgd_4000_to_4999,14135
1/1/2000,EAST REGION,,industry,arts_entertainment_recreation,0
1/1/2000,EAST REGION,,dwelling_type_household,hdb_1_and_2_room_flats,3643
1/1/2020,NORTH REGION,male,age_group,age_55_59,22910
1/1/2000,WEST REGION,male,ethnic_distribution,chinese,247825
1/1/2020,CENTRAL REGION,,income_from_work,sgd_2000_to_2999,45779
1/1/2010,EAST REGION,,industry,information_communications,16522
1/1/2020,NORTH-EAST REGION,,religion,no_religion,165145
1/1/2015,EAST REGION,female,age_group,age_60_64,22440
1/1/2000,NORTH REGION,,income_from_work,sgd_6000_to_6999,
1/1/2010,EAST REGION,,household_income,below_sgd_1000,6068
1/1/2020,NORTH-EAST REGION,,income_from_work,sgd_3000_to_3999,60348
1/1/2000,CENTRAL REGION,,income_from_work,sgd_12000_14999,0
1/1/2000,NORTH REGION,male,economic_status,,
1/1/2020,NORTH REGION,,household_size,person_more_8,2606
1/1/2010,NORTH-EAST REGION,female,age_group,age_85_over,3750
1/1/2010,WEST REGION,,mode_of_transport_work,bus,82372
1/1/2010,CENTRAL REGION,,income_from_work,sgd_1000_to_1499,39406
1/1/2010,NORTH REGION,female,age_group,age_20_24,17740
1/1/2000,CENTRAL REGION,,industry,transport_communications,43447
1/1/2000,NORTH-EAST REGION,,language_spoken_at_home,oth_lang_eng,0
1/1/2015,WEST REGION,,language_spoken_at_home,tml_oth_lang,0
1/1/2015,WEST REGION,,dwelling_type_population,hdb_1_and_2_room_flats,19350
1/1/2015,CENTRAL REGION,,language_spoken_at_home,tml_eng,0
1/1/2015,NORTH-EAST REGION,,industry,accommodation_food_services,31800
1/1/2020,NORTH REGION,,language_spoken_at_home,mly_oth_lang,449
1/1/2000,NORTH REGION,,mode_of_transport_school,taxi_pvt_hire_car_only,0
1/1/2010,EAST REGION,,income_from_work,sgd_7000_to_7999,12371
1/1/2020,CENTRAL REGION,male,age_group,age_5_9,21780
1/1/2010,EAST REGION,,household_income,sgd_1000_to_1999,12956
1/1/2000,NORTH-EAST REGION,,household_income,sgd_17500_to_19999,
1/1/2010,EAST REGION,,industry,others,3863
1/1/2000,WEST REGION,,industry,wholesale_retail_trade,57002
1/1/2000,NORTH REGION,,household_structure,no_family_nucleus,8378
1/1/2015,NORTH REGION,male,ethnic_distribution,malays,53390
1/1/2020,EAST REGION,,language_spoken_at_home,eng_chn_dlt,23932
1/1/2020,NORTH REGION,,mode_of_transport_work,other_combi_mrt_lrt_or_bus,8871
1/1/2010,NORTH REGION,male,age_group,age_65_69,5060
1/1/2015,WEST REGION,,household_structure,tfn_1to2_gen,
1/1/2015,NORTH REGION,male,marital_status,widowed,3300
1/1/2000,NORTH REGION,,mode_of_transport_school,lorry_pickup,107
1/1/2020,WEST REGION,male,age_group,age_35_39,31330
1/1/2010,EAST REGION,,industry,health_social_services,14695
1/1/2010,NORTH REGION,,mode_of_transport_work,,
1/1/2010,WEST REGION,,language_spoken_at_home,other_indian_languages,10864
1/1/2000,CENTRAL REGION,,dwelling_type_population,total,897710
1/1/2000,NORTH REGION,,language_spoken_at_home,oth_lang_eng,0
1/1/2000,CENTRAL REGION,,mode_of_transport_work,others,30428
1/1/2020,NORTH-EAST REGION,,dwelling_type_population,others,7660
1/1/2015,NORTH-EAST REGION,,income_from_work,sgd_1500_to_1999,30500
1/1/2020,WEST REGION,,income_from_work,sgd_6000_over,0
1/1/2015,EAST REGION,,mode_of_transport_school,no_transport_required,30500
1/1/2000,NORTH-EAST REGION,male,ethnic_distribution,malays,21858
1/1/2010,EAST REGION,,religion,other_christians,66815
1/1/2010,NORTH-EAST REGION,male,marital_status,single,99707
1/1/2010,CENTRAL REGION,,religion,sikhism,3642
1/1/2015,EAST REGION,male,age_group,age_70_74,8030
1/1/2020,NORTH REGION,female,age_group,age_45_49,23420
1/1/2010,CENTRAL REGION,,dwelling_type_population,others,17080
1/1/2015,WEST REGION,,mode_of_transport_school,lorry_pickup,0
1/1/2010,CENTRAL REGION,,religion,other_christians,115033
1/1/2015,CENTRAL REGION,,mode_of_transport_school,no_transport_required,24600
1/1/2000,EAST REGION,,dwelling_type_population,total,655990
1/1/2015,WEST REGION,,language_spoken_at_home,oth_lang_eng,0
1/1/2010,CENTRAL REGION,,industry,health_social_services,22740
1/1/2000,EAST REGION,,mode_of_transport_work,others,21979
1/1/2000,NORTH-EAST REGION,female,age_group,age_20_24,19150
1/1/2010,NORTH REGION,female,economic_status,,
1/1/2020,WEST REGION,,industry,manufacturing,67887
1/1/2015,WEST REGION,,household_size,person4,70000
1/1/2000,NORTH REGION,,mode_of_transport_work,bus,25971
1/1/2020,EAST REGION,,household_income,no_working_person,30151
1/1/2010,WEST REGION,,household_structure,ofn_3_more_gen,17405
1/1/2010,WEST REGION,,dwelling_type_household,total_hdb,230719
1/1/2010,WEST REGION,,mode_of_transport_work,no_transport_required,28645
1/1/2015,NORTH REGION,,household_structure,no_family_nucleus,20300
1/1/2015,NORTH REGION,female,age_group,age_30_34,21620
1/1/2000,NORTH-EAST REGION,,tenancy,owner,146632
1/1/2000,EAST REGION,,dwelling_type_household,,
1/1/2020,EAST REGION,,language_spoken_at_home,eng_oth_lang,5883
1/1/2020,NORTH-EAST REGION,,industry,transportation_storage,47619
1/1/2020,EAST REGION,,religion,other_christians,72460
1/1/2010,CENTRAL REGION,female,marital_status,,
1/1/2020,EAST REGION,,mode_of_transport_work,mrt_bus,0
1/1/2000,CENTRAL REGION,male,economic_status,employed,237096
1/1/2010,NORTH REGION,,language_literate,l3_eng_chi_mal,17401
1/1/2010,WEST REGION,,income_from_work,sgd_4000_to_4999,48537
1/1/2020,NORTH REGION,,language_literate,l2_eng_chi,196111
1/1/2010,WEST REGION,,household_income,sgd_2000_to_2999,22146
1/1/2015,NORTH REGION,,income_from_work,sgd_15000_over,0
1/1/2020,EAST REGION,,education_attending,polytechnic,12376
1/1/2000,CENTRAL REGION,,household_structure,ofn_2_gen,157944
1/1/2000,NORTH-EAST REGION,,religion,sikhism,1195
1/1/2000,NORTH REGION,,dwelling_type_household,hdb_4_room_flats,53284
1/1/2000,WEST REGION,,mode_of_transport_school,,
1/1/2020,CENTRAL REGION,,mode_of_transport_school,other_combi_mrt_or_bus,0
1/1/2020,NORTH-EAST REGION,female,marital_status,married,238802
1/1/2015,NORTH-EAST REGION,,industry,hotels_restaurants,0
1/1/2020,WEST REGION,,dwelling_type_population,total_hdb,784950
1/1/2000,WEST REGION,,industry,other_comm_social_personal,0
1/1/2000,NORTH REGION,,household_income,,
1/1/2010,CENTRAL REGION,,language_literate,l1_tam,4282
1/1/2015,WEST REGION,,mode_of_transport_school,mrt_other,0
1/1/2000,WEST REGION,,industry,hotels_restaurants,18200
1/1/2000,EAST REGION,,income_from_work,sgd_1500_to_1999,37551
1/1/2000,NORTH REGION,female,age_group,total,198150
1/1/2020,NORTH-EAST REGION,male,age_group,age_25_29,29140
1/1/2010,CENTRAL REGION,,income_from_work,sgd_8000_to_8999,
1/1/2015,EAST REGION,,household_size,person7,
1/1/2000,NORTH REGION,,dwelling_type_population,landed_properties,6710
1/1/2010,CENTRAL REGION,,income_from_work,,
1/1/2000,CENTRAL REGION,,religion,catholic_christian,39650
1/1/2020,NORTH REGION,,language_spoken_at_home,mand_oth_lang,592
1/1/2015,NORTH-EAST REGION,,household_size,person6,
1/1/2010,WEST REGION,,language_spoken_at_home,eng_chn_dlt,0
1/1/2010,WEST REGION,,industry,construction,23056
1/1/2010,CENTRAL REGION,,mode_of_transport_school,mrt_bus,22299
1/1/2010,NORTH-EAST REGION,female,ethnic_distribution,chinese,309461
1/1/2015,NORTH REGION,female,age_group,age_85_over,2200
1/1/2020,EAST REGION,,religion,no_religion,108217
1/1/2015,WEST REGION,female,age_group,age_50_54,36490
1/1/2020,CENTRAL REGION,male,economic_status,unemployed,14828
1/1/2000,CENTRAL REGION,male,age_group,total,445190
1/1/2010,EAST REGION,female,age_group,age_75_79,6540
1/1/2015,NORTH-EAST REGION,,industry,wholesale_retail_trade,83400
1/1/2010,EAST REGION,,language_spoken_at_home,malay,110042
1/1/2020,CENTRAL REGION,,language_literate,l3_other_three,
1/1/2020,WEST REGION,,income_from_work,sgd_11000_to_11999,11256
1/1/2010,NORTH REGION,,language_literate,l3_eng_mal_tam,3266
1/1/2020,EAST REGION,,language_literate,l1_tam,790
1/1/2010,NORTH-EAST REGION,,dwelling_type_population,hdb_4_room_flats,262130
1/1/2010,EAST REGION,,household_income,sgd_10000_to_10999,
1/1/2015,NORTH-EAST REGION,,religion,islam,65000
1/1/2015,WEST REGION,,mode_of_transport_work,pvt_chartered_bus_van,0
1/1/2020,EAST REGION,male,age_group,age_30_34,23520
1/1/2020,CENTRAL REGION,male,ethnic_distribution,malays,28780
1/1/2010,NORTH-EAST REGION,male,age_group,age_55_59,24820
1/1/2015,NORTH-EAST REGION,,household_income,sgd_7000_to_7999,15400
1/1/2000,WEST REGION,,language_spoken_at_home,eng_chn_dlt,0
1/1/2000,NORTH REGION,,language_spoken_at_home,mandarin,141747
1/1/2000,EAST REGION,,income_from_work,sgd_8000_over,
1/1/2020,WEST REGION,,mode_of_transport_work,no_transport_required,45210
1/1/2015,EAST REGION,,language_literate,l2_eng_chi,255100
1/1/2020,WEST REGION,,household_structure,ofn_2_gen,166882
1/1/2010,NORTH REGION,,industry,arts_entertainment_recreation,5001
1/1/2000,EAST REGION,,tenancy,owner,162110
1/1/2015,NORTH REGION,,education_attending,polytechnic,12300
1/1/2000,NORTH-EAST REGION,male,economic_status,employed,155336
1/1/2015,NORTH REGION,,religion,catholic_christian,18300
1/1/2000,NORTH-EAST REGION,,household_income,sgd_9000_to_9999,
1/1/2000,NORTH REGION,,industry,information_communications,0
1/1/2010,NORTH-EAST REGION,female,economic_status,,
1/1/2020,CENTRAL REGION,,household_structure,no_family_nucleus,102900
1/1/2020,WEST REGION,,language_spoken_at_home,eng_mly,58756
1/1/2000,WEST REGION,,education_attending,primary,79735
1/1/2015,NORTH-EAST REGION,,mode_of_transport_school,mrt,9300
1/1/2015,EAST REGION,,mode_of_transport_work,taxi,7400
1/1/2010,WEST REGION,,industry,public_admin_education,61064
1/1/2000,EAST REGION,,education_attending,,
1/1/2010,WEST REGION,,income_from_work,sgd_3000_to_3999,68346
1/1/2010,NORTH-EAST REGION,,religion,,
1/1/2010,WEST REGION,,household_income,sgd_5000_to_5999,21267
1/1/2010,CENTRAL REGION,,language_spoken_at_home,mand_oth_lang,0
1/1/2015,WEST REGION,female,age_group,age_65_69,19240
1/1/2000,CENTRAL REGION,,household_size,person1,33442
1/1/2010,NORTH-EAST REGION,female,marital_status,widowed,26110
1/1/2020,EAST REGION,male,age_group,age_85_over,3240
1/1/2020,EAST REGION,,household_income,sgd_8000_to_8999,9251
1/1/2010,EAST REGION,,mode_of_transport_work,motorcycle_scooter,15517
1/1/2000,WEST REGION,female,economic_status,unemployed,9674
1/1/2015,CENTRAL REGION,,mode_of_transport_work,taxi_pvt_hire_car_only,0
1/1/2010,WEST REGION,female,ethnic_distribution,malays,71541
1/1/2000,NORTH REGION,,language_spoken_at_home,malay,72500
1/1/2015,CENTRAL REGION,,household_size,person5,34700
1/1/2015,NORTH-EAST REGION,female,age_group,age_40_44,34700
1/1/2015,WEST REGION,,language_spoken_at_home,chinese_dialects,95700
1/1/2015,NORTH REGION,,mode_of_transport_work,bus,36300
1/1/2010,WEST REGION,male,economic_status,,
1/1/2010,NORTH REGION,,household_structure,tfn_3_more_gen,8280
1/1/2020,EAST REGION,female,ethnic_distribution,indian,29020
1/1/2010,NORTH-EAST REGION,,industry,information_communications,18362
1/1/2010,NORTH-EAST REGION,male,economic_status,unemployed,8624
1/1/2010,NORTH-EAST REGION,male,economic_status,inactive,74877
1/1/2020,EAST REGION,female,age_group,age_0_4,13470
1/1/2020,NORTH-EAST REGION,,mode_of_transport_school,other_combi_mrt_lrt_or_bus,8267
1/1/2000,CENTRAL REGION,male,age_group,age_25_29,37000
1/1/2010,CENTRAL REGION,,language_literate,l1_chi,128667
1/1/2010,EAST REGION,,industry,professional_services,21603
1/1/2020,WEST REGION,female,age_group,age_10_14,23780
1/1/2020,EAST REGION,,mode_of_transport_school,bus,27944
1/1/2000,NORTH-EAST REGION,,language_spoken_at_home,chinese_dialects,136846
1/1/2015,EAST REGION,,religion,islam,123100
1/1/2020,WEST REGION,,mode_of_transport_school,mrt_other,0
1/1/2010,CENTRAL REGION,female,age_group,age_40_44,37630
1/1/2000,WEST REGION,,mode_of_transport_work,other_combi_mrt_or_bus,0
1/1/2020,NORTH REGION,,mode_of_transport_school,motorcycle_scooter,603
1/1/2020,EAST REGION,,language_literate,l1_mal,10214
1/1/2020,NORTH-EAST REGION,,industry,hotels_restaurants,
1/1/2020,CENTRAL REGION,,mode_of_transport_work,mrt,0
1/1/2015,WEST REGION,male,marital_status,married,234600
1/1/2015,WEST REGION,,dwelling_type_population,total_hdb,787830
1/1/2000,WEST REGION,,income_from_work,sgd_10000_to_10999,
1/1/2000,EAST REGION,,mode_of_transport_school,mrt_lrt_and_bus,0
1/1/2015,CENTRAL REGION,,religion,buddhism,234400
1/1/2015,NORTH-EAST REGION,female,marital_status,married,218300
1/1/2000,NORTH REGION,,mode_of_transport_school,mrt_bus,11830
1/1/2010,NORTH-EAST REGION,,education_attending,primary,55722
1/1/2020,NORTH-EAST REGION,,mode_of_transport_work,mrt_lrt_only,65320
1/1/2010,WEST REGION,,household_structure,three_more_fam_nucleus,865
1/1/2000,NORTH REGION,female,marital_status,married,99454
1/1/2010,EAST REGION,,income_from_work,sgd_6000_to_6999,18618
1/1/2000,NORTH REGION,,household_income,below_sgd_1000,9127
1/1/2015,CENTRAL REGION,,household_size,person_more_8,
1/1/2010,WEST REGION,female,age_group,age_70_74,8580
1/1/2000,CENTRAL REGION,,mode_of_transport_school,pvt_chartered_bus,26379
1/1/2000,NORTH REGION,,tenancy,others,702
1/1/2010,NORTH-EAST REGION,,language_spoken_at_home,mand_chn_dlt,0
1/1/2000,WEST REGION,,language_spoken_at_home,mly_oth_lang,0
1/1/2010,EAST REGION,,mode_of_transport_school,car,18147
1/1/2010,NORTH-EAST REGION,,language_spoken_at_home,tml_eng,0
1/1/2015,NORTH-EAST REGION,female,marital_status,divorced,18000
1/1/2010,EAST REGION,,language_spoken_at_home,mand_chn_dlt,0
1/1/2015,CENTRAL REGION,,income_from_work,sgd_1500_to_1999,30700
1/1/2020,WEST REGION,,language_spoken_at_home,mand_eng,135977
1/1/2015,NORTH-EAST REGION,,education_attending,polytechnic,16300
1/1/2010,NORTH REGION,,income_from_work,sgd_12000_over,
1/1/2010,CENTRAL REGION,female,age_group,age_45_49,37960
1/1/2020,EAST REGION,,income_from_work,sgd_11000_to_11999,9926
1/1/2000,NORTH-EAST REGION,,language_spoken_at_home,mandarin,190933
1/1/2020,NORTH REGION,,dwelling_type_household,hdb_3_room_flats,25405
1/1/2000,NORTH-EAST REGION,,mode_of_transport_work,bus,83187
1/1/2000,CENTRAL REGION,,language_spoken_at_home,tml_eng,0
1/1/2010,WEST REGION,female,age_group,age_75_79,6390
1/1/2010,WEST REGION,,language_spoken_at_home,malay,121077
1/1/2010,CENTRAL REGION,,language_spoken_at_home,chn_dlt_oth_lang,0
1/1/2020,CENTRAL REGION,female,age_group,age_25_29,29640
1/1/2000,WEST REGION,male,age_group,age_10_14,29610
1/1/2015,NORTH-EAST REGION,,income_from_work,sgd_12000_over,42400
1/1/2000,NORTH REGION,,household_income,sgd_7000_to_7999,5445
1/1/2020,CENTRAL REGION,,income_from_work,sgd_5000_to_5999,35137
1/1/2015,WEST REGION,female,marital_status,single,117200
1/1/2020,CENTRAL REGION,,household_income,sgd_3000_to_3999,16471
1/1/2000,NORTH REGION,,income_from_work,sgd_1000_to_1999,0
1/1/2000,CENTRAL REGION,,language_literate,l1_non_off,985
1/1/2000,EAST REGION,male,ethnic_distribution,indian,20210
1/1/2020,EAST REGION,,dwelling_type_household,hdb_5_room_and_executive_flats,55542
1/1/2010,CENTRAL REGION,,tenancy,tenant,64548
1/1/2010,CENTRAL REGION,,language_spoken_at_home,mand_eng,0
1/1/2000,EAST REGION,,mode_of_transport_work,mrt_car,1792
1/1/2015,NORTH-EAST REGION,,dwelling_type_population,others,7380
1/1/2015,WEST REGION,male,age_group,age_35_39,33230
1/1/2020,NORTH-EAST REGION,female,age_group,age_10_14,24500
1/1/2020,NORTH-EAST REGION,,income_from_work,sgd_1500_to_1999,0
1/1/2010,NORTH REGION,female,age_group,age_5_9,16180
1/1/2010,CENTRAL REGION,,language_spoken_at_home,eng_chn_dlt,0
1/1/2010,WEST REGION,,mode_of_transport_school,mrt_bus,27648
1/1/2010,EAST REGION,,language_spoken_at_home,english,230999
1/1/2015,NORTH-EAST REGION,,language_literate,l2_eng_non_off,12600
1/1/2015,CENTRAL REGION,female,age_group,age_50_54,36270
1/1/2020,EAST REGION,male,marital_status,widowed,5436
1/1/2010,CENTRAL REGION,,industry,construction,18605
1/1/2000,NORTH-EAST REGION,,income_from_work,sgd_8000_over,
1/1/2020,WEST REGION,male,economic_status,unemployed,15244
1/1/2000,EAST REGION,female,age_group,age_85_over,1850
1/1/2015,NORTH-EAST REGION,,household_income,sgd_1000_to_1999,13400
1/1/2020,NORTH-EAST REGION,,language_spoken_at_home,others,0
1/1/2020,NORTH REGION,,household_income,sgd_15000_to_17499,10079
1/1/2015,NORTH-EAST REGION,,industry,public_admin_education,66900
1/1/2020,NORTH REGION,,mode_of_transport_work,pvt_chartered_bus_van,8563
1/1/2010,NORTH REGION,,mode_of_transport_work,others,15234
1/1/2010,EAST REGION,,tenancy,others,2706
1/1/2010,NORTH-EAST REGION,,dwelling_type_population,total_hdb,619820
1/1/2010,NORTH REGION,,dwelling_type_population,total,505900
1/1/2020,NORTH REGION,,dwelling_type_population,hdb_4_room_flats,240560
1/1/2010,CENTRAL REGION,,language_literate,no_literate,43094
1/1/2010,NORTH-EAST REGION,male,age_group,age_85_over,1660
1/1/2015,NORTH-EAST REGION,,mode_of_transport_work,taxi_pvt_hire_car_only,0
1/1/2010,EAST REGION,,household_income,sgd_10000_over,56246
1/1/2000,WEST REGION,female,economic_status,employed,137006
1/1/2010,WEST REGION,male,marital_status,,
1/1/2010,EAST REGION,female,age_group,age_55_59,23330
1/1/2000,NORTH REGION,,language_spoken_at_home,oth_lang_oth_non_eng_lang,0
1/1/2000,NORTH REGION,,income_from_work,sgd_15000_over,0
1/1/2010,CENTRAL REGION,,income_from_work,sgd_9000_to_9999,
1/1/2000,WEST REGION,,language_spoken_at_home,mand_oth_lang,0
1/1/2010,CENTRAL REGION,female,economic_status,unemployed,8810
1/1/2015,CENTRAL REGION,male,economic_status,employed,251200
1/1/2010,CENTRAL REGION,,household_size,person6,17062
1/1/2000,CENTRAL REGION,female,ethnic_distribution,malays,23046
1/1/2020,NORTH-EAST REGION,female,economic_status,inactive,151047
1/1/2000,NORTH-EAST REGION,male,age_group,age_15_19,19770
1/1/2000,NORTH-EAST REGION,,mode_of_transport_work,other_combi_mrt_or_bus,0
1/1/2010,NORTH-EAST REGION,,income_from_work,sgd_2000_to_2499,36004
1/1/2010,CENTRAL REGION,,mode_of_transport_work,no_transport_required,42738
1/1/2000,NORTH REGION,,household_structure,,
1/1/2020,EAST REGION,,household_size,person7,6396
1/1/2000,NORTH REGION,,income_from_work,sgd_1000_to_1499,27803
1/1/2000,EAST REGION,female,marital_status,widowed,18885
1/1/2000,EAST REGION,female,age_group,age_30_34,31180
1/1/2010,EAST REGION,,language_literate,l2_other_two,2135
1/1/2010,CENTRAL REGION,,household_structure,ofn_3_more_gen,16947
1/1/2010,CENTRAL REGION,,dwelling_type_household,total_hdb,231442
1/1/2010,NORTH REGION,,industry,transport_communications,0
1/1/2020,NORTH-EAST REGION,,mode_of_transport_school,taxi_pvt_hire_car_only,1009
1/1/2000,WEST REGION,,mode_of_transport_school,mrt_lrt_and_bus,0
1/1/2000,NORTH-EAST REGION,,language_literate,l1_non_off,542
1/1/2000,EAST REGION,,mode_of_transport_work,other_combi_mrt_or_bus,0
1/1/2020,NORTH REGION,,religion,islam,113919
1/1/2015,EAST REGION,male,marital_status,married,171800
1/1/2010,NORTH-EAST REGION,,language_spoken_at_home,tamil,21088
1/1/2000,EAST REGION,,income_from_work,sgd_10000_to_10999,
1/1/2000,NORTH REGION,,language_spoken_at_home,english,60164
1/1/2015,WEST REGION,,religion,islam,123600
1/1/2020,NORTH-EAST REGION,,income_from_work,sgd_2500_to_2999,0
1/1/2015,EAST REGION,,dwelling_type_population,total_hdb,533700
1/1/2020,WEST REGION,,language_literate,l1_mal,13714
1/1/2020,EAST REGION,,mode_of_transport_school,mrt_other,0
1/1/2010,CENTRAL REGION,,industry,financial_insurance_services,42894
1/1/2000,NORTH-EAST REGION,,dwelling_type_population,total_hdb,469160
1/1/2020,WEST REGION,,income_from_work,sgd_12000_14999,20319
1/1/2020,CENTRAL REGION,female,age_group,age_35_39,34600
1/1/2020,NORTH REGION,female,ethnic_distribution,indian,28990
1/1/2000,CENTRAL REGION,,language_spoken_at_home,chinese_dialects,235984
1/1/2010,WEST REGION,,mode_of_transport_work,mrt_other,8898
1/1/2010,CENTRAL REGION,,dwelling_type_household,others,2837
1/1/2010,EAST REGION,,household_structure,tfn_3_more_gen,10307
1/1/2015,EAST REGION,,mode_of_transport_work,bus,75200
1/1/2010,NORTH-EAST REGION,male,age_group,age_5_9,22180
1/1/2015,CENTRAL REGION,,language_spoken_at_home,mly_eng,0
1/1/2000,WEST REGION,,income_from_work,sgd_2000_to_2999,0
1/1/2000,WEST REGION,,household_income,sgd_4000_to_4999,23946
1/1/2015,CENTRAL REGION,,household_income,sgd_9000_to_9999,10500
1/1/2010,CENTRAL REGION,,language_spoken_at_home,oth_lang_eng,0
1/1/2010,NORTH REGION,,tenancy,owner,130448
1/1/2010,CENTRAL REGION,,mode_of_transport_school,lorry_pickup,424
1/1/2020,CENTRAL REGION,,mode_of_transport_school,taxi,0
1/1/2015,NORTH-EAST REGION,,language_literate,l1_mal,5100
1/1/2010,NORTH-EAST REGION,,household_income,no_working_person,19800
1/1/2020,EAST REGION,female,age_group,age_15_19,18040
1/1/2000,WEST REGION,,household_income,sgd_12000_to_12999,
1/1/2020,EAST REGION,male,age_group,age_80_84,4460
1/1/2000,WEST REGION,female,ethnic_distribution,others,2720
1/1/2010,NORTH-EAST REGION,,language_spoken_at_home,eng_oth_lang,0
1/1/2015,NORTH REGION,male,age_group,age_20_24,20080
1/1/2010,NORTH REGION,male,age_group,age_45_49,23160
1/1/2010,NORTH REGION,,household_size,person1,12575
1/1/2020,WEST REGION,male,age_group,age_5_9,22170
1/1/2010,NORTH REGION,,language_spoken_at_home,chn_dlt_mand,0
1/1/2015,CENTRAL REGION,,dwelling_type_population,hdb_1_and_2_room_flats,83760
1/1/2015,WEST REGION,,language_spoken_at_home,tml_eng,0
1/1/2020,NORTH-EAST REGION,,household_structure,ofn_2_gen,166899
1/1/2015,EAST REGION,male,age_group,total,339870
1/1/2020,EAST REGION,,mode_of_transport_work,pvt_chartered_bus,0
1/1/2015,CENTRAL REGION,,language_spoken_at_home,tml_oth_lang,0
1/1/2020,WEST REGION,,mode_of_transport_work,others,7917
1/1/2000,NORTH REGION,,household_income,sgd_20000_over,
1/1/2000,WEST REGION,,household_income,sgd_14000_to_14999,
1/1/2010,EAST REGION,,mode_of_transport_school,pvt_chartered_bus,14839
1/1/2000,CENTRAL REGION,female,ethnic_distribution,chinese,251331
1/1/2015,CENTRAL REGION,,language_spoken_at_home,oth_ind_lang_eng,0
1/1/2020,WEST REGION,,dwelling_type_population,total,922540
1/1/2015,EAST REGION,,mode_of_transport_school,other_combi_mrt_or_bus,3600
1/1/2020,CENTRAL REGION,,industry,accommodation_food_services,29893
1/1/2020,NORTH REGION,,language_literate,l2_eng_non_off,8819
1/1/2000,CENTRAL REGION,,income_from_work,sgd_6000_over,63028
1/1/2000,NORTH REGION,male,age_group,age_60_64,4510
1/1/2000,NORTH-EAST REGION,,mode_of_transport_work,car,67554
1/1/2015,NORTH REGION,,mode_of_transport_work,mrt_lrt_only,0
1/1/2010,NORTH-EAST REGION,,tenancy,owner,203940
1/1/2010,EAST REGION,,dwelling_type_household,,
1/1/2000,NORTH REGION,,language_spoken_at_home,chn_dlt_oth_lang,0
1/1/2015,NORTH REGION,,mode_of_transport_school,other_combi_mrt_lrt_or_bus,0
1/1/2015,NORTH-EAST REGION,,income_from_work,sgd_1000_to_1499,39900
1/1/2020,NORTH-EAST REGION,,industry,manufacturing,45155
1/1/2010,NORTH-EAST REGION,female,age_group,age_20_24,23600
1/1/2015,CENTRAL REGION,,religion,taoism,65000
1/1/2000,CENTRAL REGION,male,ethnic_distribution,others,3655
1/1/2010,NORTH-EAST REGION,,income_from_work,sgd_4000_to_4999,38967
1/1/2015,NORTH REGION,,household_income,sgd_13000_to_13999,4700
1/1/2010,NORTH-EAST REGION,,language_spoken_at_home,mly_oth_lang,0
1/1/2015,NORTH-EAST REGION,,household_income,,
1/1/2000,EAST REGION,male,marital_status,divorced,3806
1/1/2020,NORTH REGION,,mode_of_transport_school,mrt_lrt_only,9913
1/1/2000,EAST REGION,,mode_of_transport_work,car,72758
1/1/2020,EAST REGION,,household_structure,three_more_fam_nucleus,724
1/1/2015,EAST REGION,,household_size,person2,42100
1/1/2010,NORTH REGION,,mode_of_transport_work,taxi_pvt_hire_car_only,0
1/1/2000,EAST REGION,female,age_group,age_20_24,20030
1/1/2000,WEST REGION,,income_from_work,sgd_2000_to_2499,49840
1/1/2000,CENTRAL REGION,,industry,business_services,60953
1/1/2010,CENTRAL REGION,,mode_of_transport_school,bus,45976
1/1/2010,CENTRAL REGION,female,age_group,age_0_4,21060
1/1/2020,EAST REGION,,language_literate,l1_chi,63722
1/1/2015,CENTRAL REGION,,income_from_work,sgd_2500_to_2999,24800
1/1/2010,CENTRAL REGION,,industry,accommodation_food_services,32790
1/1/2000,NORTH-EAST REGION,male,age_group,age_70_74,4780
1/1/2010,NORTH REGION,,language_literate,l2_eng_non_off,9805
1/1/2020,CENTRAL REGION,,industry,professional_services,47163
1/1/2015,NORTH REGION,,industry,wholesale_retail_trade,50800
1/1/2015,NORTH REGION,,education_attending,prof_qualification_diploma,1300
1/1/2000,WEST REGION,male,age_group,age_30_34,35610
1/1/2015,NORTH-EAST REGION,,education_attending,post_secondary,11200
1/1/2010,NORTH-EAST REGION,,mode_of_transport_school,pvt_chartered_bus,14320
1/1/2010,NORTH REGION,,language_literate,l1_mal,7929
1/1/2000,WEST REGION,male,marital_status,widowed,4396
1/1/2020,NORTH-EAST REGION,,household_size,person3,64534
1/1/2015,NORTH-EAST REGION,,dwelling_type_population,total,834510
1/1/2010,WEST REGION,,dwelling_type_population,hdb_3_room_flats,130710
1/1/2015,NORTH-EAST REGION,female,economic_status,unemployed,7800
1/1/2010,WEST REGION,,education_attending,pre_primary,15972
1/1/2010,NORTH-EAST REGION,male,age_group,age_40_44,28980
1/1/2020,CENTRAL REGION,,mode_of_transport_school,no_transport_required,27508
1/1/2015,NORTH-EAST REGION,female,economic_status,employed,220200
1/1/2000,WEST REGION,,household_size,person5,40980
1/1/2015,NORTH REGION,,language_spoken_at_home,eng_oth_ind_lang,0
1/1/2010,EAST REGION,female,age_group,age_15_19,27320
1/1/2020,CENTRAL REGION,,industry,hotels_restaurants,
1/1/2010,NORTH-EAST REGION,female,age_group,age_30_34,33420
1/1/2015,EAST REGION,,language_spoken_at_home,mand_eng,0
1/1/2010,EAST REGION,male,age_group,age_80_84,2670
1/1/2020,NORTH-EAST REGION,,religion,hinduism,37295
1/1/2020,NORTH-EAST REGION,,mode_of_transport_school,no_transport_required,45895
1/1/2010,NORTH REGION,,mode_of_transport_work,mrt,46801
1/1/2015,NORTH REGION,,industry,others,3800
1/1/2020,WEST REGION,,industry,others,6632
1/1/2015,NORTH REGION,male,age_group,age_30_34,20440
1/1/2010,NORTH-EAST REGION,,language_spoken_at_home,oth_lang_eng,0
1/1/2020,NORTH-EAST REGION,,language_spoken_at_home,eng_mly,42384
1/1/2000,NORTH-EAST REGION,female,age_group,age_85_over,2020
1/1/2010,NORTH-EAST REGION,,religion,buddhism,224295
1/1/2010,NORTH REGION,,mode_of_transport_work,car,47488
1/1/2010,CENTRAL REGION,female,marital_status,single,122401
1/1/2020,CENTRAL REGION,,religion,catholic_christian,66382
1/1/2015,WEST REGION,,language_literate,l2_other_two,3400
1/1/2010,NORTH REGION,male,marital_status,divorced,4546
1/1/2000,NORTH REGION,,household_structure,ofn_3_more_gen,7133
1/1/2020,NORTH-EAST REGION,,household_structure,tfn_1to2_gen,3591
1/1/2000,NORTH REGION,,dwelling_type_household,total_hdb,109103
1/1/2015,NORTH-EAST REGION,,household_income,sgd_11000_to_11999,10700
1/1/2010,NORTH-EAST REGION,,industry,others,4199
1/1/2015,NORTH-EAST REGION,male,marital_status,divorced,8000
1/1/2015,CENTRAL REGION,,income_from_work,sgd_2000_to_2999,0
1/1/2010,NORTH REGION,,language_literate,l2_other_two,1870
1/1/2000,WEST REGION,,language_spoken_at_home,mly_eng,0
1/1/2000,NORTH REGION,female,age_group,age_30_34,21600
1/1/2020,WEST REGION,,household_structure,ofn_1_gen,45008
1/1/2010,EAST REGION,,industry,transport_communications,0
1/1/2000,CENTRAL REGION,,language_spoken_at_home,oth_ind_lang_oth_lang,0
1/1/2000,WEST REGION,,education_attending,prof_qualification_diploma,0
1/1/2000,WEST REGION,,household_income,sgd_9000_to_9999,
1/1/2015,NORTH-EAST REGION,,religion,no_religion,135700
1/1/2010,CENTRAL REGION,,dwelling_type_household,landed_properties,22848
1/1/2000,EAST REGION,,income_from_work,sgd_1000_to_1499,33565
1/1/2020,NORTH REGION,,household_size,person7,4172
1/1/2015,CENTRAL REGION,,household_income,sgd_4000_to_4999,15300
1/1/2020,WEST REGION,,language_literate,l2_eng_mal,120775
1/1/2020,NORTH-EAST REGION,male,age_group,age_30_34,34440
1/1/2000,NORTH REGION,female,marital_status,widowed,9621
1/1/2000,EAST REGION,,household_structure,,
1/1/2015,NORTH REGION,,industry,hotels_restaurants,0
1/1/2000,NORTH-EAST REGION,female,marital_status,divorced,6556
1/1/2020,NORTH-EAST REGION,,language_literate,l2_eng_non_off,14157
1/1/2015,NORTH-EAST REGION,,household_income,total,263700
1/1/2015,WEST REGION,female,age_group,total,453900
1/1/2020,EAST REGION,female,age_group,age_5_9,14450
1/1/2015,CENTRAL REGION,,mode_of_transport_work,pvt_chartered_bus,6000
1/1/2015,NORTH REGION,male,age_group,age_85_over,1090
1/1/2010,CENTRAL REGION,,mode_of_transport_work,other_combi_mrt_or_bus,0
1/1/2010,NORTH-EAST REGION,female,economic_status,inactive,143203
1/1/2020,NORTH REGION,,mode_of_transport_work,bus,37563
1/1/2020,NORTH-EAST REGION,,income_from_work,sgd_2000_to_2499,0
1/1/2010,WEST REGION,,household_size,person_more_8,4374
1/1/2020,EAST REGION,,dwelling_type_population,hdb_1_and_2_room_flats,18090
1/1/2020,CENTRAL REGION,female,economic_status,unemployed,13811
1/1/2020,EAST REGION,,religion,hinduism,23238
1/1/2015,WEST REGION,male,age_group,age_50_54,37930
1/1/2015,NORTH-EAST REGION,,dwelling_type_population,condominiums_and_other_apartments,61970
1/1/2015,NORTH REGION,female,ethnic_distribution,chinese,178190
1/1/2000,CENTRAL REGION,,household_structure,three_more_fam_nucleus,580
1/1/2010,CENTRAL REGION,male,marital_status,married,218091
1/1/2015,CENTRAL REGION,male,age_group,age_60_64,30500
1/1/2000,EAST REGION,,household_income,sgd_14000_to_14999,
1/1/2000,NORTH REGION,,language_spoken_at_home,oth_ind_lang_eng,0
1/1/2010,WEST REGION,,mode_of_transport_school,pvt_chartered_bus,19236
1/1/2015,WEST REGION,,mode_of_transport_school,other_combi_mrt_or_bus,12400
1/1/2020,EAST REGION,,dwelling_type_population,total,685890
1/1/2020,EAST REGION,,mode_of_transport_work,others,6882
1/1/2020,NORTH REGION,,language_literate,no_literate,12374
1/1/2000,CENTRAL REGION,,mode_of_transport_work,mrt_lrt_only,0
1/1/2000,WEST REGION,female,marital_status,divorced,7509
1/1/2020,CENTRAL REGION,male,age_group,age_80_84,9920
1/1/2015,NORTH-EAST REGION,,household_structure,ofn_3_more_gen,14700
1/1/2020,CENTRAL REGION,female,age_group,age_15_19,21140
1/1/2015,NORTH-EAST REGION,,language_spoken_at_home,tml_oth_lang,0
1/1/2015,NORTH REGION,female,ethnic_distribution,others,8130
1/1/2010,NORTH REGION,,household_income,sgd_17500_to_19999,
1/1/2015,NORTH-EAST REGION,,language_literate,l1_eng,70100
1/1/2000,WEST REGION,male,age_group,age_20_24,25440
1/1/2015,NORTH REGION,,household_income,sgd_12000_to_12999,5400
1/1/2020,WEST REGION,,dwelling_type_household,hdb_1_and_2_room_flats,12564
1/1/2020,NORTH-EAST REGION,,language_literate,l1_chi,102216
1/1/2010,EAST REGION,female,marital_status,widowed,23442
1/1/2010,NORTH REGION,,income_from_work,sgd_1000_to_1499,25757
1/1/2000,NORTH REGION,,industry,transport_communications,20549
1/1/2020,NORTH-EAST REGION,,mode_of_transport_work,mrt_lrt_and_bus,124930
1/1/2000,NORTH-EAST REGION,,dwelling_type_population,hdb_1_and_2_room_flats,12360
1/1/2010,EAST REGION,,industry,business_services,0
1/1/2015,EAST REGION,female,age_group,age_45_49,28730
1/1/2020,NORTH REGION,male,age_group,age_70_74,8400
1/1/2000,CENTRAL REGION,,household_size,person7,6354
1/1/2000,NORTH REGION,,dwelling_type_population,hdb_5_room_and_executive_flats,136680
1/1/2015,NORTH REGION,,language_spoken_at_home,other_indian_languages,5300
1/1/2000,WEST REGION,,tenancy,,
1/1/2015,CENTRAL REGION,,language_spoken_at_home,mand_chn_dlt,0
1/1/2000,EAST REGION,,mode_of_transport_school,bus,46479
1/1/2015,CENTRAL REGION,,tenancy,others,2500
1/1/2000,NORTH-EAST REGION,,mode_of_transport_work,others,17549
1/1/2010,NORTH REGION,female,economic_status,employed,106468
1/1/2000,EAST REGION,female,age_group,age_0_4,23840
1/1/2010,EAST REGION,,education_attending,polytechnic,17781
1/1/2020,NORTH REGION,,language_literate,l3_eng_chi_mal,26410
1/1/2010,NORTH-EAST REGION,,industry,manufacturing,48418
1/1/2015,CENTRAL REGION,,industry,other_services_industries,0
1/1/2000,EAST REGION,female,age_group,age_60_64,9750
1/1/2010,EAST REGION,,income_from_work,total,345889
1/1/2015,WEST REGION,male,ethnic_distribution,chinese,321690
1/1/2015,EAST REGION,,industry,arts_entertainment_recreation,5500
1/1/2010,NORTH REGION,,language_literate,l2_eng_chi,152956
1/1/2010,CENTRAL REGION,,language_spoken_at_home,eng_tml,0
1/1/2010,EAST REGION,,language_literate,l2_eng_mal,107713
1/1/2020,EAST REGION,,industry,construction,12311
1/1/2010,EAST REGION,,household_structure,ofn_1_gen,22443
1/1/2000,NORTH REGION,,household_income,sgd_11000_to_11999,
1/1/2000,WEST REGION,,industry,others,2816
1/1/2020,WEST REGION,,industry,admin_support_services,32189
1/1/2000,CENTRAL REGION,,household_income,total,268317
1/1/2020,CENTRAL REGION,,income_from_work,sgd_15000_over,66327
1/1/2010,WEST REGION,,religion,no_religion,122303
1/1/2000,WEST REGION,,language_literate,l1_chi,136433
1/1/2020,CENTRAL REGION,,income_from_work,total,465100
1/1/2010,EAST REGION,male,economic_status,inactive,74146
1/1/2010,EAST REGION,,household_size,,
1/1/2020,NORTH-EAST REGION,female,age_group,age_5_9,25710
1/1/2020,NORTH REGION,,language_literate,l1_mal,8424
1/1/2015,CENTRAL REGION,,income_from_work,sgd_10000_to_10999,14700
1/1/2020,CENTRAL REGION,,industry,other_comm_social_personal,14605
1/1/2020,EAST REGION,,mode_of_transport_school,motorcycle_scooter,517
1/1/2000,WEST REGION,,language_spoken_at_home,english,123407
1/1/2000,EAST REGION,,mode_of_transport_school,mrt_bus,11777
1/1/2015,NORTH REGION,,religion,islam,85800
1/1/2020,NORTH-EAST REGION,,language_spoken_at_home,eng_oth_ind_lang,8693
1/1/2020,WEST REGION,,religion,islam,146338
1/1/2000,CENTRAL REGION,,dwelling_type_population,total_hdb,687400
1/1/2000,NORTH-EAST REGION,,income_from_work,sgd_10000_to_10999,
1/1/2010,NORTH-EAST REGION,,household_size,person3,48412
1/1/2000,NORTH REGION,,mode_of_transport_school,mrt_lrt_and_bus,0
1/1/2015,NORTH REGION,,education_attending,pre_primary,8300
1/1/2015,EAST REGION,,language_spoken_at_home,chn_dlt_eng,0
1/1/2000,EAST REGION,,mode_of_transport_work,taxi_pvt_hire_car_only,0
1/1/2010,WEST REGION,female,marital_status,divorced,13399
1/1/2015,NORTH REGION,,dwelling_type_population,hdb_3_room_flats,59930
1/1/2020,EAST REGION,,income_from_work,sgd_8000_over,0
1/1/2020,NORTH REGION,,language_spoken_at_home,mandarin,39663
1/1/2015,NORTH-EAST REGION,,household_structure,no_family_nucleus,35500
1/1/2000,WEST REGION,,income_from_work,,
1/1/2020,NORTH-EAST REGION,,household_size,person2,69705
1/1/2010,CENTRAL REGION,,mode_of_transport_work,other_combi_mrt_lrt_or_bus,0
1/1/2010,WEST REGION,,mode_of_transport_school,taxi_pvt_hire_car_only,0
1/1/2000,EAST REGION,,industry,accommodation_food_services,0
1/1/2015,EAST REGION,,language_literate,no_literate,16600
1/1/2020,WEST REGION,,mode_of_transport_work,mrt_lrt_only,54604
1/1/2020,EAST REGION,female,ethnic_distribution,chinese,245040
1/1/2015,WEST REGION,,language_literate,l2_eng_non_off,14500
1/1/2015,CENTRAL REGION,female,age_group,age_55_59,35470
1/1/2010,EAST REGION,,language_spoken_at_home,oth_lang_oth_non_eng_lang,0
1/1/2000,WEST REGION,,income_from_work,sgd_12000_over,
1/1/2020,WEST REGION,,language_spoken_at_home,chn_dlt_mand,37717
1/1/2010,NORTH-EAST REGION,,mode_of_transport_work,mrt_lrt_and_bus,0
1/1/2015,CENTRAL REGION,,mode_of_transport_school,mrt_car,0
1/1/2020,CENTRAL REGION,,household_income,sgd_7000_to_7999,11675
1/1/2010,CENTRAL REGION,,language_spoken_at_home,mly_oth_lang,0
1/1/2000,CENTRAL REGION,female,age_group,age_70_74,14610
1/1/2020,CENTRAL REGION,,income_from_work,sgd_1000_to_1999,58729
1/1/2020,WEST REGION,male,age_group,age_45_49,34510
1/1/2000,NORTH REGION,,household_income,sgd_3000_to_3999,16306
1/1/2000,NORTH REGION,,income_from_work,sgd_5000_to_5999,7518
1/1/2015,EAST REGION,,mode_of_transport_school,pvt_chartered_bus_van,0
1/1/2000,EAST REGION,,mode_of_transport_school,mrt_lrt_only,0
1/1/2015,EAST REGION,female,economic_status,inactive,121900
1/1/2015,CENTRAL REGION,,household_income,sgd_6000_to_6999,14000
1/1/2020,NORTH REGION,female,age_group,age_20_24,19770
1/1/2015,EAST REGION,male,age_group,age_15_19,24580
1/1/2000,NORTH-EAST REGION,,language_literate,l2_eng_mal,30532
1/1/2015,EAST REGION,,education_attending,university,20400
1/1/2020,CENTRAL REGION,,mode_of_transport_school,others,987
1/1/2000,WEST REGION,,language_spoken_at_home,eng_tml,0
1/1/2015,EAST REGION,female,age_group,age_80_84,5480
1/1/2020,EAST REGION,,industry,hotels_restaurants,
1/1/2020,NORTH REGION,,household_income,sgd_17500_to_19999,6609
1/1/2000,WEST REGION,,language_spoken_at_home,eng_oth_ind_lang,0
1/1/2015,NORTH REGION,female,age_group,age_5_9,14640
1/1/2020,WEST REGION,,income_from_work,sgd_1500_to_1999,0
1/1/2015,CENTRAL REGION,,language_spoken_at_home,mand_eng,0
1/1/2000,NORTH-EAST REGION,female,age_group,total,286420
1/1/2000,NORTH REGION,,household_income,sgd_8000_over,14121
1/1/2010,CENTRAL REGION,male,age_group,age_80_84,6340
1/1/2010,CENTRAL REGION,female,age_group,age_15_19,27070
1/1/2020,EAST REGION,,mode_of_transport_school,no_transport_required,23720
1/1/2020,CENTRAL REGION,,household_income,below_sgd_1000,8404
1/1/2000,WEST REGION,,language_spoken_at_home,chn_dlt_oth_lang,0
1/1/2015,WEST REGION,,mode_of_transport_school,other_combi_mrt_lrt_or_bus,0
1/1/2020,CENTRAL REGION,,religion,taoism,60136
1/1/2010,EAST REGION,,household_income,sgd_4000_to_4999,15802
1/1/2010,CENTRAL REGION,,household_structure,,
1/1/2020,CENTRAL REGION,female,marital_status,married,212878
1/1/2010,NORTH-EAST REGION,male,age_group,age_10_14,23700
1/1/2010,EAST REGION,,income_from_work,sgd_2000_to_2999,0
1/1/2015,NORTH-EAST REGION,,language_spoken_at_home,oth_ind_lang_oth_lang,0
1/1/2020,CENTRAL REGION,,mode_of_transport_school,other_combi_mrt_lrt_or_bus,1379
1/1/2015,CENTRAL REGION,,industry,transport_communications,0
1/1/2010,CENTRAL REGION,male,age_group,age_10_14,24600
1/1/2000,NORTH REGION,,mode_of_transport_work,mrt,31783
1/1/2000,EAST REGION,,dwelling_type_household,landed_properties,9906
1/1/2010,EAST REGION,,language_spoken_at_home,oth_ind_lang_oth_lang,0
1/1/2000,NORTH REGION,,mode_of_transport_work,no_transport_required,10650
1/1/2020,WEST REGION,,language_spoken_at_home,eng_oth_ind_lang,8104
1/1/2020,NORTH-EAST REGION,,dwelling_type_population,hdb_1_and_2_room_flats,35680
1/1/2000,NORTH REGION,,household_income,sgd_17500_to_19999,
1/1/2010,WEST REGION,male,age_group,age_20_24,31080
1/1/2000,WEST REGION,female,economic_status,,
1/1/2015,NORTH-EAST REGION,female,ethnic_distribution,malays,36940
1/1/2020,CENTRAL REGION,,mode_of_transport_school,mrt_bus,0
1/1/2020,NORTH-EAST REGION,,language_spoken_at_home,other_indian_languages,0
1/1/2020,NORTH-EAST REGION,female,age_group,total,476870
1/1/2020,WEST REGION,female,age_group,age_40_44,34340
1/1/2000,CENTRAL REGION,male,age_group,age_75_79,8100
1/1/2010,NORTH-EAST REGION,,language_spoken_at_home,oth_lang_oth_non_eng_lang,0
1/1/2010,NORTH-EAST REGION,male,age_group,age_15_19,24990
1/1/2010,CENTRAL REGION,,mode_of_transport_school,mrt_other,220
1/1/2020,EAST REGION,,language_literate,l1_eng,65379
1/1/2015,EAST REGION,,language_literate,l2_eng_tam,14200
1/1/2020,EAST REGION,,household_structure,ofn_3_more_gen,13663
1/1/2015,NORTH REGION,,household_income,sgd_11000_to_11999,6300
1/1/2015,CENTRAL REGION,,income_from_work,below_sgd_1000,40300
1/1/2010,WEST REGION,,language_spoken_at_home,eng_oth_lang,0
1/1/2020,EAST REGION,,dwelling_type_household,total_hdb,167491
1/1/2015,WEST REGION,,mode_of_transport_work,mrt_bus,121700
1/1/2010,WEST REGION,,household_income,no_working_person,20259
1/1/2020,NORTH-EAST REGION,,mode_of_transport_work,mrt,0
1/1/2020,CENTRAL REGION,,language_literate,l2_other_two,1626
1/1/2010,WEST REGION,,religion,hinduism,41299
1/1/2015,CENTRAL REGION,,language_spoken_at_home,eng_oth_lang,0
1/1/2015,CENTRAL REGION,,dwelling_type_population,condominiums_and_other_apartments,184010
1/1/2010,NORTH REGION,,education_attending,,
1/1/2010,NORTH-EAST REGION,,household_structure,,
1/1/2015,CENTRAL REGION,,household_income,no_working_person,45400
1/1/2015,NORTH REGION,,language_literate,l2_eng_mal,77600
1/1/2000,EAST REGION,female,ethnic_distribution,,
1/1/2020,CENTRAL REGION,,language_spoken_at_home,malay,11191
1/1/2010,NORTH REGION,,mode_of_transport_work,taxi,1799
1/1/2015,NORTH REGION,,household_structure,ofn_1_gen,21800
1/1/2020,CENTRAL REGION,,mode_of_transport_work,pvt_chartered_bus,0
1/1/2015,EAST REGION,,dwelling_type_population,hdb_1_and_2_room_flats,15660
1/1/2015,CENTRAL REGION,male,age_group,total,454210
1/1/2010,WEST REGION,,household_income,sgd_1000_to_1999,16547
1/1/2010,WEST REGION,,income_from_work,sgd_7000_to_7999,15962
1/1/2015,EAST REGION,,language_spoken_at_home,tml_oth_lang,0
1/1/2000,NORTH-EAST REGION,,industry,professional_services,0
1/1/2020,NORTH-EAST REGION,,household_size,person5,38195
1/1/2010,WEST REGION,,mode_of_transport_work,motorcycle_scooter,19147
1/1/2000,EAST REGION,female,economic_status,unemployed,7324
1/1/2010,EAST REGION,female,ethnic_distribution,malays,66843
1/1/2015,NORTH REGION,,income_from_work,sgd_7000_to_7999,13900
1/1/2015,CENTRAL REGION,,industry,construction,18900
1/1/2020,NORTH REGION,male,age_group,age_50_54,22040
1/1/2000,CENTRAL REGION,,dwelling_type_household,condominiums_and_other_apartments,31376
1/1/2020,WEST REGION,,household_income,sgd_8000_to_8999,15826
1/1/2020,NORTH-EAST REGION,,dwelling_type_household,total_hdb,247926
1/1/2015,NORTH REGION,,household_income,sgd_1000_to_1999,7900
1/1/2015,EAST REGION,female,age_group,age_65_69,16580
1/1/2020,WEST REGION,male,age_group,age_85_over,3290
1/1/2010,EAST REGION,,mode_of_transport_school,lorry_pickup,343
1/1/2000,NORTH-EAST REGION,,mode_of_transport_school,mrt_bus,6519
1/1/2020,NORTH-EAST REGION,female,ethnic_distribution,chinese,381090
1/1/2020,EAST REGION,,mode_of_transport_school,taxi,0
1/1/2010,EAST REGION,,language_spoken_at_home,oth_lang_eng,0
1/1/2020,NORTH REGION,,dwelling_type_population,others,3070
1/1/2020,NORTH-EAST REGION,,religion,other_christians,91042
1/1/2020,NORTH-EAST REGION,,mode_of_transport_school,pvt_chartered_bus,0
1/1/2015,NORTH-EAST REGION,,industry,other_comm_social_personal,16200
1/1/2000,EAST REGION,male,age_group,age_65_69,6730
1/1/2010,EAST REGION,female,age_group,total,351400
1/1/2010,NORTH REGION,,income_from_work,sgd_1500_to_1999,27370
1/1/2020,NORTH-EAST REGION,,household_income,sgd_5000_to_5999,16382
1/1/2015,CENTRAL REGION,,income_from_work,sgd_12000_over,69300
1/1/2010,CENTRAL REGION,,household_structure,tfn_1to2_gen,3895
1/1/2015,NORTH-EAST REGION,,income_from_work,sgd_9000_to_9999,13300
1/1/2015,EAST REGION,male,economic_status,unemployed,7400
1/1/2020,NORTH-EAST REGION,,language_spoken_at_home,eng_mand,256445
1/1/2015,NORTH-EAST REGION,,industry,health_social_services,23100
1/1/2000,CENTRAL REGION,,language_literate,,
1/1/2000,NORTH-EAST REGION,male,age_group,age_35_39,26730
1/1/2010,NORTH REGION,,mode_of_transport_school,mrt_lrt_only,0
1/1/2020,NORTH REGION,male,age_group,total,289600
1/1/2010,CENTRAL REGION,,household_income,,
1/1/2000,NORTH-EAST REGION,,mode_of_transport_school,no_transport_required,32970
1/1/2010,CENTRAL REGION,,household_income,sgd_8000_to_8999,12393
1/1/2020,NORTH-EAST REGION,,income_from_work,sgd_4000_to_4999,52553
1/1/2015,NORTH-EAST REGION,,household_income,sgd_8000_to_8999,13900
1/1/2015,WEST REGION,,education_attending,primary,64800
1/1/2010,NORTH REGION,female,ethnic_distribution,,
1/1/2000,NORTH REGION,,household_size,person4,30001
1/1/2000,EAST REGION,,mode_of_transport_work,taxi,4494
1/1/2000,CENTRAL REGION,male,age_group,age_65_69,18050
1/1/2020,WEST REGION,female,age_group,age_50_54,35510
1/1/2015,EAST REGION,,income_from_work,sgd_12000_over,38900
1/1/2010,EAST REGION,,household_structure,tfn_1to2_gen,3246
1/1/2000,NORTH REGION,,language_literate,l1_tam,1643
1/1/2015,NORTH REGION,,mode_of_transport_school,car,8100
1/1/2010,CENTRAL REGION,female,age_group,total,479020
1/1/2020,NORTH REGION,female,age_group,age_85_over,3140
1/1/2015,CENTRAL REGION,male,economic_status,unemployed,10000
1/1/2010,NORTH REGION,,dwelling_type_household,,
1/1/2000,CENTRAL REGION,,dwelling_type_household,others,2147
1/1/2000,EAST REGION,,language_spoken_at_home,chn_dlt_oth_lang,0
1/1/2010,WEST REGION,,income_from_work,sgd_2000_to_2999,0
1/1/2010,WEST REGION,,household_income,sgd_4000_to_4999,22908
1/1/2015,EAST REGION,,mode_of_transport_school,other_combi_mrt_lrt_or_bus,0
1/1/2015,NORTH REGION,female,age_group,age_75_79,4020
1/1/2000,WEST REGION,,religion,islam,103019
1/1/2010,EAST REGION,,income_from_work,sgd_15000_over,0
1/1/2020,EAST REGION,male,age_group,age_40_44,21850
1/1/2020,EAST REGION,,language_spoken_at_home,eng_tml,9302
1/1/2015,EAST REGION,,language_literate,l3_eng_mal_tam,
1/1/2015,CENTRAL REGION,,mode_of_transport_work,lorry_pickup,5200
1/1/2015,WEST REGION,,mode_of_transport_work,no_transport_required,36100
1/1/2015,CENTRAL REGION,male,age_group,age_0_4,20580
1/1/2010,NORTH REGION,,household_structure,no_family_nucleus,17484
1/1/2020,NORTH REGION,,dwelling_type_population,landed_properties,11690
1/1/2000,NORTH-EAST REGION,male,age_group,age_25_29,22770
1/1/2000,NORTH REGION,,industry,health_social_services,0
1/1/2010,NORTH REGION,female,age_group,age_10_14,18650
1/1/2020,NORTH REGION,male,marital_status,married,147243
1/1/2010,CENTRAL REGION,,tenancy,others,5035
1/1/2010,NORTH-EAST REGION,,industry,transport_communications,0
1/1/2020,NORTH-EAST REGION,,household_income,sgd_2000_to_2999,15648
1/1/2015,NORTH REGION,,language_literate,l1_non_off,600
1/1/2020,CENTRAL REGION,,language_spoken_at_home,oth_lang_eng,5319
1/1/2015,CENTRAL REGION,,dwelling_type_household,hdb_5_room_and_executive_flats,40600
1/1/2000,WEST REGION,,mode_of_transport_work,mrt_car,1410
1/1/2020,CENTRAL REGION,,mode_of_transport_school,car,26391
1/1/2015,EAST REGION,male,age_group,age_35_39,22760
1/1/2000,WEST REGION,male,ethnic_distribution,indian,25692
1/1/2010,CENTRAL REGION,,household_size,person5,35978
1/1/2020,CENTRAL REGION,,mode_of_transport_school,lorry_pickup,95
1/1/2020,WEST REGION,,dwelling_type_household,hdb_5_room_and_executive_flats,86586
1/1/2015,NORTH REGION,,industry,other_comm_social_personal,10300
1/1/2010,NORTH-EAST REGION,,mode_of_transport_school,car,19662
1/1/2010,WEST REGION,,language_literate,l2_eng_tam,29813
1/1/2020,NORTH REGION,,income_from_work,sgd_10000_to_10999,7387
1/1/2000,CENTRAL REGION,,income_from_work,sgd_1500_to_1999,50600
1/1/2010,NORTH REGION,male,age_group,age_75_79,2380
1/1/2010,EAST REGION,,language_literate,l1_tam,898
1/1/2000,NORTH REGION,,mode_of_transport_school,mrt_other,0
1/1/2020,EAST REGION,,mode_of_transport_school,other_combi_mrt_or_bus,0
1/1/2015,CENTRAL REGION,,language_literate,l2_eng_tam,24900
1/1/2015,WEST REGION,female,age_group,age_0_4,20080
1/1/2010,WEST REGION,,income_from_work,sgd_2500_to_2999,38871
1/1/2020,CENTRAL REGION,,language_literate,l1_eng,104320
1/1/2015,NORTH REGION,,household_income,sgd_10000_over,
1/1/2015,WEST REGION,,dwelling_type_household,condominiums_and_other_apartments,32000
1/1/2020,NORTH-EAST REGION,,language_spoken_at_home,tamil,3374
1/1/2010,EAST REGION,,mode_of_transport_school,mrt_other,200
1/1/2010,NORTH-EAST REGION,,income_from_work,sgd_2500_to_2999,30355
1/1/2015,WEST REGION,,mode_of_transport_school,bus,46000
1/1/2020,NORTH REGION,,language_spoken_at_home,tamil,1972
1/1/2000,EAST REGION,male,age_group,age_75_79,2900
1/1/2010,WEST REGION,,dwelling_type_population,hdb_1_and_2_room_flats,6840
1/1/2010,NORTH REGION,,language_spoken_at_home,chinese_dialects,51231
1/1/2010,NORTH-EAST REGION,,industry,accommodation_food_services,22472
1/1/2015,WEST REGION,,household_structure,tfn_3_more_gen,
1/1/2010,EAST REGION,,income_from_work,sgd_1000_to_1999,0
1/1/2010,EAST REGION,,household_income,sgd_7000_to_7999,11951
1/1/2000,NORTH REGION,,industry,financial_insurance_services,7874
1/1/2010,EAST REGION,,dwelling_type_household,condominiums_and_other_apartments,27459
1/1/2015,EAST REGION,,mode_of_transport_work,mrt_other,0
1/1/2000,CENTRAL REGION,male,age_group,age_55_59,22320
1/1/2020,WEST REGION,,household_income,sgd_5000_to_5999,17828
1/1/2015,CENTRAL REGION,,language_literate,l3_eng_chi_mal,
1/1/2020,WEST REGION,,income_from_work,sgd_3000_to_3999,68107
1/1/2010,WEST REGION,,language_spoken_at_home,eng_mly,0
1/1/2015,NORTH-EAST REGION,,income_from_work,sgd_7000_to_7999,24100
1/1/2020,WEST REGION,female,age_group,age_60_64,32480
1/1/2020,NORTH REGION,,industry,other_services_industries,
1/1/2020,WEST REGION,,industry,public_admin_education,69216
1/1/2020,CENTRAL REGION,,income_from_work,sgd_4000_to_4999,37967
1/1/2020,NORTH REGION,male,age_group,age_10_14,16400
1/1/2000,NORTH-EAST REGION,,language_spoken_at_home,english,121939
1/1/2015,EAST REGION,female,age_group,age_25_29,24650
1/1/2010,EAST REGION,,income_from_work,below_sgd_1000,37481
1/1/2000,NORTH REGION,,religion,no_religion,35956
1/1/2000,NORTH REGION,,household_income,sgd_6000_to_6999,7673
1/1/2020,CENTRAL REGION,,household_income,sgd_2000_to_2999,16384
1/1/2010,NORTH-EAST REGION,,language_spoken_at_home,malay,48563
1/1/2015,NORTH REGION,female,age_group,age_65_69,9350
1/1/2000,NORTH REGION,female,economic_status,unemployed,5825
1/1/2020,EAST REGION,male,age_group,age_50_54,24380
1/1/2010,NORTH REGION,female,ethnic_distribution,malays,51253
1/1/2000,WEST REGION,,language_spoken_at_home,malay,117492
1/1/2010,CENTRAL REGION,,language_spoken_at_home,tml_eng,0
1/1/2015,EAST REGION,,household_income,sgd_1000_to_1999,12100
1/1/2015,EAST REGION,,income_from_work,sgd_7000_to_7999,15900
1/1/2000,NORTH REGION,,household_structure,tfn_1to2_gen,1728
1/1/2020,NORTH REGION,,language_spoken_at_home,oth_lang_oth_non_eng_lang,742
1/1/2015,WEST REGION,female,economic_status,employed,224200
1/1/2000,WEST REGION,male,ethnic_distribution,malays,60937
1/1/2020,NORTH-EAST REGION,,mode_of_transport_work,other_combi_mrt_or_bus,0
1/1/2010,NORTH-EAST REGION,,language_spoken_at_home,others,5441
1/1/2010,WEST REGION,male,economic_status,unemployed,10534
1/1/2010,CENTRAL REGION,,industry,others,4885
1/1/2020,CENTRAL REGION,,language_spoken_at_home,eng_chn_dlt,39515
1/1/2010,NORTH-EAST REGION,female,age_group,age_10_14,22230
1/1/2020,NORTH-EAST REGION,,dwelling_type_population,landed_properties,76010
1/1/2010,CENTRAL REGION,,education_attending,prof_qualification_diploma,3153
1/1/2000,NORTH-EAST REGION,,language_literate,l1_mal,6352
1/1/2015,NORTH-EAST REGION,,mode_of_transport_work,no_transport_required,37600
1/1/2020,WEST REGION,,dwelling_type_population,others,5170
1/1/2010,NORTH-EAST REGION,,religion,taoism,79228
1/1/2000,EAST REGION,,industry,transport_communications,44822
1/1/2000,NORTH-EAST REGION,male,age_group,age_40_44,28120
1/1/2010,NORTH REGION,female,marital_status,widowed,13968
1/1/2010,NORTH REGION,male,ethnic_distribution,others,7234
1/1/2020,NORTH-EAST REGION,female,age_group,age_0_4,24710
1/1/2010,EAST REGION,,income_from_work,sgd_1000_to_1499,29653
1/1/2015,WEST REGION,,dwelling_type_household,others,600
1/1/2010,WEST REGION,,language_spoken_at_home,mly_eng,0
1/1/2010,WEST REGION,,household_income,sgd_9000_to_9999,12356
1/1/2000,NORTH-EAST REGION,,household_size,,
1/1/2015,NORTH REGION,,mode_of_transport_work,pvt_chartered_bus_van,0
1/1/2010,CENTRAL REGION,,household_income,sgd_8000_over,
1/1/2015,NORTH-EAST REGION,,household_size,person2,56000
1/1/2010,EAST REGION,,language_literate,,
1/1/2000,EAST REGION,,dwelling_type_household,hdb_5_room_and_executive_flats,49413
1/1/2015,NORTH REGION,female,ethnic_distribution,indian,26870
1/1/2015,NORTH-EAST REGION,male,ethnic_distribution,indian,34940
1/1/2015,CENTRAL REGION,female,age_group,age_35_39,38760
1/1/2000,EAST REGION,,education_attending,post_secondary,8921
1/1/2015,EAST REGION,,household_income,sgd_8000_to_8999,10800
1/1/2000,CENTRAL REGION,,household_income,sgd_2000_to_2999,29462
1/1/2000,WEST REGION,,household_size,person6,16965
1/1/2020,CENTRAL REGION,,dwelling_type_population,hdb_5_room_and_executive_flats,138790
1/1/2015,NORTH-EAST REGION,,income_from_work,sgd_12000_14999,0
1/1/2000,CENTRAL REGION,male,age_group,age_45_49,36090
1/1/2020,NORTH-EAST REGION,,education_attending,primary,63143
1/1/2010,NORTH REGION,,religion,taoism,43835
1/1/2010,WEST REGION,male,economic_status,employed,265231
1/1/2000,NORTH-EAST REGION,,household_income,sgd_10000_to_10999,
1/1/2015,WEST REGION,,income_from_work,sgd_9000_to_9999,14400
1/1/2020,NORTH REGION,,household_income,sgd_6000_to_6999,11916
1/1/2000,CENTRAL REGION,,language_spoken_at_home,chn_dlt_mand,0
1/1/2015,NORTH REGION,,mode_of_transport_school,others,1400
1/1/2000,CENTRAL REGION,,income_from_work,sgd_4000_to_4999,31846
1/1/2020,WEST REGION,female,age_group,age_70_74,18120
1/1/2015,WEST REGION,,dwelling_type_population,hdb_5_room_and_executive_flats,298250
1/1/2010,EAST REGION,,industry,other_comm_social_personal,10120
1/1/2020,NORTH-EAST REGION,,religion,taoism,74306
1/1/2010,NORTH-EAST REGION,female,age_group,age_25_29,28720
1/1/2010,EAST REGION,,industry,wholesale_retail_trade,55520
1/1/2000,CENTRAL REGION,,language_literate,l2_eng_tam,19094
1/1/2020,NORTH REGION,female,age_group,age_40_44,22210
1/1/2000,CENTRAL REGION,male,marital_status,,
1/1/2015,EAST REGION,male,age_group,age_75_79,5900
1/1/2020,NORTH-EAST REGION,,dwelling_type_household,condominiums_and_other_apartments,39776
1/1/2000,NORTH-EAST REGION,female,age_group,age_15_19,18860
1/1/2010,WEST REGION,female,age_group,age_10_14,30440
1/1/2000,NORTH-EAST REGION,,industry,public_admin_education,0
1/1/2000,CENTRAL REGION,,mode_of_transport_school,other_combi_mrt_lrt_or_bus,0
1/1/2020,WEST REGION,,dwelling_type_population,landed_properties,21360
1/1/2015,CENTRAL REGION,,mode_of_transport_work,mrt,57600
1/1/2000,WEST REGION,,industry,health_social_services,0
1/1/2020,NORTH-EAST REGION,male,economic_status,inactive,89415
1/1/2020,WEST REGION,male,marital_status,married,240818
1/1/2015,EAST REGION,,language_literate,l1_mal,9300
1/1/2010,CENTRAL REGION,male,age_group,age_70_74,16170
1/1/2010,NORTH-EAST REGION,,household_size,person6,14793
1/1/2000,WEST REGION,,industry,construction,21899
1/1/2015,EAST REGION,,household_size,person1,23600
1/1/2015,CENTRAL REGION,,mode_of_transport_school,mrt_bus,31400
1/1/2010,CENTRAL REGION,,dwelling_type_household,hdb_1_and_2_room_flats,37405
1/1/2010,EAST REGION,,household_income,sgd_20000_over,
1/1/2020,NORTH-EAST REGION,male,age_group,age_80_84,5810
1/1/2010,NORTH REGION,,income_from_work,sgd_7000_to_7999,7800
1/1/2020,CENTRAL REGION,,education_attending,primary,51182
1/1/2020,EAST REGION,,language_spoken_at_home,mly_oth_lang,419
1/1/2010,NORTH REGION,,household_income,sgd_1000_to_1999,10941
1/1/2000,CENTRAL REGION,,language_spoken_at_home,eng_mly,0
1/1/2015,NORTH-EAST REGION,,education_attending,university,18300
1/1/2000,CENTRAL REGION,,language_spoken_at_home,tml_oth_lang,0
1/1/2000,EAST REGION,,mode_of_transport_school,taxi_pvt_hire_car_only,0
1/1/2000,NORTH REGION,,household_income,sgd_10000_over,
1/1/2000,NORTH REGION,,language_spoken_at_home,mand_chn_dlt,0
1/1/2010,NORTH REGION,,mode_of_transport_school,no_transport_required,41662
1/1/2015,WEST REGION,female,age_group,age_45_49,36500
1/1/2000,WEST REGION,female,age_group,age_0_4,28040
1/1/2000,WEST REGION,,mode_of_transport_school,bus,55692
1/1/2010,NORTH-EAST REGION,,language_spoken_at_home,eng_chn_dlt,0
1/1/2020,NORTH-EAST REGION,,tenancy,owner,281258
1/1/2000,EAST REGION,,tenancy,,
1/1/2000,NORTH-EAST REGION,male,age_group,age_45_49,24170
1/1/2010,WEST REGION,,industry,business_services,0
1/1/2020,CENTRAL REGION,male,economic_status,inactive,101792
1/1/2015,WEST REGION,,language_spoken_at_home,mandarin,333100
1/1/2000,NORTH-EAST REGION,,mode_of_transport_work,mrt_lrt_and_bus,0
1/1/2015,NORTH-EAST REGION,,industry,construction,25100
1/1/2000,CENTRAL REGION,,dwelling_type_population,others,19540
1/1/2010,NORTH-EAST REGION,,mode_of_transport_work,other_combi_mrt_lrt_or_bus,0
1/1/2010,NORTH REGION,,language_spoken_at_home,oth_ind_lang_eng,0
1/1/2010,CENTRAL REGION,,mode_of_transport_work,mrt_lrt_only,0
1/1/2015,CENTRAL REGION,,tenancy,tenant,47100
1/1/2010,EAST REGION,,household_income,sgd_14000_to_14999,
1/1/2000,CENTRAL REGION,,language_literate,l2_eng_mal,44871
1/1/2000,NORTH REGION,,household_income,no_working_person,
1/1/2000,CENTRAL REGION,,household_structure,ofn_1_gen,29857
1/1/2015,NORTH REGION,,household_income,sgd_5000_to_5999,12100
1/1/2015,CENTRAL REGION,,industry,real_estate_services,14600
1/1/2000,NORTH REGION,,language_spoken_at_home,eng_oth_lang,0
1/1/2015,NORTH REGION,,industry,public_admin_education,39100
1/1/2015,NORTH REGION,,income_from_work,sgd_3000_to_3999,42800
1/1/2020,NORTH-EAST REGION,female,age_group,age_75_79,10800
1/1/2000,WEST REGION,female,ethnic_distribution,,
1/1/2015,NORTH-EAST REGION,,mode_of_transport_work,mrt_other,0
1/1/2010,CENTRAL REGION,female,age_group,age_60_64,30500
1/1/2015,WEST REGION,,language_literate,l2_eng_chi,346400
1/1/2020,NORTH-EAST REGION,,household_income,sgd_8000_over,0
1/1/2020,NORTH REGION,,dwelling_type_household,landed_properties,2653
1/1/2000,CENTRAL REGION,,education_attending,polytechnic,11558
1/1/2015,NORTH REGION,,industry,transportation_storage,25300
1/1/2015,NORTH-EAST REGION,female,age_group,age_55_59,31090
1/1/2010,NORTH REGION,male,ethnic_distribution,chinese,164538
1/1/2015,CENTRAL REGION,,industry,information_communications,20900
1/1/2020,EAST REGION,,mode_of_transport_work,no_transport_required,35549
1/1/2010,NORTH-EAST REGION,,income_from_work,sgd_15000_over,0
1/1/2000,NORTH-EAST REGION,,household_income,sgd_20000_over,
1/1/2000,WEST REGION,,tenancy,owner,200291
1/1/2010,NORTH REGION,,industry,,
1/1/2020,EAST REGION,,household_structure,ofn_2_gen,118254
1/1/2000,NORTH-EAST REGION,,income_from_work,sgd_7000_to_7999,
1/1/2015,NORTH-EAST REGION,,household_structure,ofn_1_gen,37400
1/1/2020,WEST REGION,,industry,arts_entertainment_recreation,7390
1/1/2010,NORTH REGION,,household_structure,ofn_2_gen,87637
1/1/2015,WEST REGION,,language_spoken_at_home,malay,107400
1/1/2000,EAST REGION,,household_income,sgd_1000_to_1999,18350
1/1/2000,EAST REGION,,income_from_work,sgd_7000_to_7999,
1/1/2000,CENTRAL REGION,,tenancy,tenant,39087
1/1/2020,EAST REGION,,industry,real_estate_services,9141
1/1/2020,EAST REGION,male,ethnic_distribution,chinese,229990
1/1/2010,CENTRAL REGION,,dwelling_type_household,hdb_4_room_flats,65568
1/1/2000,CENTRAL REGION,,language_literate,l3_eng_chi_mal,6151
1/1/2015,CENTRAL REGION,male,age_group,age_55_59,35920
1/1/2000,CENTRAL REGION,,religion,,
1/1/2015,WEST REGION,,mode_of_transport_school,mrt,12000
1/1/2000,EAST REGION,,industry,admin_support_services,0
1/1/2010,CENTRAL REGION,female,age_group,age_65_69,20430
1/1/2010,EAST REGION,,mode_of_transport_school,others,8345
1/1/2015,WEST REGION,,language_spoken_at_home,mand_oth_lang,0
1/1/2000,WEST REGION,,mode_of_transport_work,other_combi_mrt_lrt_or_bus,0
1/1/2020,EAST REGION,,mode_of_transport_school,pvt_chartered_bus_van,8389
1/1/2015,CENTRAL REGION,female,ethnic_distribution,malays,34700
1/1/2010,EAST REGION,,religion,islam,124339
1/1/2000,NORTH-EAST REGION,,mode_of_transport_work,taxi,2661
1/1/2000,EAST REGION,,language_spoken_at_home,tamil,7920
1/1/2020,CENTRAL REGION,male,age_group,age_20_24,22710
1/1/2020,EAST REGION,female,ethnic_distribution,others,13410
1/1/2000,WEST REGION,female,age_group,age_15_19,24750
1/1/2010,CENTRAL REGION,,religion,buddhism,252989
1/1/2020,EAST REGION,,household_income,sgd_12000_to_12999,7699
1/1/2000,WEST REGION,male,age_group,age_80_84,1300
1/1/2010,CENTRAL REGION,,language_spoken_at_home,eng_oth_ind_lang,0
1/1/2010,NORTH-EAST REGION,,household_size,person_more_8,3378
1/1/2000,CENTRAL REGION,,dwelling_type_population,condominiums_and_other_apartments,102140
1/1/2000,CENTRAL REGION,,industry,construction,20651
1/1/2015,WEST REGION,,mode_of_transport_school,mrt_bus,38300
1/1/2020,EAST REGION,,household_income,total,226034
1/1/2000,NORTH REGION,male,marital_status,married,99054
1/1/2020,NORTH REGION,,industry,health_social_services,22314
1/1/2010,WEST REGION,male,age_group,age_70_74,7820
1/1/2000,NORTH-EAST REGION,,household_structure,tfn_1to2_gen,2357
1/1/2010,WEST REGION,,dwelling_type_household,hdb_1_and_2_room_flats,2735
1/1/2010,EAST REGION,,dwelling_type_population,condominiums_and_other_apartments,77520
1/1/2015,EAST REGION,,language_spoken_at_home,english,269700
1/1/2010,CENTRAL REGION,,household_size,person3,60810
1/1/2015,WEST REGION,male,age_group,age_15_19,31300
1/1/2000,EAST REGION,,language_spoken_at_home,eng_tml,0
1/1/2015,WEST REGION,female,economic_status,inactive,157500
1/1/2000,WEST REGION,,mode_of_transport_school,mrt_lrt_only,0
1/1/2015,CENTRAL REGION,,mode_of_transport_work,other_combi_mrt_or_bus,17000
1/1/2015,WEST REGION,,education_attending,university,21500
1/1/2010,CENTRAL REGION,,mode_of_transport_work,pvt_chartered_bus,8643
1/1/2015,WEST REGION,female,age_group,age_80_84,5260
1/1/2010,WEST REGION,male,age_group,age_75_79,4820
1/1/2020,WEST REGION,,income_from_work,sgd_10000_to_10999,14454
1/1/2010,NORTH REGION,,language_literate,l2_eng_tam,18738
1/1/2020,EAST REGION,,mode_of_transport_school,mrt_lrt_and_bus,27386
1/1/2000,EAST REGION,,mode_of_transport_work,motorcycle_scooter,15116
1/1/2015,WEST REGION,,industry,other_comm_social_personal,15600
1/1/2000,WEST REGION,,mode_of_transport_school,mrt_other,0
1/1/2000,NORTH-EAST REGION,,industry,hotels_restaurants,15877
1/1/2020,CENTRAL REGION,,household_income,sgd_8000_over,0
1/1/2015,CENTRAL REGION,,dwelling_type_household,landed_properties,21500
1/1/2020,WEST REGION,,education_attending,secondary,42368
1/1/2015,CENTRAL REGION,,household_income,sgd_2000_to_2999,18400
1/1/2000,EAST REGION,,industry,manufacturing,47103
1/1/2010,CENTRAL REGION,,mode_of_transport_school,,
1/1/2010,NORTH REGION,,industry,admin_support_services,12745
1/1/2000,NORTH-EAST REGION,male,age_group,age_20_24,19550
1/1/2000,NORTH REGION,,mode_of_transport_school,others,2958
1/1/2015,CENTRAL REGION,,income_from_work,sgd_4000_to_4999,41500
1/1/2000,EAST REGION,,language_literate,l3_eng_mal_tam,888
1/1/2000,WEST REGION,female,marital_status,,
1/1/2000,CENTRAL REGION,,mode_of_transport_work,lorry_pickup,5919
1/1/2000,NORTH REGION,,religion,buddhism,123388
1/1/2000,WEST REGION,,income_from_work,sgd_9000_to_9999,
1/1/2000,NORTH REGION,female,age_group,age_75_79,1630
1/1/2000,NORTH-EAST REGION,,language_spoken_at_home,tml_oth_lang,0
1/1/2020,NORTH REGION,,language_literate,l3_other_three,
1/1/2010,CENTRAL REGION,,language_literate,l3_eng_mal_tam,3799
1/1/2015,WEST REGION,,language_spoken_at_home,eng_mly,0
1/1/2000,NORTH REGION,male,age_group,total,201620
1/1/2010,WEST REGION,,dwelling_type_population,hdb_5_room_and_executive_flats,303120
1/1/2015,NORTH-EAST REGION,,mode_of_transport_work,bus,74100
1/1/2010,EAST REGION,,mode_of_transport_work,lorry_pickup,5962
1/1/2010,NORTH-EAST REGION,,household_income,sgd_11000_to_11999,
1/1/2000,NORTH-EAST REGION,,household_structure,ofn_3_more_gen,10358
1/1/2015,NORTH-EAST REGION,,language_spoken_at_home,mandarin,292100
1/1/2020,EAST REGION,,mode_of_transport_work,taxi,0
1/1/2020,NORTH-EAST REGION,,dwelling_type_population,total,930910
1/1/2020,NORTH-EAST REGION,,household_income,sgd_10000_to_10999,13260
1/1/2010,WEST REGION,,household_income,sgd_8000_over,
1/1/2000,EAST REGION,male,ethnic_distribution,,
1/1/2010,EAST REGION,female,age_group,age_50_54,29460
1/1/2020,NORTH REGION,male,ethnic_distribution,malays,61250
1/1/2020,WEST REGION,,household_structure,tfn_1to2_gen,4204
1/1/2000,NORTH-EAST REGION,,household_income,sgd_3000_to_3999,19989
1/1/2015,NORTH-EAST REGION,female,age_group,age_30_34,38110
1/1/2000,CENTRAL REGION,,language_spoken_at_home,mandarin,225973
1/1/2015,WEST REGION,,dwelling_type_population,others,4500
1/1/2015,EAST REGION,,language_spoken_at_home,eng_chn_dlt,0
1/1/2010,NORTH REGION,,language_spoken_at_home,oth_ind_lang_oth_lang,0
1/1/2000,EAST REGION,,household_income,sgd_17500_to_19999,
1/1/2000,CENTRAL REGION,,language_literate,l1_mal,11960
1/1/2000,NORTH REGION,,dwelling_type_household,landed_properties,487
1/1/2010,NORTH-EAST REGION,female,age_group,age_45_49,31060
1/1/2000,EAST REGION,,mode_of_transport_work,mrt,26079
1/1/2020,NORTH-EAST REGION,,mode_of_transport_work,mrt_bus,0
1/1/2000,EAST REGION,,mode_of_transport_work,no_transport_required,15296
1/1/2015,EAST REGION,,industry,business_services,0
1/1/2020,NORTH-EAST REGION,,household_income,sgd_3000_to_3999,16891
1/1/2020,WEST REGION,,language_spoken_at_home,oth_lang_oth_non_eng_lang,1844
1/1/2015,CENTRAL REGION,,language_spoken_at_home,oth_lang_oth_non_eng_lang,0
1/1/2015,EAST REGION,,mode_of_transport_work,other_combi_mrt_lrt_or_bus,0
1/1/2015,NORTH REGION,female,economic_status,employed,137200
1/1/2000,WEST REGION,,household_structure,tfn_1to2_gen,3339
1/1/2000,EAST REGION,,religion,hinduism,11713
1/1/2010,NORTH-EAST REGION,male,age_group,age_20_24,23920
1/1/2000,NORTH REGION,male,ethnic_distribution,malays,36841
1/1/2020,EAST REGION,,language_spoken_at_home,others,0
1/1/2015,CENTRAL REGION,,language_spoken_at_home,oth_ind_lang_oth_lang,0
1/1/2010,CENTRAL REGION,,household_size,person7,6197
1/1/2000,EAST REGION,,income_from_work,sgd_2500_to_2999,28683
1/1/2010,NORTH REGION,male,economic_status,unemployed,5823
1/1/2010,WEST REGION,,language_spoken_at_home,tml_eng,0
1/1/2015,NORTH-EAST REGION,,language_spoken_at_home,mly_oth_lang,0
1/1/2010,EAST REGION,male,age_group,total,340890
1/1/2000,EAST REGION,female,age_group,age_65_69,8350
1/1/2010,NORTH REGION,,language_spoken_at_home,mand_oth_lang,0
1/1/2000,NORTH REGION,,household_size,person1,5223
1/1/2015,NORTH REGION,,mode_of_transport_work,taxi_pvt_hire_car_only,0
1/1/2000,CENTRAL REGION,,language_spoken_at_home,malay,58731
1/1/2015,EAST REGION,female,economic_status,unemployed,9000
1/1/2010,EAST REGION,,industry,financial_insurance_services,27179
1/1/2015,CENTRAL REGION,,mode_of_transport_work,bus,85600
1/1/2010,NORTH-EAST REGION,,household_income,below_sgd_1000,6481
1/1/2015,EAST REGION,,language_spoken_at_home,mly_eng,0
1/1/2000,EAST REGION,,language_spoken_at_home,chinese_dialects,107395
1/1/2010,EAST REGION,,dwelling_type_household,others,832
1/1/2015,NORTH-EAST REGION,,mode_of_transport_school,other_combi_mrt_lrt_or_bus,0
1/1/2010,CENTRAL REGION,,household_structure,tfn_3_more_gen,11418
1/1/2015,NORTH REGION,,household_size,person5,22700
1/1/2020,EAST REGION,female,age_group,age_35_39,23850
1/1/2015,NORTH-EAST REGION,,mode_of_transport_work,mrt_car,0
1/1/2015,EAST REGION,,household_income,sgd_9000_to_9999,10600
1/1/2020,NORTH-EAST REGION,,household_size,person4,65977
1/1/2015,WEST REGION,,income_from_work,sgd_1000_to_1499,42300
1/1/2010,NORTH-EAST REGION,male,age_group,age_25_29,25500
1/1/2010,NORTH-EAST REGION,,religion,other_religions,2119
1/1/2000,NORTH REGION,male,age_group,age_25_29,16310
1/1/2010,NORTH REGION,,language_literate,l1_chi,64113
1/1/2010,EAST REGION,,mode_of_transport_school,other_combi_mrt_or_bus,0
1/1/2000,EAST REGION,,language_spoken_at_home,,
1/1/2015,EAST REGION,,mode_of_transport_school,pvt_chartered_bus,11800
1/1/2000,WEST REGION,,religion,taoism,51098
1/1/2000,NORTH-EAST REGION,,household_income,sgd_4000_to_4999,16121
1/1/2015,CENTRAL REGION,,household_structure,tfn_3_more_gen,
1/1/2015,NORTH-EAST REGION,,language_spoken_at_home,oth_lang_oth_non_eng_lang,0
1/1/2020,NORTH-EAST REGION,,language_literate,l1_non_off,1497
1/1/2015,EAST REGION,,industry,financial_insurance_services,33100
1/1/2010,NORTH-EAST REGION,,mode_of_transport_work,mrt_car,3451
1/1/2010,CENTRAL REGION,,dwelling_type_population,hdb_1_and_2_room_flats,77730
1/1/2020,EAST REGION,,mode_of_transport_work,other_combi_mrt_or_bus,0
1/1/2015,NORTH-EAST REGION,,household_income,below_sgd_1000,5300
1/1/2000,NORTH REGION,,mode_of_transport_work,mrt_other,0
1/1/2015,EAST REGION,,education_attending,pre_primary,8300
1/1/2015,NORTH-EAST REGION,,tenancy,others,1000
1/1/2000,NORTH REGION,,mode_of_transport_work,taxi_pvt_hire_car_only,0
1/1/2015,EAST REGION,,dwelling_type_population,hdb_3_room_flats,98320
1/1/2000,NORTH-EAST REGION,,language_spoken_at_home,mly_oth_lang,0
1/1/2020,EAST REGION,,language_spoken_at_home,mandarin,34868
1/1/2020,NORTH-EAST REGION,female,age_group,age_80_84,7950
1/1/2015,CENTRAL REGION,,religion,no_religion,157600
1/1/2015,NORTH REGION,,language_spoken_at_home,chn_dlt_eng,0
1/1/2020,NORTH REGION,,income_from_work,sgd_8000_over,0
1/1/2020,NORTH-EAST REGION,male,marital_status,single,116136
1/1/2020,WEST REGION,female,age_group,age_5_9,21320
1/1/2010,NORTH REGION,female,age_group,age_45_49,21760
1/1/2015,NORTH-EAST REGION,,household_income,no_working_person,22500
1/1/2010,CENTRAL REGION,,income_from_work,sgd_12000_over,
1/1/2015,NORTH REGION,,income_from_work,sgd_1500_to_1999,25600
1/1/2015,EAST REGION,female,age_group,total,353530
1/1/2015,EAST REGION,,language_spoken_at_home,eng_mly,0
1/1/2010,WEST REGION,,mode_of_transport_work,lorry_pickup,12844
1/1/2020,WEST REGION,,mode_of_transport_work,taxi,0
1/1/2000,NORTH-EAST REGION,,industry,wholesale_retail_trade,47193
1/1/2010,EAST REGION,,dwelling_type_population,hdb_5_room_and_executive_flats,209710
1/1/2020,CENTRAL REGION,,dwelling_type_household,hdb_3_room_flats,79504
1/1/2000,NORTH REGION,,language_spoken_at_home,tml_eng,0
1/1/2010,CENTRAL REGION,,language_spoken_at_home,english,308217
1/1/2020,WEST REGION,,religion,no_religion,151172
1/1/2020,NORTH REGION,male,age_group,age_65_69,13650
1/1/2015,WEST REGION,,household_income,sgd_20000_over,27100
1/1/2020,CENTRAL REGION,male,marital_status,widowed,8560
1/1/2000,NORTH-EAST REGION,,mode_of_transport_school,others,6468
1/1/2015,EAST REGION,female,age_group,age_50_54,30670
1/1/2000,CENTRAL REGION,female,age_group,age_85_over,5060
1/1/2010,EAST REGION,,industry,construction,14631
1/1/2010,EAST REGION,,language_spoken_at_home,eng_chn_dlt,0
1/1/2010,EAST REGION,,industry,admin_support_services,17314
1/1/2015,CENTRAL REGION,,mode_of_transport_work,no_transport_required,47900
1/1/2000,NORTH REGION,,language_literate,l3_eng_mal_tam,1367
1/1/2000,EAST REGION,,mode_of_transport_school,others,8230
1/1/2000,EAST REGION,,religion,buddhism,182966
1/1/2015,WEST REGION,,mode_of_transport_work,lorry_pickup,14400
1/1/2000,NORTH REGION,,industry,manufacturing,41378
1/1/2015,WEST REGION,male,age_group,age_0_4,20760
1/1/2000,CENTRAL REGION,,religion,islam,64639
1/1/2000,EAST REGION,female,age_group,age_75_79,4090
1/1/2020,EAST REGION,,income_from_work,sgd_5000_to_5999,31905
1/1/2010,EAST REGION,,language_spoken_at_home,chn_dlt_oth_lang,0
1/1/2015,NORTH REGION,,income_from_work,sgd_2000_to_2499,27300
1/1/2015,NORTH REGION,male,age_group,age_10_14,17060
1/1/2020,EAST REGION,,household_income,sgd_3000_to_3999,11822
1/1/2020,EAST REGION,female,age_group,age_25_29,26730
1/1/2000,NORTH-EAST REGION,,language_spoken_at_home,,
1/1/2000,NORTH-EAST REGION,,household_income,no_working_person,
1/1/2020,CENTRAL REGION,,household_income,sgd_15000_to_17499,16678
1/1/2010,CENTRAL REGION,,dwelling_type_population,total,930870
1/1/2020,EAST REGION,,dwelling_type_population,landed_properties,55800
1/1/2010,NORTH-EAST REGION,,income_from_work,sgd_8000_to_8999,
1/1/2020,EAST REGION,male,marital_status,married,172877
1/1/2020,CENTRAL REGION,,mode_of_transport_work,pvt_chartered_bus_van,4781
1/1/2000,EAST REGION,,industry,health_social_services,0
1/1/2010,CENTRAL REGION,,mode_of_transport_work,others,22680
1/1/2020,CENTRAL REGION,,dwelling_type_population,hdb_4_room_flats,219950
1/1/2000,NORTH-EAST REGION,,industry,,
1/1/2015,NORTH-EAST REGION,male,age_group,age_85_over,2470
1/1/2000,NORTH-EAST REGION,,language_spoken_at_home,oth_lang_oth_non_eng_lang,0
1/1/2015,WEST REGION,,language_literate,l1_mal,11800
1/1/2010,EAST REGION,female,age_group,age_10_14,23560
1/1/2015,NORTH-EAST REGION,,dwelling_type_population,total_hdb,688480
1/1/2010,NORTH REGION,,language_literate,no_literate,13169
1/1/2020,WEST REGION,,language_literate,l1_chi,106080
1/1/2000,NORTH-EAST REGION,,tenancy,,
1/1/2000,CENTRAL REGION,,dwelling_type_population,hdb_4_room_flats,191810
1/1/2000,CENTRAL REGION,,household_income,sgd_15000_to_17499,
1/1/2020,EAST REGION,,religion,sikhism,2252
1/1/2015,WEST REGION,male,age_group,age_70_74,9500
1/1/2000,NORTH-EAST REGION,,dwelling_type_population,hdb_3_room_flats,122530
1/1/2000,NORTH-EAST REGION,,dwelling_type_household,condominiums_and_other_apartments,6408
1/1/2010,CENTRAL REGION,,dwelling_type_household,condominiums_and_other_apartments,55797
1/1/2000,NORTH-EAST REGION,,mode_of_transport_school,pvt_chartered_bus,19057
1/1/2015,CENTRAL REGION,,mode_of_transport_work,mrt_other,0
1/1/2000,NORTH REGION,,mode_of_transport_school,motorcycle_scooter,294
1/1/2020,NORTH REGION,,mode_of_transport_work,mrt_lrt_and_bus,96704
1/1/2020,WEST REGION,,mode_of_transport_work,other_combi_mrt_or_bus,0
1/1/2015,NORTH-EAST REGION,,education_attending,secondary,45000
1/1/2010,CENTRAL REGION,,household_income,sgd_7000_to_7999,13449
1/1/2015,WEST REGION,,industry,financial_insurance_services,28000
1/1/2010,CENTRAL REGION,,income_from_work,sgd_1000_to_1999,0
1/1/2000,NORTH REGION,,household_structure,tfn_3_more_gen,4410
1/1/2020,WEST REGION,,income_from_work,sgd_6000_to_6999,33852
1/1/2015,EAST REGION,,household_size,person5,29300
1/1/2020,CENTRAL REGION,female,ethnic_distribution,indian,39930
1/1/2000,NORTH REGION,,language_spoken_at_home,chinese_dialects,67963
1/1/2020,WEST REGION,,education_attending,post_secondary,14738
1/1/2015,NORTH REGION,,household_income,sgd_9000_to_9999,9200
1/1/2020,NORTH REGION,female,age_group,age_35_39,22870
1/1/2015,NORTH REGION,,language_spoken_at_home,mly_eng,0
1/1/2015,WEST REGION,female,marital_status,widowed,30500
1/1/2010,NORTH REGION,,industry,financial_insurance_services,11368
1/1/2010,NORTH REGION,,dwelling_type_household,others,269
1/1/2010,CENTRAL REGION,,tenancy,owner,243347
1/1/2010,NORTH-EAST REGION,,education_attending,polytechnic,15331
1/1/2020,NORTH REGION,,mode_of_transport_school,taxi,0
1/1/2000,NORTH-EAST REGION,,household_structure,ofn_1_gen,14790
1/1/2010,NORTH REGION,,mode_of_transport_school,lorry_pickup,398
1/1/2020,EAST REGION,,dwelling_type_population,others,5670
1/1/2010,NORTH REGION,,language_spoken_at_home,oth_lang_eng,0
1/1/2020,EAST REGION,,household_income,sgd_4000_to_4999,10881
1/1/2000,EAST REGION,,income_from_work,sgd_12000_14999,0
1/1/2000,EAST REGION,,industry,other_services_industries,53227
1/1/2015,NORTH-EAST REGION,,income_from_work,sgd_15000_over,0
1/1/2010,CENTRAL REGION,,household_income,below_sgd_1000,17331
1/1/2015,CENTRAL REGION,female,age_group,age_60_64,31930
1/1/2010,CENTRAL REGION,female,marital_status,married,214250
1/1/2020,EAST REGION,,income_from_work,sgd_2000_to_2999,44374
1/1/2020,WEST REGION,,language_literate,l3_eng_chi_mal,34250
1/1/2010,CENTRAL REGION,,industry,information_communications,21422
1/1/2010,WEST REGION,,language_literate,l2_eng_chi,309630
1/1/2000,CENTRAL REGION,,dwelling_type_household,hdb_1_and_2_room_flats,34053
1/1/2000,CENTRAL REGION,,industry,arts_entertainment_recreation,0
1/1/2015,NORTH REGION,male,ethnic_distribution,chinese,175820
1/1/2010,WEST REGION,,language_spoken_at_home,tamil,32287
1/1/2000,WEST REGION,,household_income,sgd_10000_to_10999,
1/1/2015,NORTH REGION,,industry,professional_services,19500
1/1/2000,WEST REGION,,mode_of_transport_work,pvt_chartered_bus,41269
1/1/2000,NORTH-EAST REGION,female,ethnic_distribution,others,2925
1/1/2010,CENTRAL REGION,,language_spoken_at_home,,
1/1/2020,NORTH REGION,,income_from_work,sgd_2500_to_2999,0
1/1/2020,CENTRAL REGION,,industry,wholesale_retail_trade,70069
1/1/2000,NORTH REGION,,language_spoken_at_home,others,870
1/1/2020,WEST REGION,,dwelling_type_population,hdb_3_room_flats,121040
1/1/2020,WEST REGION,,education_attending,pre_primary,12278
1/1/2020,CENTRAL REGION,,language_literate,l2_eng_non_off,22710
1/1/2000,CENTRAL REGION,male,age_group,age_60_64,21680
1/1/2015,NORTH-EAST REGION,,household_size,person3,59000
1/1/2000,CENTRAL REGION,,household_income,sgd_20000_over,
1/1/2000,NORTH REGION,,income_from_work,sgd_6000_over,10763
1/1/2015,CENTRAL REGION,,mode_of_transport_work,mrt_lrt_only,0
1/1/2020,NORTH REGION,,industry,accommodation_food_services,21381
1/1/2020,WEST REGION,female,age_group,age_55_59,35520
1/1/2000,NORTH REGION,female,ethnic_distribution,chinese,118472
1/1/2000,NORTH-EAST REGION,,language_spoken_at_home,mand_oth_lang,0
1/1/2015,EAST REGION,,household_income,sgd_14000_to_14999,6700
1/1/2015,NORTH REGION,,language_spoken_at_home,oth_ind_lang_eng,0
1/1/2020,WEST REGION,,religion,taoism,81073
1/1/2015,WEST REGION,,industry,transport_communications,0
1/1/2000,EAST REGION,,dwelling_type_household,others,655
1/1/2020,NORTH-EAST REGION,,language_spoken_at_home,oth_ind_lang_oth_lang,1090
1/1/2015,NORTH REGION,,religion,taoism,44500
1/1/2010,WEST REGION,male,age_group,age_10_14,31970
1/1/2015,NORTH-EAST REGION,male,age_group,age_45_49,29750
1/1/2020,WEST REGION,,mode_of_transport_school,other_combi_mrt_lrt_or_bus,5446
1/1/2010,WEST REGION,,household_structure,,
1/1/2020,WEST REGION,female,marital_status,married,236593
1/1/2015,CENTRAL REGION,,mode_of_transport_school,other_combi_mrt_lrt_or_bus,0
1/1/2020,WEST REGION,,household_income,below_sgd_1000,5169
1/1/2000,CENTRAL REGION,,language_spoken_at_home,chn_dlt_oth_lang,0
1/1/2020,NORTH-EAST REGION,,mode_of_transport_school,mrt,0
1/1/2010,NORTH-EAST REGION,,language_spoken_at_home,oth_ind_lang_oth_lang,0
1/1/2015,WEST REGION,female,age_group,age_20_24,32120
1/1/2020,EAST REGION,,income_from_work,sgd_8000_to_8999,16054
1/1/2010,WEST REGION,,mode_of_transport_school,other_combi_mrt_lrt_or_bus,0
1/1/2000,NORTH REGION,male,ethnic_distribution,others,1747
1/1/2010,EAST REGION,,mode_of_transport_work,taxi_pvt_hire_car_only,0
1/1/2000,NORTH REGION,male,marital_status,divorced,2392
1/1/2015,NORTH REGION,,household_size,person2,31500
1/1/2015,WEST REGION,male,ethnic_distribution,others,11350
1/1/2020,NORTH REGION,,household_structure,three_more_fam_nucleus,371
1/1/2015,NORTH-EAST REGION,,income_from_work,sgd_2000_to_2999,0
1/1/2020,EAST REGION,,mode_of_transport_school,mrt_lrt_only,6538
1/1/2000,CENTRAL REGION,female,marital_status,single,108020
1/1/2015,CENTRAL REGION,,mode_of_transport_work,motorcycle_scooter,9800
1/1/2020,CENTRAL REGION,,income_from_work,sgd_8000_to_8999,20873
1/1/2000,NORTH REGION,,mode_of_transport_work,car,33438
1/1/2015,EAST REGION,,household_income,sgd_13000_to_13999,6100
1/1/2000,NORTH REGION,female,age_group,age_20_24,12090
1/1/2015,CENTRAL REGION,,household_size,person6,
1/1/2015,NORTH-EAST REGION,,household_income,sgd_3000_to_3999,14500
1/1/2020,NORTH REGION,,language_spoken_at_home,other_indian_languages,0
1/1/2015,CENTRAL REGION,,mode_of_transport_school,taxi,0
1/1/2000,WEST REGION,,income_from_work,sgd_8000_over,
1/1/2000,EAST REGION,,language_spoken_at_home,eng_chn_dlt,0
1/1/2010,NORTH-EAST REGION,,mode_of_transport_school,others,9991
1/1/2010,CENTRAL REGION,female,age_group,age_85_over,7810
1/1/2000,WEST REGION,,language_spoken_at_home,oth_ind_lang_eng,0
1/1/2000,EAST REGION,,household_income,sgd_20000_over,
1/1/2010,NORTH-EAST REGION,,language_literate,l2_eng_chi,291453
1/1/2000,NORTH-EAST REGION,,household_size,person6,12643
1/1/2010,NORTH REGION,,mode_of_transport_school,pvt_chartered_bus,7254
1/1/2000,EAST REGION,male,age_group,age_60_64,8780
1/1/2015,CENTRAL REGION,,household_income,sgd_14000_to_14999,7200
1/1/2015,NORTH REGION,,mode_of_transport_school,other_combi_mrt_or_bus,1600
1/1/2020,WEST REGION,,language_literate,no_literate,22189
1/1/2015,EAST REGION,,mode_of_transport_work,mrt_lrt_only,0
1/1/2020,EAST REGION,,language_literate,l2_eng_non_off,14094
1/1/2015,WEST REGION,female,ethnic_distribution,chinese,328820
1/1/2000,NORTH REGION,,mode_of_transport_work,taxi,1150
1/1/2015,WEST REGION,male,age_group,age_5_9,24510
1/1/2010,EAST REGION,female,ethnic_distribution,,
1/1/2010,EAST REGION,,mode_of_transport_school,mrt_lrt_only,0
1/1/2000,NORTH-EAST REGION,,household_structure,,
1/1/2010,NORTH-EAST REGION,,language_spoken_at_home,chn_dlt_mand,0
1/1/2000,EAST REGION,,household_size,person4,45255
1/1/2020,WEST REGION,,language_spoken_at_home,tml_eng,21651
1/1/2020,EAST REGION,male,age_group,total,334710
1/1/2015,NORTH REGION,,income_from_work,sgd_8000_to_8999,11700
1/1/2020,WEST REGION,,income_from_work,sgd_1000_to_1999,68628
1/1/2000,NORTH-EAST REGION,,education_attending,primary,54791
1/1/2020,WEST REGION,,household_income,sgd_7000_to_7999,16223
1/1/2015,WEST REGION,,mode_of_transport_school,mrt_car,0
1/1/2015,NORTH-EAST REGION,,mode_of_transport_school,mrt_lrt_only,0
1/1/2020,CENTRAL REGION,,language_spoken_at_home,chn_dlt_mand,40420
1/1/2020,NORTH-EAST REGION,,industry,financial_insurance_services,47912
1/1/2020,CENTRAL REGION,male,age_group,age_45_49,36330
1/1/2000,WEST REGION,female,age_group,age_70_74,5730
1/1/2010,WEST REGION,,language_spoken_at_home,mly_oth_lang,0
1/1/2010,NORTH-EAST REGION,,language_spoken_at_home,oth_ind_lang_eng,0
1/1/2000,NORTH-EAST REGION,,mode_of_transport_work,taxi_pvt_hire_car_only,0
1/1/2015,NORTH REGION,,industry,admin_support_services,16500
1/1/2020,EAST REGION,,income_from_work,below_sgd_1000,26760
1/1/2015,NORTH-EAST REGION,,income_from_work,sgd_5000_to_5999,42300
1/1/2000,CENTRAL REGION,,mode_of_transport_school,,
1/1/2010,CENTRAL REGION,,household_income,sgd_2000_to_2999,23059
1/1/2015,EAST REGION,,dwelling_type_household,hdb_4_room_flats,62600
1/1/2020,NORTH-EAST REGION,,household_income,sgd_9000_to_9999,14860
1/1/2010,EAST REGION,male,age_group,age_55_59,23920
1/1/2010,WEST REGION,female,marital_status,,
1/1/2010,EAST REGION,,industry,manufacturing,39774
1/1/2020,NORTH REGION,,industry,information_communications,12799
1/1/2000,WEST REGION,male,economic_status,employed,215218
1/1/2020,NORTH-EAST REGION,male,economic_status,employed,270567
1/1/2000,EAST REGION,,household_size,,
1/1/2000,WEST REGION,,household_structure,ofn_2_gen,140941
1/1/2010,CENTRAL REGION,,income_from_work,sgd_4000_to_4999,40973
1/1/2020,EAST REGION,male,age_group,age_45_49,23530
1/1/2015,WEST REGION,,mode_of_transport_school,pvt_chartered_bus_van,0
1/1/2020,EAST REGION,,language_spoken_at_home,chn_dlt_mand,24914
1/1/2015,NORTH-EAST REGION,female,age_group,age_60_64,25750
1/1/2015,NORTH REGION,female,age_group,age_70_74,5280
1/1/2020,NORTH-EAST REGION,,mode_of_transport_school,other_combi_mrt_or_bus,0
1/1/2010,NORTH REGION,,household_income,sgd_20000_over,
1/1/2020,NORTH-EAST REGION,female,marital_status,divorced,23471
1/1/2015,NORTH REGION,,household_size,person1,14400
1/1/2010,CENTRAL REGION,,income_from_work,sgd_6000_over,
1/1/2010,NORTH-EAST REGION,,mode_of_transport_school,taxi_pvt_hire_car_only,0
1/1/2010,WEST REGION,,dwelling_type_population,others,5000
1/1/2010,WEST REGION,,religion,sikhism,2242
1/1/2015,NORTH-EAST REGION,,language_spoken_at_home,mly_eng,0
1/1/2000,NORTH REGION,male,age_group,age_70_74,2380
1/1/2020,NORTH-EAST REGION,,mode_of_transport_work,others,7002
1/1/2015,EAST REGION,,household_income,sgd_11000_to_11999,8800
1/1/2020,NORTH REGION,,household_structure,ofn_3_more_gen,11793
1/1/2000,CENTRAL REGION,,industry,others,2417
1/1/2020,WEST REGION,,income_from_work,sgd_15000_over,28302
1/1/2010,WEST REGION,,language_spoken_at_home,eng_tml,0
1/1/2010,CENTRAL REGION,,religion,no_religion,152085
1/1/2000,WEST REGION,,household_income,total,208810
1/1/2010,NORTH-EAST REGION,,tenancy,others,2557
1/1/2020,CENTRAL REGION,,industry,admin_support_services,28092
1/1/2020,NORTH REGION,,dwelling_type_household,total_hdb,168322
1/1/2010,NORTH-EAST REGION,,language_spoken_at_home,other_indian_languages,7860
1/1/2010,EAST REGION,,mode_of_transport_school,motorcycle_scooter,907
1/1/2015,CENTRAL REGION,,mode_of_transport_school,taxi_pvt_hire_car_only,0
1/1/2010,NORTH-EAST REGION,,dwelling_type_population,hdb_1_and_2_room_flats,13270
1/1/2015,WEST REGION,female,age_group,age_10_14,26280
1/1/2010,NORTH-EAST REGION,,language_spoken_at_home,eng_oth_ind_lang,0
1/1/2015,NORTH REGION,,household_income,total,156400
1/1/2015,EAST REGION,female,marital_status,divorced,13300
1/1/2015,NORTH-EAST REGION,,income_from_work,sgd_6000_to_6999,31500
1/1/2020,WEST REGION,,mode_of_transport_school,mrt_lrt_only,10496
1/1/2010,CENTRAL REGION,,mode_of_transport_school,other_combi_mrt_lrt_or_bus,0
1/1/2020,NORTH-EAST REGION,,language_spoken_at_home,mand_oth_lang,1272
1/1/2015,EAST REGION,male,ethnic_distribution,others,12310
1/1/2015,CENTRAL REGION,female,age_group,age_20_24,27260
1/1/2010,WEST REGION,,mode_of_transport_work,taxi_pvt_hire_car_only,0
1/1/2000,NORTH REGION,,income_from_work,sgd_2000_to_2499,27068
1/1/2015,WEST REGION,,household_income,sgd_13000_to_13999,9600
1/1/2000,CENTRAL REGION,,income_from_work,sgd_6000_to_6999,
1/1/2020,CENTRAL REGION,male,age_group,age_55_59,33710
1/1/2015,EAST REGION,male,ethnic_distribution,chinese,233350
1/1/2000,NORTH REGION,,industry,other_services_industries,36019
1/1/2015,WEST REGION,,industry,arts_entertainment_recreation,8100
1/1/2000,WEST REGION,female,age_group,age_60_64,9530
1/1/2020,NORTH REGION,,income_from_work,sgd_2000_to_2999,47505
1/1/2000,NORTH REGION,,income_from_work,sgd_12000_14999,0
1/1/2010,NORTH-EAST REGION,,mode_of_transport_school,bus,41547
1/1/2010,WEST REGION,,education_attending,polytechnic,19675
1/1/2020,NORTH REGION,,household_income,sgd_4000_to_4999,11946
1/1/2010,WEST REGION,,income_from_work,total,457771
1/1/2015,CENTRAL REGION,,income_from_work,sgd_8000_over,
1/1/2015,EAST REGION,,industry,manufacturing,36900
1/1/2010,CENTRAL REGION,male,age_group,age_60_64,28000
1/1/2020,EAST REGION,,household_size,person4,46154
1/1/2010,NORTH-EAST REGION,,language_spoken_at_home,chn_dlt_oth_lang,0
1/1/2020,EAST REGION,,tenancy,tenant,19564
1/1/2000,WEST REGION,,mode_of_transport_school,taxi,174
1/1/2000,NORTH-EAST REGION,male,ethnic_distribution,indian,18055
1/1/2010,NORTH REGION,female,ethnic_distribution,chinese,165341
1/1/2020,CENTRAL REGION,,dwelling_type_population,hdb_3_room_flats,181680
1/1/2000,CENTRAL REGION,,household_income,sgd_10000_to_10999,
1/1/2010,NORTH REGION,,religion,,
1/1/2000,CENTRAL REGION,,mode_of_transport_work,pvt_chartered_bus,14644
1/1/2010,CENTRAL REGION,,language_spoken_at_home,tamil,28328
1/1/2020,CENTRAL REGION,,education_attending,pre_primary,11370
1/1/2010,NORTH REGION,,language_literate,l1_eng,28540
1/1/2020,WEST REGION,,industry,wholesale_retail_trade,77925
1/1/2010,EAST REGION,,dwelling_type_household,hdb_5_room_and_executive_flats,54390
1/1/2010,WEST REGION,,language_spoken_at_home,,
1/1/2020,EAST REGION,,language_spoken_at_home,oth_lang_oth_non_eng_lang,560
1/1/2015,NORTH-EAST REGION,,language_literate,l3_other_three,
1/1/2000,WEST REGION,,income_from_work,sgd_2500_to_2999,38649
1/1/2000,EAST REGION,,household_structure,tfn_1to2_gen,2625
1/1/2015,CENTRAL REGION,male,ethnic_distribution,malays,33750
1/1/2020,WEST REGION,,language_spoken_at_home,others,0
1/1/2015,WEST REGION,,mode_of_transport_work,other_combi_mrt_lrt_or_bus,0
1/1/2000,CENTRAL REGION,,household_structure,no_family_nucleus,51094
1/1/2010,CENTRAL REGION,male,age_group,age_65_69,18140
1/1/2000,WEST REGION,,religion,hinduism,23862
1/1/2020,NORTH-EAST REGION,,household_income,sgd_7000_to_7999,15636
1/1/2015,WEST REGION,,industry,business_services,0
1/1/2020,CENTRAL REGION,,mode_of_transport_work,other_combi_mrt_lrt_or_bus,7990
1/1/2000,CENTRAL REGION,,language_spoken_at_home,oth_lang_eng,0
1/1/2000,CENTRAL REGION,,mode_of_transport_school,lorry_pickup,50
1/1/2010,EAST REGION,female,economic_status,,
1/1/2020,WEST REGION,,household_income,sgd_20000_over,34589
1/1/2020,WEST REGION,male,ethnic_distribution,indian,43930
1/1/2010,CENTRAL REGION,,mode_of_transport_work,,
1/1/2000,NORTH REGION,,dwelling_type_population,total,399780
1/1/2015,CENTRAL REGION,male,marital_status,widowed,7500
1/1/2000,NORTH REGION,,mode_of_transport_work,others,12818
1/1/2010,WEST REGION,,language_literate,l2_other_two,3538
1/1/2020,NORTH-EAST REGION,,dwelling_type_population,hdb_3_room_flats,117820
1/1/2000,NORTH REGION,,education_attending,prof_qualification_diploma,0
1/1/2020,NORTH REGION,,language_literate,l2_eng_mal,97855
1/1/2020,WEST REGION,,household_size,person7,6402
1/1/2000,NORTH REGION,,household_income,sgd_9000_to_9999,
1/1/2000,WEST REGION,female,age_group,age_30_34,36520
1/1/2000,NORTH REGION,,language_spoken_at_home,mly_eng,0
1/1/2000,CENTRAL REGION,,dwelling_type_household,,
1/1/2020,CENTRAL REGION,,language_spoken_at_home,eng_oth_lang,12204
1/1/2020,CENTRAL REGION,,household_income,no_working_person,64470
1/1/2020,NORTH REGION,,household_structure,ofn_1_gen,27278
1/1/2010,NORTH-EAST REGION,,religion,islam,53950
1/1/2010,NORTH-EAST REGION,male,marital_status,divorced,6440
1/1/2000,WEST REGION,female,marital_status,widowed,19556
1/1/2010,NORTH REGION,,industry,transportation_storage,22396
1/1/2010,EAST REGION,,dwelling_type_household,hdb_3_room_flats,36866
1/1/2020,WEST REGION,,language_literate,l3_eng_mal_tam,4384
1/1/2000,EAST REGION,,mode_of_transport_school,mrt_car,191
1/1/2010,NORTH REGION,,income_from_work,sgd_11000_to_11999,
1/1/2020,WEST REGION,,household_income,,
1/1/2015,WEST REGION,male,age_group,age_40_44,35840
1/1/2015,NORTH REGION,,household_income,,
1/1/2020,CENTRAL REGION,,income_from_work,sgd_2000_to_2499,0
1/1/2000,EAST REGION,,education_attending,secondary,39650
1/1/2010,EAST REGION,,dwelling_type_population,others,6610
1/1/2010,EAST REGION,,religion,sikhism,2091
1/1/2020,NORTH REGION,,language_spoken_at_home,oth_ind_lang_oth_lang,737
1/1/2020,NORTH-EAST REGION,female,age_group,age_45_49,36200
1/1/2015,CENTRAL REGION,male,age_group,age_70_74,15800
1/1/2010,NORTH REGION,,mode_of_transport_school,taxi,246
1/1/2020,NORTH REGION,,language_spoken_at_home,mand_chn_dlt,48989
1/1/2020,WEST REGION,,industry,information_communications,20852
1/1/2000,EAST REGION,,mode_of_transport_school,mrt,3052
1/1/2000,NORTH REGION,,household_structure,ofn_2_gen,75379
1/1/2015,NORTH-EAST REGION,male,ethnic_distribution,malays,36050
1/1/2000,CENTRAL REGION,,dwelling_type_household,hdb_4_room_flats,52631
1/1/2015,WEST REGION,,industry,admin_support_services,25500
1/1/2000,NORTH REGION,male,economic_status,employed,111508
1/1/2020,NORTH-EAST REGION,male,age_group,total,453990
1/1/2015,CENTRAL REGION,,income_from_work,sgd_15000_over,0
1/1/2000,EAST REGION,,mode_of_transport_school,no_transport_required,44067
1/1/2020,CENTRAL REGION,,language_literate,l2_eng_chi,362249
1/1/2010,EAST REGION,male,age_group,age_0_4,16430
1/1/2010,NORTH REGION,female,marital_status,,
1/1/2010,CENTRAL REGION,,language_literate,l3_eng_chi_mal,20121
1/1/2010,NORTH-EAST REGION,,income_from_work,sgd_7000_to_7999,14482
1/1/2020,NORTH REGION,,mode_of_transport_school,other_combi_mrt_or_bus,0
1/1/2000,CENTRAL REGION,,household_income,,
1/1/2010,EAST REGION,male,age_group,age_75_79,4630
1/1/2020,EAST REGION,,income_from_work,sgd_10000_to_10999,11530
1/1/2000,EAST REGION,,mode_of_transport_school,mrt_other,0
1/1/2000,WEST REGION,,mode_of_transport_work,motorcycle_scooter,18432
1/1/2015,EAST REGION,,industry,other_comm_social_personal,10600
1/1/2000,CENTRAL REGION,female,age_group,total,452540
1/1/2010,NORTH REGION,,language_literate,l1_tam,1551
1/1/2000,NORTH-EAST REGION,,income_from_work,sgd_2500_to_2999,25575
1/1/2020,WEST REGION,,mode_of_transport_school,mrt_lrt_and_bus,42933
1/1/2015,NORTH-EAST REGION,male,marital_status,widowed,6100
1/1/2020,NORTH-EAST REGION,,household_income,sgd_6000_to_6999,16135
1/1/2015,NORTH-EAST REGION,,household_income,sgd_10000_to_10999,11700
1/1/2015,NORTH REGION,,language_literate,l1_mal,7300
1/1/2000,NORTH-EAST REGION,,dwelling_type_household,others,628
1/1/2000,EAST REGION,male,age_group,age_10_14,26420
1/1/2015,EAST REGION,female,marital_status,single,92400
1/1/2010,NORTH-EAST REGION,,income_from_work,sgd_1000_to_1499,33336
1/1/2020,CENTRAL REGION,,dwelling_type_population,hdb_1_and_2_room_flats,70890
1/1/2020,NORTH REGION,,dwelling_type_household,condominiums_and_other_apartments,16003
1/1/2020,EAST REGION,female,economic_status,unemployed,11857
1/1/2020,NORTH REGION,,household_income,sgd_9000_to_9999,9880
1/1/2000,WEST REGION,male,age_group,age_85_over,970
1/1/2015,NORTH-EAST REGION,,household_structure,ofn_2_gen,160000
1/1/2020,CENTRAL REGION,,religion,hinduism,36162
1/1/2020,NORTH REGION,,language_spoken_at_home,mly_eng,60190
1/1/2015,EAST REGION,,mode_of_transport_work,pvt_chartered_bus,9700
1/1/2020,WEST REGION,female,marital_status,widowed,31046
1/1/2010,NORTH-EAST REGION,,language_literate,l1_non_off,827
1/1/2015,WEST REGION,,income_from_work,sgd_6000_to_6999,30400
1/1/2000,NORTH REGION,male,age_group,age_50_54,9990
1/1/2010,EAST REGION,,mode_of_transport_work,other_combi_mrt_or_bus,0
1/1/2020,CENTRAL REGION,male,age_group,age_15_19,21290
1/1/2000,CENTRAL REGION,,household_income,sgd_13000_to_13999,
1/1/2000,WEST REGION,male,marital_status,divorced,4270
1/1/2015,NORTH REGION,male,ethnic_distribution,others,7190
1/1/2020,CENTRAL REGION,,education_attending,university,21992
1/1/2000,WEST REGION,female,age_group,age_20_24,25290
1/1/2000,EAST REGION,,income_from_work,sgd_2000_to_2499,36736
1/1/2015,WEST REGION,,household_size,person2,50100
1/1/2015,CENTRAL REGION,,income_from_work,sgd_1000_to_1999,0
1/1/2020,WEST REGION,,household_structure,three_more_fam_nucleus,625
1/1/2020,NORTH-EAST REGION,,language_spoken_at_home,mand_chn_dlt,73910
1/1/2020,CENTRAL REGION,female,age_group,age_80_84,14030
1/1/2020,CENTRAL REGION,,mode_of_transport_school,mrt_car,0
1/1/2015,CENTRAL REGION,,household_income,sgd_7000_to_7999,12100
1/1/2010,NORTH-EAST REGION,,mode_of_transport_work,mrt_lrt_only,0
1/1/2000,WEST REGION,,mode_of_transport_work,car,76626
1/1/2010,NORTH REGION,female,age_group,age_75_79,3140
1/1/2010,NORTH REGION,,language_spoken_at_home,malay,83476
1/1/2010,EAST REGION,,language_literate,l3_eng_mal_tam,2001
1/1/2010,CENTRAL REGION,,mode_of_transport_work,lorry_pickup,6821
1/1/2020,WEST REGION,,dwelling_type_household,hdb_3_room_flats,49080
1/1/2020,CENTRAL REGION,,mode_of_transport_work,taxi,0
1/1/2015,CENTRAL REGION,,language_spoken_at_home,oth_lang_eng,0
1/1/2020,NORTH-EAST REGION,female,age_group,age_65_69,25960
1/1/2020,EAST REGION,,income_from_work,sgd_6000_over,0
1/1/2010,EAST REGION,,language_spoken_at_home,other_indian_languages,7911
1/1/2020,EAST REGION,male,age_group,age_35_39,21050
1/1/2020,NORTH REGION,,language_literate,l1_non_off,739
1/1/2015,NORTH-EAST REGION,,tenancy,tenant,17000
1/1/2015,CENTRAL REGION,,household_size,person4,57100
1/1/2015,CENTRAL REGION,,mode_of_transport_school,lorry_pickup,0
1/1/2010,NORTH-EAST REGION,,language_literate,l1_mal,5667
1/1/2015,NORTH-EAST REGION,,language_literate,l3_eng_mal_tam,
1/1/2010,WEST REGION,,religion,other_christians,70223
1/1/2020,CENTRAL REGION,,industry,manufacturing,32054
1/1/2010,WEST REGION,,industry,health_social_services,18099
1/1/2015,WEST REGION,,mode_of_transport_school,no_transport_required,48800
1/1/2010,WEST REGION,,mode_of_transport_school,lorry_pickup,520
1/1/2020,WEST REGION,,mode_of_transport_school,taxi,0
1/1/2010,WEST REGION,,language_spoken_at_home,oth_lang_eng,0
1/1/2020,WEST REGION,female,marital_status,divorced,18561
1/1/2020,CENTRAL REGION,,language_literate,l2_eng_tam,22539
1/1/2010,NORTH REGION,,language_spoken_at_home,mandarin,186425
1/1/2010,EAST REGION,,income_from_work,sgd_8000_over,50883
1/1/2010,EAST REGION,,dwelling_type_population,total_hdb,549890
1/1/2000,WEST REGION,,dwelling_type_population,,
1/1/2000,NORTH REGION,female,age_group,age_40_44,18290
1/1/2010,NORTH REGION,,dwelling_type_population,landed_properties,10000
1/1/2015,NORTH-EAST REGION,,language_spoken_at_home,tamil,24800
1/1/2020,WEST REGION,,religion,other_religions,2010
1/1/2015,NORTH-EAST REGION,male,age_group,age_35_39,33810
1/1/2010,NORTH-EAST REGION,,industry,health_social_services,16536
1/1/2015,NORTH REGION,,mode_of_transport_work,other_combi_mrt_lrt_or_bus,0
1/1/2000,EAST REGION,male,ethnic_distribution,malays,60326
1/1/2010,NORTH-EAST REGION,,income_from_work,sgd_9000_to_9999,
1/1/2010,EAST REGION,male,economic_status,unemployed,8009
1/1/2015,NORTH REGION,,industry,business_services,0
1/1/2015,CENTRAL REGION,,household_structure,tfn_1to2_gen,
1/1/2000,CENTRAL REGION,,industry,wholesale_retail_trade,73835
1/1/2000,NORTH REGION,,income_from_work,sgd_2500_to_2999,19974
1/1/2015,EAST REGION,female,economic_status,employed,168900
1/1/2020,NORTH REGION,,language_spoken_at_home,others,0
1/1/2000,NORTH REGION,,religion,hinduism,16572
1/1/2000,EAST REGION,,income_from_work,sgd_2000_to_2999,0
1/1/2015,WEST REGION,,mode_of_transport_work,bus,79800
1/1/2010,EAST REGION,,mode_of_transport_work,mrt_other,2801
1/1/2010,WEST REGION,,household_structure,tfn_3_more_gen,13457
1/1/2015,NORTH REGION,,language_spoken_at_home,chinese_dialects,48000
1/1/2020,EAST REGION,,income_from_work,sgd_12000_14999,17692
1/1/2000,EAST REGION,,household_income,sgd_4000_to_4999,18280
1/1/2010,NORTH REGION,male,economic_status,,
1/1/2015,NORTH-EAST REGION,male,age_group,age_70_74,9840
1/1/2015,CENTRAL REGION,,income_from_work,sgd_1000_to_1499,41800
1/1/2000,WEST REGION,,language_spoken_at_home,oth_lang_oth_non_eng_lang,0
1/1/2010,CENTRAL REGION,,mode_of_transport_school,others,8149
1/1/2000,CENTRAL REGION,,industry,admin_support_services,0
1/1/2000,NORTH-EAST REGION,female,age_group,age_25_29,23720
1/1/2000,WEST REGION,,income_from_work,sgd_15000_over,0
1/1/2015,EAST REGION,female,ethnic_distribution,malays,65260
1/1/2020,CENTRAL REGION,,mode_of_transport_school,pvt_chartered_bus_van,13249
1/1/2000,NORTH REGION,,language_spoken_at_home,mand_oth_lang,0
1/1/2010,EAST REGION,female,age_group,age_65_69,9670
1/1/2000,EAST REGION,,dwelling_type_population,hdb_1_and_2_room_flats,8610
1/1/2010,NORTH-EAST REGION,,industry,public_admin_education,49299
1/1/2015,WEST REGION,,language_spoken_at_home,eng_mand,0
1/1/2015,WEST REGION,male,marital_status,single,125700
1/1/2020,EAST REGION,,household_size,person1,33283
1/1/2000,WEST REGION,female,age_group,age_10_14,27450
1/1/2020,CENTRAL REGION,male,age_group,age_25_29,28110
1/1/2000,EAST REGION,,education_attending,polytechnic,10256
1/1/2020,CENTRAL REGION,,mode_of_transport_work,no_transport_required,50165
1/1/2010,EAST REGION,female,age_group,age_60_64,17310
1/1/2020,CENTRAL REGION,,household_structure,ofn_2_gen,151205
1/1/2020,NORTH REGION,,dwelling_type_household,hdb_4_room_flats,75969
1/1/2010,NORTH REGION,,household_income,sgd_3000_to_3999,14000
1/1/2015,EAST REGION,,industry,information_communications,17400
1/1/2020,NORTH REGION,,household_size,person5,23505
1/1/2000,NORTH REGION,,language_literate,l2_eng_chi,95918
1/1/2010,NORTH REGION,,income_from_work,sgd_5000_to_5999,17802
1/1/2015,WEST REGION,,household_income,total,271700
1/1/2020,EAST REGION,male,age_group,age_25_29,27470
1/1/2015,NORTH REGION,female,age_group,age_10_14,15930
1/1/2020,CENTRAL REGION,,household_size,person1,74782
1/1/2000,CENTRAL REGION,,dwelling_type_population,hdb_1_and_2_room_flats,78190
1/1/2015,NORTH-EAST REGION,,industry,transport_communications,0
1/1/2020,NORTH REGION,,mode_of_transport_school,mrt_lrt_and_bus,30053
1/1/2000,CENTRAL REGION,,industry,hotels_restaurants,31092
1/1/2000,NORTH REGION,,mode_of_transport_work,motorcycle_scooter,10815
1/1/2020,WEST REGION,,mode_of_transport_school,other_combi_mrt_or_bus,0
1/1/2010,WEST REGION,,language_literate,l1_tam,2365
1/1/2015,CENTRAL REGION,,mode_of_transport_school,mrt_other,0
1/1/2000,NORTH-EAST REGION,female,age_group,age_5_9,20880
1/1/2010,EAST REGION,,language_literate,l2_eng_tam,11008
1/1/2000,CENTRAL REGION,,industry,other_comm_social_personal,0
1/1/2010,NORTH-EAST REGION,,mode_of_transport_school,other_combi_mrt_lrt_or_bus,0
1/1/2000,NORTH-EAST REGION,,mode_of_transport_school,mrt_lrt_and_bus,0
1/1/2020,CENTRAL REGION,,dwelling_type_population,total_hdb,611320
1/1/2000,WEST REGION,,household_income,sgd_7000_to_7999,12284
1/1/2015,CENTRAL REGION,male,marital_status,divorced,12200
1/1/2000,CENTRAL REGION,,religion,sikhism,3655
1/1/2015,NORTH REGION,female,marital_status,single,63800
1/1/2015,CENTRAL REGION,,mode_of_transport_work,car,111500
1/1/2020,NORTH-EAST REGION,,language_spoken_at_home,english,51814
1/1/2000,NORTH REGION,male,age_group,age_10_14,16670
1/1/2000,WEST REGION,,income_from_work,sgd_1000_to_1999,0
1/1/2020,NORTH REGION,,household_income,sgd_11000_to_11999,7676
1/1/2020,EAST REGION,,industry,transportation_storage,44319
1/1/2010,WEST REGION,female,marital_status,single,108274
1/1/2015,NORTH-EAST REGION,,mode_of_transport_work,mrt,59500
1/1/2015,CENTRAL REGION,,language_literate,l2_other_two,2200
1/1/2015,EAST REGION,,dwelling_type_household,total_hdb,160900
1/1/2010,NORTH-EAST REGION,,household_income,sgd_10000_over,57926
1/1/2020,WEST REGION,,religion,catholic_christian,40063
1/1/2015,EAST REGION,,household_structure,ofn_3_more_gen,14100
1/1/2020,NORTH-EAST REGION,,income_from_work,sgd_12000_14999,24473
1/1/2015,NORTH-EAST REGION,male,age_group,age_50_54,31280
1/1/2015,NORTH-EAST REGION,,education_attending,primary,60800
1/1/2010,EAST REGION,male,age_group,age_20_24,25010
1/1/2000,WEST REGION,,dwelling_type_household,landed_properties,1436
1/1/2020,CENTRAL REGION,,language_spoken_at_home,english,71659
1/1/2000,EAST REGION,female,economic_status,,
1/1/2010,CENTRAL REGION,male,marital_status,widowed,8279
1/1/2015,CENTRAL REGION,,household_income,sgd_17500_to_19999,11200
1/1/2000,CENTRAL REGION,,mode_of_transport_work,,
1/1/2010,NORTH-EAST REGION,male,age_group,age_75_79,5250
1/1/2010,WEST REGION,,language_spoken_at_home,oth_ind_lang_oth_lang,0
1/1/2010,CENTRAL REGION,,household_income,sgd_12000_to_12999,
1/1/2020,EAST REGION,,language_spoken_at_home,eng_oth_ind_lang,10157
1/1/2010,CENTRAL REGION,female,ethnic_distribution,others,20193
1/1/2015,EAST REGION,,religion,hinduism,23100
1/1/2020,WEST REGION,,mode_of_transport_work,bus,74419
1/1/2020,NORTH-EAST REGION,,education_attending,university,21336
1/1/2015,WEST REGION,male,age_group,age_85_over,2180
1/1/2020,CENTRAL REGION,,income_from_work,sgd_1000_to_1499,0
1/1/2015,NORTH-EAST REGION,male,age_group,age_80_84,4090
1/1/2020,EAST REGION,female,age_group,age_65_69,21260
1/1/2010,NORTH REGION,,household_size,person_more_8,3100
1/1/2015,EAST REGION,,income_from_work,sgd_12000_14999,0
1/1/2015,NORTH REGION,male,age_group,age_50_54,22670
1/1/2020,WEST REGION,male,economic_status,employed,281663
1/1/2020,NORTH-EAST REGION,,religion,catholic_christian,64020
1/1/2010,NORTH-EAST REGION,,language_spoken_at_home,chinese_dialects,107461
1/1/2000,EAST REGION,,income_from_work,below_sgd_1000,24556
1/1/2015,NORTH-EAST REGION,,language_spoken_at_home,mand_oth_lang,0
1/1/2015,EAST REGION,,mode_of_transport_work,mrt_lrt_and_bus,0
1/1/2010,NORTH REGION,,household_income,sgd_6000_to_6999,11388
1/1/2010,EAST REGION,,education_attending,post_secondary,11692
1/1/2015,NORTH-EAST REGION,,household_income,sgd_5000_to_5999,15200
1/1/2015,NORTH REGION,,income_from_work,sgd_6000_over,
1/1/2020,NORTH-EAST REGION,,industry,health_social_services,33833
1/1/2000,NORTH-EAST REGION,,household_size,person3,29407
1/1/2015,CENTRAL REGION,,household_income,sgd_20000_over,50500
1/1/2000,WEST REGION,female,age_group,age_85_over,1660
1/1/2010,EAST REGION,,mode_of_transport_school,mrt_bus,22608
1/1/2020,CENTRAL REGION,,religion,no_religion,180309
1/1/2015,NORTH-EAST REGION,,language_spoken_at_home,eng_mand,0
1/1/2020,EAST REGION,male,economic_status,unemployed,11787
1/1/2020,NORTH-EAST REGION,,tenancy,others,2689
1/1/2020,NORTH-EAST REGION,,household_income,no_working_person,34428
1/1/2000,NORTH REGION,female,age_group,age_50_54,9450
1/1/2020,WEST REGION,male,marital_status,widowed,7297
1/1/2020,NORTH-EAST REGION,,income_from_work,sgd_9000_to_9999,19015
1/1/2010,WEST REGION,,language_spoken_at_home,english,217761
1/1/2010,NORTH REGION,,dwelling_type_population,condominiums_and_other_apartments,16900
1/1/2020,EAST REGION,,industry,health_social_services,22794
1/1/2000,EAST REGION,male,marital_status,married,150078
1/1/2010,WEST REGION,,income_from_work,sgd_6000_over,
1/1/2015,NORTH REGION,,language_spoken_at_home,english,134200
1/1/2015,NORTH-EAST REGION,,mode_of_transport_school,other_combi_mrt_or_bus,10600
1/1/2000,NORTH-EAST REGION,,language_literate,l3_eng_chi_mal,3441
1/1/2000,NORTH-EAST REGION,,mode_of_transport_school,lorry_pickup,142
1/1/2020,NORTH REGION,,household_income,total,187295
1/1/2020,EAST REGION,,household_size,person6,13241
1/1/2000,NORTH-EAST REGION,,dwelling_type_population,total,569150
1/1/2015,EAST REGION,,dwelling_type_population,total,693440
1/1/2000,CENTRAL REGION,,industry,,
1/1/2015,WEST REGION,male,age_group,age_30_34,32430
1/1/2020,NORTH REGION,,industry,others,3375
1/1/2015,EAST REGION,,mode_of_transport_work,others,6100
1/1/2020,NORTH-EAST REGION,,mode_of_transport_school,pvt_chartered_bus_van,8618
1/1/2010,WEST REGION,,mode_of_transport_work,mrt,47272
1/1/2015,WEST REGION,,industry,others,7700
1/1/2020,EAST REGION,,education_attending,prof_qualification_diploma,1730
1/1/2000,NORTH-EAST REGION,,industry,financial_insurance_services,15399
1/1/2010,CENTRAL REGION,,language_spoken_at_home,chn_dlt_eng,0
1/1/2010,NORTH-EAST REGION,,household_structure,three_more_fam_nucleus,613
1/1/2010,CENTRAL REGION,male,age_group,age_30_34,33940
1/1/2000,CENTRAL REGION,,dwelling_type_population,hdb_3_room_flats,280270
1/1/2020,CENTRAL REGION,,household_income,sgd_10000_to_10999,10651
1/1/2000,WEST REGION,,mode_of_transport_work,taxi_pvt_hire_car_only,0
1/1/2000,EAST REGION,,income_from_work,,
1/1/2000,CENTRAL REGION,,education_attending,pre_primary,14470
1/1/2020,WEST REGION,,income_from_work,sgd_8000_over,0
1/1/2015,WEST REGION,,language_spoken_at_home,chn_dlt_eng,0
1/1/2010,EAST REGION,female,marital_status,divorced,11090
1/1/2000,WEST REGION,male,age_group,age_40_44,36140
1/1/2020,NORTH REGION,,mode_of_transport_work,lorry_pickup,5543
1/1/2020,CENTRAL REGION,female,marital_status,single,125163
1/1/2010,NORTH-EAST REGION,,religion,hinduism,31651
1/1/2020,NORTH REGION,,mode_of_transport_work,car,49838
1/1/2000,CENTRAL REGION,,income_from_work,sgd_8000_to_8999,
1/1/2015,EAST REGION,,education_attending,secondary,38400
1/1/2020,CENTRAL REGION,female,age_group,age_75_79,16780
1/1/2020,NORTH REGION,male,marital_status,divorced,8451
1/1/2010,EAST REGION,,language_literate,l3_other_three,18326
1/1/2015,WEST REGION,,household_income,sgd_3000_to_3999,16100
1/1/2015,WEST REGION,,income_from_work,sgd_5000_to_5999,42700
1/1/2015,NORTH-EAST REGION,,income_from_work,total,474900
1/1/2000,NORTH-EAST REGION,male,age_group,age_55_59,11140
1/1/2010,CENTRAL REGION,,religion,catholic_christian,65903
1/1/2015,EAST REGION,,education_attending,primary,44300
1/1/2010,CENTRAL REGION,male,age_group,age_15_19,26910
1/1/2010,CENTRAL REGION,female,age_group,age_80_84,9320
1/1/2015,NORTH-EAST REGION,female,age_group,age_0_4,22720
1/1/2020,NORTH REGION,,language_spoken_at_home,tml_eng,13857
1/1/2010,CENTRAL REGION,,education_attending,university,17431
1/1/2000,WEST REGION,,mode_of_transport_work,taxi,3251
1/1/2015,NORTH REGION,male,age_group,age_5_9,15290
1/1/2000,NORTH-EAST REGION,male,age_group,age_50_54,18840
1/1/2000,NORTH-EAST REGION,,dwelling_type_household,landed_properties,14949
1/1/2000,NORTH REGION,,mode_of_transport_school,pvt_chartered_bus_van,0
1/1/2015,NORTH REGION,,dwelling_type_household,,
1/1/2000,EAST REGION,,dwelling_type_population,hdb_4_room_flats,227040
1/1/2000,WEST REGION,female,age_group,age_5_9,29980
1/1/2010,WEST REGION,male,age_group,age_25_29,33890
1/1/2020,NORTH-EAST REGION,,education_attending,post_secondary,11829
1/1/2015,WEST REGION,,household_income,sgd_8000_over,
1/1/2000,EAST REGION,,household_income,sgd_15000_to_17499,
1/1/2015,NORTH-EAST REGION,,household_income,sgd_6000_to_6999,14900
1/1/2020,NORTH-EAST REGION,female,economic_status,unemployed,14948
1/1/2020,NORTH-EAST REGION,male,marital_status,widowed,6714
1/1/2020,CENTRAL REGION,,religion,sikhism,3140
1/1/2010,CENTRAL REGION,,household_income,sgd_13000_to_13999,
1/1/2010,WEST REGION,female,age_group,age_20_24,30690
1/1/2010,NORTH REGION,,mode_of_transport_work,bus,32475
1/1/2020,NORTH-EAST REGION,,language_spoken_at_home,oth_ind_lang_eng,3762
1/1/2020,WEST REGION,,household_size,person_more_8,3775
1/1/2000,WEST REGION,male,economic_status,,
1/1/2010,NORTH-EAST REGION,,industry,financial_insurance_services,28126
1/1/2015,WEST REGION,,household_income,sgd_12000_to_12999,10300
1/1/2020,NORTH REGION,,dwelling_type_household,hdb_1_and_2_room_flats,12934
1/1/2015,WEST REGION,female,ethnic_distribution,others,12700
1/1/2000,CENTRAL REGION,,language_spoken_at_home,eng_mand,0
1/1/2020,CENTRAL REGION,,dwelling_type_population,condominiums_and_other_apartments,214100
1/1/2000,NORTH REGION,female,marital_status,divorced,4910
1/1/2000,CENTRAL REGION,male,marital_status,single,126695
1/1/2010,WEST REGION,,household_income,sgd_17500_to_19999,
1/1/2000,NORTH REGION,male,age_group,age_20_24,12020
1/1/2015,CENTRAL REGION,,household_size,person3,61600
1/1/2015,CENTRAL REGION,,language_spoken_at_home,other_indian_languages,8700
1/1/2020,CENTRAL REGION,male,age_group,age_70_74,22710
1/1/2010,CENTRAL REGION,female,economic_status,employed,202647
1/1/2000,WEST REGION,female,age_group,age_45_49,29050
1/1/2015,NORTH REGION,,language_spoken_at_home,mand_chn_dlt,0
1/1/2020,WEST REGION,,tenancy,others,2390
1/1/2000,NORTH REGION,,household_size,person7,2944
1/1/2000,CENTRAL REGION,,dwelling_type_population,hdb_5_room_and_executive_flats,126330
1/1/2015,NORTH REGION,,tenancy,others,500
1/1/2000,NORTH-EAST REGION,,household_size,person4,41319
1/1/2020,NORTH-EAST REGION,,income_from_work,sgd_7000_to_7999,29022
1/1/2010,WEST REGION,female,marital_status,married,223414
1/1/2010,WEST REGION,,household_income,below_sgd_1000,7038
1/1/2020,CENTRAL REGION,,language_literate,l3_eng_chi_mal,25287
1/1/2010,NORTH-EAST REGION,,household_structure,tfn_1to2_gen,3858
1/1/2010,WEST REGION,,industry,information_communications,16092
1/1/2000,WEST REGION,,industry,arts_entertainment_recreation,0
1/1/2010,NORTH-EAST REGION,male,age_group,total,367140
1/1/2000,EAST REGION,male,ethnic_distribution,chinese,209538
1/1/2010,CENTRAL REGION,,language_literate,l2_eng_chi,325208
1/1/2015,NORTH REGION,,industry,other_services_industries,0
1/1/2000,WEST REGION,,dwelling_type_household,hdb_1_and_2_room_flats,1778
1/1/2015,WEST REGION,female,age_group,age_60_64,27410
1/1/2020,WEST REGION,,dwelling_type_household,total_hdb,257160
1/1/2010,NORTH REGION,,language_spoken_at_home,eng_tml,0
1/1/2015,EAST REGION,,mode_of_transport_work,mrt_bus,92600
1/1/2010,EAST REGION,,language_spoken_at_home,eng_oth_lang,0
1/1/2000,CENTRAL REGION,,household_income,sgd_11000_to_11999,
1/1/2020,NORTH REGION,,income_from_work,sgd_15000_over,8980
1/1/2020,NORTH-EAST REGION,,dwelling_type_household,hdb_1_and_2_room_flats,17112
1/1/2020,WEST REGION,,household_structure,ofn_3_more_gen,16327
1/1/2010,NORTH-EAST REGION,,industry,transportation_storage,34745
1/1/2010,EAST REGION,,household_income,no_working_person,18162
1/1/2000,NORTH REGION,,household_income,total,110196
1/1/2010,EAST REGION,,religion,hinduism,22083
1/1/2015,CENTRAL REGION,,language_spoken_at_home,eng_mly,0
1/1/2010,WEST REGION,,language_literate,l3_eng_mal_tam,4214
1/1/2010,CENTRAL REGION,,dwelling_type_population,hdb_5_room_and_executive_flats,145500
1/1/2020,EAST REGION,,dwelling_type_household,hdb_3_room_flats,37572
1/1/2020,NORTH REGION,,income_from_work,sgd_11000_to_11999,6010
1/1/2020,NORTH-EAST REGION,,household_income,sgd_14000_to_14999,8858
1/1/2020,NORTH REGION,,mode_of_transport_work,other_combi_mrt_or_bus,0
1/1/2000,WEST REGION,,mode_of_transport_school,motorcycle_scooter,488
1/1/2000,NORTH-EAST REGION,,dwelling_type_population,landed_properties,71750
1/1/2000,WEST REGION,,household_structure,tfn_3_more_gen,8169
1/1/2020,WEST REGION,,mode_of_transport_work,mrt_lrt_and_bus,140294
1/1/2015,NORTH REGION,,industry,financial_insurance_services,16500
1/1/2000,EAST REGION,,mode_of_transport_work,mrt_other,0
1/1/2010,WEST REGION,,language_spoken_at_home,eng_mand,0
1/1/2015,CENTRAL REGION,,dwelling_type_population,hdb_3_room_flats,204480
1/1/2000,NORTH-EAST REGION,,dwelling_type_household,hdb_4_room_flats,52540
1/1/2015,CENTRAL REGION,,education_attending,pre_primary,11900
1/1/2010,WEST REGION,male,marital_status,single,124591
1/1/2020,CENTRAL REGION,,language_spoken_at_home,mandarin,42320
1/1/2020,WEST REGION,,mode_of_transport_school,pvt_chartered_bus,0
1/1/2015,EAST REGION,,religion,no_religion,95900
1/1/2000,WEST REGION,,language_spoken_at_home,chn_dlt_eng,0
1/1/2015,NORTH-EAST REGION,,dwelling_type_household,,
1/1/2020,EAST REGION,,mode_of_transport_work,mrt_car,0
1/1/2020,EAST REGION,male,age_group,age_60_64,26340
1/1/2015,EAST REGION,,tenancy,owner,197400
1/1/2015,WEST REGION,,income_from_work,total,503600
1/1/2015,WEST REGION,,industry,accommodation_food_services,26900
1/1/2010,NORTH REGION,,mode_of_transport_work,other_combi_mrt_lrt_or_bus,0
1/1/2000,WEST REGION,,language_literate,no_literate,37873
1/1/2000,EAST REGION,,language_literate,l2_eng_non_off,2566
1/1/2020,WEST REGION,,language_spoken_at_home,oth_ind_lang_eng,4481
1/1/2000,NORTH-EAST REGION,male,ethnic_distribution,,
1/1/2015,NORTH REGION,female,age_group,age_55_59,18620
1/1/2020,NORTH REGION,,income_from_work,sgd_1000_to_1999,44651
1/1/2000,NORTH REGION,female,age_group,age_70_74,2720
1/1/2020,NORTH REGION,,household_income,sgd_7000_to_7999,11174
1/1/2000,CENTRAL REGION,,income_from_work,sgd_5000_to_5999,21007
1/1/2015,WEST REGION,,income_from_work,sgd_8000_to_8999,20200
1/1/2010,NORTH REGION,,language_spoken_at_home,mly_oth_lang,0
1/1/2000,CENTRAL REGION,,household_income,sgd_3000_to_3999,27383
1/1/2015,NORTH REGION,,mode_of_transport_school,mrt_car,0
1/1/2020,NORTH-EAST REGION,female,age_group,age_85_over,7680
1/1/2020,NORTH REGION,female,ethnic_distribution,chinese,193390
1/1/2000,CENTRAL REGION,,language_literate,l2_eng_non_off,5293
1/1/2020,CENTRAL REGION,male,age_group,age_60_64,33260
1/1/2015,CENTRAL REGION,,tenancy,owner,256300
1/1/2000,NORTH REGION,,industry,accommodation_food_services,0
1/1/2015,WEST REGION,,language_literate,l1_tam,2700
1/1/2015,NORTH REGION,,language_literate,no_literate,11200
1/1/2000,WEST REGION,female,age_group,age_55_59,11640
1/1/2000,WEST REGION,,mode_of_transport_school,car,9242
1/1/2010,NORTH-EAST REGION,,mode_of_transport_work,other_combi_mrt_or_bus,0
1/1/2020,CENTRAL REGION,,mode_of_transport_work,mrt_car,0
1/1/2010,NORTH REGION,,language_spoken_at_home,oth_lang_oth_non_eng_lang,0
1/1/2015,CENTRAL REGION,,household_structure,ofn_2_gen,155000
1/1/2010,WEST REGION,male,age_group,age_0_4,24380
1/1/2000,NORTH-EAST REGION,,language_literate,l3_eng_mal_tam,1567
1/1/2010,NORTH-EAST REGION,,income_from_work,sgd_3000_to_3999,54684
1/1/2010,NORTH REGION,male,age_group,age_55_59,14650
1/1/2010,NORTH REGION,,industry,manufacturing,44371
1/1/2020,EAST REGION,,industry,information_communications,20087
1/1/2015,NORTH REGION,,dwelling_type_household,hdb_4_room_flats,69000
1/1/2000,WEST REGION,,mode_of_transport_school,mrt,4590
1/1/2020,NORTH REGION,,income_from_work,below_sgd_1000,22175
1/1/2010,NORTH-EAST REGION,female,age_group,age_75_79,7170
1/1/2000,WEST REGION,,mode_of_transport_school,no_transport_required,60785
1/1/2000,NORTH REGION,,household_size,,
1/1/2015,EAST REGION,,industry,admin_support_services,19600
1/1/2015,WEST REGION,,religion,taoism,87900
1/1/2010,NORTH REGION,male,age_group,age_10_14,19850
1/1/2015,EAST REGION,,language_spoken_at_home,chn_dlt_oth_lang,0
1/1/2020,NORTH REGION,female,marital_status,married,145072
1/1/2015,NORTH-EAST REGION,female,age_group,age_75_79,9020
1/1/2020,NORTH REGION,,household_income,below_sgd_1000,3430
1/1/2000,EAST REGION,,language_spoken_at_home,other_indian_languages,3051
1/1/2020,NORTH REGION,,religion,taoism,41081
1/1/2010,NORTH REGION,,household_structure,,
1/1/2015,NORTH REGION,,industry,transport_communications,0
1/1/2020,NORTH REGION,,mode_of_transport_school,other_combi_mrt_lrt_or_bus,1526
1/1/2020,NORTH-EAST REGION,,language_spoken_at_home,malay,11646
1/1/2020,NORTH REGION,,mode_of_transport_school,mrt_bus,0
1/1/2000,CENTRAL REGION,,mode_of_transport_work,no_transport_required,32576
1/1/2000,EAST REGION,,language_literate,l1_mal,16052
1/1/2000,CENTRAL REGION,,household_income,sgd_17500_to_19999,
1/1/2010,NORTH-EAST REGION,,industry,admin_support_services,17446
1/1/2000,CENTRAL REGION,,mode_of_transport_work,mrt,27498
1/1/2000,WEST REGION,,religion,other_christians,48045
1/1/2015,WEST REGION,,religion,other_religions,1300
1/1/2015,WEST REGION,,industry,health_social_services,22600
1/1/2010,CENTRAL REGION,,education_attending,primary,55509
1/1/2000,NORTH REGION,,industry,real_estate_services,0
1/1/2020,NORTH REGION,,income_from_work,sgd_7000_to_7999,16704
1/1/2010,WEST REGION,,language_literate,,
1/1/2000,WEST REGION,,dwelling_type_household,hdb_5_room_and_executive_flats,62375
1/1/2020,NORTH REGION,,household_income,sgd_1000_to_1999,9763
1/1/2000,CENTRAL REGION,,household_income,sgd_5000_to_5999,18203
1/1/2000,NORTH REGION,female,age_group,age_35_39,21320
1/1/2020,NORTH REGION,,language_spoken_at_home,chinese_dialects,9409
1/1/2000,NORTH REGION,,religion,other_religions,541
1/1/2015,WEST REGION,,household_income,sgd_8000_to_8999,16200
1/1/2000,CENTRAL REGION,,industry,public_admin_education,0
1/1/2000,CENTRAL REGION,female,ethnic_distribution,indian,25175
1/1/2000,WEST REGION,male,age_group,,
1/1/2015,NORTH REGION,,religion,other_christians,40400
1/1/2015,NORTH-EAST REGION,,household_size,person5,35500
1/1/2000,CENTRAL REGION,,income_from_work,sgd_3000_to_3999,57390
1/1/2000,WEST REGION,,education_attending,post_secondary,10619
1/1/2010,WEST REGION,,income_from_work,sgd_12000_over,
1/1/2010,NORTH-EAST REGION,,mode_of_transport_work,others,24777
1/1/2020,CENTRAL REGION,female,age_group,age_5_9,21000
1/1/2020,NORTH REGION,,language_spoken_at_home,mand_eng,91669
1/1/2015,NORTH REGION,female,age_group,age_45_49,21810
1/1/2000,NORTH REGION,,mode_of_transport_school,bus,19932
1/1/2000,EAST REGION,,dwelling_type_population,hdb_5_room_and_executive_flats,199500
1/1/2020,EAST REGION,male,age_group,age_70_74,14600
1/1/2010,NORTH REGION,,industry,business_services,0
1/1/2000,NORTH REGION,female,age_group,age_0_4,17450
1/1/2000,NORTH-EAST REGION,female,age_group,age_75_79,3800
1/1/2010,EAST REGION,female,economic_status,employed,148481
1/1/2010,WEST REGION,,mode_of_transport_school,no_transport_required,57950
1/1/2000,WEST REGION,,language_spoken_at_home,mand_chn_dlt,0
1/1/2000,WEST REGION,,household_income,sgd_10000_over,
1/1/2015,EAST REGION,,language_spoken_at_home,other_indian_languages,5700
1/1/2010,NORTH-EAST REGION,,language_literate,l3_eng_mal_tam,3142
1/1/2000,WEST REGION,,language_spoken_at_home,eng_mly,0
1/1/2020,NORTH REGION,,mode_of_transport_work,pvt_chartered_bus,0
1/1/2020,WEST REGION,,education_attending,primary,56484
1/1/2010,EAST REGION,,language_spoken_at_home,chn_dlt_mand,0
1/1/2000,WEST REGION,,language_spoken_at_home,tml_oth_lang,0
1/1/2015,NORTH REGION,male,age_group,total,265230
1/1/2010,EAST REGION,male,age_group,age_45_49,31310
1/1/2010,NORTH-EAST REGION,,tenancy,,
1/1/2010,EAST REGION,,household_size,person1,21282
1/1/2010,EAST REGION,,language_spoken_at_home,tml_eng,0
1/1/2015,NORTH REGION,,industry,construction,20600
1/1/2015,CENTRAL REGION,,household_income,sgd_1000_to_1999,22600
1/1/2015,CENTRAL REGION,,income_from_work,sgd_7000_to_7999,21300
1/1/2015,WEST REGION,female,economic_status,unemployed,10500
1/1/2010,WEST REGION,male,age_group,total,447590
1/1/2000,WEST REGION,female,age_group,age_65_69,7720
1/1/2015,NORTH-EAST REGION,,mode_of_transport_work,mrt_lrt_only,0
1/1/2020,CENTRAL REGION,male,age_group,age_50_54,33360
1/1/2000,NORTH REGION,,dwelling_type_household,condominiums_and_other_apartments,438
1/1/2000,NORTH REGION,,income_from_work,total,181776
1/1/2010,EAST REGION,male,age_group,age_40_44,26760
1/1/2000,NORTH-EAST REGION,,mode_of_transport_school,taxi_pvt_hire_car_only,0
1/1/2000,CENTRAL REGION,,income_from_work,sgd_11000_to_11999,
1/1/2010,NORTH-EAST REGION,,household_size,person1,22084
1/1/2015,WEST REGION,,dwelling_type_household,hdb_3_room_flats,44100
1/1/2000,WEST REGION,,language_literate,l3_other_three,2917
1/1/2015,WEST REGION,female,age_group,age_25_29,33150
1/1/2020,NORTH-EAST REGION,,household_income,sgd_11000_to_11999,11820
1/1/2015,NORTH-EAST REGION,,household_structure,tfn_1to2_gen,
1/1/2010,CENTRAL REGION,,mode_of_transport_work,mrt_bus,72566
1/1/2010,WEST REGION,,income_from_work,below_sgd_1000,49436
1/1/2020,NORTH REGION,male,age_group,age_0_4,15190
1/1/2010,NORTH REGION,male,marital_status,,
1/1/2015,EAST REGION,,income_from_work,sgd_2500_to_2999,24200
1/1/2010,EAST REGION,,industry,accommodation_food_services,19889
1/1/2020,EAST REGION,,industry,professional_services,29614
1/1/2010,EAST REGION,,mode_of_transport_school,bus,44678
1/1/2000,NORTH REGION,female,economic_status,employed,70267
1/1/2000,EAST REGION,,industry,business_services,35591
1/1/2010,NORTH-EAST REGION,,household_income,sgd_10000_to_10999,
1/1/2010,EAST REGION,female,age_group,age_0_4,15830
1/1/2020,CENTRAL REGION,,language_literate,l1_chi,100231
1/1/2015,CENTRAL REGION,,mode_of_transport_school,car,23100
1/1/2010,WEST REGION,,industry,hotels_restaurants,0
1/1/2020,CENTRAL REGION,female,age_group,age_85_over,13970
1/1/2010,EAST REGION,,income_from_work,sgd_1500_to_1999,29971
1/1/2020,NORTH-EAST REGION,,mode_of_transport_school,others,1397
1/1/2010,NORTH-EAST REGION,,mode_of_transport_work,taxi_pvt_hire_car_only,0
1/1/2010,NORTH REGION,female,age_group,total,252450
1/1/2015,NORTH REGION,male,economic_status,unemployed,5800
1/1/2000,CENTRAL REGION,,language_literate,l1_tam,7205
1/1/2000,NORTH REGION,male,age_group,age_65_69,3380
1/1/2015,EAST REGION,,religion,taoism,48700
1/1/2000,NORTH-EAST REGION,,religion,islam,38013
1/1/2015,WEST REGION,,language_spoken_at_home,chn_dlt_oth_lang,0
1/1/2020,NORTH-EAST REGION,,dwelling_type_population,hdb_5_room_and_executive_flats,248870
1/1/2000,NORTH REGION,,dwelling_type_household,others,168
1/1/2000,WEST REGION,,language_spoken_at_home,other_indian_languages,5146
1/1/2010,CENTRAL REGION,,dwelling_type_household,,
1/1/2010,NORTH-EAST REGION,male,ethnic_distribution,malays,29692
1/1/2015,NORTH-EAST REGION,,dwelling_type_household,hdb_5_room_and_executive_flats,68100
1/1/2015,CENTRAL REGION,male,age_group,age_35_39,33960
1/1/2000,WEST REGION,,language_literate,l1_non_off,609
1/1/2000,NORTH-EAST REGION,female,age_group,age_55_59,11370
1/1/2010,WEST REGION,,language_spoken_at_home,mand_eng,0
1/1/2010,EAST REGION,,household_size,person5,32317
1/1/2015,NORTH REGION,male,ethnic_distribution,indian,28700
1/1/2020,EAST REGION,,mode_of_transport_school,lorry_pickup,84
1/1/2020,NORTH REGION,,income_from_work,sgd_12000_over,0
1/1/2000,NORTH-EAST REGION,,mode_of_transport_work,mrt_other,0
1/1/2010,WEST REGION,,tenancy,tenant,20487
1/1/2020,EAST REGION,,language_spoken_at_home,oth_lang_eng,2811
1/1/2015,EAST REGION,,dwelling_type_household,hdb_5_room_and_executive_flats,55500
1/1/2020,EAST REGION,,mode_of_transport_school,car,17171
1/1/2015,WEST REGION,,household_size,person7,
1/1/2010,CENTRAL REGION,male,age_group,age_50_54,37750
1/1/2000,CENTRAL REGION,,industry,transportation_storage,0
1/1/2015,CENTRAL REGION,,language_literate,l3_eng_mal_tam,
1/1/2000,WEST REGION,female,age_group,age_75_79,3430
1/1/2010,WEST REGION,,industry,admin_support_services,22715
1/1/2000,WEST REGION,,mode_of_transport_school,others,9108
1/1/2020,NORTH REGION,,education_attending,secondary,27472
1/1/2015,EAST REGION,male,age_group,age_0_4,14840
1/1/2020,CENTRAL REGION,male,age_group,age_40_44,32920
1/1/2010,NORTH-EAST REGION,,mode_of_transport_work,bus,74414
1/1/2020,CENTRAL REGION,,language_spoken_at_home,eng_tml,15755
1/1/2000,NORTH REGION,female,marital_status,,
1/1/2000,NORTH REGION,,income_from_work,sgd_9000_to_9999,
1/1/2000,WEST REGION,,religion,buddhism,245604
1/1/2020,NORTH-EAST REGION,,language_literate,l1_tam,2020
1/1/2010,CENTRAL REGION,,income_from_work,sgd_15000_over,0
1/1/2015,EAST REGION,,mode_of_transport_work,lorry_pickup,5400
1/1/2010,NORTH-EAST REGION,,language_spoken_at_home,mandarin,264245
1/1/2000,NORTH-EAST REGION,female,age_group,age_10_14,20480
1/1/2015,CENTRAL REGION,,industry,other_comm_social_personal,14400
1/1/2020,WEST REGION,,mode_of_transport_work,pvt_chartered_bus_van,16438
1/1/2000,EAST REGION,,mode_of_transport_school,other_combi_mrt_lrt_or_bus,0
1/1/2010,WEST REGION,,dwelling_type_population,total,894980
1/1/2020,WEST REGION,,household_income,sgd_15000_to_17499,17798
1/1/2015,EAST REGION,,mode_of_transport_work,mrt,34300
1/1/2010,WEST REGION,,mode_of_transport_work,others,31853
1/1/2015,CENTRAL REGION,,language_literate,l1_mal,6400
1/1/2020,WEST REGION,,dwelling_type_population,hdb_4_room_flats,342480
1/1/2015,EAST REGION,,mode_of_transport_work,car,87300
1/1/2000,NORTH-EAST REGION,,income_from_work,sgd_12000_over,
1/1/2000,EAST REGION,,religion,sikhism,1627
1/1/2000,NORTH-EAST REGION,,education_attending,pre_primary,12101
1/1/2015,WEST REGION,,income_from_work,sgd_2000_to_2499,37800
1/1/2015,WEST REGION,male,age_group,age_10_14,27310
1/1/2015,EAST REGION,male,marital_status,divorced,7600
1/1/2015,WEST REGION,,religion,hinduism,41100
1/1/2015,NORTH-EAST REGION,,household_income,sgd_13000_to_13999,8500
1/1/2020,EAST REGION,,mode_of_transport_work,bus,63038
1/1/2020,NORTH REGION,,dwelling_type_population,hdb_1_and_2_room_flats,26460
1/1/2020,WEST REGION,female,age_group,age_65_69,26220
1/1/2000,NORTH-EAST REGION,,household_size,person1,11986
1/1/2015,EAST REGION,male,age_group,age_85_over,2310
1/1/2020,NORTH REGION,,religion,hinduism,29711
1/1/2020,CENTRAL REGION,,dwelling_type_household,condominiums_and_other_apartments,76638
1/1/2020,CENTRAL REGION,,household_income,sgd_9000_to_9999,10437
1/1/2015,WEST REGION,,income_from_work,sgd_12000_14999,0
1/1/2020,CENTRAL REGION,,language_spoken_at_home,mly_eng,23891
1/1/2000,CENTRAL REGION,male,age_group,age_50_54,32160
1/1/2020,CENTRAL REGION,,dwelling_type_population,total,922580
1/1/2015,WEST REGION,,language_spoken_at_home,oth_ind_lang_eng,0
1/1/2020,CENTRAL REGION,,mode_of_transport_work,others,5838
1/1/2000,EAST REGION,,mode_of_transport_work,mrt_lrt_only,0
1/1/2000,EAST REGION,,household_structure,three_more_fam_nucleus,352
1/1/2000,WEST REGION,,income_from_work,sgd_6000_over,32386
1/1/2010,EAST REGION,male,marital_status,married,168011
1/1/2000,CENTRAL REGION,,household_income,sgd_14000_to_14999,
1/1/2020,WEST REGION,,industry,accommodation_food_services,29685
1/1/2015,EAST REGION,male,age_group,age_60_64,22650
1/1/2020,NORTH REGION,female,age_group,age_55_59,22020
1/1/2010,NORTH-EAST REGION,female,age_group,age_80_84,4690
1/1/2000,WEST REGION,female,ethnic_distribution,chinese,244152
1/1/2010,WEST REGION,male,economic_status,inactive,88684
1/1/2000,NORTH REGION,,household_size,person2,18026
1/1/2010,NORTH REGION,male,ethnic_distribution,indian,27947
1/1/2015,CENTRAL REGION,,dwelling_type_household,hdb_1_and_2_room_flats,36000
1/1/2010,CENTRAL REGION,male,age_group,age_35_39,38350
1/1/2020,CENTRAL REGION,,industry,business_services,
1/1/2000,EAST REGION,,language_literate,l1_chi,95680
1/1/2015,CENTRAL REGION,,language_spoken_at_home,others,8400
1/1/2010,WEST REGION,,household_size,,
1/1/2000,CENTRAL REGION,,industry,professional_services,0
1/1/2000,NORTH-EAST REGION,male,age_group,age_10_14,21560
1/1/2010,WEST REGION,female,economic_status,,
1/1/2020,NORTH-EAST REGION,,household_size,person6,17167
1/1/2020,NORTH REGION,,industry,manufacturing,42296
1/1/2015,NORTH REGION,,language_spoken_at_home,oth_lang_eng,0
1/1/2015,NORTH REGION,,household_size,person4,38600
1/1/2015,NORTH REGION,,mode_of_transport_school,lorry_pickup,0
1/1/2020,EAST REGION,,household_income,sgd_20000_over,34654
1/1/2020,EAST REGION,male,ethnic_distribution,indian,30570
1/1/2020,CENTRAL REGION,,language_literate,l1_non_off,1676
1/1/2000,NORTH-EAST REGION,,income_from_work,sgd_1500_to_1999,37084
1/1/2020,NORTH-EAST REGION,,household_structure,three_more_fam_nucleus,605
1/1/2010,WEST REGION,,tenancy,owner,240331
1/1/2010,NORTH-EAST REGION,,mode_of_transport_school,taxi,417
1/1/2010,EAST REGION,,education_attending,prof_qualification_diploma,3167
1/1/2010,NORTH-EAST REGION,,education_attending,pre_primary,12894
1/1/2000,NORTH-EAST REGION,,dwelling_type_household,hdb_5_room_and_executive_flats,33562
1/1/2015,NORTH-EAST REGION,,mode_of_transport_school,mrt_bus,29500
1/1/2010,NORTH-EAST REGION,,mode_of_transport_school,pvt_chartered_bus_van,0
1/1/2010,WEST REGION,,industry,financial_insurance_services,23330
1/1/2020,NORTH REGION,,income_from_work,sgd_6000_to_6999,22151
1/1/2000,CENTRAL REGION,,household_income,sgd_4000_to_4999,21834
1/1/2000,CENTRAL REGION,,income_from_work,sgd_2000_to_2999,0
1/1/2020,CENTRAL REGION,,income_from_work,sgd_12000_14999,27342
1/1/2015,EAST REGION,,income_from_work,sgd_1000_to_1499,30700
1/1/2000,NORTH-EAST REGION,,religion,taoism,43210
1/1/2015,WEST REGION,,household_income,sgd_9000_to_9999,15000
1/1/2010,CENTRAL REGION,,mode_of_transport_work,mrt_other,4071
1/1/2015,WEST REGION,,language_spoken_at_home,mly_eng,0
1/1/2020,NORTH REGION,,education_attending,post_secondary,9028
1/1/2000,NORTH-EAST REGION,,religion,no_religion,63730
1/1/2020,WEST REGION,female,age_group,age_35_39,34780
1/1/2015,NORTH REGION,female,marital_status,widowed,15100
1/1/2010,WEST REGION,,dwelling_type_household,others,482
1/1/2000,WEST REGION,,language_spoken_at_home,chinese_dialects,138452
1/1/2010,WEST REGION,female,age_group,age_25_29,35670
1/1/2015,NORTH-EAST REGION,,dwelling_type_household,landed_properties,22500
1/1/2020,WEST REGION,,language_spoken_at_home,chn_dlt_oth_lang,2763
1/1/2015,NORTH REGION,,mode_of_transport_work,taxi,2700
1/1/2000,WEST REGION,male,age_group,age_5_9,32120
1/1/2015,NORTH-EAST REGION,,dwelling_type_population,hdb_3_room_flats,115470
1/1/2000,NORTH REGION,,education_attending,,
1/1/2020,NORTH-EAST REGION,,dwelling_type_population,total_hdb,732850
1/1/2010,NORTH REGION,,mode_of_transport_work,pvt_chartered_bus_van,0
1/1/2015,WEST REGION,female,age_group,age_40_44,37320
1/1/2020,EAST REGION,,language_literate,l2_eng_tam,11820
1/1/2010,CENTRAL REGION,,dwelling_type_population,total_hdb,676120
1/1/2010,NORTH REGION,,mode_of_transport_school,mrt_lrt_and_bus,0
1/1/2010,CENTRAL REGION,,income_from_work,sgd_8000_over,87403
1/1/2010,WEST REGION,,household_size,person6,19216
1/1/2000,WEST REGION,female,ethnic_distribution,malays,59041
1/1/2020,NORTH REGION,,mode_of_transport_school,pvt_chartered_bus_van,3847
1/1/2000,NORTH-EAST REGION,,education_attending,post_secondary,8492
1/1/2020,NORTH-EAST REGION,male,age_group,age_50_54,30670
1/1/2000,NORTH REGION,,industry,admin_support_services,0
1/1/2010,NORTH REGION,,mode_of_transport_school,others,4179
1/1/2000,CENTRAL REGION,,language_spoken_at_home,mand_oth_lang,0
1/1/2015,WEST REGION,male,economic_status,employed,279500
1/1/2000,NORTH-EAST REGION,female,economic_status,unemployed,7302
1/1/2010,WEST REGION,,income_from_work,sgd_9000_to_9999,
1/1/2000,NORTH-EAST REGION,female,marital_status,widowed,18607
1/1/2010,WEST REGION,female,economic_status,unemployed,9708
1/1/2010,NORTH-EAST REGION,,education_attending,,
1/1/2015,EAST REGION,female,age_group,age_10_14,18570
1/1/2020,NORTH-EAST REGION,,household_income,sgd_4000_to_4999,16230
1/1/2000,NORTH-EAST REGION,,language_literate,,
1/1/2015,NORTH-EAST REGION,,income_from_work,sgd_8000_to_8999,19400
1/1/2010,WEST REGION,,mode_of_transport_school,motorcycle_scooter,993
1/1/2020,NORTH REGION,male,age_group,age_25_29,22570
1/1/2000,NORTH-EAST REGION,,mode_of_transport_school,other_combi_mrt_lrt_or_bus,0
1/1/2015,WEST REGION,female,marital_status,divorced,15200
1/1/2015,EAST REGION,,religion,other_religions,1500
1/1/2000,NORTH REGION,,mode_of_transport_work,,
1/1/2000,WEST REGION,,language_literate,l1_mal,18997
1/1/2010,NORTH-EAST REGION,,language_literate,l1_eng,68681
1/1/2015,NORTH REGION,,household_income,sgd_17500_to_19999,5300
1/1/2015,NORTH-EAST REGION,female,age_group,age_10_14,21960
1/1/2010,NORTH REGION,,household_income,sgd_12000_to_12999,
1/1/2010,NORTH REGION,female,ethnic_distribution,others,7949
1/1/2010,NORTH REGION,male,marital_status,widowed,2555
1/1/2020,NORTH-EAST REGION,,religion,sikhism,2568
1/1/2020,NORTH REGION,,language_spoken_at_home,english,18963
1/1/2000,EAST REGION,,religion,other_christians,48170
1/1/2015,EAST REGION,,industry,health_social_services,16900
1/1/2015,NORTH-EAST REGION,female,ethnic_distribution,others,11340
1/1/2010,CENTRAL REGION,,household_size,person_more_8,4000
1/1/2020,EAST REGION,female,marital_status,widowed,26933
1/1/2015,CENTRAL REGION,male,age_group,age_50_54,36780
1/1/2020,NORTH REGION,,income_from_work,sgd_1000_to_1499,0
1/1/2020,WEST REGION,female,economic_status,unemployed,15575
1/1/2010,WEST REGION,,mode_of_transport_work,other_combi_mrt_or_bus,0
1/1/2015,EAST REGION,,income_from_work,sgd_6000_to_6999,24800
1/1/2000,EAST REGION,male,age_group,age_85_over,940
1/1/2015,WEST REGION,,mode_of_transport_work,pvt_chartered_bus,24200
1/1/2020,EAST REGION,,mode_of_transport_work,mrt_other,0
1/1/2000,EAST REGION,,mode_of_transport_school,other_combi_mrt_or_bus,0
1/1/2010,EAST REGION,female,economic_status,inactive,136171
1/1/2000,WEST REGION,,mode_of_transport_work,mrt_lrt_and_bus,0
1/1/2020,WEST REGION,,household_structure,tfn_3_more_gen,12332
1/1/2010,CENTRAL REGION,,household_income,sgd_6000_to_6999,15705
1/1/2000,NORTH-EAST REGION,,religion,buddhism,206016
1/1/2015,NORTH REGION,,mode_of_transport_work,car,48600
1/1/2000,NORTH REGION,,religion,sikhism,1145
1/1/2015,NORTH REGION,male,marital_status,divorced,5700
1/1/2020,WEST REGION,,household_income,sgd_3000_to_3999,16536
1/1/2010,WEST REGION,,language_spoken_at_home,chn_dlt_oth_lang,0
1/1/2020,WEST REGION,,income_from_work,sgd_5000_to_5999,47162
1/1/2020,NORTH-EAST REGION,,income_from_work,total,514248
1/1/2020,WEST REGION,female,age_group,age_25_29,34700
1/1/2015,CENTRAL REGION,female,marital_status,single,119100
1/1/2000,NORTH-EAST REGION,,industry,others,2034
1/1/2000,CENTRAL REGION,male,age_group,age_10_14,27210
1/1/2020,CENTRAL REGION,,household_income,sgd_11000_to_11999,9446
1/1/2000,WEST REGION,,household_structure,ofn_3_more_gen,13788
1/1/2010,EAST REGION,,income_from_work,sgd_2000_to_2499,32185
1/1/2020,NORTH-EAST REGION,,language_literate,l2_eng_tam,29269
1/1/2015,NORTH REGION,,language_literate,l2_other_two,2200
1/1/2010,WEST REGION,,mode_of_transport_work,car,108289
1/1/2010,WEST REGION,male,marital_status,divorced,7554
1/1/2000,WEST REGION,,dwelling_type_household,total_hdb,197654
1/1/2000,NORTH-EAST REGION,,household_structure,no_family_nucleus,17536
1/1/2020,CENTRAL REGION,,industry,others,3098
1/1/2010,EAST REGION,,education_attending,pre_primary,10187
1/1/2020,NORTH-EAST REGION,,industry,other_services_industries,
1/1/2000,EAST REGION,male,marital_status,widowed,3503
1/1/2000,EAST REGION,male,age_group,age_30_34,27280
1/1/2010,NORTH REGION,,language_spoken_at_home,chn_dlt_eng,0
1/1/2000,NORTH REGION,,industry,,
1/1/2010,EAST REGION,,dwelling_type_population,hdb_3_room_flats,103760
1/1/2000,EAST REGION,,language_spoken_at_home,chn_dlt_eng,0
1/1/2000,NORTH REGION,,dwelling_type_population,hdb_3_room_flats,55050
1/1/2010,EAST REGION,,language_spoken_at_home,eng_mand,0
1/1/2020,EAST REGION,,mode_of_transport_school,pvt_chartered_bus,0
1/1/2015,WEST REGION,,religion,no_religion,139700
1/1/2010,NORTH REGION,male,age_group,age_30_34,19700
1/1/2020,NORTH REGION,,household_income,sgd_10000_to_10999,8482
1/1/2000,NORTH REGION,,education_attending,pre_primary,11015
1/1/2010,EAST REGION,male,marital_status,single,101321
1/1/2010,NORTH REGION,,religion,catholic_christian,21911
1/1/2020,CENTRAL REGION,,mode_of_transport_work,lorry_pickup,3742
1/1/2000,WEST REGION,,education_attending,secondary,48623
1/1/2020,NORTH REGION,female,age_group,age_75_79,4900
1/1/2020,NORTH-EAST REGION,female,age_group,age_20_24,24460
1/1/2020,NORTH REGION,female,marital_status,single,73491
1/1/2015,EAST REGION,male,age_group,age_40_44,24680
1/1/2000,WEST REGION,,mode_of_transport_school,mrt_car,174
1/1/2020,CENTRAL REGION,,mode_of_transport_work,car,108021
1/1/2000,NORTH REGION,,income_from_work,sgd_8000_to_8999,
1/1/2020,CENTRAL REGION,male,marital_status,divorced,14888
1/1/2010,WEST REGION,,dwelling_type_household,hdb_3_room_flats,46819
1/1/2020,EAST REGION,,language_literate,l3_eng_mal_tam,1527
1/1/2010,NORTH REGION,female,age_group,age_55_59,13640
1/1/2010,NORTH REGION,,household_income,sgd_10000_over,27705
1/1/2020,NORTH-EAST REGION,male,age_group,age_35_39,38050
1/1/2010,WEST REGION,,mode_of_transport_school,bus,51853
1/1/2010,WEST REGION,female,age_group,age_0_4,23560
1/1/2015,WEST REGION,,income_from_work,sgd_2500_to_2999,35400
1/1/2010,WEST REGION,,industry,accommodation_food_services,24784
1/1/2020,WEST REGION,,industry,professional_services,38472
1/1/2000,WEST REGION,,industry,business_services,42546
1/1/2015,EAST REGION,male,economic_status,employed,212200
1/1/2015,NORTH REGION,,mode_of_transport_school,mrt,10300
1/1/2010,EAST REGION,female,economic_status,unemployed,6980
1/1/2010,EAST REGION,,household_size,person6,15725
1/1/2000,NORTH REGION,,mode_of_transport_work,other_combi_mrt_lrt_or_bus,0
1/1/2010,EAST REGION,,income_from_work,sgd_9000_to_9999,
1/1/2015,NORTH REGION,,language_spoken_at_home,mand_oth_lang,0
1/1/2000,EAST REGION,female,ethnic_distribution,malays,60839
1/1/2010,EAST REGION,,household_income,sgd_9000_to_9999,8890
1/1/2020,NORTH-EAST REGION,,household_income,sgd_8000_to_8999,15310
1/1/2010,WEST REGION,,income_from_work,sgd_1000_to_1499,39732
1/1/2000,WEST REGION,,industry,transport_communications,38146
1/1/2010,NORTH REGION,,household_income,sgd_13000_to_13999,
1/1/2015,EAST REGION,,dwelling_type_household,others,600
1/1/2010,EAST REGION,,language_spoken_at_home,mly_eng,0
1/1/2010,CENTRAL REGION,,mode_of_transport_work,bus,102107
1/1/2010,NORTH-EAST REGION,female,ethnic_distribution,,
1/1/2015,NORTH-EAST REGION,,income_from_work,sgd_4000_to_4999,48500
1/1/2000,NORTH REGION,male,marital_status,single,44676
1/1/2020,WEST REGION,female,age_group,age_15_19,26220
1/1/2020,NORTH REGION,,dwelling_type_population,condominiums_and_other_apartments,49230
1/1/2000,CENTRAL REGION,male,age_group,age_20_24,28760
1/1/2000,NORTH REGION,,language_spoken_at_home,eng_mand,0
1/1/2000,CENTRAL REGION,female,marital_status,divorced,12919
1/1/2015,NORTH REGION,,household_size,person3,31600
1/1/2020,WEST REGION,male,age_group,age_80_84,5170
1/1/2000,EAST REGION,,household_income,sgd_12000_to_12999,
1/1/2020,CENTRAL REGION,,dwelling_type_household,hdb_1_and_2_room_flats,36479
1/1/2020,NORTH-EAST REGION,,mode_of_transport_work,taxi,0
1/1/2000,EAST REGION,female,ethnic_distribution,others,6343
1/1/2000,CENTRAL REGION,female,ethnic_distribution,,
1/1/2000,WEST REGION,,household_structure,ofn_1_gen,22360
1/1/2015,WEST REGION,,industry,real_estate_services,11400
1/1/2015,EAST REGION,,household_income,no_working_person,17500
1/1/2020,EAST REGION,,language_spoken_at_home,malay,19010
1/1/2000,WEST REGION,,language_literate,l2_eng_mal,76508
1/1/2000,NORTH-EAST REGION,female,age_group,age_30_34,23510
1/1/2000,NORTH REGION,,household_income,sgd_8000_to_8999,
1/1/2015,NORTH-EAST REGION,,industry,transportation_storage,40100
1/1/2015,EAST REGION,,language_spoken_at_home,eng_oth_lang,0
1/1/2000,NORTH-EAST REGION,male,marital_status,,
1/1/2020,NORTH REGION,female,age_group,age_30_34,23610
1/1/2015,EAST REGION,,dwelling_type_population,condominiums_and_other_apartments,95700
1/1/2010,NORTH-EAST REGION,,industry,other_comm_social_personal,12262
1/1/2020,EAST REGION,,dwelling_type_household,hdb_1_and_2_room_flats,9340
1/1/2015,NORTH-EAST REGION,,industry,admin_support_services,21400
1/1/2000,EAST REGION,male,age_group,age_20_24,20340
1/1/2000,EAST REGION,female,marital_status,divorced,6992
1/1/2000,CENTRAL REGION,,household_income,sgd_12000_to_12999,
1/1/2000,CENTRAL REGION,female,ethnic_distribution,others,4353
1/1/2000,NORTH-EAST REGION,,religion,,
1/1/2010,EAST REGION,,income_from_work,sgd_12000_over,
1/1/2015,CENTRAL REGION,female,age_group,total,485700
1/1/2010,NORTH REGION,,language_spoken_at_home,mand_chn_dlt,0
1/1/2010,NORTH REGION,,mode_of_transport_school,car,7991
1/1/2020,WEST REGION,,language_literate,l3_other_three,
1/1/2010,NORTH REGION,,dwelling_type_population,hdb_5_room_and_executive_flats,187570
1/1/2000,WEST REGION,male,age_group,total,376390
1/1/2020,CENTRAL REGION,,income_from_work,sgd_11000_to_11999,13021
1/1/2000,EAST REGION,,language_spoken_at_home,tml_eng,0
1/1/2015,NORTH REGION,,language_spoken_at_home,eng_mly,0
1/1/2020,CENTRAL REGION,,mode_of_transport_work,other_combi_mrt_or_bus,0
1/1/2015,WEST REGION,,mode_of_transport_work,mrt_other,0
1/1/2010,WEST REGION,,income_from_work,sgd_1000_to_1999,0
1/1/2010,EAST REGION,,dwelling_type_population,hdb_1_and_2_room_flats,10300
1/1/2015,NORTH-EAST REGION,male,age_group,age_5_9,23920
1/1/2010,WEST REGION,,dwelling_type_household,condominiums_and_other_apartments,27108
1/1/2015,CENTRAL REGION,,industry,financial_insurance_services,47700
1/1/2000,NORTH-EAST REGION,,religion,catholic_christian,27570
1/1/2015,EAST REGION,,household_structure,tfn_3_more_gen,
1/1/2010,WEST REGION,,household_income,sgd_7000_to_7999,17252
1/1/2015,NORTH REGION,,language_spoken_at_home,mly_oth_lang,0
1/1/2000,EAST REGION,,mode_of_transport_school,pvt_chartered_bus,22509
1/1/2010,NORTH-EAST REGION,,industry,,
1/1/2015,EAST REGION,,household_size,person_more_8,
1/1/2020,WEST REGION,,language_spoken_at_home,tml_oth_lang,808
1/1/2010,NORTH REGION,,income_from_work,sgd_12000_14999,0
1/1/2010,CENTRAL REGION,,income_from_work,sgd_6000_to_6999,22915
1/1/2010,WEST REGION,,household_size,person3,54139
1/1/2020,NORTH-EAST REGION,,education_attending,secondary,40802
1/1/2015,CENTRAL REGION,female,economic_status,inactive,159700
1/1/2010,NORTH-EAST REGION,,dwelling_type_household,landed_properties,19234
1/1/2020,EAST REGION,,mode_of_transport_school,others,1316
1/1/2015,EAST REGION,,household_income,sgd_6000_to_6999,12500
1/1/2010,NORTH-EAST REGION,female,ethnic_distribution,others,10037
1/1/2015,CENTRAL REGION,male,age_group,age_15_19,24070
1/1/2000,CENTRAL REGION,,mode_of_transport_school,mrt_lrt_only,0
1/1/2015,CENTRAL REGION,,education_attending,university,20200
1/1/2010,NORTH-EAST REGION,female,age_group,age_0_4,20690
1/1/2020,NORTH REGION,male,ethnic_distribution,others,7070
1/1/2015,CENTRAL REGION,female,age_group,age_80_84,11190
1/1/2010,WEST REGION,,mode_of_transport_work,pvt_chartered_bus,28560
1/1/2015,WEST REGION,,mode_of_transport_work,other_combi_mrt_or_bus,32800
1/1/2015,NORTH REGION,,mode_of_transport_work,others,5600
1/1/2010,CENTRAL REGION,,dwelling_type_population,hdb_3_room_flats,230470
1/1/2020,EAST REGION,,industry,others,3017
1/1/2020,NORTH-EAST REGION,,language_spoken_at_home,chn_dlt_oth_lang,2741
1/1/2015,NORTH-EAST REGION,male,age_group,age_15_19,24650
1/1/2020,NORTH REGION,,household_size,person6,11746
1/1/2015,NORTH REGION,,dwelling_type_population,total,531860
1/1/2010,CENTRAL REGION,,education_attending,pre_primary,12871
1/1/2000,CENTRAL REGION,male,age_group,age_30_34,34640
1/1/2020,NORTH-EAST REGION,,mode_of_transport_work,other_combi_mrt_lrt_or_bus,34055
1/1/2000,CENTRAL REGION,male,marital_status,widowed,8333
1/1/2020,NORTH REGION,,education_attending,prof_qualification_diploma,2047
1/1/2015,CENTRAL REGION,,language_literate,no_literate,29700
1/1/2000,CENTRAL REGION,,industry,accommodation_food_services,0
1/1/2000,NORTH REGION,,language_literate,l2_eng_non_off,1402
1/1/2015,WEST REGION,,mode_of_transport_school,motorcycle_scooter,0
1/1/2020,NORTH REGION,,mode_of_transport_work,mrt_car,0
1/1/2020,NORTH REGION,male,age_group,age_60_64,18980
1/1/2020,WEST REGION,,household_income,sgd_14000_to_14999,8561
1/1/2020,NORTH-EAST REGION,,mode_of_transport_work,car,111932
1/1/2015,EAST REGION,female,age_group,age_55_59,28480
1/1/2010,EAST REGION,,mode_of_transport_work,other_combi_mrt_lrt_or_bus,0
1/1/2020,WEST REGION,,tenancy,owner,274718
1/1/2015,NORTH REGION,,tenancy,owner,147500
1/1/2010,CENTRAL REGION,,language_spoken_at_home,oth_lang_oth_non_eng_lang,0
1/1/2020,CENTRAL REGION,female,ethnic_distribution,chinese,389000
1/1/2010,EAST REGION,,household_income,sgd_2000_to_2999,15449
1/1/2020,WEST REGION,,education_attending,polytechnic,19321
1/1/2015,CENTRAL REGION,,dwelling_type_household,hdb_4_room_flats,66300
1/1/2000,EAST REGION,,mode_of_transport_school,,
1/1/2020,WEST REGION,,mode_of_transport_work,mrt_bus,0
1/1/2020,NORTH-EAST REGION,,mode_of_transport_school,bus,37245
1/1/2020,NORTH-EAST REGION,,mode_of_transport_work,motorcycle_scooter,14777
1/1/2010,CENTRAL REGION,,industry,manufacturing,42846
1/1/2000,CENTRAL REGION,,household_size,,
1/1/2020,WEST REGION,,religion,other_christians,79115
1/1/2010,CENTRAL REGION,male,age_group,age_55_59,32320
1/1/2015,NORTH-EAST REGION,male,age_group,age_10_14,23070
1/1/2015,NORTH REGION,,household_structure,ofn_2_gen,92700
1/1/2010,EAST REGION,,income_from_work,sgd_4000_to_4999,33779
1/1/2020,CENTRAL REGION,,income_from_work,below_sgd_1000,30923
1/1/2000,NORTH REGION,,income_from_work,sgd_8000_over,
1/1/2020,WEST REGION,,language_spoken_at_home,other_indian_languages,0
1/1/2000,EAST REGION,,language_spoken_at_home,mandarin,178627
1/1/2010,CENTRAL REGION,female,age_group,age_50_54,37060
1/1/2015,CENTRAL REGION,,language_spoken_at_home,eng_chn_dlt,0
1/1/2010,NORTH-EAST REGION,,household_income,sgd_1000_to_1999,15324
1/1/2010,WEST REGION,female,age_group,age_60_64,20190
1/1/2000,NORTH-EAST REGION,,mode_of_transport_school,bus,47153
1/1/2015,NORTH-EAST REGION,male,age_group,total,408190
1/1/2010,NORTH REGION,,industry,other_services_industries,0
1/1/2010,NORTH-EAST REGION,,dwelling_type_population,hdb_3_room_flats,110630
1/1/2015,CENTRAL REGION,,language_literate,l2_eng_chi,357700
1/1/2015,WEST REGION,,industry,information_communications,16000
1/1/2000,WEST REGION,,education_attending,polytechnic,11983
1/1/2000,CENTRAL REGION,,tenancy,owner,224684
1/1/2010,EAST REGION,,mode_of_transport_school,pvt_chartered_bus_van,0
1/1/2015,NORTH-EAST REGION,,mode_of_transport_work,mrt_lrt_and_bus,0
1/1/2000,NORTH REGION,female,ethnic_distribution,indian,17029
1/1/2010,WEST REGION,,household_size,person4,66316
1/1/2020,CENTRAL REGION,,household_income,sgd_1000_to_1999,19752
1/1/2015,CENTRAL REGION,,religion,other_christians,118000
1/1/2020,CENTRAL REGION,,income_from_work,sgd_7000_to_7999,22627
1/1/2000,CENTRAL REGION,female,age_group,age_35_39,39530
1/1/2000,CENTRAL REGION,,religion,other_religions,1792
1/1/2000,NORTH REGION,,income_from_work,sgd_3000_to_3999,28263
1/1/2000,NORTH REGION,,industry,public_admin_education,0
1/1/2020,CENTRAL REGION,,language_spoken_at_home,chinese_dialects,26636
1/1/2010,EAST REGION,,mode_of_transport_work,mrt_lrt_and_bus,0
1/1/2000,CENTRAL REGION,,industry,real_estate_services,0
1/1/2015,EAST REGION,,education_attending,post_secondary,11000
1/1/2010,NORTH REGION,,education_attending,primary,43972
1/1/2000,NORTH REGION,,household_income,sgd_5000_to_5999,10424
1/1/2010,EAST REGION,male,age_group,age_5_9,19680
1/1/2015,WEST REGION,,income_from_work,sgd_1500_to_1999,34000
1/1/2015,EAST REGION,,industry,hotels_restaurants,0
1/1/2015,NORTH-EAST REGION,,education_attending,pre_primary,14100
1/1/2010,WEST REGION,female,age_group,age_45_49,37700
1/1/2020,CENTRAL REGION,,language_spoken_at_home,mand_eng,91088
1/1/2020,NORTH REGION,female,age_group,age_5_9,14580
1/1/2000,CENTRAL REGION,,mode_of_transport_school,bus,53608
1/1/2000,EAST REGION,,household_size,person7,5632
1/1/2000,EAST REGION,,income_from_work,sgd_5000_to_5999,15330
1/1/2015,WEST REGION,female,age_group,age_70_74,10290
1/1/2000,EAST REGION,,household_income,sgd_3000_to_3999,21924
1/1/2015,NORTH REGION,,mode_of_transport_school,pvt_chartered_bus_van,0
1/1/2000,NORTH-EAST REGION,,industry,manufacturing,47893
1/1/2010,CENTRAL REGION,female,age_group,age_70_74,18890
1/1/2010,CENTRAL REGION,,household_structure,three_more_fam_nucleus,573
1/1/2000,WEST REGION,,mode_of_transport_school,pvt_chartered_bus,22568
1/1/2020,NORTH-EAST REGION,,dwelling_type_household,hdb_4_room_flats,107155
1/1/2020,EAST REGION,,language_spoken_at_home,tml_oth_lang,368
1/1/2015,WEST REGION,,household_size,person_more_8,
1/1/2000,CENTRAL REGION,,language_spoken_at_home,mly_oth_lang,0
1/1/2020,EAST REGION,,industry,manufacturing,32344
1/1/2020,CENTRAL REGION,male,age_group,age_35_39,29400
1/1/2020,NORTH REGION,male,ethnic_distribution,indian,30870
1/1/2015,EAST REGION,,household_size,person4,50700
1/1/2010,CENTRAL REGION,,language_spoken_at_home,other_indian_languages,8507
1/1/2000,NORTH-EAST REGION,,mode_of_transport_school,taxi,126
1/1/2020,NORTH REGION,,household_income,sgd_20000_over,13310
1/1/2000,WEST REGION,,mode_of_transport_work,others,27734
1/1/2000,WEST REGION,,dwelling_type_population,total,745430
1/1/2015,EAST REGION,,language_spoken_at_home,oth_lang_eng,0
1/1/2015,EAST REGION,,mode_of_transport_school,lorry_pickup,0
1/1/2020,CENTRAL REGION,,income_from_work,sgd_6000_over,0
1/1/2010,EAST REGION,,language_literate,no_literate,19299
1/1/2000,NORTH-EAST REGION,female,age_group,age_40_44,28380
1/1/2010,CENTRAL REGION,female,age_group,age_55_59,33310
1/1/2015,WEST REGION,,industry,wholesale_retail_trade,85400
1/1/2020,NORTH-EAST REGION,male,age_group,age_0_4,25790
1/1/2010,WEST REGION,,language_literate,l2_eng_non_off,19201
1/1/2010,CENTRAL REGION,,household_income,sgd_10000_over,84980
1/1/2015,WEST REGION,female,ethnic_distribution,malays,71700
1/1/2000,EAST REGION,,language_spoken_at_home,oth_lang_oth_non_eng_lang,0
1/1/2020,NORTH-EAST REGION,,mode_of_transport_school,mrt_lrt_only,10999
1/1/2015,NORTH-EAST REGION,,industry,financial_insurance_services,38600
1/1/2000,CENTRAL REGION,,mode_of_transport_work,other_combi_mrt_lrt_or_bus,0
1/1/2015,NORTH-EAST REGION,female,marital_status,widowed,28900
1/1/2010,WEST REGION,female,age_group,age_65_69,10970
1/1/2015,CENTRAL REGION,,mode_of_transport_school,mrt,9300
1/1/2015,CENTRAL REGION,,language_spoken_at_home,mand_oth_lang,0
1/1/2000,EAST REGION,,income_from_work,sgd_15000_over,0
1/1/2015,WEST REGION,,income_from_work,sgd_8000_over,
1/1/2010,WEST REGION,male,age_group,age_60_64,20820
1/1/2010,NORTH REGION,,household_income,sgd_14000_to_14999,
1/1/2000,NORTH-EAST REGION,male,age_group,age_0_4,19100
1/1/2020,NORTH-EAST REGION,male,age_group,age_40_44,35590
1/1/2010,NORTH-EAST REGION,female,marital_status,,
1/1/2010,EAST REGION,,language_spoken_at_home,oth_ind_lang_eng,0
1/1/2000,CENTRAL REGION,,mode_of_transport_school,taxi,348
1/1/2000,NORTH REGION,female,age_group,age_60_64,4650
1/1/2020,WEST REGION,,income_from_work,sgd_2000_to_2999,65873
1/1/2015,NORTH-EAST REGION,,household_size,person1,25000
1/1/2000,WEST REGION,,industry,other_services_industries,65286
1/1/2000,WEST REGION,,income_from_work,sgd_12000_14999,0
1/1/2020,WEST REGION,,household_income,sgd_4000_to_4999,17085
1/1/2010,NORTH REGION,,income_from_work,total,254230
1/1/2015,NORTH REGION,,industry,arts_entertainment_recreation,5000
1/1/2000,CENTRAL REGION,male,ethnic_distribution,chinese,243753
1/1/2020,EAST REGION,,language_literate,l3_eng_chi_mal,17047
1/1/2010,EAST REGION,,language_literate,l2_eng_chi,225490
1/1/2010,NORTH REGION,,education_attending,polytechnic,12224
1/1/2010,EAST REGION,,mode_of_transport_work,taxi,5864
1/1/2015,WEST REGION,,industry,public_admin_education,69600
1/1/2015,WEST REGION,,household_income,sgd_5000_to_5999,15300
1/1/2000,CENTRAL REGION,,household_income,sgd_8000_to_8999,
1/1/2015,EAST REGION,,language_literate,l2_eng_mal,115200
1/1/2010,EAST REGION,,education_attending,,
1/1/2020,CENTRAL REGION,female,age_group,age_30_34,32450
1/1/2000,NORTH REGION,female,ethnic_distribution,,
1/1/2000,WEST REGION,,language_spoken_at_home,eng_oth_lang,0
1/1/2015,EAST REGION,,household_structure,ofn_1_gen,27400
1/1/2000,WEST REGION,,household_income,no_working_person,
1/1/2015,WEST REGION,,income_from_work,sgd_3000_to_3999,66600
1/1/2020,NORTH-EAST REGION,male,age_group,age_45_49,35400
1/1/2000,EAST REGION,,language_spoken_at_home,eng_mand,0
1/1/2015,EAST REGION,,household_size,person3,43500
1/1/2000,EAST REGION,male,marital_status,single,73563
1/1/2000,NORTH REGION,,household_income,sgd_12000_to_12999,
1/1/2000,NORTH-EAST REGION,,language_literate,l1_eng,67879
1/1/2015,WEST REGION,male,age_group,age_20_24,33390
1/1/2020,EAST REGION,,dwelling_type_population,condominiums_and_other_apartments,119410
1/1/2000,NORTH REGION,female,ethnic_distribution,others,2062
1/1/2015,NORTH REGION,female,age_group,total,266520
1/1/2010,CENTRAL REGION,,mode_of_transport_school,car,24898
1/1/2010,EAST REGION,female,age_group,age_45_49,31710
1/1/2010,NORTH-EAST REGION,,dwelling_type_household,hdb_3_room_flats,40860
1/1/2015,WEST REGION,,industry,hotels_restaurants,0
1/1/2015,EAST REGION,,income_from_work,sgd_1500_to_1999,27000
1/1/2010,CENTRAL REGION,,language_spoken_at_home,mand_chn_dlt,0
1/1/2000,NORTH-EAST REGION,male,ethnic_distribution,chinese,214369
1/1/2010,WEST REGION,,language_literate,l1_non_off,1328
1/1/2000,NORTH-EAST REGION,,language_literate,no_literate,34399
1/1/2020,NORTH-EAST REGION,,mode_of_transport_school,mrt_bus,0
1/1/2020,WEST REGION,female,economic_status,employed,235746
1/1/2020,NORTH REGION,,income_from_work,total,320410
1/1/2015,EAST REGION,,religion,buddhism,174700
1/1/2020,EAST REGION,,mode_of_transport_work,mrt,0
1/1/2020,NORTH REGION,,industry,other_comm_social_personal,9070
1/1/2020,CENTRAL REGION,,language_literate,l1_mal,7131
1/1/2000,NORTH REGION,,dwelling_type_population,total_hdb,388610
1/1/2010,EAST REGION,female,age_group,age_40_44,29660
1/1/2015,NORTH-EAST REGION,,mode_of_transport_school,taxi_pvt_hire_car_only,0
1/1/2000,CENTRAL REGION,,mode_of_transport_school,mrt_lrt_and_bus,0
1/1/2015,NORTH-EAST REGION,,language_literate,l2_eng_mal,61900
1/1/2015,CENTRAL REGION,,religion,islam,61200
1/1/2015,NORTH REGION,,income_from_work,sgd_10000_to_10999,5800
1/1/2010,CENTRAL REGION,,income_from_work,sgd_12000_14999,0
1/1/2010,NORTH-EAST REGION,,language_spoken_at_home,mand_oth_lang,0
1/1/2000,NORTH-EAST REGION,,mode_of_transport_school,other_combi_mrt_or_bus,0
1/1/2000,EAST REGION,,tenancy,others,1606
1/1/2000,EAST REGION,female,marital_status,married,151020
1/1/2000,EAST REGION,,household_income,below_sgd_1000,15896
1/1/2015,NORTH-EAST REGION,,language_spoken_at_home,chinese_dialects,95300
1/1/2020,NORTH-EAST REGION,,industry,professional_services,40407
1/1/2020,WEST REGION,,mode_of_transport_work,taxi_pvt_hire_car_only,12390
1/1/2015,CENTRAL REGION,,language_spoken_at_home,mly_oth_lang,0
1/1/2020,WEST REGION,,dwelling_type_household,others,444
1/1/2010,NORTH REGION,,income_from_work,sgd_6000_to_6999,11668
1/1/2020,EAST REGION,female,age_group,age_20_24,22380
1/1/2000,NORTH REGION,,mode_of_transport_school,mrt_lrt_only,0
1/1/2015,NORTH-EAST REGION,,mode_of_transport_work,other_combi_mrt_lrt_or_bus,0
1/1/2015,NORTH REGION,,education_attending,university,9700
1/1/2020,CENTRAL REGION,male,ethnic_distribution,others,19760
1/1/2010,NORTH-EAST REGION,male,age_group,age_80_84,2700
1/1/2015,NORTH REGION,female,age_group,age_80_84,2670
1/1/2015,NORTH REGION,female,economic_status,inactive,82200
1/1/2015,NORTH REGION,male,age_group,age_15_19,19700
1/1/2015,NORTH-EAST REGION,,mode_of_transport_school,mrt_car,0
1/1/2010,NORTH-EAST REGION,,dwelling_type_population,landed_properties,74640
1/1/2010,EAST REGION,,language_spoken_at_home,chn_dlt_eng,0
1/1/2010,NORTH REGION,,education_attending,pre_primary,9521
1/1/2010,NORTH REGION,,dwelling_type_population,hdb_3_room_flats,56970
1/1/2015,CENTRAL REGION,,dwelling_type_population,total,939890
1/1/2015,WEST REGION,,education_attending,prof_qualification_diploma,2400
1/1/2000,NORTH REGION,male,marital_status,widowed,2311
1/1/2000,NORTH REGION,male,age_group,age_30_34,21260
1/1/2000,EAST REGION,,industry,,
1/1/2015,CENTRAL REGION,,mode_of_transport_work,others,6200
1/1/2010,NORTH-EAST REGION,female,age_group,age_70_74,9580
1/1/2020,CENTRAL REGION,,household_size,person6,15282
1/1/2020,NORTH-EAST REGION,,income_from_work,below_sgd_1000,33116
1/1/2010,WEST REGION,,language_literate,l1_mal,13582
1/1/2020,CENTRAL REGION,,education_attending,prof_qualification_diploma,1964
1/1/2015,NORTH REGION,,household_income,sgd_6000_to_6999,11200
1/1/2015,WEST REGION,,mode_of_transport_school,mrt_lrt_only,0
1/1/2010,NORTH-EAST REGION,,language_literate,l1_chi,103227
1/1/2020,NORTH-EAST REGION,,income_from_work,sgd_6000_to_6999,35447
1/1/2000,WEST REGION,female,age_group,age_80_84,2200
1/1/2000,WEST REGION,male,age_group,age_15_19,26520
1/1/2000,WEST REGION,,education_attending,university,7541
1/1/2020,NORTH REGION,,mode_of_transport_school,others,1205
1/1/2020,WEST REGION,,income_from_work,sgd_9000_to_9999,17381
1/1/2020,EAST REGION,male,ethnic_distribution,others,11970
1/1/2015,NORTH-EAST REGION,,income_from_work,sgd_10000_to_10999,13400
1/1/2020,WEST REGION,,household_income,sgd_13000_to_13999,9508
1/1/2020,CENTRAL REGION,female,age_group,age_20_24,23110
1/1/2015,NORTH REGION,,language_spoken_at_home,mand_eng,0
1/1/2010,NORTH-EAST REGION,,industry,real_estate_services,10130
1/1/2000,CENTRAL REGION,,household_income,sgd_8000_over,60092
1/1/2010,NORTH REGION,female,age_group,age_15_19,18970
1/1/2015,CENTRAL REGION,female,age_group,age_5_9,23010
1/1/2015,EAST REGION,,language_spoken_at_home,eng_oth_ind_lang,0
1/1/2010,NORTH-EAST REGION,,language_literate,l2_other_two,2193
1/1/2020,CENTRAL REGION,,household_income,sgd_17500_to_19999,12882
1/1/2010,NORTH REGION,male,age_group,age_80_84,1280
1/1/2015,NORTH-EAST REGION,,religion,taoism,79100
1/1/2015,NORTH-EAST REGION,,language_literate,l2_other_two,2400
1/1/2015,WEST REGION,,mode_of_transport_school,taxi,0
1/1/2000,CENTRAL REGION,,income_from_work,sgd_8000_over,
1/1/2015,WEST REGION,,household_size,person6,
1/1/2010,WEST REGION,female,age_group,age_85_over,3000
1/1/2020,EAST REGION,male,ethnic_distribution,malays,62210
1/1/2010,NORTH REGION,female,age_group,age_50_54,18800
1/1/2015,NORTH REGION,,language_spoken_at_home,eng_chn_dlt,0
1/1/2010,WEST REGION,male,ethnic_distribution,chinese,318460
1/1/2010,EAST REGION,,industry,arts_entertainment_recreation,5923
1/1/2015,NORTH-EAST REGION,male,age_group,age_65_69,18500
1/1/2000,EAST REGION,,industry,information_communications,0
1/1/2000,NORTH REGION,,tenancy,owner,107132
1/1/2020,WEST REGION,,dwelling_type_household,landed_properties,5522
1/1/2010,WEST REGION,,industry,,
1/1/2015,EAST REGION,,religion,catholic_christian,42300
1/1/2015,NORTH REGION,,language_literate,l2_eng_chi,183500
1/1/2015,EAST REGION,,education_attending,polytechnic,17100
1/1/2010,CENTRAL REGION,,industry,other_services_industries,0
1/1/2015,WEST REGION,,industry,transportation_storage,44400
1/1/2000,EAST REGION,,mode_of_transport_work,,
1/1/2015,NORTH REGION,,religion,other_religions,1000
1/1/2010,NORTH-EAST REGION,,language_literate,l3_other_three,14443
1/1/2000,CENTRAL REGION,female,economic_status,,
1/1/2020,EAST REGION,,language_spoken_at_home,english,45620
1/1/2015,EAST REGION,,household_income,sgd_17500_to_19999,9000
1/1/2010,CENTRAL REGION,male,age_group,age_20_24,25550
1/1/2010,EAST REGION,,household_income,sgd_12000_to_12999,
1/1/2015,NORTH-EAST REGION,,language_spoken_at_home,other_indian_languages,8100
1/1/2020,WEST REGION,,mode_of_transport_school,mrt_bus,0
1/1/2020,NORTH-EAST REGION,,household_size,person_more_8,3684
1/1/2000,NORTH REGION,,religion,other_christians,21649
1/1/2015,NORTH REGION,,industry,health_social_services,16400
1/1/2010,EAST REGION,female,ethnic_distribution,others,13909
1/1/2020,CENTRAL REGION,,language_spoken_at_home,eng_oth_ind_lang,12852
1/1/2020,NORTH REGION,,household_income,sgd_12000_to_12999,6422
1/1/2010,WEST REGION,,language_spoken_at_home,others,10387
1/1/2000,CENTRAL REGION,,language_literate,l1_eng,120781
1/1/2010,NORTH REGION,,religion,islam,85803
1/1/2010,NORTH-EAST REGION,,language_literate,l2_eng_non_off,12950
1/1/2015,CENTRAL REGION,male,age_group,age_80_84,8020
1/1/2015,CENTRAL REGION,female,age_group,age_15_19,24040
1/1/2000,NORTH REGION,,language_spoken_at_home,tamil,14574
1/1/2020,NORTH REGION,female,ethnic_distribution,others,8850
1/1/2020,NORTH-EAST REGION,,language_literate,l1_eng,82571
1/1/2015,CENTRAL REGION,male,economic_status,inactive,92100
1/1/2020,NORTH-EAST REGION,male,age_group,age_15_19,24320
1/1/2020,NORTH-EAST REGION,,industry,public_admin_education,68425
1/1/2015,NORTH REGION,,household_income,sgd_15000_to_17499,7800
1/1/2010,CENTRAL REGION,male,age_group,age_25_29,29430
1/1/2020,WEST REGION,,religion,sikhism,2266
1/1/2000,NORTH-EAST REGION,male,economic_status,inactive,51732
1/1/2010,NORTH-EAST REGION,,household_size,person2,41305
1/1/2015,NORTH REGION,,dwelling_type_population,hdb_4_room_flats,235060
1/1/2000,CENTRAL REGION,female,age_group,age_5_9,28030
1/1/2015,NORTH-EAST REGION,,language_spoken_at_home,chn_dlt_oth_lang,0
1/1/2015,CENTRAL REGION,,household_income,sgd_8000_over,
1/1/2015,NORTH REGION,,religion,sikhism,1200
1/1/2000,NORTH REGION,,language_spoken_at_home,mand_eng,0
1/1/2010,NORTH-EAST REGION,,household_size,,
1/1/2010,EAST REGION,,household_structure,ofn_2_gen,121042
1/1/2020,NORTH REGION,male,ethnic_distribution,chinese,190300
1/1/2000,NORTH REGION,,income_from_work,sgd_7000_to_7999,
1/1/2020,CENTRAL REGION,,industry,public_admin_education,58085
1/1/2020,NORTH-EAST REGION,,income_from_work,sgd_15000_over,33566
1/1/2020,CENTRAL REGION,female,age_group,age_60_64,33450
1/1/2020,CENTRAL REGION,,income_from_work,sgd_3000_to_3999,44867
1/1/2000,NORTH REGION,,household_income,sgd_1000_to_1999,15769
1/1/2015,WEST REGION,,language_literate,l3_eng_chi_mal,
1/1/2010,CENTRAL REGION,,language_spoken_at_home,eng_mly,0
1/1/2010,NORTH-EAST REGION,,household_income,sgd_8000_over,
1/1/2020,NORTH REGION,,industry,real_estate_services,6848
1/1/2000,WEST REGION,male,age_group,age_55_59,12200
1/1/2020,CENTRAL REGION,,household_income,sgd_5000_to_5999,13985
1/1/2000,WEST REGION,,language_literate,l2_other_two,1552
1/1/2010,WEST REGION,female,age_group,age_30_34,37260
1/1/2020,NORTH REGION,,industry,transportation_storage,30946
1/1/2015,NORTH REGION,,household_structure,ofn_3_more_gen,9800
1/1/2020,EAST REGION,,household_income,sgd_11000_to_11999,8082
1/1/2010,CENTRAL REGION,,income_from_work,sgd_2000_to_2499,37236
1/1/2015,NORTH REGION,,dwelling_type_household,total_hdb,145600
1/1/2000,NORTH-EAST REGION,male,marital_status,divorced,3830
1/1/2020,NORTH REGION,,language_spoken_at_home,oth_ind_lang_eng,3202
1/1/2010,WEST REGION,,mode_of_transport_work,other_combi_mrt_lrt_or_bus,0
1/1/2000,CENTRAL REGION,,income_from_work,sgd_12000_over,
1/1/2020,CENTRAL REGION,,mode_of_transport_work,mrt_lrt_only,71756
1/1/2015,CENTRAL REGION,,language_literate,l2_eng_non_off,19000
1/1/2015,NORTH-EAST REGION,,language_spoken_at_home,eng_oth_ind_lang,0
1/1/2015,NORTH REGION,,industry,accommodation_food_services,20000
1/1/2020,EAST REGION,,household_income,sgd_14000_to_14999,5792
1/1/2020,EAST REGION,,tenancy,owner,204087
1/1/2015,EAST REGION,,mode_of_transport_school,motorcycle_scooter,0
1/1/2010,CENTRAL REGION,,mode_of_transport_school,taxi_pvt_hire_car_only,0
1/1/2000,NORTH REGION,,language_literate,no_literate,18440
1/1/2015,WEST REGION,female,age_group,age_55_59,33530
1/1/2015,NORTH REGION,,income_from_work,total,301400
1/1/2020,CENTRAL REGION,,mode_of_transport_work,mrt_other,0
1/1/2000,CENTRAL REGION,,mode_of_transport_school,other_combi_mrt_or_bus,0
1/1/2000,NORTH-EAST REGION,male,marital_status,married,133219
1/1/2000,WEST REGION,,household_size,person3,39662
1/1/2020,WEST REGION,,mode_of_transport_school,mrt,0
1/1/2015,WEST REGION,,household_structure,three_more_fam_nucleus,
1/1/2010,EAST REGION,,household_income,sgd_6000_to_6999,14100
1/1/2010,NORTH REGION,,education_attending,post_secondary,7112
1/1/2010,CENTRAL REGION,female,economic_status,inactive,190194
1/1/2015,NORTH-EAST REGION,,language_spoken_at_home,mand_chn_dlt,0
1/1/2020,WEST REGION,,industry,financial_insurance_services,34112
1/1/2010,WEST REGION,female,age_group,age_35_39,38980
1/1/2015,NORTH REGION,,mode_of_transport_work,mrt_lrt_and_bus,0
1/1/2000,NORTH REGION,,income_from_work,below_sgd_1000,18012
1/1/2000,NORTH REGION,male,age_group,age_35_39,22670
1/1/2000,NORTH-EAST REGION,,language_spoken_at_home,mand_eng,0
1/1/2000,WEST REGION,female,age_group,,
1/1/2010,WEST REGION,,household_size,person5,42713
1/1/2020,WEST REGION,,mode_of_transport_school,lorry_pickup,356
1/1/2020,WEST REGION,,mode_of_transport_school,car,19046
1/1/2000,EAST REGION,,language_literate,l1_non_off,556
1/1/2000,NORTH-EAST REGION,,language_spoken_at_home,eng_tml,0
1/1/2000,CENTRAL REGION,male,ethnic_distribution,indian,29533
1/1/2000,CENTRAL REGION,,mode_of_transport_work,mrt_car,1420
1/1/2020,CENTRAL REGION,,dwelling_type_household,hdb_5_room_and_executive_flats,43379
1/1/2020,WEST REGION,,language_spoken_at_home,oth_lang_eng,4917
1/1/2015,WEST REGION,,dwelling_type_household,hdb_5_room_and_executive_flats,81300
1/1/2010,EAST REGION,,tenancy,tenant,18728
1/1/2010,EAST REGION,,language_spoken_at_home,mand_eng,0
1/1/2010,CENTRAL REGION,,language_literate,l1_non_off,1568
1/1/2000,NORTH REGION,,language_literate,l1_chi,71011
1/1/2010,EAST REGION,male,ethnic_distribution,indian,30074
1/1/2000,EAST REGION,,household_size,person2,25661
1/1/2020,CENTRAL REGION,female,economic_status,employed,224562
1/1/2000,NORTH-EAST REGION,,religion,other_religions,1395
1/1/2000,NORTH-EAST REGION,,household_income,,
1/1/2015,NORTH-EAST REGION,,industry,information_communications,19600
1/1/2020,NORTH-EAST REGION,,household_structure,tfn_3_more_gen,13075
1/1/2000,NORTH-EAST REGION,,income_from_work,sgd_12000_14999,0
1/1/2015,CENTRAL REGION,,language_spoken_at_home,chn_dlt_mand,0
1/1/2015,CENTRAL REGION,male,age_group,age_45_49,36090
1/1/2015,NORTH-EAST REGION,male,economic_status,unemployed,9900
1/1/2000,CENTRAL REGION,male,age_group,age_0_4,23360
1/1/2010,CENTRAL REGION,,mode_of_transport_school,mrt,9185
1/1/2010,NORTH-EAST REGION,female,age_group,age_40_44,29260
1/1/2010,NORTH REGION,,language_spoken_at_home,tml_oth_lang,0
1/1/2020,WEST REGION,female,economic_status,inactive,157979
1/1/2015,NORTH REGION,,language_spoken_at_home,chn_dlt_oth_lang,0
1/1/2020,EAST REGION,,mode_of_transport_school,other_combi_mrt_lrt_or_bus,2051
1/1/2010,EAST REGION,male,age_group,age_10_14,25190
1/1/2000,NORTH-EAST REGION,,income_from_work,sgd_1000_to_1499,35910
1/1/2020,EAST REGION,female,marital_status,married,171151
1/1/2000,WEST REGION,,dwelling_type_household,others,600
1/1/2010,NORTH-EAST REGION,,religion,no_religion,105879
1/1/2010,NORTH-EAST REGION,,dwelling_type_household,others,878
1/1/2000,NORTH REGION,,language_spoken_at_home,other_indian_languages,3334
1/1/2010,EAST REGION,,household_structure,,
1/1/2020,EAST REGION,,religion,taoism,45756
1/1/2020,EAST REGION,,household_income,below_sgd_1000,4179
1/1/2015,EAST REGION,,industry,transport_communications,0
1/1/2010,CENTRAL REGION,,household_income,sgd_4000_to_4999,19494
1/1/2010,CENTRAL REGION,,income_from_work,sgd_2000_to_2999,0
1/1/2020,WEST REGION,,household_size,person5,37669
1/1/2015,CENTRAL REGION,,religion,catholic_christian,63200
1/1/2010,NORTH-EAST REGION,,income_from_work,total,383636
1/1/2010,EAST REGION,,industry,other_services_industries,0
1/1/2015,CENTRAL REGION,,education_attending,polytechnic,12600
1/1/2020,WEST REGION,,dwelling_type_household,hdb_4_room_flats,108928
1/1/2015,NORTH-EAST REGION,,household_income,sgd_20000_over,29300
1/1/2010,WEST REGION,,household_income,sgd_3000_to_3999,23969
1/1/2000,CENTRAL REGION,,industry,information_communications,0
1/1/2000,NORTH-EAST REGION,,income_from_work,sgd_11000_to_11999,
1/1/2000,NORTH-EAST REGION,,religion,hinduism,17307
1/1/2010,CENTRAL REGION,,industry,arts_entertainment_recreation,8701
1/1/2020,NORTH-EAST REGION,,income_from_work,sgd_1000_to_1999,67543
1/1/2010,WEST REGION,,income_from_work,sgd_5000_to_5999,35147
1/1/2000,WEST REGION,,language_literate,l2_eng_chi,204206
1/1/2020,NORTH REGION,,household_structure,no_family_nucleus,34328
1/1/2020,NORTH-EAST REGION,,income_from_work,sgd_1000_to_1499,0
1/1/2010,WEST REGION,,industry,real_estate_services,10316
1/1/2010,WEST REGION,,household_income,sgd_15000_to_17499,
1/1/2015,NORTH-EAST REGION,,industry,business_services,0
1/1/2000,WEST REGION,male,economic_status,inactive,60209
1/1/2010,EAST REGION,,language_literate,l1_chi,74999
1/1/2020,CENTRAL REGION,female,age_group,age_0_4,17570
1/1/2010,CENTRAL REGION,,industry,professional_services,36790
1/1/2015,NORTH-EAST REGION,,language_literate,l2_eng_chi,373200
1/1/2000,EAST REGION,male,age_group,age_25_29,22330
1/1/2015,WEST REGION,,language_literate,l1_eng,63900
1/1/2010,WEST REGION,,dwelling_type_population,hdb_4_room_flats,348100
1/1/2010,NORTH REGION,,mode_of_transport_school,other_combi_mrt_or_bus,0
1/1/2015,NORTH REGION,,mode_of_transport_school,pvt_chartered_bus,6000
1/1/2020,CENTRAL REGION,,mode_of_transport_school,bus,29052
1/1/2000,NORTH-EAST REGION,,dwelling_type_household,total_hdb,133856
1/1/2000,NORTH REGION,,language_spoken_at_home,,
1/1/2015,NORTH-EAST REGION,,dwelling_type_population,hdb_4_room_flats,306710
1/1/2020,EAST REGION,,language_spoken_at_home,eng_mand,164850
1/1/2000,NORTH-EAST REGION,male,economic_status,,
1/1/2020,EAST REGION,male,marital_status,single,100293
1/1/2015,NORTH REGION,female,age_group,age_40_44,22800
1/1/2000,NORTH-EAST REGION,,language_spoken_at_home,tamil,15136
1/1/2010,EAST REGION,,income_from_work,sgd_10000_to_10999,
1/1/2010,WEST REGION,,mode_of_transport_school,mrt_lrt_and_bus,0
1/1/2020,EAST REGION,male,age_group,age_75_79,6780
1/1/2010,WEST REGION,,mode_of_transport_work,pvt_chartered_bus_van,0
1/1/2015,WEST REGION,,industry,construction,28900
1/1/2020,CENTRAL REGION,,household_income,sgd_8000_to_8999,11536
1/1/2020,CENTRAL REGION,male,age_group,age_85_over,7840
1/1/2000,WEST REGION,,dwelling_type_household,condominiums_and_other_apartments,9120
1/1/2010,EAST REGION,,language_spoken_at_home,mand_oth_lang,0
1/1/2015,NORTH REGION,female,economic_status,unemployed,4600
1/1/2010,CENTRAL REGION,,mode_of_transport_work,motorcycle_scooter,11987
1/1/2010,NORTH REGION,male,age_group,total,253340
1/1/2015,EAST REGION,,mode_of_transport_work,taxi_pvt_hire_car_only,0
1/1/2000,NORTH REGION,female,age_group,age_65_69,3870
1/1/2000,EAST REGION,,household_size,person1,11375
1/1/2010,NORTH REGION,female,age_group,age_40_44,22140
1/1/2000,EAST REGION,,dwelling_type_population,total_hdb,552850
1/1/2020,CENTRAL REGION,,mode_of_transport_school,motorcycle_scooter,310
1/1/2015,NORTH REGION,,religion,buddhism,151400
1/1/2000,CENTRAL REGION,,mode_of_transport_school,mrt_bus,11156
1/1/2020,WEST REGION,,household_size,person3,65206
1/1/2015,EAST REGION,,income_from_work,sgd_10000_to_10999,10300
1/1/2020,EAST REGION,,industry,other_comm_social_personal,10515
1/1/2015,WEST REGION,,mode_of_transport_school,mrt_lrt_and_bus,0
1/1/2020,WEST REGION,,religion,buddhism,254408
1/1/2020,NORTH REGION,,mode_of_transport_work,mrt,0
1/1/2000,CENTRAL REGION,,tenancy,others,4548
1/1/2015,NORTH REGION,,household_size,person_more_8,
1/1/2000,NORTH-EAST REGION,,language_literate,l2_eng_chi,166185
1/1/2000,CENTRAL REGION,,household_income,below_sgd_1000,50609
1/1/2015,NORTH-EAST REGION,,dwelling_type_household,total_hdb,216500
1/1/2000,NORTH REGION,,mode_of_transport_school,pvt_chartered_bus,9330
1/1/2010,EAST REGION,,income_from_work,sgd_12000_14999,0
1/1/2000,CENTRAL REGION,female,marital_status,married,201255
1/1/2015,EAST REGION,,language_spoken_at_home,mly_oth_lang,0
1/1/2010,EAST REGION,,language_spoken_at_home,eng_tml,0
1/1/2020,EAST REGION,,income_from_work,sgd_15000_over,31311
1/1/2015,NORTH-EAST REGION,female,marital_status,single,104100
1/1/2010,NORTH REGION,,religion,hinduism,25409
1/1/2010,CENTRAL REGION,,language_literate,l2_eng_mal,55281
1/1/2000,EAST REGION,,household_income,total,170813
1/1/2015,WEST REGION,,household_income,sgd_11000_to_11999,11600
1/1/2010,NORTH REGION,,language_spoken_at_home,eng_oth_lang,0
1/1/2010,CENTRAL REGION,,household_structure,ofn_1_gen,43669
1/1/2010,NORTH REGION,,household_income,no_working_person,9519
1/1/2020,CENTRAL REGION,,industry,construction,13791
1/1/2015,NORTH REGION,,mode_of_transport_work,mrt_bus,90300
1/1/2010,NORTH REGION,male,economic_status,inactive,45932
1/1/2010,NORTH REGION,,household_size,,
1/1/2010,WEST REGION,male,ethnic_distribution,indian,44551
1/1/2000,WEST REGION,,household_size,person2,31810
1/1/2000,WEST REGION,male,age_group,age_0_4,29780
1/1/2010,NORTH-EAST REGION,,industry,professional_services,25187
1/1/2020,EAST REGION,,household_income,sgd_6000_to_6999,10308
1/1/2010,WEST REGION,,mode_of_transport_school,mrt,11231
1/1/2015,WEST REGION,male,age_group,age_45_49,36280
1/1/2015,EAST REGION,,mode_of_transport_school,others,2800
1/1/2015,WEST REGION,,language_spoken_at_home,chn_dlt_mand,0
1/1/2015,NORTH-EAST REGION,female,age_group,age_15_19,23090
1/1/2010,EAST REGION,,religion,taoism,53295
1/1/2020,CENTRAL REGION,female,economic_status,inactive,165149
1/1/2010,CENTRAL REGION,,industry,other_comm_social_personal,14381
1/1/2015,CENTRAL REGION,male,age_group,age_75_79,13160
1/1/2015,NORTH REGION,female,age_group,age_0_4,13000
1/1/2015,NORTH REGION,,dwelling_type_household,condominiums_and_other_apartments,8200
1/1/2015,WEST REGION,,household_income,sgd_10000_over,
1/1/2020,WEST REGION,,language_spoken_at_home,tamil,4751
1/1/2015,NORTH REGION,,mode_of_transport_school,bus,20500
1/1/2000,EAST REGION,male,marital_status,,
1/1/2010,NORTH REGION,,income_from_work,sgd_2500_to_2999,23426
1/1/2010,NORTH-EAST REGION,female,age_group,age_5_9,21160
1/1/2000,EAST REGION,,language_literate,l2_eng_tam,6476
1/1/2010,CENTRAL REGION,,industry,wholesale_retail_trade,80662
1/1/2010,WEST REGION,,household_income,sgd_10000_to_10999,
1/1/2020,WEST REGION,male,age_group,age_30_34,33400
1/1/2015,EAST REGION,,mode_of_transport_work,pvt_chartered_bus_van,0
1/1/2015,CENTRAL REGION,,dwelling_type_population,landed_properties,84030
1/1/2020,WEST REGION,,language_literate,l1_tam,2407
1/1/2015,CENTRAL REGION,,mode_of_transport_work,mrt_car,0
1/1/2000,NORTH-EAST REGION,,household_structure,tfn_3_more_gen,6598
1/1/2015,NORTH-EAST REGION,female,age_group,age_50_54,31600
1/1/2000,WEST REGION,,income_from_work,sgd_3000_to_3999,56319
1/1/2000,WEST REGION,female,ethnic_distribution,indian,24417
1/1/2000,CENTRAL REGION,,education_attending,post_secondary,11977
1/1/2000,WEST REGION,,household_income,sgd_5000_to_5999,19846
1/1/2015,CENTRAL REGION,,household_income,sgd_8000_to_8999,12400
1/1/2000,WEST REGION,,industry,public_admin_education,0
1/1/2015,EAST REGION,female,age_group,age_35_39,25420
1/1/2010,NORTH-EAST REGION,,dwelling_type_household,hdb_1_and_2_room_flats,5702
1/1/2020,NORTH-EAST REGION,,mode_of_transport_work,mrt_car,0
1/1/2010,CENTRAL REGION,,language_literate,,
1/1/2010,NORTH REGION,,household_size,person4,35905
1/1/2010,WEST REGION,,education_attending,primary,73157
1/1/2000,NORTH-EAST REGION,female,economic_status,,
1/1/2000,CENTRAL REGION,,dwelling_type_household,hdb_5_room_and_executive_flats,33848
1/1/2015,NORTH-EAST REGION,female,economic_status,inactive,141300
1/1/2000,EAST REGION,,religion,catholic_christian,23424
1/1/2000,NORTH REGION,,mode_of_transport_work,pvt_chartered_bus_van,0
1/1/2010,WEST REGION,male,age_group,age_50_54,35920
1/1/2010,EAST REGION,,income_from_work,sgd_8000_to_8999,
1/1/2010,EAST REGION,,income_from_work,,
1/1/2010,NORTH REGION,male,age_group,age_85_over,700
1/1/2015,CENTRAL REGION,,household_size,person7,
1/1/2000,WEST REGION,,industry,transportation_storage,0
1/1/2010,EAST REGION,male,marital_status,divorced,5984
1/1/2000,NORTH-EAST REGION,,mode_of_transport_work,mrt,11513
1/1/2000,EAST REGION,,household_structure,ofn_3_more_gen,12117
1/1/2010,NORTH-EAST REGION,,mode_of_transport_school,mrt_other,729
1/1/2000,EAST REGION,,dwelling_type_household,total_hdb,148660
1/1/2010,WEST REGION,,income_from_work,sgd_2000_to_2499,45329
1/1/2020,NORTH-EAST REGION,,mode_of_transport_school,lorry_pickup,246
1/1/2010,CENTRAL REGION,female,age_group,age_30_34,38180
1/1/2000,CENTRAL REGION,,language_literate,l2_other_two,1443
1/1/2020,NORTH-EAST REGION,,language_literate,l3_eng_chi_mal,28583
1/1/2010,EAST REGION,,mode_of_transport_work,car,89976
1/1/2015,WEST REGION,,dwelling_type_household,hdb_4_room_flats,99200
1/1/2000,EAST REGION,male,economic_status,employed,169305
1/1/2015,NORTH-EAST REGION,,income_from_work,sgd_1000_to_1999,0
1/1/2020,CENTRAL REGION,,mode_of_transport_work,mrt_bus,0
1/1/2015,NORTH-EAST REGION,,mode_of_transport_work,motorcycle_scooter,14400
1/1/2020,CENTRAL REGION,,religion,other_christians,125973
1/1/2010,WEST REGION,,industry,manufacturing,84251
1/1/2020,CENTRAL REGION,,education_attending,polytechnic,11068
1/1/2000,WEST REGION,,household_size,,
1/1/2000,EAST REGION,,household_structure,ofn_2_gen,114527
1/1/2010,NORTH REGION,male,age_group,age_0_4,14910
1/1/2010,NORTH-EAST REGION,male,age_group,age_45_49,30940
1/1/2000,NORTH REGION,,mode_of_transport_school,no_transport_required,38307
1/1/2010,EAST REGION,female,marital_status,,
1/1/2000,NORTH-EAST REGION,,language_spoken_at_home,eng_chn_dlt,0
1/1/2000,NORTH REGION,,mode_of_transport_school,mrt,7631
1/1/2020,NORTH-EAST REGION,,household_income,sgd_20000_over,39483
1/1/2000,NORTH-EAST REGION,,household_income,sgd_8000_over,31887
1/1/2020,WEST REGION,,income_from_work,below_sgd_1000,34991
1/1/2010,WEST REGION,male,age_group,age_55_59,29100
1/1/2015,NORTH REGION,,mode_of_transport_school,motorcycle_scooter,0
1/1/2020,WEST REGION,male,age_group,age_60_64,32940
1/1/2000,NORTH-EAST REGION,,education_attending,secondary,34708
1/1/2000,EAST REGION,,language_literate,no_literate,28717
1/1/2000,CENTRAL REGION,,mode_of_transport_school,car,18160
1/1/2015,EAST REGION,,income_from_work,total,381100
1/1/2015,CENTRAL REGION,,language_literate,l1_tam,2900
1/1/2015,EAST REGION,,industry,accommodation_food_services,22600
1/1/2020,NORTH REGION,,household_income,sgd_14000_to_14999,5225
1/1/2020,EAST REGION,,language_spoken_at_home,oth_ind_lang_eng,3571
1/1/2020,WEST REGION,,mode_of_transport_work,mrt_car,0
1/1/2000,CENTRAL REGION,female,age_group,age_55_59,23570
1/1/2015,WEST REGION,,tenancy,owner,255500
1/1/2020,NORTH REGION,,tenancy,owner,169797
1/1/2000,WEST REGION,,language_literate,l2_eng_non_off,3241
1/1/2015,WEST REGION,female,age_group,age_15_19,29910
1/1/2010,CENTRAL REGION,,language_spoken_at_home,others,11091
1/1/2015,WEST REGION,male,economic_status,inactive,84800
1/1/2010,NORTH REGION,,household_size,person2,22860
1/1/2015,NORTH-EAST REGION,female,ethnic_distribution,chinese,344060
1/1/2010,NORTH-EAST REGION,,mode_of_transport_work,mrt_bus,64401
1/1/2000,WEST REGION,,language_literate,l1_eng,62939
1/1/2015,WEST REGION,male,age_group,age_80_84,3530
1/1/2015,NORTH-EAST REGION,,mode_of_transport_work,taxi,5100
1/1/2000,NORTH-EAST REGION,,mode_of_transport_work,pvt_chartered_bus_van,0
1/1/2010,CENTRAL REGION,,income_from_work,below_sgd_1000,56839
1/1/2020,EAST REGION,,income_from_work,sgd_4000_to_4999,37229
1/1/2015,CENTRAL REGION,female,age_group,age_25_29,29970
1/1/2020,NORTH-EAST REGION,,income_from_work,sgd_12000_over,0
1/1/2010,WEST REGION,,mode_of_transport_work,mrt_bus,76889
1/1/2020,EAST REGION,,household_income,sgd_2000_to_2999,10545
1/1/2000,NORTH REGION,female,economic_status,inactive,73887
1/1/2010,CENTRAL REGION,,language_spoken_at_home,eng_mand,0
1/1/2010,NORTH REGION,female,marital_status,divorced,8383
1/1/2015,WEST REGION,,education_attending,pre_primary,14000
1/1/2015,WEST REGION,,dwelling_type_population,hdb_3_room_flats,126410
1/1/2020,CENTRAL REGION,,mode_of_transport_school,pvt_chartered_bus,0
1/1/2020,NORTH-EAST REGION,,industry,construction,23229
1/1/2000,CENTRAL REGION,,language_spoken_at_home,chn_dlt_eng,0
1/1/2000,NORTH REGION,,income_from_work,,
1/1/2010,CENTRAL REGION,male,marital_status,single,132845
1/1/2000,NORTH-EAST REGION,,mode_of_transport_work,mrt_lrt_only,0
1/1/2010,NORTH-EAST REGION,,dwelling_type_population,total,747610
1/1/2020,WEST REGION,,language_spoken_at_home,mandarin,62843
1/1/2010,WEST REGION,,religion,taoism,84702
1/1/2015,EAST REGION,male,age_group,age_45_49,25760
1/1/2015,EAST REGION,,language_spoken_at_home,chn_dlt_mand,0
1/1/2000,NORTH-EAST REGION,male,age_group,age_85_over,1000
1/1/2010,NORTH REGION,male,economic_status,employed,147763
1/1/2020,NORTH REGION,female,age_group,age_70_74,9060
1/1/2000,NORTH REGION,,household_size,person6,9056
1/1/2000,EAST REGION,male,age_group,age_0_4,25920
1/1/2015,WEST REGION,,mode_of_transport_school,others,3200
1/1/2010,EAST REGION,,mode_of_transport_school,mrt,6244
1/1/2020,WEST REGION,,household_income,sgd_6000_to_6999,17141
1/1/2015,NORTH REGION,,dwelling_type_population,hdb_5_room_and_executive_flats,187400
1/1/2015,NORTH REGION,,income_from_work,sgd_9000_to_9999,7500
1/1/2020,NORTH-EAST REGION,,language_spoken_at_home,chn_dlt_mand,38638
1/1/2010,CENTRAL REGION,,income_from_work,sgd_7000_to_7999,17466
1/1/2000,NORTH REGION,,language_spoken_at_home,eng_mly,0
1/1/2020,NORTH-EAST REGION,female,ethnic_distribution,others,13170
1/1/2020,NORTH REGION,,education_attending,primary,36517
1/1/2010,NORTH-EAST REGION,,education_attending,secondary,42446
1/1/2020,WEST REGION,,mode_of_transport_work,pvt_chartered_bus,0
1/1/2010,NORTH-EAST REGION,,income_from_work,sgd_12000_14999,0
1/1/2015,EAST REGION,,language_spoken_at_home,tml_eng,0
1/1/2020,EAST REGION,male,age_group,age_5_9,15200
1/1/2010,CENTRAL REGION,,household_income,sgd_1000_to_1999,24508
1/1/2015,WEST REGION,male,age_group,total,448900
1/1/2000,NORTH REGION,,language_spoken_at_home,tml_oth_lang,0
1/1/2015,NORTH-EAST REGION,,mode_of_transport_work,others,6000
1/1/2020,NORTH-EAST REGION,,language_spoken_at_home,mly_eng,37414
1/1/2000,CENTRAL REGION,,household_income,sgd_10000_over,
1/1/2020,NORTH-EAST REGION,female,age_group,age_30_34,39960
1/1/2020,EAST REGION,,tenancy,others,2380
1/1/2020,NORTH REGION,male,economic_status,inactive,54246
1/1/2000,EAST REGION,female,age_group,age_45_49,25690
1/1/2010,CENTRAL REGION,,mode_of_transport_school,no_transport_required,28982
1/1/2000,CENTRAL REGION,,language_spoken_at_home,mand_chn_dlt,0
1/1/2020,WEST REGION,,tenancy,tenant,23494
1/1/2000,NORTH REGION,,dwelling_type_population,others,2140
1/1/2015,WEST REGION,,industry,manufacturing,75000
1/1/2000,EAST REGION,,mode_of_transport_school,taxi,236
1/1/2010,NORTH REGION,,mode_of_transport_work,mrt_lrt_only,0
1/1/2015,NORTH REGION,,tenancy,tenant,8400
1/1/2000,NORTH-EAST REGION,,religion,other_christians,39947
1/1/2010,CENTRAL REGION,,language_spoken_at_home,oth_ind_lang_eng,0
1/1/2020,WEST REGION,,household_size,person4,65986
1/1/2020,NORTH-EAST REGION,,language_spoken_at_home,oth_lang_eng,3492
1/1/2000,NORTH REGION,,tenancy,,
1/1/2010,EAST REGION,,mode_of_transport_school,no_transport_required,39331
1/1/2000,WEST REGION,,dwelling_type_population,hdb_5_room_and_executive_flats,230580
1/1/2000,NORTH-EAST REGION,,language_spoken_at_home,tml_eng,0
1/1/2000,EAST REGION,,language_spoken_at_home,mand_chn_dlt,0
1/1/2010,WEST REGION,female,economic_status,employed,192540
1/1/2000,CENTRAL REGION,female,age_group,age_45_49,37420
1/1/2020,WEST REGION,male,age_group,age_70_74,17590
1/1/2020,CENTRAL REGION,,tenancy,others,4925
1/1/2000,EAST REGION,,household_income,sgd_10000_over,
1/1/2015,WEST REGION,,language_spoken_at_home,other_indian_languages,8700
1/1/2000,CENTRAL REGION,,religion,other_christians,86737
1/1/2020,NORTH REGION,,language_spoken_at_home,eng_oth_ind_lang,4403
1/1/2000,WEST REGION,,mode_of_transport_work,no_transport_required,16963
1/1/2000,NORTH REGION,female,economic_status,,
1/1/2015,CENTRAL REGION,,religion,other_religions,1900
1/1/2010,NORTH REGION,male,age_group,age_20_24,18390
1/1/2020,NORTH-EAST REGION,female,economic_status,employed,243679
1/1/2000,WEST REGION,,household_income,sgd_17500_to_19999,
1/1/2015,CENTRAL REGION,,industry,health_social_services,26700
1/1/2000,WEST REGION,,mode_of_transport_work,mrt,30865
1/1/2020,EAST REGION,,income_from_work,sgd_3000_to_3999,46575
1/1/2000,NORTH REGION,,language_literate,l3_eng_chi_mal,4617
1/1/2015,NORTH REGION,male,age_group,age_55_59,19240
1/1/2020,EAST REGION,,industry,public_admin_education,51067
1/1/2010,CENTRAL REGION,,household_structure,ofn_2_gen,155860
1/1/2020,EAST REGION,female,age_group,age_60_64,27180
1/1/2010,EAST REGION,,language_spoken_at_home,eng_mly,0
1/1/2000,NORTH REGION,,religion,,
1/1/2020,EAST REGION,,household_income,sgd_5000_to_5999,12012
1/1/2010,NORTH REGION,,dwelling_type_household,hdb_4_room_flats,63217
1/1/2000,NORTH REGION,,tenancy,tenant,2364
1/1/2015,NORTH-EAST REGION,,income_from_work,sgd_3000_to_3999,60700
1/1/2015,NORTH REGION,female,ethnic_distribution,malays,53270
1/1/2000,EAST REGION,,language_spoken_at_home,mand_oth_lang,0
1/1/2010,NORTH REGION,female,age_group,age_65_69,5500
1/1/2020,NORTH-EAST REGION,,income_from_work,sgd_6000_over,0
1/1/2015,NORTH-EAST REGION,female,age_group,age_85_over,5500
1/1/2010,NORTH REGION,,religion,buddhism,135116
1/1/2020,NORTH REGION,male,age_group,age_20_24,20930
1/1/2010,NORTH REGION,,language_spoken_at_home,eng_oth_ind_lang,0
1/1/2015,EAST REGION,male,age_group,age_80_84,3490
1/1/2010,NORTH-EAST REGION,female,economic_status,employed,167786
1/1/2015,EAST REGION,female,age_group,age_15_19,23010
1/1/2000,NORTH REGION,,dwelling_type_population,condominiums_and_other_apartments,2320
1/1/2000,EAST REGION,,language_literate,l1_eng,70103
1/1/2015,EAST REGION,male,economic_status,inactive,67700
1/1/2015,EAST REGION,,language_literate,l2_other_two,1200
1/1/2020,CENTRAL REGION,,industry,transportation_storage,33897
1/1/2000,NORTH-EAST REGION,,industry,other_comm_social_personal,0
1/1/2015,CENTRAL REGION,,dwelling_type_household,total_hdb,220500
1/1/2010,NORTH REGION,,income_from_work,sgd_2000_to_2499,27950
1/1/2015,CENTRAL REGION,,household_structure,ofn_3_more_gen,14500
1/1/2000,EAST REGION,,mode_of_transport_school,car,11181
1/1/2010,NORTH-EAST REGION,,household_income,sgd_17500_to_19999,
1/1/2020,CENTRAL REGION,,language_spoken_at_home,oth_ind_lang_eng,3690
1/1/2000,EAST REGION,female,age_group,age_55_59,10800
1/1/2000,NORTH REGION,,income_from_work,sgd_12000_over,
1/1/2000,CENTRAL REGION,,language_literate,no_literate,66246
1/1/2020,NORTH REGION,,mode_of_transport_work,mrt_lrt_only,47952
1/1/2010,NORTH REGION,,mode_of_transport_school,taxi_pvt_hire_car_only,0
1/1/2015,NORTH REGION,,language_literate,l2_eng_non_off,8400
1/1/2015,CENTRAL REGION,,industry,accommodation_food_services,36600
1/1/2015,CENTRAL REGION,,income_from_work,total,469400
1/1/2015,EAST REGION,,language_literate,l1_tam,800
1/1/2020,NORTH-EAST REGION,,language_literate,l2_eng_mal,75559
1/1/2000,EAST REGION,,industry,other_comm_social_personal,0
1/1/2020,EAST REGION,,dwelling_type_population,total_hdb,504970
1/1/2000,WEST REGION,,income_from_work,sgd_1500_to_1999,51804
1/1/2015,NORTH-EAST REGION,,income_from_work,sgd_2500_to_2999,29200
1/1/2010,CENTRAL REGION,,language_literate,l2_eng_tam,24300
1/1/2015,EAST REGION,,mode_of_transport_school,mrt_other,0
1/1/2020,NORTH REGION,,household_income,sgd_8000_over,0
1/1/2010,NORTH-EAST REGION,,dwelling_type_household,,
1/1/2000,EAST REGION,,industry,hotels_restaurants,16305
1/1/2010,NORTH-EAST REGION,,mode_of_transport_work,lorry_pickup,9184
1/1/2020,NORTH-EAST REGION,,mode_of_transport_work,mrt_other,0
1/1/2020,NORTH-EAST REGION,female,age_group,age_55_59,32290
1/1/2015,EAST REGION,,mode_of_transport_work,no_transport_required,30900
1/1/2010,NORTH REGION,,mode_of_transport_school,,
1/1/2010,CENTRAL REGION,,industry,admin_support_services,25239
1/1/2000,CENTRAL REGION,,mode_of_transport_school,others,9094
1/1/2020,WEST REGION,male,age_group,age_40_44,31730
1/1/2015,NORTH REGION,,dwelling_type_household,landed_properties,2600
1/1/2000,NORTH REGION,,mode_of_transport_work,lorry_pickup,5066
1/1/2010,WEST REGION,,income_from_work,sgd_15000_over,0
1/1/2015,NORTH REGION,,household_income,sgd_2000_to_2999,11000
1/1/2015,WEST REGION,,language_literate,l3_eng_mal_tam,
1/1/2020,WEST REGION,,language_spoken_at_home,eng_tml,22982
1/1/2015,NORTH REGION,,income_from_work,sgd_4000_to_4999,31600
1/1/2000,EAST REGION,,religion,islam,103774
1/1/2000,CENTRAL REGION,female,age_group,age_75_79,9090
1/1/2000,CENTRAL REGION,,religion,buddhism,301910
1/1/2010,NORTH REGION,,language_literate,l1_non_off,576
1/1/2000,CENTRAL REGION,,language_literate,l1_chi,166310
1/1/2010,EAST REGION,male,age_group,age_35_39,25000
1/1/2020,EAST REGION,,industry,business_services,
1/1/2020,NORTH-EAST REGION,,language_literate,l1_mal,6145
1/1/2020,WEST REGION,,income_from_work,total,517410
1/1/2015,EAST REGION,,language_spoken_at_home,others,5100
1/1/2020,NORTH REGION,female,economic_status,employed,144973
1/1/2000,EAST REGION,,industry,professional_services,0
1/1/2015,EAST REGION,,dwelling_type_household,hdb_1_and_2_room_flats,7200
1/1/2015,NORTH-EAST REGION,male,age_group,age_25_29,27450
1/1/2015,EAST REGION,,dwelling_type_population,hdb_5_room_and_executive_flats,202730
1/1/2015,NORTH REGION,male,age_group,age_45_49,21730
1/1/2010,NORTH REGION,,mode_of_transport_school,mrt,11659
1/1/2020,EAST REGION,female,age_group,age_70_74,15560
1/1/2000,EAST REGION,,household_size,person6,15497
1/1/2010,CENTRAL REGION,,language_spoken_at_home,tml_oth_lang,0
1/1/2015,EAST REGION,,income_from_work,sgd_9000_to_9999,10300
1/1/2010,EAST REGION,male,economic_status,employed,197407
1/1/2000,NORTH REGION,male,age_group,age_0_4,18440
1/1/2015,NORTH REGION,,language_spoken_at_home,chn_dlt_mand,0
1/1/2015,CENTRAL REGION,,language_spoken_at_home,chn_dlt_oth_lang,0
1/1/2010,NORTH REGION,,household_income,sgd_4000_to_4999,14387
1/1/2010,NORTH-EAST REGION,,income_from_work,sgd_12000_over,
1/1/2010,NORTH-EAST REGION,,income_from_work,,
1/1/2010,NORTH REGION,,income_from_work,sgd_2000_to_2999,0
1/1/2010,WEST REGION,,dwelling_type_household,,
1/1/2000,CENTRAL REGION,,language_spoken_at_home,other_indian_languages,6232
1/1/2000,NORTH REGION,,language_literate,l1_mal,9355
1/1/2010,WEST REGION,male,marital_status,widowed,4958
1/1/2000,WEST REGION,,mode_of_transport_work,,
1/1/2010,WEST REGION,,household_income,sgd_12000_to_12999,
1/1/2000,CENTRAL REGION,,dwelling_type_household,landed_properties,19203
1/1/2010,CENTRAL REGION,,language_spoken_at_home,oth_ind_lang_oth_lang,0
1/1/2020,WEST REGION,,language_spoken_at_home,english,37411
1/1/2010,WEST REGION,female,ethnic_distribution,others,12806
1/1/2020,EAST REGION,,mode_of_transport_school,mrt_bus,0
1/1/2015,WEST REGION,,household_income,sgd_17500_to_19999,9500
1/1/2015,NORTH-EAST REGION,male,age_group,age_20_24,25770
1/1/2010,CENTRAL REGION,male,economic_status,unemployed,11278
1/1/2015,NORTH-EAST REGION,,mode_of_transport_work,other_combi_mrt_or_bus,36600
1/1/2015,NORTH REGION,,language_spoken_at_home,oth_ind_lang_oth_lang,0
1/1/2015,NORTH-EAST REGION,female,age_group,age_45_49,30280
1/1/2015,CENTRAL REGION,female,economic_status,employed,218200
1/1/2000,EAST REGION,,industry,wholesale_retail_trade,47547
1/1/2000,CENTRAL REGION,male,ethnic_distribution,malays,23268
1/1/2010,NORTH REGION,,household_size,person7,4803
1/1/2020,WEST REGION,,language_spoken_at_home,eng_chn_dlt,22288
1/1/2000,NORTH-EAST REGION,,mode_of_transport_work,lorry_pickup,6782
1/1/2015,EAST REGION,,household_structure,tfn_1to2_gen,
1/1/2010,WEST REGION,,industry,others,7227
1/1/2015,NORTH REGION,,language_spoken_at_home,oth_lang_oth_non_eng_lang,0
1/1/2010,CENTRAL REGION,,mode_of_transport_school,other_combi_mrt_or_bus,0
1/1/2020,NORTH REGION,female,age_group,age_0_4,14380
1/1/2020,NORTH-EAST REGION,,mode_of_transport_work,pvt_chartered_bus_van,8641
1/1/2015,CENTRAL REGION,,mode_of_transport_school,pvt_chartered_bus,18300
1/1/2015,WEST REGION,,language_spoken_at_home,tamil,34900
1/1/2000,CENTRAL REGION,,language_spoken_at_home,,
1/1/2015,WEST REGION,male,age_group,age_25_29,32620
1/1/2020,WEST REGION,,household_income,sgd_10000_over,0
1/1/2020,NORTH REGION,,mode_of_transport_school,bus,20227
1/1/2010,NORTH REGION,,industry,professional_services,14726
1/1/2010,NORTH-EAST REGION,,household_income,sgd_6000_to_6999,15710
1/1/2010,WEST REGION,,income_from_work,sgd_8000_over,52853
1/1/2020,EAST REGION,,religion,other_religions,1514
1/1/2020,EAST REGION,female,marital_status,divorced,14905
1/1/2015,NORTH-EAST REGION,,religion,sikhism,1500
1/1/2010,NORTH-EAST REGION,female,marital_status,married,187024
1/1/2010,WEST REGION,,dwelling_type_population,total_hdb,788750
1/1/2015,CENTRAL REGION,female,age_group,age_40_44,40690
1/1/2010,NORTH REGION,,mode_of_transport_work,motorcycle_scooter,12342
1/1/2010,NORTH-EAST REGION,,mode_of_transport_school,mrt_lrt_and_bus,0
1/1/2015,NORTH-EAST REGION,,income_from_work,sgd_2000_to_2499,35100
1/1/2020,NORTH REGION,male,age_group,age_85_over,1690
1/1/2000,EAST REGION,,language_spoken_at_home,malay,115891
1/1/2020,WEST REGION,male,age_group,age_50_54,34910
1/1/2015,NORTH-EAST REGION,,dwelling_type_household,hdb_4_room_flats,93400
1/1/2020,NORTH REGION,,household_income,sgd_8000_to_8999,10382
1/1/2015,WEST REGION,,household_income,sgd_1000_to_1999,13800
1/1/2000,CENTRAL REGION,female,age_group,age_65_69,18190
1/1/2015,CENTRAL REGION,female,economic_status,unemployed,7800
1/1/2010,CENTRAL REGION,male,age_group,total,451900
1/1/2015,WEST REGION,,income_from_work,sgd_7000_to_7999,27700
1/1/2000,CENTRAL REGION,,mode_of_transport_work,mrt_other,0
1/1/2020,NORTH-EAST REGION,male,marital_status,married,240332
1/1/2010,WEST REGION,,language_spoken_at_home,chinese_dialects,101526
1/1/2010,NORTH REGION,,dwelling_type_population,hdb_1_and_2_room_flats,4320
1/1/2015,NORTH REGION,,household_structure,tfn_3_more_gen,
1/1/2000,WEST REGION,,industry,financial_insurance_services,14887
1/1/2015,CENTRAL REGION,,language_spoken_at_home,chn_dlt_eng,0
1/1/2020,WEST REGION,,household_income,sgd_10000_to_10999,12855
1/1/2010,WEST REGION,male,age_group,age_30_34,35550
1/1/2000,WEST REGION,,education_attending,pre_primary,18822
1/1/2015,NORTH REGION,,religion,no_religion,68800
1/1/2020,NORTH-EAST REGION,male,ethnic_distribution,others,9700
1/1/2000,CENTRAL REGION,,mode_of_transport_work,taxi_pvt_hire_car_only,0
1/1/2000,WEST REGION,,dwelling_type_population,hdb_3_room_flats,141250
1/1/2020,CENTRAL REGION,,income_from_work,sgd_8000_over,0
1/1/2000,EAST REGION,,household_income,sgd_11000_to_11999,
1/1/2010,CENTRAL REGION,,religion,hinduism,37248
1/1/2015,CENTRAL REGION,,mode_of_transport_work,mrt_bus,113500
1/1/2010,NORTH REGION,,language_literate,l2_eng_mal,73198
1/1/2020,NORTH REGION,,industry,construction,17859
1/1/2010,CENTRAL REGION,,language_spoken_at_home,eng_oth_lang,0
1/1/2020,NORTH-EAST REGION,male,marital_status,divorced,11257
1/1/2000,NORTH-EAST REGION,,language_literate,l2_eng_non_off,1217
1/1/2010,NORTH REGION,,household_structure,ofn_1_gen,15850
1/1/2020,WEST REGION,,language_literate,l2_other_two,2321
1/1/2015,WEST REGION,,income_from_work,below_sgd_1000,40000
1/1/2010,CENTRAL REGION,,household_income,no_working_person,52078
1/1/2020,EAST REGION,,income_from_work,total,374489
1/1/2010,WEST REGION,male,age_group,age_35_39,37860
1/1/2020,NORTH-EAST REGION,,household_structure,ofn_3_more_gen,18162
1/1/2010,NORTH-EAST REGION,,dwelling_type_population,others,7110
1/1/2000,WEST REGION,,industry,professional_services,0
1/1/2010,CENTRAL REGION,male,economic_status,inactive,109587
1/1/2020,WEST REGION,,industry,business_services,
1/1/2015,WEST REGION,,language_spoken_at_home,others,10500
1/1/2010,CENTRAL REGION,,household_size,,
1/1/2015,WEST REGION,,dwelling_type_household,hdb_1_and_2_room_flats,8300
1/1/2020,NORTH-EAST REGION,,language_spoken_at_home,tml_oth_lang,397
1/1/2020,CENTRAL REGION,male,age_group,age_65_69,27800
1/1/2010,NORTH-EAST REGION,,household_income,sgd_7000_to_7999,13258
1/1/2015,WEST REGION,,income_from_work,sgd_6000_over,
1/1/2000,NORTH REGION,female,age_group,age_85_over,780
1/1/2010,NORTH REGION,,language_spoken_at_home,english,111202
1/1/2000,WEST REGION,female,age_group,age_50_54,20910
1/1/2020,NORTH-EAST REGION,,education_attending,pre_primary,15100
1/1/2020,NORTH REGION,male,marital_status,widowed,4000
1/1/2015,EAST REGION,,household_income,sgd_2000_to_2999,9500
1/1/2010,WEST REGION,,household_structure,no_family_nucleus,35819
1/1/2000,NORTH-EAST REGION,female,ethnic_distribution,malays,21920
1/1/2015,NORTH REGION,,mode_of_transport_work,no_transport_required,25700
1/1/2000,CENTRAL REGION,,language_literate,l3_eng_mal_tam,2493
1/1/2015,EAST REGION,,income_from_work,sgd_4000_to_4999,39300
1/1/2000,EAST REGION,,mode_of_transport_work,lorry_pickup,5563
1/1/2015,WEST REGION,female,age_group,age_75_79,7710
1/1/2015,EAST REGION,,dwelling_type_household,landed_properties,15200
1/1/2000,CENTRAL REGION,,industry,manufacturing,61605
1/1/2000,NORTH REGION,,religion,islam,62126
1/1/2010,EAST REGION,,mode_of_transport_school,,
1/1/2000,EAST REGION,,income_from_work,sgd_1000_to_1999,0
1/1/2000,EAST REGION,,household_income,sgd_7000_to_7999,9437
1/1/2015,CENTRAL REGION,male,age_group,age_10_14,22710
1/1/2000,NORTH-EAST REGION,,education_attending,polytechnic,9574
1/1/2010,NORTH-EAST REGION,,household_structure,ofn_1_gen,27389
1/1/2015,CENTRAL REGION,,income_from_work,sgd_2000_to_2499,32200
1/1/2010,CENTRAL REGION,,mode_of_transport_school,mrt_car,533
1/1/2010,NORTH-EAST REGION,,household_income,sgd_15000_to_17499,
1/1/2000,NORTH-EAST REGION,female,economic_status,inactive,109952
1/1/2020,CENTRAL REGION,female,ethnic_distribution,malays,28930
1/1/2020,WEST REGION,,language_spoken_at_home,mand_oth_lang,1317
1/1/2020,NORTH-EAST REGION,female,age_group,age_15_19,23180
1/1/2000,WEST REGION,,dwelling_type_population,landed_properties,16440
1/1/2010,WEST REGION,,household_income,sgd_8000_to_8999,14807
1/1/2010,NORTH REGION,,tenancy,,
1/1/2000,WEST REGION,,language_literate,,
1/1/2010,NORTH REGION,,religion,other_religions,1136
1/1/2010,WEST REGION,,household_income,,
1/1/2020,NORTH-EAST REGION,male,age_group,age_70_74,17560
1/1/2010,EAST REGION,,education_attending,university,13188
1/1/2010,EAST REGION,female,age_group,age_80_84,4470
1/1/2015,CENTRAL REGION,,education_attending,primary,52200
1/1/2010,EAST REGION,male,age_group,age_15_19,28590
1/1/2010,NORTH-EAST REGION,,household_size,person5,32844
1/1/2015,EAST REGION,,dwelling_type_household,,
1/1/2000,NORTH REGION,,household_income,sgd_15000_to_17499,
1/1/2010,WEST REGION,,mode_of_transport_work,mrt_car,3067
1/1/2015,NORTH-EAST REGION,male,economic_status,inactive,78000
1/1/2000,NORTH REGION,,dwelling_type_population,hdb_4_room_flats,194730
1/1/2015,NORTH-EAST REGION,,tenancy,owner,245600
1/1/2020,NORTH-EAST REGION,,language_spoken_at_home,oth_lang_oth_non_eng_lang,1055
1/1/2000,EAST REGION,,mode_of_transport_school,pvt_chartered_bus_van,0
1/1/2020,WEST REGION,,language_spoken_at_home,oth_ind_lang_oth_lang,1322
1/1/2000,EAST REGION,male,age_group,age_70_74,5020
1/1/2010,WEST REGION,,mode_of_transport_school,taxi,269
1/1/2020,WEST REGION,,language_spoken_at_home,mand_chn_dlt,77511
1/1/2020,NORTH-EAST REGION,male,age_group,age_75_79,8780
1/1/2000,NORTH-EAST REGION,,mode_of_transport_work,no_transport_required,14610
1/1/2000,CENTRAL REGION,,household_structure,tfn_3_more_gen,8877
1/1/2010,NORTH REGION,,income_from_work,sgd_1000_to_1999,0
1/1/2000,CENTRAL REGION,,mode_of_transport_school,motorcycle_scooter,499
1/1/2010,NORTH-EAST REGION,,education_attending,university,14954
1/1/2010,NORTH REGION,,dwelling_type_household,condominiums_and_other_apartments,6090
1/1/2000,EAST REGION,,industry,financial_insurance_services,19027
1/1/2020,CENTRAL REGION,,mode_of_transport_work,mrt_lrt_and_bus,103313
1/1/2000,NORTH-EAST REGION,,household_income,below_sgd_1000,16681
1/1/2010,EAST REGION,,language_spoken_at_home,chinese_dialects,75270
1/1/2015,NORTH REGION,,mode_of_transport_work,mrt_other,0
1/1/2010,NORTH REGION,,household_income,sgd_7000_to_7999,9389
1/1/2000,WEST REGION,female,age_group,age_40_44,34580
1/1/2020,NORTH REGION,female,marital_status,divorced,14026
1/1/2015,NORTH-EAST REGION,female,ethnic_distribution,indian,33970
1/1/2010,NORTH-EAST REGION,,industry,construction,20708
1/1/2020,NORTH REGION,,religion,other_religions,1164
1/1/2000,NORTH-EAST REGION,,household_income,sgd_15000_to_17499,
1/1/2020,CENTRAL REGION,,language_spoken_at_home,eng_mand,238386
1/1/2010,NORTH-EAST REGION,,mode_of_transport_school,other_combi_mrt_or_bus,0
1/1/2020,CENTRAL REGION,male,age_group,age_75_79,13130
1/1/2010,WEST REGION,,dwelling_type_population,landed_properties,19970
1/1/2020,CENTRAL REGION,male,marital_status,single,119602
1/1/2010,WEST REGION,,language_spoken_at_home,mandarin,330769
1/1/2010,CENTRAL REGION,,income_from_work,sgd_10000_to_10999,
1/1/2015,NORTH-EAST REGION,,industry,manufacturing,47200
1/1/2000,EAST REGION,,income_from_work,total,280914
1/1/2000,WEST REGION,,household_size,person_more_8,2688
1/1/2015,WEST REGION,,income_from_work,sgd_11000_to_11999,7100
1/1/2010,NORTH REGION,male,age_group,age_40_44,22460
1/1/2010,CENTRAL REGION,,education_attending,secondary,46151
1/1/2000,CENTRAL REGION,,dwelling_type_household,hdb_3_room_flats,92181
1/1/2015,CENTRAL REGION,,language_literate,l3_other_three,
1/1/2020,NORTH-EAST REGION,,industry,wholesale_retail_trade,79358
1/1/2000,EAST REGION,,income_from_work,sgd_6000_to_6999,
1/1/2020,EAST REGION,male,age_group,age_55_59,28160
1/1/2010,NORTH REGION,,household_income,below_sgd_1000,3630
1/1/2015,CENTRAL REGION,male,ethnic_distribution,chinese,356050
1/1/2010,NORTH-EAST REGION,,household_income,sgd_9000_to_9999,9998
1/1/2010,NORTH-EAST REGION,,language_literate,l2_eng_tam,20626
1/1/2015,NORTH REGION,female,age_group,age_60_64,13330
1/1/2010,NORTH REGION,,industry,information_communications,9009
1/1/2010,NORTH REGION,female,marital_status,married,123015
1/1/2010,NORTH-EAST REGION,male,economic_status,employed,215851
1/1/2000,NORTH REGION,,dwelling_type_household,hdb_1_and_2_room_flats,900
1/1/2015,WEST REGION,,industry,other_services_industries,0
1/1/2000,NORTH REGION,,industry,arts_entertainment_recreation,0
1/1/2000,NORTH-EAST REGION,male,age_group,age_80_84,1430
1/1/2010,NORTH REGION,,language_spoken_at_home,,
1/1/2015,EAST REGION,,household_income,sgd_10000_to_10999,9200
1/1/2015,CENTRAL REGION,,industry,professional_services,41200
1/1/2015,NORTH-EAST REGION,,industry,others,4800
1/1/2020,NORTH REGION,,industry,wholesale_retail_trade,45065
1/1/2020,EAST REGION,,mode_of_transport_school,taxi_pvt_hire_car_only,794
1/1/2010,WEST REGION,,language_literate,l1_eng,59604
1/1/2000,CENTRAL REGION,,language_spoken_at_home,others,2439
1/1/2015,NORTH-EAST REGION,,religion,buddhism,258600
1/1/2010,WEST REGION,,religion,,
1/1/2020,CENTRAL REGION,,income_from_work,sgd_2500_to_2999,0
1/1/2015,EAST REGION,,language_literate,l1_chi,69200
1/1/2015,NORTH-EAST REGION,,language_spoken_at_home,tml_eng,0
1/1/2015,CENTRAL REGION,female,age_group,age_45_49,36500
1/1/2015,EAST REGION,,language_spoken_at_home,mand_chn_dlt,0
1/1/2015,EAST REGION,,tenancy,others,1000
1/1/2020,WEST REGION,male,economic_status,inactive,95038
1/1/2010,NORTH-EAST REGION,female,marital_status,divorced,12725
1/1/2010,CENTRAL REGION,,industry,business_services,0
1/1/2000,CENTRAL REGION,female,age_group,age_0_4,21800
1/1/2020,CENTRAL REGION,,mode_of_transport_school,taxi_pvt_hire_car_only,1429
1/1/2020,WEST REGION,,language_spoken_at_home,chn_dlt_eng,8892
1/1/2015,CENTRAL REGION,,language_literate,l1_chi,107400
1/1/2015,EAST REGION,,industry,professional_services,29100
1/1/2020,EAST REGION,,income_from_work,sgd_2500_to_2999,0
1/1/2000,EAST REGION,,language_spoken_at_home,others,1340
1/1/2015,CENTRAL REGION,,household_income,sgd_10000_to_10999,11100
1/1/2015,EAST REGION,,language_spoken_at_home,tamil,11900
1/1/2015,EAST REGION,male,age_group,age_25_29,24840
1/1/2020,NORTH-EAST REGION,,industry,transport_communications,
1/1/2020,EAST REGION,,household_income,sgd_10000_over,0
1/1/2010,NORTH-EAST REGION,,household_income,sgd_2000_to_2999,18646
1/1/2010,NORTH-EAST REGION,,mode_of_transport_school,no_transport_required,39275
1/1/2000,NORTH-EAST REGION,,industry,business_services,31650
1/1/2020,NORTH REGION,female,age_group,age_10_14,15580
1/1/2015,NORTH-EAST REGION,female,age_group,age_80_84,6260
1/1/2000,CENTRAL REGION,,religion,taoism,58851
1/1/2015,EAST REGION,,language_literate,l3_other_three,
1/1/2000,EAST REGION,,dwelling_type_household,hdb_3_room_flats,35502
1/1/2000,CENTRAL REGION,,income_from_work,total,405522
1/1/2010,EAST REGION,,education_attending,secondary,47672
1/1/2000,NORTH REGION,,income_from_work,sgd_11000_to_11999,
1/1/2020,CENTRAL REGION,male,age_group,age_0_4,18100
1/1/2015,EAST REGION,,language_spoken_at_home,eng_tml,0
1/1/2000,EAST REGION,female,age_group,age_25_29,24680
1/1/2010,NORTH REGION,,mode_of_transport_work,mrt_bus,53625
1/1/2000,WEST REGION,female,economic_status,inactive,141825
1/1/2010,EAST REGION,,household_income,total,201650
1/1/2015,NORTH-EAST REGION,,language_spoken_at_home,english,302500
1/1/2000,CENTRAL REGION,female,economic_status,employed,168427
1/1/2020,NORTH-EAST REGION,,dwelling_type_population,hdb_4_room_flats,330480
1/1/2010,NORTH-EAST REGION,male,ethnic_distribution,,
1/1/2020,NORTH-EAST REGION,,religion,other_religions,1956
1/1/2020,NORTH-EAST REGION,,mode_of_transport_work,taxi_pvt_hire_car_only,13759
1/1/2020,NORTH REGION,,language_literate,l1_chi,63124
1/1/2010,EAST REGION,,language_literate,l2_eng_non_off,15219
1/1/2010,CENTRAL REGION,male,marital_status,,
1/1/2010,WEST REGION,,language_literate,no_literate,26107
1/1/2015,EAST REGION,,industry,wholesale_retail_trade,62500
1/1/2015,CENTRAL REGION,,language_spoken_at_home,eng_tml,0
1/1/2015,NORTH-EAST REGION,,mode_of_transport_school,lorry_pickup,0
1/1/2015,NORTH-EAST REGION,,language_literate,l3_eng_chi_mal,
1/1/2020,EAST REGION,male,age_group,age_0_4,13870
1/1/2010,NORTH-EAST REGION,,language_literate,no_literate,26948
1/1/2010,NORTH-EAST REGION,,mode_of_transport_school,mrt,7124
1/1/2020,WEST REGION,male,age_group,age_10_14,24620
1/1/2000,WEST REGION,,religion,no_religion,82368
1/1/2000,CENTRAL REGION,female,age_group,age_25_29,36820
1/1/2000,NORTH-EAST REGION,,mode_of_transport_school,,
1/1/2000,WEST REGION,,household_income,sgd_6000_to_6999,15258
1/1/2010,CENTRAL REGION,,household_income,total,312931
1/1/2010,NORTH-EAST REGION,male,ethnic_distribution,chinese,297072
1/1/2020,EAST REGION,,language_spoken_at_home,other_indian_languages,0
1/1/2000,WEST REGION,,language_spoken_at_home,mandarin,272340
1/1/2015,CENTRAL REGION,,dwelling_type_population,others,14810
1/1/2000,NORTH REGION,,language_spoken_at_home,eng_chn_dlt,0
1/1/2010,NORTH-EAST REGION,female,age_group,age_65_69,11630
1/1/2000,NORTH-EAST REGION,,industry,construction,18471
1/1/2010,NORTH-EAST REGION,,household_income,sgd_5000_to_5999,17576
1/1/2010,NORTH-EAST REGION,,language_spoken_at_home,eng_mand,0
1/1/2020,CENTRAL REGION,,household_structure,tfn_1to2_gen,2740
1/1/2015,EAST REGION,,language_literate,l1_non_off,600
1/1/2015,CENTRAL REGION,male,ethnic_distribution,indian,44550
1/1/2010,WEST REGION,female,age_group,age_5_9,27050
1/1/2015,NORTH REGION,male,age_group,age_35_39,20030
1/1/2020,NORTH-EAST REGION,male,age_group,age_20_24,25940
1/1/2015,NORTH-EAST REGION,,language_spoken_at_home,eng_tml,0
1/1/2020,CENTRAL REGION,,income_from_work,sgd_12000_over,0
1/1/2015,NORTH-EAST REGION,,language_spoken_at_home,mand_eng,0
1/1/2020,EAST REGION,female,ethnic_distribution,malays,63690
1/1/2010,EAST REGION,,mode_of_transport_school,mrt_car,446
1/1/2010,NORTH REGION,male,age_group,age_50_54,19660
1/1/2000,NORTH REGION,,industry,transportation_storage,0
1/1/2010,WEST REGION,male,age_group,age_85_over,1470
1/1/2000,WEST REGION,,mode_of_transport_work,pvt_chartered_bus_van,0
1/1/2015,WEST REGION,,household_income,sgd_2000_to_2999,15500
1/1/2015,NORTH REGION,,language_literate,l3_eng_mal_tam,
1/1/2010,EAST REGION,,household_structure,no_family_nucleus,30027
1/1/2010,NORTH-EAST REGION,,religion,sikhism,1602
1/1/2010,NORTH-EAST REGION,,industry,wholesale_retail_trade,69218
1/1/2020,NORTH-EAST REGION,male,age_group,age_65_69,24410
1/1/2010,NORTH REGION,,income_from_work,sgd_15000_over,0
1/1/2015,EAST REGION,female,age_group,age_75_79,7650
1/1/2015,WEST REGION,,income_from_work,sgd_4000_to_4999,55500
1/1/2020,CENTRAL REGION,,education_attending,secondary,35064
1/1/2015,WEST REGION,,dwelling_type_household,landed_properties,6300
1/1/2020,NORTH REGION,,language_spoken_at_home,eng_tml,17777
1/1/2010,WEST REGION,,mode_of_transport_school,,
1/1/2000,CENTRAL REGION,female,marital_status,,
1/1/2020,NORTH REGION,male,age_group,age_40_44,20740
1/1/2000,WEST REGION,,mode_of_transport_work,lorry_pickup,8330
1/1/2000,CENTRAL REGION,,income_from_work,sgd_9000_to_9999,
1/1/2020,EAST REGION,male,economic_status,employed,201380
1/1/2000,NORTH REGION,,household_size,person3,22115
1/1/2000,WEST REGION,,income_from_work,below_sgd_1000,31752
1/1/2010,NORTH REGION,female,age_group,age_35_39,23260
1/1/2020,NORTH REGION,,industry,financial_insurance_services,22074
1/1/2020,NORTH REGION,,mode_of_transport_school,mrt,0
1/1/2010,CENTRAL REGION,female,ethnic_distribution,indian,42022
1/1/2015,WEST REGION,,mode_of_transport_work,mrt_lrt_and_bus,0
1/1/2020,CENTRAL REGION,,mode_of_transport_work,motorcycle_scooter,8184
1/1/2000,CENTRAL REGION,,mode_of_transport_work,mrt_bus,49507
1/1/2015,NORTH REGION,,household_structure,three_more_fam_nucleus,
1/1/2010,WEST REGION,,education_attending,post_secondary,14434
1/1/2000,EAST REGION,,religion,other_religions,1142
1/1/2015,NORTH-EAST REGION,female,age_group,age_35_39,36070
1/1/2015,CENTRAL REGION,,education_attending,post_secondary,11500
1/1/2010,CENTRAL REGION,,mode_of_transport_school,pvt_chartered_bus_van,0
1/1/2000,EAST REGION,,industry,real_estate_services,0
1/1/2010,CENTRAL REGION,,mode_of_transport_work,mrt_lrt_and_bus,0
1/1/2020,EAST REGION,,income_from_work,sgd_7000_to_7999,18291
1/1/2015,WEST REGION,female,ethnic_distribution,indian,40660
1/1/2000,EAST REGION,female,age_group,age_35_39,34540
1/1/2020,EAST REGION,,language_spoken_at_home,chinese_dialects,13904
1/1/2020,EAST REGION,,household_income,sgd_1000_to_1999,10519
1/1/2010,CENTRAL REGION,male,age_group,age_5_9,22870
1/1/2015,EAST REGION,,religion,other_christians,75300
1/1/2000,NORTH-EAST REGION,,household_income,sgd_14000_to_14999,
1/1/2000,NORTH REGION,,income_from_work,sgd_10000_to_10999,
1/1/2020,EAST REGION,,religion,islam,130051
1/1/2000,NORTH REGION,,mode_of_transport_work,other_combi_mrt_or_bus,0
1/1/2000,WEST REGION,,mode_of_transport_school,mrt_bus,14372
1/1/2020,CENTRAL REGION,,household_size,person3,62529
1/1/2015,NORTH REGION,male,marital_status,married,135100
1/1/2020,WEST REGION,,mode_of_transport_school,motorcycle_scooter,1035
1/1/2015,CENTRAL REGION,,mode_of_transport_school,mrt_lrt_and_bus,0
1/1/2020,CENTRAL REGION,,religion,buddhism,222597
1/1/2015,NORTH REGION,,dwelling_type_population,total_hdb,495350
1/1/2000,EAST REGION,,language_spoken_at_home,english,148483
1/1/2020,NORTH REGION,,mode_of_transport_school,mrt_other,0
1/1/2000,NORTH-EAST REGION,,education_attending,prof_qualification_diploma,0
1/1/2010,WEST REGION,,religion,buddhism,250309
1/1/2010,WEST REGION,,language_spoken_at_home,eng_oth_ind_lang,0
1/1/2010,NORTH-EAST REGION,female,age_group,total,380410
1/1/2000,CENTRAL REGION,male,age_group,age_80_84,4000
1/1/2000,WEST REGION,,dwelling_type_population,condominiums_and_other_apartments,35500
1/1/2000,CENTRAL REGION,female,age_group,age_15_19,24510
1/1/2010,NORTH-EAST REGION,,household_income,,
1/1/2010,EAST REGION,,household_size,person2,33912
1/1/2020,WEST REGION,male,age_group,age_20_24,31260
1/1/2000,NORTH-EAST REGION,,industry,health_social_services,0
1/1/2015,WEST REGION,,mode_of_transport_school,car,14200
1/1/2015,EAST REGION,male,age_group,age_65_69,16190
1/1/2000,EAST REGION,male,economic_status,unemployed,9371
1/1/2020,NORTH-EAST REGION,,religion,buddhism,263702
1/1/2000,WEST REGION,,language_literate,l1_tam,3073
1/1/2020,NORTH REGION,female,age_group,age_50_54,22390
1/1/2010,CENTRAL REGION,,industry,hotels_restaurants,0
1/1/2020,WEST REGION,female,age_group,age_85_over,6290
1/1/2010,EAST REGION,male,ethnic_distribution,malays,65480
1/1/2020,NORTH-EAST REGION,,industry,others,4361
1/1/2000,NORTH-EAST REGION,,income_from_work,sgd_9000_to_9999,
1/1/2020,NORTH REGION,,household_income,sgd_10000_over,0
1/1/2020,WEST REGION,female,age_group,age_0_4,19580
1/1/2015,NORTH REGION,male,age_group,age_25_29,19970
1/1/2000,CENTRAL REGION,male,economic_status,inactive,93417
1/1/2020,WEST REGION,,mode_of_transport_school,bus,42000
1/1/2020,EAST REGION,female,age_group,age_10_14,15920
1/1/2020,NORTH-EAST REGION,,income_from_work,sgd_8000_to_8999,25351
1/1/2015,CENTRAL REGION,,language_literate,l1_eng,90900
1/1/2010,CENTRAL REGION,,dwelling_type_population,hdb_4_room_flats,215870
1/1/2010,CENTRAL REGION,,household_income,sgd_15000_to_17499,
1/1/2015,NORTH-EAST REGION,,household_income,sgd_4000_to_4999,15800
1/1/2015,NORTH REGION,,language_spoken_at_home,tamil,19300
1/1/2010,WEST REGION,,industry,professional_services,30419
1/1/2015,NORTH-EAST REGION,,language_spoken_at_home,chn_dlt_eng,0
1/1/2010,CENTRAL REGION,,income_from_work,sgd_3000_to_3999,55304
1/1/2010,NORTH REGION,,industry,real_estate_services,5678
1/1/2020,CENTRAL REGION,,language_spoken_at_home,eng_mly,25072
1/1/2010,CENTRAL REGION,,industry,public_admin_education,55157
1/1/2000,CENTRAL REGION,,education_attending,primary,67391
1/1/2010,CENTRAL REGION,,household_income,sgd_5000_to_5999,17884
1/1/2020,WEST REGION,,household_structure,no_family_nucleus,55224
1/1/2000,NORTH-EAST REGION,,household_income,sgd_12000_to_12999,
1/1/2015,CENTRAL REGION,,dwelling_type_household,hdb_3_room_flats,76600
1/1/2015,EAST REGION,female,marital_status,married,168000
1/1/2020,EAST REGION,,household_size,person2,49627
1/1/2000,CENTRAL REGION,,language_literate,l3_other_three,4521
1/1/2000,WEST REGION,,income_from_work,sgd_11000_to_11999,
1/1/2015,EAST REGION,,household_income,below_sgd_1000,3900
1/1/2020,EAST REGION,,industry,transport_communications,
1/1/2015,NORTH-EAST REGION,male,age_group,age_0_4,23880
1/1/2010,WEST REGION,,mode_of_transport_work,mrt_lrt_only,0
1/1/2010,EAST REGION,female,ethnic_distribution,chinese,242159
1/1/2000,WEST REGION,,dwelling_type_population,others,3830
1/1/2000,NORTH-EAST REGION,,language_spoken_at_home,oth_ind_lang_eng,0
1/1/2020,NORTH REGION,,tenancy,tenant,15913
1/1/2020,NORTH REGION,,household_size,person4,39942
1/1/2015,CENTRAL REGION,,language_spoken_at_home,mandarin,217300
1/1/2015,NORTH REGION,,industry,manufacturing,41900
1/1/2015,WEST REGION,,tenancy,tenant,15100
1/1/2010,CENTRAL REGION,male,age_group,age_75_79,11160
1/1/2020,CENTRAL REGION,,income_from_work,sgd_10000_to_10999,17469
1/1/2000,EAST REGION,female,age_group,total,330090
1/1/2015,NORTH-EAST REGION,female,age_group,age_5_9,23230
1/1/2020,WEST REGION,,household_income,sgd_8000_over,0
1/1/2000,NORTH REGION,,income_from_work,sgd_1500_to_1999,29171
1/1/2000,EAST REGION,,household_income,,
1/1/2000,CENTRAL REGION,,mode_of_transport_school,mrt_other,0
1/1/2010,WEST REGION,,industry,other_comm_social_personal,11959
1/1/2010,NORTH-EAST REGION,,dwelling_type_household,condominiums_and_other_apartments,14825
1/1/2010,WEST REGION,,industry,wholesale_retail_trade,75621
1/1/2015,CENTRAL REGION,,household_income,sgd_10000_over,
1/1/2020,CENTRAL REGION,,language_spoken_at_home,tamil,3154
1/1/2020,NORTH REGION,,language_literate,l1_eng,36119
1/1/2015,WEST REGION,male,age_group,age_75_79,6580
1/1/2015,NORTH REGION,,language_literate,l2_eng_tam,23000
1/1/2010,WEST REGION,female,age_group,age_40_44,37760
1/1/2015,WEST REGION,,religion,buddhism,258800
1/1/2000,CENTRAL REGION,,income_from_work,sgd_10000_to_10999,
1/1/2020,NORTH REGION,,religion,buddhism,158505
1/1/2000,NORTH-EAST REGION,,mode_of_transport_school,motorcycle_scooter,452
1/1/2020,WEST REGION,,mode_of_transport_work,mrt,0
1/1/2015,NORTH REGION,,mode_of_transport_school,mrt_lrt_and_bus,0
1/1/2020,CENTRAL REGION,,mode_of_transport_school,mrt_other,0
1/1/2020,NORTH REGION,,household_size,person3,40093
1/1/2015,CENTRAL REGION,male,marital_status,married,213100
1/1/2015,CENTRAL REGION,,dwelling_type_population,total_hdb,657040
1/1/2000,CENTRAL REGION,,mode_of_transport_work,other_combi_mrt_or_bus,0
1/1/2000,NORTH REGION,female,age_group,age_15_19,12920
1/1/2010,EAST REGION,,language_spoken_at_home,others,5831
1/1/2000,NORTH REGION,male,age_group,age_80_84,640
1/1/2020,NORTH-EAST REGION,,industry,admin_support_services,28668
1/1/2000,NORTH-EAST REGION,,industry,real_estate_services,0
1/1/2010,WEST REGION,,household_income,total,263551
1/1/2000,NORTH-EAST REGION,,tenancy,others,1600
1/1/2020,NORTH REGION,,income_from_work,sgd_4000_to_4999,36805
1/1/2000,WEST REGION,female,age_group,age_25_29,33120
1/1/2000,CENTRAL REGION,,household_income,sgd_6000_to_6999,15466
1/1/2015,WEST REGION,,language_spoken_at_home,eng_tml,0
1/1/2020,CENTRAL REGION,male,age_group,age_10_14,21840
1/1/2000,EAST REGION,female,economic_status,inactive,121600
1/1/2000,CENTRAL REGION,,religion,no_religion,120585
1/1/2020,NORTH REGION,,household_income,sgd_2000_to_2999,11095
1/1/2000,NORTH-EAST REGION,,income_from_work,sgd_2000_to_2499,34198
1/1/2015,CENTRAL REGION,female,age_group,age_65_69,28890
1/1/2010,NORTH-EAST REGION,,mode_of_transport_work,motorcycle_scooter,13131
1/1/2010,WEST REGION,,language_spoken_at_home,mand_oth_lang,0
1/1/2015,WEST REGION,,mode_of_transport_work,taxi_pvt_hire_car_only,0
1/1/2010,CENTRAL REGION,female,ethnic_distribution,malays,32777
1/1/2000,EAST REGION,,dwelling_type_household,condominiums_and_other_apartments,11593
1/1/2010,NORTH REGION,,language_spoken_at_home,tml_eng,0
1/1/2015,EAST REGION,,industry,construction,16200
1/1/2000,CENTRAL REGION,female,economic_status,unemployed,11525
1/1/2020,NORTH-EAST REGION,,language_spoken_at_home,chinese_dialects,21549
1/1/2000,WEST REGION,,household_size,person1,13179
1/1/2015,WEST REGION,,language_spoken_at_home,oth_ind_lang_oth_lang,0
1/1/2000,EAST REGION,,household_structure,no_family_nucleus,16795
1/1/2010,WEST REGION,,household_size,person7,7177
1/1/2020,NORTH REGION,,language_spoken_at_home,eng_chn_dlt,9372
1/1/2015,EAST REGION,male,ethnic_distribution,malays,63910
1/1/2020,NORTH-EAST REGION,,religion,islam,84079
1/1/2015,NORTH-EAST REGION,male,age_group,age_75_79,7220
1/1/2020,CENTRAL REGION,,language_spoken_at_home,oth_lang_oth_non_eng_lang,2212
1/1/2020,EAST REGION,,mode_of_transport_work,other_combi_mrt_lrt_or_bus,8590
1/1/2000,CENTRAL REGION,,household_structure,tfn_1to2_gen,3750
1/1/2010,EAST REGION,male,age_group,age_65_69,8960
1/1/2010,NORTH REGION,,industry,others,3415
1/1/2015,WEST REGION,,language_spoken_at_home,oth_lang_oth_non_eng_lang,0
1/1/2015,EAST REGION,,income_from_work,sgd_11000_to_11999,6800
1/1/2015,NORTH REGION,,dwelling_type_household,hdb_3_room_flats,20900
1/1/2000,EAST REGION,,household_size,person_more_8,2912
1/1/2000,WEST REGION,,income_from_work,total,352224
1/1/2020,NORTH-EAST REGION,,household_structure,ofn_1_gen,47792
1/1/2000,NORTH REGION,,language_literate,l3_other_three,1216
1/1/2015,EAST REGION,,income_from_work,sgd_8000_over,
1/1/2020,CENTRAL REGION,,tenancy,tenant,64800
1/1/2015,NORTH REGION,,language_spoken_at_home,mandarin,201900
1/1/2020,CENTRAL REGION,,household_size,person4,55557
1/1/2010,EAST REGION,male,age_group,age_60_64,17430
1/1/2010,NORTH-EAST REGION,,industry,other_services_industries,0
1/1/2020,NORTH-EAST REGION,,tenancy,tenant,25011
1/1/2010,WEST REGION,,language_spoken_at_home,oth_ind_lang_eng,0
1/1/2015,CENTRAL REGION,,industry,manufacturing,36900
1/1/2015,EAST REGION,,mode_of_transport_work,mrt_car,0
1/1/2000,NORTH-EAST REGION,,language_spoken_at_home,chn_dlt_mand,0
1/1/2000,NORTH-EAST REGION,,language_spoken_at_home,eng_mly,0
1/1/2015,CENTRAL REGION,,mode_of_transport_work,pvt_chartered_bus_van,0
1/1/2010,NORTH REGION,,household_income,sgd_8000_over,
1/1/2020,NORTH-EAST REGION,male,age_group,age_85_over,3790
1/1/2015,EAST REGION,,dwelling_type_population,landed_properties,57680
1/1/2015,NORTH-EAST REGION,,income_from_work,below_sgd_1000,35500
1/1/2015,WEST REGION,,education_attending,post_secondary,14800
1/1/2015,NORTH REGION,female,age_group,age_35_39,21490
1/1/2010,WEST REGION,male,age_group,age_5_9,28200
1/1/2015,CENTRAL REGION,female,ethnic_distribution,indian,42480
1/1/2010,WEST REGION,,mode_of_transport_work,mrt_lrt_and_bus,0
1/1/2000,NORTH-EAST REGION,,industry,arts_entertainment_recreation,0
1/1/2010,NORTH-EAST REGION,female,age_group,age_60_64,19700
1/1/2010,WEST REGION,,mode_of_transport_school,pvt_chartered_bus_van,0
1/1/2010,EAST REGION,,household_size,person4,48436
1/1/2010,CENTRAL REGION,,religion,taoism,77844
1/1/2000,NORTH REGION,male,age_group,age_45_49,14670
1/1/2020,NORTH REGION,,dwelling_type_population,hdb_5_room_and_executive_flats,186950
1/1/2015,NORTH-EAST REGION,,dwelling_type_household,condominiums_and_other_apartments,23900
1/1/2000,NORTH REGION,,income_from_work,sgd_4000_to_4999,13204
1/1/2015,CENTRAL REGION,,mode_of_transport_school,others,800
1/1/2000,NORTH REGION,,language_spoken_at_home,chn_dlt_mand,0
1/1/2020,CENTRAL REGION,,household_income,sgd_6000_to_6999,12598
1/1/2020,EAST REGION,female,economic_status,inactive,123906
1/1/2000,NORTH REGION,,household_income,sgd_2000_to_2999,18106
1/1/2010,NORTH-EAST REGION,,tenancy,tenant,17310
1/1/2010,NORTH-EAST REGION,,mode_of_transport_school,mrt_lrt_only,0
1/1/2010,NORTH REGION,,language_literate,,
1/1/2015,NORTH-EAST REGION,,language_spoken_at_home,oth_ind_lang_eng,0
1/1/2020,WEST REGION,,household_income,sgd_1000_to_1999,14805
1/1/2020,WEST REGION,,language_spoken_at_home,chinese_dialects,19647
1/1/2020,WEST REGION,,income_from_work,sgd_7000_to_7999,27753
1/1/2000,WEST REGION,,religion,other_religions,1258
1/1/2015,EAST REGION,female,ethnic_distribution,indian,28740
1/1/2000,WEST REGION,female,age_group,age_35_39,37310
1/1/2015,NORTH REGION,,household_income,sgd_8000_to_8999,11100
1/1/2010,CENTRAL REGION,,household_size,person4,58118
1/1/2000,NORTH REGION,,dwelling_type_household,hdb_5_room_and_executive_flats,36270
1/1/2000,WEST REGION,,industry,real_estate_services,0
1/1/2000,NORTH REGION,,education_attending,post_secondary,4536
1/1/2010,NORTH-EAST REGION,male,marital_status,married,188429
1/1/2015,WEST REGION,,religion,other_christians,76500
1/1/2000,CENTRAL REGION,,mode_of_transport_work,pvt_chartered_bus_van,0
1/1/2015,NORTH REGION,,household_size,person7,
1/1/2000,NORTH-EAST REGION,,income_from_work,sgd_6000_over,30838
1/1/2020,EAST REGION,,language_spoken_at_home,mand_oth_lang,645
1/1/2000,EAST REGION,,dwelling_type_population,landed_properties,57720
1/1/2010,CENTRAL REGION,male,age_group,age_85_over,4180
1/1/2015,NORTH-EAST REGION,,language_spoken_at_home,chn_dlt_mand,0
1/1/2020,WEST REGION,,industry,health_social_services,31175
1/1/2015,NORTH REGION,,mode_of_transport_school,mrt_bus,27200
1/1/2000,WEST REGION,male,marital_status,married,185287
1/1/2010,NORTH REGION,male,age_group,age_70_74,3810
1/1/2000,NORTH-EAST REGION,,language_literate,l2_eng_tam,10642
1/1/2010,NORTH REGION,,dwelling_type_household,hdb_1_and_2_room_flats,1748
1/1/2010,EAST REGION,,income_from_work,sgd_6000_over,
1/1/2000,WEST REGION,,household_income,sgd_8000_over,37304
1/1/2000,NORTH REGION,,language_spoken_at_home,eng_oth_ind_lang,0
1/1/2020,NORTH REGION,,income_from_work,sgd_1500_to_1999,0
1/1/2020,EAST REGION,female,age_group,total,351150
1/1/2010,EAST REGION,male,ethnic_distribution,,
1/1/2020,WEST REGION,,household_income,sgd_17500_to_19999,12188
1/1/2000,NORTH-EAST REGION,female,economic_status,employed,105076
1/1/2015,WEST REGION,female,age_group,age_5_9,23580
1/1/2015,CENTRAL REGION,,mode_of_transport_school,motorcycle_scooter,0
1/1/2000,WEST REGION,,industry,accommodation_food_services,0
1/1/2000,EAST REGION,,income_from_work,sgd_12000_over,
1/1/2010,WEST REGION,,language_spoken_at_home,oth_lang_oth_non_eng_lang,0
1/1/2020,CENTRAL REGION,,tenancy,owner,267720
1/1/2020,EAST REGION,,mode_of_transport_work,mrt_lrt_only,45323
1/1/2000,NORTH REGION,,mode_of_transport_school,car,3930
1/1/2015,WEST REGION,,language_literate,no_literate,23200
1/1/2015,EAST REGION,,language_literate,l2_eng_non_off,12200
1/1/2010,EAST REGION,,mode_of_transport_school,taxi_pvt_hire_car_only,0
1/1/2020,WEST REGION,female,ethnic_distribution,chinese,336690
1/1/2020,CENTRAL REGION,,household_income,sgd_14000_to_14999,6931
1/1/2015,NORTH REGION,,language_literate,l1_tam,1000
1/1/2000,NORTH REGION,female,age_group,age_55_59,5670
1/1/2000,WEST REGION,,language_spoken_at_home,tamil,23730
1/1/2020,WEST REGION,,household_income,sgd_12000_to_12999,10310
1/1/2010,NORTH REGION,,language_spoken_at_home,others,4754
1/1/2020,WEST REGION,female,ethnic_distribution,others,13320
1/1/2020,NORTH-EAST REGION,,dwelling_type_household,hdb_3_room_flats,48868
1/1/2000,EAST REGION,female,age_group,age_15_19,21110
1/1/2000,EAST REGION,male,age_group,age_80_84,1450
1/1/2010,WEST REGION,,religion,islam,126452
1/1/2010,CENTRAL REGION,,household_size,person2,72611
1/1/2000,EAST REGION,,religion,no_religion,66963
1/1/2020,NORTH-EAST REGION,,dwelling_type_household,others,561
1/1/2020,EAST REGION,male,age_group,age_10_14,16730
1/1/2015,NORTH REGION,female,age_group,age_25_29,20270
1/1/2000,EAST REGION,,household_income,sgd_6000_to_6999,12781
1/1/2015,NORTH-EAST REGION,,language_literate,l2_eng_tam,25300
1/1/2000,CENTRAL REGION,female,economic_status,inactive,182122
1/1/2010,NORTH REGION,,income_from_work,below_sgd_1000,28551
1/1/2020,WEST REGION,male,age_group,age_0_4,20450
1/1/2000,NORTH-EAST REGION,female,age_group,age_80_84,2330
1/1/2010,EAST REGION,,household_structure,three_more_fam_nucleus,585
1/1/2000,EAST REGION,,language_spoken_at_home,mly_oth_lang,0
1/1/2020,NORTH-EAST REGION,,language_spoken_at_home,mly_oth_lang,469
1/1/2010,EAST REGION,female,age_group,age_70_74,8360
1/1/2020,NORTH REGION,,mode_of_transport_work,taxi_pvt_hire_car_only,6811
1/1/2010,WEST REGION,,income_from_work,sgd_6000_to_6999,23776
1/1/2020,NORTH REGION,,dwelling_type_household,others,313
1/1/2020,CENTRAL REGION,,language_spoken_at_home,tml_oth_lang,709
1/1/2010,NORTH-EAST REGION,female,ethnic_distribution,indian,30290
1/1/2020,CENTRAL REGION,,language_literate,l1_tam,2698
1/1/2020,CENTRAL REGION,male,age_group,age_30_34,29020
1/1/2015,WEST REGION,,dwelling_type_population,landed_properties,21590
1/1/2015,WEST REGION,,mode_of_transport_work,mrt_car,0
1/1/2000,NORTH REGION,male,ethnic_distribution,,
1/1/2010,CENTRAL REGION,,household_income,sgd_10000_to_10999,
1/1/2015,EAST REGION,,household_income,sgd_20000_over,28400
1/1/2015,CENTRAL REGION,male,marital_status,single,120500
1/1/2000,CENTRAL REGION,female,age_group,age_10_14,25530
1/1/2015,CENTRAL REGION,,language_spoken_at_home,eng_mand,0
1/1/2015,EAST REGION,,household_income,total,212700
1/1/2010,NORTH REGION,,mode_of_transport_school,motorcycle_scooter,575
1/1/2010,NORTH-EAST REGION,male,marital_status,widowed,4779
1/1/2015,NORTH REGION,female,marital_status,divorced,12500
1/1/2020,WEST REGION,male,age_group,age_25_29,35090
1/1/2000,NORTH REGION,,household_income,sgd_13000_to_13999,
1/1/2015,NORTH REGION,,income_from_work,sgd_1000_to_1999,0
1/1/2020,NORTH REGION,female,age_group,age_80_84,3520
1/1/2015,CENTRAL REGION,male,ethnic_distribution,others,19890
1/1/2015,EAST REGION,female,age_group,age_20_24,26620
1/1/2020,NORTH-EAST REGION,,mode_of_transport_school,mrt_car,0
1/1/2020,NORTH REGION,,education_attending,university,12763
1/1/2000,WEST REGION,female,marital_status,single,75835
1/1/2015,WEST REGION,,mode_of_transport_work,motorcycle_scooter,19400
1/1/2020,NORTH REGION,male,age_group,age_15_19,18130
1/1/2015,NORTH REGION,,household_income,sgd_7000_to_7999,10500
1/1/2010,EAST REGION,,mode_of_transport_school,other_combi_mrt_lrt_or_bus,0
1/1/2020,NORTH REGION,,mode_of_transport_school,mrt_car,0
1/1/2000,NORTH-EAST REGION,female,ethnic_distribution,,
1/1/2020,WEST REGION,,income_from_work,sgd_8000_to_8999,22605
1/1/2020,NORTH-EAST REGION,,language_literate,no_literate,22067
1/1/2000,EAST REGION,male,age_group,total,325920
1/1/2010,CENTRAL REGION,,language_spoken_at_home,malay,51260
1/1/2020,EAST REGION,,language_literate,l3_other_three,
1/1/2010,NORTH REGION,,mode_of_transport_work,lorry_pickup,7487
1/1/2010,CENTRAL REGION,female,age_group,age_75_79,13750
1/1/2000,WEST REGION,,language_spoken_at_home,tml_eng,0
1/1/2020,NORTH-EAST REGION,male,ethnic_distribution,chinese,361810
1/1/2020,NORTH REGION,,mode_of_transport_work,taxi,0
1/1/2015,NORTH-EAST REGION,,mode_of_transport_school,mrt_other,0
1/1/2010,NORTH REGION,,language_literate,l3_other_three,10644
1/1/2020,EAST REGION,,mode_of_transport_work,lorry_pickup,3606
1/1/2015,NORTH REGION,,education_attending,secondary,32000
1/1/2020,EAST REGION,male,marital_status,divorced,8471
1/1/2015,CENTRAL REGION,male,age_group,age_40_44,38460
1/1/2020,NORTH-EAST REGION,male,ethnic_distribution,malays,44190
1/1/2020,EAST REGION,,mode_of_transport_work,car,81976
1/1/2020,CENTRAL REGION,,language_literate,l3_eng_mal_tam,2937
1/1/2020,WEST REGION,,income_from_work,sgd_2000_to_2499,0
1/1/2015,NORTH-EAST REGION,,language_literate,l1_tam,1700
1/1/2000,EAST REGION,,language_literate,l3_other_three,3043
1/1/2015,CENTRAL REGION,,household_income,below_sgd_1000,8600
1/1/2015,CENTRAL REGION,female,marital_status,married,204100
1/1/2010,WEST REGION,male,age_group,age_40_44,38150
1/1/2015,EAST REGION,,dwelling_type_household,hdb_3_room_flats,35500
1/1/2015,NORTH REGION,,income_from_work,sgd_11000_to_11999,3000
1/1/2015,NORTH-EAST REGION,,mode_of_transport_school,motorcycle_scooter,0
1/1/2000,NORTH REGION,,household_size,person_more_8,1528
1/1/2020,CENTRAL REGION,,industry,transport_communications,
1/1/2000,NORTH-EAST REGION,female,ethnic_distribution,chinese,217317
1/1/2020,CENTRAL REGION,,household_size,person2,84030
1/1/2020,WEST REGION,,language_spoken_at_home,eng_mand,205318
1/1/2010,CENTRAL REGION,,dwelling_type_population,landed_properties,85320
1/1/2020,WEST REGION,male,age_group,age_75_79,8110
1/1/2020,NORTH REGION,,language_literate,l2_eng_tam,23808
1/1/2010,CENTRAL REGION,,language_spoken_at_home,mandarin,236712
1/1/2000,CENTRAL REGION,female,age_group,age_40_44,40750
1/1/2010,EAST REGION,,mode_of_transport_work,pvt_chartered_bus_van,0
1/1/2010,EAST REGION,,mode_of_transport_school,mrt_lrt_and_bus,0
1/1/2010,NORTH-EAST REGION,female,age_group,age_50_54,30480
1/1/2010,WEST REGION,,income_from_work,sgd_10000_to_10999,
1/1/2020,WEST REGION,male,marital_status,single,132501
1/1/2015,EAST REGION,,language_spoken_at_home,oth_lang_oth_non_eng_lang,0
1/1/2000,CENTRAL REGION,,income_from_work,sgd_2500_to_2999,34988
1/1/2015,WEST REGION,male,ethnic_distribution,malays,72050
1/1/2015,EAST REGION,,language_spoken_at_home,oth_ind_lang_oth_lang,0
1/1/2010,EAST REGION,,household_size,person7,6667
1/1/2000,CENTRAL REGION,,religion,hinduism,30278
1/1/2020,WEST REGION,,mode_of_transport_work,other_combi_mrt_lrt_or_bus,25173
1/1/2020,NORTH-EAST REGION,,household_income,sgd_12000_to_12999,10406
1/1/2020,CENTRAL REGION,,language_spoken_at_home,others,0
1/1/2000,NORTH REGION,,industry,wholesale_retail_trade,27769
1/1/2015,NORTH REGION,,household_structure,tfn_1to2_gen,
1/1/2000,WEST REGION,,household_structure,no_family_nucleus,19765
1/1/2010,NORTH-EAST REGION,female,ethnic_distribution,malays,30303
1/1/2015,CENTRAL REGION,,industry,business_services,0
1/1/2015,CENTRAL REGION,,mode_of_transport_work,other_combi_mrt_lrt_or_bus,0
1/1/2010,WEST REGION,male,age_group,age_65_69,10630
1/1/2000,NORTH-EAST REGION,,household_structure,three_more_fam_nucleus,333
1/1/2015,CENTRAL REGION,,language_spoken_at_home,chinese_dialects,124300
1/1/2010,NORTH-EAST REGION,,religion,catholic_christian,52033
1/1/2010,CENTRAL REGION,male,economic_status,,
1/1/2020,EAST REGION,,education_attending,post_secondary,9240
1/1/2015,NORTH REGION,,income_from_work,sgd_1000_to_1499,28600
1/1/2010,NORTH-EAST REGION,female,age_group,age_15_19,24310
1/1/2015,EAST REGION,female,marital_status,widowed,26000
1/1/2015,WEST REGION,,household_size,person5,40000
1/1/2020,EAST REGION,,income_from_work,sgd_6000_to_6999,22278
1/1/2020,NORTH-EAST REGION,,household_income,sgd_15000_to_17499,18829
1/1/2000,NORTH-EAST REGION,,mode_of_transport_school,mrt_lrt_only,0
1/1/2000,NORTH-EAST REGION,,household_income,sgd_6000_to_6999,9957
1/1/2015,EAST REGION,,religion,sikhism,2700
1/1/2000,EAST REGION,,language_spoken_at_home,mand_eng,0
1/1/2010,CENTRAL REGION,,mode_of_transport_work,mrt_car,3304
1/1/2015,EAST REGION,,dwelling_type_population,hdb_4_room_flats,216990
1/1/2015,EAST REGION,,household_income,sgd_15000_to_17499,11500
1/1/2015,CENTRAL REGION,,income_from_work,sgd_6000_to_6999,26000
1/1/2020,NORTH REGION,female,age_group,age_65_69,13240
1/1/2000,CENTRAL REGION,male,age_group,age_85_over,2740
1/1/2015,EAST REGION,male,age_group,age_50_54,29790
1/1/2010,EAST REGION,,household_size,person_more_8,3822
1/1/2010,NORTH-EAST REGION,,income_from_work,sgd_6000_over,
1/1/2015,NORTH REGION,,religion,hinduism,27700
1/1/2020,CENTRAL REGION,female,marital_status,widowed,42347
1/1/2020,WEST REGION,,dwelling_type_population,hdb_1_and_2_room_flats,26260
1/1/2015,NORTH REGION,,income_from_work,sgd_12000_14999,0
1/1/2010,NORTH-EAST REGION,,dwelling_type_population,condominiums_and_other_apartments,45970
1/1/2020,WEST REGION,,religion,hinduism,44803
1/1/2020,NORTH-EAST REGION,,industry,accommodation_food_services,30308
1/1/2020,CENTRAL REGION,,household_size,person5,34814
1/1/2000,NORTH-EAST REGION,male,age_group,total,282690
1/1/2020,NORTH REGION,,mode_of_transport_work,no_transport_required,31701
1/1/2010,WEST REGION,,industry,arts_entertainment_recreation,7562
1/1/2010,EAST REGION,male,ethnic_distribution,chinese,232036
1/1/2015,EAST REGION,,industry,transportation_storage,44100
1/1/2010,EAST REGION,,industry,,
1/1/2020,EAST REGION,,dwelling_type_household,landed_properties,14661
1/1/2020,CENTRAL REGION,,dwelling_type_household,hdb_4_room_flats,75695
1/1/2010,CENTRAL REGION,,household_income,sgd_3000_to_3999,21773
1/1/2010,NORTH-EAST REGION,,language_spoken_at_home,chn_dlt_eng,0
1/1/2015,WEST REGION,,religion,catholic_christian,36600
1/1/2015,NORTH-EAST REGION,,mode_of_transport_school,bus,39300
1/1/2015,WEST REGION,,education_attending,polytechnic,21300
1/1/2000,WEST REGION,,industry,information_communications,0
1/1/2000,CENTRAL REGION,,language_literate,l2_eng_chi,250745
1/1/2010,CENTRAL REGION,,income_from_work,sgd_5000_to_5999,31945
1/1/2020,NORTH REGION,,household_structure,ofn_2_gen,102192
1/1/2000,NORTH REGION,,dwelling_type_population,hdb_1_and_2_room_flats,2150
1/1/2020,NORTH REGION,,household_size,person1,25718
1/1/2015,CENTRAL REGION,female,age_group,age_10_14,22270
1/1/2015,WEST REGION,,mode_of_transport_school,taxi_pvt_hire_car_only,0
1/1/2000,NORTH REGION,,industry,hotels_restaurants,11607
1/1/2015,NORTH REGION,,mode_of_transport_school,mrt_other,0
1/1/2020,NORTH REGION,,dwelling_type_population,total_hdb,518350
1/1/2000,NORTH-EAST REGION,,household_income,total,155840
1/1/2000,NORTH REGION,,industry,other_comm_social_personal,0
1/1/2000,WEST REGION,female,age_group,total,368850
1/1/2000,CENTRAL REGION,,mode_of_transport_work,motorcycle_scooter,15123
1/1/2020,EAST REGION,,household_income,sgd_8000_over,0
1/1/2000,WEST REGION,,household_income,,
1/1/2020,CENTRAL REGION,,mode_of_transport_school,mrt_lrt_and_bus,30341
1/1/2015,NORTH REGION,,household_income,sgd_20000_over,9100
1/1/2015,NORTH-EAST REGION,,income_from_work,sgd_8000_over,
1/1/2015,EAST REGION,female,age_group,age_85_over,5110
1/1/2020,NORTH REGION,,religion,no_religion,81436
1/1/2015,CENTRAL REGION,,income_from_work,sgd_6000_over,
1/1/2020,NORTH-EAST REGION,,education_attending,polytechnic,16595
1/1/2020,WEST REGION,male,age_group,age_65_69,25830
1/1/2000,NORTH-EAST REGION,,household_income,sgd_1000_to_1999,19915
1/1/2000,CENTRAL REGION,female,age_group,age_50_54,34220
1/1/2000,EAST REGION,,industry,construction,15400
1/1/2010,CENTRAL REGION,,dwelling_type_population,condominiums_and_other_apartments,152390
1/1/2015,CENTRAL REGION,,language_spoken_at_home,english,329200
1/1/2020,CENTRAL REGION,,household_income,total,337452
1/1/2010,NORTH-EAST REGION,,language_spoken_at_home,mly_eng,0
1/1/2010,WEST REGION,,household_income,sgd_20000_over,
1/1/2015,WEST REGION,,household_size,person1,26400
1/1/2020,NORTH-EAST REGION,,language_spoken_at_home,eng_oth_lang,7891
1/1/2010,NORTH-EAST REGION,female,age_group,age_35_39,33760
1/1/2000,EAST REGION,female,age_group,age_70_74,6590
1/1/2015,EAST REGION,,mode_of_transport_school,mrt_car,0
1/1/2020,EAST REGION,,income_from_work,sgd_1000_to_1999,47266
1/1/2020,EAST REGION,,household_income,sgd_7000_to_7999,11156
1/1/2010,EAST REGION,,language_spoken_at_home,mly_oth_lang,0
1/1/2015,CENTRAL REGION,,mode_of_transport_school,pvt_chartered_bus_van,0
1/1/2010,NORTH REGION,,household_structure,three_more_fam_nucleus,571
1/1/2000,WEST REGION,,tenancy,others,1507
1/1/2010,NORTH REGION,female,age_group,age_70_74,4320
1/1/2020,EAST REGION,,dwelling_type_household,others,600
1/1/2000,WEST REGION,female,marital_status,married,185601
1/1/2000,NORTH REGION,,language_spoken_at_home,mly_oth_lang,0
1/1/2020,EAST REGION,,mode_of_transport_work,taxi_pvt_hire_car_only,12330
1/1/2000,WEST REGION,,household_income,below_sgd_1000,16201
1/1/2010,NORTH-EAST REGION,,household_size,person4,55008
1/1/2020,CENTRAL REGION,male,ethnic_distribution,indian,41800
1/1/2020,NORTH-EAST REGION,,language_spoken_at_home,eng_tml,21666
1/1/2020,NORTH REGION,male,age_group,age_35_39,21530
1/1/2000,WEST REGION,,language_spoken_at_home,oth_lang_eng,0
1/1/2020,NORTH REGION,,income_from_work,sgd_6000_over,0
1/1/2015,WEST REGION,male,marital_status,widowed,6000
1/1/2010,NORTH REGION,,language_spoken_at_home,other_indian_languages,5157
1/1/2010,WEST REGION,,mode_of_transport_work,,
1/1/2020,EAST REGION,,language_literate,l1_non_off,716
1/1/2010,NORTH-EAST REGION,,household_structure,no_family_nucleus,31551
1/1/2000,WEST REGION,,mode_of_transport_school,lorry_pickup,132
1/1/2020,NORTH-EAST REGION,,language_spoken_at_home,mand_eng,130634
1/1/2020,CENTRAL REGION,,household_income,sgd_20000_over,64786
1/1/2015,CENTRAL REGION,male,age_group,age_5_9,23300
1/1/2010,NORTH REGION,female,age_group,age_80_84,1850
1/1/2010,EAST REGION,,religion,other_religions,2083
1/1/2010,EAST REGION,,tenancy,,
1/1/2020,CENTRAL REGION,,language_spoken_at_home,tml_eng,13232
1/1/2010,NORTH-EAST REGION,,mode_of_transport_school,mrt_car,374
1/1/2000,NORTH-EAST REGION,,household_income,sgd_8000_to_8999,
1/1/2000,NORTH-EAST REGION,,dwelling_type_population,hdb_4_room_flats,200650
1/1/2010,NORTH REGION,,education_attending,university,7669
1/1/2010,NORTH REGION,male,age_group,age_15_19,19880
1/1/2015,WEST REGION,,household_income,sgd_15000_to_17499,15300
1/1/2015,WEST REGION,,religion,sikhism,1700
1/1/2015,WEST REGION,,dwelling_type_population,hdb_4_room_flats,343820
1/1/2020,NORTH REGION,,religion,sikhism,1669
1/1/2010,NORTH-EAST REGION,,industry,business_services,0
1/1/2000,WEST REGION,,language_spoken_at_home,mand_eng,0
1/1/2020,NORTH-EAST REGION,female,age_group,age_25_29,30750
1/1/2000,CENTRAL REGION,,mode_of_transport_school,pvt_chartered_bus_van,0
1/1/2000,NORTH-EAST REGION,,household_income,sgd_2000_to_2999,20589
1/1/2015,CENTRAL REGION,,dwelling_type_household,,
1/1/2000,EAST REGION,,dwelling_type_population,others,4970
1/1/2015,EAST REGION,,tenancy,tenant,14200
1/1/2010,WEST REGION,female,ethnic_distribution,chinese,321610
1/1/2000,NORTH REGION,,mode_of_transport_school,taxi,101
1/1/2010,CENTRAL REGION,,household_income,sgd_14000_to_14999,
1/1/2000,NORTH-EAST REGION,female,age_group,age_35_39,27660
1/1/2010,EAST REGION,,mode_of_transport_work,mrt_lrt_only,0
1/1/2015,EAST REGION,,industry,other_services_industries,0
1/1/2000,NORTH REGION,male,ethnic_distribution,chinese,120659
1/1/2010,CENTRAL REGION,,income_from_work,total,455131
1/1/2010,CENTRAL REGION,,education_attending,polytechnic,14678
1/1/2015,NORTH-EAST REGION,,language_literate,no_literate,22800
1/1/2020,NORTH-EAST REGION,,mode_of_transport_school,mrt_other,0
1/1/2000,NORTH-EAST REGION,,income_from_work,sgd_15000_over,0
1/1/2015,CENTRAL REGION,,industry,arts_entertainment_recreation,9200
1/1/2000,CENTRAL REGION,female,age_group,age_60_64,22750
1/1/2010,NORTH-EAST REGION,,household_income,sgd_20000_over,
1/1/2010,NORTH-EAST REGION,,language_literate,l3_eng_chi_mal,15857
1/1/2015,NORTH-EAST REGION,male,ethnic_distribution,chinese,327990
1/1/2000,WEST REGION,,income_from_work,sgd_6000_to_6999,
1/1/2010,NORTH-EAST REGION,,mode_of_transport_school,lorry_pickup,574
1/1/2020,WEST REGION,male,age_group,age_55_59,36400
1/1/2000,CENTRAL REGION,male,economic_status,,
1/1/2010,WEST REGION,,household_income,sgd_13000_to_13999,
1/1/2020,CENTRAL REGION,,household_size,person_more_8,3878
1/1/2000,NORTH-EAST REGION,,language_spoken_at_home,other_indian_languages,2075
1/1/2010,EAST REGION,male,ethnic_distribution,others,12846
1/1/2010,NORTH-EAST REGION,,income_from_work,sgd_6000_to_6999,21019
1/1/2010,CENTRAL REGION,female,age_group,age_20_24,26950
1/1/2020,CENTRAL REGION,,language_spoken_at_home,mly_oth_lang,758
1/1/2010,WEST REGION,,household_size,person1,25566
1/1/2015,NORTH-EAST REGION,,industry,professional_services,36500
1/1/2010,WEST REGION,male,age_group,age_45_49,39800
1/1/2020,NORTH REGION,male,age_group,age_5_9,15400
1/1/2010,WEST REGION,,language_spoken_at_home,chn_dlt_mand,0
1/1/2000,EAST REGION,,language_spoken_at_home,eng_mly,0
1/1/2000,CENTRAL REGION,,mode_of_transport_school,taxi_pvt_hire_car_only,0
1/1/2020,EAST REGION,,education_attending,primary,36913
1/1/2015,NORTH REGION,,language_spoken_at_home,tml_eng,0
1/1/2000,EAST REGION,,language_spoken_at_home,tml_oth_lang,0
1/1/2020,CENTRAL REGION,,language_spoken_at_home,chn_dlt_oth_lang,3812
1/1/2000,NORTH-EAST REGION,,mode_of_transport_school,mrt,1190
1/1/2010,EAST REGION,,industry,real_estate_services,9150
1/1/2020,NORTH-EAST REGION,,mode_of_transport_work,lorry_pickup,6964
1/1/2010,NORTH-EAST REGION,female,age_group,age_55_59,25260
1/1/2010,NORTH-EAST REGION,,mode_of_transport_work,mrt_other,6223
1/1/2010,CENTRAL REGION,female,age_group,age_25_29,32460
1/1/2020,NORTH-EAST REGION,,dwelling_type_household,landed_properties,20692
1/1/2000,CENTRAL REGION,male,age_group,age_5_9,29770
1/1/2020,EAST REGION,,income_from_work,sgd_2000_to_2499,0
1/1/2020,WEST REGION,,mode_of_transport_work,lorry_pickup,8884
1/1/2020,WEST REGION,male,marital_status,divorced,11331
1/1/2020,WEST REGION,,mode_of_transport_work,car,103105
1/1/2000,CENTRAL REGION,,education_attending,secondary,42853
1/1/2010,CENTRAL REGION,,dwelling_type_household,hdb_3_room_flats,85409
1/1/2015,NORTH REGION,,household_income,sgd_3000_to_3999,9200
1/1/2015,NORTH REGION,,income_from_work,sgd_5000_to_5999,26200
1/1/2000,NORTH REGION,male,age_group,age_40_44,19750
1/1/2000,CENTRAL REGION,,mode_of_transport_school,mrt_car,197
1/1/2000,NORTH-EAST REGION,female,age_group,age_65_69,7950
1/1/2000,WEST REGION,male,age_group,age_70_74,4710
1/1/2000,NORTH-EAST REGION,,language_spoken_at_home,chn_dlt_eng,0
1/1/2010,EAST REGION,,mode_of_transport_school,taxi,418
1/1/2010,NORTH REGION,,dwelling_type_population,others,2380
1/1/2010,NORTH REGION,,religion,sikhism,1170
1/1/2020,CENTRAL REGION,female,age_group,age_45_49,38470
1/1/2010,NORTH-EAST REGION,,religion,other_christians,67175
1/1/2015,NORTH-EAST REGION,,household_income,sgd_12000_to_12999,10600
1/1/2020,EAST REGION,,language_spoken_at_home,mand_chn_dlt,44869
1/1/2020,EAST REGION,,language_spoken_at_home,oth_ind_lang_oth_lang,834
1/1/2020,NORTH-EAST REGION,,language_spoken_at_home,tml_eng,16222
1/1/2010,EAST REGION,,mode_of_transport_work,,
1/1/2015,NORTH REGION,,mode_of_transport_school,no_transport_required,35400
1/1/2000,EAST REGION,,mode_of_transport_school,lorry_pickup,118
1/1/2010,CENTRAL REGION,female,economic_status,,
1/1/2015,NORTH-EAST REGION,,mode_of_transport_school,taxi,0
1/1/2015,EAST REGION,male,marital_status,widowed,5700
1/1/2015,NORTH-EAST REGION,,language_spoken_at_home,eng_chn_dlt,0
1/1/2010,NORTH REGION,,religion,other_christians,30189
1/1/2020,WEST REGION,,language_literate,l1_non_off,1306
1/1/2010,NORTH-EAST REGION,,mode_of_transport_school,mrt_bus,18970
1/1/2010,NORTH REGION,,industry,health_social_services,11494
1/1/2000,EAST REGION,,language_spoken_at_home,oth_lang_eng,0
1/1/2015,NORTH-EAST REGION,,household_structure,three_more_fam_nucleus,
1/1/2020,NORTH-EAST REGION,male,age_group,age_55_59,31810
1/1/2000,EAST REGION,,household_income,sgd_9000_to_9999,
1/1/2000,NORTH-EAST REGION,,household_income,sgd_10000_over,
1/1/2000,WEST REGION,,household_structure,,
1/1/2015,CENTRAL REGION,,household_structure,no_family_nucleus,75700
1/1/2000,NORTH-EAST REGION,,mode_of_transport_school,pvt_chartered_bus_van,0
1/1/2000,NORTH-EAST REGION,,language_literate,l3_other_three,2058
1/1/2000,EAST REGION,,language_spoken_at_home,mly_eng,0
1/1/2000,EAST REGION,,education_attending,prof_qualification_diploma,0
1/1/2010,WEST REGION,,industry,transport_communications,0
1/1/2015,CENTRAL REGION,female,age_group,age_30_34,33870
1/1/2020,EAST REGION,,household_structure,ofn_1_gen,33534
1/1/2000,WEST REGION,,income_from_work,sgd_1000_to_1499,46338
1/1/2000,CENTRAL REGION,,mode_of_transport_work,bus,121218
1/1/2020,EAST REGION,,language_literate,l2_eng_mal,113666
1/1/2015,NORTH-EAST REGION,,mode_of_transport_work,pvt_chartered_bus,10000
1/1/2015,WEST REGION,,language_spoken_at_home,eng_oth_ind_lang,0
1/1/2015,NORTH-EAST REGION,female,age_group,total,426270
1/1/2000,NORTH REGION,,household_size,person5,21303
1/1/2020,CENTRAL REGION,female,age_group,total,479550
1/1/2010,CENTRAL REGION,male,ethnic_distribution,,
1/1/2010,EAST REGION,female,age_group,age_35_39,27320
1/1/2020,EAST REGION,,mode_of_transport_school,mrt,0
1/1/2020,NORTH-EAST REGION,,household_income,below_sgd_1000,5687
1/1/2015,EAST REGION,,household_structure,three_more_fam_nucleus,
1/1/2020,NORTH REGION,male,economic_status,employed,175436
1/1/2010,NORTH-EAST REGION,,mode_of_transport_school,,
1/1/2010,WEST REGION,,household_income,sgd_6000_to_6999,19777
1/1/2020,CENTRAL REGION,,household_structure,tfn_3_more_gen,11234
1/1/2000,EAST REGION,,household_size,person3,31311
1/1/2020,EAST REGION,,industry,financial_insurance_services,38564
1/1/2000,CENTRAL REGION,,mode_of_transport_work,mrt_lrt_and_bus,0
1/1/2020,NORTH-EAST REGION,,dwelling_type_population,condominiums_and_other_apartments,114340
1/1/2000,CENTRAL REGION,,dwelling_type_population,landed_properties,88640
1/1/2020,NORTH-EAST REGION,female,marital_status,widowed,31360
1/1/2020,NORTH-EAST REGION,male,economic_status,unemployed,14456
1/1/2000,EAST REGION,,mode_of_transport_work,pvt_chartered_bus_van,0
1/1/2010,WEST REGION,,mode_of_transport_school,mrt_car,384
1/1/2015,NORTH-EAST REGION,,household_structure,tfn_3_more_gen,
1/1/2010,NORTH REGION,,income_from_work,,
1/1/2000,NORTH REGION,,religion,catholic_christian,9973
1/1/2020,NORTH-EAST REGION,,industry,information_communications,27598
1/1/2020,CENTRAL REGION,,language_spoken_at_home,mand_oth_lang,1040
1/1/2010,EAST REGION,male,age_group,age_85_over,1610
1/1/2000,NORTH-EAST REGION,female,age_group,age_50_54,18890
1/1/2010,NORTH REGION,,income_from_work,sgd_8000_to_8999,
1/1/2020,WEST REGION,female,ethnic_distribution,malays,74940
1/1/2000,EAST REGION,female,age_group,age_50_54,19260
1/1/2010,NORTH REGION,,mode_of_transport_school,mrt_bus,19354
1/1/2020,NORTH REGION,male,economic_status,unemployed,10922
1/1/2010,NORTH-EAST REGION,,household_income,sgd_3000_to_3999,18985
1/1/2015,EAST REGION,,income_from_work,sgd_6000_over,
1/1/2015,NORTH-EAST REGION,,mode_of_transport_school,others,2400
1/1/2015,CENTRAL REGION,female,age_group,age_85_over,10530
1/1/2015,CENTRAL REGION,female,marital_status,divorced,21500
1/1/2010,CENTRAL REGION,,mode_of_transport_school,motorcycle_scooter,585
1/1/2015,EAST REGION,,mode_of_transport_school,taxi_pvt_hire_car_only,0
1/1/2020,NORTH-EAST REGION,,industry,business_services,
1/1/2000,NORTH-EAST REGION,,industry,transport_communications,30943
1/1/2015,NORTH REGION,,language_spoken_at_home,eng_mand,0
1/1/2000,NORTH-EAST REGION,,education_attending,university,6587
1/1/2000,NORTH REGION,female,age_group,age_10_14,15370
1/1/2015,NORTH REGION,male,marital_status,single,71200
1/1/2000,NORTH REGION,,household_income,sgd_14000_to_14999,
1/1/2000,WEST REGION,,household_income,sgd_20000_over,
1/1/2015,EAST REGION,female,ethnic_distribution,chinese,246100
1/1/2020,NORTH REGION,,dwelling_type_population,total,582330
1/1/2000,WEST REGION,male,age_group,age_60_64,9530
1/1/2020,CENTRAL REGION,female,age_group,age_55_59,33780
1/1/2010,NORTH-EAST REGION,male,ethnic_distribution,others,8580
1/1/2020,EAST REGION,,language_literate,no_literate,14682
1/1/2015,WEST REGION,,mode_of_transport_work,mrt_lrt_only,0
1/1/2020,WEST REGION,,language_literate,l2_eng_non_off,16725
1/1/2020,NORTH REGION,,mode_of_transport_work,others,6990
1/1/2010,NORTH-EAST REGION,male,age_group,age_0_4,21560
1/1/2000,EAST REGION,,language_spoken_at_home,oth_ind_lang_eng,0
1/1/2020,NORTH REGION,,industry,business_services,
1/1/2015,NORTH REGION,,language_spoken_at_home,others,3100
1/1/2010,NORTH REGION,male,age_group,age_35_39,21870
1/1/2010,EAST REGION,,language_literate,l1_non_off,984
1/1/2010,NORTH-EAST REGION,,language_spoken_at_home,mand_eng,0
1/1/2020,EAST REGION,female,economic_status,employed,173110
1/1/2015,NORTH-EAST REGION,,dwelling_type_population,hdb_5_room_and_executive_flats,238240
1/1/2015,NORTH REGION,,dwelling_type_household,hdb_1_and_2_room_flats,5900
1/1/2010,NORTH-EAST REGION,,language_spoken_at_home,eng_tml,0
1/1/2000,NORTH REGION,,industry,professional_services,0
1/1/2000,CENTRAL REGION,,household_size,person2,57157
1/1/2020,NORTH-EAST REGION,,dwelling_type_household,hdb_5_room_and_executive_flats,74791
1/1/2010,CENTRAL REGION,male,ethnic_distribution,indian,45094
1/1/2010,WEST REGION,,income_from_work,sgd_11000_to_11999,
1/1/2020,EAST REGION,female,age_group,age_75_79,8310
1/1/2010,CENTRAL REGION,,language_literate,l3_other_three,25709
1/1/2020,EAST REGION,female,marital_status,single,95885
1/1/2015,CENTRAL REGION,,education_attending,secondary,36300
1/1/2010,EAST REGION,,religion,catholic_christian,43162
1/1/2015,WEST REGION,,household_income,,
1/1/2000,EAST REGION,,income_from_work,sgd_8000_to_8999,
1/1/2020,NORTH REGION,,language_literate,l3_eng_mal_tam,3573
1/1/2010,WEST REGION,,industry,transportation_storage,41275
1/1/2015,NORTH REGION,male,age_group,age_40_44,21340
1/1/2020,NORTH REGION,,industry,transport_communications,
1/1/2000,CENTRAL REGION,,household_size,person_more_8,3887
1/1/2015,NORTH REGION,female,marital_status,married,132300
1/1/2020,NORTH REGION,,household_size,person2,39509
1/1/2000,WEST REGION,,dwelling_type_household,hdb_3_room_flats,47944
1/1/2015,WEST REGION,,language_literate,l3_other_three,
1/1/2015,NORTH REGION,,household_income,below_sgd_1000,2100
1/1/2015,CENTRAL REGION,,income_from_work,sgd_11000_to_11999,10000
1/1/2010,WEST REGION,,education_attending,secondary,60815
1/1/2000,NORTH-EAST REGION,,mode_of_transport_work,mrt_car,888
1/1/2015,EAST REGION,,language_spoken_at_home,chinese_dialects,63500
1/1/2020,CENTRAL REGION,,income_from_work,sgd_6000_to_6999,26822
1/1/2010,EAST REGION,male,economic_status,,
1/1/2020,WEST REGION,female,ethnic_distribution,indian,41380
1/1/2010,NORTH REGION,,mode_of_transport_work,mrt_other,3656
1/1/2020,CENTRAL REGION,,education_attending,post_secondary,11534
1/1/2020,NORTH REGION,,income_from_work,sgd_12000_14999,9501
1/1/2000,NORTH REGION,,income_from_work,sgd_2000_to_2999,0
1/1/2015,CENTRAL REGION,female,marital_status,widowed,41500
1/1/2000,NORTH REGION,,household_income,sgd_4000_to_4999,13226
1/1/2015,CENTRAL REGION,,mode_of_transport_work,taxi,7500
1/1/2010,NORTH-EAST REGION,,language_spoken_at_home,english,227917
1/1/2000,CENTRAL REGION,,education_attending,,
1/1/2010,NORTH-EAST REGION,male,age_group,age_65_69,10540
1/1/2020,EAST REGION,,household_structure,no_family_nucleus,46403
1/1/2000,NORTH-EAST REGION,,language_spoken_at_home,malay,41808
1/1/2010,CENTRAL REGION,,mode_of_transport_work,pvt_chartered_bus_van,0
1/1/2000,EAST REGION,female,age_group,age_40_44,32520
1/1/2010,NORTH REGION,,dwelling_type_population,total_hdb,476530
1/1/2010,EAST REGION,,dwelling_type_population,landed_properties,58290
1/1/2010,NORTH REGION,,income_from_work,sgd_8000_over,18930
1/1/2010,EAST REGION,,language_spoken_at_home,mandarin,192665
1/1/2010,CENTRAL REGION,,mode_of_transport_school,mrt_lrt_and_bus,0
1/1/2010,NORTH REGION,,mode_of_transport_work,mrt_car,1848
1/1/2000,WEST REGION,,household_income,sgd_15000_to_17499,
1/1/2015,EAST REGION,,household_income,sgd_8000_over,
1/1/2015,NORTH-EAST REGION,,household_income,sgd_2000_to_2999,15700
1/1/2000,WEST REGION,,dwelling_type_population,hdb_4_room_flats,313140
1/1/2015,NORTH-EAST REGION,,industry,other_services_industries,0
1/1/2000,EAST REGION,female,age_group,age_5_9,28660
1/1/2010,EAST REGION,male,age_group,age_25_29,23780
1/1/2020,WEST REGION,,household_income,sgd_9000_to_9999,14101
1/1/2020,EAST REGION,,income_from_work,sgd_1000_to_1499,0
1/1/2020,WEST REGION,,language_spoken_at_home,mly_eng,70223
1/1/2000,WEST REGION,male,age_group,age_50_54,22460
1/1/2015,CENTRAL REGION,,religion,hinduism,34100
1/1/2020,CENTRAL REGION,female,age_group,age_65_69,30120
1/1/2015,NORTH REGION,,income_from_work,sgd_6000_to_6999,18800
1/1/2020,WEST REGION,,dwelling_type_household,condominiums_and_other_apartments,37473
1/1/2000,NORTH REGION,male,age_group,age_85_over,460
1/1/2015,CENTRAL REGION,,income_from_work,sgd_12000_14999,0
1/1/2020,NORTH REGION,female,marital_status,widowed,18157
1/1/2010,NORTH-EAST REGION,,income_from_work,sgd_10000_to_10999,
1/1/2015,EAST REGION,,mode_of_transport_work,motorcycle_scooter,15200
1/1/2000,EAST REGION,female,marital_status,single,63638
1/1/2015,CENTRAL REGION,,household_income,sgd_13000_to_13999,7600
1/1/2020,CENTRAL REGION,,mode_of_transport_school,mrt_lrt_only,11889
1/1/2010,CENTRAL REGION,,mode_of_transport_work,taxi_pvt_hire_car_only,0
1/1/2010,EAST REGION,,household_income,sgd_8000_to_8999,10617
1/1/2010,WEST REGION,,education_attending,university,17049
1/1/2010,EAST REGION,,household_income,,
1/1/2000,EAST REGION,,language_literate,,
1/1/2010,WEST REGION,male,age_group,age_15_19,33680
1/1/2000,CENTRAL REGION,,mode_of_transport_work,taxi,6826
1/1/2010,WEST REGION,female,age_group,age_80_84,4040
1/1/2000,NORTH-EAST REGION,,language_literate,l1_chi,110493
1/1/2020,NORTH REGION,male,age_group,age_45_49,21920
1/1/2015,EAST REGION,female,age_group,age_70_74,9180
1/1/2000,WEST REGION,,income_from_work,sgd_5000_to_5999,16518
1/1/2000,NORTH-EAST REGION,,industry,other_services_industries,50952
1/1/2015,CENTRAL REGION,,income_from_work,sgd_8000_to_8999,18700
1/1/2020,NORTH REGION,,language_spoken_at_home,chn_dlt_mand,20682
1/1/2000,WEST REGION,,household_income,sgd_3000_to_3999,29638
1/1/2000,NORTH-EAST REGION,,income_from_work,total,260412
1/1/2010,WEST REGION,male,ethnic_distribution,,
1/1/2000,EAST REGION,,household_income,sgd_8000_over,37336
1/1/2020,NORTH-EAST REGION,,mode_of_transport_work,pvt_chartered_bus,0
1/1/2020,NORTH REGION,,industry,hotels_restaurants,
1/1/2020,NORTH-EAST REGION,,language_spoken_at_home,eng_chn_dlt,29198
1/1/2020,NORTH-EAST REGION,,household_income,total,308956
1/1/2015,EAST REGION,female,age_group,age_5_9,16140
1/1/2020,WEST REGION,female,age_group,total,466270
1/1/2000,NORTH-EAST REGION,,mode_of_transport_work,mrt_bus,29691
1/1/2010,NORTH-EAST REGION,,household_size,person7,5983
1/1/2020,NORTH REGION,,mode_of_transport_school,no_transport_required,30905
1/1/2015,CENTRAL REGION,,language_spoken_at_home,eng_oth_ind_lang,0
1/1/2015,NORTH-EAST REGION,male,age_group,age_55_59,30160
1/1/2020,EAST REGION,,household_income,sgd_17500_to_19999,9455
1/1/2015,NORTH-EAST REGION,,household_size,person_more_8,
1/1/2015,EAST REGION,,education_attending,prof_qualification_diploma,2600
1/1/2015,CENTRAL REGION,male,age_group,age_30_34,29250
1/1/2015,NORTH-EAST REGION,,mode_of_transport_school,pvt_chartered_bus_van,0
1/1/2015,CENTRAL REGION,,industry,others,3400
1/1/2010,EAST REGION,,language_literate,l1_mal,11204
1/1/2010,CENTRAL REGION,,mode_of_transport_work,mrt,47426
1/1/2000,WEST REGION,,industry,,
1/1/2010,WEST REGION,,language_spoken_at_home,chn_dlt_eng,0
1/1/2020,WEST REGION,,household_income,sgd_11000_to_11999,11833
1/1/2010,CENTRAL REGION,,mode_of_transport_work,car,118936
1/1/2000,EAST REGION,,language_literate,l2_other_two,1044
1/1/2010,NORTH REGION,female,marital_status,single,58876
1/1/2000,CENTRAL REGION,,household_structure,ofn_3_more_gen,16215
1/1/2000,CENTRAL REGION,,dwelling_type_household,total_hdb,215588
1/1/2010,CENTRAL REGION,male,marital_status,divorced,12491
1/1/2020,NORTH-EAST REGION,female,marital_status,single,116044
1/1/2020,NORTH REGION,,religion,catholic_christian,25047
1/1/2010,EAST REGION,female,age_group,age_30_34,25350
1/1/2020,NORTH-EAST REGION,,language_literate,l3_other_three,
1/1/2010,NORTH-EAST REGION,,income_from_work,sgd_11000_to_11999,
1/1/2000,CENTRAL REGION,male,age_group,age_70_74,14170
1/1/2020,WEST REGION,female,age_group,age_45_49,36340
1/1/2010,NORTH REGION,,religion,no_religion,59190
1/1/2015,NORTH-EAST REGION,,dwelling_type_household,hdb_1_and_2_room_flats,11000
1/1/2020,EAST REGION,,language_literate,l2_other_two,1152
1/1/2020,NORTH REGION,,industry,admin_support_services,19965
1/1/2015,EAST REGION,,income_from_work,below_sgd_1000,32200
1/1/2020,CENTRAL REGION,,household_structure,ofn_3_more_gen,15431
1/1/2000,NORTH-EAST REGION,female,marital_status,single,63053
1/1/2020,CENTRAL REGION,,dwelling_type_household,total_hdb,235058
1/1/2000,NORTH REGION,,industry,others,1939
1/1/2000,WEST REGION,,household_income,sgd_11000_to_11999,
1/1/2020,EAST REGION,,household_income,sgd_9000_to_9999,10117
1/1/2010,NORTH REGION,,mode_of_transport_work,other_combi_mrt_or_bus,0
1/1/2020,CENTRAL REGION,,mode_of_transport_work,bus,76431
1/1/2020,NORTH REGION,female,economic_status,unemployed,10771
1/1/2020,EAST REGION,,language_spoken_at_home,mly_eng,58127
1/1/2020,WEST REGION,,income_from_work,sgd_1000_to_1499,0
1/1/2020,EAST REGION,,dwelling_type_household,condominiums_and_other_apartments,43279
1/1/2015,CENTRAL REGION,male,age_group,age_85_over,5970
1/1/2015,NORTH-EAST REGION,,household_size,person4,63300
1/1/2000,EAST REGION,male,age_group,age_50_54,20100
1/1/2015,NORTH REGION,,mode_of_transport_work,pvt_chartered_bus,7900
1/1/2010,NORTH-EAST REGION,,household_income,sgd_14000_to_14999,
1/1/2015,NORTH REGION,male,age_group,age_60_64,14200
1/1/2000,CENTRAL REGION,,language_spoken_at_home,oth_ind_lang_eng,0
1/1/2020,EAST REGION,female,age_group,age_55_59,29280
1/1/2000,NORTH REGION,,mode_of_transport_work,mrt_lrt_only,0
1/1/2015,WEST REGION,,household_income,sgd_14000_to_14999,7800
1/1/2010,NORTH REGION,male,marital_status,married,124808
1/1/2000,NORTH REGION,,household_structure,three_more_fam_nucleus,198
1/1/2015,NORTH-EAST REGION,,mode_of_transport_work,car,109300
1/1/2015,CENTRAL REGION,female,ethnic_distribution,chinese,387250
1/1/2020,CENTRAL REGION,,language_literate,no_literate,27290
1/1/2010,CENTRAL REGION,,household_income,sgd_17500_to_19999,
1/1/2000,WEST REGION,male,marital_status,single,92946
1/1/2015,EAST REGION,male,age_group,age_20_24,27770
1/1/2015,WEST REGION,,household_size,person3,58500
1/1/2020,NORTH REGION,female,age_group,age_15_19,16810
1/1/2020,WEST REGION,,dwelling_type_population,condominiums_and_other_apartments,110860
1/1/2020,NORTH-EAST REGION,,industry,real_estate_services,13010
1/1/2000,WEST REGION,,language_spoken_at_home,eng_mand,0
1/1/2000,NORTH-EAST REGION,,industry,admin_support_services,0
1/1/2015,CENTRAL REGION,,household_income,sgd_12000_to_12999,9000
1/1/2020,NORTH REGION,male,age_group,age_80_84,2550
1/1/2015,CENTRAL REGION,female,ethnic_distribution,others,21300
1/1/2020,NORTH-EAST REGION,,education_attending,prof_qualification_diploma,2606
1/1/2010,WEST REGION,,household_income,sgd_14000_to_14999,
1/1/2015,NORTH REGION,,income_from_work,sgd_8000_over,
1/1/2010,CENTRAL REGION,female,ethnic_distribution,chinese,378913
1/1/2010,NORTH-EAST REGION,,mode_of_transport_work,car,99600
1/1/2015,NORTH-EAST REGION,,industry,arts_entertainment_recreation,8900
1/1/2020,NORTH-EAST REGION,female,age_group,age_70_74,19540
1/1/2010,NORTH REGION,male,age_group,age_60_64,9660
1/1/2015,EAST REGION,,language_spoken_at_home,mandarin,179800
1/1/2020,EAST REGION,,language_spoken_at_home,chn_dlt_eng,7213
1/1/2010,CENTRAL REGION,,language_literate,l1_eng,105385
1/1/2015,WEST REGION,,industry,professional_services,38700
1/1/2010,NORTH-EAST REGION,,income_from_work,below_sgd_1000,41625
1/1/2020,WEST REGION,,income_from_work,sgd_2500_to_2999,0
1/1/2010,CENTRAL REGION,,religion,,
1/1/2020,NORTH REGION,,dwelling_type_population,hdb_3_room_flats,64380
1/1/2000,NORTH REGION,,household_income,sgd_10000_to_10999,
1/1/2010,NORTH REGION,,language_spoken_at_home,tamil,18154
1/1/2000,NORTH REGION,,mode_of_transport_work,pvt_chartered_bus,14517
1/1/2000,WEST REGION,,language_spoken_at_home,others,1870
1/1/2020,NORTH REGION,,education_attending,pre_primary,8506
1/1/2010,EAST REGION,,industry,public_admin_education,47885
1/1/2000,WEST REGION,,education_attending,,
1/1/2000,NORTH REGION,male,age_group,age_5_9,17710
1/1/2010,EAST REGION,,household_income,sgd_5000_to_5999,14992
1/1/2015,WEST REGION,,mode_of_transport_work,taxi,4600
1/1/2015,NORTH-EAST REGION,male,age_group,age_30_34,33500
1/1/2000,EAST REGION,,education_attending,primary,68064
1/1/2020,EAST REGION,,language_spoken_at_home,eng_mly,58887
1/1/2010,NORTH REGION,female,age_group,age_25_29,19740
1/1/2010,EAST REGION,,income_from_work,sgd_3000_to_3999,48034
1/1/2020,NORTH REGION,,language_spoken_at_home,chn_dlt_oth_lang,1461
1/1/2015,EAST REGION,,household_income,,
1/1/2010,EAST REGION,,industry,transportation_storage,41821
1/1/2000,NORTH REGION,,education_attending,secondary,26176
1/1/2000,WEST REGION,,income_from_work,sgd_8000_to_8999,
1/1/2010,EAST REGION,,income_from_work,sgd_11000_to_11999,
1/1/2020,NORTH-EAST REGION,male,age_group,age_10_14,25380
1/1/2000,NORTH REGION,,mode_of_transport_school,mrt_car,218
1/1/2010,WEST REGION,,religion,catholic_christian,35823
1/1/2010,NORTH REGION,,dwelling_type_household,hdb_3_room_flats,19764
1/1/2020,WEST REGION,female,marital_status,single,123102
1/1/2000,CENTRAL REGION,male,age_group,age_40_44,40800
1/1/2015,CENTRAL REGION,,household_income,sgd_3000_to_3999,15500
1/1/2020,WEST REGION,female,age_group,age_75_79,9450
1/1/2000,NORTH-EAST REGION,,language_literate,l1_tam,2251
1/1/2010,NORTH-EAST REGION,,dwelling_type_population,hdb_5_room_and_executive_flats,230490
1/1/2015,CENTRAL REGION,,income_from_work,sgd_5000_to_5999,34000
1/1/2010,WEST REGION,,dwelling_type_household,landed_properties,5242
1/1/2015,WEST REGION,,household_income,sgd_4000_to_4999,16700
1/1/2020,NORTH-EAST REGION,,household_size,person1,42969
1/1/2020,NORTH REGION,,household_income,no_working_person,18547
1/1/2015,EAST REGION,,household_structure,no_family_nucleus,33700
1/1/2000,NORTH-EAST REGION,male,age_group,age_75_79,2670
1/1/2020,CENTRAL REGION,,household_structure,ofn_1_gen,53301
1/1/2000,WEST REGION,,language_spoken_at_home,oth_ind_lang_oth_lang,0
1/1/2000,CENTRAL REGION,,language_spoken_at_home,mly_eng,0
1/1/2000,CENTRAL REGION,,education_attending,prof_qualification_diploma,0
1/1/2020,CENTRAL REGION,,language_literate,l2_eng_mal,56349
1/1/2015,EAST REGION,female,age_group,age_30_34,24020
1/1/2000,CENTRAL REGION,,household_income,sgd_9000_to_9999,
1/1/2000,NORTH REGION,,dwelling_type_household,,
1/1/2020,NORTH REGION,,language_spoken_at_home,eng_oth_lang,4734
1/1/2015,WEST REGION,,income_from_work,sgd_2000_to_2999,0
1/1/2000,EAST REGION,,mode_of_transport_work,bus,62420
1/1/2010,CENTRAL REGION,,income_from_work,sgd_11000_to_11999,
1/1/2015,EAST REGION,,household_income,sgd_3000_to_3999,11700
1/1/2000,EAST REGION,male,age_group,age_40_44,32580
1/1/2015,CENTRAL REGION,,household_income,,
1/1/2020,NORTH REGION,,income_from_work,sgd_2000_to_2499,0
1/1/2015,EAST REGION,,income_from_work,sgd_5000_to_5999,31600
1/1/2015,WEST REGION,,education_attending,secondary,52600
1/1/2010,CENTRAL REGION,,industry,transportation_storage,34450
1/1/2010,WEST REGION,,language_literate,l3_other_three,20199
1/1/2000,NORTH-EAST REGION,female,marital_status,,
1/1/2020,CENTRAL REGION,,language_spoken_at_home,oth_ind_lang_oth_lang,910
1/1/2010,CENTRAL REGION,,mode_of_transport_school,taxi,435
1/1/2020,CENTRAL REGION,,language_spoken_at_home,mand_chn_dlt,54680
1/1/2020,EAST REGION,female,age_group,age_45_49,25640
1/1/2000,NORTH-EAST REGION,,language_spoken_at_home,mly_eng,0
1/1/2000,NORTH-EAST REGION,male,age_group,age_30_34,22850
1/1/2015,NORTH REGION,male,age_group,age_70_74,4590
1/1/2020,NORTH REGION,female,age_group,total,292740
1/1/2020,EAST REGION,,income_from_work,sgd_1500_to_1999,0
1/1/2000,CENTRAL REGION,,household_size,person5,38984
1/1/2020,NORTH-EAST REGION,,language_literate,l3_eng_mal_tam,2999
1/1/2000,EAST REGION,,language_spoken_at_home,eng_oth_ind_lang,0
1/1/2020,WEST REGION,,mode_of_transport_school,no_transport_required,40172
1/1/2010,NORTH REGION,male,ethnic_distribution,,
1/1/2015,NORTH-EAST REGION,female,age_group,age_65_69,19690
1/1/2015,NORTH-EAST REGION,,mode_of_transport_school,no_transport_required,43600
1/1/2020,WEST REGION,,industry,hotels_restaurants,
1/1/2020,EAST REGION,,mode_of_transport_work,motorcycle_scooter,14356
1/1/2015,NORTH-EAST REGION,male,marital_status,married,220200
1/1/2000,EAST REGION,,mode_of_transport_work,mrt_bus,41706
1/1/2000,NORTH REGION,,mode_of_transport_work,mrt_lrt_and_bus,0
1/1/2020,CENTRAL REGION,male,economic_status,employed,240538
1/1/2010,EAST REGION,female,ethnic_distribution,indian,28104
1/1/2020,NORTH REGION,,household_structure,tfn_3_more_gen,8476
1/1/2010,NORTH-EAST REGION,,mode_of_transport_work,pvt_chartered_bus_van,0
1/1/2010,WEST REGION,male,age_group,age_80_84,2560
1/1/2015,NORTH-EAST REGION,,mode_of_transport_work,mrt_bus,112000
1/1/2000,CENTRAL REGION,,language_spoken_at_home,eng_oth_ind_lang,0
1/1/2000,NORTH-EAST REGION,,household_size,person_more_8,2549
1/1/2020,CENTRAL REGION,,income_from_work,sgd_1500_to_1999,0
1/1/2015,WEST REGION,,language_spoken_at_home,mand_eng,0
1/1/2000,EAST REGION,,household_size,person5,33170
1/1/2010,WEST REGION,female,age_group,age_15_19,32120
1/1/2010,NORTH-EAST REGION,,mode_of_transport_work,taxi,4218
1/1/2020,CENTRAL REGION,,household_income,sgd_13000_to_13999,7388
1/1/2000,CENTRAL REGION,male,age_group,age_15_19,25840
1/1/2015,CENTRAL REGION,,mode_of_transport_school,mrt_lrt_only,0
1/1/2000,CENTRAL REGION,,education_attending,university,10601
1/1/2010,NORTH-EAST REGION,,household_income,sgd_13000_to_13999,
1/1/2000,NORTH REGION,,language_spoken_at_home,eng_tml,0
1/1/2020,WEST REGION,female,age_group,age_20_24,30240
1/1/2000,CENTRAL REGION,female,age_group,age_80_84,6090
1/1/2020,CENTRAL REGION,,income_from_work,sgd_9000_to_9999,17217
1/1/2015,WEST REGION,male,age_group,age_55_59,34560
1/1/2020,EAST REGION,,industry,other_services_industries,
1/1/2000,WEST REGION,,language_literate,l3_eng_chi_mal,8590
1/1/2020,CENTRAL REGION,,industry,arts_entertainment_recreation,7278
1/1/2010,NORTH-EAST REGION,,income_from_work,sgd_1000_to_1999,0
1/1/2000,WEST REGION,,religion,,
1/1/2015,CENTRAL REGION,,language_spoken_at_home,malay,43500
1/1/2000,WEST REGION,,tenancy,tenant,7015
1/1/2010,WEST REGION,,dwelling_type_household,hdb_4_room_flats,98328
1/1/2015,CENTRAL REGION,male,age_group,age_65_69,25640
1/1/2010,EAST REGION,,industry,hotels_restaurants,0
1/1/2000,CENTRAL REGION,male,economic_status,unemployed,15509
1/1/2010,CENTRAL REGION,male,ethnic_distribution,malays,31502
1/1/2000,NORTH-EAST REGION,,dwelling_type_household,,
1/1/2010,WEST REGION,,income_from_work,sgd_1500_to_1999,39782
1/1/2000,NORTH-EAST REGION,male,ethnic_distribution,others,2544
1/1/2015,WEST REGION,,language_spoken_at_home,mly_oth_lang,0
1/1/2020,CENTRAL REGION,,dwelling_type_household,others,1898
1/1/2020,NORTH REGION,,language_spoken_at_home,tml_oth_lang,600
1/1/2010,WEST REGION,,income_from_work,sgd_12000_14999,0
1/1/2020,CENTRAL REGION,,mode_of_transport_work,taxi_pvt_hire_car_only,18698
1/1/2010,NORTH REGION,,household_income,sgd_10000_to_10999,
1/1/2000,NORTH-EAST REGION,,income_from_work,below_sgd_1000,26730
1/1/2000,CENTRAL REGION,male,ethnic_distribution,,
1/1/2000,NORTH-EAST REGION,,mode_of_transport_work,other_combi_mrt_lrt_or_bus,0
1/1/2015,NORTH-EAST REGION,male,age_group,age_60_64,24700
1/1/2020,NORTH REGION,male,age_group,age_30_34,22630
1/1/2020,NORTH REGION,,language_literate,l1_tam,1519
1/1/2015,NORTH-EAST REGION,,language_spoken_at_home,eng_mly,0
1/1/2010,NORTH REGION,,dwelling_type_household,hdb_5_room_and_executive_flats,49600
1/1/2020,WEST REGION,,mode_of_transport_school,taxi_pvt_hire_car_only,786
1/1/2015,WEST REGION,,language_literate,l1_chi,118700
1/1/2015,WEST REGION,,household_income,sgd_10000_to_10999,12500
1/1/2010,EAST REGION,,language_literate,l1_eng,66508
1/1/2000,NORTH-EAST REGION,,household_income,sgd_13000_to_13999,
1/1/2020,CENTRAL REGION,,language_spoken_at_home,chn_dlt_eng,13668
1/1/2010,EAST REGION,,religion,,
1/1/2015,EAST REGION,,household_income,sgd_5000_to_5999,13800
1/1/2010,WEST REGION,,education_attending,,
1/1/2000,EAST REGION,,household_income,no_working_person,
1/1/2015,CENTRAL REGION,,income_from_work,,
1/1/2010,CENTRAL REGION,,household_income,sgd_11000_to_11999,
1/1/2000,EAST REGION,,language_spoken_at_home,eng_oth_lang,0
1/1/2015,EAST REGION,,industry,public_admin_education,53100
1/1/2010,WEST REGION,,mode_of_transport_work,taxi,4227
1/1/2015,WEST REGION,,language_literate,l2_eng_mal,109100
1/1/2015,EAST REGION,,income_from_work,sgd_3000_to_3999,47700
1/1/2000,NORTH-EAST REGION,,industry,transportation_storage,0
1/1/2015,WEST REGION,,household_structure,ofn_1_gen,33900
1/1/2010,NORTH REGION,,household_income,sgd_9000_to_9999,6444
1/1/2010,NORTH-EAST REGION,,income_from_work,sgd_2000_to_2999,0
1/1/2010,WEST REGION,female,marital_status,widowed,25908
1/1/2010,EAST REGION,,household_income,sgd_13000_to_13999,
1/1/2015,NORTH REGION,,dwelling_type_household,others,200
1/1/2000,NORTH-EAST REGION,female,age_group,age_70_74,6120
1/1/2010,NORTH REGION,,language_spoken_at_home,mly_eng,0
1/1/2010,WEST REGION,male,ethnic_distribution,others,11816
1/1/2000,CENTRAL REGION,,household_income,no_working_person,
1/1/2015,CENTRAL REGION,,industry,public_admin_education,60500
1/1/2000,CENTRAL REGION,,language_spoken_at_home,eng_oth_lang,0
1/1/2000,NORTH REGION,,language_literate,l2_eng_mal,49378
1/1/2000,NORTH-EAST REGION,,household_size,person5,29133
1/1/2015,NORTH REGION,,industry,real_estate_services,6800
1/1/2015,EAST REGION,,income_from_work,,
1/1/2010,EAST REGION,,household_income,sgd_11000_to_11999,
1/1/2015,CENTRAL REGION,,income_from_work,sgd_3000_to_3999,49200
1/1/2020,WEST REGION,female,age_group,age_30_34,34770
1/1/2015,CENTRAL REGION,,household_income,sgd_5000_to_5999,12600
1/1/2000,NORTH REGION,,household_structure,ofn_1_gen,12970
1/1/2000,WEST REGION,,household_income,sgd_8000_to_8999,
1/1/2010,EAST REGION,,income_from_work,sgd_5000_to_5999,25257
1/1/2020,NORTH-EAST REGION,,income_from_work,sgd_5000_to_5999,45476
1/1/2020,EAST REGION,,household_size,person5,28010
1/1/2015,NORTH-EAST REGION,,household_income,sgd_9000_to_9999,12800
1/1/2020,EAST REGION,,dwelling_type_household,hdb_4_room_flats,65036
1/1/2010,CENTRAL REGION,,industry,,
1/1/2000,EAST REGION,,language_literate,l2_eng_chi,159341
1/1/2010,WEST REGION,,industry,other_services_industries,0
1/1/2020,CENTRAL REGION,,dwelling_type_household,landed_properties,23851
1/1/2010,CENTRAL REGION,male,ethnic_distribution,chinese,352145
1/1/2010,NORTH REGION,female,age_group,age_60_64,9520
1/1/2015,NORTH REGION,,industry,information_communications,9000
1/1/2000,NORTH REGION,,education_attending,polytechnic,6015
1/1/2010,NORTH-EAST REGION,male,age_group,age_30_34,30120
1/1/2015,CENTRAL REGION,,industry,transportation_storage,32800
1/1/2010,EAST REGION,,household_income,sgd_3000_to_3999,16415
1/1/2015,NORTH-EAST REGION,male,economic_status,employed,254900
1/1/2000,CENTRAL REGION,,language_spoken_at_home,tamil,29593
1/1/2000,EAST REGION,,dwelling_type_population,condominiums_and_other_apartments,40460
1/1/2015,NORTH REGION,male,economic_status,inactive,45400
1/1/2020,EAST REGION,male,age_group,age_20_24,23810
1/1/2015,NORTH REGION,female,age_group,age_15_19,18570
1/1/2015,NORTH REGION,male,age_group,age_80_84,1820
1/1/2010,EAST REGION,,religion,buddhism,169786
1/1/2015,NORTH-EAST REGION,,industry,real_estate_services,11500
1/1/2020,CENTRAL REGION,,household_income,sgd_12000_to_12999,8843
1/1/2010,CENTRAL REGION,,religion,islam,66826
1/1/2000,NORTH REGION,,language_literate,l1_eng,31401
1/1/2010,WEST REGION,,household_size,person2,44047
1/1/2020,CENTRAL REGION,female,ethnic_distribution,others,21620
1/1/2010,EAST REGION,,language_spoken_at_home,eng_oth_ind_lang,0
1/1/2000,CENTRAL REGION,,language_spoken_at_home,mand_eng,0
1/1/2015,WEST REGION,,dwelling_type_household,,
1/1/2000,NORTH-EAST REGION,,dwelling_type_population,condominiums_and_other_apartments,23190
1/1/2000,NORTH REGION,female,age_group,age_5_9,16630
1/1/2010,NORTH-EAST REGION,,household_income,sgd_4000_to_4999,17946
1/1/2015,CENTRAL REGION,,household_income,sgd_15000_to_17499,12900
1/1/2015,NORTH-EAST REGION,,income_from_work,,
1/1/2015,CENTRAL REGION,,religion,sikhism,3700
1/1/2000,WEST REGION,,mode_of_transport_school,pvt_chartered_bus_van,0
1/1/2000,NORTH-EAST REGION,female,age_group,age_60_64,9720
1/1/2010,EAST REGION,,mode_of_transport_work,mrt_car,2442
1/1/2015,NORTH REGION,,household_income,sgd_8000_over,
1/1/2010,NORTH-EAST REGION,,industry,arts_entertainment_recreation,6534
1/1/2015,CENTRAL REGION,,dwelling_type_population,hdb_4_room_flats,217750
1/1/2010,NORTH REGION,male,age_group,age_25_29,18660
1/1/2000,CENTRAL REGION,,household_income,sgd_1000_to_1999,33339
1/1/2020,NORTH REGION,female,age_group,age_60_64,18490
1/1/2020,NORTH REGION,,household_income,sgd_5000_to_5999,12730
1/1/2000,EAST REGION,,religion,,
1/1/2015,EAST REGION,male,age_group,age_55_59,27970
1/1/2020,NORTH REGION,,income_from_work,sgd_3000_to_3999,44403
1/1/2020,CENTRAL REGION,,industry,real_estate_services,12878
1/1/2010,NORTH REGION,,language_spoken_at_home,eng_mly,0
1/1/2010,EAST REGION,,dwelling_type_household,hdb_4_room_flats,62393
1/1/2000,EAST REGION,,language_literate,l3_eng_chi_mal,3996
1/1/2000,NORTH-EAST REGION,,dwelling_type_household,hdb_3_room_flats,41310
1/1/2000,EAST REGION,,tenancy,tenant,7099
1/1/2000,CENTRAL REGION,,income_from_work,sgd_7000_to_7999,
1/1/2010,NORTH-EAST REGION,,income_from_work,sgd_5000_to_5999,29152
1/1/2020,WEST REGION,,industry,other_services_industries,
1/1/2020,NORTH REGION,,industry,public_admin_education,41469
1/1/2020,CENTRAL REGION,male,ethnic_distribution,chinese,352670
1/1/2000,NORTH REGION,,industry,construction,14387
1/1/2000,NORTH-EAST REGION,male,marital_status,single,74991
1/1/2000,CENTRAL REGION,male,marital_status,married,202436
1/1/2020,CENTRAL REGION,,industry,health_social_services,30360
1/1/2010,NORTH REGION,,mode_of_transport_work,pvt_chartered_bus,10107
1/1/2010,NORTH REGION,,household_size,person3,28387
1/1/2020,WEST REGION,male,ethnic_distribution,others,10860
1/1/2015,EAST REGION,,mode_of_transport_school,mrt_lrt_only,0
1/1/2000,EAST REGION,male,age_group,age_15_19,22610
1/1/2000,EAST REGION,,education_attending,university,5932
1/1/2020,EAST REGION,,income_from_work,sgd_9000_to_9999,13298
1/1/2000,EAST REGION,female,age_group,age_80_84,2420
1/1/2015,NORTH REGION,,mode_of_transport_work,other_combi_mrt_or_bus,12500
1/1/2015,NORTH-EAST REGION,,household_income,sgd_14000_to_14999,7500
1/1/2020,NORTH-EAST REGION,,income_from_work,sgd_2000_to_2999,57473
1/1/2020,EAST REGION,,household_income,sgd_13000_to_13999,7075
1/1/2000,WEST REGION,,mode_of_transport_work,mrt_bus,50284
1/1/2010,WEST REGION,female,ethnic_distribution,indian,40646
1/1/2000,NORTH REGION,,mode_of_transport_school,other_combi_mrt_or_bus,0
1/1/2020,WEST REGION,,mode_of_transport_work,motorcycle_scooter,21005
1/1/2000,CENTRAL REGION,,income_from_work,below_sgd_1000,48338
1/1/2010,NORTH-EAST REGION,,dwelling_type_household,total_hdb,188869
1/1/2010,CENTRAL REGION,,education_attending,post_secondary,12437
1/1/2015,CENTRAL REGION,,mode_of_transport_work,mrt_lrt_and_bus,0
1/1/2010,NORTH REGION,female,economic_status,inactive,91500
1/1/2020,NORTH REGION,,mode_of_transport_work,mrt_other,0
1/1/2000,CENTRAL REGION,male,age_group,age_35_39,38600
1/1/2015,NORTH-EAST REGION,,household_size,person7,
1/1/2000,NORTH REGION,,mode_of_transport_work,mrt_car,1064
1/1/2015,WEST REGION,,language_literate,l1_non_off,800
1/1/2020,NORTH REGION,,dwelling_type_household,hdb_5_room_and_executive_flats,54014
1/1/2010,EAST REGION,female,age_group,age_5_9,18880
1/1/2020,NORTH-EAST REGION,,mode_of_transport_school,taxi,0
1/1/2000,NORTH REGION,male,ethnic_distribution,indian,17703
1/1/2015,NORTH-EAST REGION,,income_from_work,sgd_11000_to_11999,9100
