name,Latitude,Longitude,geometry,index_right,Name,Description,planning_area,region
100 AM,1.27458821795426,103.84347073661,POINT (103.84347073661 1.27458821795426),39,kml_40,"<center><table><tr><th colspan='2' align='center'><em>Attributes</em></th></tr><tr bgcolor=""#E3E3F3""> <th>PLN_AREA_N</th> <td>DOWNTOWN CORE</td> </tr><tr bgcolor=""""> <th>PLN_AREA_C</th> <td>DT</td> </tr><tr bgcolor=""#E3E3F3""> <th>CA_IND</th> <td>Y</td> </tr><tr bgcolor=""""> <th>REGION_N</th> <td>CENTRAL REGION</td> </tr><tr bgcolor=""#E3E3F3""> <th>REGION_C</th> <td>CR</td> </tr><tr bgcolor=""""> <th>INC_CRC</th> <td>5D85EA05D2C6189D</td> </tr><tr bgcolor=""#E3E3F3""> <th>FMEL_UPD_D</th> <td>20191223152014</td> </tr></table></center>",Downtown Core,Central Region
313@Somerset,1.30101436404056,103.838360664485,POINT (103.838360664485 1.30101436404056),44,kml_45,"<center><table><tr><th colspan='2' align='center'><em>Attributes</em></th></tr><tr bgcolor=""#E3E3F3""> <th>PLN_AREA_N</th> <td>ORCHARD</td> </tr><tr bgcolor=""""> <th>PLN_AREA_C</th> <td>OR</td> </tr><tr bgcolor=""#E3E3F3""> <th>CA_IND</th> <td>Y</td> </tr><tr bgcolor=""""> <th>REGION_N</th> <td>CENTRAL REGION</td> </tr><tr bgcolor=""#E3E3F3""> <th>REGION_C</th> <td>CR</td> </tr><tr bgcolor=""""> <th>INC_CRC</th> <td>0A8593C8FB61AF7D</td> </tr><tr bgcolor=""#E3E3F3""> <th>FMEL_UPD_D</th> <td>20191223152014</td> </tr></table></center>",Orchard,Central Region
Aperia,1.3104736675734,103.86431321816,POINT (103.86431321816 1.3104736675734),21,kml_22,"<center><table><tr><th colspan='2' align='center'><em>Attributes</em></th></tr><tr bgcolor=""#E3E3F3""> <th>PLN_AREA_N</th> <td>KALLANG</td> </tr><tr bgcolor=""""> <th>PLN_AREA_C</th> <td>KL</td> </tr><tr bgcolor=""#E3E3F3""> <th>CA_IND</th> <td>N</td> </tr><tr bgcolor=""""> <th>REGION_N</th> <td>CENTRAL REGION</td> </tr><tr bgcolor=""#E3E3F3""> <th>REGION_C</th> <td>CR</td> </tr><tr bgcolor=""""> <th>INC_CRC</th> <td>8805C45D2F327F92</td> </tr><tr bgcolor=""#E3E3F3""> <th>FMEL_UPD_D</th> <td>20191223152014</td> </tr></table></center>",Kallang,Central Region
Balestier Hill Shopping Centre,1.32559594839311,103.842571612968,POINT (103.842571612968 1.32559594839311),24,kml_25,"<center><table><tr><th colspan='2' align='center'><em>Attributes</em></th></tr><tr bgcolor=""#E3E3F3""> <th>PLN_AREA_N</th> <td>NOVENA</td> </tr><tr bgcolor=""""> <th>PLN_AREA_C</th> <td>NV</td> </tr><tr bgcolor=""#E3E3F3""> <th>CA_IND</th> <td>N</td> </tr><tr bgcolor=""""> <th>REGION_N</th> <td>CENTRAL REGION</td> </tr><tr bgcolor=""#E3E3F3""> <th>REGION_C</th> <td>CR</td> </tr><tr bgcolor=""""> <th>INC_CRC</th> <td>26D3DCBD67CE3F87</td> </tr><tr bgcolor=""#E3E3F3""> <th>FMEL_UPD_D</th> <td>20191223152014</td> </tr></table></center>",Novena,Central Region
Bugis Cube,1.2981408343975,103.855635339249,POINT (103.855635339249 1.2981408343975),39,kml_40,"<center><table><tr><th colspan='2' align='center'><em>Attributes</em></th></tr><tr bgcolor=""#E3E3F3""> <th>PLN_AREA_N</th> <td>DOWNTOWN CORE</td> </tr><tr bgcolor=""""> <th>PLN_AREA_C</th> <td>DT</td> </tr><tr bgcolor=""#E3E3F3""> <th>CA_IND</th> <td>Y</td> </tr><tr bgcolor=""""> <th>REGION_N</th> <td>CENTRAL REGION</td> </tr><tr bgcolor=""#E3E3F3""> <th>REGION_C</th> <td>CR</td> </tr><tr bgcolor=""""> <th>INC_CRC</th> <td>5D85EA05D2C6189D</td> </tr><tr bgcolor=""#E3E3F3""> <th>FMEL_UPD_D</th> <td>20191223152014</td> </tr></table></center>",Downtown Core,Central Region
Bugis Junction,1.29911287475873,103.855411173758,POINT (103.855411173758 1.29911287475873),39,kml_40,"<center><table><tr><th colspan='2' align='center'><em>Attributes</em></th></tr><tr bgcolor=""#E3E3F3""> <th>PLN_AREA_N</th> <td>DOWNTOWN CORE</td> </tr><tr bgcolor=""""> <th>PLN_AREA_C</th> <td>DT</td> </tr><tr bgcolor=""#E3E3F3""> <th>CA_IND</th> <td>Y</td> </tr><tr bgcolor=""""> <th>REGION_N</th> <td>CENTRAL REGION</td> </tr><tr bgcolor=""#E3E3F3""> <th>REGION_C</th> <td>CR</td> </tr><tr bgcolor=""""> <th>INC_CRC</th> <td>5D85EA05D2C6189D</td> </tr><tr bgcolor=""#E3E3F3""> <th>FMEL_UPD_D</th> <td>20191223152014</td> </tr></table></center>",Downtown Core,Central Region
Bugis+,1.30095171530648,103.855172625542,POINT (103.855172625542 1.30095171530648),34,kml_35,"<center><table><tr><th colspan='2' align='center'><em>Attributes</em></th></tr><tr bgcolor=""#E3E3F3""> <th>PLN_AREA_N</th> <td>ROCHOR</td> </tr><tr bgcolor=""""> <th>PLN_AREA_C</th> <td>RC</td> </tr><tr bgcolor=""#E3E3F3""> <th>CA_IND</th> <td>Y</td> </tr><tr bgcolor=""""> <th>REGION_N</th> <td>CENTRAL REGION</td> </tr><tr bgcolor=""#E3E3F3""> <th>REGION_C</th> <td>CR</td> </tr><tr bgcolor=""""> <th>INC_CRC</th> <td>AB3524B3970C1C40</td> </tr><tr bgcolor=""#E3E3F3""> <th>FMEL_UPD_D</th> <td>20191223152014</td> </tr></table></center>",Rochor,Central Region
Capitol Piazza,1.29307884763132,103.851261982149,POINT (103.851261982149 1.29307884763132),39,kml_40,"<center><table><tr><th colspan='2' align='center'><em>Attributes</em></th></tr><tr bgcolor=""#E3E3F3""> <th>PLN_AREA_N</th> <td>DOWNTOWN CORE</td> </tr><tr bgcolor=""""> <th>PLN_AREA_C</th> <td>DT</td> </tr><tr bgcolor=""#E3E3F3""> <th>CA_IND</th> <td>Y</td> </tr><tr bgcolor=""""> <th>REGION_N</th> <td>CENTRAL REGION</td> </tr><tr bgcolor=""#E3E3F3""> <th>REGION_C</th> <td>CR</td> </tr><tr bgcolor=""""> <th>INC_CRC</th> <td>5D85EA05D2C6189D</td> </tr><tr bgcolor=""#E3E3F3""> <th>FMEL_UPD_D</th> <td>20191223152014</td> </tr></table></center>",Downtown Core,Central Region
Cathay Cineleisure Orchard,1.30146393496315,103.836463810773,POINT (103.836463810773 1.30146393496315),44,kml_45,"<center><table><tr><th colspan='2' align='center'><em>Attributes</em></th></tr><tr bgcolor=""#E3E3F3""> <th>PLN_AREA_N</th> <td>ORCHARD</td> </tr><tr bgcolor=""""> <th>PLN_AREA_C</th> <td>OR</td> </tr><tr bgcolor=""#E3E3F3""> <th>CA_IND</th> <td>Y</td> </tr><tr bgcolor=""""> <th>REGION_N</th> <td>CENTRAL REGION</td> </tr><tr bgcolor=""#E3E3F3""> <th>REGION_C</th> <td>CR</td> </tr><tr bgcolor=""""> <th>INC_CRC</th> <td>0A8593C8FB61AF7D</td> </tr><tr bgcolor=""#E3E3F3""> <th>FMEL_UPD_D</th> <td>20191223152014</td> </tr></table></center>",Orchard,Central Region
The Centrepoint,1.30145045537088,103.840034074858,POINT (103.840034074858 1.30145045537088),44,kml_45,"<center><table><tr><th colspan='2' align='center'><em>Attributes</em></th></tr><tr bgcolor=""#E3E3F3""> <th>PLN_AREA_N</th> <td>ORCHARD</td> </tr><tr bgcolor=""""> <th>PLN_AREA_C</th> <td>OR</td> </tr><tr bgcolor=""#E3E3F3""> <th>CA_IND</th> <td>Y</td> </tr><tr bgcolor=""""> <th>REGION_N</th> <td>CENTRAL REGION</td> </tr><tr bgcolor=""#E3E3F3""> <th>REGION_C</th> <td>CR</td> </tr><tr bgcolor=""""> <th>INC_CRC</th> <td>0A8593C8FB61AF7D</td> </tr><tr bgcolor=""#E3E3F3""> <th>FMEL_UPD_D</th> <td>20191223152014</td> </tr></table></center>",Orchard,Central Region
City Square Mall,1.3113827185663,103.856626855768,POINT (103.856626855768 1.3113827185663),21,kml_22,"<center><table><tr><th colspan='2' align='center'><em>Attributes</em></th></tr><tr bgcolor=""#E3E3F3""> <th>PLN_AREA_N</th> <td>KALLANG</td> </tr><tr bgcolor=""""> <th>PLN_AREA_C</th> <td>KL</td> </tr><tr bgcolor=""#E3E3F3""> <th>CA_IND</th> <td>N</td> </tr><tr bgcolor=""""> <th>REGION_N</th> <td>CENTRAL REGION</td> </tr><tr bgcolor=""#E3E3F3""> <th>REGION_C</th> <td>CR</td> </tr><tr bgcolor=""""> <th>INC_CRC</th> <td>8805C45D2F327F92</td> </tr><tr bgcolor=""#E3E3F3""> <th>FMEL_UPD_D</th> <td>20191223152014</td> </tr></table></center>",Kallang,Central Region
CityLink Mall,1.29260349413333,103.854316064564,POINT (103.854316064564 1.29260349413333),39,kml_40,"<center><table><tr><th colspan='2' align='center'><em>Attributes</em></th></tr><tr bgcolor=""#E3E3F3""> <th>PLN_AREA_N</th> <td>DOWNTOWN CORE</td> </tr><tr bgcolor=""""> <th>PLN_AREA_C</th> <td>DT</td> </tr><tr bgcolor=""#E3E3F3""> <th>CA_IND</th> <td>Y</td> </tr><tr bgcolor=""""> <th>REGION_N</th> <td>CENTRAL REGION</td> </tr><tr bgcolor=""#E3E3F3""> <th>REGION_C</th> <td>CR</td> </tr><tr bgcolor=""""> <th>INC_CRC</th> <td>5D85EA05D2C6189D</td> </tr><tr bgcolor=""#E3E3F3""> <th>FMEL_UPD_D</th> <td>20191223152014</td> </tr></table></center>",Downtown Core,Central Region
Duo,1.29953434891664,103.85840168774,POINT (103.85840168774 1.29953434891664),39,kml_40,"<center><table><tr><th colspan='2' align='center'><em>Attributes</em></th></tr><tr bgcolor=""#E3E3F3""> <th>PLN_AREA_N</th> <td>DOWNTOWN CORE</td> </tr><tr bgcolor=""""> <th>PLN_AREA_C</th> <td>DT</td> </tr><tr bgcolor=""#E3E3F3""> <th>CA_IND</th> <td>Y</td> </tr><tr bgcolor=""""> <th>REGION_N</th> <td>CENTRAL REGION</td> </tr><tr bgcolor=""#E3E3F3""> <th>REGION_C</th> <td>CR</td> </tr><tr bgcolor=""""> <th>INC_CRC</th> <td>5D85EA05D2C6189D</td> </tr><tr bgcolor=""#E3E3F3""> <th>FMEL_UPD_D</th> <td>20191223152014</td> </tr></table></center>",Downtown Core,Central Region
Far East Plaza,1.30730468891062,103.833818438639,POINT (103.833818438639 1.30730468891062),44,kml_45,"<center><table><tr><th colspan='2' align='center'><em>Attributes</em></th></tr><tr bgcolor=""#E3E3F3""> <th>PLN_AREA_N</th> <td>ORCHARD</td> </tr><tr bgcolor=""""> <th>PLN_AREA_C</th> <td>OR</td> </tr><tr bgcolor=""#E3E3F3""> <th>CA_IND</th> <td>Y</td> </tr><tr bgcolor=""""> <th>REGION_N</th> <td>CENTRAL REGION</td> </tr><tr bgcolor=""#E3E3F3""> <th>REGION_C</th> <td>CR</td> </tr><tr bgcolor=""""> <th>INC_CRC</th> <td>0A8593C8FB61AF7D</td> </tr><tr bgcolor=""#E3E3F3""> <th>FMEL_UPD_D</th> <td>20191223152014</td> </tr></table></center>",Orchard,Central Region
Funan,1.29134759697794,103.849989790085,POINT (103.849989790085 1.29134759697794),39,kml_40,"<center><table><tr><th colspan='2' align='center'><em>Attributes</em></th></tr><tr bgcolor=""#E3E3F3""> <th>PLN_AREA_N</th> <td>DOWNTOWN CORE</td> </tr><tr bgcolor=""""> <th>PLN_AREA_C</th> <td>DT</td> </tr><tr bgcolor=""#E3E3F3""> <th>CA_IND</th> <td>Y</td> </tr><tr bgcolor=""""> <th>REGION_N</th> <td>CENTRAL REGION</td> </tr><tr bgcolor=""#E3E3F3""> <th>REGION_C</th> <td>CR</td> </tr><tr bgcolor=""""> <th>INC_CRC</th> <td>5D85EA05D2C6189D</td> </tr><tr bgcolor=""#E3E3F3""> <th>FMEL_UPD_D</th> <td>20191223152014</td> </tr></table></center>",Downtown Core,Central Region
Great World City,1.29342272650003,103.832022146655,POINT (103.832022146655 1.29342272650003),35,kml_36,"<center><table><tr><th colspan='2' align='center'><em>Attributes</em></th></tr><tr bgcolor=""#E3E3F3""> <th>PLN_AREA_N</th> <td>SINGAPORE RIVER</td> </tr><tr bgcolor=""""> <th>PLN_AREA_C</th> <td>SR</td> </tr><tr bgcolor=""#E3E3F3""> <th>CA_IND</th> <td>Y</td> </tr><tr bgcolor=""""> <th>REGION_N</th> <td>CENTRAL REGION</td> </tr><tr bgcolor=""#E3E3F3""> <th>REGION_C</th> <td>CR</td> </tr><tr bgcolor=""""> <th>INC_CRC</th> <td>45948364EA9839EA</td> </tr><tr bgcolor=""#E3E3F3""> <th>FMEL_UPD_D</th> <td>20191223152014</td> </tr></table></center>",Singapore River,Central Region
HDB Hub,1.33201387005935,103.84984949662,POINT (103.84984949662 1.33201387005935),28,kml_29,"<center><table><tr><th colspan='2' align='center'><em>Attributes</em></th></tr><tr bgcolor=""#E3E3F3""> <th>PLN_AREA_N</th> <td>TOA PAYOH</td> </tr><tr bgcolor=""""> <th>PLN_AREA_C</th> <td>TP</td> </tr><tr bgcolor=""#E3E3F3""> <th>CA_IND</th> <td>N</td> </tr><tr bgcolor=""""> <th>REGION_N</th> <td>CENTRAL REGION</td> </tr><tr bgcolor=""#E3E3F3""> <th>REGION_C</th> <td>CR</td> </tr><tr bgcolor=""""> <th>INC_CRC</th> <td>85DD6CFD19B09A35</td> </tr><tr bgcolor=""#E3E3F3""> <th>FMEL_UPD_D</th> <td>20191223152014</td> </tr></table></center>",Toa Payoh,Central Region
ION Orchard,1.30399286856099,103.831988903795,POINT (103.831988903795 1.30399286856099),44,kml_45,"<center><table><tr><th colspan='2' align='center'><em>Attributes</em></th></tr><tr bgcolor=""#E3E3F3""> <th>PLN_AREA_N</th> <td>ORCHARD</td> </tr><tr bgcolor=""""> <th>PLN_AREA_C</th> <td>OR</td> </tr><tr bgcolor=""#E3E3F3""> <th>CA_IND</th> <td>Y</td> </tr><tr bgcolor=""""> <th>REGION_N</th> <td>CENTRAL REGION</td> </tr><tr bgcolor=""#E3E3F3""> <th>REGION_C</th> <td>CR</td> </tr><tr bgcolor=""""> <th>INC_CRC</th> <td>0A8593C8FB61AF7D</td> </tr><tr bgcolor=""#E3E3F3""> <th>FMEL_UPD_D</th> <td>20191223152014</td> </tr></table></center>",Orchard,Central Region
Junction 8,1.35017243180201,103.848553703258,POINT (103.848553703258 1.35017243180201),50,kml_51,"<center><table><tr><th colspan='2' align='center'><em>Attributes</em></th></tr><tr bgcolor=""#E3E3F3""> <th>PLN_AREA_N</th> <td>BISHAN</td> </tr><tr bgcolor=""""> <th>PLN_AREA_C</th> <td>BS</td> </tr><tr bgcolor=""#E3E3F3""> <th>CA_IND</th> <td>N</td> </tr><tr bgcolor=""""> <th>REGION_N</th> <td>CENTRAL REGION</td> </tr><tr bgcolor=""#E3E3F3""> <th>REGION_C</th> <td>CR</td> </tr><tr bgcolor=""""> <th>INC_CRC</th> <td>741583155DB92ACF</td> </tr><tr bgcolor=""#E3E3F3""> <th>FMEL_UPD_D</th> <td>20191223152014</td> </tr></table></center>",Bishan,Central Region
Knightsbridge,1.3029831225958,103.836283923443,POINT (103.836283923443 1.3029831225958),44,kml_45,"<center><table><tr><th colspan='2' align='center'><em>Attributes</em></th></tr><tr bgcolor=""#E3E3F3""> <th>PLN_AREA_N</th> <td>ORCHARD</td> </tr><tr bgcolor=""""> <th>PLN_AREA_C</th> <td>OR</td> </tr><tr bgcolor=""#E3E3F3""> <th>CA_IND</th> <td>Y</td> </tr><tr bgcolor=""""> <th>REGION_N</th> <td>CENTRAL REGION</td> </tr><tr bgcolor=""#E3E3F3""> <th>REGION_C</th> <td>CR</td> </tr><tr bgcolor=""""> <th>INC_CRC</th> <td>0A8593C8FB61AF7D</td> </tr><tr bgcolor=""#E3E3F3""> <th>FMEL_UPD_D</th> <td>20191223152014</td> </tr></table></center>",Orchard,Central Region
Liat Towers,1.30508722710852,103.830722581168,POINT (103.830722581168 1.30508722710852),44,kml_45,"<center><table><tr><th colspan='2' align='center'><em>Attributes</em></th></tr><tr bgcolor=""#E3E3F3""> <th>PLN_AREA_N</th> <td>ORCHARD</td> </tr><tr bgcolor=""""> <th>PLN_AREA_C</th> <td>OR</td> </tr><tr bgcolor=""#E3E3F3""> <th>CA_IND</th> <td>Y</td> </tr><tr bgcolor=""""> <th>REGION_N</th> <td>CENTRAL REGION</td> </tr><tr bgcolor=""#E3E3F3""> <th>REGION_C</th> <td>CR</td> </tr><tr bgcolor=""""> <th>INC_CRC</th> <td>0A8593C8FB61AF7D</td> </tr><tr bgcolor=""#E3E3F3""> <th>FMEL_UPD_D</th> <td>20191223152014</td> </tr></table></center>",Orchard,Central Region
Lucky Plaza,1.3044637897474,103.834005158524,POINT (103.834005158524 1.3044637897474),44,kml_45,"<center><table><tr><th colspan='2' align='center'><em>Attributes</em></th></tr><tr bgcolor=""#E3E3F3""> <th>PLN_AREA_N</th> <td>ORCHARD</td> </tr><tr bgcolor=""""> <th>PLN_AREA_C</th> <td>OR</td> </tr><tr bgcolor=""#E3E3F3""> <th>CA_IND</th> <td>Y</td> </tr><tr bgcolor=""""> <th>REGION_N</th> <td>CENTRAL REGION</td> </tr><tr bgcolor=""#E3E3F3""> <th>REGION_C</th> <td>CR</td> </tr><tr bgcolor=""""> <th>INC_CRC</th> <td>0A8593C8FB61AF7D</td> </tr><tr bgcolor=""#E3E3F3""> <th>FMEL_UPD_D</th> <td>20191223152014</td> </tr></table></center>",Orchard,Central Region
Marina Bay Sands,1.28466203640592,103.861005919029,POINT (103.861005919029 1.28466203640592),39,kml_40,"<center><table><tr><th colspan='2' align='center'><em>Attributes</em></th></tr><tr bgcolor=""#E3E3F3""> <th>PLN_AREA_N</th> <td>DOWNTOWN CORE</td> </tr><tr bgcolor=""""> <th>PLN_AREA_C</th> <td>DT</td> </tr><tr bgcolor=""#E3E3F3""> <th>CA_IND</th> <td>Y</td> </tr><tr bgcolor=""""> <th>REGION_N</th> <td>CENTRAL REGION</td> </tr><tr bgcolor=""#E3E3F3""> <th>REGION_C</th> <td>CR</td> </tr><tr bgcolor=""""> <th>INC_CRC</th> <td>5D85EA05D2C6189D</td> </tr><tr bgcolor=""#E3E3F3""> <th>FMEL_UPD_D</th> <td>20191223152014</td> </tr></table></center>",Downtown Core,Central Region
The Shoppes at Marina Bay Sands,1.28423496027027,103.85898228297,POINT (103.85898228297 1.28423496027027),39,kml_40,"<center><table><tr><th colspan='2' align='center'><em>Attributes</em></th></tr><tr bgcolor=""#E3E3F3""> <th>PLN_AREA_N</th> <td>DOWNTOWN CORE</td> </tr><tr bgcolor=""""> <th>PLN_AREA_C</th> <td>DT</td> </tr><tr bgcolor=""#E3E3F3""> <th>CA_IND</th> <td>Y</td> </tr><tr bgcolor=""""> <th>REGION_N</th> <td>CENTRAL REGION</td> </tr><tr bgcolor=""#E3E3F3""> <th>REGION_C</th> <td>CR</td> </tr><tr bgcolor=""""> <th>INC_CRC</th> <td>5D85EA05D2C6189D</td> </tr><tr bgcolor=""#E3E3F3""> <th>FMEL_UPD_D</th> <td>20191223152014</td> </tr></table></center>",Downtown Core,Central Region
Marina Bay Link Mall,1.28003113385646,103.854284863268,POINT (103.854284863268 1.28003113385646),39,kml_40,"<center><table><tr><th colspan='2' align='center'><em>Attributes</em></th></tr><tr bgcolor=""#E3E3F3""> <th>PLN_AREA_N</th> <td>DOWNTOWN CORE</td> </tr><tr bgcolor=""""> <th>PLN_AREA_C</th> <td>DT</td> </tr><tr bgcolor=""#E3E3F3""> <th>CA_IND</th> <td>Y</td> </tr><tr bgcolor=""""> <th>REGION_N</th> <td>CENTRAL REGION</td> </tr><tr bgcolor=""#E3E3F3""> <th>REGION_C</th> <td>CR</td> </tr><tr bgcolor=""""> <th>INC_CRC</th> <td>5D85EA05D2C6189D</td> </tr><tr bgcolor=""#E3E3F3""> <th>FMEL_UPD_D</th> <td>20191223152014</td> </tr></table></center>",Downtown Core,Central Region
Marina Square,1.29159480494333,103.857048715656,POINT (103.857048715656 1.29159480494333),39,kml_40,"<center><table><tr><th colspan='2' align='center'><em>Attributes</em></th></tr><tr bgcolor=""#E3E3F3""> <th>PLN_AREA_N</th> <td>DOWNTOWN CORE</td> </tr><tr bgcolor=""""> <th>PLN_AREA_C</th> <td>DT</td> </tr><tr bgcolor=""#E3E3F3""> <th>CA_IND</th> <td>Y</td> </tr><tr bgcolor=""""> <th>REGION_N</th> <td>CENTRAL REGION</td> </tr><tr bgcolor=""#E3E3F3""> <th>REGION_C</th> <td>CR</td> </tr><tr bgcolor=""""> <th>INC_CRC</th> <td>5D85EA05D2C6189D</td> </tr><tr bgcolor=""#E3E3F3""> <th>FMEL_UPD_D</th> <td>20191223152014</td> </tr></table></center>",Downtown Core,Central Region
Millenia Walk,1.29267926922552,103.860302888543,POINT (103.860302888543 1.29267926922552),39,kml_40,"<center><table><tr><th colspan='2' align='center'><em>Attributes</em></th></tr><tr bgcolor=""#E3E3F3""> <th>PLN_AREA_N</th> <td>DOWNTOWN CORE</td> </tr><tr bgcolor=""""> <th>PLN_AREA_C</th> <td>DT</td> </tr><tr bgcolor=""#E3E3F3""> <th>CA_IND</th> <td>Y</td> </tr><tr bgcolor=""""> <th>REGION_N</th> <td>CENTRAL REGION</td> </tr><tr bgcolor=""#E3E3F3""> <th>REGION_C</th> <td>CR</td> </tr><tr bgcolor=""""> <th>INC_CRC</th> <td>5D85EA05D2C6189D</td> </tr><tr bgcolor=""#E3E3F3""> <th>FMEL_UPD_D</th> <td>20191223152014</td> </tr></table></center>",Downtown Core,Central Region
Ngee Ann City,1.3022727300848,103.834899517575,POINT (103.834899517575 1.3022727300848),44,kml_45,"<center><table><tr><th colspan='2' align='center'><em>Attributes</em></th></tr><tr bgcolor=""#E3E3F3""> <th>PLN_AREA_N</th> <td>ORCHARD</td> </tr><tr bgcolor=""""> <th>PLN_AREA_C</th> <td>OR</td> </tr><tr bgcolor=""#E3E3F3""> <th>CA_IND</th> <td>Y</td> </tr><tr bgcolor=""""> <th>REGION_N</th> <td>CENTRAL REGION</td> </tr><tr bgcolor=""#E3E3F3""> <th>REGION_C</th> <td>CR</td> </tr><tr bgcolor=""""> <th>INC_CRC</th> <td>0A8593C8FB61AF7D</td> </tr><tr bgcolor=""#E3E3F3""> <th>FMEL_UPD_D</th> <td>20191223152014</td> </tr></table></center>",Orchard,Central Region
Orchard Central,1.30083890839245,103.839434733899,POINT (103.839434733899 1.30083890839245),44,kml_45,"<center><table><tr><th colspan='2' align='center'><em>Attributes</em></th></tr><tr bgcolor=""#E3E3F3""> <th>PLN_AREA_N</th> <td>ORCHARD</td> </tr><tr bgcolor=""""> <th>PLN_AREA_C</th> <td>OR</td> </tr><tr bgcolor=""#E3E3F3""> <th>CA_IND</th> <td>Y</td> </tr><tr bgcolor=""""> <th>REGION_N</th> <td>CENTRAL REGION</td> </tr><tr bgcolor=""#E3E3F3""> <th>REGION_C</th> <td>CR</td> </tr><tr bgcolor=""""> <th>INC_CRC</th> <td>0A8593C8FB61AF7D</td> </tr><tr bgcolor=""#E3E3F3""> <th>FMEL_UPD_D</th> <td>20191223152014</td> </tr></table></center>",Orchard,Central Region
Orchard Gateway,1.30160116957544,103.838868886519,POINT (103.838868886519 1.30160116957544),44,kml_45,"<center><table><tr><th colspan='2' align='center'><em>Attributes</em></th></tr><tr bgcolor=""#E3E3F3""> <th>PLN_AREA_N</th> <td>ORCHARD</td> </tr><tr bgcolor=""""> <th>PLN_AREA_C</th> <td>OR</td> </tr><tr bgcolor=""#E3E3F3""> <th>CA_IND</th> <td>Y</td> </tr><tr bgcolor=""""> <th>REGION_N</th> <td>CENTRAL REGION</td> </tr><tr bgcolor=""#E3E3F3""> <th>REGION_C</th> <td>CR</td> </tr><tr bgcolor=""""> <th>INC_CRC</th> <td>0A8593C8FB61AF7D</td> </tr><tr bgcolor=""#E3E3F3""> <th>FMEL_UPD_D</th> <td>20191223152014</td> </tr></table></center>",Orchard,Central Region
Orchard Plaza,1.30125729409965,103.841150144584,POINT (103.841150144584 1.30125729409965),44,kml_45,"<center><table><tr><th colspan='2' align='center'><em>Attributes</em></th></tr><tr bgcolor=""#E3E3F3""> <th>PLN_AREA_N</th> <td>ORCHARD</td> </tr><tr bgcolor=""""> <th>PLN_AREA_C</th> <td>OR</td> </tr><tr bgcolor=""#E3E3F3""> <th>CA_IND</th> <td>Y</td> </tr><tr bgcolor=""""> <th>REGION_N</th> <td>CENTRAL REGION</td> </tr><tr bgcolor=""#E3E3F3""> <th>REGION_C</th> <td>CR</td> </tr><tr bgcolor=""""> <th>INC_CRC</th> <td>0A8593C8FB61AF7D</td> </tr><tr bgcolor=""#E3E3F3""> <th>FMEL_UPD_D</th> <td>20191223152014</td> </tr></table></center>",Orchard,Central Region
Midpoint Orchard,1.30178778502846,103.838659766022,POINT (103.838659766022 1.30178778502846),44,kml_45,"<center><table><tr><th colspan='2' align='center'><em>Attributes</em></th></tr><tr bgcolor=""#E3E3F3""> <th>PLN_AREA_N</th> <td>ORCHARD</td> </tr><tr bgcolor=""""> <th>PLN_AREA_C</th> <td>OR</td> </tr><tr bgcolor=""#E3E3F3""> <th>CA_IND</th> <td>Y</td> </tr><tr bgcolor=""""> <th>REGION_N</th> <td>CENTRAL REGION</td> </tr><tr bgcolor=""#E3E3F3""> <th>REGION_C</th> <td>CR</td> </tr><tr bgcolor=""""> <th>INC_CRC</th> <td>0A8593C8FB61AF7D</td> </tr><tr bgcolor=""#E3E3F3""> <th>FMEL_UPD_D</th> <td>20191223152014</td> </tr></table></center>",Orchard,Central Region
Palais Renaissance,1.30665484543191,103.829588045188,POINT (103.829588045188 1.30665484543191),44,kml_45,"<center><table><tr><th colspan='2' align='center'><em>Attributes</em></th></tr><tr bgcolor=""#E3E3F3""> <th>PLN_AREA_N</th> <td>ORCHARD</td> </tr><tr bgcolor=""""> <th>PLN_AREA_C</th> <td>OR</td> </tr><tr bgcolor=""#E3E3F3""> <th>CA_IND</th> <td>Y</td> </tr><tr bgcolor=""""> <th>REGION_N</th> <td>CENTRAL REGION</td> </tr><tr bgcolor=""#E3E3F3""> <th>REGION_C</th> <td>CR</td> </tr><tr bgcolor=""""> <th>INC_CRC</th> <td>0A8593C8FB61AF7D</td> </tr><tr bgcolor=""#E3E3F3""> <th>FMEL_UPD_D</th> <td>20191223152014</td> </tr></table></center>",Orchard,Central Region
People's Park Centre,1.28564781446701,103.843861556498,POINT (103.843861556498 1.28564781446701),45,kml_46,"<center><table><tr><th colspan='2' align='center'><em>Attributes</em></th></tr><tr bgcolor=""#E3E3F3""> <th>PLN_AREA_N</th> <td>OUTRAM</td> </tr><tr bgcolor=""""> <th>PLN_AREA_C</th> <td>OT</td> </tr><tr bgcolor=""#E3E3F3""> <th>CA_IND</th> <td>Y</td> </tr><tr bgcolor=""""> <th>REGION_N</th> <td>CENTRAL REGION</td> </tr><tr bgcolor=""#E3E3F3""> <th>REGION_C</th> <td>CR</td> </tr><tr bgcolor=""""> <th>INC_CRC</th> <td>5602F03839AD2D0C</td> </tr><tr bgcolor=""#E3E3F3""> <th>FMEL_UPD_D</th> <td>20191223152014</td> </tr></table></center>",Outram,Central Region
People's Park Complex,1.28404487854559,103.842590753293,POINT (103.842590753293 1.28404487854559),45,kml_46,"<center><table><tr><th colspan='2' align='center'><em>Attributes</em></th></tr><tr bgcolor=""#E3E3F3""> <th>PLN_AREA_N</th> <td>OUTRAM</td> </tr><tr bgcolor=""""> <th>PLN_AREA_C</th> <td>OT</td> </tr><tr bgcolor=""#E3E3F3""> <th>CA_IND</th> <td>Y</td> </tr><tr bgcolor=""""> <th>REGION_N</th> <td>CENTRAL REGION</td> </tr><tr bgcolor=""#E3E3F3""> <th>REGION_C</th> <td>CR</td> </tr><tr bgcolor=""""> <th>INC_CRC</th> <td>5602F03839AD2D0C</td> </tr><tr bgcolor=""#E3E3F3""> <th>FMEL_UPD_D</th> <td>20191223152014</td> </tr></table></center>",Outram,Central Region
Plaza Singapura,1.30082071769235,103.845067272938,POINT (103.845067272938 1.30082071769235),42,kml_43,"<center><table><tr><th colspan='2' align='center'><em>Attributes</em></th></tr><tr bgcolor=""#E3E3F3""> <th>PLN_AREA_N</th> <td>MUSEUM</td> </tr><tr bgcolor=""""> <th>PLN_AREA_C</th> <td>MU</td> </tr><tr bgcolor=""#E3E3F3""> <th>CA_IND</th> <td>Y</td> </tr><tr bgcolor=""""> <th>REGION_N</th> <td>CENTRAL REGION</td> </tr><tr bgcolor=""#E3E3F3""> <th>REGION_C</th> <td>CR</td> </tr><tr bgcolor=""""> <th>INC_CRC</th> <td>A5604F296D014694</td> </tr><tr bgcolor=""#E3E3F3""> <th>FMEL_UPD_D</th> <td>20191223152014</td> </tr></table></center>",Museum,Central Region
Raffles City,1.29397670992871,103.853333627297,POINT (103.853333627297 1.29397670992871),39,kml_40,"<center><table><tr><th colspan='2' align='center'><em>Attributes</em></th></tr><tr bgcolor=""#E3E3F3""> <th>PLN_AREA_N</th> <td>DOWNTOWN CORE</td> </tr><tr bgcolor=""""> <th>PLN_AREA_C</th> <td>DT</td> </tr><tr bgcolor=""#E3E3F3""> <th>CA_IND</th> <td>Y</td> </tr><tr bgcolor=""""> <th>REGION_N</th> <td>CENTRAL REGION</td> </tr><tr bgcolor=""#E3E3F3""> <th>REGION_C</th> <td>CR</td> </tr><tr bgcolor=""""> <th>INC_CRC</th> <td>5D85EA05D2C6189D</td> </tr><tr bgcolor=""#E3E3F3""> <th>FMEL_UPD_D</th> <td>20191223152014</td> </tr></table></center>",Downtown Core,Central Region
Scotts Square,1.30579942993543,103.833074706219,POINT (103.833074706219 1.30579942993543),44,kml_45,"<center><table><tr><th colspan='2' align='center'><em>Attributes</em></th></tr><tr bgcolor=""#E3E3F3""> <th>PLN_AREA_N</th> <td>ORCHARD</td> </tr><tr bgcolor=""""> <th>PLN_AREA_C</th> <td>OR</td> </tr><tr bgcolor=""#E3E3F3""> <th>CA_IND</th> <td>Y</td> </tr><tr bgcolor=""""> <th>REGION_N</th> <td>CENTRAL REGION</td> </tr><tr bgcolor=""#E3E3F3""> <th>REGION_C</th> <td>CR</td> </tr><tr bgcolor=""""> <th>INC_CRC</th> <td>0A8593C8FB61AF7D</td> </tr><tr bgcolor=""#E3E3F3""> <th>FMEL_UPD_D</th> <td>20191223152014</td> </tr></table></center>",Orchard,Central Region
Sim Lim Square,1.30290658774258,103.853031869482,POINT (103.853031869482 1.30290658774258),34,kml_35,"<center><table><tr><th colspan='2' align='center'><em>Attributes</em></th></tr><tr bgcolor=""#E3E3F3""> <th>PLN_AREA_N</th> <td>ROCHOR</td> </tr><tr bgcolor=""""> <th>PLN_AREA_C</th> <td>RC</td> </tr><tr bgcolor=""#E3E3F3""> <th>CA_IND</th> <td>Y</td> </tr><tr bgcolor=""""> <th>REGION_N</th> <td>CENTRAL REGION</td> </tr><tr bgcolor=""#E3E3F3""> <th>REGION_C</th> <td>CR</td> </tr><tr bgcolor=""""> <th>INC_CRC</th> <td>AB3524B3970C1C40</td> </tr><tr bgcolor=""#E3E3F3""> <th>FMEL_UPD_D</th> <td>20191223152014</td> </tr></table></center>",Rochor,Central Region
Singapore Shopping Centre,1.28649701803051,103.844628721032,POINT (103.844628721032 1.28649701803051),45,kml_46,"<center><table><tr><th colspan='2' align='center'><em>Attributes</em></th></tr><tr bgcolor=""#E3E3F3""> <th>PLN_AREA_N</th> <td>OUTRAM</td> </tr><tr bgcolor=""""> <th>PLN_AREA_C</th> <td>OT</td> </tr><tr bgcolor=""#E3E3F3""> <th>CA_IND</th> <td>Y</td> </tr><tr bgcolor=""""> <th>REGION_N</th> <td>CENTRAL REGION</td> </tr><tr bgcolor=""#E3E3F3""> <th>REGION_C</th> <td>CR</td> </tr><tr bgcolor=""""> <th>INC_CRC</th> <td>5602F03839AD2D0C</td> </tr><tr bgcolor=""#E3E3F3""> <th>FMEL_UPD_D</th> <td>20191223152014</td> </tr></table></center>",Outram,Central Region
The South Beach,1.29498804392056,103.856276242094,POINT (103.856276242094 1.29498804392056),39,kml_40,"<center><table><tr><th colspan='2' align='center'><em>Attributes</em></th></tr><tr bgcolor=""#E3E3F3""> <th>PLN_AREA_N</th> <td>DOWNTOWN CORE</td> </tr><tr bgcolor=""""> <th>PLN_AREA_C</th> <td>DT</td> </tr><tr bgcolor=""#E3E3F3""> <th>CA_IND</th> <td>Y</td> </tr><tr bgcolor=""""> <th>REGION_N</th> <td>CENTRAL REGION</td> </tr><tr bgcolor=""#E3E3F3""> <th>REGION_C</th> <td>CR</td> </tr><tr bgcolor=""""> <th>INC_CRC</th> <td>5D85EA05D2C6189D</td> </tr><tr bgcolor=""#E3E3F3""> <th>FMEL_UPD_D</th> <td>20191223152014</td> </tr></table></center>",Downtown Core,Central Region
Square 2,1.27822949964567,103.850812513482,POINT (103.850812513482 1.27822949964567),39,kml_40,"<center><table><tr><th colspan='2' align='center'><em>Attributes</em></th></tr><tr bgcolor=""#E3E3F3""> <th>PLN_AREA_N</th> <td>DOWNTOWN CORE</td> </tr><tr bgcolor=""""> <th>PLN_AREA_C</th> <td>DT</td> </tr><tr bgcolor=""#E3E3F3""> <th>CA_IND</th> <td>Y</td> </tr><tr bgcolor=""""> <th>REGION_N</th> <td>CENTRAL REGION</td> </tr><tr bgcolor=""#E3E3F3""> <th>REGION_C</th> <td>CR</td> </tr><tr bgcolor=""""> <th>INC_CRC</th> <td>5D85EA05D2C6189D</td> </tr><tr bgcolor=""#E3E3F3""> <th>FMEL_UPD_D</th> <td>20191223152014</td> </tr></table></center>",Downtown Core,Central Region
Sunshine Plaza,1.30046735366415,103.850556061949,POINT (103.850556061949 1.30046735366415),34,kml_35,"<center><table><tr><th colspan='2' align='center'><em>Attributes</em></th></tr><tr bgcolor=""#E3E3F3""> <th>PLN_AREA_N</th> <td>ROCHOR</td> </tr><tr bgcolor=""""> <th>PLN_AREA_C</th> <td>RC</td> </tr><tr bgcolor=""#E3E3F3""> <th>CA_IND</th> <td>Y</td> </tr><tr bgcolor=""""> <th>REGION_N</th> <td>CENTRAL REGION</td> </tr><tr bgcolor=""#E3E3F3""> <th>REGION_C</th> <td>CR</td> </tr><tr bgcolor=""""> <th>INC_CRC</th> <td>AB3524B3970C1C40</td> </tr><tr bgcolor=""#E3E3F3""> <th>FMEL_UPD_D</th> <td>20191223152014</td> </tr></table></center>",Rochor,Central Region
Suntec City,1.29350132535558,103.857307495824,POINT (103.857307495824 1.29350132535558),39,kml_40,"<center><table><tr><th colspan='2' align='center'><em>Attributes</em></th></tr><tr bgcolor=""#E3E3F3""> <th>PLN_AREA_N</th> <td>DOWNTOWN CORE</td> </tr><tr bgcolor=""""> <th>PLN_AREA_C</th> <td>DT</td> </tr><tr bgcolor=""#E3E3F3""> <th>CA_IND</th> <td>Y</td> </tr><tr bgcolor=""""> <th>REGION_N</th> <td>CENTRAL REGION</td> </tr><tr bgcolor=""#E3E3F3""> <th>REGION_C</th> <td>CR</td> </tr><tr bgcolor=""""> <th>INC_CRC</th> <td>5D85EA05D2C6189D</td> </tr><tr bgcolor=""#E3E3F3""> <th>FMEL_UPD_D</th> <td>20191223152014</td> </tr></table></center>",Downtown Core,Central Region
Tanglin Mall,1.30485342102105,103.823883490852,POINT (103.823883490852 1.30485342102105),44,kml_45,"<center><table><tr><th colspan='2' align='center'><em>Attributes</em></th></tr><tr bgcolor=""#E3E3F3""> <th>PLN_AREA_N</th> <td>ORCHARD</td> </tr><tr bgcolor=""""> <th>PLN_AREA_C</th> <td>OR</td> </tr><tr bgcolor=""#E3E3F3""> <th>CA_IND</th> <td>Y</td> </tr><tr bgcolor=""""> <th>REGION_N</th> <td>CENTRAL REGION</td> </tr><tr bgcolor=""#E3E3F3""> <th>REGION_C</th> <td>CR</td> </tr><tr bgcolor=""""> <th>INC_CRC</th> <td>0A8593C8FB61AF7D</td> </tr><tr bgcolor=""#E3E3F3""> <th>FMEL_UPD_D</th> <td>20191223152014</td> </tr></table></center>",Orchard,Central Region
Tanjong Pagar Centre,1.2755961982077,103.842393171342,POINT (103.842393171342 1.2755961982077),45,kml_46,"<center><table><tr><th colspan='2' align='center'><em>Attributes</em></th></tr><tr bgcolor=""#E3E3F3""> <th>PLN_AREA_N</th> <td>OUTRAM</td> </tr><tr bgcolor=""""> <th>PLN_AREA_C</th> <td>OT</td> </tr><tr bgcolor=""#E3E3F3""> <th>CA_IND</th> <td>Y</td> </tr><tr bgcolor=""""> <th>REGION_N</th> <td>CENTRAL REGION</td> </tr><tr bgcolor=""#E3E3F3""> <th>REGION_C</th> <td>CR</td> </tr><tr bgcolor=""""> <th>INC_CRC</th> <td>5602F03839AD2D0C</td> </tr><tr bgcolor=""#E3E3F3""> <th>FMEL_UPD_D</th> <td>20191223152014</td> </tr></table></center>",Outram,Central Region
Tekka Centre,1.30671098278725,103.85013440636,POINT (103.85013440636 1.30671098278725),34,kml_35,"<center><table><tr><th colspan='2' align='center'><em>Attributes</em></th></tr><tr bgcolor=""#E3E3F3""> <th>PLN_AREA_N</th> <td>ROCHOR</td> </tr><tr bgcolor=""""> <th>PLN_AREA_C</th> <td>RC</td> </tr><tr bgcolor=""#E3E3F3""> <th>CA_IND</th> <td>Y</td> </tr><tr bgcolor=""""> <th>REGION_N</th> <td>CENTRAL REGION</td> </tr><tr bgcolor=""#E3E3F3""> <th>REGION_C</th> <td>CR</td> </tr><tr bgcolor=""""> <th>INC_CRC</th> <td>AB3524B3970C1C40</td> </tr><tr bgcolor=""#E3E3F3""> <th>FMEL_UPD_D</th> <td>20191223152014</td> </tr></table></center>",Rochor,Central Region
The Adelphi,1.29118503658447,103.851184338699,POINT (103.851184338699 1.29118503658447),39,kml_40,"<center><table><tr><th colspan='2' align='center'><em>Attributes</em></th></tr><tr bgcolor=""#E3E3F3""> <th>PLN_AREA_N</th> <td>DOWNTOWN CORE</td> </tr><tr bgcolor=""""> <th>PLN_AREA_C</th> <td>DT</td> </tr><tr bgcolor=""#E3E3F3""> <th>CA_IND</th> <td>Y</td> </tr><tr bgcolor=""""> <th>REGION_N</th> <td>CENTRAL REGION</td> </tr><tr bgcolor=""#E3E3F3""> <th>REGION_C</th> <td>CR</td> </tr><tr bgcolor=""""> <th>INC_CRC</th> <td>5D85EA05D2C6189D</td> </tr><tr bgcolor=""#E3E3F3""> <th>FMEL_UPD_D</th> <td>20191223152014</td> </tr></table></center>",Downtown Core,Central Region
The Paragon,1.30387230879994,103.835857545469,POINT (103.835857545469 1.30387230879994),44,kml_45,"<center><table><tr><th colspan='2' align='center'><em>Attributes</em></th></tr><tr bgcolor=""#E3E3F3""> <th>PLN_AREA_N</th> <td>ORCHARD</td> </tr><tr bgcolor=""""> <th>PLN_AREA_C</th> <td>OR</td> </tr><tr bgcolor=""#E3E3F3""> <th>CA_IND</th> <td>Y</td> </tr><tr bgcolor=""""> <th>REGION_N</th> <td>CENTRAL REGION</td> </tr><tr bgcolor=""#E3E3F3""> <th>REGION_C</th> <td>CR</td> </tr><tr bgcolor=""""> <th>INC_CRC</th> <td>0A8593C8FB61AF7D</td> </tr><tr bgcolor=""#E3E3F3""> <th>FMEL_UPD_D</th> <td>20191223152014</td> </tr></table></center>",Orchard,Central Region
Tiong Bahru Plaza,1.28645889472825,103.827015256194,POINT (103.827015256194 1.28645889472825),3,kml_4,"<center><table><tr><th colspan='2' align='center'><em>Attributes</em></th></tr><tr bgcolor=""#E3E3F3""> <th>PLN_AREA_N</th> <td>BUKIT MERAH</td> </tr><tr bgcolor=""""> <th>PLN_AREA_C</th> <td>BM</td> </tr><tr bgcolor=""#E3E3F3""> <th>CA_IND</th> <td>N</td> </tr><tr bgcolor=""""> <th>REGION_N</th> <td>CENTRAL REGION</td> </tr><tr bgcolor=""#E3E3F3""> <th>REGION_C</th> <td>CR</td> </tr><tr bgcolor=""""> <th>INC_CRC</th> <td>4850795BB0B6A4F7</td> </tr><tr bgcolor=""#E3E3F3""> <th>FMEL_UPD_D</th> <td>20191223152014</td> </tr></table></center>",Bukit Merah,Central Region
The Poiz,1.33202729656296,103.868659488195,POINT (103.868659488195 1.33202729656296),28,kml_29,"<center><table><tr><th colspan='2' align='center'><em>Attributes</em></th></tr><tr bgcolor=""#E3E3F3""> <th>PLN_AREA_N</th> <td>TOA PAYOH</td> </tr><tr bgcolor=""""> <th>PLN_AREA_C</th> <td>TP</td> </tr><tr bgcolor=""#E3E3F3""> <th>CA_IND</th> <td>N</td> </tr><tr bgcolor=""""> <th>REGION_N</th> <td>CENTRAL REGION</td> </tr><tr bgcolor=""#E3E3F3""> <th>REGION_C</th> <td>CR</td> </tr><tr bgcolor=""""> <th>INC_CRC</th> <td>85DD6CFD19B09A35</td> </tr><tr bgcolor=""#E3E3F3""> <th>FMEL_UPD_D</th> <td>20191223152014</td> </tr></table></center>",Toa Payoh,Central Region
Thomson Plaza,1.35436282723449,103.83030941613,POINT (103.83030941613 1.35436282723449),50,kml_51,"<center><table><tr><th colspan='2' align='center'><em>Attributes</em></th></tr><tr bgcolor=""#E3E3F3""> <th>PLN_AREA_N</th> <td>BISHAN</td> </tr><tr bgcolor=""""> <th>PLN_AREA_C</th> <td>BS</td> </tr><tr bgcolor=""#E3E3F3""> <th>CA_IND</th> <td>N</td> </tr><tr bgcolor=""""> <th>REGION_N</th> <td>CENTRAL REGION</td> </tr><tr bgcolor=""#E3E3F3""> <th>REGION_C</th> <td>CR</td> </tr><tr bgcolor=""""> <th>INC_CRC</th> <td>741583155DB92ACF</td> </tr><tr bgcolor=""#E3E3F3""> <th>FMEL_UPD_D</th> <td>20191223152014</td> </tr></table></center>",Bishan,Central Region
United Square,1.31719450988559,103.843611443038,POINT (103.843611443038 1.31719450988559),24,kml_25,"<center><table><tr><th colspan='2' align='center'><em>Attributes</em></th></tr><tr bgcolor=""#E3E3F3""> <th>PLN_AREA_N</th> <td>NOVENA</td> </tr><tr bgcolor=""""> <th>PLN_AREA_C</th> <td>NV</td> </tr><tr bgcolor=""#E3E3F3""> <th>CA_IND</th> <td>N</td> </tr><tr bgcolor=""""> <th>REGION_N</th> <td>CENTRAL REGION</td> </tr><tr bgcolor=""#E3E3F3""> <th>REGION_C</th> <td>CR</td> </tr><tr bgcolor=""""> <th>INC_CRC</th> <td>26D3DCBD67CE3F87</td> </tr><tr bgcolor=""#E3E3F3""> <th>FMEL_UPD_D</th> <td>20191223152014</td> </tr></table></center>",Novena,Central Region
Thomson V,1.35319495337208,103.835564729862,POINT (103.835564729862 1.35319495337208),50,kml_51,"<center><table><tr><th colspan='2' align='center'><em>Attributes</em></th></tr><tr bgcolor=""#E3E3F3""> <th>PLN_AREA_N</th> <td>BISHAN</td> </tr><tr bgcolor=""""> <th>PLN_AREA_C</th> <td>BS</td> </tr><tr bgcolor=""#E3E3F3""> <th>CA_IND</th> <td>N</td> </tr><tr bgcolor=""""> <th>REGION_N</th> <td>CENTRAL REGION</td> </tr><tr bgcolor=""#E3E3F3""> <th>REGION_C</th> <td>CR</td> </tr><tr bgcolor=""""> <th>INC_CRC</th> <td>741583155DB92ACF</td> </tr><tr bgcolor=""#E3E3F3""> <th>FMEL_UPD_D</th> <td>20191223152014</td> </tr></table></center>",Bishan,Central Region
Velocity@Novena Square,1.31978949204523,103.844033569199,POINT (103.844033569199 1.31978949204523),24,kml_25,"<center><table><tr><th colspan='2' align='center'><em>Attributes</em></th></tr><tr bgcolor=""#E3E3F3""> <th>PLN_AREA_N</th> <td>NOVENA</td> </tr><tr bgcolor=""""> <th>PLN_AREA_C</th> <td>NV</td> </tr><tr bgcolor=""#E3E3F3""> <th>CA_IND</th> <td>N</td> </tr><tr bgcolor=""""> <th>REGION_N</th> <td>CENTRAL REGION</td> </tr><tr bgcolor=""#E3E3F3""> <th>REGION_C</th> <td>CR</td> </tr><tr bgcolor=""""> <th>INC_CRC</th> <td>26D3DCBD67CE3F87</td> </tr><tr bgcolor=""#E3E3F3""> <th>FMEL_UPD_D</th> <td>20191223152014</td> </tr></table></center>",Novena,Central Region
Wheelock Place,1.30467628730252,103.830642027577,POINT (103.830642027577 1.30467628730252),44,kml_45,"<center><table><tr><th colspan='2' align='center'><em>Attributes</em></th></tr><tr bgcolor=""#E3E3F3""> <th>PLN_AREA_N</th> <td>ORCHARD</td> </tr><tr bgcolor=""""> <th>PLN_AREA_C</th> <td>OR</td> </tr><tr bgcolor=""#E3E3F3""> <th>CA_IND</th> <td>Y</td> </tr><tr bgcolor=""""> <th>REGION_N</th> <td>CENTRAL REGION</td> </tr><tr bgcolor=""#E3E3F3""> <th>REGION_C</th> <td>CR</td> </tr><tr bgcolor=""""> <th>INC_CRC</th> <td>0A8593C8FB61AF7D</td> </tr><tr bgcolor=""#E3E3F3""> <th>FMEL_UPD_D</th> <td>20191223152014</td> </tr></table></center>",Orchard,Central Region
Wisma Atria,1.30370477426147,103.833205752808,POINT (103.833205752808 1.30370477426147),44,kml_45,"<center><table><tr><th colspan='2' align='center'><em>Attributes</em></th></tr><tr bgcolor=""#E3E3F3""> <th>PLN_AREA_N</th> <td>ORCHARD</td> </tr><tr bgcolor=""""> <th>PLN_AREA_C</th> <td>OR</td> </tr><tr bgcolor=""#E3E3F3""> <th>CA_IND</th> <td>Y</td> </tr><tr bgcolor=""""> <th>REGION_N</th> <td>CENTRAL REGION</td> </tr><tr bgcolor=""#E3E3F3""> <th>REGION_C</th> <td>CR</td> </tr><tr bgcolor=""""> <th>INC_CRC</th> <td>0A8593C8FB61AF7D</td> </tr><tr bgcolor=""#E3E3F3""> <th>FMEL_UPD_D</th> <td>20191223152014</td> </tr></table></center>",Orchard,Central Region
Zhongshan Mall,1.32694504484324,103.846554377679,POINT (103.846554377679 1.32694504484324),24,kml_25,"<center><table><tr><th colspan='2' align='center'><em>Attributes</em></th></tr><tr bgcolor=""#E3E3F3""> <th>PLN_AREA_N</th> <td>NOVENA</td> </tr><tr bgcolor=""""> <th>PLN_AREA_C</th> <td>NV</td> </tr><tr bgcolor=""#E3E3F3""> <th>CA_IND</th> <td>N</td> </tr><tr bgcolor=""""> <th>REGION_N</th> <td>CENTRAL REGION</td> </tr><tr bgcolor=""#E3E3F3""> <th>REGION_C</th> <td>CR</td> </tr><tr bgcolor=""""> <th>INC_CRC</th> <td>26D3DCBD67CE3F87</td> </tr><tr bgcolor=""#E3E3F3""> <th>FMEL_UPD_D</th> <td>20191223152014</td> </tr></table></center>",Novena,Central Region
Bedok Mall,1.32475054237912,103.92918919889,POINT (103.92918919889 1.32475054237912),0,kml_1,"<center><table><tr><th colspan='2' align='center'><em>Attributes</em></th></tr><tr bgcolor=""#E3E3F3""> <th>PLN_AREA_N</th> <td>BEDOK</td> </tr><tr bgcolor=""""> <th>PLN_AREA_C</th> <td>BD</td> </tr><tr bgcolor=""#E3E3F3""> <th>CA_IND</th> <td>N</td> </tr><tr bgcolor=""""> <th>REGION_N</th> <td>EAST REGION</td> </tr><tr bgcolor=""#E3E3F3""> <th>REGION_C</th> <td>ER</td> </tr><tr bgcolor=""""> <th>INC_CRC</th> <td>5F00E6FF084F3364</td> </tr><tr bgcolor=""#E3E3F3""> <th>FMEL_UPD_D</th> <td>20191223152014</td> </tr></table></center>",Bedok,East Region
Century Square,1.35227804040128,103.943727694121,POINT (103.943727694121 1.35227804040128),46,kml_47,"<center><table><tr><th colspan='2' align='center'><em>Attributes</em></th></tr><tr bgcolor=""#E3E3F3""> <th>PLN_AREA_N</th> <td>TAMPINES</td> </tr><tr bgcolor=""""> <th>PLN_AREA_C</th> <td>TM</td> </tr><tr bgcolor=""#E3E3F3""> <th>CA_IND</th> <td>N</td> </tr><tr bgcolor=""""> <th>REGION_N</th> <td>EAST REGION</td> </tr><tr bgcolor=""#E3E3F3""> <th>REGION_C</th> <td>ER</td> </tr><tr bgcolor=""""> <th>INC_CRC</th> <td>9988953DFA610218</td> </tr><tr bgcolor=""#E3E3F3""> <th>FMEL_UPD_D</th> <td>20191223152014</td> </tr></table></center>",Tampines,East Region
Our Tampines Hub,1.35218046898785,103.940598001519,POINT (103.940598001519 1.35218046898785),46,kml_47,"<center><table><tr><th colspan='2' align='center'><em>Attributes</em></th></tr><tr bgcolor=""#E3E3F3""> <th>PLN_AREA_N</th> <td>TAMPINES</td> </tr><tr bgcolor=""""> <th>PLN_AREA_C</th> <td>TM</td> </tr><tr bgcolor=""#E3E3F3""> <th>CA_IND</th> <td>N</td> </tr><tr bgcolor=""""> <th>REGION_N</th> <td>EAST REGION</td> </tr><tr bgcolor=""#E3E3F3""> <th>REGION_C</th> <td>ER</td> </tr><tr bgcolor=""""> <th>INC_CRC</th> <td>9988953DFA610218</td> </tr><tr bgcolor=""#E3E3F3""> <th>FMEL_UPD_D</th> <td>20191223152014</td> </tr></table></center>",Tampines,East Region
Changi City Point,1.33408363820793,103.962946043413,POINT (103.962946043413 1.33408363820793),46,kml_47,"<center><table><tr><th colspan='2' align='center'><em>Attributes</em></th></tr><tr bgcolor=""#E3E3F3""> <th>PLN_AREA_N</th> <td>TAMPINES</td> </tr><tr bgcolor=""""> <th>PLN_AREA_C</th> <td>TM</td> </tr><tr bgcolor=""#E3E3F3""> <th>CA_IND</th> <td>N</td> </tr><tr bgcolor=""""> <th>REGION_N</th> <td>EAST REGION</td> </tr><tr bgcolor=""#E3E3F3""> <th>REGION_C</th> <td>ER</td> </tr><tr bgcolor=""""> <th>INC_CRC</th> <td>9988953DFA610218</td> </tr><tr bgcolor=""#E3E3F3""> <th>FMEL_UPD_D</th> <td>20191223152014</td> </tr></table></center>",Tampines,East Region
Downtown East,1.3765903645695,103.955689449482,POINT (103.955689449482 1.3765903645695),13,kml_14,"<center><table><tr><th colspan='2' align='center'><em>Attributes</em></th></tr><tr bgcolor=""#E3E3F3""> <th>PLN_AREA_N</th> <td>PASIR RIS</td> </tr><tr bgcolor=""""> <th>PLN_AREA_C</th> <td>PR</td> </tr><tr bgcolor=""#E3E3F3""> <th>CA_IND</th> <td>N</td> </tr><tr bgcolor=""""> <th>REGION_N</th> <td>EAST REGION</td> </tr><tr bgcolor=""#E3E3F3""> <th>REGION_C</th> <td>ER</td> </tr><tr bgcolor=""""> <th>INC_CRC</th> <td>B375AD2AA1E8E3DB</td> </tr><tr bgcolor=""#E3E3F3""> <th>FMEL_UPD_D</th> <td>20191223152014</td> </tr></table></center>",Pasir Ris,East Region
Djitsun Mall Bedok,1.32611970329469,103.929554495615,POINT (103.929554495615 1.32611970329469),0,kml_1,"<center><table><tr><th colspan='2' align='center'><em>Attributes</em></th></tr><tr bgcolor=""#E3E3F3""> <th>PLN_AREA_N</th> <td>BEDOK</td> </tr><tr bgcolor=""""> <th>PLN_AREA_C</th> <td>BD</td> </tr><tr bgcolor=""#E3E3F3""> <th>CA_IND</th> <td>N</td> </tr><tr bgcolor=""""> <th>REGION_N</th> <td>EAST REGION</td> </tr><tr bgcolor=""#E3E3F3""> <th>REGION_C</th> <td>ER</td> </tr><tr bgcolor=""""> <th>INC_CRC</th> <td>5F00E6FF084F3364</td> </tr><tr bgcolor=""#E3E3F3""> <th>FMEL_UPD_D</th> <td>20191223152014</td> </tr></table></center>",Bedok,East Region
Eastpoint Mall,1.34270592355576,103.953024618234,POINT (103.953024618234 1.34270592355576),46,kml_47,"<center><table><tr><th colspan='2' align='center'><em>Attributes</em></th></tr><tr bgcolor=""#E3E3F3""> <th>PLN_AREA_N</th> <td>TAMPINES</td> </tr><tr bgcolor=""""> <th>PLN_AREA_C</th> <td>TM</td> </tr><tr bgcolor=""#E3E3F3""> <th>CA_IND</th> <td>N</td> </tr><tr bgcolor=""""> <th>REGION_N</th> <td>EAST REGION</td> </tr><tr bgcolor=""#E3E3F3""> <th>REGION_C</th> <td>ER</td> </tr><tr bgcolor=""""> <th>INC_CRC</th> <td>9988953DFA610218</td> </tr><tr bgcolor=""#E3E3F3""> <th>FMEL_UPD_D</th> <td>20191223152014</td> </tr></table></center>",Tampines,East Region
Jewel Changi Airport,1.36006289399606,103.989989170512,POINT (103.989989170512 1.36006289399606),7,kml_8,"<center><table><tr><th colspan='2' align='center'><em>Attributes</em></th></tr><tr bgcolor=""#E3E3F3""> <th>PLN_AREA_N</th> <td>CHANGI</td> </tr><tr bgcolor=""""> <th>PLN_AREA_C</th> <td>CH</td> </tr><tr bgcolor=""#E3E3F3""> <th>CA_IND</th> <td>N</td> </tr><tr bgcolor=""""> <th>REGION_N</th> <td>EAST REGION</td> </tr><tr bgcolor=""#E3E3F3""> <th>REGION_C</th> <td>ER</td> </tr><tr bgcolor=""""> <th>INC_CRC</th> <td>9DA33276DBB29990</td> </tr><tr bgcolor=""#E3E3F3""> <th>FMEL_UPD_D</th> <td>20191223152014</td> </tr></table></center>",Changi,East Region
Katong Shopping Centre,1.30382040183737,103.901040040407,POINT (103.901040040407 1.30382040183737),38,kml_39,"<center><table><tr><th colspan='2' align='center'><em>Attributes</em></th></tr><tr bgcolor=""#E3E3F3""> <th>PLN_AREA_N</th> <td>MARINE PARADE</td> </tr><tr bgcolor=""""> <th>PLN_AREA_C</th> <td>MP</td> </tr><tr bgcolor=""#E3E3F3""> <th>CA_IND</th> <td>N</td> </tr><tr bgcolor=""""> <th>REGION_N</th> <td>CENTRAL REGION</td> </tr><tr bgcolor=""#E3E3F3""> <th>REGION_C</th> <td>CR</td> </tr><tr bgcolor=""""> <th>INC_CRC</th> <td>277A84C803F3A399</td> </tr><tr bgcolor=""#E3E3F3""> <th>FMEL_UPD_D</th> <td>20191223152014</td> </tr></table></center>",Marine Parade,Central Region
Katong Square,1.30477683917233,103.904617722414,POINT (103.904617722414 1.30477683917233),38,kml_39,"<center><table><tr><th colspan='2' align='center'><em>Attributes</em></th></tr><tr bgcolor=""#E3E3F3""> <th>PLN_AREA_N</th> <td>MARINE PARADE</td> </tr><tr bgcolor=""""> <th>PLN_AREA_C</th> <td>MP</td> </tr><tr bgcolor=""#E3E3F3""> <th>CA_IND</th> <td>N</td> </tr><tr bgcolor=""""> <th>REGION_N</th> <td>CENTRAL REGION</td> </tr><tr bgcolor=""#E3E3F3""> <th>REGION_C</th> <td>CR</td> </tr><tr bgcolor=""""> <th>INC_CRC</th> <td>277A84C803F3A399</td> </tr><tr bgcolor=""#E3E3F3""> <th>FMEL_UPD_D</th> <td>20191223152014</td> </tr></table></center>",Marine Parade,Central Region
Kallang Wave Mall,1.30307515150401,103.873149707591,POINT (103.873149707591 1.30307515150401),21,kml_22,"<center><table><tr><th colspan='2' align='center'><em>Attributes</em></th></tr><tr bgcolor=""#E3E3F3""> <th>PLN_AREA_N</th> <td>KALLANG</td> </tr><tr bgcolor=""""> <th>PLN_AREA_C</th> <td>KL</td> </tr><tr bgcolor=""#E3E3F3""> <th>CA_IND</th> <td>N</td> </tr><tr bgcolor=""""> <th>REGION_N</th> <td>CENTRAL REGION</td> </tr><tr bgcolor=""#E3E3F3""> <th>REGION_C</th> <td>CR</td> </tr><tr bgcolor=""""> <th>INC_CRC</th> <td>8805C45D2F327F92</td> </tr><tr bgcolor=""#E3E3F3""> <th>FMEL_UPD_D</th> <td>20191223152014</td> </tr></table></center>",Kallang,Central Region
Leisure Park Kallang,1.30222177381282,103.876152665088,POINT (103.876152665088 1.30222177381282),21,kml_22,"<center><table><tr><th colspan='2' align='center'><em>Attributes</em></th></tr><tr bgcolor=""#E3E3F3""> <th>PLN_AREA_N</th> <td>KALLANG</td> </tr><tr bgcolor=""""> <th>PLN_AREA_C</th> <td>KL</td> </tr><tr bgcolor=""#E3E3F3""> <th>CA_IND</th> <td>N</td> </tr><tr bgcolor=""""> <th>REGION_N</th> <td>CENTRAL REGION</td> </tr><tr bgcolor=""#E3E3F3""> <th>REGION_C</th> <td>CR</td> </tr><tr bgcolor=""""> <th>INC_CRC</th> <td>8805C45D2F327F92</td> </tr><tr bgcolor=""#E3E3F3""> <th>FMEL_UPD_D</th> <td>20191223152014</td> </tr></table></center>",Kallang,Central Region
i12 Katong,1.30522306203042,103.905043928938,POINT (103.905043928938 1.30522306203042),38,kml_39,"<center><table><tr><th colspan='2' align='center'><em>Attributes</em></th></tr><tr bgcolor=""#E3E3F3""> <th>PLN_AREA_N</th> <td>MARINE PARADE</td> </tr><tr bgcolor=""""> <th>PLN_AREA_C</th> <td>MP</td> </tr><tr bgcolor=""#E3E3F3""> <th>CA_IND</th> <td>N</td> </tr><tr bgcolor=""""> <th>REGION_N</th> <td>CENTRAL REGION</td> </tr><tr bgcolor=""#E3E3F3""> <th>REGION_C</th> <td>CR</td> </tr><tr bgcolor=""""> <th>INC_CRC</th> <td>277A84C803F3A399</td> </tr><tr bgcolor=""#E3E3F3""> <th>FMEL_UPD_D</th> <td>20191223152014</td> </tr></table></center>",Marine Parade,Central Region
Parkway Parade,1.30106975506311,103.905279491524,POINT (103.905279491524 1.30106975506311),38,kml_39,"<center><table><tr><th colspan='2' align='center'><em>Attributes</em></th></tr><tr bgcolor=""#E3E3F3""> <th>PLN_AREA_N</th> <td>MARINE PARADE</td> </tr><tr bgcolor=""""> <th>PLN_AREA_C</th> <td>MP</td> </tr><tr bgcolor=""#E3E3F3""> <th>CA_IND</th> <td>N</td> </tr><tr bgcolor=""""> <th>REGION_N</th> <td>CENTRAL REGION</td> </tr><tr bgcolor=""#E3E3F3""> <th>REGION_C</th> <td>CR</td> </tr><tr bgcolor=""""> <th>INC_CRC</th> <td>277A84C803F3A399</td> </tr><tr bgcolor=""#E3E3F3""> <th>FMEL_UPD_D</th> <td>20191223152014</td> </tr></table></center>",Marine Parade,Central Region
Paya Lebar Square,1.31881486980278,103.892580778242,POINT (103.892580778242 1.31881486980278),52,kml_53,"<center><table><tr><th colspan='2' align='center'><em>Attributes</em></th></tr><tr bgcolor=""#E3E3F3""> <th>PLN_AREA_N</th> <td>GEYLANG</td> </tr><tr bgcolor=""""> <th>PLN_AREA_C</th> <td>GL</td> </tr><tr bgcolor=""#E3E3F3""> <th>CA_IND</th> <td>N</td> </tr><tr bgcolor=""""> <th>REGION_N</th> <td>CENTRAL REGION</td> </tr><tr bgcolor=""#E3E3F3""> <th>REGION_C</th> <td>CR</td> </tr><tr bgcolor=""""> <th>INC_CRC</th> <td>FC8678CF0ED975CA</td> </tr><tr bgcolor=""#E3E3F3""> <th>FMEL_UPD_D</th> <td>20191223152014</td> </tr></table></center>",Geylang,Central Region
Roxy Square,1.30432599904899,103.904051120306,POINT (103.904051120306 1.30432599904899),38,kml_39,"<center><table><tr><th colspan='2' align='center'><em>Attributes</em></th></tr><tr bgcolor=""#E3E3F3""> <th>PLN_AREA_N</th> <td>MARINE PARADE</td> </tr><tr bgcolor=""""> <th>PLN_AREA_C</th> <td>MP</td> </tr><tr bgcolor=""#E3E3F3""> <th>CA_IND</th> <td>N</td> </tr><tr bgcolor=""""> <th>REGION_N</th> <td>CENTRAL REGION</td> </tr><tr bgcolor=""#E3E3F3""> <th>REGION_C</th> <td>CR</td> </tr><tr bgcolor=""""> <th>INC_CRC</th> <td>277A84C803F3A399</td> </tr><tr bgcolor=""#E3E3F3""> <th>FMEL_UPD_D</th> <td>20191223152014</td> </tr></table></center>",Marine Parade,Central Region
Singpost Centre,1.31899666903663,103.894894915962,POINT (103.894894915962 1.31899666903663),52,kml_53,"<center><table><tr><th colspan='2' align='center'><em>Attributes</em></th></tr><tr bgcolor=""#E3E3F3""> <th>PLN_AREA_N</th> <td>GEYLANG</td> </tr><tr bgcolor=""""> <th>PLN_AREA_C</th> <td>GL</td> </tr><tr bgcolor=""#E3E3F3""> <th>CA_IND</th> <td>N</td> </tr><tr bgcolor=""""> <th>REGION_N</th> <td>CENTRAL REGION</td> </tr><tr bgcolor=""#E3E3F3""> <th>REGION_C</th> <td>CR</td> </tr><tr bgcolor=""""> <th>INC_CRC</th> <td>FC8678CF0ED975CA</td> </tr><tr bgcolor=""#E3E3F3""> <th>FMEL_UPD_D</th> <td>20191223152014</td> </tr></table></center>",Geylang,Central Region
Tampines 1,1.34633535808984,103.933979581362,POINT (103.933979581362 1.34633535808984),46,kml_47,"<center><table><tr><th colspan='2' align='center'><em>Attributes</em></th></tr><tr bgcolor=""#E3E3F3""> <th>PLN_AREA_N</th> <td>TAMPINES</td> </tr><tr bgcolor=""""> <th>PLN_AREA_C</th> <td>TM</td> </tr><tr bgcolor=""#E3E3F3""> <th>CA_IND</th> <td>N</td> </tr><tr bgcolor=""""> <th>REGION_N</th> <td>EAST REGION</td> </tr><tr bgcolor=""#E3E3F3""> <th>REGION_C</th> <td>ER</td> </tr><tr bgcolor=""""> <th>INC_CRC</th> <td>9988953DFA610218</td> </tr><tr bgcolor=""#E3E3F3""> <th>FMEL_UPD_D</th> <td>20191223152014</td> </tr></table></center>",Tampines,East Region
Tampines Mall,1.35259361362837,103.944785968039,POINT (103.944785968039 1.35259361362837),46,kml_47,"<center><table><tr><th colspan='2' align='center'><em>Attributes</em></th></tr><tr bgcolor=""#E3E3F3""> <th>PLN_AREA_N</th> <td>TAMPINES</td> </tr><tr bgcolor=""""> <th>PLN_AREA_C</th> <td>TM</td> </tr><tr bgcolor=""#E3E3F3""> <th>CA_IND</th> <td>N</td> </tr><tr bgcolor=""""> <th>REGION_N</th> <td>EAST REGION</td> </tr><tr bgcolor=""#E3E3F3""> <th>REGION_C</th> <td>ER</td> </tr><tr bgcolor=""""> <th>INC_CRC</th> <td>9988953DFA610218</td> </tr><tr bgcolor=""#E3E3F3""> <th>FMEL_UPD_D</th> <td>20191223152014</td> </tr></table></center>",Tampines,East Region
White Sands,1.37228761596577,103.949733905672,POINT (103.949733905672 1.37228761596577),13,kml_14,"<center><table><tr><th colspan='2' align='center'><em>Attributes</em></th></tr><tr bgcolor=""#E3E3F3""> <th>PLN_AREA_N</th> <td>PASIR RIS</td> </tr><tr bgcolor=""""> <th>PLN_AREA_C</th> <td>PR</td> </tr><tr bgcolor=""#E3E3F3""> <th>CA_IND</th> <td>N</td> </tr><tr bgcolor=""""> <th>REGION_N</th> <td>EAST REGION</td> </tr><tr bgcolor=""#E3E3F3""> <th>REGION_C</th> <td>ER</td> </tr><tr bgcolor=""""> <th>INC_CRC</th> <td>B375AD2AA1E8E3DB</td> </tr><tr bgcolor=""#E3E3F3""> <th>FMEL_UPD_D</th> <td>20191223152014</td> </tr></table></center>",Pasir Ris,East Region
City Plaza,1.31470866320366,103.893508573389,POINT (103.893508573389 1.31470866320366),52,kml_53,"<center><table><tr><th colspan='2' align='center'><em>Attributes</em></th></tr><tr bgcolor=""#E3E3F3""> <th>PLN_AREA_N</th> <td>GEYLANG</td> </tr><tr bgcolor=""""> <th>PLN_AREA_C</th> <td>GL</td> </tr><tr bgcolor=""#E3E3F3""> <th>CA_IND</th> <td>N</td> </tr><tr bgcolor=""""> <th>REGION_N</th> <td>CENTRAL REGION</td> </tr><tr bgcolor=""#E3E3F3""> <th>REGION_C</th> <td>CR</td> </tr><tr bgcolor=""""> <th>INC_CRC</th> <td>FC8678CF0ED975CA</td> </tr><tr bgcolor=""#E3E3F3""> <th>FMEL_UPD_D</th> <td>20191223152014</td> </tr></table></center>",Geylang,Central Region
Elias Mall,1.37790533095468,103.94233582068,POINT (103.94233582068 1.37790533095468),13,kml_14,"<center><table><tr><th colspan='2' align='center'><em>Attributes</em></th></tr><tr bgcolor=""#E3E3F3""> <th>PLN_AREA_N</th> <td>PASIR RIS</td> </tr><tr bgcolor=""""> <th>PLN_AREA_C</th> <td>PR</td> </tr><tr bgcolor=""#E3E3F3""> <th>CA_IND</th> <td>N</td> </tr><tr bgcolor=""""> <th>REGION_N</th> <td>EAST REGION</td> </tr><tr bgcolor=""#E3E3F3""> <th>REGION_C</th> <td>ER</td> </tr><tr bgcolor=""""> <th>INC_CRC</th> <td>B375AD2AA1E8E3DB</td> </tr><tr bgcolor=""#E3E3F3""> <th>FMEL_UPD_D</th> <td>20191223152014</td> </tr></table></center>",Pasir Ris,East Region
Loyang Point,1.36706634197242,103.964635610477,POINT (103.964635610477 1.36706634197242),13,kml_14,"<center><table><tr><th colspan='2' align='center'><em>Attributes</em></th></tr><tr bgcolor=""#E3E3F3""> <th>PLN_AREA_N</th> <td>PASIR RIS</td> </tr><tr bgcolor=""""> <th>PLN_AREA_C</th> <td>PR</td> </tr><tr bgcolor=""#E3E3F3""> <th>CA_IND</th> <td>N</td> </tr><tr bgcolor=""""> <th>REGION_N</th> <td>EAST REGION</td> </tr><tr bgcolor=""#E3E3F3""> <th>REGION_C</th> <td>ER</td> </tr><tr bgcolor=""""> <th>INC_CRC</th> <td>B375AD2AA1E8E3DB</td> </tr><tr bgcolor=""#E3E3F3""> <th>FMEL_UPD_D</th> <td>20191223152014</td> </tr></table></center>",Pasir Ris,East Region
888 Plaza,1.43711856085535,103.795316064775,POINT (103.795316064775 1.43711856085535),32,kml_33,"<center><table><tr><th colspan='2' align='center'><em>Attributes</em></th></tr><tr bgcolor=""#E3E3F3""> <th>PLN_AREA_N</th> <td>WOODLANDS</td> </tr><tr bgcolor=""""> <th>PLN_AREA_C</th> <td>WD</td> </tr><tr bgcolor=""#E3E3F3""> <th>CA_IND</th> <td>N</td> </tr><tr bgcolor=""""> <th>REGION_N</th> <td>NORTH REGION</td> </tr><tr bgcolor=""#E3E3F3""> <th>REGION_C</th> <td>NR</td> </tr><tr bgcolor=""""> <th>INC_CRC</th> <td>C93AEED43B7939D3</td> </tr><tr bgcolor=""#E3E3F3""> <th>FMEL_UPD_D</th> <td>20191223152014</td> </tr></table></center>",Woodlands,North Region
Admiralty Place,1.44042008562425,103.801541769047,POINT (103.801541769047 1.44042008562425),32,kml_33,"<center><table><tr><th colspan='2' align='center'><em>Attributes</em></th></tr><tr bgcolor=""#E3E3F3""> <th>PLN_AREA_N</th> <td>WOODLANDS</td> </tr><tr bgcolor=""""> <th>PLN_AREA_C</th> <td>WD</td> </tr><tr bgcolor=""#E3E3F3""> <th>CA_IND</th> <td>N</td> </tr><tr bgcolor=""""> <th>REGION_N</th> <td>NORTH REGION</td> </tr><tr bgcolor=""#E3E3F3""> <th>REGION_C</th> <td>NR</td> </tr><tr bgcolor=""""> <th>INC_CRC</th> <td>C93AEED43B7939D3</td> </tr><tr bgcolor=""#E3E3F3""> <th>FMEL_UPD_D</th> <td>20191223152014</td> </tr></table></center>",Woodlands,North Region
AMK Hub,1.36925511350953,103.848464053097,POINT (103.848464053097 1.36925511350953),51,kml_52,"<center><table><tr><th colspan='2' align='center'><em>Attributes</em></th></tr><tr bgcolor=""#E3E3F3""> <th>PLN_AREA_N</th> <td>ANG MO KIO</td> </tr><tr bgcolor=""""> <th>PLN_AREA_C</th> <td>AM</td> </tr><tr bgcolor=""#E3E3F3""> <th>CA_IND</th> <td>N</td> </tr><tr bgcolor=""""> <th>REGION_N</th> <td>NORTH-EAST REGION</td> </tr><tr bgcolor=""#E3E3F3""> <th>REGION_C</th> <td>NER</td> </tr><tr bgcolor=""""> <th>INC_CRC</th> <td>88DAC92AEAF47E93</td> </tr><tr bgcolor=""#E3E3F3""> <th>FMEL_UPD_D</th> <td>20191223152014</td> </tr></table></center>",Ang Mo Kio,North-East Region
Canberra Plaza,1.44349544527985,103.830345369213,POINT (103.830345369213 1.44349544527985),18,kml_19,"<center><table><tr><th colspan='2' align='center'><em>Attributes</em></th></tr><tr bgcolor=""#E3E3F3""> <th>PLN_AREA_N</th> <td>SEMBAWANG</td> </tr><tr bgcolor=""""> <th>PLN_AREA_C</th> <td>SB</td> </tr><tr bgcolor=""#E3E3F3""> <th>CA_IND</th> <td>N</td> </tr><tr bgcolor=""""> <th>REGION_N</th> <td>NORTH REGION</td> </tr><tr bgcolor=""#E3E3F3""> <th>REGION_C</th> <td>NR</td> </tr><tr bgcolor=""""> <th>INC_CRC</th> <td>ECA1E5D6412DC621</td> </tr><tr bgcolor=""#E3E3F3""> <th>FMEL_UPD_D</th> <td>20191223152014</td> </tr></table></center>",Sembawang,North Region
Causeway Point,1.43590007901468,103.785795816344,POINT (103.785795816344 1.43590007901468),32,kml_33,"<center><table><tr><th colspan='2' align='center'><em>Attributes</em></th></tr><tr bgcolor=""#E3E3F3""> <th>PLN_AREA_N</th> <td>WOODLANDS</td> </tr><tr bgcolor=""""> <th>PLN_AREA_C</th> <td>WD</td> </tr><tr bgcolor=""#E3E3F3""> <th>CA_IND</th> <td>N</td> </tr><tr bgcolor=""""> <th>REGION_N</th> <td>NORTH REGION</td> </tr><tr bgcolor=""#E3E3F3""> <th>REGION_C</th> <td>NR</td> </tr><tr bgcolor=""""> <th>INC_CRC</th> <td>C93AEED43B7939D3</td> </tr><tr bgcolor=""#E3E3F3""> <th>FMEL_UPD_D</th> <td>20191223152014</td> </tr></table></center>",Woodlands,North Region
Woodlands Civic Centre,1.43515024446739,103.786816106255,POINT (103.786816106255 1.43515024446739),32,kml_33,"<center><table><tr><th colspan='2' align='center'><em>Attributes</em></th></tr><tr bgcolor=""#E3E3F3""> <th>PLN_AREA_N</th> <td>WOODLANDS</td> </tr><tr bgcolor=""""> <th>PLN_AREA_C</th> <td>WD</td> </tr><tr bgcolor=""#E3E3F3""> <th>CA_IND</th> <td>N</td> </tr><tr bgcolor=""""> <th>REGION_N</th> <td>NORTH REGION</td> </tr><tr bgcolor=""#E3E3F3""> <th>REGION_C</th> <td>NR</td> </tr><tr bgcolor=""""> <th>INC_CRC</th> <td>C93AEED43B7939D3</td> </tr><tr bgcolor=""#E3E3F3""> <th>FMEL_UPD_D</th> <td>20191223152014</td> </tr></table></center>",Woodlands,North Region
Broadway Plaza,1.37193729131781,103.845949444498,POINT (103.845949444498 1.37193729131781),51,kml_52,"<center><table><tr><th colspan='2' align='center'><em>Attributes</em></th></tr><tr bgcolor=""#E3E3F3""> <th>PLN_AREA_N</th> <td>ANG MO KIO</td> </tr><tr bgcolor=""""> <th>PLN_AREA_C</th> <td>AM</td> </tr><tr bgcolor=""#E3E3F3""> <th>CA_IND</th> <td>N</td> </tr><tr bgcolor=""""> <th>REGION_N</th> <td>NORTH-EAST REGION</td> </tr><tr bgcolor=""#E3E3F3""> <th>REGION_C</th> <td>NER</td> </tr><tr bgcolor=""""> <th>INC_CRC</th> <td>88DAC92AEAF47E93</td> </tr><tr bgcolor=""#E3E3F3""> <th>FMEL_UPD_D</th> <td>20191223152014</td> </tr></table></center>",Ang Mo Kio,North-East Region
Djitsun Mall,1.32611970329469,103.929554495615,POINT (103.929554495615 1.32611970329469),0,kml_1,"<center><table><tr><th colspan='2' align='center'><em>Attributes</em></th></tr><tr bgcolor=""#E3E3F3""> <th>PLN_AREA_N</th> <td>BEDOK</td> </tr><tr bgcolor=""""> <th>PLN_AREA_C</th> <td>BD</td> </tr><tr bgcolor=""#E3E3F3""> <th>CA_IND</th> <td>N</td> </tr><tr bgcolor=""""> <th>REGION_N</th> <td>EAST REGION</td> </tr><tr bgcolor=""#E3E3F3""> <th>REGION_C</th> <td>ER</td> </tr><tr bgcolor=""""> <th>INC_CRC</th> <td>5F00E6FF084F3364</td> </tr><tr bgcolor=""#E3E3F3""> <th>FMEL_UPD_D</th> <td>20191223152014</td> </tr></table></center>",Bedok,East Region
Jubilee Square,1.37178558575829,103.847837565378,POINT (103.847837565378 1.37178558575829),51,kml_52,"<center><table><tr><th colspan='2' align='center'><em>Attributes</em></th></tr><tr bgcolor=""#E3E3F3""> <th>PLN_AREA_N</th> <td>ANG MO KIO</td> </tr><tr bgcolor=""""> <th>PLN_AREA_C</th> <td>AM</td> </tr><tr bgcolor=""#E3E3F3""> <th>CA_IND</th> <td>N</td> </tr><tr bgcolor=""""> <th>REGION_N</th> <td>NORTH-EAST REGION</td> </tr><tr bgcolor=""#E3E3F3""> <th>REGION_C</th> <td>NER</td> </tr><tr bgcolor=""""> <th>INC_CRC</th> <td>88DAC92AEAF47E93</td> </tr><tr bgcolor=""#E3E3F3""> <th>FMEL_UPD_D</th> <td>20191223152014</td> </tr></table></center>",Ang Mo Kio,North-East Region
Junction 8,1.35017243180201,103.848553703258,POINT (103.848553703258 1.35017243180201),50,kml_51,"<center><table><tr><th colspan='2' align='center'><em>Attributes</em></th></tr><tr bgcolor=""#E3E3F3""> <th>PLN_AREA_N</th> <td>BISHAN</td> </tr><tr bgcolor=""""> <th>PLN_AREA_C</th> <td>BS</td> </tr><tr bgcolor=""#E3E3F3""> <th>CA_IND</th> <td>N</td> </tr><tr bgcolor=""""> <th>REGION_N</th> <td>CENTRAL REGION</td> </tr><tr bgcolor=""#E3E3F3""> <th>REGION_C</th> <td>CR</td> </tr><tr bgcolor=""""> <th>INC_CRC</th> <td>741583155DB92ACF</td> </tr><tr bgcolor=""#E3E3F3""> <th>FMEL_UPD_D</th> <td>20191223152014</td> </tr></table></center>",Bishan,Central Region
Junction Nine,1.4331228398318,103.84166098599,POINT (103.84166098599 1.4331228398318),54,kml_55,"<center><table><tr><th colspan='2' align='center'><em>Attributes</em></th></tr><tr bgcolor=""#E3E3F3""> <th>PLN_AREA_N</th> <td>YISHUN</td> </tr><tr bgcolor=""""> <th>PLN_AREA_C</th> <td>YS</td> </tr><tr bgcolor=""#E3E3F3""> <th>CA_IND</th> <td>N</td> </tr><tr bgcolor=""""> <th>REGION_N</th> <td>NORTH REGION</td> </tr><tr bgcolor=""#E3E3F3""> <th>REGION_C</th> <td>NR</td> </tr><tr bgcolor=""""> <th>INC_CRC</th> <td>E56BC88A635A3D89</td> </tr><tr bgcolor=""#E3E3F3""> <th>FMEL_UPD_D</th> <td>20191223152014</td> </tr></table></center>",Yishun,North Region
Marsiling Mall,1.43354318137534,103.77988189197,POINT (103.77988189197 1.43354318137534),32,kml_33,"<center><table><tr><th colspan='2' align='center'><em>Attributes</em></th></tr><tr bgcolor=""#E3E3F3""> <th>PLN_AREA_N</th> <td>WOODLANDS</td> </tr><tr bgcolor=""""> <th>PLN_AREA_C</th> <td>WD</td> </tr><tr bgcolor=""#E3E3F3""> <th>CA_IND</th> <td>N</td> </tr><tr bgcolor=""""> <th>REGION_N</th> <td>NORTH REGION</td> </tr><tr bgcolor=""#E3E3F3""> <th>REGION_C</th> <td>NR</td> </tr><tr bgcolor=""""> <th>INC_CRC</th> <td>C93AEED43B7939D3</td> </tr><tr bgcolor=""#E3E3F3""> <th>FMEL_UPD_D</th> <td>20191223152014</td> </tr></table></center>",Woodlands,North Region
Northpoint City,1.42822560922688,103.836419992398,POINT (103.836419992398 1.42822560922688),54,kml_55,"<center><table><tr><th colspan='2' align='center'><em>Attributes</em></th></tr><tr bgcolor=""#E3E3F3""> <th>PLN_AREA_N</th> <td>YISHUN</td> </tr><tr bgcolor=""""> <th>PLN_AREA_C</th> <td>YS</td> </tr><tr bgcolor=""#E3E3F3""> <th>CA_IND</th> <td>N</td> </tr><tr bgcolor=""""> <th>REGION_N</th> <td>NORTH REGION</td> </tr><tr bgcolor=""#E3E3F3""> <th>REGION_C</th> <td>NR</td> </tr><tr bgcolor=""""> <th>INC_CRC</th> <td>E56BC88A635A3D89</td> </tr><tr bgcolor=""#E3E3F3""> <th>FMEL_UPD_D</th> <td>20191223152014</td> </tr></table></center>",Yishun,North Region
Sembawang Shopping Centre,1.44185325264629,103.824832415833,POINT (103.824832415833 1.44185325264629),18,kml_19,"<center><table><tr><th colspan='2' align='center'><em>Attributes</em></th></tr><tr bgcolor=""#E3E3F3""> <th>PLN_AREA_N</th> <td>SEMBAWANG</td> </tr><tr bgcolor=""""> <th>PLN_AREA_C</th> <td>SB</td> </tr><tr bgcolor=""#E3E3F3""> <th>CA_IND</th> <td>N</td> </tr><tr bgcolor=""""> <th>REGION_N</th> <td>NORTH REGION</td> </tr><tr bgcolor=""#E3E3F3""> <th>REGION_C</th> <td>NR</td> </tr><tr bgcolor=""""> <th>INC_CRC</th> <td>ECA1E5D6412DC621</td> </tr><tr bgcolor=""#E3E3F3""> <th>FMEL_UPD_D</th> <td>20191223152014</td> </tr></table></center>",Sembawang,North Region
Sun Plaza,1.44823113453257,103.819523749458,POINT (103.819523749458 1.44823113453257),18,kml_19,"<center><table><tr><th colspan='2' align='center'><em>Attributes</em></th></tr><tr bgcolor=""#E3E3F3""> <th>PLN_AREA_N</th> <td>SEMBAWANG</td> </tr><tr bgcolor=""""> <th>PLN_AREA_C</th> <td>SB</td> </tr><tr bgcolor=""#E3E3F3""> <th>CA_IND</th> <td>N</td> </tr><tr bgcolor=""""> <th>REGION_N</th> <td>NORTH REGION</td> </tr><tr bgcolor=""#E3E3F3""> <th>REGION_C</th> <td>NR</td> </tr><tr bgcolor=""""> <th>INC_CRC</th> <td>ECA1E5D6412DC621</td> </tr><tr bgcolor=""#E3E3F3""> <th>FMEL_UPD_D</th> <td>20191223152014</td> </tr></table></center>",Sembawang,North Region
Vista Point,1.4308011390122,103.794104795966,POINT (103.794104795966 1.4308011390122),32,kml_33,"<center><table><tr><th colspan='2' align='center'><em>Attributes</em></th></tr><tr bgcolor=""#E3E3F3""> <th>PLN_AREA_N</th> <td>WOODLANDS</td> </tr><tr bgcolor=""""> <th>PLN_AREA_C</th> <td>WD</td> </tr><tr bgcolor=""#E3E3F3""> <th>CA_IND</th> <td>N</td> </tr><tr bgcolor=""""> <th>REGION_N</th> <td>NORTH REGION</td> </tr><tr bgcolor=""#E3E3F3""> <th>REGION_C</th> <td>NR</td> </tr><tr bgcolor=""""> <th>INC_CRC</th> <td>C93AEED43B7939D3</td> </tr><tr bgcolor=""#E3E3F3""> <th>FMEL_UPD_D</th> <td>20191223152014</td> </tr></table></center>",Woodlands,North Region
Wisteria Mall,1.41798969122298,103.841317292608,POINT (103.841317292608 1.41798969122298),54,kml_55,"<center><table><tr><th colspan='2' align='center'><em>Attributes</em></th></tr><tr bgcolor=""#E3E3F3""> <th>PLN_AREA_N</th> <td>YISHUN</td> </tr><tr bgcolor=""""> <th>PLN_AREA_C</th> <td>YS</td> </tr><tr bgcolor=""#E3E3F3""> <th>CA_IND</th> <td>N</td> </tr><tr bgcolor=""""> <th>REGION_N</th> <td>NORTH REGION</td> </tr><tr bgcolor=""#E3E3F3""> <th>REGION_C</th> <td>NR</td> </tr><tr bgcolor=""""> <th>INC_CRC</th> <td>E56BC88A635A3D89</td> </tr><tr bgcolor=""#E3E3F3""> <th>FMEL_UPD_D</th> <td>20191223152014</td> </tr></table></center>",Yishun,North Region
Woodlands Mart,1.44564787003157,103.798162285805,POINT (103.798162285805 1.44564787003157),32,kml_33,"<center><table><tr><th colspan='2' align='center'><em>Attributes</em></th></tr><tr bgcolor=""#E3E3F3""> <th>PLN_AREA_N</th> <td>WOODLANDS</td> </tr><tr bgcolor=""""> <th>PLN_AREA_C</th> <td>WD</td> </tr><tr bgcolor=""#E3E3F3""> <th>CA_IND</th> <td>N</td> </tr><tr bgcolor=""""> <th>REGION_N</th> <td>NORTH REGION</td> </tr><tr bgcolor=""#E3E3F3""> <th>REGION_C</th> <td>NR</td> </tr><tr bgcolor=""""> <th>INC_CRC</th> <td>C93AEED43B7939D3</td> </tr><tr bgcolor=""#E3E3F3""> <th>FMEL_UPD_D</th> <td>20191223152014</td> </tr></table></center>",Woodlands,North Region
Woodlands North Plaza,1.44275334327795,103.790548015512,POINT (103.790548015512 1.44275334327795),32,kml_33,"<center><table><tr><th colspan='2' align='center'><em>Attributes</em></th></tr><tr bgcolor=""#E3E3F3""> <th>PLN_AREA_N</th> <td>WOODLANDS</td> </tr><tr bgcolor=""""> <th>PLN_AREA_C</th> <td>WD</td> </tr><tr bgcolor=""#E3E3F3""> <th>CA_IND</th> <td>N</td> </tr><tr bgcolor=""""> <th>REGION_N</th> <td>NORTH REGION</td> </tr><tr bgcolor=""#E3E3F3""> <th>REGION_C</th> <td>NR</td> </tr><tr bgcolor=""""> <th>INC_CRC</th> <td>C93AEED43B7939D3</td> </tr><tr bgcolor=""#E3E3F3""> <th>FMEL_UPD_D</th> <td>20191223152014</td> </tr></table></center>",Woodlands,North Region
Waterway Point,1.40637933605759,103.902172248289,POINT (103.902172248289 1.40637933605759),15,kml_16,"<center><table><tr><th colspan='2' align='center'><em>Attributes</em></th></tr><tr bgcolor=""#E3E3F3""> <th>PLN_AREA_N</th> <td>PUNGGOL</td> </tr><tr bgcolor=""""> <th>PLN_AREA_C</th> <td>PG</td> </tr><tr bgcolor=""#E3E3F3""> <th>CA_IND</th> <td>N</td> </tr><tr bgcolor=""""> <th>REGION_N</th> <td>NORTH-EAST REGION</td> </tr><tr bgcolor=""#E3E3F3""> <th>REGION_C</th> <td>NER</td> </tr><tr bgcolor=""""> <th>INC_CRC</th> <td>DA6BAAC88FE4D2B4</td> </tr><tr bgcolor=""#E3E3F3""> <th>FMEL_UPD_D</th> <td>20191223152014</td> </tr></table></center>",Punggol,North-East Region
Compass One,1.39205314156706,103.89507054384,POINT (103.89507054384 1.39205314156706),19,kml_20,"<center><table><tr><th colspan='2' align='center'><em>Attributes</em></th></tr><tr bgcolor=""#E3E3F3""> <th>PLN_AREA_N</th> <td>SENGKANG</td> </tr><tr bgcolor=""""> <th>PLN_AREA_C</th> <td>SE</td> </tr><tr bgcolor=""#E3E3F3""> <th>CA_IND</th> <td>N</td> </tr><tr bgcolor=""""> <th>REGION_N</th> <td>NORTH-EAST REGION</td> </tr><tr bgcolor=""#E3E3F3""> <th>REGION_C</th> <td>NER</td> </tr><tr bgcolor=""""> <th>INC_CRC</th> <td>3909BE3D6566DC6B</td> </tr><tr bgcolor=""#E3E3F3""> <th>FMEL_UPD_D</th> <td>20191223152014</td> </tr></table></center>",Sengkang,North-East Region
Hougang Mall,1.37248308734511,103.893788141349,POINT (103.893788141349 1.37248308734511),10,kml_11,"<center><table><tr><th colspan='2' align='center'><em>Attributes</em></th></tr><tr bgcolor=""#E3E3F3""> <th>PLN_AREA_N</th> <td>HOUGANG</td> </tr><tr bgcolor=""""> <th>PLN_AREA_C</th> <td>HG</td> </tr><tr bgcolor=""#E3E3F3""> <th>CA_IND</th> <td>N</td> </tr><tr bgcolor=""""> <th>REGION_N</th> <td>NORTH-EAST REGION</td> </tr><tr bgcolor=""#E3E3F3""> <th>REGION_C</th> <td>NER</td> </tr><tr bgcolor=""""> <th>INC_CRC</th> <td>F84184E6D4F3B1DD</td> </tr><tr bgcolor=""#E3E3F3""> <th>FMEL_UPD_D</th> <td>20191223152014</td> </tr></table></center>",Hougang,North-East Region
Heartland Mall,1.35954450890401,103.885169070198,POINT (103.885169070198 1.35954450890401),10,kml_11,"<center><table><tr><th colspan='2' align='center'><em>Attributes</em></th></tr><tr bgcolor=""#E3E3F3""> <th>PLN_AREA_N</th> <td>HOUGANG</td> </tr><tr bgcolor=""""> <th>PLN_AREA_C</th> <td>HG</td> </tr><tr bgcolor=""#E3E3F3""> <th>CA_IND</th> <td>N</td> </tr><tr bgcolor=""""> <th>REGION_N</th> <td>NORTH-EAST REGION</td> </tr><tr bgcolor=""#E3E3F3""> <th>REGION_C</th> <td>NER</td> </tr><tr bgcolor=""""> <th>INC_CRC</th> <td>F84184E6D4F3B1DD</td> </tr><tr bgcolor=""#E3E3F3""> <th>FMEL_UPD_D</th> <td>20191223152014</td> </tr></table></center>",Hougang,North-East Region
NEX,1.35076935257845,103.872296143862,POINT (103.872296143862 1.35076935257845),20,kml_21,"<center><table><tr><th colspan='2' align='center'><em>Attributes</em></th></tr><tr bgcolor=""#E3E3F3""> <th>PLN_AREA_N</th> <td>SERANGOON</td> </tr><tr bgcolor=""""> <th>PLN_AREA_C</th> <td>SG</td> </tr><tr bgcolor=""#E3E3F3""> <th>CA_IND</th> <td>N</td> </tr><tr bgcolor=""""> <th>REGION_N</th> <td>NORTH-EAST REGION</td> </tr><tr bgcolor=""#E3E3F3""> <th>REGION_C</th> <td>NER</td> </tr><tr bgcolor=""""> <th>INC_CRC</th> <td>17813E1F4CEBB72E</td> </tr><tr bgcolor=""#E3E3F3""> <th>FMEL_UPD_D</th> <td>20191223152014</td> </tr></table></center>",Serangoon,North-East Region
Buangkok Square,1.38433426615655,103.881623070164,POINT (103.881623070164 1.38433426615655),10,kml_11,"<center><table><tr><th colspan='2' align='center'><em>Attributes</em></th></tr><tr bgcolor=""#E3E3F3""> <th>PLN_AREA_N</th> <td>HOUGANG</td> </tr><tr bgcolor=""""> <th>PLN_AREA_C</th> <td>HG</td> </tr><tr bgcolor=""#E3E3F3""> <th>CA_IND</th> <td>N</td> </tr><tr bgcolor=""""> <th>REGION_N</th> <td>NORTH-EAST REGION</td> </tr><tr bgcolor=""#E3E3F3""> <th>REGION_C</th> <td>NER</td> </tr><tr bgcolor=""""> <th>INC_CRC</th> <td>F84184E6D4F3B1DD</td> </tr><tr bgcolor=""#E3E3F3""> <th>FMEL_UPD_D</th> <td>20191223152014</td> </tr></table></center>",Hougang,North-East Region
Greenwich V,1.38739539397015,103.869135978173,POINT (103.869135978173 1.38739539397015),20,kml_21,"<center><table><tr><th colspan='2' align='center'><em>Attributes</em></th></tr><tr bgcolor=""#E3E3F3""> <th>PLN_AREA_N</th> <td>SERANGOON</td> </tr><tr bgcolor=""""> <th>PLN_AREA_C</th> <td>SG</td> </tr><tr bgcolor=""#E3E3F3""> <th>CA_IND</th> <td>N</td> </tr><tr bgcolor=""""> <th>REGION_N</th> <td>NORTH-EAST REGION</td> </tr><tr bgcolor=""#E3E3F3""> <th>REGION_C</th> <td>NER</td> </tr><tr bgcolor=""""> <th>INC_CRC</th> <td>17813E1F4CEBB72E</td> </tr><tr bgcolor=""#E3E3F3""> <th>FMEL_UPD_D</th> <td>20191223152014</td> </tr></table></center>",Serangoon,North-East Region
Hougang 1,1.35664284566921,103.889828868222,POINT (103.889828868222 1.35664284566921),10,kml_11,"<center><table><tr><th colspan='2' align='center'><em>Attributes</em></th></tr><tr bgcolor=""#E3E3F3""> <th>PLN_AREA_N</th> <td>HOUGANG</td> </tr><tr bgcolor=""""> <th>PLN_AREA_C</th> <td>HG</td> </tr><tr bgcolor=""#E3E3F3""> <th>CA_IND</th> <td>N</td> </tr><tr bgcolor=""""> <th>REGION_N</th> <td>NORTH-EAST REGION</td> </tr><tr bgcolor=""#E3E3F3""> <th>REGION_C</th> <td>NER</td> </tr><tr bgcolor=""""> <th>INC_CRC</th> <td>F84184E6D4F3B1DD</td> </tr><tr bgcolor=""#E3E3F3""> <th>FMEL_UPD_D</th> <td>20191223152014</td> </tr></table></center>",Hougang,North-East Region
Hougang Green Shopping Mall,1.37931783499145,103.88784708944,POINT (103.88784708944 1.37931783499145),10,kml_11,"<center><table><tr><th colspan='2' align='center'><em>Attributes</em></th></tr><tr bgcolor=""#E3E3F3""> <th>PLN_AREA_N</th> <td>HOUGANG</td> </tr><tr bgcolor=""""> <th>PLN_AREA_C</th> <td>HG</td> </tr><tr bgcolor=""#E3E3F3""> <th>CA_IND</th> <td>N</td> </tr><tr bgcolor=""""> <th>REGION_N</th> <td>NORTH-EAST REGION</td> </tr><tr bgcolor=""#E3E3F3""> <th>REGION_C</th> <td>NER</td> </tr><tr bgcolor=""""> <th>INC_CRC</th> <td>F84184E6D4F3B1DD</td> </tr><tr bgcolor=""#E3E3F3""> <th>FMEL_UPD_D</th> <td>20191223152014</td> </tr></table></center>",Hougang,North-East Region
Hougang Rivercourt,1.36220591877146,103.894742116488,POINT (103.894742116488 1.36220591877146),10,kml_11,"<center><table><tr><th colspan='2' align='center'><em>Attributes</em></th></tr><tr bgcolor=""#E3E3F3""> <th>PLN_AREA_N</th> <td>HOUGANG</td> </tr><tr bgcolor=""""> <th>PLN_AREA_C</th> <td>HG</td> </tr><tr bgcolor=""#E3E3F3""> <th>CA_IND</th> <td>N</td> </tr><tr bgcolor=""""> <th>REGION_N</th> <td>NORTH-EAST REGION</td> </tr><tr bgcolor=""#E3E3F3""> <th>REGION_C</th> <td>NER</td> </tr><tr bgcolor=""""> <th>INC_CRC</th> <td>F84184E6D4F3B1DD</td> </tr><tr bgcolor=""#E3E3F3""> <th>FMEL_UPD_D</th> <td>20191223152014</td> </tr></table></center>",Hougang,North-East Region
myVillage At Serangoon Garden,1.36511490572797,103.865159501442,POINT (103.865159501442 1.36511490572797),20,kml_21,"<center><table><tr><th colspan='2' align='center'><em>Attributes</em></th></tr><tr bgcolor=""#E3E3F3""> <th>PLN_AREA_N</th> <td>SERANGOON</td> </tr><tr bgcolor=""""> <th>PLN_AREA_C</th> <td>SG</td> </tr><tr bgcolor=""#E3E3F3""> <th>CA_IND</th> <td>N</td> </tr><tr bgcolor=""""> <th>REGION_N</th> <td>NORTH-EAST REGION</td> </tr><tr bgcolor=""#E3E3F3""> <th>REGION_C</th> <td>NER</td> </tr><tr bgcolor=""""> <th>INC_CRC</th> <td>17813E1F4CEBB72E</td> </tr><tr bgcolor=""#E3E3F3""> <th>FMEL_UPD_D</th> <td>20191223152014</td> </tr></table></center>",Serangoon,North-East Region
Northshore Plaza,1.41676127156324,103.902074379502,POINT (103.902074379502 1.41676127156324),15,kml_16,"<center><table><tr><th colspan='2' align='center'><em>Attributes</em></th></tr><tr bgcolor=""#E3E3F3""> <th>PLN_AREA_N</th> <td>PUNGGOL</td> </tr><tr bgcolor=""""> <th>PLN_AREA_C</th> <td>PG</td> </tr><tr bgcolor=""#E3E3F3""> <th>CA_IND</th> <td>N</td> </tr><tr bgcolor=""""> <th>REGION_N</th> <td>NORTH-EAST REGION</td> </tr><tr bgcolor=""#E3E3F3""> <th>REGION_C</th> <td>NER</td> </tr><tr bgcolor=""""> <th>INC_CRC</th> <td>DA6BAAC88FE4D2B4</td> </tr><tr bgcolor=""#E3E3F3""> <th>FMEL_UPD_D</th> <td>20191223152014</td> </tr></table></center>",Punggol,North-East Region
Oasis Terraces,1.40278015725693,103.913215101343,POINT (103.913215101343 1.40278015725693),15,kml_16,"<center><table><tr><th colspan='2' align='center'><em>Attributes</em></th></tr><tr bgcolor=""#E3E3F3""> <th>PLN_AREA_N</th> <td>PUNGGOL</td> </tr><tr bgcolor=""""> <th>PLN_AREA_C</th> <td>PG</td> </tr><tr bgcolor=""#E3E3F3""> <th>CA_IND</th> <td>N</td> </tr><tr bgcolor=""""> <th>REGION_N</th> <td>NORTH-EAST REGION</td> </tr><tr bgcolor=""#E3E3F3""> <th>REGION_C</th> <td>NER</td> </tr><tr bgcolor=""""> <th>INC_CRC</th> <td>DA6BAAC88FE4D2B4</td> </tr><tr bgcolor=""#E3E3F3""> <th>FMEL_UPD_D</th> <td>20191223152014</td> </tr></table></center>",Punggol,North-East Region
Punggol Plaza,1.39423719717117,103.913047323223,POINT (103.913047323223 1.39423719717117),15,kml_16,"<center><table><tr><th colspan='2' align='center'><em>Attributes</em></th></tr><tr bgcolor=""#E3E3F3""> <th>PLN_AREA_N</th> <td>PUNGGOL</td> </tr><tr bgcolor=""""> <th>PLN_AREA_C</th> <td>PG</td> </tr><tr bgcolor=""#E3E3F3""> <th>CA_IND</th> <td>N</td> </tr><tr bgcolor=""""> <th>REGION_N</th> <td>NORTH-EAST REGION</td> </tr><tr bgcolor=""#E3E3F3""> <th>REGION_C</th> <td>NER</td> </tr><tr bgcolor=""""> <th>INC_CRC</th> <td>DA6BAAC88FE4D2B4</td> </tr><tr bgcolor=""#E3E3F3""> <th>FMEL_UPD_D</th> <td>20191223152014</td> </tr></table></center>",Punggol,North-East Region
Rivervale Mall,1.39219777838449,103.904471600025,POINT (103.904471600025 1.39219777838449),19,kml_20,"<center><table><tr><th colspan='2' align='center'><em>Attributes</em></th></tr><tr bgcolor=""#E3E3F3""> <th>PLN_AREA_N</th> <td>SENGKANG</td> </tr><tr bgcolor=""""> <th>PLN_AREA_C</th> <td>SE</td> </tr><tr bgcolor=""#E3E3F3""> <th>CA_IND</th> <td>N</td> </tr><tr bgcolor=""""> <th>REGION_N</th> <td>NORTH-EAST REGION</td> </tr><tr bgcolor=""#E3E3F3""> <th>REGION_C</th> <td>NER</td> </tr><tr bgcolor=""""> <th>INC_CRC</th> <td>3909BE3D6566DC6B</td> </tr><tr bgcolor=""#E3E3F3""> <th>FMEL_UPD_D</th> <td>20191223152014</td> </tr></table></center>",Sengkang,North-East Region
Rivervale Plaza,1.38550420775531,103.901988424927,POINT (103.901988424927 1.38550420775531),19,kml_20,"<center><table><tr><th colspan='2' align='center'><em>Attributes</em></th></tr><tr bgcolor=""#E3E3F3""> <th>PLN_AREA_N</th> <td>SENGKANG</td> </tr><tr bgcolor=""""> <th>PLN_AREA_C</th> <td>SE</td> </tr><tr bgcolor=""#E3E3F3""> <th>CA_IND</th> <td>N</td> </tr><tr bgcolor=""""> <th>REGION_N</th> <td>NORTH-EAST REGION</td> </tr><tr bgcolor=""#E3E3F3""> <th>REGION_C</th> <td>NER</td> </tr><tr bgcolor=""""> <th>INC_CRC</th> <td>3909BE3D6566DC6B</td> </tr><tr bgcolor=""#E3E3F3""> <th>FMEL_UPD_D</th> <td>20191223152014</td> </tr></table></center>",Sengkang,North-East Region
The Seletar Mall,1.39147015374628,103.876125507257,POINT (103.876125507257 1.39147015374628),19,kml_20,"<center><table><tr><th colspan='2' align='center'><em>Attributes</em></th></tr><tr bgcolor=""#E3E3F3""> <th>PLN_AREA_N</th> <td>SENGKANG</td> </tr><tr bgcolor=""""> <th>PLN_AREA_C</th> <td>SE</td> </tr><tr bgcolor=""#E3E3F3""> <th>CA_IND</th> <td>N</td> </tr><tr bgcolor=""""> <th>REGION_N</th> <td>NORTH-EAST REGION</td> </tr><tr bgcolor=""#E3E3F3""> <th>REGION_C</th> <td>NER</td> </tr><tr bgcolor=""""> <th>INC_CRC</th> <td>3909BE3D6566DC6B</td> </tr><tr bgcolor=""#E3E3F3""> <th>FMEL_UPD_D</th> <td>20191223152014</td> </tr></table></center>",Sengkang,North-East Region
Upper Serangoon Shopping Centre,1.35348082277147,103.878828134896,POINT (103.878828134896 1.35348082277147),10,kml_11,"<center><table><tr><th colspan='2' align='center'><em>Attributes</em></th></tr><tr bgcolor=""#E3E3F3""> <th>PLN_AREA_N</th> <td>HOUGANG</td> </tr><tr bgcolor=""""> <th>PLN_AREA_C</th> <td>HG</td> </tr><tr bgcolor=""#E3E3F3""> <th>CA_IND</th> <td>N</td> </tr><tr bgcolor=""""> <th>REGION_N</th> <td>NORTH-EAST REGION</td> </tr><tr bgcolor=""#E3E3F3""> <th>REGION_C</th> <td>NER</td> </tr><tr bgcolor=""""> <th>INC_CRC</th> <td>F84184E6D4F3B1DD</td> </tr><tr bgcolor=""#E3E3F3""> <th>FMEL_UPD_D</th> <td>20191223152014</td> </tr></table></center>",Hougang,North-East Region
Beauty World Centre,1.34241264188642,103.776539385406,POINT (103.776539385406 1.34241264188642),5,kml_6,"<center><table><tr><th colspan='2' align='center'><em>Attributes</em></th></tr><tr bgcolor=""#E3E3F3""> <th>PLN_AREA_N</th> <td>BUKIT TIMAH</td> </tr><tr bgcolor=""""> <th>PLN_AREA_C</th> <td>BT</td> </tr><tr bgcolor=""#E3E3F3""> <th>CA_IND</th> <td>N</td> </tr><tr bgcolor=""""> <th>REGION_N</th> <td>CENTRAL REGION</td> </tr><tr bgcolor=""#E3E3F3""> <th>REGION_C</th> <td>CR</td> </tr><tr bgcolor=""""> <th>INC_CRC</th> <td>DB3037AA30D8CCDD</td> </tr><tr bgcolor=""#E3E3F3""> <th>FMEL_UPD_D</th> <td>20191223152014</td> </tr></table></center>",Bukit Timah,Central Region
Beauty World Plaza,1.34180018619223,103.776259359854,POINT (103.776259359854 1.34180018619223),5,kml_6,"<center><table><tr><th colspan='2' align='center'><em>Attributes</em></th></tr><tr bgcolor=""#E3E3F3""> <th>PLN_AREA_N</th> <td>BUKIT TIMAH</td> </tr><tr bgcolor=""""> <th>PLN_AREA_C</th> <td>BT</td> </tr><tr bgcolor=""#E3E3F3""> <th>CA_IND</th> <td>N</td> </tr><tr bgcolor=""""> <th>REGION_N</th> <td>CENTRAL REGION</td> </tr><tr bgcolor=""#E3E3F3""> <th>REGION_C</th> <td>CR</td> </tr><tr bgcolor=""""> <th>INC_CRC</th> <td>DB3037AA30D8CCDD</td> </tr><tr bgcolor=""#E3E3F3""> <th>FMEL_UPD_D</th> <td>20191223152014</td> </tr></table></center>",Bukit Timah,Central Region
Bukit Panjang Plaza,1.37988291404114,103.764377765935,POINT (103.764377765935 1.37988291404114),4,kml_5,"<center><table><tr><th colspan='2' align='center'><em>Attributes</em></th></tr><tr bgcolor=""#E3E3F3""> <th>PLN_AREA_N</th> <td>BUKIT PANJANG</td> </tr><tr bgcolor=""""> <th>PLN_AREA_C</th> <td>BP</td> </tr><tr bgcolor=""#E3E3F3""> <th>CA_IND</th> <td>N</td> </tr><tr bgcolor=""""> <th>REGION_N</th> <td>WEST REGION</td> </tr><tr bgcolor=""#E3E3F3""> <th>REGION_C</th> <td>WR</td> </tr><tr bgcolor=""""> <th>INC_CRC</th> <td>656F87D23D6DAB02</td> </tr><tr bgcolor=""#E3E3F3""> <th>FMEL_UPD_D</th> <td>20191223152014</td> </tr></table></center>",Bukit Panjang,West Region
Bukit Timah Plaza,1.3386316527745,103.778585430975,POINT (103.778585430975 1.3386316527745),5,kml_6,"<center><table><tr><th colspan='2' align='center'><em>Attributes</em></th></tr><tr bgcolor=""#E3E3F3""> <th>PLN_AREA_N</th> <td>BUKIT TIMAH</td> </tr><tr bgcolor=""""> <th>PLN_AREA_C</th> <td>BT</td> </tr><tr bgcolor=""#E3E3F3""> <th>CA_IND</th> <td>N</td> </tr><tr bgcolor=""""> <th>REGION_N</th> <td>CENTRAL REGION</td> </tr><tr bgcolor=""#E3E3F3""> <th>REGION_C</th> <td>CR</td> </tr><tr bgcolor=""""> <th>INC_CRC</th> <td>DB3037AA30D8CCDD</td> </tr><tr bgcolor=""#E3E3F3""> <th>FMEL_UPD_D</th> <td>20191223152014</td> </tr></table></center>",Bukit Timah,Central Region
Fajar Shopping Centre,1.38357469942896,103.770868459633,POINT (103.770868459633 1.38357469942896),4,kml_5,"<center><table><tr><th colspan='2' align='center'><em>Attributes</em></th></tr><tr bgcolor=""#E3E3F3""> <th>PLN_AREA_N</th> <td>BUKIT PANJANG</td> </tr><tr bgcolor=""""> <th>PLN_AREA_C</th> <td>BP</td> </tr><tr bgcolor=""#E3E3F3""> <th>CA_IND</th> <td>N</td> </tr><tr bgcolor=""""> <th>REGION_N</th> <td>WEST REGION</td> </tr><tr bgcolor=""#E3E3F3""> <th>REGION_C</th> <td>WR</td> </tr><tr bgcolor=""""> <th>INC_CRC</th> <td>656F87D23D6DAB02</td> </tr><tr bgcolor=""#E3E3F3""> <th>FMEL_UPD_D</th> <td>20191223152014</td> </tr></table></center>",Bukit Panjang,West Region
Greenridge Shopping Centre,1.38540569283271,103.766228468185,POINT (103.766228468185 1.38540569283271),4,kml_5,"<center><table><tr><th colspan='2' align='center'><em>Attributes</em></th></tr><tr bgcolor=""#E3E3F3""> <th>PLN_AREA_N</th> <td>BUKIT PANJANG</td> </tr><tr bgcolor=""""> <th>PLN_AREA_C</th> <td>BP</td> </tr><tr bgcolor=""#E3E3F3""> <th>CA_IND</th> <td>N</td> </tr><tr bgcolor=""""> <th>REGION_N</th> <td>WEST REGION</td> </tr><tr bgcolor=""#E3E3F3""> <th>REGION_C</th> <td>WR</td> </tr><tr bgcolor=""""> <th>INC_CRC</th> <td>656F87D23D6DAB02</td> </tr><tr bgcolor=""#E3E3F3""> <th>FMEL_UPD_D</th> <td>20191223152014</td> </tr></table></center>",Bukit Panjang,West Region
Hillion Mall,1.37841165144214,103.76382945872,POINT (103.76382945872 1.37841165144214),4,kml_5,"<center><table><tr><th colspan='2' align='center'><em>Attributes</em></th></tr><tr bgcolor=""#E3E3F3""> <th>PLN_AREA_N</th> <td>BUKIT PANJANG</td> </tr><tr bgcolor=""""> <th>PLN_AREA_C</th> <td>BP</td> </tr><tr bgcolor=""#E3E3F3""> <th>CA_IND</th> <td>N</td> </tr><tr bgcolor=""""> <th>REGION_N</th> <td>WEST REGION</td> </tr><tr bgcolor=""#E3E3F3""> <th>REGION_C</th> <td>WR</td> </tr><tr bgcolor=""""> <th>INC_CRC</th> <td>656F87D23D6DAB02</td> </tr><tr bgcolor=""#E3E3F3""> <th>FMEL_UPD_D</th> <td>20191223152014</td> </tr></table></center>",Bukit Panjang,West Region
HillV2,1.36267450828024,103.76417292006,POINT (103.76417292006 1.36267450828024),2,kml_3,"<center><table><tr><th colspan='2' align='center'><em>Attributes</em></th></tr><tr bgcolor=""#E3E3F3""> <th>PLN_AREA_N</th> <td>BUKIT BATOK</td> </tr><tr bgcolor=""""> <th>PLN_AREA_C</th> <td>BK</td> </tr><tr bgcolor=""#E3E3F3""> <th>CA_IND</th> <td>N</td> </tr><tr bgcolor=""""> <th>REGION_N</th> <td>WEST REGION</td> </tr><tr bgcolor=""#E3E3F3""> <th>REGION_C</th> <td>WR</td> </tr><tr bgcolor=""""> <th>INC_CRC</th> <td>3BEC4C829160F28A</td> </tr><tr bgcolor=""#E3E3F3""> <th>FMEL_UPD_D</th> <td>20191223152014</td> </tr></table></center>",Bukit Batok,West Region
Junction 10,1.38055127973087,103.760106974822,POINT (103.760106974822 1.38055127973087),8,kml_9,"<center><table><tr><th colspan='2' align='center'><em>Attributes</em></th></tr><tr bgcolor=""#E3E3F3""> <th>PLN_AREA_N</th> <td>CHOA CHU KANG</td> </tr><tr bgcolor=""""> <th>PLN_AREA_C</th> <td>CK</td> </tr><tr bgcolor=""#E3E3F3""> <th>CA_IND</th> <td>N</td> </tr><tr bgcolor=""""> <th>REGION_N</th> <td>WEST REGION</td> </tr><tr bgcolor=""#E3E3F3""> <th>REGION_C</th> <td>WR</td> </tr><tr bgcolor=""""> <th>INC_CRC</th> <td>BE26F2C074519A79</td> </tr><tr bgcolor=""#E3E3F3""> <th>FMEL_UPD_D</th> <td>20191223152014</td> </tr></table></center>",Choa Chu Kang,West Region
Keat Hong Shopping Centre,1.37736607441394,103.744393648768,POINT (103.744393648768 1.37736607441394),8,kml_9,"<center><table><tr><th colspan='2' align='center'><em>Attributes</em></th></tr><tr bgcolor=""#E3E3F3""> <th>PLN_AREA_N</th> <td>CHOA CHU KANG</td> </tr><tr bgcolor=""""> <th>PLN_AREA_C</th> <td>CK</td> </tr><tr bgcolor=""#E3E3F3""> <th>CA_IND</th> <td>N</td> </tr><tr bgcolor=""""> <th>REGION_N</th> <td>WEST REGION</td> </tr><tr bgcolor=""#E3E3F3""> <th>REGION_C</th> <td>WR</td> </tr><tr bgcolor=""""> <th>INC_CRC</th> <td>BE26F2C074519A79</td> </tr><tr bgcolor=""#E3E3F3""> <th>FMEL_UPD_D</th> <td>20191223152014</td> </tr></table></center>",Choa Chu Kang,West Region
Limbang Shopping Centre,1.3920738867617,103.743099573442,POINT (103.743099573442 1.3920738867617),8,kml_9,"<center><table><tr><th colspan='2' align='center'><em>Attributes</em></th></tr><tr bgcolor=""#E3E3F3""> <th>PLN_AREA_N</th> <td>CHOA CHU KANG</td> </tr><tr bgcolor=""""> <th>PLN_AREA_C</th> <td>CK</td> </tr><tr bgcolor=""#E3E3F3""> <th>CA_IND</th> <td>N</td> </tr><tr bgcolor=""""> <th>REGION_N</th> <td>WEST REGION</td> </tr><tr bgcolor=""#E3E3F3""> <th>REGION_C</th> <td>WR</td> </tr><tr bgcolor=""""> <th>INC_CRC</th> <td>BE26F2C074519A79</td> </tr><tr bgcolor=""#E3E3F3""> <th>FMEL_UPD_D</th> <td>20191223152014</td> </tr></table></center>",Choa Chu Kang,West Region
Lot One,1.38506992325619,103.745238868238,POINT (103.745238868238 1.38506992325619),8,kml_9,"<center><table><tr><th colspan='2' align='center'><em>Attributes</em></th></tr><tr bgcolor=""#E3E3F3""> <th>PLN_AREA_N</th> <td>CHOA CHU KANG</td> </tr><tr bgcolor=""""> <th>PLN_AREA_C</th> <td>CK</td> </tr><tr bgcolor=""#E3E3F3""> <th>CA_IND</th> <td>N</td> </tr><tr bgcolor=""""> <th>REGION_N</th> <td>WEST REGION</td> </tr><tr bgcolor=""#E3E3F3""> <th>REGION_C</th> <td>WR</td> </tr><tr bgcolor=""""> <th>INC_CRC</th> <td>BE26F2C074519A79</td> </tr><tr bgcolor=""#E3E3F3""> <th>FMEL_UPD_D</th> <td>20191223152014</td> </tr></table></center>",Choa Chu Kang,West Region
Rail Mall,1.35773050150178,103.768137724847,POINT (103.768137724847 1.35773050150178),4,kml_5,"<center><table><tr><th colspan='2' align='center'><em>Attributes</em></th></tr><tr bgcolor=""#E3E3F3""> <th>PLN_AREA_N</th> <td>BUKIT PANJANG</td> </tr><tr bgcolor=""""> <th>PLN_AREA_C</th> <td>BP</td> </tr><tr bgcolor=""#E3E3F3""> <th>CA_IND</th> <td>N</td> </tr><tr bgcolor=""""> <th>REGION_N</th> <td>WEST REGION</td> </tr><tr bgcolor=""#E3E3F3""> <th>REGION_C</th> <td>WR</td> </tr><tr bgcolor=""""> <th>INC_CRC</th> <td>656F87D23D6DAB02</td> </tr><tr bgcolor=""#E3E3F3""> <th>FMEL_UPD_D</th> <td>20191223152014</td> </tr></table></center>",Bukit Panjang,West Region
Sunshine Place,1.37789727709418,103.739015486021,POINT (103.739015486021 1.37789727709418),8,kml_9,"<center><table><tr><th colspan='2' align='center'><em>Attributes</em></th></tr><tr bgcolor=""#E3E3F3""> <th>PLN_AREA_N</th> <td>CHOA CHU KANG</td> </tr><tr bgcolor=""""> <th>PLN_AREA_C</th> <td>CK</td> </tr><tr bgcolor=""#E3E3F3""> <th>CA_IND</th> <td>N</td> </tr><tr bgcolor=""""> <th>REGION_N</th> <td>WEST REGION</td> </tr><tr bgcolor=""#E3E3F3""> <th>REGION_C</th> <td>WR</td> </tr><tr bgcolor=""""> <th>INC_CRC</th> <td>BE26F2C074519A79</td> </tr><tr bgcolor=""#E3E3F3""> <th>FMEL_UPD_D</th> <td>20191223152014</td> </tr></table></center>",Choa Chu Kang,West Region
Teck Whye Shopping Centre,1.38004752975397,103.752483841199,POINT (103.752483841199 1.38004752975397),8,kml_9,"<center><table><tr><th colspan='2' align='center'><em>Attributes</em></th></tr><tr bgcolor=""#E3E3F3""> <th>PLN_AREA_N</th> <td>CHOA CHU KANG</td> </tr><tr bgcolor=""""> <th>PLN_AREA_C</th> <td>CK</td> </tr><tr bgcolor=""#E3E3F3""> <th>CA_IND</th> <td>N</td> </tr><tr bgcolor=""""> <th>REGION_N</th> <td>WEST REGION</td> </tr><tr bgcolor=""#E3E3F3""> <th>REGION_C</th> <td>WR</td> </tr><tr bgcolor=""""> <th>INC_CRC</th> <td>BE26F2C074519A79</td> </tr><tr bgcolor=""#E3E3F3""> <th>FMEL_UPD_D</th> <td>20191223152014</td> </tr></table></center>",Choa Chu Kang,West Region
West Mall,1.35037541626109,103.74912389291,POINT (103.74912389291 1.35037541626109),2,kml_3,"<center><table><tr><th colspan='2' align='center'><em>Attributes</em></th></tr><tr bgcolor=""#E3E3F3""> <th>PLN_AREA_N</th> <td>BUKIT BATOK</td> </tr><tr bgcolor=""""> <th>PLN_AREA_C</th> <td>BK</td> </tr><tr bgcolor=""#E3E3F3""> <th>CA_IND</th> <td>N</td> </tr><tr bgcolor=""""> <th>REGION_N</th> <td>WEST REGION</td> </tr><tr bgcolor=""#E3E3F3""> <th>REGION_C</th> <td>WR</td> </tr><tr bgcolor=""""> <th>INC_CRC</th> <td>3BEC4C829160F28A</td> </tr><tr bgcolor=""#E3E3F3""> <th>FMEL_UPD_D</th> <td>20191223152014</td> </tr></table></center>",Bukit Batok,West Region
Yew Tee Point,1.39705741516141,103.746662121143,POINT (103.746662121143 1.39705741516141),8,kml_9,"<center><table><tr><th colspan='2' align='center'><em>Attributes</em></th></tr><tr bgcolor=""#E3E3F3""> <th>PLN_AREA_N</th> <td>CHOA CHU KANG</td> </tr><tr bgcolor=""""> <th>PLN_AREA_C</th> <td>CK</td> </tr><tr bgcolor=""#E3E3F3""> <th>CA_IND</th> <td>N</td> </tr><tr bgcolor=""""> <th>REGION_N</th> <td>WEST REGION</td> </tr><tr bgcolor=""#E3E3F3""> <th>REGION_C</th> <td>WR</td> </tr><tr bgcolor=""""> <th>INC_CRC</th> <td>BE26F2C074519A79</td> </tr><tr bgcolor=""#E3E3F3""> <th>FMEL_UPD_D</th> <td>20191223152014</td> </tr></table></center>",Choa Chu Kang,West Region
Yew Tee Square,1.39836942665376,103.747188486453,POINT (103.747188486453 1.39836942665376),8,kml_9,"<center><table><tr><th colspan='2' align='center'><em>Attributes</em></th></tr><tr bgcolor=""#E3E3F3""> <th>PLN_AREA_N</th> <td>CHOA CHU KANG</td> </tr><tr bgcolor=""""> <th>PLN_AREA_C</th> <td>CK</td> </tr><tr bgcolor=""#E3E3F3""> <th>CA_IND</th> <td>N</td> </tr><tr bgcolor=""""> <th>REGION_N</th> <td>WEST REGION</td> </tr><tr bgcolor=""#E3E3F3""> <th>REGION_C</th> <td>WR</td> </tr><tr bgcolor=""""> <th>INC_CRC</th> <td>BE26F2C074519A79</td> </tr><tr bgcolor=""#E3E3F3""> <th>FMEL_UPD_D</th> <td>20191223152014</td> </tr></table></center>",Choa Chu Kang,West Region
321 Clementi,1.31200212030821,103.764986676365,POINT (103.764986676365 1.31200212030821),9,kml_10,"<center><table><tr><th colspan='2' align='center'><em>Attributes</em></th></tr><tr bgcolor=""#E3E3F3""> <th>PLN_AREA_N</th> <td>CLEMENTI</td> </tr><tr bgcolor=""""> <th>PLN_AREA_C</th> <td>CL</td> </tr><tr bgcolor=""#E3E3F3""> <th>CA_IND</th> <td>N</td> </tr><tr bgcolor=""""> <th>REGION_N</th> <td>WEST REGION</td> </tr><tr bgcolor=""#E3E3F3""> <th>REGION_C</th> <td>WR</td> </tr><tr bgcolor=""""> <th>INC_CRC</th> <td>D5239EF08EE3CAC7</td> </tr><tr bgcolor=""#E3E3F3""> <th>FMEL_UPD_D</th> <td>20191223152014</td> </tr></table></center>",Clementi,West Region
The Clementi Mall,1.31489619639366,103.764423054189,POINT (103.764423054189 1.31489619639366),9,kml_10,"<center><table><tr><th colspan='2' align='center'><em>Attributes</em></th></tr><tr bgcolor=""#E3E3F3""> <th>PLN_AREA_N</th> <td>CLEMENTI</td> </tr><tr bgcolor=""""> <th>PLN_AREA_C</th> <td>CL</td> </tr><tr bgcolor=""#E3E3F3""> <th>CA_IND</th> <td>N</td> </tr><tr bgcolor=""""> <th>REGION_N</th> <td>WEST REGION</td> </tr><tr bgcolor=""#E3E3F3""> <th>REGION_C</th> <td>WR</td> </tr><tr bgcolor=""""> <th>INC_CRC</th> <td>D5239EF08EE3CAC7</td> </tr><tr bgcolor=""#E3E3F3""> <th>FMEL_UPD_D</th> <td>20191223152014</td> </tr></table></center>",Clementi,West Region
IMM,1.33487526118006,103.746894773008,POINT (103.746894773008 1.33487526118006),11,kml_12,"<center><table><tr><th colspan='2' align='center'><em>Attributes</em></th></tr><tr bgcolor=""#E3E3F3""> <th>PLN_AREA_N</th> <td>JURONG EAST</td> </tr><tr bgcolor=""""> <th>PLN_AREA_C</th> <td>JE</td> </tr><tr bgcolor=""#E3E3F3""> <th>CA_IND</th> <td>N</td> </tr><tr bgcolor=""""> <th>REGION_N</th> <td>WEST REGION</td> </tr><tr bgcolor=""#E3E3F3""> <th>REGION_C</th> <td>WR</td> </tr><tr bgcolor=""""> <th>INC_CRC</th> <td>77E230E08D3989E7</td> </tr><tr bgcolor=""#E3E3F3""> <th>FMEL_UPD_D</th> <td>20191223152014</td> </tr></table></center>",Jurong East,West Region
JCube,1.33332312550425,103.740187071348,POINT (103.740187071348 1.33332312550425),11,kml_12,"<center><table><tr><th colspan='2' align='center'><em>Attributes</em></th></tr><tr bgcolor=""#E3E3F3""> <th>PLN_AREA_N</th> <td>JURONG EAST</td> </tr><tr bgcolor=""""> <th>PLN_AREA_C</th> <td>JE</td> </tr><tr bgcolor=""#E3E3F3""> <th>CA_IND</th> <td>N</td> </tr><tr bgcolor=""""> <th>REGION_N</th> <td>WEST REGION</td> </tr><tr bgcolor=""#E3E3F3""> <th>REGION_C</th> <td>WR</td> </tr><tr bgcolor=""""> <th>INC_CRC</th> <td>77E230E08D3989E7</td> </tr><tr bgcolor=""#E3E3F3""> <th>FMEL_UPD_D</th> <td>20191223152014</td> </tr></table></center>",Jurong East,West Region
Jem,1.33305999269581,103.743503708169,POINT (103.743503708169 1.33305999269581),11,kml_12,"<center><table><tr><th colspan='2' align='center'><em>Attributes</em></th></tr><tr bgcolor=""#E3E3F3""> <th>PLN_AREA_N</th> <td>JURONG EAST</td> </tr><tr bgcolor=""""> <th>PLN_AREA_C</th> <td>JE</td> </tr><tr bgcolor=""#E3E3F3""> <th>CA_IND</th> <td>N</td> </tr><tr bgcolor=""""> <th>REGION_N</th> <td>WEST REGION</td> </tr><tr bgcolor=""#E3E3F3""> <th>REGION_C</th> <td>WR</td> </tr><tr bgcolor=""""> <th>INC_CRC</th> <td>77E230E08D3989E7</td> </tr><tr bgcolor=""#E3E3F3""> <th>FMEL_UPD_D</th> <td>20191223152014</td> </tr></table></center>",Jurong East,West Region
Westgate,1.33415767556867,103.742766484424,POINT (103.742766484424 1.33415767556867),11,kml_12,"<center><table><tr><th colspan='2' align='center'><em>Attributes</em></th></tr><tr bgcolor=""#E3E3F3""> <th>PLN_AREA_N</th> <td>JURONG EAST</td> </tr><tr bgcolor=""""> <th>PLN_AREA_C</th> <td>JE</td> </tr><tr bgcolor=""#E3E3F3""> <th>CA_IND</th> <td>N</td> </tr><tr bgcolor=""""> <th>REGION_N</th> <td>WEST REGION</td> </tr><tr bgcolor=""#E3E3F3""> <th>REGION_C</th> <td>WR</td> </tr><tr bgcolor=""""> <th>INC_CRC</th> <td>77E230E08D3989E7</td> </tr><tr bgcolor=""#E3E3F3""> <th>FMEL_UPD_D</th> <td>20191223152014</td> </tr></table></center>",Jurong East,West Region
Jurong Point,1.3394520043632,103.706685012926,POINT (103.706685012926 1.3394520043632),12,kml_13,"<center><table><tr><th colspan='2' align='center'><em>Attributes</em></th></tr><tr bgcolor=""#E3E3F3""> <th>PLN_AREA_N</th> <td>JURONG WEST</td> </tr><tr bgcolor=""""> <th>PLN_AREA_C</th> <td>JW</td> </tr><tr bgcolor=""#E3E3F3""> <th>CA_IND</th> <td>N</td> </tr><tr bgcolor=""""> <th>REGION_N</th> <td>WEST REGION</td> </tr><tr bgcolor=""#E3E3F3""> <th>REGION_C</th> <td>WR</td> </tr><tr bgcolor=""""> <th>INC_CRC</th> <td>2DFF32E53038ED97</td> </tr><tr bgcolor=""#E3E3F3""> <th>FMEL_UPD_D</th> <td>20191223152014</td> </tr></table></center>",Jurong West,West Region
Pioneer Mall,1.34169239214292,103.697174842118,POINT (103.697174842118 1.34169239214292),12,kml_13,"<center><table><tr><th colspan='2' align='center'><em>Attributes</em></th></tr><tr bgcolor=""#E3E3F3""> <th>PLN_AREA_N</th> <td>JURONG WEST</td> </tr><tr bgcolor=""""> <th>PLN_AREA_C</th> <td>JW</td> </tr><tr bgcolor=""#E3E3F3""> <th>CA_IND</th> <td>N</td> </tr><tr bgcolor=""""> <th>REGION_N</th> <td>WEST REGION</td> </tr><tr bgcolor=""#E3E3F3""> <th>REGION_C</th> <td>WR</td> </tr><tr bgcolor=""""> <th>INC_CRC</th> <td>2DFF32E53038ED97</td> </tr><tr bgcolor=""#E3E3F3""> <th>FMEL_UPD_D</th> <td>20191223152014</td> </tr></table></center>",Jurong West,West Region
The Star Vista,1.30681500712523,103.788462732266,POINT (103.788462732266 1.30681500712523),16,kml_17,"<center><table><tr><th colspan='2' align='center'><em>Attributes</em></th></tr><tr bgcolor=""#E3E3F3""> <th>PLN_AREA_N</th> <td>QUEENSTOWN</td> </tr><tr bgcolor=""""> <th>PLN_AREA_C</th> <td>QT</td> </tr><tr bgcolor=""#E3E3F3""> <th>CA_IND</th> <td>N</td> </tr><tr bgcolor=""""> <th>REGION_N</th> <td>CENTRAL REGION</td> </tr><tr bgcolor=""#E3E3F3""> <th>REGION_C</th> <td>CR</td> </tr><tr bgcolor=""""> <th>INC_CRC</th> <td>C0170DF008A88671</td> </tr><tr bgcolor=""#E3E3F3""> <th>FMEL_UPD_D</th> <td>20191223152014</td> </tr></table></center>",Queenstown,Central Region
Alexandra Central,1.28728320930592,103.805283367958,POINT (103.805283367958 1.28728320930592),3,kml_4,"<center><table><tr><th colspan='2' align='center'><em>Attributes</em></th></tr><tr bgcolor=""#E3E3F3""> <th>PLN_AREA_N</th> <td>BUKIT MERAH</td> </tr><tr bgcolor=""""> <th>PLN_AREA_C</th> <td>BM</td> </tr><tr bgcolor=""#E3E3F3""> <th>CA_IND</th> <td>N</td> </tr><tr bgcolor=""""> <th>REGION_N</th> <td>CENTRAL REGION</td> </tr><tr bgcolor=""#E3E3F3""> <th>REGION_C</th> <td>CR</td> </tr><tr bgcolor=""""> <th>INC_CRC</th> <td>4850795BB0B6A4F7</td> </tr><tr bgcolor=""#E3E3F3""> <th>FMEL_UPD_D</th> <td>20191223152014</td> </tr></table></center>",Bukit Merah,Central Region
Anchorpoint,1.28893477974497,103.805607779399,POINT (103.805607779399 1.28893477974497),16,kml_17,"<center><table><tr><th colspan='2' align='center'><em>Attributes</em></th></tr><tr bgcolor=""#E3E3F3""> <th>PLN_AREA_N</th> <td>QUEENSTOWN</td> </tr><tr bgcolor=""""> <th>PLN_AREA_C</th> <td>QT</td> </tr><tr bgcolor=""#E3E3F3""> <th>CA_IND</th> <td>N</td> </tr><tr bgcolor=""""> <th>REGION_N</th> <td>CENTRAL REGION</td> </tr><tr bgcolor=""#E3E3F3""> <th>REGION_C</th> <td>CR</td> </tr><tr bgcolor=""""> <th>INC_CRC</th> <td>C0170DF008A88671</td> </tr><tr bgcolor=""#E3E3F3""> <th>FMEL_UPD_D</th> <td>20191223152014</td> </tr></table></center>",Queenstown,Central Region
Boon Lay Shopping Centre,1.34637376407877,103.712472819666,POINT (103.712472819666 1.34637376407877),12,kml_13,"<center><table><tr><th colspan='2' align='center'><em>Attributes</em></th></tr><tr bgcolor=""#E3E3F3""> <th>PLN_AREA_N</th> <td>JURONG WEST</td> </tr><tr bgcolor=""""> <th>PLN_AREA_C</th> <td>JW</td> </tr><tr bgcolor=""#E3E3F3""> <th>CA_IND</th> <td>N</td> </tr><tr bgcolor=""""> <th>REGION_N</th> <td>WEST REGION</td> </tr><tr bgcolor=""#E3E3F3""> <th>REGION_C</th> <td>WR</td> </tr><tr bgcolor=""""> <th>INC_CRC</th> <td>2DFF32E53038ED97</td> </tr><tr bgcolor=""#E3E3F3""> <th>FMEL_UPD_D</th> <td>20191223152014</td> </tr></table></center>",Jurong West,West Region
Grantral Mall,1.31427043922294,103.765147487482,POINT (103.765147487482 1.31427043922294),9,kml_10,"<center><table><tr><th colspan='2' align='center'><em>Attributes</em></th></tr><tr bgcolor=""#E3E3F3""> <th>PLN_AREA_N</th> <td>CLEMENTI</td> </tr><tr bgcolor=""""> <th>PLN_AREA_C</th> <td>CL</td> </tr><tr bgcolor=""#E3E3F3""> <th>CA_IND</th> <td>N</td> </tr><tr bgcolor=""""> <th>REGION_N</th> <td>WEST REGION</td> </tr><tr bgcolor=""#E3E3F3""> <th>REGION_C</th> <td>WR</td> </tr><tr bgcolor=""""> <th>INC_CRC</th> <td>D5239EF08EE3CAC7</td> </tr><tr bgcolor=""#E3E3F3""> <th>FMEL_UPD_D</th> <td>20191223152014</td> </tr></table></center>",Clementi,West Region
Fairprice Hub,1.35349593581988,103.940139392679,POINT (103.940139392679 1.35349593581988),46,kml_47,"<center><table><tr><th colspan='2' align='center'><em>Attributes</em></th></tr><tr bgcolor=""#E3E3F3""> <th>PLN_AREA_N</th> <td>TAMPINES</td> </tr><tr bgcolor=""""> <th>PLN_AREA_C</th> <td>TM</td> </tr><tr bgcolor=""#E3E3F3""> <th>CA_IND</th> <td>N</td> </tr><tr bgcolor=""""> <th>REGION_N</th> <td>EAST REGION</td> </tr><tr bgcolor=""#E3E3F3""> <th>REGION_C</th> <td>ER</td> </tr><tr bgcolor=""""> <th>INC_CRC</th> <td>9988953DFA610218</td> </tr><tr bgcolor=""#E3E3F3""> <th>FMEL_UPD_D</th> <td>20191223152014</td> </tr></table></center>",Tampines,East Region
Gek Poh Shopping Centre,1.3487416466288,103.697739629738,POINT (103.697739629738 1.3487416466288),12,kml_13,"<center><table><tr><th colspan='2' align='center'><em>Attributes</em></th></tr><tr bgcolor=""#E3E3F3""> <th>PLN_AREA_N</th> <td>JURONG WEST</td> </tr><tr bgcolor=""""> <th>PLN_AREA_C</th> <td>JW</td> </tr><tr bgcolor=""#E3E3F3""> <th>CA_IND</th> <td>N</td> </tr><tr bgcolor=""""> <th>REGION_N</th> <td>WEST REGION</td> </tr><tr bgcolor=""#E3E3F3""> <th>REGION_C</th> <td>WR</td> </tr><tr bgcolor=""""> <th>INC_CRC</th> <td>2DFF32E53038ED97</td> </tr><tr bgcolor=""#E3E3F3""> <th>FMEL_UPD_D</th> <td>20191223152014</td> </tr></table></center>",Jurong West,West Region
Rochester Mall,1.30540765569962,103.788446680148,POINT (103.788446680148 1.30540765569962),16,kml_17,"<center><table><tr><th colspan='2' align='center'><em>Attributes</em></th></tr><tr bgcolor=""#E3E3F3""> <th>PLN_AREA_N</th> <td>QUEENSTOWN</td> </tr><tr bgcolor=""""> <th>PLN_AREA_C</th> <td>QT</td> </tr><tr bgcolor=""#E3E3F3""> <th>CA_IND</th> <td>N</td> </tr><tr bgcolor=""""> <th>REGION_N</th> <td>CENTRAL REGION</td> </tr><tr bgcolor=""#E3E3F3""> <th>REGION_C</th> <td>CR</td> </tr><tr bgcolor=""""> <th>INC_CRC</th> <td>C0170DF008A88671</td> </tr><tr bgcolor=""#E3E3F3""> <th>FMEL_UPD_D</th> <td>20191223152014</td> </tr></table></center>",Queenstown,Central Region
Taman Jurong Shopping Centre,1.33484487471259,103.720462024278,POINT (103.720462024278 1.33484487471259),12,kml_13,"<center><table><tr><th colspan='2' align='center'><em>Attributes</em></th></tr><tr bgcolor=""#E3E3F3""> <th>PLN_AREA_N</th> <td>JURONG WEST</td> </tr><tr bgcolor=""""> <th>PLN_AREA_C</th> <td>JW</td> </tr><tr bgcolor=""#E3E3F3""> <th>CA_IND</th> <td>N</td> </tr><tr bgcolor=""""> <th>REGION_N</th> <td>WEST REGION</td> </tr><tr bgcolor=""#E3E3F3""> <th>REGION_C</th> <td>WR</td> </tr><tr bgcolor=""""> <th>INC_CRC</th> <td>2DFF32E53038ED97</td> </tr><tr bgcolor=""#E3E3F3""> <th>FMEL_UPD_D</th> <td>20191223152014</td> </tr></table></center>",Jurong West,West Region
West Coast Plaza,1.30358622534992,103.76610375397,POINT (103.76610375397 1.30358622534992),9,kml_10,"<center><table><tr><th colspan='2' align='center'><em>Attributes</em></th></tr><tr bgcolor=""#E3E3F3""> <th>PLN_AREA_N</th> <td>CLEMENTI</td> </tr><tr bgcolor=""""> <th>PLN_AREA_C</th> <td>CL</td> </tr><tr bgcolor=""#E3E3F3""> <th>CA_IND</th> <td>N</td> </tr><tr bgcolor=""""> <th>REGION_N</th> <td>WEST REGION</td> </tr><tr bgcolor=""#E3E3F3""> <th>REGION_C</th> <td>WR</td> </tr><tr bgcolor=""""> <th>INC_CRC</th> <td>D5239EF08EE3CAC7</td> </tr><tr bgcolor=""#E3E3F3""> <th>FMEL_UPD_D</th> <td>20191223152014</td> </tr></table></center>",Clementi,West Region
Queensway Shopping Centre,1.2876179255874,103.803391140455,POINT (103.803391140455 1.2876179255874),16,kml_17,"<center><table><tr><th colspan='2' align='center'><em>Attributes</em></th></tr><tr bgcolor=""#E3E3F3""> <th>PLN_AREA_N</th> <td>QUEENSTOWN</td> </tr><tr bgcolor=""""> <th>PLN_AREA_C</th> <td>QT</td> </tr><tr bgcolor=""#E3E3F3""> <th>CA_IND</th> <td>N</td> </tr><tr bgcolor=""""> <th>REGION_N</th> <td>CENTRAL REGION</td> </tr><tr bgcolor=""#E3E3F3""> <th>REGION_C</th> <td>CR</td> </tr><tr bgcolor=""""> <th>INC_CRC</th> <td>C0170DF008A88671</td> </tr><tr bgcolor=""#E3E3F3""> <th>FMEL_UPD_D</th> <td>20191223152014</td> </tr></table></center>",Queenstown,Central Region
