name,Latitude,Longitude,top_30,top_10,top_20,top_5,geometry,index_right,Name,Description,planning_area,region
ADMIRALTY PRIMARY SCHOOL,1.4430452,103.8003087,N,N,N,N,POINT (103.8003087 1.4430452),32,kml_33,"<center><table><tr><th colspan='2' align='center'><em>Attributes</em></th></tr><tr bgcolor=""#E3E3F3""> <th>PLN_AREA_N</th> <td>WOODLANDS</td> </tr><tr bgcolor=""""> <th>PLN_AREA_C</th> <td>WD</td> </tr><tr bgcolor=""#E3E3F3""> <th>CA_IND</th> <td>N</td> </tr><tr bgcolor=""""> <th>REGION_N</th> <td>NORTH REGION</td> </tr><tr bgcolor=""#E3E3F3""> <th>REGION_C</th> <td>NR</td> </tr><tr bgcolor=""""> <th>INC_CRC</th> <td>C93AEED43B7939D3</td> </tr><tr bgcolor=""#E3E3F3""> <th>FMEL_UPD_D</th> <td>20191223152014</td> </tr></table></center>",Woodlands,North Region
AHMAD IBRAHIM PRIMARY SCHOOL,1.4337349,103.8327825,N,N,N,N,POINT (103.8327825 1.4337349),54,kml_55,"<center><table><tr><th colspan='2' align='center'><em>Attributes</em></th></tr><tr bgcolor=""#E3E3F3""> <th>PLN_AREA_N</th> <td>YISHUN</td> </tr><tr bgcolor=""""> <th>PLN_AREA_C</th> <td>YS</td> </tr><tr bgcolor=""#E3E3F3""> <th>CA_IND</th> <td>N</td> </tr><tr bgcolor=""""> <th>REGION_N</th> <td>NORTH REGION</td> </tr><tr bgcolor=""#E3E3F3""> <th>REGION_C</th> <td>NR</td> </tr><tr bgcolor=""""> <th>INC_CRC</th> <td>E56BC88A635A3D89</td> </tr><tr bgcolor=""#E3E3F3""> <th>FMEL_UPD_D</th> <td>20191223152014</td> </tr></table></center>",Yishun,North Region
ALEXANDRA PRIMARY SCHOOL,1.2912575,103.8237619,N,N,N,N,POINT (103.8237619 1.2912575),3,kml_4,"<center><table><tr><th colspan='2' align='center'><em>Attributes</em></th></tr><tr bgcolor=""#E3E3F3""> <th>PLN_AREA_N</th> <td>BUKIT MERAH</td> </tr><tr bgcolor=""""> <th>PLN_AREA_C</th> <td>BM</td> </tr><tr bgcolor=""#E3E3F3""> <th>CA_IND</th> <td>N</td> </tr><tr bgcolor=""""> <th>REGION_N</th> <td>CENTRAL REGION</td> </tr><tr bgcolor=""#E3E3F3""> <th>REGION_C</th> <td>CR</td> </tr><tr bgcolor=""""> <th>INC_CRC</th> <td>4850795BB0B6A4F7</td> </tr><tr bgcolor=""#E3E3F3""> <th>FMEL_UPD_D</th> <td>20191223152014</td> </tr></table></center>",Bukit Merah,Central Region
ANCHOR GREEN PRIMARY SCHOOL,1.3908643,103.8871175,N,N,N,N,POINT (103.8871175 1.3908643),19,kml_20,"<center><table><tr><th colspan='2' align='center'><em>Attributes</em></th></tr><tr bgcolor=""#E3E3F3""> <th>PLN_AREA_N</th> <td>SENGKANG</td> </tr><tr bgcolor=""""> <th>PLN_AREA_C</th> <td>SE</td> </tr><tr bgcolor=""#E3E3F3""> <th>CA_IND</th> <td>N</td> </tr><tr bgcolor=""""> <th>REGION_N</th> <td>NORTH-EAST REGION</td> </tr><tr bgcolor=""#E3E3F3""> <th>REGION_C</th> <td>NER</td> </tr><tr bgcolor=""""> <th>INC_CRC</th> <td>3909BE3D6566DC6B</td> </tr><tr bgcolor=""#E3E3F3""> <th>FMEL_UPD_D</th> <td>20191223152014</td> </tr></table></center>",Sengkang,North-East Region
ANDERSON PRIMARY SCHOOL,1.3840518,103.8413617,N,N,N,N,POINT (103.8413617 1.3840518),51,kml_52,"<center><table><tr><th colspan='2' align='center'><em>Attributes</em></th></tr><tr bgcolor=""#E3E3F3""> <th>PLN_AREA_N</th> <td>ANG MO KIO</td> </tr><tr bgcolor=""""> <th>PLN_AREA_C</th> <td>AM</td> </tr><tr bgcolor=""#E3E3F3""> <th>CA_IND</th> <td>N</td> </tr><tr bgcolor=""""> <th>REGION_N</th> <td>NORTH-EAST REGION</td> </tr><tr bgcolor=""#E3E3F3""> <th>REGION_C</th> <td>NER</td> </tr><tr bgcolor=""""> <th>INC_CRC</th> <td>88DAC92AEAF47E93</td> </tr><tr bgcolor=""#E3E3F3""> <th>FMEL_UPD_D</th> <td>20191223152014</td> </tr></table></center>",Ang Mo Kio,North-East Region
ANG MO KIO PRIMARY SCHOOL,1.3693482,103.8398126,N,N,N,N,POINT (103.8398126 1.3693482),51,kml_52,"<center><table><tr><th colspan='2' align='center'><em>Attributes</em></th></tr><tr bgcolor=""#E3E3F3""> <th>PLN_AREA_N</th> <td>ANG MO KIO</td> </tr><tr bgcolor=""""> <th>PLN_AREA_C</th> <td>AM</td> </tr><tr bgcolor=""#E3E3F3""> <th>CA_IND</th> <td>N</td> </tr><tr bgcolor=""""> <th>REGION_N</th> <td>NORTH-EAST REGION</td> </tr><tr bgcolor=""#E3E3F3""> <th>REGION_C</th> <td>NER</td> </tr><tr bgcolor=""""> <th>INC_CRC</th> <td>88DAC92AEAF47E93</td> </tr><tr bgcolor=""#E3E3F3""> <th>FMEL_UPD_D</th> <td>20191223152014</td> </tr></table></center>",Ang Mo Kio,North-East Region
ANGLO-CHINESE SCHOOL (PRIMARY),1.3187555,103.8358322,Y,N,N,N,POINT (103.8358322 1.3187555),24,kml_25,"<center><table><tr><th colspan='2' align='center'><em>Attributes</em></th></tr><tr bgcolor=""#E3E3F3""> <th>PLN_AREA_N</th> <td>NOVENA</td> </tr><tr bgcolor=""""> <th>PLN_AREA_C</th> <td>NV</td> </tr><tr bgcolor=""#E3E3F3""> <th>CA_IND</th> <td>N</td> </tr><tr bgcolor=""""> <th>REGION_N</th> <td>CENTRAL REGION</td> </tr><tr bgcolor=""#E3E3F3""> <th>REGION_C</th> <td>CR</td> </tr><tr bgcolor=""""> <th>INC_CRC</th> <td>26D3DCBD67CE3F87</td> </tr><tr bgcolor=""#E3E3F3""> <th>FMEL_UPD_D</th> <td>20191223152014</td> </tr></table></center>",Novena,Central Region
ANGSANA PRIMARY SCHOOL,1.3629146,103.9389934,N,N,N,N,POINT (103.9389934 1.3629146),46,kml_47,"<center><table><tr><th colspan='2' align='center'><em>Attributes</em></th></tr><tr bgcolor=""#E3E3F3""> <th>PLN_AREA_N</th> <td>TAMPINES</td> </tr><tr bgcolor=""""> <th>PLN_AREA_C</th> <td>TM</td> </tr><tr bgcolor=""#E3E3F3""> <th>CA_IND</th> <td>N</td> </tr><tr bgcolor=""""> <th>REGION_N</th> <td>EAST REGION</td> </tr><tr bgcolor=""#E3E3F3""> <th>REGION_C</th> <td>ER</td> </tr><tr bgcolor=""""> <th>INC_CRC</th> <td>9988953DFA610218</td> </tr><tr bgcolor=""#E3E3F3""> <th>FMEL_UPD_D</th> <td>20191223152014</td> </tr></table></center>",Tampines,East Region
BEACON PRIMARY SCHOOL,1.3839141,103.7736916,N,N,N,N,POINT (103.7736916 1.3839141),4,kml_5,"<center><table><tr><th colspan='2' align='center'><em>Attributes</em></th></tr><tr bgcolor=""#E3E3F3""> <th>PLN_AREA_N</th> <td>BUKIT PANJANG</td> </tr><tr bgcolor=""""> <th>PLN_AREA_C</th> <td>BP</td> </tr><tr bgcolor=""#E3E3F3""> <th>CA_IND</th> <td>N</td> </tr><tr bgcolor=""""> <th>REGION_N</th> <td>WEST REGION</td> </tr><tr bgcolor=""#E3E3F3""> <th>REGION_C</th> <td>WR</td> </tr><tr bgcolor=""""> <th>INC_CRC</th> <td>656F87D23D6DAB02</td> </tr><tr bgcolor=""#E3E3F3""> <th>FMEL_UPD_D</th> <td>20191223152014</td> </tr></table></center>",Bukit Panjang,West Region
BEDOK GREEN PRIMARY SCHOOL,1.3242773,103.9375185,N,N,N,N,POINT (103.9375185 1.3242773),0,kml_1,"<center><table><tr><th colspan='2' align='center'><em>Attributes</em></th></tr><tr bgcolor=""#E3E3F3""> <th>PLN_AREA_N</th> <td>BEDOK</td> </tr><tr bgcolor=""""> <th>PLN_AREA_C</th> <td>BD</td> </tr><tr bgcolor=""#E3E3F3""> <th>CA_IND</th> <td>N</td> </tr><tr bgcolor=""""> <th>REGION_N</th> <td>EAST REGION</td> </tr><tr bgcolor=""#E3E3F3""> <th>REGION_C</th> <td>ER</td> </tr><tr bgcolor=""""> <th>INC_CRC</th> <td>5F00E6FF084F3364</td> </tr><tr bgcolor=""#E3E3F3""> <th>FMEL_UPD_D</th> <td>20191223152014</td> </tr></table></center>",Bedok,East Region
BENDEMEER PRIMARY SCHOOL,1.322193,103.8650825,N,N,N,N,POINT (103.8650825 1.322193),21,kml_22,"<center><table><tr><th colspan='2' align='center'><em>Attributes</em></th></tr><tr bgcolor=""#E3E3F3""> <th>PLN_AREA_N</th> <td>KALLANG</td> </tr><tr bgcolor=""""> <th>PLN_AREA_C</th> <td>KL</td> </tr><tr bgcolor=""#E3E3F3""> <th>CA_IND</th> <td>N</td> </tr><tr bgcolor=""""> <th>REGION_N</th> <td>CENTRAL REGION</td> </tr><tr bgcolor=""#E3E3F3""> <th>REGION_C</th> <td>CR</td> </tr><tr bgcolor=""""> <th>INC_CRC</th> <td>8805C45D2F327F92</td> </tr><tr bgcolor=""#E3E3F3""> <th>FMEL_UPD_D</th> <td>20191223152014</td> </tr></table></center>",Kallang,Central Region
BLANGAH RISE PRIMARY SCHOOL,1.2763845,103.8093313,N,N,N,N,POINT (103.8093313 1.2763845),3,kml_4,"<center><table><tr><th colspan='2' align='center'><em>Attributes</em></th></tr><tr bgcolor=""#E3E3F3""> <th>PLN_AREA_N</th> <td>BUKIT MERAH</td> </tr><tr bgcolor=""""> <th>PLN_AREA_C</th> <td>BM</td> </tr><tr bgcolor=""#E3E3F3""> <th>CA_IND</th> <td>N</td> </tr><tr bgcolor=""""> <th>REGION_N</th> <td>CENTRAL REGION</td> </tr><tr bgcolor=""#E3E3F3""> <th>REGION_C</th> <td>CR</td> </tr><tr bgcolor=""""> <th>INC_CRC</th> <td>4850795BB0B6A4F7</td> </tr><tr bgcolor=""#E3E3F3""> <th>FMEL_UPD_D</th> <td>20191223152014</td> </tr></table></center>",Bukit Merah,Central Region
BOON LAY GARDEN PRIMARY SCHOOL,1.3434436,103.712979,N,N,N,N,POINT (103.712979 1.3434436),12,kml_13,"<center><table><tr><th colspan='2' align='center'><em>Attributes</em></th></tr><tr bgcolor=""#E3E3F3""> <th>PLN_AREA_N</th> <td>JURONG WEST</td> </tr><tr bgcolor=""""> <th>PLN_AREA_C</th> <td>JW</td> </tr><tr bgcolor=""#E3E3F3""> <th>CA_IND</th> <td>N</td> </tr><tr bgcolor=""""> <th>REGION_N</th> <td>WEST REGION</td> </tr><tr bgcolor=""#E3E3F3""> <th>REGION_C</th> <td>WR</td> </tr><tr bgcolor=""""> <th>INC_CRC</th> <td>2DFF32E53038ED97</td> </tr><tr bgcolor=""#E3E3F3""> <th>FMEL_UPD_D</th> <td>20191223152014</td> </tr></table></center>",Jurong West,West Region
BUKIT PANJANG PRIMARY SCHOOL,1.3735964,103.7695266,N,N,N,N,POINT (103.7695266 1.3735964),4,kml_5,"<center><table><tr><th colspan='2' align='center'><em>Attributes</em></th></tr><tr bgcolor=""#E3E3F3""> <th>PLN_AREA_N</th> <td>BUKIT PANJANG</td> </tr><tr bgcolor=""""> <th>PLN_AREA_C</th> <td>BP</td> </tr><tr bgcolor=""#E3E3F3""> <th>CA_IND</th> <td>N</td> </tr><tr bgcolor=""""> <th>REGION_N</th> <td>WEST REGION</td> </tr><tr bgcolor=""#E3E3F3""> <th>REGION_C</th> <td>WR</td> </tr><tr bgcolor=""""> <th>INC_CRC</th> <td>656F87D23D6DAB02</td> </tr><tr bgcolor=""#E3E3F3""> <th>FMEL_UPD_D</th> <td>20191223152014</td> </tr></table></center>",Bukit Panjang,West Region
BUKIT TIMAH PRIMARY SCHOOL,1.3373813,103.7667738,N,N,N,N,POINT (103.7667738 1.3373813),5,kml_6,"<center><table><tr><th colspan='2' align='center'><em>Attributes</em></th></tr><tr bgcolor=""#E3E3F3""> <th>PLN_AREA_N</th> <td>BUKIT TIMAH</td> </tr><tr bgcolor=""""> <th>PLN_AREA_C</th> <td>BT</td> </tr><tr bgcolor=""#E3E3F3""> <th>CA_IND</th> <td>N</td> </tr><tr bgcolor=""""> <th>REGION_N</th> <td>CENTRAL REGION</td> </tr><tr bgcolor=""#E3E3F3""> <th>REGION_C</th> <td>CR</td> </tr><tr bgcolor=""""> <th>INC_CRC</th> <td>DB3037AA30D8CCDD</td> </tr><tr bgcolor=""#E3E3F3""> <th>FMEL_UPD_D</th> <td>20191223152014</td> </tr></table></center>",Bukit Timah,Central Region
BUKIT VIEW PRIMARY SCHOOL,1.3461955,103.7537972,N,N,N,N,POINT (103.7537972 1.3461955),2,kml_3,"<center><table><tr><th colspan='2' align='center'><em>Attributes</em></th></tr><tr bgcolor=""#E3E3F3""> <th>PLN_AREA_N</th> <td>BUKIT BATOK</td> </tr><tr bgcolor=""""> <th>PLN_AREA_C</th> <td>BK</td> </tr><tr bgcolor=""#E3E3F3""> <th>CA_IND</th> <td>N</td> </tr><tr bgcolor=""""> <th>REGION_N</th> <td>WEST REGION</td> </tr><tr bgcolor=""#E3E3F3""> <th>REGION_C</th> <td>WR</td> </tr><tr bgcolor=""""> <th>INC_CRC</th> <td>3BEC4C829160F28A</td> </tr><tr bgcolor=""#E3E3F3""> <th>FMEL_UPD_D</th> <td>20191223152014</td> </tr></table></center>",Bukit Batok,West Region
CANBERRA PRIMARY SCHOOL,1.4505141,103.8156974,N,N,N,N,POINT (103.8156974 1.4505141),18,kml_19,"<center><table><tr><th colspan='2' align='center'><em>Attributes</em></th></tr><tr bgcolor=""#E3E3F3""> <th>PLN_AREA_N</th> <td>SEMBAWANG</td> </tr><tr bgcolor=""""> <th>PLN_AREA_C</th> <td>SB</td> </tr><tr bgcolor=""#E3E3F3""> <th>CA_IND</th> <td>N</td> </tr><tr bgcolor=""""> <th>REGION_N</th> <td>NORTH REGION</td> </tr><tr bgcolor=""#E3E3F3""> <th>REGION_C</th> <td>NR</td> </tr><tr bgcolor=""""> <th>INC_CRC</th> <td>ECA1E5D6412DC621</td> </tr><tr bgcolor=""#E3E3F3""> <th>FMEL_UPD_D</th> <td>20191223152014</td> </tr></table></center>",Sembawang,North Region
CANOSSA CATHOLIC PRIMARY SCHOOL,1.3262861,103.8817743,N,N,N,N,POINT (103.8817743 1.3262861),52,kml_53,"<center><table><tr><th colspan='2' align='center'><em>Attributes</em></th></tr><tr bgcolor=""#E3E3F3""> <th>PLN_AREA_N</th> <td>GEYLANG</td> </tr><tr bgcolor=""""> <th>PLN_AREA_C</th> <td>GL</td> </tr><tr bgcolor=""#E3E3F3""> <th>CA_IND</th> <td>N</td> </tr><tr bgcolor=""""> <th>REGION_N</th> <td>CENTRAL REGION</td> </tr><tr bgcolor=""#E3E3F3""> <th>REGION_C</th> <td>CR</td> </tr><tr bgcolor=""""> <th>INC_CRC</th> <td>FC8678CF0ED975CA</td> </tr><tr bgcolor=""#E3E3F3""> <th>FMEL_UPD_D</th> <td>20191223152014</td> </tr></table></center>",Geylang,Central Region
CANTONMENT PRIMARY SCHOOL,1.2754926,103.8399129,N,N,N,N,POINT (103.8399129 1.2754926),3,kml_4,"<center><table><tr><th colspan='2' align='center'><em>Attributes</em></th></tr><tr bgcolor=""#E3E3F3""> <th>PLN_AREA_N</th> <td>BUKIT MERAH</td> </tr><tr bgcolor=""""> <th>PLN_AREA_C</th> <td>BM</td> </tr><tr bgcolor=""#E3E3F3""> <th>CA_IND</th> <td>N</td> </tr><tr bgcolor=""""> <th>REGION_N</th> <td>CENTRAL REGION</td> </tr><tr bgcolor=""#E3E3F3""> <th>REGION_C</th> <td>CR</td> </tr><tr bgcolor=""""> <th>INC_CRC</th> <td>4850795BB0B6A4F7</td> </tr><tr bgcolor=""#E3E3F3""> <th>FMEL_UPD_D</th> <td>20191223152014</td> </tr></table></center>",Bukit Merah,Central Region
CASUARINA PRIMARY SCHOOL,1.3725006,103.9570205,N,N,N,N,POINT (103.9570205 1.3725006),13,kml_14,"<center><table><tr><th colspan='2' align='center'><em>Attributes</em></th></tr><tr bgcolor=""#E3E3F3""> <th>PLN_AREA_N</th> <td>PASIR RIS</td> </tr><tr bgcolor=""""> <th>PLN_AREA_C</th> <td>PR</td> </tr><tr bgcolor=""#E3E3F3""> <th>CA_IND</th> <td>N</td> </tr><tr bgcolor=""""> <th>REGION_N</th> <td>EAST REGION</td> </tr><tr bgcolor=""#E3E3F3""> <th>REGION_C</th> <td>ER</td> </tr><tr bgcolor=""""> <th>INC_CRC</th> <td>B375AD2AA1E8E3DB</td> </tr><tr bgcolor=""#E3E3F3""> <th>FMEL_UPD_D</th> <td>20191223152014</td> </tr></table></center>",Pasir Ris,East Region
CEDAR PRIMARY SCHOOL,1.335401,103.8758022,N,N,N,N,POINT (103.8758022 1.335401),28,kml_29,"<center><table><tr><th colspan='2' align='center'><em>Attributes</em></th></tr><tr bgcolor=""#E3E3F3""> <th>PLN_AREA_N</th> <td>TOA PAYOH</td> </tr><tr bgcolor=""""> <th>PLN_AREA_C</th> <td>TP</td> </tr><tr bgcolor=""#E3E3F3""> <th>CA_IND</th> <td>N</td> </tr><tr bgcolor=""""> <th>REGION_N</th> <td>CENTRAL REGION</td> </tr><tr bgcolor=""#E3E3F3""> <th>REGION_C</th> <td>CR</td> </tr><tr bgcolor=""""> <th>INC_CRC</th> <td>85DD6CFD19B09A35</td> </tr><tr bgcolor=""#E3E3F3""> <th>FMEL_UPD_D</th> <td>20191223152014</td> </tr></table></center>",Toa Payoh,Central Region
CHANGKAT PRIMARY SCHOOL,1.340245,103.9522864,N,N,N,N,POINT (103.9522864 1.340245),46,kml_47,"<center><table><tr><th colspan='2' align='center'><em>Attributes</em></th></tr><tr bgcolor=""#E3E3F3""> <th>PLN_AREA_N</th> <td>TAMPINES</td> </tr><tr bgcolor=""""> <th>PLN_AREA_C</th> <td>TM</td> </tr><tr bgcolor=""#E3E3F3""> <th>CA_IND</th> <td>N</td> </tr><tr bgcolor=""""> <th>REGION_N</th> <td>EAST REGION</td> </tr><tr bgcolor=""#E3E3F3""> <th>REGION_C</th> <td>ER</td> </tr><tr bgcolor=""""> <th>INC_CRC</th> <td>9988953DFA610218</td> </tr><tr bgcolor=""#E3E3F3""> <th>FMEL_UPD_D</th> <td>20191223152014</td> </tr></table></center>",Tampines,East Region
CHIJ (KATONG) PRIMARY,1.3064102,103.9109673,Y,N,N,N,POINT (103.9109673 1.3064102),0,kml_1,"<center><table><tr><th colspan='2' align='center'><em>Attributes</em></th></tr><tr bgcolor=""#E3E3F3""> <th>PLN_AREA_N</th> <td>BEDOK</td> </tr><tr bgcolor=""""> <th>PLN_AREA_C</th> <td>BD</td> </tr><tr bgcolor=""#E3E3F3""> <th>CA_IND</th> <td>N</td> </tr><tr bgcolor=""""> <th>REGION_N</th> <td>EAST REGION</td> </tr><tr bgcolor=""#E3E3F3""> <th>REGION_C</th> <td>ER</td> </tr><tr bgcolor=""""> <th>INC_CRC</th> <td>5F00E6FF084F3364</td> </tr><tr bgcolor=""#E3E3F3""> <th>FMEL_UPD_D</th> <td>20191223152014</td> </tr></table></center>",Bedok,East Region
CHIJ PRIMARY (TOA PAYOH),1.3333971,103.8425739,Y,N,Y,N,POINT (103.8425739 1.3333971),28,kml_29,"<center><table><tr><th colspan='2' align='center'><em>Attributes</em></th></tr><tr bgcolor=""#E3E3F3""> <th>PLN_AREA_N</th> <td>TOA PAYOH</td> </tr><tr bgcolor=""""> <th>PLN_AREA_C</th> <td>TP</td> </tr><tr bgcolor=""#E3E3F3""> <th>CA_IND</th> <td>N</td> </tr><tr bgcolor=""""> <th>REGION_N</th> <td>CENTRAL REGION</td> </tr><tr bgcolor=""#E3E3F3""> <th>REGION_C</th> <td>CR</td> </tr><tr bgcolor=""""> <th>INC_CRC</th> <td>85DD6CFD19B09A35</td> </tr><tr bgcolor=""#E3E3F3""> <th>FMEL_UPD_D</th> <td>20191223152014</td> </tr></table></center>",Toa Payoh,Central Region
CHONGZHENG PRIMARY SCHOOL,1.3508639,103.9512472,N,N,N,N,POINT (103.9512472 1.3508639),46,kml_47,"<center><table><tr><th colspan='2' align='center'><em>Attributes</em></th></tr><tr bgcolor=""#E3E3F3""> <th>PLN_AREA_N</th> <td>TAMPINES</td> </tr><tr bgcolor=""""> <th>PLN_AREA_C</th> <td>TM</td> </tr><tr bgcolor=""#E3E3F3""> <th>CA_IND</th> <td>N</td> </tr><tr bgcolor=""""> <th>REGION_N</th> <td>EAST REGION</td> </tr><tr bgcolor=""#E3E3F3""> <th>REGION_C</th> <td>ER</td> </tr><tr bgcolor=""""> <th>INC_CRC</th> <td>9988953DFA610218</td> </tr><tr bgcolor=""#E3E3F3""> <th>FMEL_UPD_D</th> <td>20191223152014</td> </tr></table></center>",Tampines,East Region
CHUA CHU KANG PRIMARY SCHOOL,1.3778193,103.7423121,N,N,N,N,POINT (103.7423121 1.3778193),8,kml_9,"<center><table><tr><th colspan='2' align='center'><em>Attributes</em></th></tr><tr bgcolor=""#E3E3F3""> <th>PLN_AREA_N</th> <td>CHOA CHU KANG</td> </tr><tr bgcolor=""""> <th>PLN_AREA_C</th> <td>CK</td> </tr><tr bgcolor=""#E3E3F3""> <th>CA_IND</th> <td>N</td> </tr><tr bgcolor=""""> <th>REGION_N</th> <td>WEST REGION</td> </tr><tr bgcolor=""#E3E3F3""> <th>REGION_C</th> <td>WR</td> </tr><tr bgcolor=""""> <th>INC_CRC</th> <td>BE26F2C074519A79</td> </tr><tr bgcolor=""#E3E3F3""> <th>FMEL_UPD_D</th> <td>20191223152014</td> </tr></table></center>",Choa Chu Kang,West Region
CLEMENTI PRIMARY SCHOOL,1.3153018,103.7632831,N,N,N,N,POINT (103.7632831 1.3153018),9,kml_10,"<center><table><tr><th colspan='2' align='center'><em>Attributes</em></th></tr><tr bgcolor=""#E3E3F3""> <th>PLN_AREA_N</th> <td>CLEMENTI</td> </tr><tr bgcolor=""""> <th>PLN_AREA_C</th> <td>CL</td> </tr><tr bgcolor=""#E3E3F3""> <th>CA_IND</th> <td>N</td> </tr><tr bgcolor=""""> <th>REGION_N</th> <td>WEST REGION</td> </tr><tr bgcolor=""#E3E3F3""> <th>REGION_C</th> <td>WR</td> </tr><tr bgcolor=""""> <th>INC_CRC</th> <td>D5239EF08EE3CAC7</td> </tr><tr bgcolor=""#E3E3F3""> <th>FMEL_UPD_D</th> <td>20191223152014</td> </tr></table></center>",Clementi,West Region
COMPASSVALE PRIMARY SCHOOL,1.3945602,103.8980513,N,N,N,N,POINT (103.8980513 1.3945602),19,kml_20,"<center><table><tr><th colspan='2' align='center'><em>Attributes</em></th></tr><tr bgcolor=""#E3E3F3""> <th>PLN_AREA_N</th> <td>SENGKANG</td> </tr><tr bgcolor=""""> <th>PLN_AREA_C</th> <td>SE</td> </tr><tr bgcolor=""#E3E3F3""> <th>CA_IND</th> <td>N</td> </tr><tr bgcolor=""""> <th>REGION_N</th> <td>NORTH-EAST REGION</td> </tr><tr bgcolor=""#E3E3F3""> <th>REGION_C</th> <td>NER</td> </tr><tr bgcolor=""""> <th>INC_CRC</th> <td>3909BE3D6566DC6B</td> </tr><tr bgcolor=""#E3E3F3""> <th>FMEL_UPD_D</th> <td>20191223152014</td> </tr></table></center>",Sengkang,North-East Region
CONCORD PRIMARY SCHOOL,1.380347,103.7363383,N,N,N,N,POINT (103.7363383 1.380347),8,kml_9,"<center><table><tr><th colspan='2' align='center'><em>Attributes</em></th></tr><tr bgcolor=""#E3E3F3""> <th>PLN_AREA_N</th> <td>CHOA CHU KANG</td> </tr><tr bgcolor=""""> <th>PLN_AREA_C</th> <td>CK</td> </tr><tr bgcolor=""#E3E3F3""> <th>CA_IND</th> <td>N</td> </tr><tr bgcolor=""""> <th>REGION_N</th> <td>WEST REGION</td> </tr><tr bgcolor=""#E3E3F3""> <th>REGION_C</th> <td>WR</td> </tr><tr bgcolor=""""> <th>INC_CRC</th> <td>BE26F2C074519A79</td> </tr><tr bgcolor=""#E3E3F3""> <th>FMEL_UPD_D</th> <td>20191223152014</td> </tr></table></center>",Choa Chu Kang,West Region
CORPORATION PRIMARY SCHOOL,1.3514322,103.7076403,N,N,N,N,POINT (103.7076403 1.3514322),12,kml_13,"<center><table><tr><th colspan='2' align='center'><em>Attributes</em></th></tr><tr bgcolor=""#E3E3F3""> <th>PLN_AREA_N</th> <td>JURONG WEST</td> </tr><tr bgcolor=""""> <th>PLN_AREA_C</th> <td>JW</td> </tr><tr bgcolor=""#E3E3F3""> <th>CA_IND</th> <td>N</td> </tr><tr bgcolor=""""> <th>REGION_N</th> <td>WEST REGION</td> </tr><tr bgcolor=""#E3E3F3""> <th>REGION_C</th> <td>WR</td> </tr><tr bgcolor=""""> <th>INC_CRC</th> <td>2DFF32E53038ED97</td> </tr><tr bgcolor=""#E3E3F3""> <th>FMEL_UPD_D</th> <td>20191223152014</td> </tr></table></center>",Jurong West,West Region
DAMAI PRIMARY SCHOOL,1.3356727,103.9211476,N,N,N,N,POINT (103.9211476 1.3356727),0,kml_1,"<center><table><tr><th colspan='2' align='center'><em>Attributes</em></th></tr><tr bgcolor=""#E3E3F3""> <th>PLN_AREA_N</th> <td>BEDOK</td> </tr><tr bgcolor=""""> <th>PLN_AREA_C</th> <td>BD</td> </tr><tr bgcolor=""#E3E3F3""> <th>CA_IND</th> <td>N</td> </tr><tr bgcolor=""""> <th>REGION_N</th> <td>EAST REGION</td> </tr><tr bgcolor=""#E3E3F3""> <th>REGION_C</th> <td>ER</td> </tr><tr bgcolor=""""> <th>INC_CRC</th> <td>5F00E6FF084F3364</td> </tr><tr bgcolor=""#E3E3F3""> <th>FMEL_UPD_D</th> <td>20191223152014</td> </tr></table></center>",Bedok,East Region
DAZHONG PRIMARY SCHOOL,1.35922,103.7479191,N,N,N,N,POINT (103.7479191 1.35922),2,kml_3,"<center><table><tr><th colspan='2' align='center'><em>Attributes</em></th></tr><tr bgcolor=""#E3E3F3""> <th>PLN_AREA_N</th> <td>BUKIT BATOK</td> </tr><tr bgcolor=""""> <th>PLN_AREA_C</th> <td>BK</td> </tr><tr bgcolor=""#E3E3F3""> <th>CA_IND</th> <td>N</td> </tr><tr bgcolor=""""> <th>REGION_N</th> <td>WEST REGION</td> </tr><tr bgcolor=""#E3E3F3""> <th>REGION_C</th> <td>WR</td> </tr><tr bgcolor=""""> <th>INC_CRC</th> <td>3BEC4C829160F28A</td> </tr><tr bgcolor=""#E3E3F3""> <th>FMEL_UPD_D</th> <td>20191223152014</td> </tr></table></center>",Bukit Batok,West Region
EAST SPRING PRIMARY SCHOOL,1.3529446,103.9618398,N,N,N,N,POINT (103.9618398 1.3529446),46,kml_47,"<center><table><tr><th colspan='2' align='center'><em>Attributes</em></th></tr><tr bgcolor=""#E3E3F3""> <th>PLN_AREA_N</th> <td>TAMPINES</td> </tr><tr bgcolor=""""> <th>PLN_AREA_C</th> <td>TM</td> </tr><tr bgcolor=""#E3E3F3""> <th>CA_IND</th> <td>N</td> </tr><tr bgcolor=""""> <th>REGION_N</th> <td>EAST REGION</td> </tr><tr bgcolor=""#E3E3F3""> <th>REGION_C</th> <td>ER</td> </tr><tr bgcolor=""""> <th>INC_CRC</th> <td>9988953DFA610218</td> </tr><tr bgcolor=""#E3E3F3""> <th>FMEL_UPD_D</th> <td>20191223152014</td> </tr></table></center>",Tampines,East Region
EDGEFIELD PRIMARY SCHOOL,1.4004367,103.9076926,N,N,N,N,POINT (103.9076926 1.4004367),15,kml_16,"<center><table><tr><th colspan='2' align='center'><em>Attributes</em></th></tr><tr bgcolor=""#E3E3F3""> <th>PLN_AREA_N</th> <td>PUNGGOL</td> </tr><tr bgcolor=""""> <th>PLN_AREA_C</th> <td>PG</td> </tr><tr bgcolor=""#E3E3F3""> <th>CA_IND</th> <td>N</td> </tr><tr bgcolor=""""> <th>REGION_N</th> <td>NORTH-EAST REGION</td> </tr><tr bgcolor=""#E3E3F3""> <th>REGION_C</th> <td>NER</td> </tr><tr bgcolor=""""> <th>INC_CRC</th> <td>DA6BAAC88FE4D2B4</td> </tr><tr bgcolor=""#E3E3F3""> <th>FMEL_UPD_D</th> <td>20191223152014</td> </tr></table></center>",Punggol,North-East Region
ELIAS PARK PRIMARY SCHOOL,1.3749538,103.9452385,N,N,N,N,POINT (103.9452385 1.3749538),13,kml_14,"<center><table><tr><th colspan='2' align='center'><em>Attributes</em></th></tr><tr bgcolor=""#E3E3F3""> <th>PLN_AREA_N</th> <td>PASIR RIS</td> </tr><tr bgcolor=""""> <th>PLN_AREA_C</th> <td>PR</td> </tr><tr bgcolor=""#E3E3F3""> <th>CA_IND</th> <td>N</td> </tr><tr bgcolor=""""> <th>REGION_N</th> <td>EAST REGION</td> </tr><tr bgcolor=""#E3E3F3""> <th>REGION_C</th> <td>ER</td> </tr><tr bgcolor=""""> <th>INC_CRC</th> <td>B375AD2AA1E8E3DB</td> </tr><tr bgcolor=""#E3E3F3""> <th>FMEL_UPD_D</th> <td>20191223152014</td> </tr></table></center>",Pasir Ris,East Region
ENDEAVOUR PRIMARY SCHOOL,1.4545646,103.8171781,N,N,N,N,POINT (103.8171781 1.4545646),18,kml_19,"<center><table><tr><th colspan='2' align='center'><em>Attributes</em></th></tr><tr bgcolor=""#E3E3F3""> <th>PLN_AREA_N</th> <td>SEMBAWANG</td> </tr><tr bgcolor=""""> <th>PLN_AREA_C</th> <td>SB</td> </tr><tr bgcolor=""#E3E3F3""> <th>CA_IND</th> <td>N</td> </tr><tr bgcolor=""""> <th>REGION_N</th> <td>NORTH REGION</td> </tr><tr bgcolor=""#E3E3F3""> <th>REGION_C</th> <td>NR</td> </tr><tr bgcolor=""""> <th>INC_CRC</th> <td>ECA1E5D6412DC621</td> </tr><tr bgcolor=""#E3E3F3""> <th>FMEL_UPD_D</th> <td>20191223152014</td> </tr></table></center>",Sembawang,North Region
EVERGREEN PRIMARY SCHOOL,1.444082,103.795038,N,N,N,N,POINT (103.795038 1.444082),32,kml_33,"<center><table><tr><th colspan='2' align='center'><em>Attributes</em></th></tr><tr bgcolor=""#E3E3F3""> <th>PLN_AREA_N</th> <td>WOODLANDS</td> </tr><tr bgcolor=""""> <th>PLN_AREA_C</th> <td>WD</td> </tr><tr bgcolor=""#E3E3F3""> <th>CA_IND</th> <td>N</td> </tr><tr bgcolor=""""> <th>REGION_N</th> <td>NORTH REGION</td> </tr><tr bgcolor=""#E3E3F3""> <th>REGION_C</th> <td>NR</td> </tr><tr bgcolor=""""> <th>INC_CRC</th> <td>C93AEED43B7939D3</td> </tr><tr bgcolor=""#E3E3F3""> <th>FMEL_UPD_D</th> <td>20191223152014</td> </tr></table></center>",Woodlands,North Region
FAIRFIELD METHODIST SCHOOL (PRIMARY),1.3005321,103.7848697,Y,N,N,N,POINT (103.7848697 1.3005321),16,kml_17,"<center><table><tr><th colspan='2' align='center'><em>Attributes</em></th></tr><tr bgcolor=""#E3E3F3""> <th>PLN_AREA_N</th> <td>QUEENSTOWN</td> </tr><tr bgcolor=""""> <th>PLN_AREA_C</th> <td>QT</td> </tr><tr bgcolor=""#E3E3F3""> <th>CA_IND</th> <td>N</td> </tr><tr bgcolor=""""> <th>REGION_N</th> <td>CENTRAL REGION</td> </tr><tr bgcolor=""#E3E3F3""> <th>REGION_C</th> <td>CR</td> </tr><tr bgcolor=""""> <th>INC_CRC</th> <td>C0170DF008A88671</td> </tr><tr bgcolor=""#E3E3F3""> <th>FMEL_UPD_D</th> <td>20191223152014</td> </tr></table></center>",Queenstown,Central Region
FARRER PARK PRIMARY SCHOOL,1.312316,103.850874,N,N,N,N,POINT (103.850874 1.312316),21,kml_22,"<center><table><tr><th colspan='2' align='center'><em>Attributes</em></th></tr><tr bgcolor=""#E3E3F3""> <th>PLN_AREA_N</th> <td>KALLANG</td> </tr><tr bgcolor=""""> <th>PLN_AREA_C</th> <td>KL</td> </tr><tr bgcolor=""#E3E3F3""> <th>CA_IND</th> <td>N</td> </tr><tr bgcolor=""""> <th>REGION_N</th> <td>CENTRAL REGION</td> </tr><tr bgcolor=""#E3E3F3""> <th>REGION_C</th> <td>CR</td> </tr><tr bgcolor=""""> <th>INC_CRC</th> <td>8805C45D2F327F92</td> </tr><tr bgcolor=""#E3E3F3""> <th>FMEL_UPD_D</th> <td>20191223152014</td> </tr></table></center>",Kallang,Central Region
FENGSHAN PRIMARY SCHOOL,1.3298137,103.93195,N,N,N,N,POINT (103.93195 1.3298137),0,kml_1,"<center><table><tr><th colspan='2' align='center'><em>Attributes</em></th></tr><tr bgcolor=""#E3E3F3""> <th>PLN_AREA_N</th> <td>BEDOK</td> </tr><tr bgcolor=""""> <th>PLN_AREA_C</th> <td>BD</td> </tr><tr bgcolor=""#E3E3F3""> <th>CA_IND</th> <td>N</td> </tr><tr bgcolor=""""> <th>REGION_N</th> <td>EAST REGION</td> </tr><tr bgcolor=""#E3E3F3""> <th>REGION_C</th> <td>ER</td> </tr><tr bgcolor=""""> <th>INC_CRC</th> <td>5F00E6FF084F3364</td> </tr><tr bgcolor=""#E3E3F3""> <th>FMEL_UPD_D</th> <td>20191223152014</td> </tr></table></center>",Bedok,East Region
FERN GREEN PRIMARY SCHOOL,1.3975342,103.8798637,N,N,N,N,POINT (103.8798637 1.3975342),19,kml_20,"<center><table><tr><th colspan='2' align='center'><em>Attributes</em></th></tr><tr bgcolor=""#E3E3F3""> <th>PLN_AREA_N</th> <td>SENGKANG</td> </tr><tr bgcolor=""""> <th>PLN_AREA_C</th> <td>SE</td> </tr><tr bgcolor=""#E3E3F3""> <th>CA_IND</th> <td>N</td> </tr><tr bgcolor=""""> <th>REGION_N</th> <td>NORTH-EAST REGION</td> </tr><tr bgcolor=""#E3E3F3""> <th>REGION_C</th> <td>NER</td> </tr><tr bgcolor=""""> <th>INC_CRC</th> <td>3909BE3D6566DC6B</td> </tr><tr bgcolor=""#E3E3F3""> <th>FMEL_UPD_D</th> <td>20191223152014</td> </tr></table></center>",Sengkang,North-East Region
FERNVALE PRIMARY SCHOOL,1.3900136,103.8741783,N,N,N,N,POINT (103.8741783 1.3900136),19,kml_20,"<center><table><tr><th colspan='2' align='center'><em>Attributes</em></th></tr><tr bgcolor=""#E3E3F3""> <th>PLN_AREA_N</th> <td>SENGKANG</td> </tr><tr bgcolor=""""> <th>PLN_AREA_C</th> <td>SE</td> </tr><tr bgcolor=""#E3E3F3""> <th>CA_IND</th> <td>N</td> </tr><tr bgcolor=""""> <th>REGION_N</th> <td>NORTH-EAST REGION</td> </tr><tr bgcolor=""#E3E3F3""> <th>REGION_C</th> <td>NER</td> </tr><tr bgcolor=""""> <th>INC_CRC</th> <td>3909BE3D6566DC6B</td> </tr><tr bgcolor=""#E3E3F3""> <th>FMEL_UPD_D</th> <td>20191223152014</td> </tr></table></center>",Sengkang,North-East Region
FIRST TOA PAYOH PRIMARY SCHOOL,1.3402883,103.8555874,N,N,N,N,POINT (103.8555874 1.3402883),28,kml_29,"<center><table><tr><th colspan='2' align='center'><em>Attributes</em></th></tr><tr bgcolor=""#E3E3F3""> <th>PLN_AREA_N</th> <td>TOA PAYOH</td> </tr><tr bgcolor=""""> <th>PLN_AREA_C</th> <td>TP</td> </tr><tr bgcolor=""#E3E3F3""> <th>CA_IND</th> <td>N</td> </tr><tr bgcolor=""""> <th>REGION_N</th> <td>CENTRAL REGION</td> </tr><tr bgcolor=""#E3E3F3""> <th>REGION_C</th> <td>CR</td> </tr><tr bgcolor=""""> <th>INC_CRC</th> <td>85DD6CFD19B09A35</td> </tr><tr bgcolor=""#E3E3F3""> <th>FMEL_UPD_D</th> <td>20191223152014</td> </tr></table></center>",Toa Payoh,Central Region
FRONTIER PRIMARY SCHOOL,1.336807,103.6994043,N,N,N,N,POINT (103.6994043 1.336807),12,kml_13,"<center><table><tr><th colspan='2' align='center'><em>Attributes</em></th></tr><tr bgcolor=""#E3E3F3""> <th>PLN_AREA_N</th> <td>JURONG WEST</td> </tr><tr bgcolor=""""> <th>PLN_AREA_C</th> <td>JW</td> </tr><tr bgcolor=""#E3E3F3""> <th>CA_IND</th> <td>N</td> </tr><tr bgcolor=""""> <th>REGION_N</th> <td>WEST REGION</td> </tr><tr bgcolor=""#E3E3F3""> <th>REGION_C</th> <td>WR</td> </tr><tr bgcolor=""""> <th>INC_CRC</th> <td>2DFF32E53038ED97</td> </tr><tr bgcolor=""#E3E3F3""> <th>FMEL_UPD_D</th> <td>20191223152014</td> </tr></table></center>",Jurong West,West Region
FUCHUN PRIMARY SCHOOL,1.4304356,103.7781651,N,N,N,N,POINT (103.7781651 1.4304356),32,kml_33,"<center><table><tr><th colspan='2' align='center'><em>Attributes</em></th></tr><tr bgcolor=""#E3E3F3""> <th>PLN_AREA_N</th> <td>WOODLANDS</td> </tr><tr bgcolor=""""> <th>PLN_AREA_C</th> <td>WD</td> </tr><tr bgcolor=""#E3E3F3""> <th>CA_IND</th> <td>N</td> </tr><tr bgcolor=""""> <th>REGION_N</th> <td>NORTH REGION</td> </tr><tr bgcolor=""#E3E3F3""> <th>REGION_C</th> <td>NR</td> </tr><tr bgcolor=""""> <th>INC_CRC</th> <td>C93AEED43B7939D3</td> </tr><tr bgcolor=""#E3E3F3""> <th>FMEL_UPD_D</th> <td>20191223152014</td> </tr></table></center>",Woodlands,North Region
FUHUA PRIMARY SCHOOL,1.3363949,103.7368184,N,N,N,N,POINT (103.7368184 1.3363949),11,kml_12,"<center><table><tr><th colspan='2' align='center'><em>Attributes</em></th></tr><tr bgcolor=""#E3E3F3""> <th>PLN_AREA_N</th> <td>JURONG EAST</td> </tr><tr bgcolor=""""> <th>PLN_AREA_C</th> <td>JE</td> </tr><tr bgcolor=""#E3E3F3""> <th>CA_IND</th> <td>N</td> </tr><tr bgcolor=""""> <th>REGION_N</th> <td>WEST REGION</td> </tr><tr bgcolor=""#E3E3F3""> <th>REGION_C</th> <td>WR</td> </tr><tr bgcolor=""""> <th>INC_CRC</th> <td>77E230E08D3989E7</td> </tr><tr bgcolor=""#E3E3F3""> <th>FMEL_UPD_D</th> <td>20191223152014</td> </tr></table></center>",Jurong East,West Region
GAN ENG SENG PRIMARY SCHOOL,1.2854763,103.8149056,N,N,N,N,POINT (103.8149056 1.2854763),3,kml_4,"<center><table><tr><th colspan='2' align='center'><em>Attributes</em></th></tr><tr bgcolor=""#E3E3F3""> <th>PLN_AREA_N</th> <td>BUKIT MERAH</td> </tr><tr bgcolor=""""> <th>PLN_AREA_C</th> <td>BM</td> </tr><tr bgcolor=""#E3E3F3""> <th>CA_IND</th> <td>N</td> </tr><tr bgcolor=""""> <th>REGION_N</th> <td>CENTRAL REGION</td> </tr><tr bgcolor=""#E3E3F3""> <th>REGION_C</th> <td>CR</td> </tr><tr bgcolor=""""> <th>INC_CRC</th> <td>4850795BB0B6A4F7</td> </tr><tr bgcolor=""#E3E3F3""> <th>FMEL_UPD_D</th> <td>20191223152014</td> </tr></table></center>",Bukit Merah,Central Region
GEYLANG METHODIST SCHOOL (PRIMARY),1.3181599,103.8838404,N,N,N,N,POINT (103.8838404 1.3181599),52,kml_53,"<center><table><tr><th colspan='2' align='center'><em>Attributes</em></th></tr><tr bgcolor=""#E3E3F3""> <th>PLN_AREA_N</th> <td>GEYLANG</td> </tr><tr bgcolor=""""> <th>PLN_AREA_C</th> <td>GL</td> </tr><tr bgcolor=""#E3E3F3""> <th>CA_IND</th> <td>N</td> </tr><tr bgcolor=""""> <th>REGION_N</th> <td>CENTRAL REGION</td> </tr><tr bgcolor=""#E3E3F3""> <th>REGION_C</th> <td>CR</td> </tr><tr bgcolor=""""> <th>INC_CRC</th> <td>FC8678CF0ED975CA</td> </tr><tr bgcolor=""#E3E3F3""> <th>FMEL_UPD_D</th> <td>20191223152014</td> </tr></table></center>",Geylang,Central Region
GONGSHANG PRIMARY SCHOOL,1.3571755,103.9491666,N,N,N,N,POINT (103.9491666 1.3571755),46,kml_47,"<center><table><tr><th colspan='2' align='center'><em>Attributes</em></th></tr><tr bgcolor=""#E3E3F3""> <th>PLN_AREA_N</th> <td>TAMPINES</td> </tr><tr bgcolor=""""> <th>PLN_AREA_C</th> <td>TM</td> </tr><tr bgcolor=""#E3E3F3""> <th>CA_IND</th> <td>N</td> </tr><tr bgcolor=""""> <th>REGION_N</th> <td>EAST REGION</td> </tr><tr bgcolor=""#E3E3F3""> <th>REGION_C</th> <td>ER</td> </tr><tr bgcolor=""""> <th>INC_CRC</th> <td>9988953DFA610218</td> </tr><tr bgcolor=""#E3E3F3""> <th>FMEL_UPD_D</th> <td>20191223152014</td> </tr></table></center>",Tampines,East Region
GREENDALE PRIMARY SCHOOL,1.3962652,103.9127224,N,N,N,N,POINT (103.9127224 1.3962652),15,kml_16,"<center><table><tr><th colspan='2' align='center'><em>Attributes</em></th></tr><tr bgcolor=""#E3E3F3""> <th>PLN_AREA_N</th> <td>PUNGGOL</td> </tr><tr bgcolor=""""> <th>PLN_AREA_C</th> <td>PG</td> </tr><tr bgcolor=""#E3E3F3""> <th>CA_IND</th> <td>N</td> </tr><tr bgcolor=""""> <th>REGION_N</th> <td>NORTH-EAST REGION</td> </tr><tr bgcolor=""#E3E3F3""> <th>REGION_C</th> <td>NER</td> </tr><tr bgcolor=""""> <th>INC_CRC</th> <td>DA6BAAC88FE4D2B4</td> </tr><tr bgcolor=""#E3E3F3""> <th>FMEL_UPD_D</th> <td>20191223152014</td> </tr></table></center>",Punggol,North-East Region
GREENRIDGE PRIMARY SCHOOL,1.3856591,103.7679301,N,N,N,N,POINT (103.7679301 1.3856591),4,kml_5,"<center><table><tr><th colspan='2' align='center'><em>Attributes</em></th></tr><tr bgcolor=""#E3E3F3""> <th>PLN_AREA_N</th> <td>BUKIT PANJANG</td> </tr><tr bgcolor=""""> <th>PLN_AREA_C</th> <td>BP</td> </tr><tr bgcolor=""#E3E3F3""> <th>CA_IND</th> <td>N</td> </tr><tr bgcolor=""""> <th>REGION_N</th> <td>WEST REGION</td> </tr><tr bgcolor=""#E3E3F3""> <th>REGION_C</th> <td>WR</td> </tr><tr bgcolor=""""> <th>INC_CRC</th> <td>656F87D23D6DAB02</td> </tr><tr bgcolor=""#E3E3F3""> <th>FMEL_UPD_D</th> <td>20191223152014</td> </tr></table></center>",Bukit Panjang,West Region
GREENWOOD PRIMARY SCHOOL,1.4397028,103.8049819,N,N,N,N,POINT (103.8049819 1.4397028),32,kml_33,"<center><table><tr><th colspan='2' align='center'><em>Attributes</em></th></tr><tr bgcolor=""#E3E3F3""> <th>PLN_AREA_N</th> <td>WOODLANDS</td> </tr><tr bgcolor=""""> <th>PLN_AREA_C</th> <td>WD</td> </tr><tr bgcolor=""#E3E3F3""> <th>CA_IND</th> <td>N</td> </tr><tr bgcolor=""""> <th>REGION_N</th> <td>NORTH REGION</td> </tr><tr bgcolor=""#E3E3F3""> <th>REGION_C</th> <td>NR</td> </tr><tr bgcolor=""""> <th>INC_CRC</th> <td>C93AEED43B7939D3</td> </tr><tr bgcolor=""#E3E3F3""> <th>FMEL_UPD_D</th> <td>20191223152014</td> </tr></table></center>",Woodlands,North Region
HENRY PARK PRIMARY SCHOOL,1.3167825,103.7841363,Y,Y,Y,Y,POINT (103.7841363 1.3167825),5,kml_6,"<center><table><tr><th colspan='2' align='center'><em>Attributes</em></th></tr><tr bgcolor=""#E3E3F3""> <th>PLN_AREA_N</th> <td>BUKIT TIMAH</td> </tr><tr bgcolor=""""> <th>PLN_AREA_C</th> <td>BT</td> </tr><tr bgcolor=""#E3E3F3""> <th>CA_IND</th> <td>N</td> </tr><tr bgcolor=""""> <th>REGION_N</th> <td>CENTRAL REGION</td> </tr><tr bgcolor=""#E3E3F3""> <th>REGION_C</th> <td>CR</td> </tr><tr bgcolor=""""> <th>INC_CRC</th> <td>DB3037AA30D8CCDD</td> </tr><tr bgcolor=""#E3E3F3""> <th>FMEL_UPD_D</th> <td>20191223152014</td> </tr></table></center>",Bukit Timah,Central Region
HOLY INNOCENTS' PRIMARY SCHOOL,1.3666609,103.8936553,N,N,N,N,POINT (103.8936553 1.3666609),10,kml_11,"<center><table><tr><th colspan='2' align='center'><em>Attributes</em></th></tr><tr bgcolor=""#E3E3F3""> <th>PLN_AREA_N</th> <td>HOUGANG</td> </tr><tr bgcolor=""""> <th>PLN_AREA_C</th> <td>HG</td> </tr><tr bgcolor=""#E3E3F3""> <th>CA_IND</th> <td>N</td> </tr><tr bgcolor=""""> <th>REGION_N</th> <td>NORTH-EAST REGION</td> </tr><tr bgcolor=""#E3E3F3""> <th>REGION_C</th> <td>NER</td> </tr><tr bgcolor=""""> <th>INC_CRC</th> <td>F84184E6D4F3B1DD</td> </tr><tr bgcolor=""#E3E3F3""> <th>FMEL_UPD_D</th> <td>20191223152014</td> </tr></table></center>",Hougang,North-East Region
HORIZON PRIMARY SCHOOL,1.3998175,103.9131302,N,N,N,N,POINT (103.9131302 1.3998175),15,kml_16,"<center><table><tr><th colspan='2' align='center'><em>Attributes</em></th></tr><tr bgcolor=""#E3E3F3""> <th>PLN_AREA_N</th> <td>PUNGGOL</td> </tr><tr bgcolor=""""> <th>PLN_AREA_C</th> <td>PG</td> </tr><tr bgcolor=""#E3E3F3""> <th>CA_IND</th> <td>N</td> </tr><tr bgcolor=""""> <th>REGION_N</th> <td>NORTH-EAST REGION</td> </tr><tr bgcolor=""#E3E3F3""> <th>REGION_C</th> <td>NER</td> </tr><tr bgcolor=""""> <th>INC_CRC</th> <td>DA6BAAC88FE4D2B4</td> </tr><tr bgcolor=""#E3E3F3""> <th>FMEL_UPD_D</th> <td>20191223152014</td> </tr></table></center>",Punggol,North-East Region
HOUGANG PRIMARY SCHOOL,1.3781206,103.8812046,N,N,N,N,POINT (103.8812046 1.3781206),10,kml_11,"<center><table><tr><th colspan='2' align='center'><em>Attributes</em></th></tr><tr bgcolor=""#E3E3F3""> <th>PLN_AREA_N</th> <td>HOUGANG</td> </tr><tr bgcolor=""""> <th>PLN_AREA_C</th> <td>HG</td> </tr><tr bgcolor=""#E3E3F3""> <th>CA_IND</th> <td>N</td> </tr><tr bgcolor=""""> <th>REGION_N</th> <td>NORTH-EAST REGION</td> </tr><tr bgcolor=""#E3E3F3""> <th>REGION_C</th> <td>NER</td> </tr><tr bgcolor=""""> <th>INC_CRC</th> <td>F84184E6D4F3B1DD</td> </tr><tr bgcolor=""#E3E3F3""> <th>FMEL_UPD_D</th> <td>20191223152014</td> </tr></table></center>",Hougang,North-East Region
HUAMIN PRIMARY SCHOOL,1.427311,103.8443612,N,N,N,N,POINT (103.8443612 1.427311),54,kml_55,"<center><table><tr><th colspan='2' align='center'><em>Attributes</em></th></tr><tr bgcolor=""#E3E3F3""> <th>PLN_AREA_N</th> <td>YISHUN</td> </tr><tr bgcolor=""""> <th>PLN_AREA_C</th> <td>YS</td> </tr><tr bgcolor=""#E3E3F3""> <th>CA_IND</th> <td>N</td> </tr><tr bgcolor=""""> <th>REGION_N</th> <td>NORTH REGION</td> </tr><tr bgcolor=""#E3E3F3""> <th>REGION_C</th> <td>NR</td> </tr><tr bgcolor=""""> <th>INC_CRC</th> <td>E56BC88A635A3D89</td> </tr><tr bgcolor=""#E3E3F3""> <th>FMEL_UPD_D</th> <td>20191223152014</td> </tr></table></center>",Yishun,North Region
INNOVA PRIMARY SCHOOL,1.4293039,103.790427,N,N,N,N,POINT (103.790427 1.4293039),32,kml_33,"<center><table><tr><th colspan='2' align='center'><em>Attributes</em></th></tr><tr bgcolor=""#E3E3F3""> <th>PLN_AREA_N</th> <td>WOODLANDS</td> </tr><tr bgcolor=""""> <th>PLN_AREA_C</th> <td>WD</td> </tr><tr bgcolor=""#E3E3F3""> <th>CA_IND</th> <td>N</td> </tr><tr bgcolor=""""> <th>REGION_N</th> <td>NORTH REGION</td> </tr><tr bgcolor=""#E3E3F3""> <th>REGION_C</th> <td>NR</td> </tr><tr bgcolor=""""> <th>INC_CRC</th> <td>C93AEED43B7939D3</td> </tr><tr bgcolor=""#E3E3F3""> <th>FMEL_UPD_D</th> <td>20191223152014</td> </tr></table></center>",Woodlands,North Region
JIEMIN PRIMARY SCHOOL,1.427671,103.830498,N,N,N,N,POINT (103.830498 1.427671),54,kml_55,"<center><table><tr><th colspan='2' align='center'><em>Attributes</em></th></tr><tr bgcolor=""#E3E3F3""> <th>PLN_AREA_N</th> <td>YISHUN</td> </tr><tr bgcolor=""""> <th>PLN_AREA_C</th> <td>YS</td> </tr><tr bgcolor=""#E3E3F3""> <th>CA_IND</th> <td>N</td> </tr><tr bgcolor=""""> <th>REGION_N</th> <td>NORTH REGION</td> </tr><tr bgcolor=""#E3E3F3""> <th>REGION_C</th> <td>NR</td> </tr><tr bgcolor=""""> <th>INC_CRC</th> <td>E56BC88A635A3D89</td> </tr><tr bgcolor=""#E3E3F3""> <th>FMEL_UPD_D</th> <td>20191223152014</td> </tr></table></center>",Yishun,North Region
JING SHAN PRIMARY SCHOOL,1.3723262,103.8517128,N,N,N,N,POINT (103.8517128 1.3723262),51,kml_52,"<center><table><tr><th colspan='2' align='center'><em>Attributes</em></th></tr><tr bgcolor=""#E3E3F3""> <th>PLN_AREA_N</th> <td>ANG MO KIO</td> </tr><tr bgcolor=""""> <th>PLN_AREA_C</th> <td>AM</td> </tr><tr bgcolor=""#E3E3F3""> <th>CA_IND</th> <td>N</td> </tr><tr bgcolor=""""> <th>REGION_N</th> <td>NORTH-EAST REGION</td> </tr><tr bgcolor=""#E3E3F3""> <th>REGION_C</th> <td>NER</td> </tr><tr bgcolor=""""> <th>INC_CRC</th> <td>88DAC92AEAF47E93</td> </tr><tr bgcolor=""#E3E3F3""> <th>FMEL_UPD_D</th> <td>20191223152014</td> </tr></table></center>",Ang Mo Kio,North-East Region
JUNYUAN PRIMARY SCHOOL,1.3479731,103.9399917,N,N,N,N,POINT (103.9399917 1.3479731),46,kml_47,"<center><table><tr><th colspan='2' align='center'><em>Attributes</em></th></tr><tr bgcolor=""#E3E3F3""> <th>PLN_AREA_N</th> <td>TAMPINES</td> </tr><tr bgcolor=""""> <th>PLN_AREA_C</th> <td>TM</td> </tr><tr bgcolor=""#E3E3F3""> <th>CA_IND</th> <td>N</td> </tr><tr bgcolor=""""> <th>REGION_N</th> <td>EAST REGION</td> </tr><tr bgcolor=""#E3E3F3""> <th>REGION_C</th> <td>ER</td> </tr><tr bgcolor=""""> <th>INC_CRC</th> <td>9988953DFA610218</td> </tr><tr bgcolor=""#E3E3F3""> <th>FMEL_UPD_D</th> <td>20191223152014</td> </tr></table></center>",Tampines,East Region
JURONG PRIMARY SCHOOL,1.348679,103.732992,N,N,N,N,POINT (103.732992 1.348679),11,kml_12,"<center><table><tr><th colspan='2' align='center'><em>Attributes</em></th></tr><tr bgcolor=""#E3E3F3""> <th>PLN_AREA_N</th> <td>JURONG EAST</td> </tr><tr bgcolor=""""> <th>PLN_AREA_C</th> <td>JE</td> </tr><tr bgcolor=""#E3E3F3""> <th>CA_IND</th> <td>N</td> </tr><tr bgcolor=""""> <th>REGION_N</th> <td>WEST REGION</td> </tr><tr bgcolor=""#E3E3F3""> <th>REGION_C</th> <td>WR</td> </tr><tr bgcolor=""""> <th>INC_CRC</th> <td>77E230E08D3989E7</td> </tr><tr bgcolor=""#E3E3F3""> <th>FMEL_UPD_D</th> <td>20191223152014</td> </tr></table></center>",Jurong East,West Region
JURONG WEST PRIMARY SCHOOL,1.3390605,103.6988498,N,N,N,N,POINT (103.6988498 1.3390605),12,kml_13,"<center><table><tr><th colspan='2' align='center'><em>Attributes</em></th></tr><tr bgcolor=""#E3E3F3""> <th>PLN_AREA_N</th> <td>JURONG WEST</td> </tr><tr bgcolor=""""> <th>PLN_AREA_C</th> <td>JW</td> </tr><tr bgcolor=""#E3E3F3""> <th>CA_IND</th> <td>N</td> </tr><tr bgcolor=""""> <th>REGION_N</th> <td>WEST REGION</td> </tr><tr bgcolor=""#E3E3F3""> <th>REGION_C</th> <td>WR</td> </tr><tr bgcolor=""""> <th>INC_CRC</th> <td>2DFF32E53038ED97</td> </tr><tr bgcolor=""#E3E3F3""> <th>FMEL_UPD_D</th> <td>20191223152014</td> </tr></table></center>",Jurong West,West Region
KEMING PRIMARY SCHOOL,1.3453287,103.7563823,N,N,N,N,POINT (103.7563823 1.3453287),2,kml_3,"<center><table><tr><th colspan='2' align='center'><em>Attributes</em></th></tr><tr bgcolor=""#E3E3F3""> <th>PLN_AREA_N</th> <td>BUKIT BATOK</td> </tr><tr bgcolor=""""> <th>PLN_AREA_C</th> <td>BK</td> </tr><tr bgcolor=""#E3E3F3""> <th>CA_IND</th> <td>N</td> </tr><tr bgcolor=""""> <th>REGION_N</th> <td>WEST REGION</td> </tr><tr bgcolor=""#E3E3F3""> <th>REGION_C</th> <td>WR</td> </tr><tr bgcolor=""""> <th>INC_CRC</th> <td>3BEC4C829160F28A</td> </tr><tr bgcolor=""#E3E3F3""> <th>FMEL_UPD_D</th> <td>20191223152014</td> </tr></table></center>",Bukit Batok,West Region
KRANJI PRIMARY SCHOOL,1.3936035,103.747804,N,N,N,N,POINT (103.747804 1.3936035),8,kml_9,"<center><table><tr><th colspan='2' align='center'><em>Attributes</em></th></tr><tr bgcolor=""#E3E3F3""> <th>PLN_AREA_N</th> <td>CHOA CHU KANG</td> </tr><tr bgcolor=""""> <th>PLN_AREA_C</th> <td>CK</td> </tr><tr bgcolor=""#E3E3F3""> <th>CA_IND</th> <td>N</td> </tr><tr bgcolor=""""> <th>REGION_N</th> <td>WEST REGION</td> </tr><tr bgcolor=""#E3E3F3""> <th>REGION_C</th> <td>WR</td> </tr><tr bgcolor=""""> <th>INC_CRC</th> <td>BE26F2C074519A79</td> </tr><tr bgcolor=""#E3E3F3""> <th>FMEL_UPD_D</th> <td>20191223152014</td> </tr></table></center>",Choa Chu Kang,West Region
KUO CHUAN PRESBYTERIAN PRIMARY SCHOOL,1.349824,103.8549463,N,N,N,N,POINT (103.8549463 1.349824),50,kml_51,"<center><table><tr><th colspan='2' align='center'><em>Attributes</em></th></tr><tr bgcolor=""#E3E3F3""> <th>PLN_AREA_N</th> <td>BISHAN</td> </tr><tr bgcolor=""""> <th>PLN_AREA_C</th> <td>BS</td> </tr><tr bgcolor=""#E3E3F3""> <th>CA_IND</th> <td>N</td> </tr><tr bgcolor=""""> <th>REGION_N</th> <td>CENTRAL REGION</td> </tr><tr bgcolor=""#E3E3F3""> <th>REGION_C</th> <td>CR</td> </tr><tr bgcolor=""""> <th>INC_CRC</th> <td>741583155DB92ACF</td> </tr><tr bgcolor=""#E3E3F3""> <th>FMEL_UPD_D</th> <td>20191223152014</td> </tr></table></center>",Bishan,Central Region
LAKESIDE PRIMARY SCHOOL,1.3384657,103.7181475,N,N,N,N,POINT (103.7181475 1.3384657),12,kml_13,"<center><table><tr><th colspan='2' align='center'><em>Attributes</em></th></tr><tr bgcolor=""#E3E3F3""> <th>PLN_AREA_N</th> <td>JURONG WEST</td> </tr><tr bgcolor=""""> <th>PLN_AREA_C</th> <td>JW</td> </tr><tr bgcolor=""#E3E3F3""> <th>CA_IND</th> <td>N</td> </tr><tr bgcolor=""""> <th>REGION_N</th> <td>WEST REGION</td> </tr><tr bgcolor=""#E3E3F3""> <th>REGION_C</th> <td>WR</td> </tr><tr bgcolor=""""> <th>INC_CRC</th> <td>2DFF32E53038ED97</td> </tr><tr bgcolor=""#E3E3F3""> <th>FMEL_UPD_D</th> <td>20191223152014</td> </tr></table></center>",Jurong West,West Region
LIANHUA PRIMARY SCHOOL,1.3536088,103.754424,N,N,N,N,POINT (103.754424 1.3536088),2,kml_3,"<center><table><tr><th colspan='2' align='center'><em>Attributes</em></th></tr><tr bgcolor=""#E3E3F3""> <th>PLN_AREA_N</th> <td>BUKIT BATOK</td> </tr><tr bgcolor=""""> <th>PLN_AREA_C</th> <td>BK</td> </tr><tr bgcolor=""#E3E3F3""> <th>CA_IND</th> <td>N</td> </tr><tr bgcolor=""""> <th>REGION_N</th> <td>WEST REGION</td> </tr><tr bgcolor=""#E3E3F3""> <th>REGION_C</th> <td>WR</td> </tr><tr bgcolor=""""> <th>INC_CRC</th> <td>3BEC4C829160F28A</td> </tr><tr bgcolor=""#E3E3F3""> <th>FMEL_UPD_D</th> <td>20191223152014</td> </tr></table></center>",Bukit Batok,West Region
MARSILING PRIMARY SCHOOL,1.4338104,103.7736593,N,N,N,N,POINT (103.7736593 1.4338104),32,kml_33,"<center><table><tr><th colspan='2' align='center'><em>Attributes</em></th></tr><tr bgcolor=""#E3E3F3""> <th>PLN_AREA_N</th> <td>WOODLANDS</td> </tr><tr bgcolor=""""> <th>PLN_AREA_C</th> <td>WD</td> </tr><tr bgcolor=""#E3E3F3""> <th>CA_IND</th> <td>N</td> </tr><tr bgcolor=""""> <th>REGION_N</th> <td>NORTH REGION</td> </tr><tr bgcolor=""#E3E3F3""> <th>REGION_C</th> <td>NR</td> </tr><tr bgcolor=""""> <th>INC_CRC</th> <td>C93AEED43B7939D3</td> </tr><tr bgcolor=""#E3E3F3""> <th>FMEL_UPD_D</th> <td>20191223152014</td> </tr></table></center>",Woodlands,North Region
MAYFLOWER PRIMARY SCHOOL,1.3766994,103.8431573,N,N,N,N,POINT (103.8431573 1.3766994),51,kml_52,"<center><table><tr><th colspan='2' align='center'><em>Attributes</em></th></tr><tr bgcolor=""#E3E3F3""> <th>PLN_AREA_N</th> <td>ANG MO KIO</td> </tr><tr bgcolor=""""> <th>PLN_AREA_C</th> <td>AM</td> </tr><tr bgcolor=""#E3E3F3""> <th>CA_IND</th> <td>N</td> </tr><tr bgcolor=""""> <th>REGION_N</th> <td>NORTH-EAST REGION</td> </tr><tr bgcolor=""#E3E3F3""> <th>REGION_C</th> <td>NER</td> </tr><tr bgcolor=""""> <th>INC_CRC</th> <td>88DAC92AEAF47E93</td> </tr><tr bgcolor=""#E3E3F3""> <th>FMEL_UPD_D</th> <td>20191223152014</td> </tr></table></center>",Ang Mo Kio,North-East Region
MERIDIAN PRIMARY SCHOOL,1.3767228,103.9354461,N,N,N,N,POINT (103.9354461 1.3767228),13,kml_14,"<center><table><tr><th colspan='2' align='center'><em>Attributes</em></th></tr><tr bgcolor=""#E3E3F3""> <th>PLN_AREA_N</th> <td>PASIR RIS</td> </tr><tr bgcolor=""""> <th>PLN_AREA_C</th> <td>PR</td> </tr><tr bgcolor=""#E3E3F3""> <th>CA_IND</th> <td>N</td> </tr><tr bgcolor=""""> <th>REGION_N</th> <td>EAST REGION</td> </tr><tr bgcolor=""#E3E3F3""> <th>REGION_C</th> <td>ER</td> </tr><tr bgcolor=""""> <th>INC_CRC</th> <td>B375AD2AA1E8E3DB</td> </tr><tr bgcolor=""#E3E3F3""> <th>FMEL_UPD_D</th> <td>20191223152014</td> </tr></table></center>",Pasir Ris,East Region
METHODIST GIRLS' SCHOOL (PRIMARY),1.3329949,103.783453,N,N,N,N,POINT (103.783453 1.3329949),5,kml_6,"<center><table><tr><th colspan='2' align='center'><em>Attributes</em></th></tr><tr bgcolor=""#E3E3F3""> <th>PLN_AREA_N</th> <td>BUKIT TIMAH</td> </tr><tr bgcolor=""""> <th>PLN_AREA_C</th> <td>BT</td> </tr><tr bgcolor=""#E3E3F3""> <th>CA_IND</th> <td>N</td> </tr><tr bgcolor=""""> <th>REGION_N</th> <td>CENTRAL REGION</td> </tr><tr bgcolor=""#E3E3F3""> <th>REGION_C</th> <td>CR</td> </tr><tr bgcolor=""""> <th>INC_CRC</th> <td>DB3037AA30D8CCDD</td> </tr><tr bgcolor=""#E3E3F3""> <th>FMEL_UPD_D</th> <td>20191223152014</td> </tr></table></center>",Bukit Timah,Central Region
NAN CHIAU PRIMARY SCHOOL,1.352083,103.819836,N,N,N,N,POINT (103.819836 1.352083),6,kml_7,"<center><table><tr><th colspan='2' align='center'><em>Attributes</em></th></tr><tr bgcolor=""#E3E3F3""> <th>PLN_AREA_N</th> <td>CENTRAL WATER CATCHMENT</td> </tr><tr bgcolor=""""> <th>PLN_AREA_C</th> <td>CC</td> </tr><tr bgcolor=""#E3E3F3""> <th>CA_IND</th> <td>N</td> </tr><tr bgcolor=""""> <th>REGION_N</th> <td>NORTH REGION</td> </tr><tr bgcolor=""#E3E3F3""> <th>REGION_C</th> <td>NR</td> </tr><tr bgcolor=""""> <th>INC_CRC</th> <td>6E462BF5EDEF7A52</td> </tr><tr bgcolor=""#E3E3F3""> <th>FMEL_UPD_D</th> <td>20191223152014</td> </tr></table></center>",Central Water Catchment,North Region
NAN HUA PRIMARY SCHOOL,1.3197989,103.7619428,Y,Y,Y,N,POINT (103.7619428 1.3197989),9,kml_10,"<center><table><tr><th colspan='2' align='center'><em>Attributes</em></th></tr><tr bgcolor=""#E3E3F3""> <th>PLN_AREA_N</th> <td>CLEMENTI</td> </tr><tr bgcolor=""""> <th>PLN_AREA_C</th> <td>CL</td> </tr><tr bgcolor=""#E3E3F3""> <th>CA_IND</th> <td>N</td> </tr><tr bgcolor=""""> <th>REGION_N</th> <td>WEST REGION</td> </tr><tr bgcolor=""#E3E3F3""> <th>REGION_C</th> <td>WR</td> </tr><tr bgcolor=""""> <th>INC_CRC</th> <td>D5239EF08EE3CAC7</td> </tr><tr bgcolor=""#E3E3F3""> <th>FMEL_UPD_D</th> <td>20191223152014</td> </tr></table></center>",Clementi,West Region
NANYANG PRIMARY SCHOOL,1.3205401,103.80852,Y,Y,Y,Y,POINT (103.80852 1.3205401),5,kml_6,"<center><table><tr><th colspan='2' align='center'><em>Attributes</em></th></tr><tr bgcolor=""#E3E3F3""> <th>PLN_AREA_N</th> <td>BUKIT TIMAH</td> </tr><tr bgcolor=""""> <th>PLN_AREA_C</th> <td>BT</td> </tr><tr bgcolor=""#E3E3F3""> <th>CA_IND</th> <td>N</td> </tr><tr bgcolor=""""> <th>REGION_N</th> <td>CENTRAL REGION</td> </tr><tr bgcolor=""#E3E3F3""> <th>REGION_C</th> <td>CR</td> </tr><tr bgcolor=""""> <th>INC_CRC</th> <td>DB3037AA30D8CCDD</td> </tr><tr bgcolor=""#E3E3F3""> <th>FMEL_UPD_D</th> <td>20191223152014</td> </tr></table></center>",Bukit Timah,Central Region
NAVAL BASE PRIMARY SCHOOL,1.4160913,103.8389168,N,N,N,N,POINT (103.8389168 1.4160913),54,kml_55,"<center><table><tr><th colspan='2' align='center'><em>Attributes</em></th></tr><tr bgcolor=""#E3E3F3""> <th>PLN_AREA_N</th> <td>YISHUN</td> </tr><tr bgcolor=""""> <th>PLN_AREA_C</th> <td>YS</td> </tr><tr bgcolor=""#E3E3F3""> <th>CA_IND</th> <td>N</td> </tr><tr bgcolor=""""> <th>REGION_N</th> <td>NORTH REGION</td> </tr><tr bgcolor=""#E3E3F3""> <th>REGION_C</th> <td>NR</td> </tr><tr bgcolor=""""> <th>INC_CRC</th> <td>E56BC88A635A3D89</td> </tr><tr bgcolor=""#E3E3F3""> <th>FMEL_UPD_D</th> <td>20191223152014</td> </tr></table></center>",Yishun,North Region
NEW TOWN PRIMARY SCHOOL,1.2999524,103.7999953,N,N,N,N,POINT (103.7999953 1.2999524),16,kml_17,"<center><table><tr><th colspan='2' align='center'><em>Attributes</em></th></tr><tr bgcolor=""#E3E3F3""> <th>PLN_AREA_N</th> <td>QUEENSTOWN</td> </tr><tr bgcolor=""""> <th>PLN_AREA_C</th> <td>QT</td> </tr><tr bgcolor=""#E3E3F3""> <th>CA_IND</th> <td>N</td> </tr><tr bgcolor=""""> <th>REGION_N</th> <td>CENTRAL REGION</td> </tr><tr bgcolor=""#E3E3F3""> <th>REGION_C</th> <td>CR</td> </tr><tr bgcolor=""""> <th>INC_CRC</th> <td>C0170DF008A88671</td> </tr><tr bgcolor=""#E3E3F3""> <th>FMEL_UPD_D</th> <td>20191223152014</td> </tr></table></center>",Queenstown,Central Region
NGEE ANN PRIMARY SCHOOL,1.3056219,103.9180054,N,N,N,N,POINT (103.9180054 1.3056219),38,kml_39,"<center><table><tr><th colspan='2' align='center'><em>Attributes</em></th></tr><tr bgcolor=""#E3E3F3""> <th>PLN_AREA_N</th> <td>MARINE PARADE</td> </tr><tr bgcolor=""""> <th>PLN_AREA_C</th> <td>MP</td> </tr><tr bgcolor=""#E3E3F3""> <th>CA_IND</th> <td>N</td> </tr><tr bgcolor=""""> <th>REGION_N</th> <td>CENTRAL REGION</td> </tr><tr bgcolor=""#E3E3F3""> <th>REGION_C</th> <td>CR</td> </tr><tr bgcolor=""""> <th>INC_CRC</th> <td>277A84C803F3A399</td> </tr><tr bgcolor=""#E3E3F3""> <th>FMEL_UPD_D</th> <td>20191223152014</td> </tr></table></center>",Marine Parade,Central Region
NORTH SPRING PRIMARY SCHOOL,1.3872399,103.9035985,N,N,N,N,POINT (103.9035985 1.3872399),19,kml_20,"<center><table><tr><th colspan='2' align='center'><em>Attributes</em></th></tr><tr bgcolor=""#E3E3F3""> <th>PLN_AREA_N</th> <td>SENGKANG</td> </tr><tr bgcolor=""""> <th>PLN_AREA_C</th> <td>SE</td> </tr><tr bgcolor=""#E3E3F3""> <th>CA_IND</th> <td>N</td> </tr><tr bgcolor=""""> <th>REGION_N</th> <td>NORTH-EAST REGION</td> </tr><tr bgcolor=""#E3E3F3""> <th>REGION_C</th> <td>NER</td> </tr><tr bgcolor=""""> <th>INC_CRC</th> <td>3909BE3D6566DC6B</td> </tr><tr bgcolor=""#E3E3F3""> <th>FMEL_UPD_D</th> <td>20191223152014</td> </tr></table></center>",Sengkang,North-East Region
NORTH VIEW PRIMARY SCHOOL,1.427616,103.848313,N,N,N,N,POINT (103.848313 1.427616),54,kml_55,"<center><table><tr><th colspan='2' align='center'><em>Attributes</em></th></tr><tr bgcolor=""#E3E3F3""> <th>PLN_AREA_N</th> <td>YISHUN</td> </tr><tr bgcolor=""""> <th>PLN_AREA_C</th> <td>YS</td> </tr><tr bgcolor=""#E3E3F3""> <th>CA_IND</th> <td>N</td> </tr><tr bgcolor=""""> <th>REGION_N</th> <td>NORTH REGION</td> </tr><tr bgcolor=""#E3E3F3""> <th>REGION_C</th> <td>NR</td> </tr><tr bgcolor=""""> <th>INC_CRC</th> <td>E56BC88A635A3D89</td> </tr><tr bgcolor=""#E3E3F3""> <th>FMEL_UPD_D</th> <td>20191223152014</td> </tr></table></center>",Yishun,North Region
NORTH VISTA PRIMARY SCHOOL,1.3829142,103.8958131,N,N,N,N,POINT (103.8958131 1.3829142),19,kml_20,"<center><table><tr><th colspan='2' align='center'><em>Attributes</em></th></tr><tr bgcolor=""#E3E3F3""> <th>PLN_AREA_N</th> <td>SENGKANG</td> </tr><tr bgcolor=""""> <th>PLN_AREA_C</th> <td>SE</td> </tr><tr bgcolor=""#E3E3F3""> <th>CA_IND</th> <td>N</td> </tr><tr bgcolor=""""> <th>REGION_N</th> <td>NORTH-EAST REGION</td> </tr><tr bgcolor=""#E3E3F3""> <th>REGION_C</th> <td>NER</td> </tr><tr bgcolor=""""> <th>INC_CRC</th> <td>3909BE3D6566DC6B</td> </tr><tr bgcolor=""#E3E3F3""> <th>FMEL_UPD_D</th> <td>20191223152014</td> </tr></table></center>",Sengkang,North-East Region
NORTHLAND PRIMARY SCHOOL,1.4210098,103.8405561,N,N,N,N,POINT (103.8405561 1.4210098),54,kml_55,"<center><table><tr><th colspan='2' align='center'><em>Attributes</em></th></tr><tr bgcolor=""#E3E3F3""> <th>PLN_AREA_N</th> <td>YISHUN</td> </tr><tr bgcolor=""""> <th>PLN_AREA_C</th> <td>YS</td> </tr><tr bgcolor=""#E3E3F3""> <th>CA_IND</th> <td>N</td> </tr><tr bgcolor=""""> <th>REGION_N</th> <td>NORTH REGION</td> </tr><tr bgcolor=""#E3E3F3""> <th>REGION_C</th> <td>NR</td> </tr><tr bgcolor=""""> <th>INC_CRC</th> <td>E56BC88A635A3D89</td> </tr><tr bgcolor=""#E3E3F3""> <th>FMEL_UPD_D</th> <td>20191223152014</td> </tr></table></center>",Yishun,North Region
NORTHOAKS PRIMARY SCHOOL,1.4569403,103.8137084,N,N,N,N,POINT (103.8137084 1.4569403),18,kml_19,"<center><table><tr><th colspan='2' align='center'><em>Attributes</em></th></tr><tr bgcolor=""#E3E3F3""> <th>PLN_AREA_N</th> <td>SEMBAWANG</td> </tr><tr bgcolor=""""> <th>PLN_AREA_C</th> <td>SB</td> </tr><tr bgcolor=""#E3E3F3""> <th>CA_IND</th> <td>N</td> </tr><tr bgcolor=""""> <th>REGION_N</th> <td>NORTH REGION</td> </tr><tr bgcolor=""#E3E3F3""> <th>REGION_C</th> <td>NR</td> </tr><tr bgcolor=""""> <th>INC_CRC</th> <td>ECA1E5D6412DC621</td> </tr><tr bgcolor=""#E3E3F3""> <th>FMEL_UPD_D</th> <td>20191223152014</td> </tr></table></center>",Sembawang,North Region
NORTHSHORE PRIMARY SCHOOL,1.4185055,103.9047876,N,N,N,N,POINT (103.9047876 1.4185055),15,kml_16,"<center><table><tr><th colspan='2' align='center'><em>Attributes</em></th></tr><tr bgcolor=""#E3E3F3""> <th>PLN_AREA_N</th> <td>PUNGGOL</td> </tr><tr bgcolor=""""> <th>PLN_AREA_C</th> <td>PG</td> </tr><tr bgcolor=""#E3E3F3""> <th>CA_IND</th> <td>N</td> </tr><tr bgcolor=""""> <th>REGION_N</th> <td>NORTH-EAST REGION</td> </tr><tr bgcolor=""#E3E3F3""> <th>REGION_C</th> <td>NER</td> </tr><tr bgcolor=""""> <th>INC_CRC</th> <td>DA6BAAC88FE4D2B4</td> </tr><tr bgcolor=""#E3E3F3""> <th>FMEL_UPD_D</th> <td>20191223152014</td> </tr></table></center>",Punggol,North-East Region
OASIS PRIMARY SCHOOL,1.404285,103.9109661,N,N,N,N,POINT (103.9109661 1.404285),15,kml_16,"<center><table><tr><th colspan='2' align='center'><em>Attributes</em></th></tr><tr bgcolor=""#E3E3F3""> <th>PLN_AREA_N</th> <td>PUNGGOL</td> </tr><tr bgcolor=""""> <th>PLN_AREA_C</th> <td>PG</td> </tr><tr bgcolor=""#E3E3F3""> <th>CA_IND</th> <td>N</td> </tr><tr bgcolor=""""> <th>REGION_N</th> <td>NORTH-EAST REGION</td> </tr><tr bgcolor=""#E3E3F3""> <th>REGION_C</th> <td>NER</td> </tr><tr bgcolor=""""> <th>INC_CRC</th> <td>DA6BAAC88FE4D2B4</td> </tr><tr bgcolor=""#E3E3F3""> <th>FMEL_UPD_D</th> <td>20191223152014</td> </tr></table></center>",Punggol,North-East Region
OPERA ESTATE PRIMARY SCHOOL,1.3193914,103.9235753,N,N,N,N,POINT (103.9235753 1.3193914),0,kml_1,"<center><table><tr><th colspan='2' align='center'><em>Attributes</em></th></tr><tr bgcolor=""#E3E3F3""> <th>PLN_AREA_N</th> <td>BEDOK</td> </tr><tr bgcolor=""""> <th>PLN_AREA_C</th> <td>BD</td> </tr><tr bgcolor=""#E3E3F3""> <th>CA_IND</th> <td>N</td> </tr><tr bgcolor=""""> <th>REGION_N</th> <td>EAST REGION</td> </tr><tr bgcolor=""#E3E3F3""> <th>REGION_C</th> <td>ER</td> </tr><tr bgcolor=""""> <th>INC_CRC</th> <td>5F00E6FF084F3364</td> </tr><tr bgcolor=""#E3E3F3""> <th>FMEL_UPD_D</th> <td>20191223152014</td> </tr></table></center>",Bedok,East Region
PALM VIEW PRIMARY SCHOOL,1.3841217,103.890795,N,N,N,N,POINT (103.890795 1.3841217),19,kml_20,"<center><table><tr><th colspan='2' align='center'><em>Attributes</em></th></tr><tr bgcolor=""#E3E3F3""> <th>PLN_AREA_N</th> <td>SENGKANG</td> </tr><tr bgcolor=""""> <th>PLN_AREA_C</th> <td>SE</td> </tr><tr bgcolor=""#E3E3F3""> <th>CA_IND</th> <td>N</td> </tr><tr bgcolor=""""> <th>REGION_N</th> <td>NORTH-EAST REGION</td> </tr><tr bgcolor=""#E3E3F3""> <th>REGION_C</th> <td>NER</td> </tr><tr bgcolor=""""> <th>INC_CRC</th> <td>3909BE3D6566DC6B</td> </tr><tr bgcolor=""#E3E3F3""> <th>FMEL_UPD_D</th> <td>20191223152014</td> </tr></table></center>",Sengkang,North-East Region
PARK VIEW PRIMARY SCHOOL,1.3775806,103.9395361,N,N,N,N,POINT (103.9395361 1.3775806),13,kml_14,"<center><table><tr><th colspan='2' align='center'><em>Attributes</em></th></tr><tr bgcolor=""#E3E3F3""> <th>PLN_AREA_N</th> <td>PASIR RIS</td> </tr><tr bgcolor=""""> <th>PLN_AREA_C</th> <td>PR</td> </tr><tr bgcolor=""#E3E3F3""> <th>CA_IND</th> <td>N</td> </tr><tr bgcolor=""""> <th>REGION_N</th> <td>EAST REGION</td> </tr><tr bgcolor=""#E3E3F3""> <th>REGION_C</th> <td>ER</td> </tr><tr bgcolor=""""> <th>INC_CRC</th> <td>B375AD2AA1E8E3DB</td> </tr><tr bgcolor=""#E3E3F3""> <th>FMEL_UPD_D</th> <td>20191223152014</td> </tr></table></center>",Pasir Ris,East Region
PASIR RIS PRIMARY SCHOOL,1.372403,103.9629666,N,N,N,N,POINT (103.9629666 1.372403),13,kml_14,"<center><table><tr><th colspan='2' align='center'><em>Attributes</em></th></tr><tr bgcolor=""#E3E3F3""> <th>PLN_AREA_N</th> <td>PASIR RIS</td> </tr><tr bgcolor=""""> <th>PLN_AREA_C</th> <td>PR</td> </tr><tr bgcolor=""#E3E3F3""> <th>CA_IND</th> <td>N</td> </tr><tr bgcolor=""""> <th>REGION_N</th> <td>EAST REGION</td> </tr><tr bgcolor=""#E3E3F3""> <th>REGION_C</th> <td>ER</td> </tr><tr bgcolor=""""> <th>INC_CRC</th> <td>B375AD2AA1E8E3DB</td> </tr><tr bgcolor=""#E3E3F3""> <th>FMEL_UPD_D</th> <td>20191223152014</td> </tr></table></center>",Pasir Ris,East Region
PAYA LEBAR METHODIST GIRLS' SCHOOL (PRIMARY),1.3504619,103.8852195,N,N,N,N,POINT (103.8852195 1.3504619),10,kml_11,"<center><table><tr><th colspan='2' align='center'><em>Attributes</em></th></tr><tr bgcolor=""#E3E3F3""> <th>PLN_AREA_N</th> <td>HOUGANG</td> </tr><tr bgcolor=""""> <th>PLN_AREA_C</th> <td>HG</td> </tr><tr bgcolor=""#E3E3F3""> <th>CA_IND</th> <td>N</td> </tr><tr bgcolor=""""> <th>REGION_N</th> <td>NORTH-EAST REGION</td> </tr><tr bgcolor=""#E3E3F3""> <th>REGION_C</th> <td>NER</td> </tr><tr bgcolor=""""> <th>INC_CRC</th> <td>F84184E6D4F3B1DD</td> </tr><tr bgcolor=""#E3E3F3""> <th>FMEL_UPD_D</th> <td>20191223152014</td> </tr></table></center>",Hougang,North-East Region
PEI HWA PRESBYTERIAN PRIMARY SCHOOL,1.338081,103.77613,Y,Y,Y,N,POINT (103.77613 1.338081),5,kml_6,"<center><table><tr><th colspan='2' align='center'><em>Attributes</em></th></tr><tr bgcolor=""#E3E3F3""> <th>PLN_AREA_N</th> <td>BUKIT TIMAH</td> </tr><tr bgcolor=""""> <th>PLN_AREA_C</th> <td>BT</td> </tr><tr bgcolor=""#E3E3F3""> <th>CA_IND</th> <td>N</td> </tr><tr bgcolor=""""> <th>REGION_N</th> <td>CENTRAL REGION</td> </tr><tr bgcolor=""#E3E3F3""> <th>REGION_C</th> <td>CR</td> </tr><tr bgcolor=""""> <th>INC_CRC</th> <td>DB3037AA30D8CCDD</td> </tr><tr bgcolor=""#E3E3F3""> <th>FMEL_UPD_D</th> <td>20191223152014</td> </tr></table></center>",Bukit Timah,Central Region
PEI TONG PRIMARY SCHOOL,1.3161197,103.7675906,N,N,N,N,POINT (103.7675906 1.3161197),9,kml_10,"<center><table><tr><th colspan='2' align='center'><em>Attributes</em></th></tr><tr bgcolor=""#E3E3F3""> <th>PLN_AREA_N</th> <td>CLEMENTI</td> </tr><tr bgcolor=""""> <th>PLN_AREA_C</th> <td>CL</td> </tr><tr bgcolor=""#E3E3F3""> <th>CA_IND</th> <td>N</td> </tr><tr bgcolor=""""> <th>REGION_N</th> <td>WEST REGION</td> </tr><tr bgcolor=""#E3E3F3""> <th>REGION_C</th> <td>WR</td> </tr><tr bgcolor=""""> <th>INC_CRC</th> <td>D5239EF08EE3CAC7</td> </tr><tr bgcolor=""#E3E3F3""> <th>FMEL_UPD_D</th> <td>20191223152014</td> </tr></table></center>",Clementi,West Region
PEIYING PRIMARY SCHOOL,1.4175241,103.8302678,N,N,N,N,POINT (103.8302678 1.4175241),54,kml_55,"<center><table><tr><th colspan='2' align='center'><em>Attributes</em></th></tr><tr bgcolor=""#E3E3F3""> <th>PLN_AREA_N</th> <td>YISHUN</td> </tr><tr bgcolor=""""> <th>PLN_AREA_C</th> <td>YS</td> </tr><tr bgcolor=""#E3E3F3""> <th>CA_IND</th> <td>N</td> </tr><tr bgcolor=""""> <th>REGION_N</th> <td>NORTH REGION</td> </tr><tr bgcolor=""#E3E3F3""> <th>REGION_C</th> <td>NR</td> </tr><tr bgcolor=""""> <th>INC_CRC</th> <td>E56BC88A635A3D89</td> </tr><tr bgcolor=""#E3E3F3""> <th>FMEL_UPD_D</th> <td>20191223152014</td> </tr></table></center>",Yishun,North Region
PIONEER PRIMARY SCHOOL,1.33837,103.688061,N,N,N,N,POINT (103.688061 1.33837),12,kml_13,"<center><table><tr><th colspan='2' align='center'><em>Attributes</em></th></tr><tr bgcolor=""#E3E3F3""> <th>PLN_AREA_N</th> <td>JURONG WEST</td> </tr><tr bgcolor=""""> <th>PLN_AREA_C</th> <td>JW</td> </tr><tr bgcolor=""#E3E3F3""> <th>CA_IND</th> <td>N</td> </tr><tr bgcolor=""""> <th>REGION_N</th> <td>WEST REGION</td> </tr><tr bgcolor=""#E3E3F3""> <th>REGION_C</th> <td>WR</td> </tr><tr bgcolor=""""> <th>INC_CRC</th> <td>2DFF32E53038ED97</td> </tr><tr bgcolor=""#E3E3F3""> <th>FMEL_UPD_D</th> <td>20191223152014</td> </tr></table></center>",Jurong West,West Region
PRINCESS ELIZABETH PRIMARY SCHOOL,1.3494947,103.7410015,N,N,N,N,POINT (103.7410015 1.3494947),2,kml_3,"<center><table><tr><th colspan='2' align='center'><em>Attributes</em></th></tr><tr bgcolor=""#E3E3F3""> <th>PLN_AREA_N</th> <td>BUKIT BATOK</td> </tr><tr bgcolor=""""> <th>PLN_AREA_C</th> <td>BK</td> </tr><tr bgcolor=""#E3E3F3""> <th>CA_IND</th> <td>N</td> </tr><tr bgcolor=""""> <th>REGION_N</th> <td>WEST REGION</td> </tr><tr bgcolor=""#E3E3F3""> <th>REGION_C</th> <td>WR</td> </tr><tr bgcolor=""""> <th>INC_CRC</th> <td>3BEC4C829160F28A</td> </tr><tr bgcolor=""#E3E3F3""> <th>FMEL_UPD_D</th> <td>20191223152014</td> </tr></table></center>",Bukit Batok,West Region
PUNGGOL COVE PRIMARY SCHOOL,1.4116904,103.89861,N,N,N,N,POINT (103.89861 1.4116904),15,kml_16,"<center><table><tr><th colspan='2' align='center'><em>Attributes</em></th></tr><tr bgcolor=""#E3E3F3""> <th>PLN_AREA_N</th> <td>PUNGGOL</td> </tr><tr bgcolor=""""> <th>PLN_AREA_C</th> <td>PG</td> </tr><tr bgcolor=""#E3E3F3""> <th>CA_IND</th> <td>N</td> </tr><tr bgcolor=""""> <th>REGION_N</th> <td>NORTH-EAST REGION</td> </tr><tr bgcolor=""#E3E3F3""> <th>REGION_C</th> <td>NER</td> </tr><tr bgcolor=""""> <th>INC_CRC</th> <td>DA6BAAC88FE4D2B4</td> </tr><tr bgcolor=""#E3E3F3""> <th>FMEL_UPD_D</th> <td>20191223152014</td> </tr></table></center>",Punggol,North-East Region
PUNGGOL GREEN PRIMARY SCHOOL,1.4019222,103.8988272,N,N,N,N,POINT (103.8988272 1.4019222),15,kml_16,"<center><table><tr><th colspan='2' align='center'><em>Attributes</em></th></tr><tr bgcolor=""#E3E3F3""> <th>PLN_AREA_N</th> <td>PUNGGOL</td> </tr><tr bgcolor=""""> <th>PLN_AREA_C</th> <td>PG</td> </tr><tr bgcolor=""#E3E3F3""> <th>CA_IND</th> <td>N</td> </tr><tr bgcolor=""""> <th>REGION_N</th> <td>NORTH-EAST REGION</td> </tr><tr bgcolor=""#E3E3F3""> <th>REGION_C</th> <td>NER</td> </tr><tr bgcolor=""""> <th>INC_CRC</th> <td>DA6BAAC88FE4D2B4</td> </tr><tr bgcolor=""#E3E3F3""> <th>FMEL_UPD_D</th> <td>20191223152014</td> </tr></table></center>",Punggol,North-East Region
PUNGGOL PRIMARY SCHOOL,1.3773646,103.8945949,N,N,N,N,POINT (103.8945949 1.3773646),10,kml_11,"<center><table><tr><th colspan='2' align='center'><em>Attributes</em></th></tr><tr bgcolor=""#E3E3F3""> <th>PLN_AREA_N</th> <td>HOUGANG</td> </tr><tr bgcolor=""""> <th>PLN_AREA_C</th> <td>HG</td> </tr><tr bgcolor=""#E3E3F3""> <th>CA_IND</th> <td>N</td> </tr><tr bgcolor=""""> <th>REGION_N</th> <td>NORTH-EAST REGION</td> </tr><tr bgcolor=""#E3E3F3""> <th>REGION_C</th> <td>NER</td> </tr><tr bgcolor=""""> <th>INC_CRC</th> <td>F84184E6D4F3B1DD</td> </tr><tr bgcolor=""#E3E3F3""> <th>FMEL_UPD_D</th> <td>20191223152014</td> </tr></table></center>",Hougang,North-East Region
PUNGGOL VIEW PRIMARY SCHOOL,1.4052688,103.9051887,N,N,N,N,POINT (103.9051887 1.4052688),15,kml_16,"<center><table><tr><th colspan='2' align='center'><em>Attributes</em></th></tr><tr bgcolor=""#E3E3F3""> <th>PLN_AREA_N</th> <td>PUNGGOL</td> </tr><tr bgcolor=""""> <th>PLN_AREA_C</th> <td>PG</td> </tr><tr bgcolor=""#E3E3F3""> <th>CA_IND</th> <td>N</td> </tr><tr bgcolor=""""> <th>REGION_N</th> <td>NORTH-EAST REGION</td> </tr><tr bgcolor=""#E3E3F3""> <th>REGION_C</th> <td>NER</td> </tr><tr bgcolor=""""> <th>INC_CRC</th> <td>DA6BAAC88FE4D2B4</td> </tr><tr bgcolor=""#E3E3F3""> <th>FMEL_UPD_D</th> <td>20191223152014</td> </tr></table></center>",Punggol,North-East Region
QIFA PRIMARY SCHOOL,1.3128971,103.7569168,N,N,N,N,POINT (103.7569168 1.3128971),9,kml_10,"<center><table><tr><th colspan='2' align='center'><em>Attributes</em></th></tr><tr bgcolor=""#E3E3F3""> <th>PLN_AREA_N</th> <td>CLEMENTI</td> </tr><tr bgcolor=""""> <th>PLN_AREA_C</th> <td>CL</td> </tr><tr bgcolor=""#E3E3F3""> <th>CA_IND</th> <td>N</td> </tr><tr bgcolor=""""> <th>REGION_N</th> <td>WEST REGION</td> </tr><tr bgcolor=""#E3E3F3""> <th>REGION_C</th> <td>WR</td> </tr><tr bgcolor=""""> <th>INC_CRC</th> <td>D5239EF08EE3CAC7</td> </tr><tr bgcolor=""#E3E3F3""> <th>FMEL_UPD_D</th> <td>20191223152014</td> </tr></table></center>",Clementi,West Region
QIHUA PRIMARY SCHOOL,1.4421018,103.7884731,N,N,N,N,POINT (103.7884731 1.4421018),32,kml_33,"<center><table><tr><th colspan='2' align='center'><em>Attributes</em></th></tr><tr bgcolor=""#E3E3F3""> <th>PLN_AREA_N</th> <td>WOODLANDS</td> </tr><tr bgcolor=""""> <th>PLN_AREA_C</th> <td>WD</td> </tr><tr bgcolor=""#E3E3F3""> <th>CA_IND</th> <td>N</td> </tr><tr bgcolor=""""> <th>REGION_N</th> <td>NORTH REGION</td> </tr><tr bgcolor=""#E3E3F3""> <th>REGION_C</th> <td>NR</td> </tr><tr bgcolor=""""> <th>INC_CRC</th> <td>C93AEED43B7939D3</td> </tr><tr bgcolor=""#E3E3F3""> <th>FMEL_UPD_D</th> <td>20191223152014</td> </tr></table></center>",Woodlands,North Region
QUEENSTOWN PRIMARY SCHOOL,1.2962213,103.8079624,N,N,N,N,POINT (103.8079624 1.2962213),16,kml_17,"<center><table><tr><th colspan='2' align='center'><em>Attributes</em></th></tr><tr bgcolor=""#E3E3F3""> <th>PLN_AREA_N</th> <td>QUEENSTOWN</td> </tr><tr bgcolor=""""> <th>PLN_AREA_C</th> <td>QT</td> </tr><tr bgcolor=""#E3E3F3""> <th>CA_IND</th> <td>N</td> </tr><tr bgcolor=""""> <th>REGION_N</th> <td>CENTRAL REGION</td> </tr><tr bgcolor=""#E3E3F3""> <th>REGION_C</th> <td>CR</td> </tr><tr bgcolor=""""> <th>INC_CRC</th> <td>C0170DF008A88671</td> </tr><tr bgcolor=""#E3E3F3""> <th>FMEL_UPD_D</th> <td>20191223152014</td> </tr></table></center>",Queenstown,Central Region
RADIN MAS PRIMARY SCHOOL,1.2750693,103.8238799,N,N,N,N,POINT (103.8238799 1.2750693),3,kml_4,"<center><table><tr><th colspan='2' align='center'><em>Attributes</em></th></tr><tr bgcolor=""#E3E3F3""> <th>PLN_AREA_N</th> <td>BUKIT MERAH</td> </tr><tr bgcolor=""""> <th>PLN_AREA_C</th> <td>BM</td> </tr><tr bgcolor=""#E3E3F3""> <th>CA_IND</th> <td>N</td> </tr><tr bgcolor=""""> <th>REGION_N</th> <td>CENTRAL REGION</td> </tr><tr bgcolor=""#E3E3F3""> <th>REGION_C</th> <td>CR</td> </tr><tr bgcolor=""""> <th>INC_CRC</th> <td>4850795BB0B6A4F7</td> </tr><tr bgcolor=""#E3E3F3""> <th>FMEL_UPD_D</th> <td>20191223152014</td> </tr></table></center>",Bukit Merah,Central Region
RAFFLES GIRLS' PRIMARY SCHOOL,1.3299574,103.8062236,Y,Y,Y,N,POINT (103.8062236 1.3299574),5,kml_6,"<center><table><tr><th colspan='2' align='center'><em>Attributes</em></th></tr><tr bgcolor=""#E3E3F3""> <th>PLN_AREA_N</th> <td>BUKIT TIMAH</td> </tr><tr bgcolor=""""> <th>PLN_AREA_C</th> <td>BT</td> </tr><tr bgcolor=""#E3E3F3""> <th>CA_IND</th> <td>N</td> </tr><tr bgcolor=""""> <th>REGION_N</th> <td>CENTRAL REGION</td> </tr><tr bgcolor=""#E3E3F3""> <th>REGION_C</th> <td>CR</td> </tr><tr bgcolor=""""> <th>INC_CRC</th> <td>DB3037AA30D8CCDD</td> </tr><tr bgcolor=""#E3E3F3""> <th>FMEL_UPD_D</th> <td>20191223152014</td> </tr></table></center>",Bukit Timah,Central Region
RIVER VALLEY PRIMARY SCHOOL,1.2938838,103.8363894,N,N,N,N,POINT (103.8363894 1.2938838),33,kml_34,"<center><table><tr><th colspan='2' align='center'><em>Attributes</em></th></tr><tr bgcolor=""#E3E3F3""> <th>PLN_AREA_N</th> <td>RIVER VALLEY</td> </tr><tr bgcolor=""""> <th>PLN_AREA_C</th> <td>RV</td> </tr><tr bgcolor=""#E3E3F3""> <th>CA_IND</th> <td>Y</td> </tr><tr bgcolor=""""> <th>REGION_N</th> <td>CENTRAL REGION</td> </tr><tr bgcolor=""#E3E3F3""> <th>REGION_C</th> <td>CR</td> </tr><tr bgcolor=""""> <th>INC_CRC</th> <td>4F104FE2D3FDC388</td> </tr><tr bgcolor=""#E3E3F3""> <th>FMEL_UPD_D</th> <td>20191223152014</td> </tr></table></center>",River Valley,Central Region
RIVERSIDE PRIMARY SCHOOL,1.4468546,103.8015922,N,N,N,N,POINT (103.8015922 1.4468546),32,kml_33,"<center><table><tr><th colspan='2' align='center'><em>Attributes</em></th></tr><tr bgcolor=""#E3E3F3""> <th>PLN_AREA_N</th> <td>WOODLANDS</td> </tr><tr bgcolor=""""> <th>PLN_AREA_C</th> <td>WD</td> </tr><tr bgcolor=""#E3E3F3""> <th>CA_IND</th> <td>N</td> </tr><tr bgcolor=""""> <th>REGION_N</th> <td>NORTH REGION</td> </tr><tr bgcolor=""#E3E3F3""> <th>REGION_C</th> <td>NR</td> </tr><tr bgcolor=""""> <th>INC_CRC</th> <td>C93AEED43B7939D3</td> </tr><tr bgcolor=""#E3E3F3""> <th>FMEL_UPD_D</th> <td>20191223152014</td> </tr></table></center>",Woodlands,North Region
RIVERVALE PRIMARY SCHOOL,1.3932451,103.9043989,N,N,N,N,POINT (103.9043989 1.3932451),19,kml_20,"<center><table><tr><th colspan='2' align='center'><em>Attributes</em></th></tr><tr bgcolor=""#E3E3F3""> <th>PLN_AREA_N</th> <td>SENGKANG</td> </tr><tr bgcolor=""""> <th>PLN_AREA_C</th> <td>SE</td> </tr><tr bgcolor=""#E3E3F3""> <th>CA_IND</th> <td>N</td> </tr><tr bgcolor=""""> <th>REGION_N</th> <td>NORTH-EAST REGION</td> </tr><tr bgcolor=""#E3E3F3""> <th>REGION_C</th> <td>NER</td> </tr><tr bgcolor=""""> <th>INC_CRC</th> <td>3909BE3D6566DC6B</td> </tr><tr bgcolor=""#E3E3F3""> <th>FMEL_UPD_D</th> <td>20191223152014</td> </tr></table></center>",Sengkang,North-East Region
RULANG PRIMARY SCHOOL,1.34694,103.71896,Y,Y,Y,Y,POINT (103.71896 1.34694),12,kml_13,"<center><table><tr><th colspan='2' align='center'><em>Attributes</em></th></tr><tr bgcolor=""#E3E3F3""> <th>PLN_AREA_N</th> <td>JURONG WEST</td> </tr><tr bgcolor=""""> <th>PLN_AREA_C</th> <td>JW</td> </tr><tr bgcolor=""#E3E3F3""> <th>CA_IND</th> <td>N</td> </tr><tr bgcolor=""""> <th>REGION_N</th> <td>WEST REGION</td> </tr><tr bgcolor=""#E3E3F3""> <th>REGION_C</th> <td>WR</td> </tr><tr bgcolor=""""> <th>INC_CRC</th> <td>2DFF32E53038ED97</td> </tr><tr bgcolor=""#E3E3F3""> <th>FMEL_UPD_D</th> <td>20191223152014</td> </tr></table></center>",Jurong West,West Region
SEMBAWANG PRIMARY SCHOOL,1.4454114,103.8209921,N,N,N,N,POINT (103.8209921 1.4454114),18,kml_19,"<center><table><tr><th colspan='2' align='center'><em>Attributes</em></th></tr><tr bgcolor=""#E3E3F3""> <th>PLN_AREA_N</th> <td>SEMBAWANG</td> </tr><tr bgcolor=""""> <th>PLN_AREA_C</th> <td>SB</td> </tr><tr bgcolor=""#E3E3F3""> <th>CA_IND</th> <td>N</td> </tr><tr bgcolor=""""> <th>REGION_N</th> <td>NORTH REGION</td> </tr><tr bgcolor=""#E3E3F3""> <th>REGION_C</th> <td>NR</td> </tr><tr bgcolor=""""> <th>INC_CRC</th> <td>ECA1E5D6412DC621</td> </tr><tr bgcolor=""#E3E3F3""> <th>FMEL_UPD_D</th> <td>20191223152014</td> </tr></table></center>",Sembawang,North Region
SENG KANG PRIMARY SCHOOL,1.3894988,103.8994163,N,N,N,N,POINT (103.8994163 1.3894988),19,kml_20,"<center><table><tr><th colspan='2' align='center'><em>Attributes</em></th></tr><tr bgcolor=""#E3E3F3""> <th>PLN_AREA_N</th> <td>SENGKANG</td> </tr><tr bgcolor=""""> <th>PLN_AREA_C</th> <td>SE</td> </tr><tr bgcolor=""#E3E3F3""> <th>CA_IND</th> <td>N</td> </tr><tr bgcolor=""""> <th>REGION_N</th> <td>NORTH-EAST REGION</td> </tr><tr bgcolor=""#E3E3F3""> <th>REGION_C</th> <td>NER</td> </tr><tr bgcolor=""""> <th>INC_CRC</th> <td>3909BE3D6566DC6B</td> </tr><tr bgcolor=""#E3E3F3""> <th>FMEL_UPD_D</th> <td>20191223152014</td> </tr></table></center>",Sengkang,North-East Region
SENGKANG GREEN PRIMARY SCHOOL,1.3928381,103.8754243,N,N,N,N,POINT (103.8754243 1.3928381),19,kml_20,"<center><table><tr><th colspan='2' align='center'><em>Attributes</em></th></tr><tr bgcolor=""#E3E3F3""> <th>PLN_AREA_N</th> <td>SENGKANG</td> </tr><tr bgcolor=""""> <th>PLN_AREA_C</th> <td>SE</td> </tr><tr bgcolor=""#E3E3F3""> <th>CA_IND</th> <td>N</td> </tr><tr bgcolor=""""> <th>REGION_N</th> <td>NORTH-EAST REGION</td> </tr><tr bgcolor=""#E3E3F3""> <th>REGION_C</th> <td>NER</td> </tr><tr bgcolor=""""> <th>INC_CRC</th> <td>3909BE3D6566DC6B</td> </tr><tr bgcolor=""#E3E3F3""> <th>FMEL_UPD_D</th> <td>20191223152014</td> </tr></table></center>",Sengkang,North-East Region
SHUQUN PRIMARY SCHOOL,1.347546,103.7215517,N,N,N,N,POINT (103.7215517 1.347546),12,kml_13,"<center><table><tr><th colspan='2' align='center'><em>Attributes</em></th></tr><tr bgcolor=""#E3E3F3""> <th>PLN_AREA_N</th> <td>JURONG WEST</td> </tr><tr bgcolor=""""> <th>PLN_AREA_C</th> <td>JW</td> </tr><tr bgcolor=""#E3E3F3""> <th>CA_IND</th> <td>N</td> </tr><tr bgcolor=""""> <th>REGION_N</th> <td>WEST REGION</td> </tr><tr bgcolor=""#E3E3F3""> <th>REGION_C</th> <td>WR</td> </tr><tr bgcolor=""""> <th>INC_CRC</th> <td>2DFF32E53038ED97</td> </tr><tr bgcolor=""#E3E3F3""> <th>FMEL_UPD_D</th> <td>20191223152014</td> </tr></table></center>",Jurong West,West Region
SI LING PRIMARY SCHOOL,1.432693,103.78577,N,N,N,N,POINT (103.78577 1.432693),32,kml_33,"<center><table><tr><th colspan='2' align='center'><em>Attributes</em></th></tr><tr bgcolor=""#E3E3F3""> <th>PLN_AREA_N</th> <td>WOODLANDS</td> </tr><tr bgcolor=""""> <th>PLN_AREA_C</th> <td>WD</td> </tr><tr bgcolor=""#E3E3F3""> <th>CA_IND</th> <td>N</td> </tr><tr bgcolor=""""> <th>REGION_N</th> <td>NORTH REGION</td> </tr><tr bgcolor=""#E3E3F3""> <th>REGION_C</th> <td>NR</td> </tr><tr bgcolor=""""> <th>INC_CRC</th> <td>C93AEED43B7939D3</td> </tr><tr bgcolor=""#E3E3F3""> <th>FMEL_UPD_D</th> <td>20191223152014</td> </tr></table></center>",Woodlands,North Region
SINGAPORE CHINESE GIRLS' PRIMARY SCHOOL,1.3202303,103.8296851,Y,N,Y,N,POINT (103.8296851 1.3202303),24,kml_25,"<center><table><tr><th colspan='2' align='center'><em>Attributes</em></th></tr><tr bgcolor=""#E3E3F3""> <th>PLN_AREA_N</th> <td>NOVENA</td> </tr><tr bgcolor=""""> <th>PLN_AREA_C</th> <td>NV</td> </tr><tr bgcolor=""#E3E3F3""> <th>CA_IND</th> <td>N</td> </tr><tr bgcolor=""""> <th>REGION_N</th> <td>CENTRAL REGION</td> </tr><tr bgcolor=""#E3E3F3""> <th>REGION_C</th> <td>CR</td> </tr><tr bgcolor=""""> <th>INC_CRC</th> <td>26D3DCBD67CE3F87</td> </tr><tr bgcolor=""#E3E3F3""> <th>FMEL_UPD_D</th> <td>20191223152014</td> </tr></table></center>",Novena,Central Region
SOUTH VIEW PRIMARY SCHOOL,1.381324,103.7471451,N,N,N,N,POINT (103.7471451 1.381324),8,kml_9,"<center><table><tr><th colspan='2' align='center'><em>Attributes</em></th></tr><tr bgcolor=""#E3E3F3""> <th>PLN_AREA_N</th> <td>CHOA CHU KANG</td> </tr><tr bgcolor=""""> <th>PLN_AREA_C</th> <td>CK</td> </tr><tr bgcolor=""#E3E3F3""> <th>CA_IND</th> <td>N</td> </tr><tr bgcolor=""""> <th>REGION_N</th> <td>WEST REGION</td> </tr><tr bgcolor=""#E3E3F3""> <th>REGION_C</th> <td>WR</td> </tr><tr bgcolor=""""> <th>INC_CRC</th> <td>BE26F2C074519A79</td> </tr><tr bgcolor=""#E3E3F3""> <th>FMEL_UPD_D</th> <td>20191223152014</td> </tr></table></center>",Choa Chu Kang,West Region
SPRINGDALE PRIMARY SCHOOL,1.3949667,103.8896801,N,N,N,N,POINT (103.8896801 1.3949667),19,kml_20,"<center><table><tr><th colspan='2' align='center'><em>Attributes</em></th></tr><tr bgcolor=""#E3E3F3""> <th>PLN_AREA_N</th> <td>SENGKANG</td> </tr><tr bgcolor=""""> <th>PLN_AREA_C</th> <td>SE</td> </tr><tr bgcolor=""#E3E3F3""> <th>CA_IND</th> <td>N</td> </tr><tr bgcolor=""""> <th>REGION_N</th> <td>NORTH-EAST REGION</td> </tr><tr bgcolor=""#E3E3F3""> <th>REGION_C</th> <td>NER</td> </tr><tr bgcolor=""""> <th>INC_CRC</th> <td>3909BE3D6566DC6B</td> </tr><tr bgcolor=""#E3E3F3""> <th>FMEL_UPD_D</th> <td>20191223152014</td> </tr></table></center>",Sengkang,North-East Region
ST. ANTHONY'S CANOSSIAN PRIMARY SCHOOL,1.3343022,103.9411549,N,N,N,N,POINT (103.9411549 1.3343022),0,kml_1,"<center><table><tr><th colspan='2' align='center'><em>Attributes</em></th></tr><tr bgcolor=""#E3E3F3""> <th>PLN_AREA_N</th> <td>BEDOK</td> </tr><tr bgcolor=""""> <th>PLN_AREA_C</th> <td>BD</td> </tr><tr bgcolor=""#E3E3F3""> <th>CA_IND</th> <td>N</td> </tr><tr bgcolor=""""> <th>REGION_N</th> <td>EAST REGION</td> </tr><tr bgcolor=""#E3E3F3""> <th>REGION_C</th> <td>ER</td> </tr><tr bgcolor=""""> <th>INC_CRC</th> <td>5F00E6FF084F3364</td> </tr><tr bgcolor=""#E3E3F3""> <th>FMEL_UPD_D</th> <td>20191223152014</td> </tr></table></center>",Bedok,East Region
ST. ANTHONY'S PRIMARY SCHOOL,1.3641887,103.748959,Y,N,Y,N,POINT (103.748959 1.3641887),2,kml_3,"<center><table><tr><th colspan='2' align='center'><em>Attributes</em></th></tr><tr bgcolor=""#E3E3F3""> <th>PLN_AREA_N</th> <td>BUKIT BATOK</td> </tr><tr bgcolor=""""> <th>PLN_AREA_C</th> <td>BK</td> </tr><tr bgcolor=""#E3E3F3""> <th>CA_IND</th> <td>N</td> </tr><tr bgcolor=""""> <th>REGION_N</th> <td>WEST REGION</td> </tr><tr bgcolor=""#E3E3F3""> <th>REGION_C</th> <td>WR</td> </tr><tr bgcolor=""""> <th>INC_CRC</th> <td>3BEC4C829160F28A</td> </tr><tr bgcolor=""#E3E3F3""> <th>FMEL_UPD_D</th> <td>20191223152014</td> </tr></table></center>",Bukit Batok,West Region
ST. GABRIEL'S PRIMARY SCHOOL,1.3493594,103.8621025,N,N,N,N,POINT (103.8621025 1.3493594),20,kml_21,"<center><table><tr><th colspan='2' align='center'><em>Attributes</em></th></tr><tr bgcolor=""#E3E3F3""> <th>PLN_AREA_N</th> <td>SERANGOON</td> </tr><tr bgcolor=""""> <th>PLN_AREA_C</th> <td>SG</td> </tr><tr bgcolor=""#E3E3F3""> <th>CA_IND</th> <td>N</td> </tr><tr bgcolor=""""> <th>REGION_N</th> <td>NORTH-EAST REGION</td> </tr><tr bgcolor=""#E3E3F3""> <th>REGION_C</th> <td>NER</td> </tr><tr bgcolor=""""> <th>INC_CRC</th> <td>17813E1F4CEBB72E</td> </tr><tr bgcolor=""#E3E3F3""> <th>FMEL_UPD_D</th> <td>20191223152014</td> </tr></table></center>",Serangoon,North-East Region
ST. HILDA'S PRIMARY SCHOOL,1.3496843,103.9361045,Y,Y,Y,N,POINT (103.9361045 1.3496843),46,kml_47,"<center><table><tr><th colspan='2' align='center'><em>Attributes</em></th></tr><tr bgcolor=""#E3E3F3""> <th>PLN_AREA_N</th> <td>TAMPINES</td> </tr><tr bgcolor=""""> <th>PLN_AREA_C</th> <td>TM</td> </tr><tr bgcolor=""#E3E3F3""> <th>CA_IND</th> <td>N</td> </tr><tr bgcolor=""""> <th>REGION_N</th> <td>EAST REGION</td> </tr><tr bgcolor=""#E3E3F3""> <th>REGION_C</th> <td>ER</td> </tr><tr bgcolor=""""> <th>INC_CRC</th> <td>9988953DFA610218</td> </tr><tr bgcolor=""#E3E3F3""> <th>FMEL_UPD_D</th> <td>20191223152014</td> </tr></table></center>",Tampines,East Region
ST. MARGARET'S SCHOOL (PRIMARY),1.303732,103.8456785,Y,N,N,N,POINT (103.8456785 1.303732),34,kml_35,"<center><table><tr><th colspan='2' align='center'><em>Attributes</em></th></tr><tr bgcolor=""#E3E3F3""> <th>PLN_AREA_N</th> <td>ROCHOR</td> </tr><tr bgcolor=""""> <th>PLN_AREA_C</th> <td>RC</td> </tr><tr bgcolor=""#E3E3F3""> <th>CA_IND</th> <td>Y</td> </tr><tr bgcolor=""""> <th>REGION_N</th> <td>CENTRAL REGION</td> </tr><tr bgcolor=""#E3E3F3""> <th>REGION_C</th> <td>CR</td> </tr><tr bgcolor=""""> <th>INC_CRC</th> <td>AB3524B3970C1C40</td> </tr><tr bgcolor=""#E3E3F3""> <th>FMEL_UPD_D</th> <td>20191223152014</td> </tr></table></center>",Rochor,Central Region
TAMPINES NORTH PRIMARY SCHOOL,1.360298,103.948581,N,N,N,N,POINT (103.948581 1.360298),46,kml_47,"<center><table><tr><th colspan='2' align='center'><em>Attributes</em></th></tr><tr bgcolor=""#E3E3F3""> <th>PLN_AREA_N</th> <td>TAMPINES</td> </tr><tr bgcolor=""""> <th>PLN_AREA_C</th> <td>TM</td> </tr><tr bgcolor=""#E3E3F3""> <th>CA_IND</th> <td>N</td> </tr><tr bgcolor=""""> <th>REGION_N</th> <td>EAST REGION</td> </tr><tr bgcolor=""#E3E3F3""> <th>REGION_C</th> <td>ER</td> </tr><tr bgcolor=""""> <th>INC_CRC</th> <td>9988953DFA610218</td> </tr><tr bgcolor=""#E3E3F3""> <th>FMEL_UPD_D</th> <td>20191223152014</td> </tr></table></center>",Tampines,East Region
TAMPINES PRIMARY SCHOOL,1.3497384,103.9442245,N,N,N,N,POINT (103.9442245 1.3497384),46,kml_47,"<center><table><tr><th colspan='2' align='center'><em>Attributes</em></th></tr><tr bgcolor=""#E3E3F3""> <th>PLN_AREA_N</th> <td>TAMPINES</td> </tr><tr bgcolor=""""> <th>PLN_AREA_C</th> <td>TM</td> </tr><tr bgcolor=""#E3E3F3""> <th>CA_IND</th> <td>N</td> </tr><tr bgcolor=""""> <th>REGION_N</th> <td>EAST REGION</td> </tr><tr bgcolor=""#E3E3F3""> <th>REGION_C</th> <td>ER</td> </tr><tr bgcolor=""""> <th>INC_CRC</th> <td>9988953DFA610218</td> </tr><tr bgcolor=""#E3E3F3""> <th>FMEL_UPD_D</th> <td>20191223152014</td> </tr></table></center>",Tampines,East Region
TANJONG KATONG PRIMARY SCHOOL,1.3053798,103.9003358,N,N,N,N,POINT (103.9003358 1.3053798),38,kml_39,"<center><table><tr><th colspan='2' align='center'><em>Attributes</em></th></tr><tr bgcolor=""#E3E3F3""> <th>PLN_AREA_N</th> <td>MARINE PARADE</td> </tr><tr bgcolor=""""> <th>PLN_AREA_C</th> <td>MP</td> </tr><tr bgcolor=""#E3E3F3""> <th>CA_IND</th> <td>N</td> </tr><tr bgcolor=""""> <th>REGION_N</th> <td>CENTRAL REGION</td> </tr><tr bgcolor=""#E3E3F3""> <th>REGION_C</th> <td>CR</td> </tr><tr bgcolor=""""> <th>INC_CRC</th> <td>277A84C803F3A399</td> </tr><tr bgcolor=""#E3E3F3""> <th>FMEL_UPD_D</th> <td>20191223152014</td> </tr></table></center>",Marine Parade,Central Region
TECK GHEE PRIMARY SCHOOL,1.3654149,103.8506386,Y,N,N,N,POINT (103.8506386 1.3654149),51,kml_52,"<center><table><tr><th colspan='2' align='center'><em>Attributes</em></th></tr><tr bgcolor=""#E3E3F3""> <th>PLN_AREA_N</th> <td>ANG MO KIO</td> </tr><tr bgcolor=""""> <th>PLN_AREA_C</th> <td>AM</td> </tr><tr bgcolor=""#E3E3F3""> <th>CA_IND</th> <td>N</td> </tr><tr bgcolor=""""> <th>REGION_N</th> <td>NORTH-EAST REGION</td> </tr><tr bgcolor=""#E3E3F3""> <th>REGION_C</th> <td>NER</td> </tr><tr bgcolor=""""> <th>INC_CRC</th> <td>88DAC92AEAF47E93</td> </tr><tr bgcolor=""#E3E3F3""> <th>FMEL_UPD_D</th> <td>20191223152014</td> </tr></table></center>",Ang Mo Kio,North-East Region
TECK WHYE PRIMARY SCHOOL,1.3837636,103.7537174,N,N,N,N,POINT (103.7537174 1.3837636),8,kml_9,"<center><table><tr><th colspan='2' align='center'><em>Attributes</em></th></tr><tr bgcolor=""#E3E3F3""> <th>PLN_AREA_N</th> <td>CHOA CHU KANG</td> </tr><tr bgcolor=""""> <th>PLN_AREA_C</th> <td>CK</td> </tr><tr bgcolor=""#E3E3F3""> <th>CA_IND</th> <td>N</td> </tr><tr bgcolor=""""> <th>REGION_N</th> <td>WEST REGION</td> </tr><tr bgcolor=""#E3E3F3""> <th>REGION_C</th> <td>WR</td> </tr><tr bgcolor=""""> <th>INC_CRC</th> <td>BE26F2C074519A79</td> </tr><tr bgcolor=""#E3E3F3""> <th>FMEL_UPD_D</th> <td>20191223152014</td> </tr></table></center>",Choa Chu Kang,West Region
TELOK KURAU PRIMARY SCHOOL,1.3308237,103.911406,N,N,N,N,POINT (103.911406 1.3308237),0,kml_1,"<center><table><tr><th colspan='2' align='center'><em>Attributes</em></th></tr><tr bgcolor=""#E3E3F3""> <th>PLN_AREA_N</th> <td>BEDOK</td> </tr><tr bgcolor=""""> <th>PLN_AREA_C</th> <td>BD</td> </tr><tr bgcolor=""#E3E3F3""> <th>CA_IND</th> <td>N</td> </tr><tr bgcolor=""""> <th>REGION_N</th> <td>EAST REGION</td> </tr><tr bgcolor=""#E3E3F3""> <th>REGION_C</th> <td>ER</td> </tr><tr bgcolor=""""> <th>INC_CRC</th> <td>5F00E6FF084F3364</td> </tr><tr bgcolor=""#E3E3F3""> <th>FMEL_UPD_D</th> <td>20191223152014</td> </tr></table></center>",Bedok,East Region
TEMASEK PRIMARY SCHOOL,1.3175255,103.9455521,N,N,N,N,POINT (103.9455521 1.3175255),0,kml_1,"<center><table><tr><th colspan='2' align='center'><em>Attributes</em></th></tr><tr bgcolor=""#E3E3F3""> <th>PLN_AREA_N</th> <td>BEDOK</td> </tr><tr bgcolor=""""> <th>PLN_AREA_C</th> <td>BD</td> </tr><tr bgcolor=""#E3E3F3""> <th>CA_IND</th> <td>N</td> </tr><tr bgcolor=""""> <th>REGION_N</th> <td>EAST REGION</td> </tr><tr bgcolor=""#E3E3F3""> <th>REGION_C</th> <td>ER</td> </tr><tr bgcolor=""""> <th>INC_CRC</th> <td>5F00E6FF084F3364</td> </tr><tr bgcolor=""#E3E3F3""> <th>FMEL_UPD_D</th> <td>20191223152014</td> </tr></table></center>",Bedok,East Region
TOWNSVILLE PRIMARY SCHOOL,1.3601828,103.8541038,N,N,N,N,POINT (103.8541038 1.3601828),51,kml_52,"<center><table><tr><th colspan='2' align='center'><em>Attributes</em></th></tr><tr bgcolor=""#E3E3F3""> <th>PLN_AREA_N</th> <td>ANG MO KIO</td> </tr><tr bgcolor=""""> <th>PLN_AREA_C</th> <td>AM</td> </tr><tr bgcolor=""#E3E3F3""> <th>CA_IND</th> <td>N</td> </tr><tr bgcolor=""""> <th>REGION_N</th> <td>NORTH-EAST REGION</td> </tr><tr bgcolor=""#E3E3F3""> <th>REGION_C</th> <td>NER</td> </tr><tr bgcolor=""""> <th>INC_CRC</th> <td>88DAC92AEAF47E93</td> </tr><tr bgcolor=""#E3E3F3""> <th>FMEL_UPD_D</th> <td>20191223152014</td> </tr></table></center>",Ang Mo Kio,North-East Region
UNITY PRIMARY SCHOOL,1.403245,103.74729,N,N,N,N,POINT (103.74729 1.403245),8,kml_9,"<center><table><tr><th colspan='2' align='center'><em>Attributes</em></th></tr><tr bgcolor=""#E3E3F3""> <th>PLN_AREA_N</th> <td>CHOA CHU KANG</td> </tr><tr bgcolor=""""> <th>PLN_AREA_C</th> <td>CK</td> </tr><tr bgcolor=""#E3E3F3""> <th>CA_IND</th> <td>N</td> </tr><tr bgcolor=""""> <th>REGION_N</th> <td>WEST REGION</td> </tr><tr bgcolor=""#E3E3F3""> <th>REGION_C</th> <td>WR</td> </tr><tr bgcolor=""""> <th>INC_CRC</th> <td>BE26F2C074519A79</td> </tr><tr bgcolor=""#E3E3F3""> <th>FMEL_UPD_D</th> <td>20191223152014</td> </tr></table></center>",Choa Chu Kang,West Region
VALOUR PRIMARY SCHOOL,1.4070767,103.8989595,N,N,N,N,POINT (103.8989595 1.4070767),15,kml_16,"<center><table><tr><th colspan='2' align='center'><em>Attributes</em></th></tr><tr bgcolor=""#E3E3F3""> <th>PLN_AREA_N</th> <td>PUNGGOL</td> </tr><tr bgcolor=""""> <th>PLN_AREA_C</th> <td>PG</td> </tr><tr bgcolor=""#E3E3F3""> <th>CA_IND</th> <td>N</td> </tr><tr bgcolor=""""> <th>REGION_N</th> <td>NORTH-EAST REGION</td> </tr><tr bgcolor=""#E3E3F3""> <th>REGION_C</th> <td>NER</td> </tr><tr bgcolor=""""> <th>INC_CRC</th> <td>DA6BAAC88FE4D2B4</td> </tr><tr bgcolor=""#E3E3F3""> <th>FMEL_UPD_D</th> <td>20191223152014</td> </tr></table></center>",Punggol,North-East Region
WATERWAY PRIMARY SCHOOL,1.3992126,103.9186292,N,N,N,N,POINT (103.9186292 1.3992126),15,kml_16,"<center><table><tr><th colspan='2' align='center'><em>Attributes</em></th></tr><tr bgcolor=""#E3E3F3""> <th>PLN_AREA_N</th> <td>PUNGGOL</td> </tr><tr bgcolor=""""> <th>PLN_AREA_C</th> <td>PG</td> </tr><tr bgcolor=""#E3E3F3""> <th>CA_IND</th> <td>N</td> </tr><tr bgcolor=""""> <th>REGION_N</th> <td>NORTH-EAST REGION</td> </tr><tr bgcolor=""#E3E3F3""> <th>REGION_C</th> <td>NER</td> </tr><tr bgcolor=""""> <th>INC_CRC</th> <td>DA6BAAC88FE4D2B4</td> </tr><tr bgcolor=""#E3E3F3""> <th>FMEL_UPD_D</th> <td>20191223152014</td> </tr></table></center>",Punggol,North-East Region
WELLINGTON PRIMARY SCHOOL,1.4521597,103.8224459,N,N,N,N,POINT (103.8224459 1.4521597),18,kml_19,"<center><table><tr><th colspan='2' align='center'><em>Attributes</em></th></tr><tr bgcolor=""#E3E3F3""> <th>PLN_AREA_N</th> <td>SEMBAWANG</td> </tr><tr bgcolor=""""> <th>PLN_AREA_C</th> <td>SB</td> </tr><tr bgcolor=""#E3E3F3""> <th>CA_IND</th> <td>N</td> </tr><tr bgcolor=""""> <th>REGION_N</th> <td>NORTH REGION</td> </tr><tr bgcolor=""#E3E3F3""> <th>REGION_C</th> <td>NR</td> </tr><tr bgcolor=""""> <th>INC_CRC</th> <td>ECA1E5D6412DC621</td> </tr><tr bgcolor=""#E3E3F3""> <th>FMEL_UPD_D</th> <td>20191223152014</td> </tr></table></center>",Sembawang,North Region
WEST GROVE PRIMARY SCHOOL,1.3445677,103.6990057,N,N,N,N,POINT (103.6990057 1.3445677),12,kml_13,"<center><table><tr><th colspan='2' align='center'><em>Attributes</em></th></tr><tr bgcolor=""#E3E3F3""> <th>PLN_AREA_N</th> <td>JURONG WEST</td> </tr><tr bgcolor=""""> <th>PLN_AREA_C</th> <td>JW</td> </tr><tr bgcolor=""#E3E3F3""> <th>CA_IND</th> <td>N</td> </tr><tr bgcolor=""""> <th>REGION_N</th> <td>WEST REGION</td> </tr><tr bgcolor=""#E3E3F3""> <th>REGION_C</th> <td>WR</td> </tr><tr bgcolor=""""> <th>INC_CRC</th> <td>2DFF32E53038ED97</td> </tr><tr bgcolor=""#E3E3F3""> <th>FMEL_UPD_D</th> <td>20191223152014</td> </tr></table></center>",Jurong West,West Region
WEST SPRING PRIMARY SCHOOL,1.3896611,103.7665176,N,N,N,N,POINT (103.7665176 1.3896611),4,kml_5,"<center><table><tr><th colspan='2' align='center'><em>Attributes</em></th></tr><tr bgcolor=""#E3E3F3""> <th>PLN_AREA_N</th> <td>BUKIT PANJANG</td> </tr><tr bgcolor=""""> <th>PLN_AREA_C</th> <td>BP</td> </tr><tr bgcolor=""#E3E3F3""> <th>CA_IND</th> <td>N</td> </tr><tr bgcolor=""""> <th>REGION_N</th> <td>WEST REGION</td> </tr><tr bgcolor=""#E3E3F3""> <th>REGION_C</th> <td>WR</td> </tr><tr bgcolor=""""> <th>INC_CRC</th> <td>656F87D23D6DAB02</td> </tr><tr bgcolor=""#E3E3F3""> <th>FMEL_UPD_D</th> <td>20191223152014</td> </tr></table></center>",Bukit Panjang,West Region
WEST VIEW PRIMARY SCHOOL,1.3837275,103.7601419,N,N,N,N,POINT (103.7601419 1.3837275),4,kml_5,"<center><table><tr><th colspan='2' align='center'><em>Attributes</em></th></tr><tr bgcolor=""#E3E3F3""> <th>PLN_AREA_N</th> <td>BUKIT PANJANG</td> </tr><tr bgcolor=""""> <th>PLN_AREA_C</th> <td>BP</td> </tr><tr bgcolor=""#E3E3F3""> <th>CA_IND</th> <td>N</td> </tr><tr bgcolor=""""> <th>REGION_N</th> <td>WEST REGION</td> </tr><tr bgcolor=""#E3E3F3""> <th>REGION_C</th> <td>WR</td> </tr><tr bgcolor=""""> <th>INC_CRC</th> <td>656F87D23D6DAB02</td> </tr><tr bgcolor=""#E3E3F3""> <th>FMEL_UPD_D</th> <td>20191223152014</td> </tr></table></center>",Bukit Panjang,West Region
WESTWOOD PRIMARY SCHOOL,1.3472361,103.7004708,N,N,N,N,POINT (103.7004708 1.3472361),12,kml_13,"<center><table><tr><th colspan='2' align='center'><em>Attributes</em></th></tr><tr bgcolor=""#E3E3F3""> <th>PLN_AREA_N</th> <td>JURONG WEST</td> </tr><tr bgcolor=""""> <th>PLN_AREA_C</th> <td>JW</td> </tr><tr bgcolor=""#E3E3F3""> <th>CA_IND</th> <td>N</td> </tr><tr bgcolor=""""> <th>REGION_N</th> <td>WEST REGION</td> </tr><tr bgcolor=""#E3E3F3""> <th>REGION_C</th> <td>WR</td> </tr><tr bgcolor=""""> <th>INC_CRC</th> <td>2DFF32E53038ED97</td> </tr><tr bgcolor=""#E3E3F3""> <th>FMEL_UPD_D</th> <td>20191223152014</td> </tr></table></center>",Jurong West,West Region
WHITE SANDS PRIMARY SCHOOL,1.3654493,103.9610714,N,N,N,N,POINT (103.9610714 1.3654493),13,kml_14,"<center><table><tr><th colspan='2' align='center'><em>Attributes</em></th></tr><tr bgcolor=""#E3E3F3""> <th>PLN_AREA_N</th> <td>PASIR RIS</td> </tr><tr bgcolor=""""> <th>PLN_AREA_C</th> <td>PR</td> </tr><tr bgcolor=""#E3E3F3""> <th>CA_IND</th> <td>N</td> </tr><tr bgcolor=""""> <th>REGION_N</th> <td>EAST REGION</td> </tr><tr bgcolor=""#E3E3F3""> <th>REGION_C</th> <td>ER</td> </tr><tr bgcolor=""""> <th>INC_CRC</th> <td>B375AD2AA1E8E3DB</td> </tr><tr bgcolor=""#E3E3F3""> <th>FMEL_UPD_D</th> <td>20191223152014</td> </tr></table></center>",Pasir Ris,East Region
WOODGROVE PRIMARY SCHOOL,1.4334662,103.7905304,N,N,N,N,POINT (103.7905304 1.4334662),32,kml_33,"<center><table><tr><th colspan='2' align='center'><em>Attributes</em></th></tr><tr bgcolor=""#E3E3F3""> <th>PLN_AREA_N</th> <td>WOODLANDS</td> </tr><tr bgcolor=""""> <th>PLN_AREA_C</th> <td>WD</td> </tr><tr bgcolor=""#E3E3F3""> <th>CA_IND</th> <td>N</td> </tr><tr bgcolor=""""> <th>REGION_N</th> <td>NORTH REGION</td> </tr><tr bgcolor=""#E3E3F3""> <th>REGION_C</th> <td>NR</td> </tr><tr bgcolor=""""> <th>INC_CRC</th> <td>C93AEED43B7939D3</td> </tr><tr bgcolor=""#E3E3F3""> <th>FMEL_UPD_D</th> <td>20191223152014</td> </tr></table></center>",Woodlands,North Region
WOODLANDS PRIMARY SCHOOL,1.4367469,103.7915951,N,N,N,N,POINT (103.7915951 1.4367469),32,kml_33,"<center><table><tr><th colspan='2' align='center'><em>Attributes</em></th></tr><tr bgcolor=""#E3E3F3""> <th>PLN_AREA_N</th> <td>WOODLANDS</td> </tr><tr bgcolor=""""> <th>PLN_AREA_C</th> <td>WD</td> </tr><tr bgcolor=""#E3E3F3""> <th>CA_IND</th> <td>N</td> </tr><tr bgcolor=""""> <th>REGION_N</th> <td>NORTH REGION</td> </tr><tr bgcolor=""#E3E3F3""> <th>REGION_C</th> <td>NR</td> </tr><tr bgcolor=""""> <th>INC_CRC</th> <td>C93AEED43B7939D3</td> </tr><tr bgcolor=""#E3E3F3""> <th>FMEL_UPD_D</th> <td>20191223152014</td> </tr></table></center>",Woodlands,North Region
WOODLANDS RING PRIMARY SCHOOL,1.4345519,103.7978994,N,N,N,N,POINT (103.7978994 1.4345519),32,kml_33,"<center><table><tr><th colspan='2' align='center'><em>Attributes</em></th></tr><tr bgcolor=""#E3E3F3""> <th>PLN_AREA_N</th> <td>WOODLANDS</td> </tr><tr bgcolor=""""> <th>PLN_AREA_C</th> <td>WD</td> </tr><tr bgcolor=""#E3E3F3""> <th>CA_IND</th> <td>N</td> </tr><tr bgcolor=""""> <th>REGION_N</th> <td>NORTH REGION</td> </tr><tr bgcolor=""#E3E3F3""> <th>REGION_C</th> <td>NR</td> </tr><tr bgcolor=""""> <th>INC_CRC</th> <td>C93AEED43B7939D3</td> </tr><tr bgcolor=""#E3E3F3""> <th>FMEL_UPD_D</th> <td>20191223152014</td> </tr></table></center>",Woodlands,North Region
XINGHUA PRIMARY SCHOOL,1.357958,103.8901418,N,N,N,N,POINT (103.8901418 1.357958),10,kml_11,"<center><table><tr><th colspan='2' align='center'><em>Attributes</em></th></tr><tr bgcolor=""#E3E3F3""> <th>PLN_AREA_N</th> <td>HOUGANG</td> </tr><tr bgcolor=""""> <th>PLN_AREA_C</th> <td>HG</td> </tr><tr bgcolor=""#E3E3F3""> <th>CA_IND</th> <td>N</td> </tr><tr bgcolor=""""> <th>REGION_N</th> <td>NORTH-EAST REGION</td> </tr><tr bgcolor=""#E3E3F3""> <th>REGION_C</th> <td>NER</td> </tr><tr bgcolor=""""> <th>INC_CRC</th> <td>F84184E6D4F3B1DD</td> </tr><tr bgcolor=""#E3E3F3""> <th>FMEL_UPD_D</th> <td>20191223152014</td> </tr></table></center>",Hougang,North-East Region
XINGNAN PRIMARY SCHOOL,1.3425489,103.6870917,N,N,N,N,POINT (103.6870917 1.3425489),12,kml_13,"<center><table><tr><th colspan='2' align='center'><em>Attributes</em></th></tr><tr bgcolor=""#E3E3F3""> <th>PLN_AREA_N</th> <td>JURONG WEST</td> </tr><tr bgcolor=""""> <th>PLN_AREA_C</th> <td>JW</td> </tr><tr bgcolor=""#E3E3F3""> <th>CA_IND</th> <td>N</td> </tr><tr bgcolor=""""> <th>REGION_N</th> <td>WEST REGION</td> </tr><tr bgcolor=""#E3E3F3""> <th>REGION_C</th> <td>WR</td> </tr><tr bgcolor=""""> <th>INC_CRC</th> <td>2DFF32E53038ED97</td> </tr><tr bgcolor=""#E3E3F3""> <th>FMEL_UPD_D</th> <td>20191223152014</td> </tr></table></center>",Jurong West,West Region
XINMIN PRIMARY SCHOOL,1.371371,103.883074,N,N,N,N,POINT (103.883074 1.371371),10,kml_11,"<center><table><tr><th colspan='2' align='center'><em>Attributes</em></th></tr><tr bgcolor=""#E3E3F3""> <th>PLN_AREA_N</th> <td>HOUGANG</td> </tr><tr bgcolor=""""> <th>PLN_AREA_C</th> <td>HG</td> </tr><tr bgcolor=""#E3E3F3""> <th>CA_IND</th> <td>N</td> </tr><tr bgcolor=""""> <th>REGION_N</th> <td>NORTH-EAST REGION</td> </tr><tr bgcolor=""#E3E3F3""> <th>REGION_C</th> <td>NER</td> </tr><tr bgcolor=""""> <th>INC_CRC</th> <td>F84184E6D4F3B1DD</td> </tr><tr bgcolor=""#E3E3F3""> <th>FMEL_UPD_D</th> <td>20191223152014</td> </tr></table></center>",Hougang,North-East Region
XISHAN PRIMARY SCHOOL,1.4334915,103.8374838,N,N,N,N,POINT (103.8374838 1.4334915),54,kml_55,"<center><table><tr><th colspan='2' align='center'><em>Attributes</em></th></tr><tr bgcolor=""#E3E3F3""> <th>PLN_AREA_N</th> <td>YISHUN</td> </tr><tr bgcolor=""""> <th>PLN_AREA_C</th> <td>YS</td> </tr><tr bgcolor=""#E3E3F3""> <th>CA_IND</th> <td>N</td> </tr><tr bgcolor=""""> <th>REGION_N</th> <td>NORTH REGION</td> </tr><tr bgcolor=""#E3E3F3""> <th>REGION_C</th> <td>NR</td> </tr><tr bgcolor=""""> <th>INC_CRC</th> <td>E56BC88A635A3D89</td> </tr><tr bgcolor=""#E3E3F3""> <th>FMEL_UPD_D</th> <td>20191223152014</td> </tr></table></center>",Yishun,North Region
YANGZHENG PRIMARY SCHOOL,1.349218,103.8685545,N,N,N,N,POINT (103.8685545 1.349218),20,kml_21,"<center><table><tr><th colspan='2' align='center'><em>Attributes</em></th></tr><tr bgcolor=""#E3E3F3""> <th>PLN_AREA_N</th> <td>SERANGOON</td> </tr><tr bgcolor=""""> <th>PLN_AREA_C</th> <td>SG</td> </tr><tr bgcolor=""#E3E3F3""> <th>CA_IND</th> <td>N</td> </tr><tr bgcolor=""""> <th>REGION_N</th> <td>NORTH-EAST REGION</td> </tr><tr bgcolor=""#E3E3F3""> <th>REGION_C</th> <td>NER</td> </tr><tr bgcolor=""""> <th>INC_CRC</th> <td>17813E1F4CEBB72E</td> </tr><tr bgcolor=""#E3E3F3""> <th>FMEL_UPD_D</th> <td>20191223152014</td> </tr></table></center>",Serangoon,North-East Region
YEW TEE PRIMARY SCHOOL,1.396978,103.7511849,N,N,N,N,POINT (103.7511849 1.396978),8,kml_9,"<center><table><tr><th colspan='2' align='center'><em>Attributes</em></th></tr><tr bgcolor=""#E3E3F3""> <th>PLN_AREA_N</th> <td>CHOA CHU KANG</td> </tr><tr bgcolor=""""> <th>PLN_AREA_C</th> <td>CK</td> </tr><tr bgcolor=""#E3E3F3""> <th>CA_IND</th> <td>N</td> </tr><tr bgcolor=""""> <th>REGION_N</th> <td>WEST REGION</td> </tr><tr bgcolor=""#E3E3F3""> <th>REGION_C</th> <td>WR</td> </tr><tr bgcolor=""""> <th>INC_CRC</th> <td>BE26F2C074519A79</td> </tr><tr bgcolor=""#E3E3F3""> <th>FMEL_UPD_D</th> <td>20191223152014</td> </tr></table></center>",Choa Chu Kang,West Region
YIO CHU KANG PRIMARY SCHOOL,1.377996,103.8855816,N,N,N,N,POINT (103.8855816 1.377996),10,kml_11,"<center><table><tr><th colspan='2' align='center'><em>Attributes</em></th></tr><tr bgcolor=""#E3E3F3""> <th>PLN_AREA_N</th> <td>HOUGANG</td> </tr><tr bgcolor=""""> <th>PLN_AREA_C</th> <td>HG</td> </tr><tr bgcolor=""#E3E3F3""> <th>CA_IND</th> <td>N</td> </tr><tr bgcolor=""""> <th>REGION_N</th> <td>NORTH-EAST REGION</td> </tr><tr bgcolor=""#E3E3F3""> <th>REGION_C</th> <td>NER</td> </tr><tr bgcolor=""""> <th>INC_CRC</th> <td>F84184E6D4F3B1DD</td> </tr><tr bgcolor=""#E3E3F3""> <th>FMEL_UPD_D</th> <td>20191223152014</td> </tr></table></center>",Hougang,North-East Region
YISHUN PRIMARY SCHOOL,1.4334926,103.8338127,N,N,N,N,POINT (103.8338127 1.4334926),54,kml_55,"<center><table><tr><th colspan='2' align='center'><em>Attributes</em></th></tr><tr bgcolor=""#E3E3F3""> <th>PLN_AREA_N</th> <td>YISHUN</td> </tr><tr bgcolor=""""> <th>PLN_AREA_C</th> <td>YS</td> </tr><tr bgcolor=""#E3E3F3""> <th>CA_IND</th> <td>N</td> </tr><tr bgcolor=""""> <th>REGION_N</th> <td>NORTH REGION</td> </tr><tr bgcolor=""#E3E3F3""> <th>REGION_C</th> <td>NR</td> </tr><tr bgcolor=""""> <th>INC_CRC</th> <td>E56BC88A635A3D89</td> </tr><tr bgcolor=""#E3E3F3""> <th>FMEL_UPD_D</th> <td>20191223152014</td> </tr></table></center>",Yishun,North Region
YU NENG PRIMARY SCHOOL,1.3338292,103.9318969,N,N,N,N,POINT (103.9318969 1.3338292),0,kml_1,"<center><table><tr><th colspan='2' align='center'><em>Attributes</em></th></tr><tr bgcolor=""#E3E3F3""> <th>PLN_AREA_N</th> <td>BEDOK</td> </tr><tr bgcolor=""""> <th>PLN_AREA_C</th> <td>BD</td> </tr><tr bgcolor=""#E3E3F3""> <th>CA_IND</th> <td>N</td> </tr><tr bgcolor=""""> <th>REGION_N</th> <td>EAST REGION</td> </tr><tr bgcolor=""#E3E3F3""> <th>REGION_C</th> <td>ER</td> </tr><tr bgcolor=""""> <th>INC_CRC</th> <td>5F00E6FF084F3364</td> </tr><tr bgcolor=""#E3E3F3""> <th>FMEL_UPD_D</th> <td>20191223152014</td> </tr></table></center>",Bedok,East Region
YUHUA PRIMARY SCHOOL,1.3429774,103.7409109,Y,N,Y,N,POINT (103.7409109 1.3429774),11,kml_12,"<center><table><tr><th colspan='2' align='center'><em>Attributes</em></th></tr><tr bgcolor=""#E3E3F3""> <th>PLN_AREA_N</th> <td>JURONG EAST</td> </tr><tr bgcolor=""""> <th>PLN_AREA_C</th> <td>JE</td> </tr><tr bgcolor=""#E3E3F3""> <th>CA_IND</th> <td>N</td> </tr><tr bgcolor=""""> <th>REGION_N</th> <td>WEST REGION</td> </tr><tr bgcolor=""#E3E3F3""> <th>REGION_C</th> <td>WR</td> </tr><tr bgcolor=""""> <th>INC_CRC</th> <td>77E230E08D3989E7</td> </tr><tr bgcolor=""#E3E3F3""> <th>FMEL_UPD_D</th> <td>20191223152014</td> </tr></table></center>",Jurong East,West Region
YUMIN PRIMARY SCHOOL,1.3516199,103.9511251,N,N,N,N,POINT (103.9511251 1.3516199),46,kml_47,"<center><table><tr><th colspan='2' align='center'><em>Attributes</em></th></tr><tr bgcolor=""#E3E3F3""> <th>PLN_AREA_N</th> <td>TAMPINES</td> </tr><tr bgcolor=""""> <th>PLN_AREA_C</th> <td>TM</td> </tr><tr bgcolor=""#E3E3F3""> <th>CA_IND</th> <td>N</td> </tr><tr bgcolor=""""> <th>REGION_N</th> <td>EAST REGION</td> </tr><tr bgcolor=""#E3E3F3""> <th>REGION_C</th> <td>ER</td> </tr><tr bgcolor=""""> <th>INC_CRC</th> <td>9988953DFA610218</td> </tr><tr bgcolor=""#E3E3F3""> <th>FMEL_UPD_D</th> <td>20191223152014</td> </tr></table></center>",Tampines,East Region
ZHANGDE PRIMARY SCHOOL,1.2842268,103.8267059,N,N,N,N,POINT (103.8267059 1.2842268),3,kml_4,"<center><table><tr><th colspan='2' align='center'><em>Attributes</em></th></tr><tr bgcolor=""#E3E3F3""> <th>PLN_AREA_N</th> <td>BUKIT MERAH</td> </tr><tr bgcolor=""""> <th>PLN_AREA_C</th> <td>BM</td> </tr><tr bgcolor=""#E3E3F3""> <th>CA_IND</th> <td>N</td> </tr><tr bgcolor=""""> <th>REGION_N</th> <td>CENTRAL REGION</td> </tr><tr bgcolor=""#E3E3F3""> <th>REGION_C</th> <td>CR</td> </tr><tr bgcolor=""""> <th>INC_CRC</th> <td>4850795BB0B6A4F7</td> </tr><tr bgcolor=""#E3E3F3""> <th>FMEL_UPD_D</th> <td>20191223152014</td> </tr></table></center>",Bukit Merah,Central Region
ZHENGHUA PRIMARY SCHOOL,1.3796697,103.7692818,N,N,N,N,POINT (103.7692818 1.3796697),4,kml_5,"<center><table><tr><th colspan='2' align='center'><em>Attributes</em></th></tr><tr bgcolor=""#E3E3F3""> <th>PLN_AREA_N</th> <td>BUKIT PANJANG</td> </tr><tr bgcolor=""""> <th>PLN_AREA_C</th> <td>BP</td> </tr><tr bgcolor=""#E3E3F3""> <th>CA_IND</th> <td>N</td> </tr><tr bgcolor=""""> <th>REGION_N</th> <td>WEST REGION</td> </tr><tr bgcolor=""#E3E3F3""> <th>REGION_C</th> <td>WR</td> </tr><tr bgcolor=""""> <th>INC_CRC</th> <td>656F87D23D6DAB02</td> </tr><tr bgcolor=""#E3E3F3""> <th>FMEL_UPD_D</th> <td>20191223152014</td> </tr></table></center>",Bukit Panjang,West Region
ZHONGHUA PRIMARY SCHOOL,1.3598531,103.8695741,N,N,N,N,POINT (103.8695741 1.3598531),20,kml_21,"<center><table><tr><th colspan='2' align='center'><em>Attributes</em></th></tr><tr bgcolor=""#E3E3F3""> <th>PLN_AREA_N</th> <td>SERANGOON</td> </tr><tr bgcolor=""""> <th>PLN_AREA_C</th> <td>SG</td> </tr><tr bgcolor=""#E3E3F3""> <th>CA_IND</th> <td>N</td> </tr><tr bgcolor=""""> <th>REGION_N</th> <td>NORTH-EAST REGION</td> </tr><tr bgcolor=""#E3E3F3""> <th>REGION_C</th> <td>NER</td> </tr><tr bgcolor=""""> <th>INC_CRC</th> <td>17813E1F4CEBB72E</td> </tr><tr bgcolor=""#E3E3F3""> <th>FMEL_UPD_D</th> <td>20191223152014</td> </tr></table></center>",Serangoon,North-East Region
AI TONG SCHOOL,1.3603066,103.8327064,Y,Y,Y,Y,POINT (103.8327064 1.3603066),50,kml_51,"<center><table><tr><th colspan='2' align='center'><em>Attributes</em></th></tr><tr bgcolor=""#E3E3F3""> <th>PLN_AREA_N</th> <td>BISHAN</td> </tr><tr bgcolor=""""> <th>PLN_AREA_C</th> <td>BS</td> </tr><tr bgcolor=""#E3E3F3""> <th>CA_IND</th> <td>N</td> </tr><tr bgcolor=""""> <th>REGION_N</th> <td>CENTRAL REGION</td> </tr><tr bgcolor=""#E3E3F3""> <th>REGION_C</th> <td>CR</td> </tr><tr bgcolor=""""> <th>INC_CRC</th> <td>741583155DB92ACF</td> </tr><tr bgcolor=""#E3E3F3""> <th>FMEL_UPD_D</th> <td>20191223152014</td> </tr></table></center>",Bishan,Central Region
ASSUMPTION ENGLISH SCHOOL,1.3684449,103.7664767,N,N,N,N,POINT (103.7664767 1.3684449),4,kml_5,"<center><table><tr><th colspan='2' align='center'><em>Attributes</em></th></tr><tr bgcolor=""#E3E3F3""> <th>PLN_AREA_N</th> <td>BUKIT PANJANG</td> </tr><tr bgcolor=""""> <th>PLN_AREA_C</th> <td>BP</td> </tr><tr bgcolor=""#E3E3F3""> <th>CA_IND</th> <td>N</td> </tr><tr bgcolor=""""> <th>REGION_N</th> <td>WEST REGION</td> </tr><tr bgcolor=""#E3E3F3""> <th>REGION_C</th> <td>WR</td> </tr><tr bgcolor=""""> <th>INC_CRC</th> <td>656F87D23D6DAB02</td> </tr><tr bgcolor=""#E3E3F3""> <th>FMEL_UPD_D</th> <td>20191223152014</td> </tr></table></center>",Bukit Panjang,West Region
ASSUMPTION PATHWAY SCHOOL,1.3705844,103.7663395,N,N,N,N,POINT (103.7663395 1.3705844),4,kml_5,"<center><table><tr><th colspan='2' align='center'><em>Attributes</em></th></tr><tr bgcolor=""#E3E3F3""> <th>PLN_AREA_N</th> <td>BUKIT PANJANG</td> </tr><tr bgcolor=""""> <th>PLN_AREA_C</th> <td>BP</td> </tr><tr bgcolor=""#E3E3F3""> <th>CA_IND</th> <td>N</td> </tr><tr bgcolor=""""> <th>REGION_N</th> <td>WEST REGION</td> </tr><tr bgcolor=""#E3E3F3""> <th>REGION_C</th> <td>WR</td> </tr><tr bgcolor=""""> <th>INC_CRC</th> <td>656F87D23D6DAB02</td> </tr><tr bgcolor=""#E3E3F3""> <th>FMEL_UPD_D</th> <td>20191223152014</td> </tr></table></center>",Bukit Panjang,West Region
CHIJ (KELLOCK),1.2750626,103.8283114,N,N,N,N,POINT (103.8283114 1.2750626),3,kml_4,"<center><table><tr><th colspan='2' align='center'><em>Attributes</em></th></tr><tr bgcolor=""#E3E3F3""> <th>PLN_AREA_N</th> <td>BUKIT MERAH</td> </tr><tr bgcolor=""""> <th>PLN_AREA_C</th> <td>BM</td> </tr><tr bgcolor=""#E3E3F3""> <th>CA_IND</th> <td>N</td> </tr><tr bgcolor=""""> <th>REGION_N</th> <td>CENTRAL REGION</td> </tr><tr bgcolor=""#E3E3F3""> <th>REGION_C</th> <td>CR</td> </tr><tr bgcolor=""""> <th>INC_CRC</th> <td>4850795BB0B6A4F7</td> </tr><tr bgcolor=""#E3E3F3""> <th>FMEL_UPD_D</th> <td>20191223152014</td> </tr></table></center>",Bukit Merah,Central Region
CHIJ OUR LADY OF GOOD COUNSEL,1.3574239,103.8637879,Y,N,N,N,POINT (103.8637879 1.3574239),20,kml_21,"<center><table><tr><th colspan='2' align='center'><em>Attributes</em></th></tr><tr bgcolor=""#E3E3F3""> <th>PLN_AREA_N</th> <td>SERANGOON</td> </tr><tr bgcolor=""""> <th>PLN_AREA_C</th> <td>SG</td> </tr><tr bgcolor=""#E3E3F3""> <th>CA_IND</th> <td>N</td> </tr><tr bgcolor=""""> <th>REGION_N</th> <td>NORTH-EAST REGION</td> </tr><tr bgcolor=""#E3E3F3""> <th>REGION_C</th> <td>NER</td> </tr><tr bgcolor=""""> <th>INC_CRC</th> <td>17813E1F4CEBB72E</td> </tr><tr bgcolor=""#E3E3F3""> <th>FMEL_UPD_D</th> <td>20191223152014</td> </tr></table></center>",Serangoon,North-East Region
CHIJ OUR LADY OF THE NATIVITY,1.3735318,103.897543,N,N,N,N,POINT (103.897543 1.3735318),10,kml_11,"<center><table><tr><th colspan='2' align='center'><em>Attributes</em></th></tr><tr bgcolor=""#E3E3F3""> <th>PLN_AREA_N</th> <td>HOUGANG</td> </tr><tr bgcolor=""""> <th>PLN_AREA_C</th> <td>HG</td> </tr><tr bgcolor=""#E3E3F3""> <th>CA_IND</th> <td>N</td> </tr><tr bgcolor=""""> <th>REGION_N</th> <td>NORTH-EAST REGION</td> </tr><tr bgcolor=""#E3E3F3""> <th>REGION_C</th> <td>NER</td> </tr><tr bgcolor=""""> <th>INC_CRC</th> <td>F84184E6D4F3B1DD</td> </tr><tr bgcolor=""#E3E3F3""> <th>FMEL_UPD_D</th> <td>20191223152014</td> </tr></table></center>",Hougang,North-East Region
CHIJ OUR LADY QUEEN OF PEACE,1.3667455,103.7674463,N,N,N,N,POINT (103.7674463 1.3667455),4,kml_5,"<center><table><tr><th colspan='2' align='center'><em>Attributes</em></th></tr><tr bgcolor=""#E3E3F3""> <th>PLN_AREA_N</th> <td>BUKIT PANJANG</td> </tr><tr bgcolor=""""> <th>PLN_AREA_C</th> <td>BP</td> </tr><tr bgcolor=""#E3E3F3""> <th>CA_IND</th> <td>N</td> </tr><tr bgcolor=""""> <th>REGION_N</th> <td>WEST REGION</td> </tr><tr bgcolor=""#E3E3F3""> <th>REGION_C</th> <td>WR</td> </tr><tr bgcolor=""""> <th>INC_CRC</th> <td>656F87D23D6DAB02</td> </tr><tr bgcolor=""#E3E3F3""> <th>FMEL_UPD_D</th> <td>20191223152014</td> </tr></table></center>",Bukit Panjang,West Region
CHIJ ST. JOSEPH'S CONVENT ,1.391747,103.902461,N,N,N,N,POINT (103.902461 1.391747),19,kml_20,"<center><table><tr><th colspan='2' align='center'><em>Attributes</em></th></tr><tr bgcolor=""#E3E3F3""> <th>PLN_AREA_N</th> <td>SENGKANG</td> </tr><tr bgcolor=""""> <th>PLN_AREA_C</th> <td>SE</td> </tr><tr bgcolor=""#E3E3F3""> <th>CA_IND</th> <td>N</td> </tr><tr bgcolor=""""> <th>REGION_N</th> <td>NORTH-EAST REGION</td> </tr><tr bgcolor=""#E3E3F3""> <th>REGION_C</th> <td>NER</td> </tr><tr bgcolor=""""> <th>INC_CRC</th> <td>3909BE3D6566DC6B</td> </tr><tr bgcolor=""#E3E3F3""> <th>FMEL_UPD_D</th> <td>20191223152014</td> </tr></table></center>",Sengkang,North-East Region
CHIJ ST. NICHOLAS GIRLS' SCHOOL,1.3740005,103.8341542,Y,N,Y,N,POINT (103.8341542 1.3740005),51,kml_52,"<center><table><tr><th colspan='2' align='center'><em>Attributes</em></th></tr><tr bgcolor=""#E3E3F3""> <th>PLN_AREA_N</th> <td>ANG MO KIO</td> </tr><tr bgcolor=""""> <th>PLN_AREA_C</th> <td>AM</td> </tr><tr bgcolor=""#E3E3F3""> <th>CA_IND</th> <td>N</td> </tr><tr bgcolor=""""> <th>REGION_N</th> <td>NORTH-EAST REGION</td> </tr><tr bgcolor=""#E3E3F3""> <th>REGION_C</th> <td>NER</td> </tr><tr bgcolor=""""> <th>INC_CRC</th> <td>88DAC92AEAF47E93</td> </tr><tr bgcolor=""#E3E3F3""> <th>FMEL_UPD_D</th> <td>20191223152014</td> </tr></table></center>",Ang Mo Kio,North-East Region
DE LA SALLE SCHOOL,1.3950704,103.7433723,N,N,N,N,POINT (103.7433723 1.3950704),8,kml_9,"<center><table><tr><th colspan='2' align='center'><em>Attributes</em></th></tr><tr bgcolor=""#E3E3F3""> <th>PLN_AREA_N</th> <td>CHOA CHU KANG</td> </tr><tr bgcolor=""""> <th>PLN_AREA_C</th> <td>CK</td> </tr><tr bgcolor=""#E3E3F3""> <th>CA_IND</th> <td>N</td> </tr><tr bgcolor=""""> <th>REGION_N</th> <td>WEST REGION</td> </tr><tr bgcolor=""#E3E3F3""> <th>REGION_C</th> <td>WR</td> </tr><tr bgcolor=""""> <th>INC_CRC</th> <td>BE26F2C074519A79</td> </tr><tr bgcolor=""#E3E3F3""> <th>FMEL_UPD_D</th> <td>20191223152014</td> </tr></table></center>",Choa Chu Kang,West Region
HAIG GIRLS' SCHOOL,1.3120003,103.9026307,Y,N,Y,N,POINT (103.9026307 1.3120003),52,kml_53,"<center><table><tr><th colspan='2' align='center'><em>Attributes</em></th></tr><tr bgcolor=""#E3E3F3""> <th>PLN_AREA_N</th> <td>GEYLANG</td> </tr><tr bgcolor=""""> <th>PLN_AREA_C</th> <td>GL</td> </tr><tr bgcolor=""#E3E3F3""> <th>CA_IND</th> <td>N</td> </tr><tr bgcolor=""""> <th>REGION_N</th> <td>CENTRAL REGION</td> </tr><tr bgcolor=""#E3E3F3""> <th>REGION_C</th> <td>CR</td> </tr><tr bgcolor=""""> <th>INC_CRC</th> <td>FC8678CF0ED975CA</td> </tr><tr bgcolor=""#E3E3F3""> <th>FMEL_UPD_D</th> <td>20191223152014</td> </tr></table></center>",Geylang,Central Region
HONG WEN SCHOOL,1.3213838,103.8570129,N,N,N,N,POINT (103.8570129 1.3213838),21,kml_22,"<center><table><tr><th colspan='2' align='center'><em>Attributes</em></th></tr><tr bgcolor=""#E3E3F3""> <th>PLN_AREA_N</th> <td>KALLANG</td> </tr><tr bgcolor=""""> <th>PLN_AREA_C</th> <td>KL</td> </tr><tr bgcolor=""#E3E3F3""> <th>CA_IND</th> <td>N</td> </tr><tr bgcolor=""""> <th>REGION_N</th> <td>CENTRAL REGION</td> </tr><tr bgcolor=""#E3E3F3""> <th>REGION_C</th> <td>CR</td> </tr><tr bgcolor=""""> <th>INC_CRC</th> <td>8805C45D2F327F92</td> </tr><tr bgcolor=""#E3E3F3""> <th>FMEL_UPD_D</th> <td>20191223152014</td> </tr></table></center>",Kallang,Central Region
KHENG CHENG SCHOOL,1.3376497,103.8477955,N,N,N,N,POINT (103.8477955 1.3376497),28,kml_29,"<center><table><tr><th colspan='2' align='center'><em>Attributes</em></th></tr><tr bgcolor=""#E3E3F3""> <th>PLN_AREA_N</th> <td>TOA PAYOH</td> </tr><tr bgcolor=""""> <th>PLN_AREA_C</th> <td>TP</td> </tr><tr bgcolor=""#E3E3F3""> <th>CA_IND</th> <td>N</td> </tr><tr bgcolor=""""> <th>REGION_N</th> <td>CENTRAL REGION</td> </tr><tr bgcolor=""#E3E3F3""> <th>REGION_C</th> <td>CR</td> </tr><tr bgcolor=""""> <th>INC_CRC</th> <td>85DD6CFD19B09A35</td> </tr><tr bgcolor=""#E3E3F3""> <th>FMEL_UPD_D</th> <td>20191223152014</td> </tr></table></center>",Toa Payoh,Central Region
TAO NAN SCHOOL,1.3049059,103.911434,Y,Y,Y,Y,POINT (103.911434 1.3049059),38,kml_39,"<center><table><tr><th colspan='2' align='center'><em>Attributes</em></th></tr><tr bgcolor=""#E3E3F3""> <th>PLN_AREA_N</th> <td>MARINE PARADE</td> </tr><tr bgcolor=""""> <th>PLN_AREA_C</th> <td>MP</td> </tr><tr bgcolor=""#E3E3F3""> <th>CA_IND</th> <td>N</td> </tr><tr bgcolor=""""> <th>REGION_N</th> <td>CENTRAL REGION</td> </tr><tr bgcolor=""#E3E3F3""> <th>REGION_C</th> <td>CR</td> </tr><tr bgcolor=""""> <th>INC_CRC</th> <td>277A84C803F3A399</td> </tr><tr bgcolor=""#E3E3F3""> <th>FMEL_UPD_D</th> <td>20191223152014</td> </tr></table></center>",Marine Parade,Central Region
KONG HWA SCHOOL,1.311089,103.8881773,Y,Y,Y,N,POINT (103.8881773 1.311089),52,kml_53,"<center><table><tr><th colspan='2' align='center'><em>Attributes</em></th></tr><tr bgcolor=""#E3E3F3""> <th>PLN_AREA_N</th> <td>GEYLANG</td> </tr><tr bgcolor=""""> <th>PLN_AREA_C</th> <td>GL</td> </tr><tr bgcolor=""#E3E3F3""> <th>CA_IND</th> <td>N</td> </tr><tr bgcolor=""""> <th>REGION_N</th> <td>CENTRAL REGION</td> </tr><tr bgcolor=""#E3E3F3""> <th>REGION_C</th> <td>CR</td> </tr><tr bgcolor=""""> <th>INC_CRC</th> <td>FC8678CF0ED975CA</td> </tr><tr bgcolor=""#E3E3F3""> <th>FMEL_UPD_D</th> <td>20191223152014</td> </tr></table></center>",Geylang,Central Region
MAHA BODHI SCHOOL,1.3284131,103.9015463,Y,N,Y,N,POINT (103.9015463 1.3284131),52,kml_53,"<center><table><tr><th colspan='2' align='center'><em>Attributes</em></th></tr><tr bgcolor=""#E3E3F3""> <th>PLN_AREA_N</th> <td>GEYLANG</td> </tr><tr bgcolor=""""> <th>PLN_AREA_C</th> <td>GL</td> </tr><tr bgcolor=""#E3E3F3""> <th>CA_IND</th> <td>N</td> </tr><tr bgcolor=""""> <th>REGION_N</th> <td>CENTRAL REGION</td> </tr><tr bgcolor=""#E3E3F3""> <th>REGION_C</th> <td>CR</td> </tr><tr bgcolor=""""> <th>INC_CRC</th> <td>FC8678CF0ED975CA</td> </tr><tr bgcolor=""#E3E3F3""> <th>FMEL_UPD_D</th> <td>20191223152014</td> </tr></table></center>",Geylang,Central Region
MARIS STELLA HIGH SCHOOL,1.3411414,103.8776654,Y,N,Y,N,POINT (103.8776654 1.3411414),28,kml_29,"<center><table><tr><th colspan='2' align='center'><em>Attributes</em></th></tr><tr bgcolor=""#E3E3F3""> <th>PLN_AREA_N</th> <td>TOA PAYOH</td> </tr><tr bgcolor=""""> <th>PLN_AREA_C</th> <td>TP</td> </tr><tr bgcolor=""#E3E3F3""> <th>CA_IND</th> <td>N</td> </tr><tr bgcolor=""""> <th>REGION_N</th> <td>CENTRAL REGION</td> </tr><tr bgcolor=""#E3E3F3""> <th>REGION_C</th> <td>CR</td> </tr><tr bgcolor=""""> <th>INC_CRC</th> <td>85DD6CFD19B09A35</td> </tr><tr bgcolor=""#E3E3F3""> <th>FMEL_UPD_D</th> <td>20191223152014</td> </tr></table></center>",Toa Payoh,Central Region
MARYMOUNT CONVENT SCHOOL,1.3406106,103.8400154,N,N,N,N,POINT (103.8400154 1.3406106),28,kml_29,"<center><table><tr><th colspan='2' align='center'><em>Attributes</em></th></tr><tr bgcolor=""#E3E3F3""> <th>PLN_AREA_N</th> <td>TOA PAYOH</td> </tr><tr bgcolor=""""> <th>PLN_AREA_C</th> <td>TP</td> </tr><tr bgcolor=""#E3E3F3""> <th>CA_IND</th> <td>N</td> </tr><tr bgcolor=""""> <th>REGION_N</th> <td>CENTRAL REGION</td> </tr><tr bgcolor=""#E3E3F3""> <th>REGION_C</th> <td>CR</td> </tr><tr bgcolor=""""> <th>INC_CRC</th> <td>85DD6CFD19B09A35</td> </tr><tr bgcolor=""#E3E3F3""> <th>FMEL_UPD_D</th> <td>20191223152014</td> </tr></table></center>",Toa Payoh,Central Region
MEE TOH SCHOOL,1.3947729,103.9089333,Y,N,N,N,POINT (103.9089333 1.3947729),15,kml_16,"<center><table><tr><th colspan='2' align='center'><em>Attributes</em></th></tr><tr bgcolor=""#E3E3F3""> <th>PLN_AREA_N</th> <td>PUNGGOL</td> </tr><tr bgcolor=""""> <th>PLN_AREA_C</th> <td>PG</td> </tr><tr bgcolor=""#E3E3F3""> <th>CA_IND</th> <td>N</td> </tr><tr bgcolor=""""> <th>REGION_N</th> <td>NORTH-EAST REGION</td> </tr><tr bgcolor=""#E3E3F3""> <th>REGION_C</th> <td>NER</td> </tr><tr bgcolor=""""> <th>INC_CRC</th> <td>DA6BAAC88FE4D2B4</td> </tr><tr bgcolor=""#E3E3F3""> <th>FMEL_UPD_D</th> <td>20191223152014</td> </tr></table></center>",Punggol,North-East Region
PEI CHUN PUBLIC SCHOOL,1.3371187,103.8558037,Y,N,Y,N,POINT (103.8558037 1.3371187),28,kml_29,"<center><table><tr><th colspan='2' align='center'><em>Attributes</em></th></tr><tr bgcolor=""#E3E3F3""> <th>PLN_AREA_N</th> <td>TOA PAYOH</td> </tr><tr bgcolor=""""> <th>PLN_AREA_C</th> <td>TP</td> </tr><tr bgcolor=""#E3E3F3""> <th>CA_IND</th> <td>N</td> </tr><tr bgcolor=""""> <th>REGION_N</th> <td>CENTRAL REGION</td> </tr><tr bgcolor=""#E3E3F3""> <th>REGION_C</th> <td>CR</td> </tr><tr bgcolor=""""> <th>INC_CRC</th> <td>85DD6CFD19B09A35</td> </tr><tr bgcolor=""#E3E3F3""> <th>FMEL_UPD_D</th> <td>20191223152014</td> </tr></table></center>",Toa Payoh,Central Region
POI CHING SCHOOL,1.3579299,103.9356567,Y,N,Y,N,POINT (103.9356567 1.3579299),46,kml_47,"<center><table><tr><th colspan='2' align='center'><em>Attributes</em></th></tr><tr bgcolor=""#E3E3F3""> <th>PLN_AREA_N</th> <td>TAMPINES</td> </tr><tr bgcolor=""""> <th>PLN_AREA_C</th> <td>TM</td> </tr><tr bgcolor=""#E3E3F3""> <th>CA_IND</th> <td>N</td> </tr><tr bgcolor=""""> <th>REGION_N</th> <td>EAST REGION</td> </tr><tr bgcolor=""#E3E3F3""> <th>REGION_C</th> <td>ER</td> </tr><tr bgcolor=""""> <th>INC_CRC</th> <td>9988953DFA610218</td> </tr><tr bgcolor=""#E3E3F3""> <th>FMEL_UPD_D</th> <td>20191223152014</td> </tr></table></center>",Tampines,East Region
