name,latitude,longitude,geometry,index_right,Name,Description,planning_area,region
The Pit,1.27811388348071,103.844202079592,POINT (103.844202079592 1.27811388348071),45,kml_46,"<center><table><tr><th colspan='2' align='center'><em>Attributes</em></th></tr><tr bgcolor=""#E3E3F3""> <th>PLN_AREA_N</th> <td>OUTRAM</td> </tr><tr bgcolor=""""> <th>PLN_AREA_C</th> <td>OT</td> </tr><tr bgcolor=""#E3E3F3""> <th>CA_IND</th> <td>Y</td> </tr><tr bgcolor=""""> <th>REGION_N</th> <td>CENTRAL REGION</td> </tr><tr bgcolor=""#E3E3F3""> <th>REGION_C</th> <td>CR</td> </tr><tr bgcolor=""""> <th>INC_CRC</th> <td>5602F03839AD2D0C</td> </tr><tr bgcolor=""#E3E3F3""> <th>FMEL_UPD_D</th> <td>20191223152014</td> </tr></table></center>",Outram,Central Region
The Stable Mixed Martial Arts,1.3342195983767,103.795898242377,POINT (103.795898242377 1.3342195983767),5,kml_6,"<center><table><tr><th colspan='2' align='center'><em>Attributes</em></th></tr><tr bgcolor=""#E3E3F3""> <th>PLN_AREA_N</th> <td>BUKIT TIMAH</td> </tr><tr bgcolor=""""> <th>PLN_AREA_C</th> <td>BT</td> </tr><tr bgcolor=""#E3E3F3""> <th>CA_IND</th> <td>N</td> </tr><tr bgcolor=""""> <th>REGION_N</th> <td>CENTRAL REGION</td> </tr><tr bgcolor=""#E3E3F3""> <th>REGION_C</th> <td>CR</td> </tr><tr bgcolor=""""> <th>INC_CRC</th> <td>DB3037AA30D8CCDD</td> </tr><tr bgcolor=""#E3E3F3""> <th>FMEL_UPD_D</th> <td>20191223152014</td> </tr></table></center>",Bukit Timah,Central Region
Bishan ClubFITT Gym,1.35528262760188,103.850922071159,POINT (103.850922071159 1.35528262760188),50,kml_51,"<center><table><tr><th colspan='2' align='center'><em>Attributes</em></th></tr><tr bgcolor=""#E3E3F3""> <th>PLN_AREA_N</th> <td>BISHAN</td> </tr><tr bgcolor=""""> <th>PLN_AREA_C</th> <td>BS</td> </tr><tr bgcolor=""#E3E3F3""> <th>CA_IND</th> <td>N</td> </tr><tr bgcolor=""""> <th>REGION_N</th> <td>CENTRAL REGION</td> </tr><tr bgcolor=""#E3E3F3""> <th>REGION_C</th> <td>CR</td> </tr><tr bgcolor=""""> <th>INC_CRC</th> <td>741583155DB92ACF</td> </tr><tr bgcolor=""#E3E3F3""> <th>FMEL_UPD_D</th> <td>20191223152014</td> </tr></table></center>",Bishan,Central Region
The Yoga Place,1.30992191079359,103.862090963732,POINT (103.862090963732 1.30992191079359),21,kml_22,"<center><table><tr><th colspan='2' align='center'><em>Attributes</em></th></tr><tr bgcolor=""#E3E3F3""> <th>PLN_AREA_N</th> <td>KALLANG</td> </tr><tr bgcolor=""""> <th>PLN_AREA_C</th> <td>KL</td> </tr><tr bgcolor=""#E3E3F3""> <th>CA_IND</th> <td>N</td> </tr><tr bgcolor=""""> <th>REGION_N</th> <td>CENTRAL REGION</td> </tr><tr bgcolor=""#E3E3F3""> <th>REGION_C</th> <td>CR</td> </tr><tr bgcolor=""""> <th>INC_CRC</th> <td>8805C45D2F327F92</td> </tr><tr bgcolor=""#E3E3F3""> <th>FMEL_UPD_D</th> <td>20191223152014</td> </tr></table></center>",Kallang,Central Region
Sky Fitness - Serangoon Gardens,1.36000966368369,103.85957105374,POINT (103.85957105374 1.36000966368369),20,kml_21,"<center><table><tr><th colspan='2' align='center'><em>Attributes</em></th></tr><tr bgcolor=""#E3E3F3""> <th>PLN_AREA_N</th> <td>SERANGOON</td> </tr><tr bgcolor=""""> <th>PLN_AREA_C</th> <td>SG</td> </tr><tr bgcolor=""#E3E3F3""> <th>CA_IND</th> <td>N</td> </tr><tr bgcolor=""""> <th>REGION_N</th> <td>NORTH-EAST REGION</td> </tr><tr bgcolor=""#E3E3F3""> <th>REGION_C</th> <td>NER</td> </tr><tr bgcolor=""""> <th>INC_CRC</th> <td>17813E1F4CEBB72E</td> </tr><tr bgcolor=""#E3E3F3""> <th>FMEL_UPD_D</th> <td>20191223152014</td> </tr></table></center>",Serangoon,North-East Region
Slender Shapes - Serangoon Gardens Way,1.36389982541919,103.864884313373,POINT (103.864884313373 1.36389982541919),20,kml_21,"<center><table><tr><th colspan='2' align='center'><em>Attributes</em></th></tr><tr bgcolor=""#E3E3F3""> <th>PLN_AREA_N</th> <td>SERANGOON</td> </tr><tr bgcolor=""""> <th>PLN_AREA_C</th> <td>SG</td> </tr><tr bgcolor=""#E3E3F3""> <th>CA_IND</th> <td>N</td> </tr><tr bgcolor=""""> <th>REGION_N</th> <td>NORTH-EAST REGION</td> </tr><tr bgcolor=""#E3E3F3""> <th>REGION_C</th> <td>NER</td> </tr><tr bgcolor=""""> <th>INC_CRC</th> <td>17813E1F4CEBB72E</td> </tr><tr bgcolor=""#E3E3F3""> <th>FMEL_UPD_D</th> <td>20191223152014</td> </tr></table></center>",Serangoon,North-East Region
Woodlands ClubFITT Gym,1.43489537703518,103.780306573729,POINT (103.780306573729 1.43489537703518),32,kml_33,"<center><table><tr><th colspan='2' align='center'><em>Attributes</em></th></tr><tr bgcolor=""#E3E3F3""> <th>PLN_AREA_N</th> <td>WOODLANDS</td> </tr><tr bgcolor=""""> <th>PLN_AREA_C</th> <td>WD</td> </tr><tr bgcolor=""#E3E3F3""> <th>CA_IND</th> <td>N</td> </tr><tr bgcolor=""""> <th>REGION_N</th> <td>NORTH REGION</td> </tr><tr bgcolor=""#E3E3F3""> <th>REGION_C</th> <td>NR</td> </tr><tr bgcolor=""""> <th>INC_CRC</th> <td>C93AEED43B7939D3</td> </tr><tr bgcolor=""#E3E3F3""> <th>FMEL_UPD_D</th> <td>20191223152014</td> </tr></table></center>",Woodlands,North Region
Yio Chu Kang ClubFITT Gym,1.38227243116352,103.845767858372,POINT (103.845767858372 1.38227243116352),51,kml_52,"<center><table><tr><th colspan='2' align='center'><em>Attributes</em></th></tr><tr bgcolor=""#E3E3F3""> <th>PLN_AREA_N</th> <td>ANG MO KIO</td> </tr><tr bgcolor=""""> <th>PLN_AREA_C</th> <td>AM</td> </tr><tr bgcolor=""#E3E3F3""> <th>CA_IND</th> <td>N</td> </tr><tr bgcolor=""""> <th>REGION_N</th> <td>NORTH-EAST REGION</td> </tr><tr bgcolor=""#E3E3F3""> <th>REGION_C</th> <td>NER</td> </tr><tr bgcolor=""""> <th>INC_CRC</th> <td>88DAC92AEAF47E93</td> </tr><tr bgcolor=""#E3E3F3""> <th>FMEL_UPD_D</th> <td>20191223152014</td> </tr></table></center>",Ang Mo Kio,North-East Region
Yishun ClubFITT Gym,1.41201836574556,103.83117739651,POINT (103.83117739651 1.41201836574556),54,kml_55,"<center><table><tr><th colspan='2' align='center'><em>Attributes</em></th></tr><tr bgcolor=""#E3E3F3""> <th>PLN_AREA_N</th> <td>YISHUN</td> </tr><tr bgcolor=""""> <th>PLN_AREA_C</th> <td>YS</td> </tr><tr bgcolor=""#E3E3F3""> <th>CA_IND</th> <td>N</td> </tr><tr bgcolor=""""> <th>REGION_N</th> <td>NORTH REGION</td> </tr><tr bgcolor=""#E3E3F3""> <th>REGION_C</th> <td>NR</td> </tr><tr bgcolor=""""> <th>INC_CRC</th> <td>E56BC88A635A3D89</td> </tr><tr bgcolor=""#E3E3F3""> <th>FMEL_UPD_D</th> <td>20191223152014</td> </tr></table></center>",Yishun,North Region
Zattva Yoga Studio,1.30125729612721,103.841150152248,POINT (103.841150152248 1.30125729612721),44,kml_45,"<center><table><tr><th colspan='2' align='center'><em>Attributes</em></th></tr><tr bgcolor=""#E3E3F3""> <th>PLN_AREA_N</th> <td>ORCHARD</td> </tr><tr bgcolor=""""> <th>PLN_AREA_C</th> <td>OR</td> </tr><tr bgcolor=""#E3E3F3""> <th>CA_IND</th> <td>Y</td> </tr><tr bgcolor=""""> <th>REGION_N</th> <td>CENTRAL REGION</td> </tr><tr bgcolor=""#E3E3F3""> <th>REGION_C</th> <td>CR</td> </tr><tr bgcolor=""""> <th>INC_CRC</th> <td>0A8593C8FB61AF7D</td> </tr><tr bgcolor=""#E3E3F3""> <th>FMEL_UPD_D</th> <td>20191223152014</td> </tr></table></center>",Orchard,Central Region
Fitness First - One Raffles Quay,1.28089478900143,103.851677105821,POINT (103.851677105821 1.28089478900143),39,kml_40,"<center><table><tr><th colspan='2' align='center'><em>Attributes</em></th></tr><tr bgcolor=""#E3E3F3""> <th>PLN_AREA_N</th> <td>DOWNTOWN CORE</td> </tr><tr bgcolor=""""> <th>PLN_AREA_C</th> <td>DT</td> </tr><tr bgcolor=""#E3E3F3""> <th>CA_IND</th> <td>Y</td> </tr><tr bgcolor=""""> <th>REGION_N</th> <td>CENTRAL REGION</td> </tr><tr bgcolor=""#E3E3F3""> <th>REGION_C</th> <td>CR</td> </tr><tr bgcolor=""""> <th>INC_CRC</th> <td>5D85EA05D2C6189D</td> </tr><tr bgcolor=""#E3E3F3""> <th>FMEL_UPD_D</th> <td>20191223152014</td> </tr></table></center>",Downtown Core,Central Region
Fitness First - Paragon,1.30372322367268,103.835240311923,POINT (103.835240311923 1.30372322367268),44,kml_45,"<center><table><tr><th colspan='2' align='center'><em>Attributes</em></th></tr><tr bgcolor=""#E3E3F3""> <th>PLN_AREA_N</th> <td>ORCHARD</td> </tr><tr bgcolor=""""> <th>PLN_AREA_C</th> <td>OR</td> </tr><tr bgcolor=""#E3E3F3""> <th>CA_IND</th> <td>Y</td> </tr><tr bgcolor=""""> <th>REGION_N</th> <td>CENTRAL REGION</td> </tr><tr bgcolor=""#E3E3F3""> <th>REGION_C</th> <td>CR</td> </tr><tr bgcolor=""""> <th>INC_CRC</th> <td>0A8593C8FB61AF7D</td> </tr><tr bgcolor=""#E3E3F3""> <th>FMEL_UPD_D</th> <td>20191223152014</td> </tr></table></center>",Orchard,Central Region
True Fitness - Great World City,1.29380236091495,103.831757911005,POINT (103.831757911005 1.29380236091495),35,kml_36,"<center><table><tr><th colspan='2' align='center'><em>Attributes</em></th></tr><tr bgcolor=""#E3E3F3""> <th>PLN_AREA_N</th> <td>SINGAPORE RIVER</td> </tr><tr bgcolor=""""> <th>PLN_AREA_C</th> <td>SR</td> </tr><tr bgcolor=""#E3E3F3""> <th>CA_IND</th> <td>Y</td> </tr><tr bgcolor=""""> <th>REGION_N</th> <td>CENTRAL REGION</td> </tr><tr bgcolor=""#E3E3F3""> <th>REGION_C</th> <td>CR</td> </tr><tr bgcolor=""""> <th>INC_CRC</th> <td>45948364EA9839EA</td> </tr><tr bgcolor=""#E3E3F3""> <th>FMEL_UPD_D</th> <td>20191223152014</td> </tr></table></center>",Singapore River,Central Region
California Fitness - Bugis,1.30014248326867,103.855786976518,POINT (103.855786976518 1.30014248326867),39,kml_40,"<center><table><tr><th colspan='2' align='center'><em>Attributes</em></th></tr><tr bgcolor=""#E3E3F3""> <th>PLN_AREA_N</th> <td>DOWNTOWN CORE</td> </tr><tr bgcolor=""""> <th>PLN_AREA_C</th> <td>DT</td> </tr><tr bgcolor=""#E3E3F3""> <th>CA_IND</th> <td>Y</td> </tr><tr bgcolor=""""> <th>REGION_N</th> <td>CENTRAL REGION</td> </tr><tr bgcolor=""#E3E3F3""> <th>REGION_C</th> <td>CR</td> </tr><tr bgcolor=""""> <th>INC_CRC</th> <td>5D85EA05D2C6189D</td> </tr><tr bgcolor=""#E3E3F3""> <th>FMEL_UPD_D</th> <td>20191223152014</td> </tr></table></center>",Downtown Core,Central Region
Fitness First - AMK Hub,1.36924890739398,103.848399235571,POINT (103.848399235571 1.36924890739398),51,kml_52,"<center><table><tr><th colspan='2' align='center'><em>Attributes</em></th></tr><tr bgcolor=""#E3E3F3""> <th>PLN_AREA_N</th> <td>ANG MO KIO</td> </tr><tr bgcolor=""""> <th>PLN_AREA_C</th> <td>AM</td> </tr><tr bgcolor=""#E3E3F3""> <th>CA_IND</th> <td>N</td> </tr><tr bgcolor=""""> <th>REGION_N</th> <td>NORTH-EAST REGION</td> </tr><tr bgcolor=""#E3E3F3""> <th>REGION_C</th> <td>NER</td> </tr><tr bgcolor=""""> <th>INC_CRC</th> <td>88DAC92AEAF47E93</td> </tr><tr bgcolor=""#E3E3F3""> <th>FMEL_UPD_D</th> <td>20191223152014</td> </tr></table></center>",Ang Mo Kio,North-East Region
California Fitness - Velocity@Novena Square,1.32021101601674,103.843656771807,POINT (103.843656771807 1.32021101601674),24,kml_25,"<center><table><tr><th colspan='2' align='center'><em>Attributes</em></th></tr><tr bgcolor=""#E3E3F3""> <th>PLN_AREA_N</th> <td>NOVENA</td> </tr><tr bgcolor=""""> <th>PLN_AREA_C</th> <td>NV</td> </tr><tr bgcolor=""#E3E3F3""> <th>CA_IND</th> <td>N</td> </tr><tr bgcolor=""""> <th>REGION_N</th> <td>CENTRAL REGION</td> </tr><tr bgcolor=""#E3E3F3""> <th>REGION_C</th> <td>CR</td> </tr><tr bgcolor=""""> <th>INC_CRC</th> <td>26D3DCBD67CE3F87</td> </tr><tr bgcolor=""#E3E3F3""> <th>FMEL_UPD_D</th> <td>20191223152014</td> </tr></table></center>",Novena,Central Region
Fitness First - Alexandra (Mapletree Business City),1.274827493389,103.799064826968,POINT (103.799064826968 1.274827493389),16,kml_17,"<center><table><tr><th colspan='2' align='center'><em>Attributes</em></th></tr><tr bgcolor=""#E3E3F3""> <th>PLN_AREA_N</th> <td>QUEENSTOWN</td> </tr><tr bgcolor=""""> <th>PLN_AREA_C</th> <td>QT</td> </tr><tr bgcolor=""#E3E3F3""> <th>CA_IND</th> <td>N</td> </tr><tr bgcolor=""""> <th>REGION_N</th> <td>CENTRAL REGION</td> </tr><tr bgcolor=""#E3E3F3""> <th>REGION_C</th> <td>CR</td> </tr><tr bgcolor=""""> <th>INC_CRC</th> <td>C0170DF008A88671</td> </tr><tr bgcolor=""#E3E3F3""> <th>FMEL_UPD_D</th> <td>20191223152014</td> </tr></table></center>",Queenstown,Central Region
Evolve MMA - POMO Mall,1.3001084594134,103.849264282609,POINT (103.849264282609 1.3001084594134),34,kml_35,"<center><table><tr><th colspan='2' align='center'><em>Attributes</em></th></tr><tr bgcolor=""#E3E3F3""> <th>PLN_AREA_N</th> <td>ROCHOR</td> </tr><tr bgcolor=""""> <th>PLN_AREA_C</th> <td>RC</td> </tr><tr bgcolor=""#E3E3F3""> <th>CA_IND</th> <td>Y</td> </tr><tr bgcolor=""""> <th>REGION_N</th> <td>CENTRAL REGION</td> </tr><tr bgcolor=""#E3E3F3""> <th>REGION_C</th> <td>CR</td> </tr><tr bgcolor=""""> <th>INC_CRC</th> <td>AB3524B3970C1C40</td> </tr><tr bgcolor=""#E3E3F3""> <th>FMEL_UPD_D</th> <td>20191223152014</td> </tr></table></center>",Rochor,Central Region
Fitness First - Captial Tower,1.27771181456553,103.847522674168,POINT (103.847522674168 1.27771181456553),39,kml_40,"<center><table><tr><th colspan='2' align='center'><em>Attributes</em></th></tr><tr bgcolor=""#E3E3F3""> <th>PLN_AREA_N</th> <td>DOWNTOWN CORE</td> </tr><tr bgcolor=""""> <th>PLN_AREA_C</th> <td>DT</td> </tr><tr bgcolor=""#E3E3F3""> <th>CA_IND</th> <td>Y</td> </tr><tr bgcolor=""""> <th>REGION_N</th> <td>CENTRAL REGION</td> </tr><tr bgcolor=""#E3E3F3""> <th>REGION_C</th> <td>CR</td> </tr><tr bgcolor=""""> <th>INC_CRC</th> <td>5D85EA05D2C6189D</td> </tr><tr bgcolor=""#E3E3F3""> <th>FMEL_UPD_D</th> <td>20191223152014</td> </tr></table></center>",Downtown Core,Central Region
Yoga Connections,1.31923098288927,103.914005195669,POINT (103.914005195669 1.31923098288927),0,kml_1,"<center><table><tr><th colspan='2' align='center'><em>Attributes</em></th></tr><tr bgcolor=""#E3E3F3""> <th>PLN_AREA_N</th> <td>BEDOK</td> </tr><tr bgcolor=""""> <th>PLN_AREA_C</th> <td>BD</td> </tr><tr bgcolor=""#E3E3F3""> <th>CA_IND</th> <td>N</td> </tr><tr bgcolor=""""> <th>REGION_N</th> <td>EAST REGION</td> </tr><tr bgcolor=""#E3E3F3""> <th>REGION_C</th> <td>ER</td> </tr><tr bgcolor=""""> <th>INC_CRC</th> <td>5F00E6FF084F3364</td> </tr><tr bgcolor=""#E3E3F3""> <th>FMEL_UPD_D</th> <td>20191223152014</td> </tr></table></center>",Bedok,East Region
California Fitness - Raffles,1.28348363887373,103.850574044319,POINT (103.850574044319 1.28348363887373),39,kml_40,"<center><table><tr><th colspan='2' align='center'><em>Attributes</em></th></tr><tr bgcolor=""#E3E3F3""> <th>PLN_AREA_N</th> <td>DOWNTOWN CORE</td> </tr><tr bgcolor=""""> <th>PLN_AREA_C</th> <td>DT</td> </tr><tr bgcolor=""#E3E3F3""> <th>CA_IND</th> <td>Y</td> </tr><tr bgcolor=""""> <th>REGION_N</th> <td>CENTRAL REGION</td> </tr><tr bgcolor=""#E3E3F3""> <th>REGION_C</th> <td>CR</td> </tr><tr bgcolor=""""> <th>INC_CRC</th> <td>5D85EA05D2C6189D</td> </tr><tr bgcolor=""#E3E3F3""> <th>FMEL_UPD_D</th> <td>20191223152014</td> </tr></table></center>",Downtown Core,Central Region
True Fitness - Suntec City,1.29487905112126,103.857675501543,POINT (103.857675501543 1.29487905112126),39,kml_40,"<center><table><tr><th colspan='2' align='center'><em>Attributes</em></th></tr><tr bgcolor=""#E3E3F3""> <th>PLN_AREA_N</th> <td>DOWNTOWN CORE</td> </tr><tr bgcolor=""""> <th>PLN_AREA_C</th> <td>DT</td> </tr><tr bgcolor=""#E3E3F3""> <th>CA_IND</th> <td>Y</td> </tr><tr bgcolor=""""> <th>REGION_N</th> <td>CENTRAL REGION</td> </tr><tr bgcolor=""#E3E3F3""> <th>REGION_C</th> <td>CR</td> </tr><tr bgcolor=""""> <th>INC_CRC</th> <td>5D85EA05D2C6189D</td> </tr><tr bgcolor=""#E3E3F3""> <th>FMEL_UPD_D</th> <td>20191223152014</td> </tr></table></center>",Downtown Core,Central Region
Union Yoga Ayurveda (Kembangan Branch),1.31988383852338,103.912862460833,POINT (103.912862460833 1.31988383852338),0,kml_1,"<center><table><tr><th colspan='2' align='center'><em>Attributes</em></th></tr><tr bgcolor=""#E3E3F3""> <th>PLN_AREA_N</th> <td>BEDOK</td> </tr><tr bgcolor=""""> <th>PLN_AREA_C</th> <td>BD</td> </tr><tr bgcolor=""#E3E3F3""> <th>CA_IND</th> <td>N</td> </tr><tr bgcolor=""""> <th>REGION_N</th> <td>EAST REGION</td> </tr><tr bgcolor=""#E3E3F3""> <th>REGION_C</th> <td>ER</td> </tr><tr bgcolor=""""> <th>INC_CRC</th> <td>5F00E6FF084F3364</td> </tr><tr bgcolor=""#E3E3F3""> <th>FMEL_UPD_D</th> <td>20191223152014</td> </tr></table></center>",Bedok,East Region
Union Yoga Ayurveda (Beauty World Branch),1.34174220136525,103.772716769692,POINT (103.772716769692 1.34174220136525),5,kml_6,"<center><table><tr><th colspan='2' align='center'><em>Attributes</em></th></tr><tr bgcolor=""#E3E3F3""> <th>PLN_AREA_N</th> <td>BUKIT TIMAH</td> </tr><tr bgcolor=""""> <th>PLN_AREA_C</th> <td>BT</td> </tr><tr bgcolor=""#E3E3F3""> <th>CA_IND</th> <td>N</td> </tr><tr bgcolor=""""> <th>REGION_N</th> <td>CENTRAL REGION</td> </tr><tr bgcolor=""#E3E3F3""> <th>REGION_C</th> <td>CR</td> </tr><tr bgcolor=""""> <th>INC_CRC</th> <td>DB3037AA30D8CCDD</td> </tr><tr bgcolor=""#E3E3F3""> <th>FMEL_UPD_D</th> <td>20191223152014</td> </tr></table></center>",Bukit Timah,Central Region
Rhythmic Yoga Works,1.29800183598617,103.856934794867,POINT (103.856934794867 1.29800183598617),39,kml_40,"<center><table><tr><th colspan='2' align='center'><em>Attributes</em></th></tr><tr bgcolor=""#E3E3F3""> <th>PLN_AREA_N</th> <td>DOWNTOWN CORE</td> </tr><tr bgcolor=""""> <th>PLN_AREA_C</th> <td>DT</td> </tr><tr bgcolor=""#E3E3F3""> <th>CA_IND</th> <td>Y</td> </tr><tr bgcolor=""""> <th>REGION_N</th> <td>CENTRAL REGION</td> </tr><tr bgcolor=""#E3E3F3""> <th>REGION_C</th> <td>CR</td> </tr><tr bgcolor=""""> <th>INC_CRC</th> <td>5D85EA05D2C6189D</td> </tr><tr bgcolor=""#E3E3F3""> <th>FMEL_UPD_D</th> <td>20191223152014</td> </tr></table></center>",Downtown Core,Central Region
Neue,1.30384327849927,103.872750707738,POINT (103.872750707738 1.30384327849927),21,kml_22,"<center><table><tr><th colspan='2' align='center'><em>Attributes</em></th></tr><tr bgcolor=""#E3E3F3""> <th>PLN_AREA_N</th> <td>KALLANG</td> </tr><tr bgcolor=""""> <th>PLN_AREA_C</th> <td>KL</td> </tr><tr bgcolor=""#E3E3F3""> <th>CA_IND</th> <td>N</td> </tr><tr bgcolor=""""> <th>REGION_N</th> <td>CENTRAL REGION</td> </tr><tr bgcolor=""#E3E3F3""> <th>REGION_C</th> <td>CR</td> </tr><tr bgcolor=""""> <th>INC_CRC</th> <td>8805C45D2F327F92</td> </tr><tr bgcolor=""#E3E3F3""> <th>FMEL_UPD_D</th> <td>20191223152014</td> </tr></table></center>",Kallang,Central Region
Om Shiva Yoga - Chip Bee,1.31099316329402,103.797538795862,POINT (103.797538795862 1.31099316329402),5,kml_6,"<center><table><tr><th colspan='2' align='center'><em>Attributes</em></th></tr><tr bgcolor=""#E3E3F3""> <th>PLN_AREA_N</th> <td>BUKIT TIMAH</td> </tr><tr bgcolor=""""> <th>PLN_AREA_C</th> <td>BT</td> </tr><tr bgcolor=""#E3E3F3""> <th>CA_IND</th> <td>N</td> </tr><tr bgcolor=""""> <th>REGION_N</th> <td>CENTRAL REGION</td> </tr><tr bgcolor=""#E3E3F3""> <th>REGION_C</th> <td>CR</td> </tr><tr bgcolor=""""> <th>INC_CRC</th> <td>DB3037AA30D8CCDD</td> </tr><tr bgcolor=""#E3E3F3""> <th>FMEL_UPD_D</th> <td>20191223152014</td> </tr></table></center>",Bukit Timah,Central Region
Om Shiva Yoga - Horse City,1.3342195983767,103.795898242377,POINT (103.795898242377 1.3342195983767),5,kml_6,"<center><table><tr><th colspan='2' align='center'><em>Attributes</em></th></tr><tr bgcolor=""#E3E3F3""> <th>PLN_AREA_N</th> <td>BUKIT TIMAH</td> </tr><tr bgcolor=""""> <th>PLN_AREA_C</th> <td>BT</td> </tr><tr bgcolor=""#E3E3F3""> <th>CA_IND</th> <td>N</td> </tr><tr bgcolor=""""> <th>REGION_N</th> <td>CENTRAL REGION</td> </tr><tr bgcolor=""#E3E3F3""> <th>REGION_C</th> <td>CR</td> </tr><tr bgcolor=""""> <th>INC_CRC</th> <td>DB3037AA30D8CCDD</td> </tr><tr bgcolor=""#E3E3F3""> <th>FMEL_UPD_D</th> <td>20191223152014</td> </tr></table></center>",Bukit Timah,Central Region
OMG Yoga,1.33386246359672,103.73870827223,POINT (103.73870827223 1.33386246359672),11,kml_12,"<center><table><tr><th colspan='2' align='center'><em>Attributes</em></th></tr><tr bgcolor=""#E3E3F3""> <th>PLN_AREA_N</th> <td>JURONG EAST</td> </tr><tr bgcolor=""""> <th>PLN_AREA_C</th> <td>JE</td> </tr><tr bgcolor=""#E3E3F3""> <th>CA_IND</th> <td>N</td> </tr><tr bgcolor=""""> <th>REGION_N</th> <td>WEST REGION</td> </tr><tr bgcolor=""#E3E3F3""> <th>REGION_C</th> <td>WR</td> </tr><tr bgcolor=""""> <th>INC_CRC</th> <td>77E230E08D3989E7</td> </tr><tr bgcolor=""#E3E3F3""> <th>FMEL_UPD_D</th> <td>20191223152014</td> </tr></table></center>",Jurong East,West Region
Philip Wain,1.31733464253519,103.843463185078,POINT (103.843463185078 1.31733464253519),24,kml_25,"<center><table><tr><th colspan='2' align='center'><em>Attributes</em></th></tr><tr bgcolor=""#E3E3F3""> <th>PLN_AREA_N</th> <td>NOVENA</td> </tr><tr bgcolor=""""> <th>PLN_AREA_C</th> <td>NV</td> </tr><tr bgcolor=""#E3E3F3""> <th>CA_IND</th> <td>N</td> </tr><tr bgcolor=""""> <th>REGION_N</th> <td>CENTRAL REGION</td> </tr><tr bgcolor=""#E3E3F3""> <th>REGION_C</th> <td>CR</td> </tr><tr bgcolor=""""> <th>INC_CRC</th> <td>26D3DCBD67CE3F87</td> </tr><tr bgcolor=""#E3E3F3""> <th>FMEL_UPD_D</th> <td>20191223152014</td> </tr></table></center>",Novena,Central Region
Pure Fitness - Knightsbridge (Asia Square),1.30310526758961,103.836202014579,POINT (103.836202014579 1.30310526758961),44,kml_45,"<center><table><tr><th colspan='2' align='center'><em>Attributes</em></th></tr><tr bgcolor=""#E3E3F3""> <th>PLN_AREA_N</th> <td>ORCHARD</td> </tr><tr bgcolor=""""> <th>PLN_AREA_C</th> <td>OR</td> </tr><tr bgcolor=""#E3E3F3""> <th>CA_IND</th> <td>Y</td> </tr><tr bgcolor=""""> <th>REGION_N</th> <td>CENTRAL REGION</td> </tr><tr bgcolor=""#E3E3F3""> <th>REGION_C</th> <td>CR</td> </tr><tr bgcolor=""""> <th>INC_CRC</th> <td>0A8593C8FB61AF7D</td> </tr><tr bgcolor=""#E3E3F3""> <th>FMEL_UPD_D</th> <td>20191223152014</td> </tr></table></center>",Orchard,Central Region
Krav Maga Singapore,1.28712786568231,103.84702569567,POINT (103.84702569567 1.28712786568231),35,kml_36,"<center><table><tr><th colspan='2' align='center'><em>Attributes</em></th></tr><tr bgcolor=""#E3E3F3""> <th>PLN_AREA_N</th> <td>SINGAPORE RIVER</td> </tr><tr bgcolor=""""> <th>PLN_AREA_C</th> <td>SR</td> </tr><tr bgcolor=""#E3E3F3""> <th>CA_IND</th> <td>Y</td> </tr><tr bgcolor=""""> <th>REGION_N</th> <td>CENTRAL REGION</td> </tr><tr bgcolor=""#E3E3F3""> <th>REGION_C</th> <td>CR</td> </tr><tr bgcolor=""""> <th>INC_CRC</th> <td>45948364EA9839EA</td> </tr><tr bgcolor=""#E3E3F3""> <th>FMEL_UPD_D</th> <td>20191223152014</td> </tr></table></center>",Singapore River,Central Region
Fitness First - Tampines,1.35308485692255,103.943586936734,POINT (103.943586936734 1.35308485692255),46,kml_47,"<center><table><tr><th colspan='2' align='center'><em>Attributes</em></th></tr><tr bgcolor=""#E3E3F3""> <th>PLN_AREA_N</th> <td>TAMPINES</td> </tr><tr bgcolor=""""> <th>PLN_AREA_C</th> <td>TM</td> </tr><tr bgcolor=""#E3E3F3""> <th>CA_IND</th> <td>N</td> </tr><tr bgcolor=""""> <th>REGION_N</th> <td>EAST REGION</td> </tr><tr bgcolor=""#E3E3F3""> <th>REGION_C</th> <td>ER</td> </tr><tr bgcolor=""""> <th>INC_CRC</th> <td>9988953DFA610218</td> </tr><tr bgcolor=""#E3E3F3""> <th>FMEL_UPD_D</th> <td>20191223152014</td> </tr></table></center>",Tampines,East Region
iPilates,1.30763492632515,103.83203806691,POINT (103.83203806691 1.30763492632515),44,kml_45,"<center><table><tr><th colspan='2' align='center'><em>Attributes</em></th></tr><tr bgcolor=""#E3E3F3""> <th>PLN_AREA_N</th> <td>ORCHARD</td> </tr><tr bgcolor=""""> <th>PLN_AREA_C</th> <td>OR</td> </tr><tr bgcolor=""#E3E3F3""> <th>CA_IND</th> <td>Y</td> </tr><tr bgcolor=""""> <th>REGION_N</th> <td>CENTRAL REGION</td> </tr><tr bgcolor=""#E3E3F3""> <th>REGION_C</th> <td>CR</td> </tr><tr bgcolor=""""> <th>INC_CRC</th> <td>0A8593C8FB61AF7D</td> </tr><tr bgcolor=""#E3E3F3""> <th>FMEL_UPD_D</th> <td>20191223152014</td> </tr></table></center>",Orchard,Central Region
California Fitness - Orchard- Ngee Ann City,1.30242417909429,103.83467613466,POINT (103.83467613466 1.30242417909429),44,kml_45,"<center><table><tr><th colspan='2' align='center'><em>Attributes</em></th></tr><tr bgcolor=""#E3E3F3""> <th>PLN_AREA_N</th> <td>ORCHARD</td> </tr><tr bgcolor=""""> <th>PLN_AREA_C</th> <td>OR</td> </tr><tr bgcolor=""#E3E3F3""> <th>CA_IND</th> <td>Y</td> </tr><tr bgcolor=""""> <th>REGION_N</th> <td>CENTRAL REGION</td> </tr><tr bgcolor=""#E3E3F3""> <th>REGION_C</th> <td>CR</td> </tr><tr bgcolor=""""> <th>INC_CRC</th> <td>0A8593C8FB61AF7D</td> </tr><tr bgcolor=""#E3E3F3""> <th>FMEL_UPD_D</th> <td>20191223152014</td> </tr></table></center>",Orchard,Central Region
True Fitness - China Square Central,1.28351522358922,103.846878913529,POINT (103.846878913529 1.28351522358922),45,kml_46,"<center><table><tr><th colspan='2' align='center'><em>Attributes</em></th></tr><tr bgcolor=""#E3E3F3""> <th>PLN_AREA_N</th> <td>OUTRAM</td> </tr><tr bgcolor=""""> <th>PLN_AREA_C</th> <td>OT</td> </tr><tr bgcolor=""#E3E3F3""> <th>CA_IND</th> <td>Y</td> </tr><tr bgcolor=""""> <th>REGION_N</th> <td>CENTRAL REGION</td> </tr><tr bgcolor=""#E3E3F3""> <th>REGION_C</th> <td>CR</td> </tr><tr bgcolor=""""> <th>INC_CRC</th> <td>5602F03839AD2D0C</td> </tr><tr bgcolor=""#E3E3F3""> <th>FMEL_UPD_D</th> <td>20191223152014</td> </tr></table></center>",Outram,Central Region
Sky Pilates,1.30508723301058,103.830722583997,POINT (103.830722583997 1.30508723301058),44,kml_45,"<center><table><tr><th colspan='2' align='center'><em>Attributes</em></th></tr><tr bgcolor=""#E3E3F3""> <th>PLN_AREA_N</th> <td>ORCHARD</td> </tr><tr bgcolor=""""> <th>PLN_AREA_C</th> <td>OR</td> </tr><tr bgcolor=""#E3E3F3""> <th>CA_IND</th> <td>Y</td> </tr><tr bgcolor=""""> <th>REGION_N</th> <td>CENTRAL REGION</td> </tr><tr bgcolor=""#E3E3F3""> <th>REGION_C</th> <td>CR</td> </tr><tr bgcolor=""""> <th>INC_CRC</th> <td>0A8593C8FB61AF7D</td> </tr><tr bgcolor=""#E3E3F3""> <th>FMEL_UPD_D</th> <td>20191223152014</td> </tr></table></center>",Orchard,Central Region
Slender Shapes - Eunos,1.33407188854164,103.904054104624,POINT (103.904054104624 1.33407188854164),0,kml_1,"<center><table><tr><th colspan='2' align='center'><em>Attributes</em></th></tr><tr bgcolor=""#E3E3F3""> <th>PLN_AREA_N</th> <td>BEDOK</td> </tr><tr bgcolor=""""> <th>PLN_AREA_C</th> <td>BD</td> </tr><tr bgcolor=""#E3E3F3""> <th>CA_IND</th> <td>N</td> </tr><tr bgcolor=""""> <th>REGION_N</th> <td>EAST REGION</td> </tr><tr bgcolor=""#E3E3F3""> <th>REGION_C</th> <td>ER</td> </tr><tr bgcolor=""""> <th>INC_CRC</th> <td>5F00E6FF084F3364</td> </tr><tr bgcolor=""#E3E3F3""> <th>FMEL_UPD_D</th> <td>20191223152014</td> </tr></table></center>",Bedok,East Region
Core Fitness Physiotherapy & Pilates Centre  - Forum The Shopping Mall,1.30619579913532,103.828509016301,POINT (103.828509016301 1.30619579913532),44,kml_45,"<center><table><tr><th colspan='2' align='center'><em>Attributes</em></th></tr><tr bgcolor=""#E3E3F3""> <th>PLN_AREA_N</th> <td>ORCHARD</td> </tr><tr bgcolor=""""> <th>PLN_AREA_C</th> <td>OR</td> </tr><tr bgcolor=""#E3E3F3""> <th>CA_IND</th> <td>Y</td> </tr><tr bgcolor=""""> <th>REGION_N</th> <td>CENTRAL REGION</td> </tr><tr bgcolor=""#E3E3F3""> <th>REGION_C</th> <td>CR</td> </tr><tr bgcolor=""""> <th>INC_CRC</th> <td>0A8593C8FB61AF7D</td> </tr><tr bgcolor=""#E3E3F3""> <th>FMEL_UPD_D</th> <td>20191223152014</td> </tr></table></center>",Orchard,Central Region
CrossFit Fire City,1.30851817439858,103.866029977781,POINT (103.866029977781 1.30851817439858),21,kml_22,"<center><table><tr><th colspan='2' align='center'><em>Attributes</em></th></tr><tr bgcolor=""#E3E3F3""> <th>PLN_AREA_N</th> <td>KALLANG</td> </tr><tr bgcolor=""""> <th>PLN_AREA_C</th> <td>KL</td> </tr><tr bgcolor=""#E3E3F3""> <th>CA_IND</th> <td>N</td> </tr><tr bgcolor=""""> <th>REGION_N</th> <td>CENTRAL REGION</td> </tr><tr bgcolor=""#E3E3F3""> <th>REGION_C</th> <td>CR</td> </tr><tr bgcolor=""""> <th>INC_CRC</th> <td>8805C45D2F327F92</td> </tr><tr bgcolor=""#E3E3F3""> <th>FMEL_UPD_D</th> <td>20191223152014</td> </tr></table></center>",Kallang,Central Region
CrossFit Singapore,1.33354943541229,103.89176817408,POINT (103.89176817408 1.33354943541229),52,kml_53,"<center><table><tr><th colspan='2' align='center'><em>Attributes</em></th></tr><tr bgcolor=""#E3E3F3""> <th>PLN_AREA_N</th> <td>GEYLANG</td> </tr><tr bgcolor=""""> <th>PLN_AREA_C</th> <td>GL</td> </tr><tr bgcolor=""#E3E3F3""> <th>CA_IND</th> <td>N</td> </tr><tr bgcolor=""""> <th>REGION_N</th> <td>CENTRAL REGION</td> </tr><tr bgcolor=""#E3E3F3""> <th>REGION_C</th> <td>CR</td> </tr><tr bgcolor=""""> <th>INC_CRC</th> <td>FC8678CF0ED975CA</td> </tr><tr bgcolor=""#E3E3F3""> <th>FMEL_UPD_D</th> <td>20191223152014</td> </tr></table></center>",Geylang,Central Region
Curves - Marine Parade,1.2781561439556,103.829524333744,POINT (103.829524333744 1.2781561439556),3,kml_4,"<center><table><tr><th colspan='2' align='center'><em>Attributes</em></th></tr><tr bgcolor=""#E3E3F3""> <th>PLN_AREA_N</th> <td>BUKIT MERAH</td> </tr><tr bgcolor=""""> <th>PLN_AREA_C</th> <td>BM</td> </tr><tr bgcolor=""#E3E3F3""> <th>CA_IND</th> <td>N</td> </tr><tr bgcolor=""""> <th>REGION_N</th> <td>CENTRAL REGION</td> </tr><tr bgcolor=""#E3E3F3""> <th>REGION_C</th> <td>CR</td> </tr><tr bgcolor=""""> <th>INC_CRC</th> <td>4850795BB0B6A4F7</td> </tr><tr bgcolor=""#E3E3F3""> <th>FMEL_UPD_D</th> <td>20191223152014</td> </tr></table></center>",Bukit Merah,Central Region
Elements Pilates,1.30527220041532,103.825078878265,POINT (103.825078878265 1.30527220041532),44,kml_45,"<center><table><tr><th colspan='2' align='center'><em>Attributes</em></th></tr><tr bgcolor=""#E3E3F3""> <th>PLN_AREA_N</th> <td>ORCHARD</td> </tr><tr bgcolor=""""> <th>PLN_AREA_C</th> <td>OR</td> </tr><tr bgcolor=""#E3E3F3""> <th>CA_IND</th> <td>Y</td> </tr><tr bgcolor=""""> <th>REGION_N</th> <td>CENTRAL REGION</td> </tr><tr bgcolor=""#E3E3F3""> <th>REGION_C</th> <td>CR</td> </tr><tr bgcolor=""""> <th>INC_CRC</th> <td>0A8593C8FB61AF7D</td> </tr><tr bgcolor=""#E3E3F3""> <th>FMEL_UPD_D</th> <td>20191223152014</td> </tr></table></center>",Orchard,Central Region
Evolve MMA - Far East Square,1.28305772642104,103.84782090171,POINT (103.84782090171 1.28305772642104),45,kml_46,"<center><table><tr><th colspan='2' align='center'><em>Attributes</em></th></tr><tr bgcolor=""#E3E3F3""> <th>PLN_AREA_N</th> <td>OUTRAM</td> </tr><tr bgcolor=""""> <th>PLN_AREA_C</th> <td>OT</td> </tr><tr bgcolor=""#E3E3F3""> <th>CA_IND</th> <td>Y</td> </tr><tr bgcolor=""""> <th>REGION_N</th> <td>CENTRAL REGION</td> </tr><tr bgcolor=""#E3E3F3""> <th>REGION_C</th> <td>CR</td> </tr><tr bgcolor=""""> <th>INC_CRC</th> <td>5602F03839AD2D0C</td> </tr><tr bgcolor=""#E3E3F3""> <th>FMEL_UPD_D</th> <td>20191223152014</td> </tr></table></center>",Outram,Central Region
Fitness First - Millenia Walk,1.29296504773614,103.859343974188,POINT (103.859343974188 1.29296504773614),39,kml_40,"<center><table><tr><th colspan='2' align='center'><em>Attributes</em></th></tr><tr bgcolor=""#E3E3F3""> <th>PLN_AREA_N</th> <td>DOWNTOWN CORE</td> </tr><tr bgcolor=""""> <th>PLN_AREA_C</th> <td>DT</td> </tr><tr bgcolor=""#E3E3F3""> <th>CA_IND</th> <td>Y</td> </tr><tr bgcolor=""""> <th>REGION_N</th> <td>CENTRAL REGION</td> </tr><tr bgcolor=""#E3E3F3""> <th>REGION_C</th> <td>CR</td> </tr><tr bgcolor=""""> <th>INC_CRC</th> <td>5D85EA05D2C6189D</td> </tr><tr bgcolor=""#E3E3F3""> <th>FMEL_UPD_D</th> <td>20191223152014</td> </tr></table></center>",Downtown Core,Central Region
Fitness First - One George Street,1.28554561731843,103.847771918338,POINT (103.847771918338 1.28554561731843),39,kml_40,"<center><table><tr><th colspan='2' align='center'><em>Attributes</em></th></tr><tr bgcolor=""#E3E3F3""> <th>PLN_AREA_N</th> <td>DOWNTOWN CORE</td> </tr><tr bgcolor=""""> <th>PLN_AREA_C</th> <td>DT</td> </tr><tr bgcolor=""#E3E3F3""> <th>CA_IND</th> <td>Y</td> </tr><tr bgcolor=""""> <th>REGION_N</th> <td>CENTRAL REGION</td> </tr><tr bgcolor=""#E3E3F3""> <th>REGION_C</th> <td>CR</td> </tr><tr bgcolor=""""> <th>INC_CRC</th> <td>5D85EA05D2C6189D</td> </tr><tr bgcolor=""#E3E3F3""> <th>FMEL_UPD_D</th> <td>20191223152014</td> </tr></table></center>",Downtown Core,Central Region
Amore Fitness - Heartland Mall,1.35949663830553,103.885079928732,POINT (103.885079928732 1.35949663830553),10,kml_11,"<center><table><tr><th colspan='2' align='center'><em>Attributes</em></th></tr><tr bgcolor=""#E3E3F3""> <th>PLN_AREA_N</th> <td>HOUGANG</td> </tr><tr bgcolor=""""> <th>PLN_AREA_C</th> <td>HG</td> </tr><tr bgcolor=""#E3E3F3""> <th>CA_IND</th> <td>N</td> </tr><tr bgcolor=""""> <th>REGION_N</th> <td>NORTH-EAST REGION</td> </tr><tr bgcolor=""#E3E3F3""> <th>REGION_C</th> <td>NER</td> </tr><tr bgcolor=""""> <th>INC_CRC</th> <td>F84184E6D4F3B1DD</td> </tr><tr bgcolor=""#E3E3F3""> <th>FMEL_UPD_D</th> <td>20191223152014</td> </tr></table></center>",Hougang,North-East Region
Amore Fitness - Plaza Singapura,1.30074756196423,103.845047628503,POINT (103.845047628503 1.30074756196423),42,kml_43,"<center><table><tr><th colspan='2' align='center'><em>Attributes</em></th></tr><tr bgcolor=""#E3E3F3""> <th>PLN_AREA_N</th> <td>MUSEUM</td> </tr><tr bgcolor=""""> <th>PLN_AREA_C</th> <td>MU</td> </tr><tr bgcolor=""#E3E3F3""> <th>CA_IND</th> <td>Y</td> </tr><tr bgcolor=""""> <th>REGION_N</th> <td>CENTRAL REGION</td> </tr><tr bgcolor=""#E3E3F3""> <th>REGION_C</th> <td>CR</td> </tr><tr bgcolor=""""> <th>INC_CRC</th> <td>A5604F296D014694</td> </tr><tr bgcolor=""#E3E3F3""> <th>FMEL_UPD_D</th> <td>20191223152014</td> </tr></table></center>",Museum,Central Region
Amore Fitness - Thomson Plaza,1.35466901882051,103.830919788426,POINT (103.830919788426 1.35466901882051),50,kml_51,"<center><table><tr><th colspan='2' align='center'><em>Attributes</em></th></tr><tr bgcolor=""#E3E3F3""> <th>PLN_AREA_N</th> <td>BISHAN</td> </tr><tr bgcolor=""""> <th>PLN_AREA_C</th> <td>BS</td> </tr><tr bgcolor=""#E3E3F3""> <th>CA_IND</th> <td>N</td> </tr><tr bgcolor=""""> <th>REGION_N</th> <td>CENTRAL REGION</td> </tr><tr bgcolor=""#E3E3F3""> <th>REGION_C</th> <td>CR</td> </tr><tr bgcolor=""""> <th>INC_CRC</th> <td>741583155DB92ACF</td> </tr><tr bgcolor=""#E3E3F3""> <th>FMEL_UPD_D</th> <td>20191223152014</td> </tr></table></center>",Bishan,Central Region
Bikram Yoga,1.2938935875293,103.853119912535,POINT (103.853119912535 1.2938935875293),39,kml_40,"<center><table><tr><th colspan='2' align='center'><em>Attributes</em></th></tr><tr bgcolor=""#E3E3F3""> <th>PLN_AREA_N</th> <td>DOWNTOWN CORE</td> </tr><tr bgcolor=""""> <th>PLN_AREA_C</th> <td>DT</td> </tr><tr bgcolor=""#E3E3F3""> <th>CA_IND</th> <td>Y</td> </tr><tr bgcolor=""""> <th>REGION_N</th> <td>CENTRAL REGION</td> </tr><tr bgcolor=""#E3E3F3""> <th>REGION_C</th> <td>CR</td> </tr><tr bgcolor=""""> <th>INC_CRC</th> <td>5D85EA05D2C6189D</td> </tr><tr bgcolor=""#E3E3F3""> <th>FMEL_UPD_D</th> <td>20191223152014</td> </tr></table></center>",Downtown Core,Central Region
Bikram Yoga Harbourfront,1.26206336450486,103.818625588159,POINT (103.818625588159 1.26206336450486),3,kml_4,"<center><table><tr><th colspan='2' align='center'><em>Attributes</em></th></tr><tr bgcolor=""#E3E3F3""> <th>PLN_AREA_N</th> <td>BUKIT MERAH</td> </tr><tr bgcolor=""""> <th>PLN_AREA_C</th> <td>BM</td> </tr><tr bgcolor=""#E3E3F3""> <th>CA_IND</th> <td>N</td> </tr><tr bgcolor=""""> <th>REGION_N</th> <td>CENTRAL REGION</td> </tr><tr bgcolor=""#E3E3F3""> <th>REGION_C</th> <td>CR</td> </tr><tr bgcolor=""""> <th>INC_CRC</th> <td>4850795BB0B6A4F7</td> </tr><tr bgcolor=""#E3E3F3""> <th>FMEL_UPD_D</th> <td>20191223152014</td> </tr></table></center>",Bukit Merah,Central Region
Brazilian Jiu Jitzu Singapore,1.30107054671992,103.84917626624,POINT (103.84917626624 1.30107054671992),34,kml_35,"<center><table><tr><th colspan='2' align='center'><em>Attributes</em></th></tr><tr bgcolor=""#E3E3F3""> <th>PLN_AREA_N</th> <td>ROCHOR</td> </tr><tr bgcolor=""""> <th>PLN_AREA_C</th> <td>RC</td> </tr><tr bgcolor=""#E3E3F3""> <th>CA_IND</th> <td>Y</td> </tr><tr bgcolor=""""> <th>REGION_N</th> <td>CENTRAL REGION</td> </tr><tr bgcolor=""#E3E3F3""> <th>REGION_C</th> <td>CR</td> </tr><tr bgcolor=""""> <th>INC_CRC</th> <td>AB3524B3970C1C40</td> </tr><tr bgcolor=""#E3E3F3""> <th>FMEL_UPD_D</th> <td>20191223152014</td> </tr></table></center>",Rochor,Central Region
Pilates Bodyworks - Holland,1.30918211194726,103.79254748678,POINT (103.79254748678 1.30918211194726),16,kml_17,"<center><table><tr><th colspan='2' align='center'><em>Attributes</em></th></tr><tr bgcolor=""#E3E3F3""> <th>PLN_AREA_N</th> <td>QUEENSTOWN</td> </tr><tr bgcolor=""""> <th>PLN_AREA_C</th> <td>QT</td> </tr><tr bgcolor=""#E3E3F3""> <th>CA_IND</th> <td>N</td> </tr><tr bgcolor=""""> <th>REGION_N</th> <td>CENTRAL REGION</td> </tr><tr bgcolor=""#E3E3F3""> <th>REGION_C</th> <td>CR</td> </tr><tr bgcolor=""""> <th>INC_CRC</th> <td>C0170DF008A88671</td> </tr><tr bgcolor=""#E3E3F3""> <th>FMEL_UPD_D</th> <td>20191223152014</td> </tr></table></center>",Queenstown,Central Region
Tirisula Yoga,1.3014790011719,103.859188259636,POINT (103.859188259636 1.3014790011719),34,kml_35,"<center><table><tr><th colspan='2' align='center'><em>Attributes</em></th></tr><tr bgcolor=""#E3E3F3""> <th>PLN_AREA_N</th> <td>ROCHOR</td> </tr><tr bgcolor=""""> <th>PLN_AREA_C</th> <td>RC</td> </tr><tr bgcolor=""#E3E3F3""> <th>CA_IND</th> <td>Y</td> </tr><tr bgcolor=""""> <th>REGION_N</th> <td>CENTRAL REGION</td> </tr><tr bgcolor=""#E3E3F3""> <th>REGION_C</th> <td>CR</td> </tr><tr bgcolor=""""> <th>INC_CRC</th> <td>AB3524B3970C1C40</td> </tr><tr bgcolor=""#E3E3F3""> <th>FMEL_UPD_D</th> <td>20191223152014</td> </tr></table></center>",Rochor,Central Region
Total Yoga - Clarke Quay,1.28790271682791,103.84777293526,POINT (103.84777293526 1.28790271682791),35,kml_36,"<center><table><tr><th colspan='2' align='center'><em>Attributes</em></th></tr><tr bgcolor=""#E3E3F3""> <th>PLN_AREA_N</th> <td>SINGAPORE RIVER</td> </tr><tr bgcolor=""""> <th>PLN_AREA_C</th> <td>SR</td> </tr><tr bgcolor=""#E3E3F3""> <th>CA_IND</th> <td>Y</td> </tr><tr bgcolor=""""> <th>REGION_N</th> <td>CENTRAL REGION</td> </tr><tr bgcolor=""#E3E3F3""> <th>REGION_C</th> <td>CR</td> </tr><tr bgcolor=""""> <th>INC_CRC</th> <td>45948364EA9839EA</td> </tr><tr bgcolor=""#E3E3F3""> <th>FMEL_UPD_D</th> <td>20191223152014</td> </tr></table></center>",Singapore River,Central Region
Fitness First - Marina Bay Financial Centre,1.27910567910157,103.854297425627,POINT (103.854297425627 1.27910567910157),39,kml_40,"<center><table><tr><th colspan='2' align='center'><em>Attributes</em></th></tr><tr bgcolor=""#E3E3F3""> <th>PLN_AREA_N</th> <td>DOWNTOWN CORE</td> </tr><tr bgcolor=""""> <th>PLN_AREA_C</th> <td>DT</td> </tr><tr bgcolor=""#E3E3F3""> <th>CA_IND</th> <td>Y</td> </tr><tr bgcolor=""""> <th>REGION_N</th> <td>CENTRAL REGION</td> </tr><tr bgcolor=""#E3E3F3""> <th>REGION_C</th> <td>CR</td> </tr><tr bgcolor=""""> <th>INC_CRC</th> <td>5D85EA05D2C6189D</td> </tr><tr bgcolor=""#E3E3F3""> <th>FMEL_UPD_D</th> <td>20191223152014</td> </tr></table></center>",Downtown Core,Central Region
Midview Body & Mind,1.35821656561939,103.833930717119,POINT (103.833930717119 1.35821656561939),50,kml_51,"<center><table><tr><th colspan='2' align='center'><em>Attributes</em></th></tr><tr bgcolor=""#E3E3F3""> <th>PLN_AREA_N</th> <td>BISHAN</td> </tr><tr bgcolor=""""> <th>PLN_AREA_C</th> <td>BS</td> </tr><tr bgcolor=""#E3E3F3""> <th>CA_IND</th> <td>N</td> </tr><tr bgcolor=""""> <th>REGION_N</th> <td>CENTRAL REGION</td> </tr><tr bgcolor=""#E3E3F3""> <th>REGION_C</th> <td>CR</td> </tr><tr bgcolor=""""> <th>INC_CRC</th> <td>741583155DB92ACF</td> </tr><tr bgcolor=""#E3E3F3""> <th>FMEL_UPD_D</th> <td>20191223152014</td> </tr></table></center>",Bishan,Central Region
Pilates Inc - The Moving Body Group - Amoy Street,1.28078047914706,103.846733698071,POINT (103.846733698071 1.28078047914706),45,kml_46,"<center><table><tr><th colspan='2' align='center'><em>Attributes</em></th></tr><tr bgcolor=""#E3E3F3""> <th>PLN_AREA_N</th> <td>OUTRAM</td> </tr><tr bgcolor=""""> <th>PLN_AREA_C</th> <td>OT</td> </tr><tr bgcolor=""#E3E3F3""> <th>CA_IND</th> <td>Y</td> </tr><tr bgcolor=""""> <th>REGION_N</th> <td>CENTRAL REGION</td> </tr><tr bgcolor=""#E3E3F3""> <th>REGION_C</th> <td>CR</td> </tr><tr bgcolor=""""> <th>INC_CRC</th> <td>5602F03839AD2D0C</td> </tr><tr bgcolor=""#E3E3F3""> <th>FMEL_UPD_D</th> <td>20191223152014</td> </tr></table></center>",Outram,Central Region
The Jungle,1.28625502575823,103.849673970079,POINT (103.849673970079 1.28625502575823),35,kml_36,"<center><table><tr><th colspan='2' align='center'><em>Attributes</em></th></tr><tr bgcolor=""#E3E3F3""> <th>PLN_AREA_N</th> <td>SINGAPORE RIVER</td> </tr><tr bgcolor=""""> <th>PLN_AREA_C</th> <td>SR</td> </tr><tr bgcolor=""#E3E3F3""> <th>CA_IND</th> <td>Y</td> </tr><tr bgcolor=""""> <th>REGION_N</th> <td>CENTRAL REGION</td> </tr><tr bgcolor=""#E3E3F3""> <th>REGION_C</th> <td>CR</td> </tr><tr bgcolor=""""> <th>INC_CRC</th> <td>45948364EA9839EA</td> </tr><tr bgcolor=""#E3E3F3""> <th>FMEL_UPD_D</th> <td>20191223152014</td> </tr></table></center>",Singapore River,Central Region
TMP Fitness - Revenue House,1.31948959451122,103.841975314872,POINT (103.841975314872 1.31948959451122),24,kml_25,"<center><table><tr><th colspan='2' align='center'><em>Attributes</em></th></tr><tr bgcolor=""#E3E3F3""> <th>PLN_AREA_N</th> <td>NOVENA</td> </tr><tr bgcolor=""""> <th>PLN_AREA_C</th> <td>NV</td> </tr><tr bgcolor=""#E3E3F3""> <th>CA_IND</th> <td>N</td> </tr><tr bgcolor=""""> <th>REGION_N</th> <td>CENTRAL REGION</td> </tr><tr bgcolor=""#E3E3F3""> <th>REGION_C</th> <td>CR</td> </tr><tr bgcolor=""""> <th>INC_CRC</th> <td>26D3DCBD67CE3F87</td> </tr><tr bgcolor=""#E3E3F3""> <th>FMEL_UPD_D</th> <td>20191223152014</td> </tr></table></center>",Novena,Central Region
Amore Fitness - Bugis Junction,1.29906799078836,103.855327954497,POINT (103.855327954497 1.29906799078836),39,kml_40,"<center><table><tr><th colspan='2' align='center'><em>Attributes</em></th></tr><tr bgcolor=""#E3E3F3""> <th>PLN_AREA_N</th> <td>DOWNTOWN CORE</td> </tr><tr bgcolor=""""> <th>PLN_AREA_C</th> <td>DT</td> </tr><tr bgcolor=""#E3E3F3""> <th>CA_IND</th> <td>Y</td> </tr><tr bgcolor=""""> <th>REGION_N</th> <td>CENTRAL REGION</td> </tr><tr bgcolor=""#E3E3F3""> <th>REGION_C</th> <td>CR</td> </tr><tr bgcolor=""""> <th>INC_CRC</th> <td>5D85EA05D2C6189D</td> </tr><tr bgcolor=""#E3E3F3""> <th>FMEL_UPD_D</th> <td>20191223152014</td> </tr></table></center>",Downtown Core,Central Region
Bukit Gombak ClubFITT Gym,1.35790704666032,103.7530237503,POINT (103.7530237503 1.35790704666032),2,kml_3,"<center><table><tr><th colspan='2' align='center'><em>Attributes</em></th></tr><tr bgcolor=""#E3E3F3""> <th>PLN_AREA_N</th> <td>BUKIT BATOK</td> </tr><tr bgcolor=""""> <th>PLN_AREA_C</th> <td>BK</td> </tr><tr bgcolor=""#E3E3F3""> <th>CA_IND</th> <td>N</td> </tr><tr bgcolor=""""> <th>REGION_N</th> <td>WEST REGION</td> </tr><tr bgcolor=""#E3E3F3""> <th>REGION_C</th> <td>WR</td> </tr><tr bgcolor=""""> <th>INC_CRC</th> <td>3BEC4C829160F28A</td> </tr><tr bgcolor=""#E3E3F3""> <th>FMEL_UPD_D</th> <td>20191223152014</td> </tr></table></center>",Bukit Batok,West Region
Choa Chu Kang ClubFITT Gym,1.39066617204386,103.747920712445,POINT (103.747920712445 1.39066617204386),8,kml_9,"<center><table><tr><th colspan='2' align='center'><em>Attributes</em></th></tr><tr bgcolor=""#E3E3F3""> <th>PLN_AREA_N</th> <td>CHOA CHU KANG</td> </tr><tr bgcolor=""""> <th>PLN_AREA_C</th> <td>CK</td> </tr><tr bgcolor=""#E3E3F3""> <th>CA_IND</th> <td>N</td> </tr><tr bgcolor=""""> <th>REGION_N</th> <td>WEST REGION</td> </tr><tr bgcolor=""#E3E3F3""> <th>REGION_C</th> <td>WR</td> </tr><tr bgcolor=""""> <th>INC_CRC</th> <td>BE26F2C074519A79</td> </tr><tr bgcolor=""#E3E3F3""> <th>FMEL_UPD_D</th> <td>20191223152014</td> </tr></table></center>",Choa Chu Kang,West Region
Clementi ClubFITT Gym,1.31101498462879,103.764861415667,POINT (103.764861415667 1.31101498462879),9,kml_10,"<center><table><tr><th colspan='2' align='center'><em>Attributes</em></th></tr><tr bgcolor=""#E3E3F3""> <th>PLN_AREA_N</th> <td>CLEMENTI</td> </tr><tr bgcolor=""""> <th>PLN_AREA_C</th> <td>CL</td> </tr><tr bgcolor=""#E3E3F3""> <th>CA_IND</th> <td>N</td> </tr><tr bgcolor=""""> <th>REGION_N</th> <td>WEST REGION</td> </tr><tr bgcolor=""#E3E3F3""> <th>REGION_C</th> <td>WR</td> </tr><tr bgcolor=""""> <th>INC_CRC</th> <td>D5239EF08EE3CAC7</td> </tr><tr bgcolor=""#E3E3F3""> <th>FMEL_UPD_D</th> <td>20191223152014</td> </tr></table></center>",Clementi,West Region
Hougang ClubFITT Gym,1.37057348785749,103.88807173322,POINT (103.88807173322 1.37057348785749),10,kml_11,"<center><table><tr><th colspan='2' align='center'><em>Attributes</em></th></tr><tr bgcolor=""#E3E3F3""> <th>PLN_AREA_N</th> <td>HOUGANG</td> </tr><tr bgcolor=""""> <th>PLN_AREA_C</th> <td>HG</td> </tr><tr bgcolor=""#E3E3F3""> <th>CA_IND</th> <td>N</td> </tr><tr bgcolor=""""> <th>REGION_N</th> <td>NORTH-EAST REGION</td> </tr><tr bgcolor=""#E3E3F3""> <th>REGION_C</th> <td>NER</td> </tr><tr bgcolor=""""> <th>INC_CRC</th> <td>F84184E6D4F3B1DD</td> </tr><tr bgcolor=""#E3E3F3""> <th>FMEL_UPD_D</th> <td>20191223152014</td> </tr></table></center>",Hougang,North-East Region
Jurong East ClubFITT Gym,1.34621561227092,103.728835249034,POINT (103.728835249034 1.34621561227092),11,kml_12,"<center><table><tr><th colspan='2' align='center'><em>Attributes</em></th></tr><tr bgcolor=""#E3E3F3""> <th>PLN_AREA_N</th> <td>JURONG EAST</td> </tr><tr bgcolor=""""> <th>PLN_AREA_C</th> <td>JE</td> </tr><tr bgcolor=""#E3E3F3""> <th>CA_IND</th> <td>N</td> </tr><tr bgcolor=""""> <th>REGION_N</th> <td>WEST REGION</td> </tr><tr bgcolor=""#E3E3F3""> <th>REGION_C</th> <td>WR</td> </tr><tr bgcolor=""""> <th>INC_CRC</th> <td>77E230E08D3989E7</td> </tr><tr bgcolor=""#E3E3F3""> <th>FMEL_UPD_D</th> <td>20191223152014</td> </tr></table></center>",Jurong East,West Region
Jurong West ClubFITT Gym,1.33841806492775,103.69376890219,POINT (103.69376890219 1.33841806492775),12,kml_13,"<center><table><tr><th colspan='2' align='center'><em>Attributes</em></th></tr><tr bgcolor=""#E3E3F3""> <th>PLN_AREA_N</th> <td>JURONG WEST</td> </tr><tr bgcolor=""""> <th>PLN_AREA_C</th> <td>JW</td> </tr><tr bgcolor=""#E3E3F3""> <th>CA_IND</th> <td>N</td> </tr><tr bgcolor=""""> <th>REGION_N</th> <td>WEST REGION</td> </tr><tr bgcolor=""#E3E3F3""> <th>REGION_C</th> <td>WR</td> </tr><tr bgcolor=""""> <th>INC_CRC</th> <td>2DFF32E53038ED97</td> </tr><tr bgcolor=""#E3E3F3""> <th>FMEL_UPD_D</th> <td>20191223152014</td> </tr></table></center>",Jurong West,West Region
Pasir Ris ClubFITT Gym,1.37444845586245,103.95182250042,POINT (103.95182250042 1.37444845586245),13,kml_14,"<center><table><tr><th colspan='2' align='center'><em>Attributes</em></th></tr><tr bgcolor=""#E3E3F3""> <th>PLN_AREA_N</th> <td>PASIR RIS</td> </tr><tr bgcolor=""""> <th>PLN_AREA_C</th> <td>PR</td> </tr><tr bgcolor=""#E3E3F3""> <th>CA_IND</th> <td>N</td> </tr><tr bgcolor=""""> <th>REGION_N</th> <td>EAST REGION</td> </tr><tr bgcolor=""#E3E3F3""> <th>REGION_C</th> <td>ER</td> </tr><tr bgcolor=""""> <th>INC_CRC</th> <td>B375AD2AA1E8E3DB</td> </tr><tr bgcolor=""#E3E3F3""> <th>FMEL_UPD_D</th> <td>20191223152014</td> </tr></table></center>",Pasir Ris,East Region
Physical ABuse,1.28672853496612,103.844901339347,POINT (103.844901339347 1.28672853496612),45,kml_46,"<center><table><tr><th colspan='2' align='center'><em>Attributes</em></th></tr><tr bgcolor=""#E3E3F3""> <th>PLN_AREA_N</th> <td>OUTRAM</td> </tr><tr bgcolor=""""> <th>PLN_AREA_C</th> <td>OT</td> </tr><tr bgcolor=""#E3E3F3""> <th>CA_IND</th> <td>Y</td> </tr><tr bgcolor=""""> <th>REGION_N</th> <td>CENTRAL REGION</td> </tr><tr bgcolor=""#E3E3F3""> <th>REGION_C</th> <td>CR</td> </tr><tr bgcolor=""""> <th>INC_CRC</th> <td>5602F03839AD2D0C</td> </tr><tr bgcolor=""#E3E3F3""> <th>FMEL_UPD_D</th> <td>20191223152014</td> </tr></table></center>",Outram,Central Region
Central Pilates,1.30992450385743,103.841910545157,POINT (103.841910545157 1.30992450385743),43,kml_44,"<center><table><tr><th colspan='2' align='center'><em>Attributes</em></th></tr><tr bgcolor=""#E3E3F3""> <th>PLN_AREA_N</th> <td>NEWTON</td> </tr><tr bgcolor=""""> <th>PLN_AREA_C</th> <td>NT</td> </tr><tr bgcolor=""#E3E3F3""> <th>CA_IND</th> <td>Y</td> </tr><tr bgcolor=""""> <th>REGION_N</th> <td>CENTRAL REGION</td> </tr><tr bgcolor=""#E3E3F3""> <th>REGION_C</th> <td>CR</td> </tr><tr bgcolor=""""> <th>INC_CRC</th> <td>CA9E31D40EA28EE6</td> </tr><tr bgcolor=""#E3E3F3""> <th>FMEL_UPD_D</th> <td>20191223152014</td> </tr></table></center>",Newton,Central Region
Gold's Gym - IBP Jurong East,1.3296904778472,103.746960566285,POINT (103.746960566285 1.3296904778472),11,kml_12,"<center><table><tr><th colspan='2' align='center'><em>Attributes</em></th></tr><tr bgcolor=""#E3E3F3""> <th>PLN_AREA_N</th> <td>JURONG EAST</td> </tr><tr bgcolor=""""> <th>PLN_AREA_C</th> <td>JE</td> </tr><tr bgcolor=""#E3E3F3""> <th>CA_IND</th> <td>N</td> </tr><tr bgcolor=""""> <th>REGION_N</th> <td>WEST REGION</td> </tr><tr bgcolor=""#E3E3F3""> <th>REGION_C</th> <td>WR</td> </tr><tr bgcolor=""""> <th>INC_CRC</th> <td>77E230E08D3989E7</td> </tr><tr bgcolor=""#E3E3F3""> <th>FMEL_UPD_D</th> <td>20191223152014</td> </tr></table></center>",Jurong East,West Region
Pure Fitness - Knightsbridge,1.27900797406852,103.851103466005,POINT (103.851103466005 1.27900797406852),39,kml_40,"<center><table><tr><th colspan='2' align='center'><em>Attributes</em></th></tr><tr bgcolor=""#E3E3F3""> <th>PLN_AREA_N</th> <td>DOWNTOWN CORE</td> </tr><tr bgcolor=""""> <th>PLN_AREA_C</th> <td>DT</td> </tr><tr bgcolor=""#E3E3F3""> <th>CA_IND</th> <td>Y</td> </tr><tr bgcolor=""""> <th>REGION_N</th> <td>CENTRAL REGION</td> </tr><tr bgcolor=""#E3E3F3""> <th>REGION_C</th> <td>CR</td> </tr><tr bgcolor=""""> <th>INC_CRC</th> <td>5D85EA05D2C6189D</td> </tr><tr bgcolor=""#E3E3F3""> <th>FMEL_UPD_D</th> <td>20191223152014</td> </tr></table></center>",Downtown Core,Central Region
Updog Studio,1.29747626957084,103.899774980097,POINT (103.899774980097 1.29747626957084),38,kml_39,"<center><table><tr><th colspan='2' align='center'><em>Attributes</em></th></tr><tr bgcolor=""#E3E3F3""> <th>PLN_AREA_N</th> <td>MARINE PARADE</td> </tr><tr bgcolor=""""> <th>PLN_AREA_C</th> <td>MP</td> </tr><tr bgcolor=""#E3E3F3""> <th>CA_IND</th> <td>N</td> </tr><tr bgcolor=""""> <th>REGION_N</th> <td>CENTRAL REGION</td> </tr><tr bgcolor=""#E3E3F3""> <th>REGION_C</th> <td>CR</td> </tr><tr bgcolor=""""> <th>INC_CRC</th> <td>277A84C803F3A399</td> </tr><tr bgcolor=""#E3E3F3""> <th>FMEL_UPD_D</th> <td>20191223152014</td> </tr></table></center>",Marine Parade,Central Region
Breathe Pilates - Novena,1.32042967863542,103.843892126913,POINT (103.843892126913 1.32042967863542),24,kml_25,"<center><table><tr><th colspan='2' align='center'><em>Attributes</em></th></tr><tr bgcolor=""#E3E3F3""> <th>PLN_AREA_N</th> <td>NOVENA</td> </tr><tr bgcolor=""""> <th>PLN_AREA_C</th> <td>NV</td> </tr><tr bgcolor=""#E3E3F3""> <th>CA_IND</th> <td>N</td> </tr><tr bgcolor=""""> <th>REGION_N</th> <td>CENTRAL REGION</td> </tr><tr bgcolor=""#E3E3F3""> <th>REGION_C</th> <td>CR</td> </tr><tr bgcolor=""""> <th>INC_CRC</th> <td>26D3DCBD67CE3F87</td> </tr><tr bgcolor=""#E3E3F3""> <th>FMEL_UPD_D</th> <td>20191223152014</td> </tr></table></center>",Novena,Central Region
Delta ClubFITT Gym,1.28907794925009,103.819773109932,POINT (103.819773109932 1.28907794925009),3,kml_4,"<center><table><tr><th colspan='2' align='center'><em>Attributes</em></th></tr><tr bgcolor=""#E3E3F3""> <th>PLN_AREA_N</th> <td>BUKIT MERAH</td> </tr><tr bgcolor=""""> <th>PLN_AREA_C</th> <td>BM</td> </tr><tr bgcolor=""#E3E3F3""> <th>CA_IND</th> <td>N</td> </tr><tr bgcolor=""""> <th>REGION_N</th> <td>CENTRAL REGION</td> </tr><tr bgcolor=""#E3E3F3""> <th>REGION_C</th> <td>CR</td> </tr><tr bgcolor=""""> <th>INC_CRC</th> <td>4850795BB0B6A4F7</td> </tr><tr bgcolor=""#E3E3F3""> <th>FMEL_UPD_D</th> <td>20191223152014</td> </tr></table></center>",Bukit Merah,Central Region
Yogapoint Singapore,1.28065569131695,103.842160502746,POINT (103.842160502746 1.28065569131695),45,kml_46,"<center><table><tr><th colspan='2' align='center'><em>Attributes</em></th></tr><tr bgcolor=""#E3E3F3""> <th>PLN_AREA_N</th> <td>OUTRAM</td> </tr><tr bgcolor=""""> <th>PLN_AREA_C</th> <td>OT</td> </tr><tr bgcolor=""#E3E3F3""> <th>CA_IND</th> <td>Y</td> </tr><tr bgcolor=""""> <th>REGION_N</th> <td>CENTRAL REGION</td> </tr><tr bgcolor=""#E3E3F3""> <th>REGION_C</th> <td>CR</td> </tr><tr bgcolor=""""> <th>INC_CRC</th> <td>5602F03839AD2D0C</td> </tr><tr bgcolor=""#E3E3F3""> <th>FMEL_UPD_D</th> <td>20191223152014</td> </tr></table></center>",Outram,Central Region
Amore Fitness - Woodlands Civic Centre,1.43507789397688,103.78661961568,POINT (103.78661961568 1.43507789397688),32,kml_33,"<center><table><tr><th colspan='2' align='center'><em>Attributes</em></th></tr><tr bgcolor=""#E3E3F3""> <th>PLN_AREA_N</th> <td>WOODLANDS</td> </tr><tr bgcolor=""""> <th>PLN_AREA_C</th> <td>WD</td> </tr><tr bgcolor=""#E3E3F3""> <th>CA_IND</th> <td>N</td> </tr><tr bgcolor=""""> <th>REGION_N</th> <td>NORTH REGION</td> </tr><tr bgcolor=""#E3E3F3""> <th>REGION_C</th> <td>NR</td> </tr><tr bgcolor=""""> <th>INC_CRC</th> <td>C93AEED43B7939D3</td> </tr><tr bgcolor=""#E3E3F3""> <th>FMEL_UPD_D</th> <td>20191223152014</td> </tr></table></center>",Woodlands,North Region
Ananda Marga Yoga Society of Singapore - MacPherson,1.33201025602617,103.881024688613,POINT (103.881024688613 1.33201025602617),28,kml_29,"<center><table><tr><th colspan='2' align='center'><em>Attributes</em></th></tr><tr bgcolor=""#E3E3F3""> <th>PLN_AREA_N</th> <td>TOA PAYOH</td> </tr><tr bgcolor=""""> <th>PLN_AREA_C</th> <td>TP</td> </tr><tr bgcolor=""#E3E3F3""> <th>CA_IND</th> <td>N</td> </tr><tr bgcolor=""""> <th>REGION_N</th> <td>CENTRAL REGION</td> </tr><tr bgcolor=""#E3E3F3""> <th>REGION_C</th> <td>CR</td> </tr><tr bgcolor=""""> <th>INC_CRC</th> <td>85DD6CFD19B09A35</td> </tr><tr bgcolor=""#E3E3F3""> <th>FMEL_UPD_D</th> <td>20191223152014</td> </tr></table></center>",Toa Payoh,Central Region
Jal Yoga,1.27441958484294,103.802911911187,POINT (103.802911911187 1.27441958484294),3,kml_4,"<center><table><tr><th colspan='2' align='center'><em>Attributes</em></th></tr><tr bgcolor=""#E3E3F3""> <th>PLN_AREA_N</th> <td>BUKIT MERAH</td> </tr><tr bgcolor=""""> <th>PLN_AREA_C</th> <td>BM</td> </tr><tr bgcolor=""#E3E3F3""> <th>CA_IND</th> <td>N</td> </tr><tr bgcolor=""""> <th>REGION_N</th> <td>CENTRAL REGION</td> </tr><tr bgcolor=""#E3E3F3""> <th>REGION_C</th> <td>CR</td> </tr><tr bgcolor=""""> <th>INC_CRC</th> <td>4850795BB0B6A4F7</td> </tr><tr bgcolor=""#E3E3F3""> <th>FMEL_UPD_D</th> <td>20191223152014</td> </tr></table></center>",Bukit Merah,Central Region
One Wellness Fitness Club,1.30091799345463,103.855247873282,POINT (103.855247873282 1.30091799345463),34,kml_35,"<center><table><tr><th colspan='2' align='center'><em>Attributes</em></th></tr><tr bgcolor=""#E3E3F3""> <th>PLN_AREA_N</th> <td>ROCHOR</td> </tr><tr bgcolor=""""> <th>PLN_AREA_C</th> <td>RC</td> </tr><tr bgcolor=""#E3E3F3""> <th>CA_IND</th> <td>Y</td> </tr><tr bgcolor=""""> <th>REGION_N</th> <td>CENTRAL REGION</td> </tr><tr bgcolor=""#E3E3F3""> <th>REGION_C</th> <td>CR</td> </tr><tr bgcolor=""""> <th>INC_CRC</th> <td>AB3524B3970C1C40</td> </tr><tr bgcolor=""#E3E3F3""> <th>FMEL_UPD_D</th> <td>20191223152014</td> </tr></table></center>",Rochor,Central Region
The Gym Nation,1.38158679370649,103.764659583272,POINT (103.764659583272 1.38158679370649),4,kml_5,"<center><table><tr><th colspan='2' align='center'><em>Attributes</em></th></tr><tr bgcolor=""#E3E3F3""> <th>PLN_AREA_N</th> <td>BUKIT PANJANG</td> </tr><tr bgcolor=""""> <th>PLN_AREA_C</th> <td>BP</td> </tr><tr bgcolor=""#E3E3F3""> <th>CA_IND</th> <td>N</td> </tr><tr bgcolor=""""> <th>REGION_N</th> <td>WEST REGION</td> </tr><tr bgcolor=""#E3E3F3""> <th>REGION_C</th> <td>WR</td> </tr><tr bgcolor=""""> <th>INC_CRC</th> <td>656F87D23D6DAB02</td> </tr><tr bgcolor=""#E3E3F3""> <th>FMEL_UPD_D</th> <td>20191223152014</td> </tr></table></center>",Bukit Panjang,West Region
The Yoga Shala,1.27652575407135,103.841918377905,POINT (103.841918377905 1.27652575407135),45,kml_46,"<center><table><tr><th colspan='2' align='center'><em>Attributes</em></th></tr><tr bgcolor=""#E3E3F3""> <th>PLN_AREA_N</th> <td>OUTRAM</td> </tr><tr bgcolor=""""> <th>PLN_AREA_C</th> <td>OT</td> </tr><tr bgcolor=""#E3E3F3""> <th>CA_IND</th> <td>Y</td> </tr><tr bgcolor=""""> <th>REGION_N</th> <td>CENTRAL REGION</td> </tr><tr bgcolor=""#E3E3F3""> <th>REGION_C</th> <td>CR</td> </tr><tr bgcolor=""""> <th>INC_CRC</th> <td>5602F03839AD2D0C</td> </tr><tr bgcolor=""#E3E3F3""> <th>FMEL_UPD_D</th> <td>20191223152014</td> </tr></table></center>",Outram,Central Region
Total Yoga - Orchard Road,1.30763492632515,103.83203806691,POINT (103.83203806691 1.30763492632515),44,kml_45,"<center><table><tr><th colspan='2' align='center'><em>Attributes</em></th></tr><tr bgcolor=""#E3E3F3""> <th>PLN_AREA_N</th> <td>ORCHARD</td> </tr><tr bgcolor=""""> <th>PLN_AREA_C</th> <td>OR</td> </tr><tr bgcolor=""#E3E3F3""> <th>CA_IND</th> <td>Y</td> </tr><tr bgcolor=""""> <th>REGION_N</th> <td>CENTRAL REGION</td> </tr><tr bgcolor=""#E3E3F3""> <th>REGION_C</th> <td>CR</td> </tr><tr bgcolor=""""> <th>INC_CRC</th> <td>0A8593C8FB61AF7D</td> </tr><tr bgcolor=""#E3E3F3""> <th>FMEL_UPD_D</th> <td>20191223152014</td> </tr></table></center>",Orchard,Central Region
True Fitness - Chevron House,1.28423792027966,103.851927274914,POINT (103.851927274914 1.28423792027966),39,kml_40,"<center><table><tr><th colspan='2' align='center'><em>Attributes</em></th></tr><tr bgcolor=""#E3E3F3""> <th>PLN_AREA_N</th> <td>DOWNTOWN CORE</td> </tr><tr bgcolor=""""> <th>PLN_AREA_C</th> <td>DT</td> </tr><tr bgcolor=""#E3E3F3""> <th>CA_IND</th> <td>Y</td> </tr><tr bgcolor=""""> <th>REGION_N</th> <td>CENTRAL REGION</td> </tr><tr bgcolor=""#E3E3F3""> <th>REGION_C</th> <td>CR</td> </tr><tr bgcolor=""""> <th>INC_CRC</th> <td>5D85EA05D2C6189D</td> </tr><tr bgcolor=""#E3E3F3""> <th>FMEL_UPD_D</th> <td>20191223152014</td> </tr></table></center>",Downtown Core,Central Region
True Fitness - NTUC Income Tampines Junction,1.35429510351818,103.93963580414,POINT (103.93963580414 1.35429510351818),46,kml_47,"<center><table><tr><th colspan='2' align='center'><em>Attributes</em></th></tr><tr bgcolor=""#E3E3F3""> <th>PLN_AREA_N</th> <td>TAMPINES</td> </tr><tr bgcolor=""""> <th>PLN_AREA_C</th> <td>TM</td> </tr><tr bgcolor=""#E3E3F3""> <th>CA_IND</th> <td>N</td> </tr><tr bgcolor=""""> <th>REGION_N</th> <td>EAST REGION</td> </tr><tr bgcolor=""#E3E3F3""> <th>REGION_C</th> <td>ER</td> </tr><tr bgcolor=""""> <th>INC_CRC</th> <td>9988953DFA610218</td> </tr><tr bgcolor=""#E3E3F3""> <th>FMEL_UPD_D</th> <td>20191223152014</td> </tr></table></center>",Tampines,East Region
True Fitness - Parkway Parade,1.30119131472187,103.905113590458,POINT (103.905113590458 1.30119131472187),38,kml_39,"<center><table><tr><th colspan='2' align='center'><em>Attributes</em></th></tr><tr bgcolor=""#E3E3F3""> <th>PLN_AREA_N</th> <td>MARINE PARADE</td> </tr><tr bgcolor=""""> <th>PLN_AREA_C</th> <td>MP</td> </tr><tr bgcolor=""#E3E3F3""> <th>CA_IND</th> <td>N</td> </tr><tr bgcolor=""""> <th>REGION_N</th> <td>CENTRAL REGION</td> </tr><tr bgcolor=""#E3E3F3""> <th>REGION_C</th> <td>CR</td> </tr><tr bgcolor=""""> <th>INC_CRC</th> <td>277A84C803F3A399</td> </tr><tr bgcolor=""#E3E3F3""> <th>FMEL_UPD_D</th> <td>20191223152014</td> </tr></table></center>",Marine Parade,Central Region
True Fitness - VivoCity,1.26439468181096,103.821808629396,POINT (103.821808629396 1.26439468181096),3,kml_4,"<center><table><tr><th colspan='2' align='center'><em>Attributes</em></th></tr><tr bgcolor=""#E3E3F3""> <th>PLN_AREA_N</th> <td>BUKIT MERAH</td> </tr><tr bgcolor=""""> <th>PLN_AREA_C</th> <td>BM</td> </tr><tr bgcolor=""#E3E3F3""> <th>CA_IND</th> <td>N</td> </tr><tr bgcolor=""""> <th>REGION_N</th> <td>CENTRAL REGION</td> </tr><tr bgcolor=""#E3E3F3""> <th>REGION_C</th> <td>CR</td> </tr><tr bgcolor=""""> <th>INC_CRC</th> <td>4850795BB0B6A4F7</td> </tr><tr bgcolor=""#E3E3F3""> <th>FMEL_UPD_D</th> <td>20191223152014</td> </tr></table></center>",Bukit Merah,Central Region
True Yoga - Ocean Financial Centre,1.28298072623658,103.851838945741,POINT (103.851838945741 1.28298072623658),39,kml_40,"<center><table><tr><th colspan='2' align='center'><em>Attributes</em></th></tr><tr bgcolor=""#E3E3F3""> <th>PLN_AREA_N</th> <td>DOWNTOWN CORE</td> </tr><tr bgcolor=""""> <th>PLN_AREA_C</th> <td>DT</td> </tr><tr bgcolor=""#E3E3F3""> <th>CA_IND</th> <td>Y</td> </tr><tr bgcolor=""""> <th>REGION_N</th> <td>CENTRAL REGION</td> </tr><tr bgcolor=""#E3E3F3""> <th>REGION_C</th> <td>CR</td> </tr><tr bgcolor=""""> <th>INC_CRC</th> <td>5D85EA05D2C6189D</td> </tr><tr bgcolor=""#E3E3F3""> <th>FMEL_UPD_D</th> <td>20191223152014</td> </tr></table></center>",Downtown Core,Central Region
True Yoga - Pacific Plaza,1.30653722380828,103.832126408154,POINT (103.832126408154 1.30653722380828),44,kml_45,"<center><table><tr><th colspan='2' align='center'><em>Attributes</em></th></tr><tr bgcolor=""#E3E3F3""> <th>PLN_AREA_N</th> <td>ORCHARD</td> </tr><tr bgcolor=""""> <th>PLN_AREA_C</th> <td>OR</td> </tr><tr bgcolor=""#E3E3F3""> <th>CA_IND</th> <td>Y</td> </tr><tr bgcolor=""""> <th>REGION_N</th> <td>CENTRAL REGION</td> </tr><tr bgcolor=""#E3E3F3""> <th>REGION_C</th> <td>CR</td> </tr><tr bgcolor=""""> <th>INC_CRC</th> <td>0A8593C8FB61AF7D</td> </tr><tr bgcolor=""#E3E3F3""> <th>FMEL_UPD_D</th> <td>20191223152014</td> </tr></table></center>",Orchard,Central Region
Viva Fit Singapore - Beach Road,1.29695905771991,103.856304899664,POINT (103.856304899664 1.29695905771991),39,kml_40,"<center><table><tr><th colspan='2' align='center'><em>Attributes</em></th></tr><tr bgcolor=""#E3E3F3""> <th>PLN_AREA_N</th> <td>DOWNTOWN CORE</td> </tr><tr bgcolor=""""> <th>PLN_AREA_C</th> <td>DT</td> </tr><tr bgcolor=""#E3E3F3""> <th>CA_IND</th> <td>Y</td> </tr><tr bgcolor=""""> <th>REGION_N</th> <td>CENTRAL REGION</td> </tr><tr bgcolor=""#E3E3F3""> <th>REGION_C</th> <td>CR</td> </tr><tr bgcolor=""""> <th>INC_CRC</th> <td>5D85EA05D2C6189D</td> </tr><tr bgcolor=""#E3E3F3""> <th>FMEL_UPD_D</th> <td>20191223152014</td> </tr></table></center>",Downtown Core,Central Region
Viva Fit Singapore - Raffles Place,1.28394229110606,103.850711622748,POINT (103.850711622748 1.28394229110606),39,kml_40,"<center><table><tr><th colspan='2' align='center'><em>Attributes</em></th></tr><tr bgcolor=""#E3E3F3""> <th>PLN_AREA_N</th> <td>DOWNTOWN CORE</td> </tr><tr bgcolor=""""> <th>PLN_AREA_C</th> <td>DT</td> </tr><tr bgcolor=""#E3E3F3""> <th>CA_IND</th> <td>Y</td> </tr><tr bgcolor=""""> <th>REGION_N</th> <td>CENTRAL REGION</td> </tr><tr bgcolor=""#E3E3F3""> <th>REGION_C</th> <td>CR</td> </tr><tr bgcolor=""""> <th>INC_CRC</th> <td>5D85EA05D2C6189D</td> </tr><tr bgcolor=""#E3E3F3""> <th>FMEL_UPD_D</th> <td>20191223152014</td> </tr></table></center>",Downtown Core,Central Region
Viva Fit Singapore - Tanjong Pagar,1.27559619819284,103.842393171371,POINT (103.842393171371 1.27559619819284),45,kml_46,"<center><table><tr><th colspan='2' align='center'><em>Attributes</em></th></tr><tr bgcolor=""#E3E3F3""> <th>PLN_AREA_N</th> <td>OUTRAM</td> </tr><tr bgcolor=""""> <th>PLN_AREA_C</th> <td>OT</td> </tr><tr bgcolor=""#E3E3F3""> <th>CA_IND</th> <td>Y</td> </tr><tr bgcolor=""""> <th>REGION_N</th> <td>CENTRAL REGION</td> </tr><tr bgcolor=""#E3E3F3""> <th>REGION_C</th> <td>CR</td> </tr><tr bgcolor=""""> <th>INC_CRC</th> <td>5602F03839AD2D0C</td> </tr><tr bgcolor=""#E3E3F3""> <th>FMEL_UPD_D</th> <td>20191223152014</td> </tr></table></center>",Outram,Central Region
WabiSabi Holistic Lifestyle,1.28886291929991,103.846556006065,POINT (103.846556006065 1.28886291929991),35,kml_36,"<center><table><tr><th colspan='2' align='center'><em>Attributes</em></th></tr><tr bgcolor=""#E3E3F3""> <th>PLN_AREA_N</th> <td>SINGAPORE RIVER</td> </tr><tr bgcolor=""""> <th>PLN_AREA_C</th> <td>SR</td> </tr><tr bgcolor=""#E3E3F3""> <th>CA_IND</th> <td>Y</td> </tr><tr bgcolor=""""> <th>REGION_N</th> <td>CENTRAL REGION</td> </tr><tr bgcolor=""#E3E3F3""> <th>REGION_C</th> <td>CR</td> </tr><tr bgcolor=""""> <th>INC_CRC</th> <td>45948364EA9839EA</td> </tr><tr bgcolor=""#E3E3F3""> <th>FMEL_UPD_D</th> <td>20191223152014</td> </tr></table></center>",Singapore River,Central Region
Yaatra,1.27917902296384,103.841769864721,POINT (103.841769864721 1.27917902296384),45,kml_46,"<center><table><tr><th colspan='2' align='center'><em>Attributes</em></th></tr><tr bgcolor=""#E3E3F3""> <th>PLN_AREA_N</th> <td>OUTRAM</td> </tr><tr bgcolor=""""> <th>PLN_AREA_C</th> <td>OT</td> </tr><tr bgcolor=""#E3E3F3""> <th>CA_IND</th> <td>Y</td> </tr><tr bgcolor=""""> <th>REGION_N</th> <td>CENTRAL REGION</td> </tr><tr bgcolor=""#E3E3F3""> <th>REGION_C</th> <td>CR</td> </tr><tr bgcolor=""""> <th>INC_CRC</th> <td>5602F03839AD2D0C</td> </tr><tr bgcolor=""#E3E3F3""> <th>FMEL_UPD_D</th> <td>20191223152014</td> </tr></table></center>",Outram,Central Region
Fitness First - One Raffles Place,1.28433994842242,103.850982351781,POINT (103.850982351781 1.28433994842242),39,kml_40,"<center><table><tr><th colspan='2' align='center'><em>Attributes</em></th></tr><tr bgcolor=""#E3E3F3""> <th>PLN_AREA_N</th> <td>DOWNTOWN CORE</td> </tr><tr bgcolor=""""> <th>PLN_AREA_C</th> <td>DT</td> </tr><tr bgcolor=""#E3E3F3""> <th>CA_IND</th> <td>Y</td> </tr><tr bgcolor=""""> <th>REGION_N</th> <td>CENTRAL REGION</td> </tr><tr bgcolor=""#E3E3F3""> <th>REGION_C</th> <td>CR</td> </tr><tr bgcolor=""""> <th>INC_CRC</th> <td>5D85EA05D2C6189D</td> </tr><tr bgcolor=""#E3E3F3""> <th>FMEL_UPD_D</th> <td>20191223152014</td> </tr></table></center>",Downtown Core,Central Region
Sengkang ClubFITT Gym,1.39550158789593,103.885784253769,POINT (103.885784253769 1.39550158789593),19,kml_20,"<center><table><tr><th colspan='2' align='center'><em>Attributes</em></th></tr><tr bgcolor=""#E3E3F3""> <th>PLN_AREA_N</th> <td>SENGKANG</td> </tr><tr bgcolor=""""> <th>PLN_AREA_C</th> <td>SE</td> </tr><tr bgcolor=""#E3E3F3""> <th>CA_IND</th> <td>N</td> </tr><tr bgcolor=""""> <th>REGION_N</th> <td>NORTH-EAST REGION</td> </tr><tr bgcolor=""#E3E3F3""> <th>REGION_C</th> <td>NER</td> </tr><tr bgcolor=""""> <th>INC_CRC</th> <td>3909BE3D6566DC6B</td> </tr><tr bgcolor=""#E3E3F3""> <th>FMEL_UPD_D</th> <td>20191223152014</td> </tr></table></center>",Sengkang,North-East Region
Tampines ClubFITT Gym,1.35429510351818,103.93963580414,POINT (103.93963580414 1.35429510351818),46,kml_47,"<center><table><tr><th colspan='2' align='center'><em>Attributes</em></th></tr><tr bgcolor=""#E3E3F3""> <th>PLN_AREA_N</th> <td>TAMPINES</td> </tr><tr bgcolor=""""> <th>PLN_AREA_C</th> <td>TM</td> </tr><tr bgcolor=""#E3E3F3""> <th>CA_IND</th> <td>N</td> </tr><tr bgcolor=""""> <th>REGION_N</th> <td>EAST REGION</td> </tr><tr bgcolor=""#E3E3F3""> <th>REGION_C</th> <td>ER</td> </tr><tr bgcolor=""""> <th>INC_CRC</th> <td>9988953DFA610218</td> </tr><tr bgcolor=""#E3E3F3""> <th>FMEL_UPD_D</th> <td>20191223152014</td> </tr></table></center>",Tampines,East Region
Toa Payoh ClubFITT Gym,1.33060010108942,103.849986788241,POINT (103.849986788241 1.33060010108942),28,kml_29,"<center><table><tr><th colspan='2' align='center'><em>Attributes</em></th></tr><tr bgcolor=""#E3E3F3""> <th>PLN_AREA_N</th> <td>TOA PAYOH</td> </tr><tr bgcolor=""""> <th>PLN_AREA_C</th> <td>TP</td> </tr><tr bgcolor=""#E3E3F3""> <th>CA_IND</th> <td>N</td> </tr><tr bgcolor=""""> <th>REGION_N</th> <td>CENTRAL REGION</td> </tr><tr bgcolor=""#E3E3F3""> <th>REGION_C</th> <td>CR</td> </tr><tr bgcolor=""""> <th>INC_CRC</th> <td>85DD6CFD19B09A35</td> </tr><tr bgcolor=""#E3E3F3""> <th>FMEL_UPD_D</th> <td>20191223152014</td> </tr></table></center>",Toa Payoh,Central Region
Pilates Body Pilot - Biopolis,1.30451127820755,103.791460023589,POINT (103.791460023589 1.30451127820755),16,kml_17,"<center><table><tr><th colspan='2' align='center'><em>Attributes</em></th></tr><tr bgcolor=""#E3E3F3""> <th>PLN_AREA_N</th> <td>QUEENSTOWN</td> </tr><tr bgcolor=""""> <th>PLN_AREA_C</th> <td>QT</td> </tr><tr bgcolor=""#E3E3F3""> <th>CA_IND</th> <td>N</td> </tr><tr bgcolor=""""> <th>REGION_N</th> <td>CENTRAL REGION</td> </tr><tr bgcolor=""#E3E3F3""> <th>REGION_C</th> <td>CR</td> </tr><tr bgcolor=""""> <th>INC_CRC</th> <td>C0170DF008A88671</td> </tr><tr bgcolor=""#E3E3F3""> <th>FMEL_UPD_D</th> <td>20191223152014</td> </tr></table></center>",Queenstown,Central Region
Pilates Bodyworks - Finlayson Green,1.28224086928672,103.851286590696,POINT (103.851286590696 1.28224086928672),39,kml_40,"<center><table><tr><th colspan='2' align='center'><em>Attributes</em></th></tr><tr bgcolor=""#E3E3F3""> <th>PLN_AREA_N</th> <td>DOWNTOWN CORE</td> </tr><tr bgcolor=""""> <th>PLN_AREA_C</th> <td>DT</td> </tr><tr bgcolor=""#E3E3F3""> <th>CA_IND</th> <td>Y</td> </tr><tr bgcolor=""""> <th>REGION_N</th> <td>CENTRAL REGION</td> </tr><tr bgcolor=""#E3E3F3""> <th>REGION_C</th> <td>CR</td> </tr><tr bgcolor=""""> <th>INC_CRC</th> <td>5D85EA05D2C6189D</td> </tr><tr bgcolor=""#E3E3F3""> <th>FMEL_UPD_D</th> <td>20191223152014</td> </tr></table></center>",Downtown Core,Central Region
Pilates Fitness,1.27029599179716,103.81293029168,POINT (103.81293029168 1.27029599179716),3,kml_4,"<center><table><tr><th colspan='2' align='center'><em>Attributes</em></th></tr><tr bgcolor=""#E3E3F3""> <th>PLN_AREA_N</th> <td>BUKIT MERAH</td> </tr><tr bgcolor=""""> <th>PLN_AREA_C</th> <td>BM</td> </tr><tr bgcolor=""#E3E3F3""> <th>CA_IND</th> <td>N</td> </tr><tr bgcolor=""""> <th>REGION_N</th> <td>CENTRAL REGION</td> </tr><tr bgcolor=""#E3E3F3""> <th>REGION_C</th> <td>CR</td> </tr><tr bgcolor=""""> <th>INC_CRC</th> <td>4850795BB0B6A4F7</td> </tr><tr bgcolor=""#E3E3F3""> <th>FMEL_UPD_D</th> <td>20191223152014</td> </tr></table></center>",Bukit Merah,Central Region
Pilates Flow,1.32982544868962,103.799469917652,POINT (103.799469917652 1.32982544868962),5,kml_6,"<center><table><tr><th colspan='2' align='center'><em>Attributes</em></th></tr><tr bgcolor=""#E3E3F3""> <th>PLN_AREA_N</th> <td>BUKIT TIMAH</td> </tr><tr bgcolor=""""> <th>PLN_AREA_C</th> <td>BT</td> </tr><tr bgcolor=""#E3E3F3""> <th>CA_IND</th> <td>N</td> </tr><tr bgcolor=""""> <th>REGION_N</th> <td>CENTRAL REGION</td> </tr><tr bgcolor=""#E3E3F3""> <th>REGION_C</th> <td>CR</td> </tr><tr bgcolor=""""> <th>INC_CRC</th> <td>DB3037AA30D8CCDD</td> </tr><tr bgcolor=""#E3E3F3""> <th>FMEL_UPD_D</th> <td>20191223152014</td> </tr></table></center>",Bukit Timah,Central Region
Pilates Inc - The Moving Body Group - East Coast,1.30438467004432,103.903338648384,POINT (103.903338648384 1.30438467004432),38,kml_39,"<center><table><tr><th colspan='2' align='center'><em>Attributes</em></th></tr><tr bgcolor=""#E3E3F3""> <th>PLN_AREA_N</th> <td>MARINE PARADE</td> </tr><tr bgcolor=""""> <th>PLN_AREA_C</th> <td>MP</td> </tr><tr bgcolor=""#E3E3F3""> <th>CA_IND</th> <td>N</td> </tr><tr bgcolor=""""> <th>REGION_N</th> <td>CENTRAL REGION</td> </tr><tr bgcolor=""#E3E3F3""> <th>REGION_C</th> <td>CR</td> </tr><tr bgcolor=""""> <th>INC_CRC</th> <td>277A84C803F3A399</td> </tr><tr bgcolor=""#E3E3F3""> <th>FMEL_UPD_D</th> <td>20191223152014</td> </tr></table></center>",Marine Parade,Central Region
Platinum Yoga,1.30188733852456,103.905996039697,POINT (103.905996039697 1.30188733852456),38,kml_39,"<center><table><tr><th colspan='2' align='center'><em>Attributes</em></th></tr><tr bgcolor=""#E3E3F3""> <th>PLN_AREA_N</th> <td>MARINE PARADE</td> </tr><tr bgcolor=""""> <th>PLN_AREA_C</th> <td>MP</td> </tr><tr bgcolor=""#E3E3F3""> <th>CA_IND</th> <td>N</td> </tr><tr bgcolor=""""> <th>REGION_N</th> <td>CENTRAL REGION</td> </tr><tr bgcolor=""#E3E3F3""> <th>REGION_C</th> <td>CR</td> </tr><tr bgcolor=""""> <th>INC_CRC</th> <td>277A84C803F3A399</td> </tr><tr bgcolor=""#E3E3F3""> <th>FMEL_UPD_D</th> <td>20191223152014</td> </tr></table></center>",Marine Parade,Central Region
PowerMoves Pilates - Bishan Park,1.36254434770061,103.84749323637,POINT (103.84749323637 1.36254434770061),50,kml_51,"<center><table><tr><th colspan='2' align='center'><em>Attributes</em></th></tr><tr bgcolor=""#E3E3F3""> <th>PLN_AREA_N</th> <td>BISHAN</td> </tr><tr bgcolor=""""> <th>PLN_AREA_C</th> <td>BS</td> </tr><tr bgcolor=""#E3E3F3""> <th>CA_IND</th> <td>N</td> </tr><tr bgcolor=""""> <th>REGION_N</th> <td>CENTRAL REGION</td> </tr><tr bgcolor=""#E3E3F3""> <th>REGION_C</th> <td>CR</td> </tr><tr bgcolor=""""> <th>INC_CRC</th> <td>741583155DB92ACF</td> </tr><tr bgcolor=""#E3E3F3""> <th>FMEL_UPD_D</th> <td>20191223152014</td> </tr></table></center>",Bishan,Central Region
PowerMoves Pilates - Dempsey Hill,1.30484978466339,103.808565893546,POINT (103.808565893546 1.30484978466339),47,kml_48,"<center><table><tr><th colspan='2' align='center'><em>Attributes</em></th></tr><tr bgcolor=""#E3E3F3""> <th>PLN_AREA_N</th> <td>TANGLIN</td> </tr><tr bgcolor=""""> <th>PLN_AREA_C</th> <td>TN</td> </tr><tr bgcolor=""#E3E3F3""> <th>CA_IND</th> <td>N</td> </tr><tr bgcolor=""""> <th>REGION_N</th> <td>CENTRAL REGION</td> </tr><tr bgcolor=""#E3E3F3""> <th>REGION_C</th> <td>CR</td> </tr><tr bgcolor=""""> <th>INC_CRC</th> <td>E22629A2FC9C4F3D</td> </tr><tr bgcolor=""#E3E3F3""> <th>FMEL_UPD_D</th> <td>20191223152014</td> </tr></table></center>",Tanglin,Central Region
Pure Yoga - Chevron House,1.28423792027966,103.851927274914,POINT (103.851927274914 1.28423792027966),39,kml_40,"<center><table><tr><th colspan='2' align='center'><em>Attributes</em></th></tr><tr bgcolor=""#E3E3F3""> <th>PLN_AREA_N</th> <td>DOWNTOWN CORE</td> </tr><tr bgcolor=""""> <th>PLN_AREA_C</th> <td>DT</td> </tr><tr bgcolor=""#E3E3F3""> <th>CA_IND</th> <td>Y</td> </tr><tr bgcolor=""""> <th>REGION_N</th> <td>CENTRAL REGION</td> </tr><tr bgcolor=""#E3E3F3""> <th>REGION_C</th> <td>CR</td> </tr><tr bgcolor=""""> <th>INC_CRC</th> <td>5D85EA05D2C6189D</td> </tr><tr bgcolor=""#E3E3F3""> <th>FMEL_UPD_D</th> <td>20191223152014</td> </tr></table></center>",Downtown Core,Central Region
Pure Yoga - Ngee Ann City,1.30242417909429,103.83467613466,POINT (103.83467613466 1.30242417909429),44,kml_45,"<center><table><tr><th colspan='2' align='center'><em>Attributes</em></th></tr><tr bgcolor=""#E3E3F3""> <th>PLN_AREA_N</th> <td>ORCHARD</td> </tr><tr bgcolor=""""> <th>PLN_AREA_C</th> <td>OR</td> </tr><tr bgcolor=""#E3E3F3""> <th>CA_IND</th> <td>Y</td> </tr><tr bgcolor=""""> <th>REGION_N</th> <td>CENTRAL REGION</td> </tr><tr bgcolor=""#E3E3F3""> <th>REGION_C</th> <td>CR</td> </tr><tr bgcolor=""""> <th>INC_CRC</th> <td>0A8593C8FB61AF7D</td> </tr><tr bgcolor=""#E3E3F3""> <th>FMEL_UPD_D</th> <td>20191223152014</td> </tr></table></center>",Orchard,Central Region
Real Yoga,1.30197804716068,103.839758898411,POINT (103.839758898411 1.30197804716068),44,kml_45,"<center><table><tr><th colspan='2' align='center'><em>Attributes</em></th></tr><tr bgcolor=""#E3E3F3""> <th>PLN_AREA_N</th> <td>ORCHARD</td> </tr><tr bgcolor=""""> <th>PLN_AREA_C</th> <td>OR</td> </tr><tr bgcolor=""#E3E3F3""> <th>CA_IND</th> <td>Y</td> </tr><tr bgcolor=""""> <th>REGION_N</th> <td>CENTRAL REGION</td> </tr><tr bgcolor=""#E3E3F3""> <th>REGION_C</th> <td>CR</td> </tr><tr bgcolor=""""> <th>INC_CRC</th> <td>0A8593C8FB61AF7D</td> </tr><tr bgcolor=""#E3E3F3""> <th>FMEL_UPD_D</th> <td>20191223152014</td> </tr></table></center>",Orchard,Central Region
Reebok CrossFit Enduro,1.30681472605594,103.858169031632,POINT (103.858169031632 1.30681472605594),34,kml_35,"<center><table><tr><th colspan='2' align='center'><em>Attributes</em></th></tr><tr bgcolor=""#E3E3F3""> <th>PLN_AREA_N</th> <td>ROCHOR</td> </tr><tr bgcolor=""""> <th>PLN_AREA_C</th> <td>RC</td> </tr><tr bgcolor=""#E3E3F3""> <th>CA_IND</th> <td>Y</td> </tr><tr bgcolor=""""> <th>REGION_N</th> <td>CENTRAL REGION</td> </tr><tr bgcolor=""#E3E3F3""> <th>REGION_C</th> <td>CR</td> </tr><tr bgcolor=""""> <th>INC_CRC</th> <td>AB3524B3970C1C40</td> </tr><tr bgcolor=""#E3E3F3""> <th>FMEL_UPD_D</th> <td>20191223152014</td> </tr></table></center>",Rochor,Central Region
Singapore CrossFit Hub,1.33378882726631,103.887714301749,POINT (103.887714301749 1.33378882726631),28,kml_29,"<center><table><tr><th colspan='2' align='center'><em>Attributes</em></th></tr><tr bgcolor=""#E3E3F3""> <th>PLN_AREA_N</th> <td>TOA PAYOH</td> </tr><tr bgcolor=""""> <th>PLN_AREA_C</th> <td>TP</td> </tr><tr bgcolor=""#E3E3F3""> <th>CA_IND</th> <td>N</td> </tr><tr bgcolor=""""> <th>REGION_N</th> <td>CENTRAL REGION</td> </tr><tr bgcolor=""#E3E3F3""> <th>REGION_C</th> <td>CR</td> </tr><tr bgcolor=""""> <th>INC_CRC</th> <td>85DD6CFD19B09A35</td> </tr><tr bgcolor=""#E3E3F3""> <th>FMEL_UPD_D</th> <td>20191223152014</td> </tr></table></center>",Toa Payoh,Central Region
Sivananda Yoga Vedanta Centre,1.27901545155803,103.840532034232,POINT (103.840532034232 1.27901545155803),45,kml_46,"<center><table><tr><th colspan='2' align='center'><em>Attributes</em></th></tr><tr bgcolor=""#E3E3F3""> <th>PLN_AREA_N</th> <td>OUTRAM</td> </tr><tr bgcolor=""""> <th>PLN_AREA_C</th> <td>OT</td> </tr><tr bgcolor=""#E3E3F3""> <th>CA_IND</th> <td>Y</td> </tr><tr bgcolor=""""> <th>REGION_N</th> <td>CENTRAL REGION</td> </tr><tr bgcolor=""#E3E3F3""> <th>REGION_C</th> <td>CR</td> </tr><tr bgcolor=""""> <th>INC_CRC</th> <td>5602F03839AD2D0C</td> </tr><tr bgcolor=""#E3E3F3""> <th>FMEL_UPD_D</th> <td>20191223152014</td> </tr></table></center>",Outram,Central Region
Sky Fitness - Harbourfront,1.26448635050271,103.818686870632,POINT (103.818686870632 1.26448635050271),3,kml_4,"<center><table><tr><th colspan='2' align='center'><em>Attributes</em></th></tr><tr bgcolor=""#E3E3F3""> <th>PLN_AREA_N</th> <td>BUKIT MERAH</td> </tr><tr bgcolor=""""> <th>PLN_AREA_C</th> <td>BM</td> </tr><tr bgcolor=""#E3E3F3""> <th>CA_IND</th> <td>N</td> </tr><tr bgcolor=""""> <th>REGION_N</th> <td>CENTRAL REGION</td> </tr><tr bgcolor=""#E3E3F3""> <th>REGION_C</th> <td>CR</td> </tr><tr bgcolor=""""> <th>INC_CRC</th> <td>4850795BB0B6A4F7</td> </tr><tr bgcolor=""#E3E3F3""> <th>FMEL_UPD_D</th> <td>20191223152014</td> </tr></table></center>",Bukit Merah,Central Region
Bedok ClubFITT Gym,1.32585712140622,103.938328173262,POINT (103.938328173262 1.32585712140622),0,kml_1,"<center><table><tr><th colspan='2' align='center'><em>Attributes</em></th></tr><tr bgcolor=""#E3E3F3""> <th>PLN_AREA_N</th> <td>BEDOK</td> </tr><tr bgcolor=""""> <th>PLN_AREA_C</th> <td>BD</td> </tr><tr bgcolor=""#E3E3F3""> <th>CA_IND</th> <td>N</td> </tr><tr bgcolor=""""> <th>REGION_N</th> <td>EAST REGION</td> </tr><tr bgcolor=""#E3E3F3""> <th>REGION_C</th> <td>ER</td> </tr><tr bgcolor=""""> <th>INC_CRC</th> <td>5F00E6FF084F3364</td> </tr><tr bgcolor=""#E3E3F3""> <th>FMEL_UPD_D</th> <td>20191223152014</td> </tr></table></center>",Bedok,East Region
Spaboutique,1.30778575196489,103.825932498525,POINT (103.825932498525 1.30778575196489),47,kml_48,"<center><table><tr><th colspan='2' align='center'><em>Attributes</em></th></tr><tr bgcolor=""#E3E3F3""> <th>PLN_AREA_N</th> <td>TANGLIN</td> </tr><tr bgcolor=""""> <th>PLN_AREA_C</th> <td>TN</td> </tr><tr bgcolor=""#E3E3F3""> <th>CA_IND</th> <td>N</td> </tr><tr bgcolor=""""> <th>REGION_N</th> <td>CENTRAL REGION</td> </tr><tr bgcolor=""#E3E3F3""> <th>REGION_C</th> <td>CR</td> </tr><tr bgcolor=""""> <th>INC_CRC</th> <td>E22629A2FC9C4F3D</td> </tr><tr bgcolor=""#E3E3F3""> <th>FMEL_UPD_D</th> <td>20191223152014</td> </tr></table></center>",Tanglin,Central Region
The Gym At Orchard,1.30550611670641,103.829984827987,POINT (103.829984827987 1.30550611670641),44,kml_45,"<center><table><tr><th colspan='2' align='center'><em>Attributes</em></th></tr><tr bgcolor=""#E3E3F3""> <th>PLN_AREA_N</th> <td>ORCHARD</td> </tr><tr bgcolor=""""> <th>PLN_AREA_C</th> <td>OR</td> </tr><tr bgcolor=""#E3E3F3""> <th>CA_IND</th> <td>Y</td> </tr><tr bgcolor=""""> <th>REGION_N</th> <td>CENTRAL REGION</td> </tr><tr bgcolor=""#E3E3F3""> <th>REGION_C</th> <td>CR</td> </tr><tr bgcolor=""""> <th>INC_CRC</th> <td>0A8593C8FB61AF7D</td> </tr><tr bgcolor=""#E3E3F3""> <th>FMEL_UPD_D</th> <td>20191223152014</td> </tr></table></center>",Orchard,Central Region
The Pilates Place,1.27787296456741,103.844133723257,POINT (103.844133723257 1.27787296456741),45,kml_46,"<center><table><tr><th colspan='2' align='center'><em>Attributes</em></th></tr><tr bgcolor=""#E3E3F3""> <th>PLN_AREA_N</th> <td>OUTRAM</td> </tr><tr bgcolor=""""> <th>PLN_AREA_C</th> <td>OT</td> </tr><tr bgcolor=""#E3E3F3""> <th>CA_IND</th> <td>Y</td> </tr><tr bgcolor=""""> <th>REGION_N</th> <td>CENTRAL REGION</td> </tr><tr bgcolor=""#E3E3F3""> <th>REGION_C</th> <td>CR</td> </tr><tr bgcolor=""""> <th>INC_CRC</th> <td>5602F03839AD2D0C</td> </tr><tr bgcolor=""#E3E3F3""> <th>FMEL_UPD_D</th> <td>20191223152014</td> </tr></table></center>",Outram,Central Region
Fitness First - Fusionopolis,1.29929406658312,103.787404060028,POINT (103.787404060028 1.29929406658312),16,kml_17,"<center><table><tr><th colspan='2' align='center'><em>Attributes</em></th></tr><tr bgcolor=""#E3E3F3""> <th>PLN_AREA_N</th> <td>QUEENSTOWN</td> </tr><tr bgcolor=""""> <th>PLN_AREA_C</th> <td>QT</td> </tr><tr bgcolor=""#E3E3F3""> <th>CA_IND</th> <td>N</td> </tr><tr bgcolor=""""> <th>REGION_N</th> <td>CENTRAL REGION</td> </tr><tr bgcolor=""#E3E3F3""> <th>REGION_C</th> <td>CR</td> </tr><tr bgcolor=""""> <th>INC_CRC</th> <td>C0170DF008A88671</td> </tr><tr bgcolor=""#E3E3F3""> <th>FMEL_UPD_D</th> <td>20191223152014</td> </tr></table></center>",Queenstown,Central Region
Amore Fitness - City Square Mall,1.31139349438914,103.856487121487,POINT (103.856487121487 1.31139349438914),21,kml_22,"<center><table><tr><th colspan='2' align='center'><em>Attributes</em></th></tr><tr bgcolor=""#E3E3F3""> <th>PLN_AREA_N</th> <td>KALLANG</td> </tr><tr bgcolor=""""> <th>PLN_AREA_C</th> <td>KL</td> </tr><tr bgcolor=""#E3E3F3""> <th>CA_IND</th> <td>N</td> </tr><tr bgcolor=""""> <th>REGION_N</th> <td>CENTRAL REGION</td> </tr><tr bgcolor=""#E3E3F3""> <th>REGION_C</th> <td>CR</td> </tr><tr bgcolor=""""> <th>INC_CRC</th> <td>8805C45D2F327F92</td> </tr><tr bgcolor=""#E3E3F3""> <th>FMEL_UPD_D</th> <td>20191223152014</td> </tr></table></center>",Kallang,Central Region
E's FITNESS PTE. LTD.,1.27870948631099,103.840386703019,POINT (103.840386703019 1.27870948631099),45,kml_46,"<center><table><tr><th colspan='2' align='center'><em>Attributes</em></th></tr><tr bgcolor=""#E3E3F3""> <th>PLN_AREA_N</th> <td>OUTRAM</td> </tr><tr bgcolor=""""> <th>PLN_AREA_C</th> <td>OT</td> </tr><tr bgcolor=""#E3E3F3""> <th>CA_IND</th> <td>Y</td> </tr><tr bgcolor=""""> <th>REGION_N</th> <td>CENTRAL REGION</td> </tr><tr bgcolor=""#E3E3F3""> <th>REGION_C</th> <td>CR</td> </tr><tr bgcolor=""""> <th>INC_CRC</th> <td>5602F03839AD2D0C</td> </tr><tr bgcolor=""#E3E3F3""> <th>FMEL_UPD_D</th> <td>20191223152014</td> </tr></table></center>",Outram,Central Region
YogaDivas - Nassim Road,1.29792400181845,103.814556916597,POINT (103.814556916597 1.29792400181845),47,kml_48,"<center><table><tr><th colspan='2' align='center'><em>Attributes</em></th></tr><tr bgcolor=""#E3E3F3""> <th>PLN_AREA_N</th> <td>TANGLIN</td> </tr><tr bgcolor=""""> <th>PLN_AREA_C</th> <td>TN</td> </tr><tr bgcolor=""#E3E3F3""> <th>CA_IND</th> <td>N</td> </tr><tr bgcolor=""""> <th>REGION_N</th> <td>CENTRAL REGION</td> </tr><tr bgcolor=""#E3E3F3""> <th>REGION_C</th> <td>CR</td> </tr><tr bgcolor=""""> <th>INC_CRC</th> <td>E22629A2FC9C4F3D</td> </tr><tr bgcolor=""#E3E3F3""> <th>FMEL_UPD_D</th> <td>20191223152014</td> </tr></table></center>",Tanglin,Central Region
Absolute Yoga - River Valley,1.29301786111442,103.826940812301,POINT (103.826940812301 1.29301786111442),47,kml_48,"<center><table><tr><th colspan='2' align='center'><em>Attributes</em></th></tr><tr bgcolor=""#E3E3F3""> <th>PLN_AREA_N</th> <td>TANGLIN</td> </tr><tr bgcolor=""""> <th>PLN_AREA_C</th> <td>TN</td> </tr><tr bgcolor=""#E3E3F3""> <th>CA_IND</th> <td>N</td> </tr><tr bgcolor=""""> <th>REGION_N</th> <td>CENTRAL REGION</td> </tr><tr bgcolor=""#E3E3F3""> <th>REGION_C</th> <td>CR</td> </tr><tr bgcolor=""""> <th>INC_CRC</th> <td>E22629A2FC9C4F3D</td> </tr><tr bgcolor=""#E3E3F3""> <th>FMEL_UPD_D</th> <td>20191223152014</td> </tr></table></center>",Tanglin,Central Region
Yoga On Nassim,1.3310218845731,103.796264512395,POINT (103.796264512395 1.3310218845731),5,kml_6,"<center><table><tr><th colspan='2' align='center'><em>Attributes</em></th></tr><tr bgcolor=""#E3E3F3""> <th>PLN_AREA_N</th> <td>BUKIT TIMAH</td> </tr><tr bgcolor=""""> <th>PLN_AREA_C</th> <td>BT</td> </tr><tr bgcolor=""#E3E3F3""> <th>CA_IND</th> <td>N</td> </tr><tr bgcolor=""""> <th>REGION_N</th> <td>CENTRAL REGION</td> </tr><tr bgcolor=""#E3E3F3""> <th>REGION_C</th> <td>CR</td> </tr><tr bgcolor=""""> <th>INC_CRC</th> <td>DB3037AA30D8CCDD</td> </tr><tr bgcolor=""#E3E3F3""> <th>FMEL_UPD_D</th> <td>20191223152014</td> </tr></table></center>",Bukit Timah,Central Region
YogaDivas - Leonie Hill,1.30778575196489,103.825932498525,POINT (103.825932498525 1.30778575196489),47,kml_48,"<center><table><tr><th colspan='2' align='center'><em>Attributes</em></th></tr><tr bgcolor=""#E3E3F3""> <th>PLN_AREA_N</th> <td>TANGLIN</td> </tr><tr bgcolor=""""> <th>PLN_AREA_C</th> <td>TN</td> </tr><tr bgcolor=""#E3E3F3""> <th>CA_IND</th> <td>N</td> </tr><tr bgcolor=""""> <th>REGION_N</th> <td>CENTRAL REGION</td> </tr><tr bgcolor=""#E3E3F3""> <th>REGION_C</th> <td>CR</td> </tr><tr bgcolor=""""> <th>INC_CRC</th> <td>E22629A2FC9C4F3D</td> </tr><tr bgcolor=""#E3E3F3""> <th>FMEL_UPD_D</th> <td>20191223152014</td> </tr></table></center>",Tanglin,Central Region
YogaDivas - Phoenix Park,1.29792400181845,103.814556916597,POINT (103.814556916597 1.29792400181845),47,kml_48,"<center><table><tr><th colspan='2' align='center'><em>Attributes</em></th></tr><tr bgcolor=""#E3E3F3""> <th>PLN_AREA_N</th> <td>TANGLIN</td> </tr><tr bgcolor=""""> <th>PLN_AREA_C</th> <td>TN</td> </tr><tr bgcolor=""#E3E3F3""> <th>CA_IND</th> <td>N</td> </tr><tr bgcolor=""""> <th>REGION_N</th> <td>CENTRAL REGION</td> </tr><tr bgcolor=""#E3E3F3""> <th>REGION_C</th> <td>CR</td> </tr><tr bgcolor=""""> <th>INC_CRC</th> <td>E22629A2FC9C4F3D</td> </tr><tr bgcolor=""#E3E3F3""> <th>FMEL_UPD_D</th> <td>20191223152014</td> </tr></table></center>",Tanglin,Central Region
Ananda Marga Yoga Society of Singapore - Parkway Centre,1.30188733852456,103.905996039697,POINT (103.905996039697 1.30188733852456),38,kml_39,"<center><table><tr><th colspan='2' align='center'><em>Attributes</em></th></tr><tr bgcolor=""#E3E3F3""> <th>PLN_AREA_N</th> <td>MARINE PARADE</td> </tr><tr bgcolor=""""> <th>PLN_AREA_C</th> <td>MP</td> </tr><tr bgcolor=""#E3E3F3""> <th>CA_IND</th> <td>N</td> </tr><tr bgcolor=""""> <th>REGION_N</th> <td>CENTRAL REGION</td> </tr><tr bgcolor=""#E3E3F3""> <th>REGION_C</th> <td>CR</td> </tr><tr bgcolor=""""> <th>INC_CRC</th> <td>277A84C803F3A399</td> </tr><tr bgcolor=""#E3E3F3""> <th>FMEL_UPD_D</th> <td>20191223152014</td> </tr></table></center>",Marine Parade,Central Region
Balancing Rocks Yoga Studio,1.30097708408221,103.860481773329,POINT (103.860481773329 1.30097708408221),34,kml_35,"<center><table><tr><th colspan='2' align='center'><em>Attributes</em></th></tr><tr bgcolor=""#E3E3F3""> <th>PLN_AREA_N</th> <td>ROCHOR</td> </tr><tr bgcolor=""""> <th>PLN_AREA_C</th> <td>RC</td> </tr><tr bgcolor=""#E3E3F3""> <th>CA_IND</th> <td>Y</td> </tr><tr bgcolor=""""> <th>REGION_N</th> <td>CENTRAL REGION</td> </tr><tr bgcolor=""#E3E3F3""> <th>REGION_C</th> <td>CR</td> </tr><tr bgcolor=""""> <th>INC_CRC</th> <td>AB3524B3970C1C40</td> </tr><tr bgcolor=""#E3E3F3""> <th>FMEL_UPD_D</th> <td>20191223152014</td> </tr></table></center>",Rochor,Central Region
Basic Essence,1.32257317593847,103.814245545298,POINT (103.814245545298 1.32257317593847),47,kml_48,"<center><table><tr><th colspan='2' align='center'><em>Attributes</em></th></tr><tr bgcolor=""#E3E3F3""> <th>PLN_AREA_N</th> <td>TANGLIN</td> </tr><tr bgcolor=""""> <th>PLN_AREA_C</th> <td>TN</td> </tr><tr bgcolor=""#E3E3F3""> <th>CA_IND</th> <td>N</td> </tr><tr bgcolor=""""> <th>REGION_N</th> <td>CENTRAL REGION</td> </tr><tr bgcolor=""#E3E3F3""> <th>REGION_C</th> <td>CR</td> </tr><tr bgcolor=""""> <th>INC_CRC</th> <td>E22629A2FC9C4F3D</td> </tr><tr bgcolor=""#E3E3F3""> <th>FMEL_UPD_D</th> <td>20191223152014</td> </tr></table></center>",Tanglin,Central Region
Being In Yoga,1.33589728896884,103.795941517598,POINT (103.795941517598 1.33589728896884),5,kml_6,"<center><table><tr><th colspan='2' align='center'><em>Attributes</em></th></tr><tr bgcolor=""#E3E3F3""> <th>PLN_AREA_N</th> <td>BUKIT TIMAH</td> </tr><tr bgcolor=""""> <th>PLN_AREA_C</th> <td>BT</td> </tr><tr bgcolor=""#E3E3F3""> <th>CA_IND</th> <td>N</td> </tr><tr bgcolor=""""> <th>REGION_N</th> <td>CENTRAL REGION</td> </tr><tr bgcolor=""#E3E3F3""> <th>REGION_C</th> <td>CR</td> </tr><tr bgcolor=""""> <th>INC_CRC</th> <td>DB3037AA30D8CCDD</td> </tr><tr bgcolor=""#E3E3F3""> <th>FMEL_UPD_D</th> <td>20191223152014</td> </tr></table></center>",Bukit Timah,Central Region
Breathe Pilates - East Coast,1.30759648523611,103.906933727641,POINT (103.906933727641 1.30759648523611),38,kml_39,"<center><table><tr><th colspan='2' align='center'><em>Attributes</em></th></tr><tr bgcolor=""#E3E3F3""> <th>PLN_AREA_N</th> <td>MARINE PARADE</td> </tr><tr bgcolor=""""> <th>PLN_AREA_C</th> <td>MP</td> </tr><tr bgcolor=""#E3E3F3""> <th>CA_IND</th> <td>N</td> </tr><tr bgcolor=""""> <th>REGION_N</th> <td>CENTRAL REGION</td> </tr><tr bgcolor=""#E3E3F3""> <th>REGION_C</th> <td>CR</td> </tr><tr bgcolor=""""> <th>INC_CRC</th> <td>277A84C803F3A399</td> </tr><tr bgcolor=""#E3E3F3""> <th>FMEL_UPD_D</th> <td>20191223152014</td> </tr></table></center>",Marine Parade,Central Region
Slender Shapes - Upper Bukit Timah,1.34094072442015,103.776280180624,POINT (103.776280180624 1.34094072442015),5,kml_6,"<center><table><tr><th colspan='2' align='center'><em>Attributes</em></th></tr><tr bgcolor=""#E3E3F3""> <th>PLN_AREA_N</th> <td>BUKIT TIMAH</td> </tr><tr bgcolor=""""> <th>PLN_AREA_C</th> <td>BT</td> </tr><tr bgcolor=""#E3E3F3""> <th>CA_IND</th> <td>N</td> </tr><tr bgcolor=""""> <th>REGION_N</th> <td>CENTRAL REGION</td> </tr><tr bgcolor=""#E3E3F3""> <th>REGION_C</th> <td>CR</td> </tr><tr bgcolor=""""> <th>INC_CRC</th> <td>DB3037AA30D8CCDD</td> </tr><tr bgcolor=""#E3E3F3""> <th>FMEL_UPD_D</th> <td>20191223152014</td> </tr></table></center>",Bukit Timah,Central Region
Absolute Yoga - Telok Ayer,1.28041369547153,103.847638181705,POINT (103.847638181705 1.28041369547153),45,kml_46,"<center><table><tr><th colspan='2' align='center'><em>Attributes</em></th></tr><tr bgcolor=""#E3E3F3""> <th>PLN_AREA_N</th> <td>OUTRAM</td> </tr><tr bgcolor=""""> <th>PLN_AREA_C</th> <td>OT</td> </tr><tr bgcolor=""#E3E3F3""> <th>CA_IND</th> <td>Y</td> </tr><tr bgcolor=""""> <th>REGION_N</th> <td>CENTRAL REGION</td> </tr><tr bgcolor=""#E3E3F3""> <th>REGION_C</th> <td>CR</td> </tr><tr bgcolor=""""> <th>INC_CRC</th> <td>5602F03839AD2D0C</td> </tr><tr bgcolor=""#E3E3F3""> <th>FMEL_UPD_D</th> <td>20191223152014</td> </tr></table></center>",Outram,Central Region
Pilatique Pilates Studio,1.2824640229959,103.846934447584,POINT (103.846934447584 1.2824640229959),45,kml_46,"<center><table><tr><th colspan='2' align='center'><em>Attributes</em></th></tr><tr bgcolor=""#E3E3F3""> <th>PLN_AREA_N</th> <td>OUTRAM</td> </tr><tr bgcolor=""""> <th>PLN_AREA_C</th> <td>OT</td> </tr><tr bgcolor=""#E3E3F3""> <th>CA_IND</th> <td>Y</td> </tr><tr bgcolor=""""> <th>REGION_N</th> <td>CENTRAL REGION</td> </tr><tr bgcolor=""#E3E3F3""> <th>REGION_C</th> <td>CR</td> </tr><tr bgcolor=""""> <th>INC_CRC</th> <td>5602F03839AD2D0C</td> </tr><tr bgcolor=""#E3E3F3""> <th>FMEL_UPD_D</th> <td>20191223152014</td> </tr></table></center>",Outram,Central Region
Canvass Art and Yoga Studio,1.33583564516194,103.786616299314,POINT (103.786616299314 1.33583564516194),5,kml_6,"<center><table><tr><th colspan='2' align='center'><em>Attributes</em></th></tr><tr bgcolor=""#E3E3F3""> <th>PLN_AREA_N</th> <td>BUKIT TIMAH</td> </tr><tr bgcolor=""""> <th>PLN_AREA_C</th> <td>BT</td> </tr><tr bgcolor=""#E3E3F3""> <th>CA_IND</th> <td>N</td> </tr><tr bgcolor=""""> <th>REGION_N</th> <td>CENTRAL REGION</td> </tr><tr bgcolor=""#E3E3F3""> <th>REGION_C</th> <td>CR</td> </tr><tr bgcolor=""""> <th>INC_CRC</th> <td>DB3037AA30D8CCDD</td> </tr><tr bgcolor=""#E3E3F3""> <th>FMEL_UPD_D</th> <td>20191223152014</td> </tr></table></center>",Bukit Timah,Central Region
COMO Shambhala Urban Escape,1.30717806036195,103.828468717265,POINT (103.828468717265 1.30717806036195),44,kml_45,"<center><table><tr><th colspan='2' align='center'><em>Attributes</em></th></tr><tr bgcolor=""#E3E3F3""> <th>PLN_AREA_N</th> <td>ORCHARD</td> </tr><tr bgcolor=""""> <th>PLN_AREA_C</th> <td>OR</td> </tr><tr bgcolor=""#E3E3F3""> <th>CA_IND</th> <td>Y</td> </tr><tr bgcolor=""""> <th>REGION_N</th> <td>CENTRAL REGION</td> </tr><tr bgcolor=""#E3E3F3""> <th>REGION_C</th> <td>CR</td> </tr><tr bgcolor=""""> <th>INC_CRC</th> <td>0A8593C8FB61AF7D</td> </tr><tr bgcolor=""#E3E3F3""> <th>FMEL_UPD_D</th> <td>20191223152014</td> </tr></table></center>",Orchard,Central Region
Fitness First - The Cathay,1.29918374721933,103.847789792828,POINT (103.847789792828 1.29918374721933),42,kml_43,"<center><table><tr><th colspan='2' align='center'><em>Attributes</em></th></tr><tr bgcolor=""#E3E3F3""> <th>PLN_AREA_N</th> <td>MUSEUM</td> </tr><tr bgcolor=""""> <th>PLN_AREA_C</th> <td>MU</td> </tr><tr bgcolor=""#E3E3F3""> <th>CA_IND</th> <td>Y</td> </tr><tr bgcolor=""""> <th>REGION_N</th> <td>CENTRAL REGION</td> </tr><tr bgcolor=""#E3E3F3""> <th>REGION_C</th> <td>CR</td> </tr><tr bgcolor=""""> <th>INC_CRC</th> <td>A5604F296D014694</td> </tr><tr bgcolor=""#E3E3F3""> <th>FMEL_UPD_D</th> <td>20191223152014</td> </tr></table></center>",Museum,Central Region
Focus Pilates - Orchard,1.30394638048361,103.834826945699,POINT (103.834826945699 1.30394638048361),44,kml_45,"<center><table><tr><th colspan='2' align='center'><em>Attributes</em></th></tr><tr bgcolor=""#E3E3F3""> <th>PLN_AREA_N</th> <td>ORCHARD</td> </tr><tr bgcolor=""""> <th>PLN_AREA_C</th> <td>OR</td> </tr><tr bgcolor=""#E3E3F3""> <th>CA_IND</th> <td>Y</td> </tr><tr bgcolor=""""> <th>REGION_N</th> <td>CENTRAL REGION</td> </tr><tr bgcolor=""#E3E3F3""> <th>REGION_C</th> <td>CR</td> </tr><tr bgcolor=""""> <th>INC_CRC</th> <td>0A8593C8FB61AF7D</td> </tr><tr bgcolor=""#E3E3F3""> <th>FMEL_UPD_D</th> <td>20191223152014</td> </tr></table></center>",Orchard,Central Region
Focus Pilates - Raffles Place,1.28394229110606,103.850711622748,POINT (103.850711622748 1.28394229110606),39,kml_40,"<center><table><tr><th colspan='2' align='center'><em>Attributes</em></th></tr><tr bgcolor=""#E3E3F3""> <th>PLN_AREA_N</th> <td>DOWNTOWN CORE</td> </tr><tr bgcolor=""""> <th>PLN_AREA_C</th> <td>DT</td> </tr><tr bgcolor=""#E3E3F3""> <th>CA_IND</th> <td>Y</td> </tr><tr bgcolor=""""> <th>REGION_N</th> <td>CENTRAL REGION</td> </tr><tr bgcolor=""#E3E3F3""> <th>REGION_C</th> <td>CR</td> </tr><tr bgcolor=""""> <th>INC_CRC</th> <td>5D85EA05D2C6189D</td> </tr><tr bgcolor=""#E3E3F3""> <th>FMEL_UPD_D</th> <td>20191223152014</td> </tr></table></center>",Downtown Core,Central Region
Genesis Gym - CBD,1.27742661017112,103.844050900534,POINT (103.844050900534 1.27742661017112),45,kml_46,"<center><table><tr><th colspan='2' align='center'><em>Attributes</em></th></tr><tr bgcolor=""#E3E3F3""> <th>PLN_AREA_N</th> <td>OUTRAM</td> </tr><tr bgcolor=""""> <th>PLN_AREA_C</th> <td>OT</td> </tr><tr bgcolor=""#E3E3F3""> <th>CA_IND</th> <td>Y</td> </tr><tr bgcolor=""""> <th>REGION_N</th> <td>CENTRAL REGION</td> </tr><tr bgcolor=""#E3E3F3""> <th>REGION_C</th> <td>CR</td> </tr><tr bgcolor=""""> <th>INC_CRC</th> <td>5602F03839AD2D0C</td> </tr><tr bgcolor=""#E3E3F3""> <th>FMEL_UPD_D</th> <td>20191223152014</td> </tr></table></center>",Outram,Central Region
Genesis Gym - Mounbatten,1.30746518712488,103.881270808537,POINT (103.881270808537 1.30746518712488),52,kml_53,"<center><table><tr><th colspan='2' align='center'><em>Attributes</em></th></tr><tr bgcolor=""#E3E3F3""> <th>PLN_AREA_N</th> <td>GEYLANG</td> </tr><tr bgcolor=""""> <th>PLN_AREA_C</th> <td>GL</td> </tr><tr bgcolor=""#E3E3F3""> <th>CA_IND</th> <td>N</td> </tr><tr bgcolor=""""> <th>REGION_N</th> <td>CENTRAL REGION</td> </tr><tr bgcolor=""#E3E3F3""> <th>REGION_C</th> <td>CR</td> </tr><tr bgcolor=""""> <th>INC_CRC</th> <td>FC8678CF0ED975CA</td> </tr><tr bgcolor=""#E3E3F3""> <th>FMEL_UPD_D</th> <td>20191223152014</td> </tr></table></center>",Geylang,Central Region
Gold's Gym - Bukit Merah,1.28205540617869,103.818078216386,POINT (103.818078216386 1.28205540617869),3,kml_4,"<center><table><tr><th colspan='2' align='center'><em>Attributes</em></th></tr><tr bgcolor=""#E3E3F3""> <th>PLN_AREA_N</th> <td>BUKIT MERAH</td> </tr><tr bgcolor=""""> <th>PLN_AREA_C</th> <td>BM</td> </tr><tr bgcolor=""#E3E3F3""> <th>CA_IND</th> <td>N</td> </tr><tr bgcolor=""""> <th>REGION_N</th> <td>CENTRAL REGION</td> </tr><tr bgcolor=""#E3E3F3""> <th>REGION_C</th> <td>CR</td> </tr><tr bgcolor=""""> <th>INC_CRC</th> <td>4850795BB0B6A4F7</td> </tr><tr bgcolor=""#E3E3F3""> <th>FMEL_UPD_D</th> <td>20191223152014</td> </tr></table></center>",Bukit Merah,Central Region
Green Yoga,1.35306949447786,103.835093523472,POINT (103.835093523472 1.35306949447786),50,kml_51,"<center><table><tr><th colspan='2' align='center'><em>Attributes</em></th></tr><tr bgcolor=""#E3E3F3""> <th>PLN_AREA_N</th> <td>BISHAN</td> </tr><tr bgcolor=""""> <th>PLN_AREA_C</th> <td>BS</td> </tr><tr bgcolor=""#E3E3F3""> <th>CA_IND</th> <td>N</td> </tr><tr bgcolor=""""> <th>REGION_N</th> <td>CENTRAL REGION</td> </tr><tr bgcolor=""#E3E3F3""> <th>REGION_C</th> <td>CR</td> </tr><tr bgcolor=""""> <th>INC_CRC</th> <td>741583155DB92ACF</td> </tr><tr bgcolor=""#E3E3F3""> <th>FMEL_UPD_D</th> <td>20191223152014</td> </tr></table></center>",Bishan,Central Region
H.om Yoga,1.28621325740623,103.849431927363,POINT (103.849431927363 1.28621325740623),35,kml_36,"<center><table><tr><th colspan='2' align='center'><em>Attributes</em></th></tr><tr bgcolor=""#E3E3F3""> <th>PLN_AREA_N</th> <td>SINGAPORE RIVER</td> </tr><tr bgcolor=""""> <th>PLN_AREA_C</th> <td>SR</td> </tr><tr bgcolor=""#E3E3F3""> <th>CA_IND</th> <td>Y</td> </tr><tr bgcolor=""""> <th>REGION_N</th> <td>CENTRAL REGION</td> </tr><tr bgcolor=""#E3E3F3""> <th>REGION_C</th> <td>CR</td> </tr><tr bgcolor=""""> <th>INC_CRC</th> <td>45948364EA9839EA</td> </tr><tr bgcolor=""#E3E3F3""> <th>FMEL_UPD_D</th> <td>20191223152014</td> </tr></table></center>",Singapore River,Central Region
Impact Mixed Martial Arts,1.27851893758259,103.850071543607,POINT (103.850071543607 1.27851893758259),39,kml_40,"<center><table><tr><th colspan='2' align='center'><em>Attributes</em></th></tr><tr bgcolor=""#E3E3F3""> <th>PLN_AREA_N</th> <td>DOWNTOWN CORE</td> </tr><tr bgcolor=""""> <th>PLN_AREA_C</th> <td>DT</td> </tr><tr bgcolor=""#E3E3F3""> <th>CA_IND</th> <td>Y</td> </tr><tr bgcolor=""""> <th>REGION_N</th> <td>CENTRAL REGION</td> </tr><tr bgcolor=""#E3E3F3""> <th>REGION_C</th> <td>CR</td> </tr><tr bgcolor=""""> <th>INC_CRC</th> <td>5D85EA05D2C6189D</td> </tr><tr bgcolor=""#E3E3F3""> <th>FMEL_UPD_D</th> <td>20191223152014</td> </tr></table></center>",Downtown Core,Central Region
Impakt Singapore,1.27816986401168,103.848096103439,POINT (103.848096103439 1.27816986401168),39,kml_40,"<center><table><tr><th colspan='2' align='center'><em>Attributes</em></th></tr><tr bgcolor=""#E3E3F3""> <th>PLN_AREA_N</th> <td>DOWNTOWN CORE</td> </tr><tr bgcolor=""""> <th>PLN_AREA_C</th> <td>DT</td> </tr><tr bgcolor=""#E3E3F3""> <th>CA_IND</th> <td>Y</td> </tr><tr bgcolor=""""> <th>REGION_N</th> <td>CENTRAL REGION</td> </tr><tr bgcolor=""#E3E3F3""> <th>REGION_C</th> <td>CR</td> </tr><tr bgcolor=""""> <th>INC_CRC</th> <td>5D85EA05D2C6189D</td> </tr><tr bgcolor=""#E3E3F3""> <th>FMEL_UPD_D</th> <td>20191223152014</td> </tr></table></center>",Downtown Core,Central Region
Iyengar Yoga Centre Singapore - Goldhill Centre,1.31782868295281,103.842889382967,POINT (103.842889382967 1.31782868295281),24,kml_25,"<center><table><tr><th colspan='2' align='center'><em>Attributes</em></th></tr><tr bgcolor=""#E3E3F3""> <th>PLN_AREA_N</th> <td>NOVENA</td> </tr><tr bgcolor=""""> <th>PLN_AREA_C</th> <td>NV</td> </tr><tr bgcolor=""#E3E3F3""> <th>CA_IND</th> <td>N</td> </tr><tr bgcolor=""""> <th>REGION_N</th> <td>CENTRAL REGION</td> </tr><tr bgcolor=""#E3E3F3""> <th>REGION_C</th> <td>CR</td> </tr><tr bgcolor=""""> <th>INC_CRC</th> <td>26D3DCBD67CE3F87</td> </tr><tr bgcolor=""#E3E3F3""> <th>FMEL_UPD_D</th> <td>20191223152014</td> </tr></table></center>",Novena,Central Region
Iyengar Yoga Centre Singapore - Neil Road Centre,1.27828754868066,103.840648509607,POINT (103.840648509607 1.27828754868066),45,kml_46,"<center><table><tr><th colspan='2' align='center'><em>Attributes</em></th></tr><tr bgcolor=""#E3E3F3""> <th>PLN_AREA_N</th> <td>OUTRAM</td> </tr><tr bgcolor=""""> <th>PLN_AREA_C</th> <td>OT</td> </tr><tr bgcolor=""#E3E3F3""> <th>CA_IND</th> <td>Y</td> </tr><tr bgcolor=""""> <th>REGION_N</th> <td>CENTRAL REGION</td> </tr><tr bgcolor=""#E3E3F3""> <th>REGION_C</th> <td>CR</td> </tr><tr bgcolor=""""> <th>INC_CRC</th> <td>5602F03839AD2D0C</td> </tr><tr bgcolor=""#E3E3F3""> <th>FMEL_UPD_D</th> <td>20191223152014</td> </tr></table></center>",Outram,Central Region
Jagsport,1.31015179809918,103.862434227156,POINT (103.862434227156 1.31015179809918),21,kml_22,"<center><table><tr><th colspan='2' align='center'><em>Attributes</em></th></tr><tr bgcolor=""#E3E3F3""> <th>PLN_AREA_N</th> <td>KALLANG</td> </tr><tr bgcolor=""""> <th>PLN_AREA_C</th> <td>KL</td> </tr><tr bgcolor=""#E3E3F3""> <th>CA_IND</th> <td>N</td> </tr><tr bgcolor=""""> <th>REGION_N</th> <td>CENTRAL REGION</td> </tr><tr bgcolor=""#E3E3F3""> <th>REGION_C</th> <td>CR</td> </tr><tr bgcolor=""""> <th>INC_CRC</th> <td>8805C45D2F327F92</td> </tr><tr bgcolor=""#E3E3F3""> <th>FMEL_UPD_D</th> <td>20191223152014</td> </tr></table></center>",Kallang,Central Region
Kapap Singapore,1.28004625410654,103.841668651741,POINT (103.841668651741 1.28004625410654),45,kml_46,"<center><table><tr><th colspan='2' align='center'><em>Attributes</em></th></tr><tr bgcolor=""#E3E3F3""> <th>PLN_AREA_N</th> <td>OUTRAM</td> </tr><tr bgcolor=""""> <th>PLN_AREA_C</th> <td>OT</td> </tr><tr bgcolor=""#E3E3F3""> <th>CA_IND</th> <td>Y</td> </tr><tr bgcolor=""""> <th>REGION_N</th> <td>CENTRAL REGION</td> </tr><tr bgcolor=""#E3E3F3""> <th>REGION_C</th> <td>CR</td> </tr><tr bgcolor=""""> <th>INC_CRC</th> <td>5602F03839AD2D0C</td> </tr><tr bgcolor=""#E3E3F3""> <th>FMEL_UPD_D</th> <td>20191223152014</td> </tr></table></center>",Outram,Central Region
Kate Porter Yoga,1.31004098717818,103.931988303014,POINT (103.931988303014 1.31004098717818),0,kml_1,"<center><table><tr><th colspan='2' align='center'><em>Attributes</em></th></tr><tr bgcolor=""#E3E3F3""> <th>PLN_AREA_N</th> <td>BEDOK</td> </tr><tr bgcolor=""""> <th>PLN_AREA_C</th> <td>BD</td> </tr><tr bgcolor=""#E3E3F3""> <th>CA_IND</th> <td>N</td> </tr><tr bgcolor=""""> <th>REGION_N</th> <td>EAST REGION</td> </tr><tr bgcolor=""#E3E3F3""> <th>REGION_C</th> <td>ER</td> </tr><tr bgcolor=""""> <th>INC_CRC</th> <td>5F00E6FF084F3364</td> </tr><tr bgcolor=""#E3E3F3""> <th>FMEL_UPD_D</th> <td>20191223152014</td> </tr></table></center>",Bedok,East Region
Oasis Holistic,1.30370879489711,103.850537243387,POINT (103.850537243387 1.30370879489711),34,kml_35,"<center><table><tr><th colspan='2' align='center'><em>Attributes</em></th></tr><tr bgcolor=""#E3E3F3""> <th>PLN_AREA_N</th> <td>ROCHOR</td> </tr><tr bgcolor=""""> <th>PLN_AREA_C</th> <td>RC</td> </tr><tr bgcolor=""#E3E3F3""> <th>CA_IND</th> <td>Y</td> </tr><tr bgcolor=""""> <th>REGION_N</th> <td>CENTRAL REGION</td> </tr><tr bgcolor=""#E3E3F3""> <th>REGION_C</th> <td>CR</td> </tr><tr bgcolor=""""> <th>INC_CRC</th> <td>AB3524B3970C1C40</td> </tr><tr bgcolor=""#E3E3F3""> <th>FMEL_UPD_D</th> <td>20191223152014</td> </tr></table></center>",Rochor,Central Region
OhmSantih Yoga,1.30050427305572,103.859384497354,POINT (103.859384497354 1.30050427305572),34,kml_35,"<center><table><tr><th colspan='2' align='center'><em>Attributes</em></th></tr><tr bgcolor=""#E3E3F3""> <th>PLN_AREA_N</th> <td>ROCHOR</td> </tr><tr bgcolor=""""> <th>PLN_AREA_C</th> <td>RC</td> </tr><tr bgcolor=""#E3E3F3""> <th>CA_IND</th> <td>Y</td> </tr><tr bgcolor=""""> <th>REGION_N</th> <td>CENTRAL REGION</td> </tr><tr bgcolor=""#E3E3F3""> <th>REGION_C</th> <td>CR</td> </tr><tr bgcolor=""""> <th>INC_CRC</th> <td>AB3524B3970C1C40</td> </tr><tr bgcolor=""#E3E3F3""> <th>FMEL_UPD_D</th> <td>20191223152014</td> </tr></table></center>",Rochor,Central Region
Gold's Gym - Tanjong Pagar,1.27843513234261,103.843683536784,POINT (103.843683536784 1.27843513234261),45,kml_46,"<center><table><tr><th colspan='2' align='center'><em>Attributes</em></th></tr><tr bgcolor=""#E3E3F3""> <th>PLN_AREA_N</th> <td>OUTRAM</td> </tr><tr bgcolor=""""> <th>PLN_AREA_C</th> <td>OT</td> </tr><tr bgcolor=""#E3E3F3""> <th>CA_IND</th> <td>Y</td> </tr><tr bgcolor=""""> <th>REGION_N</th> <td>CENTRAL REGION</td> </tr><tr bgcolor=""#E3E3F3""> <th>REGION_C</th> <td>CR</td> </tr><tr bgcolor=""""> <th>INC_CRC</th> <td>5602F03839AD2D0C</td> </tr><tr bgcolor=""#E3E3F3""> <th>FMEL_UPD_D</th> <td>20191223152014</td> </tr></table></center>",Outram,Central Region
Masters' Yoga Sadhan,1.27839696546876,103.843673722806,POINT (103.843673722806 1.27839696546876),45,kml_46,"<center><table><tr><th colspan='2' align='center'><em>Attributes</em></th></tr><tr bgcolor=""#E3E3F3""> <th>PLN_AREA_N</th> <td>OUTRAM</td> </tr><tr bgcolor=""""> <th>PLN_AREA_C</th> <td>OT</td> </tr><tr bgcolor=""#E3E3F3""> <th>CA_IND</th> <td>Y</td> </tr><tr bgcolor=""""> <th>REGION_N</th> <td>CENTRAL REGION</td> </tr><tr bgcolor=""#E3E3F3""> <th>REGION_C</th> <td>CR</td> </tr><tr bgcolor=""""> <th>INC_CRC</th> <td>5602F03839AD2D0C</td> </tr><tr bgcolor=""#E3E3F3""> <th>FMEL_UPD_D</th> <td>20191223152014</td> </tr></table></center>",Outram,Central Region
Fitness Factory -,1.2884814659674,103.849144620549,POINT (103.849144620549 1.2884814659674),35,kml_36,"<center><table><tr><th colspan='2' align='center'><em>Attributes</em></th></tr><tr bgcolor=""#E3E3F3""> <th>PLN_AREA_N</th> <td>SINGAPORE RIVER</td> </tr><tr bgcolor=""""> <th>PLN_AREA_C</th> <td>SR</td> </tr><tr bgcolor=""#E3E3F3""> <th>CA_IND</th> <td>Y</td> </tr><tr bgcolor=""""> <th>REGION_N</th> <td>CENTRAL REGION</td> </tr><tr bgcolor=""#E3E3F3""> <th>REGION_C</th> <td>CR</td> </tr><tr bgcolor=""""> <th>INC_CRC</th> <td>45948364EA9839EA</td> </tr><tr bgcolor=""#E3E3F3""> <th>FMEL_UPD_D</th> <td>20191223152014</td> </tr></table></center>",Singapore River,Central Region
Active Life Center,1.30550611670641,103.829984827987,POINT (103.829984827987 1.30550611670641),44,kml_45,"<center><table><tr><th colspan='2' align='center'><em>Attributes</em></th></tr><tr bgcolor=""#E3E3F3""> <th>PLN_AREA_N</th> <td>ORCHARD</td> </tr><tr bgcolor=""""> <th>PLN_AREA_C</th> <td>OR</td> </tr><tr bgcolor=""#E3E3F3""> <th>CA_IND</th> <td>Y</td> </tr><tr bgcolor=""""> <th>REGION_N</th> <td>CENTRAL REGION</td> </tr><tr bgcolor=""#E3E3F3""> <th>REGION_C</th> <td>CR</td> </tr><tr bgcolor=""""> <th>INC_CRC</th> <td>0A8593C8FB61AF7D</td> </tr><tr bgcolor=""#E3E3F3""> <th>FMEL_UPD_D</th> <td>20191223152014</td> </tr></table></center>",Orchard,Central Region
Amore Fitness - Jurong Point 2,1.33983014805774,103.706460886826,POINT (103.706460886826 1.33983014805774),12,kml_13,"<center><table><tr><th colspan='2' align='center'><em>Attributes</em></th></tr><tr bgcolor=""#E3E3F3""> <th>PLN_AREA_N</th> <td>JURONG WEST</td> </tr><tr bgcolor=""""> <th>PLN_AREA_C</th> <td>JW</td> </tr><tr bgcolor=""#E3E3F3""> <th>CA_IND</th> <td>N</td> </tr><tr bgcolor=""""> <th>REGION_N</th> <td>WEST REGION</td> </tr><tr bgcolor=""#E3E3F3""> <th>REGION_C</th> <td>WR</td> </tr><tr bgcolor=""""> <th>INC_CRC</th> <td>2DFF32E53038ED97</td> </tr><tr bgcolor=""#E3E3F3""> <th>FMEL_UPD_D</th> <td>20191223152014</td> </tr></table></center>",Jurong West,West Region
Amore Fitness - Liang Court,1.29151478613339,103.844586298874,POINT (103.844586298874 1.29151478613339),35,kml_36,"<center><table><tr><th colspan='2' align='center'><em>Attributes</em></th></tr><tr bgcolor=""#E3E3F3""> <th>PLN_AREA_N</th> <td>SINGAPORE RIVER</td> </tr><tr bgcolor=""""> <th>PLN_AREA_C</th> <td>SR</td> </tr><tr bgcolor=""#E3E3F3""> <th>CA_IND</th> <td>Y</td> </tr><tr bgcolor=""""> <th>REGION_N</th> <td>CENTRAL REGION</td> </tr><tr bgcolor=""#E3E3F3""> <th>REGION_C</th> <td>CR</td> </tr><tr bgcolor=""""> <th>INC_CRC</th> <td>45948364EA9839EA</td> </tr><tr bgcolor=""#E3E3F3""> <th>FMEL_UPD_D</th> <td>20191223152014</td> </tr></table></center>",Singapore River,Central Region
Amore Fitness - Tampines 1,1.35431556438278,103.94501945797,POINT (103.94501945797 1.35431556438278),46,kml_47,"<center><table><tr><th colspan='2' align='center'><em>Attributes</em></th></tr><tr bgcolor=""#E3E3F3""> <th>PLN_AREA_N</th> <td>TAMPINES</td> </tr><tr bgcolor=""""> <th>PLN_AREA_C</th> <td>TM</td> </tr><tr bgcolor=""#E3E3F3""> <th>CA_IND</th> <td>N</td> </tr><tr bgcolor=""""> <th>REGION_N</th> <td>EAST REGION</td> </tr><tr bgcolor=""#E3E3F3""> <th>REGION_C</th> <td>ER</td> </tr><tr bgcolor=""""> <th>INC_CRC</th> <td>9988953DFA610218</td> </tr><tr bgcolor=""#E3E3F3""> <th>FMEL_UPD_D</th> <td>20191223152014</td> </tr></table></center>",Tampines,East Region
