name,latitude,longitude,geometry,index_right,Name,Description,planning_area,region
LABRADOR NATURE RESERVE,1.267356204279249,103.8020372193653,POINT (103.8020372193653 1.267356204279249),3.0,kml_4,"<center><table><tr><th colspan='2' align='center'><em>Attributes</em></th></tr><tr bgcolor=""#E3E3F3""> <th>PLN_AREA_N</th> <td>BUKIT MERAH</td> </tr><tr bgcolor=""""> <th>PLN_AREA_C</th> <td>BM</td> </tr><tr bgcolor=""#E3E3F3""> <th>CA_IND</th> <td>N</td> </tr><tr bgcolor=""""> <th>REGION_N</th> <td>CENTRAL REGION</td> </tr><tr bgcolor=""#E3E3F3""> <th>REGION_C</th> <td>CR</td> </tr><tr bgcolor=""""> <th>INC_CRC</th> <td>4850795BB0B6A4F7</td> </tr><tr bgcolor=""#E3E3F3""> <th>FMEL_UPD_D</th> <td>20191223152014</td> </tr></table></center>",Bukit Merah,Central Region
BUKIT TIMAH NATURE RESERVE,1.3540594774834185,103.77909858021012,POINT (103.77909858021012 1.3540594774834185),4.0,kml_5,"<center><table><tr><th colspan='2' align='center'><em>Attributes</em></th></tr><tr bgcolor=""#E3E3F3""> <th>PLN_AREA_N</th> <td>BUKIT PANJANG</td> </tr><tr bgcolor=""""> <th>PLN_AREA_C</th> <td>BP</td> </tr><tr bgcolor=""#E3E3F3""> <th>CA_IND</th> <td>N</td> </tr><tr bgcolor=""""> <th>REGION_N</th> <td>WEST REGION</td> </tr><tr bgcolor=""#E3E3F3""> <th>REGION_C</th> <td>WR</td> </tr><tr bgcolor=""""> <th>INC_CRC</th> <td>656F87D23D6DAB02</td> </tr><tr bgcolor=""#E3E3F3""> <th>FMEL_UPD_D</th> <td>20191223152014</td> </tr></table></center>",Bukit Panjang,West Region
UPPER SELETAR RESERVOIR PARK,1.4012617805861975,103.80744001762056,POINT (103.80744001762056 1.4012617805861975),6.0,kml_7,"<center><table><tr><th colspan='2' align='center'><em>Attributes</em></th></tr><tr bgcolor=""#E3E3F3""> <th>PLN_AREA_N</th> <td>CENTRAL WATER CATCHMENT</td> </tr><tr bgcolor=""""> <th>PLN_AREA_C</th> <td>CC</td> </tr><tr bgcolor=""#E3E3F3""> <th>CA_IND</th> <td>N</td> </tr><tr bgcolor=""""> <th>REGION_N</th> <td>NORTH REGION</td> </tr><tr bgcolor=""#E3E3F3""> <th>REGION_C</th> <td>NR</td> </tr><tr bgcolor=""""> <th>INC_CRC</th> <td>6E462BF5EDEF7A52</td> </tr><tr bgcolor=""#E3E3F3""> <th>FMEL_UPD_D</th> <td>20191223152014</td> </tr></table></center>",Central Water Catchment,North Region
UPPER PEIRCE RESERVOIR PARK,1.372790931891346,103.8118660984769,POINT (103.8118660984769 1.372790931891346),6.0,kml_7,"<center><table><tr><th colspan='2' align='center'><em>Attributes</em></th></tr><tr bgcolor=""#E3E3F3""> <th>PLN_AREA_N</th> <td>CENTRAL WATER CATCHMENT</td> </tr><tr bgcolor=""""> <th>PLN_AREA_C</th> <td>CC</td> </tr><tr bgcolor=""#E3E3F3""> <th>CA_IND</th> <td>N</td> </tr><tr bgcolor=""""> <th>REGION_N</th> <td>NORTH REGION</td> </tr><tr bgcolor=""#E3E3F3""> <th>REGION_C</th> <td>NR</td> </tr><tr bgcolor=""""> <th>INC_CRC</th> <td>6E462BF5EDEF7A52</td> </tr><tr bgcolor=""#E3E3F3""> <th>FMEL_UPD_D</th> <td>20191223152014</td> </tr></table></center>",Central Water Catchment,North Region
THOMSON NATURE PARK,1.3826408205973073,103.82203885112,POINT (103.82203885112 1.3826408205973073),51.0,kml_52,"<center><table><tr><th colspan='2' align='center'><em>Attributes</em></th></tr><tr bgcolor=""#E3E3F3""> <th>PLN_AREA_N</th> <td>ANG MO KIO</td> </tr><tr bgcolor=""""> <th>PLN_AREA_C</th> <td>AM</td> </tr><tr bgcolor=""#E3E3F3""> <th>CA_IND</th> <td>N</td> </tr><tr bgcolor=""""> <th>REGION_N</th> <td>NORTH-EAST REGION</td> </tr><tr bgcolor=""#E3E3F3""> <th>REGION_C</th> <td>NER</td> </tr><tr bgcolor=""""> <th>INC_CRC</th> <td>88DAC92AEAF47E93</td> </tr><tr bgcolor=""#E3E3F3""> <th>FMEL_UPD_D</th> <td>20191223152014</td> </tr></table></center>",Ang Mo Kio,North-East Region
WINDSOR NATURE PARK,1.3568152417612294,103.82125945835784,POINT (103.82125945835784 1.3568152417612294),50.0,kml_51,"<center><table><tr><th colspan='2' align='center'><em>Attributes</em></th></tr><tr bgcolor=""#E3E3F3""> <th>PLN_AREA_N</th> <td>BISHAN</td> </tr><tr bgcolor=""""> <th>PLN_AREA_C</th> <td>BS</td> </tr><tr bgcolor=""#E3E3F3""> <th>CA_IND</th> <td>N</td> </tr><tr bgcolor=""""> <th>REGION_N</th> <td>CENTRAL REGION</td> </tr><tr bgcolor=""#E3E3F3""> <th>REGION_C</th> <td>CR</td> </tr><tr bgcolor=""""> <th>INC_CRC</th> <td>741583155DB92ACF</td> </tr><tr bgcolor=""#E3E3F3""> <th>FMEL_UPD_D</th> <td>20191223152014</td> </tr></table></center>",Bishan,Central Region
CHESTNUT NATURE PARK,1.3768728987521912,103.7794380914777,POINT (103.7794380914777 1.3768728987521912),6.0,kml_7,"<center><table><tr><th colspan='2' align='center'><em>Attributes</em></th></tr><tr bgcolor=""#E3E3F3""> <th>PLN_AREA_N</th> <td>CENTRAL WATER CATCHMENT</td> </tr><tr bgcolor=""""> <th>PLN_AREA_C</th> <td>CC</td> </tr><tr bgcolor=""#E3E3F3""> <th>CA_IND</th> <td>N</td> </tr><tr bgcolor=""""> <th>REGION_N</th> <td>NORTH REGION</td> </tr><tr bgcolor=""#E3E3F3""> <th>REGION_C</th> <td>NR</td> </tr><tr bgcolor=""""> <th>INC_CRC</th> <td>6E462BF5EDEF7A52</td> </tr><tr bgcolor=""#E3E3F3""> <th>FMEL_UPD_D</th> <td>20191223152014</td> </tr></table></center>",Central Water Catchment,North Region
RIFLE RANGE NATURE PARK,1.3471603920567965,103.78405998387908,POINT (103.78405998387908 1.3471603920567965),4.0,kml_5,"<center><table><tr><th colspan='2' align='center'><em>Attributes</em></th></tr><tr bgcolor=""#E3E3F3""> <th>PLN_AREA_N</th> <td>BUKIT PANJANG</td> </tr><tr bgcolor=""""> <th>PLN_AREA_C</th> <td>BP</td> </tr><tr bgcolor=""#E3E3F3""> <th>CA_IND</th> <td>N</td> </tr><tr bgcolor=""""> <th>REGION_N</th> <td>WEST REGION</td> </tr><tr bgcolor=""#E3E3F3""> <th>REGION_C</th> <td>WR</td> </tr><tr bgcolor=""""> <th>INC_CRC</th> <td>656F87D23D6DAB02</td> </tr><tr bgcolor=""#E3E3F3""> <th>FMEL_UPD_D</th> <td>20191223152014</td> </tr></table></center>",Bukit Panjang,West Region
LOWER PEIRCE RESERVOIR PARK,1.3692147195643871,103.82649974881976,POINT (103.82649974881976 1.3692147195643871),6.0,kml_7,"<center><table><tr><th colspan='2' align='center'><em>Attributes</em></th></tr><tr bgcolor=""#E3E3F3""> <th>PLN_AREA_N</th> <td>CENTRAL WATER CATCHMENT</td> </tr><tr bgcolor=""""> <th>PLN_AREA_C</th> <td>CC</td> </tr><tr bgcolor=""#E3E3F3""> <th>CA_IND</th> <td>N</td> </tr><tr bgcolor=""""> <th>REGION_N</th> <td>NORTH REGION</td> </tr><tr bgcolor=""#E3E3F3""> <th>REGION_C</th> <td>NR</td> </tr><tr bgcolor=""""> <th>INC_CRC</th> <td>6E462BF5EDEF7A52</td> </tr><tr bgcolor=""#E3E3F3""> <th>FMEL_UPD_D</th> <td>20191223152014</td> </tr></table></center>",Central Water Catchment,North Region
ZHENGHUA NATURE PARK,1.3678343883470532,103.77835108165957,POINT (103.77835108165957 1.3678343883470532),4.0,kml_5,"<center><table><tr><th colspan='2' align='center'><em>Attributes</em></th></tr><tr bgcolor=""#E3E3F3""> <th>PLN_AREA_N</th> <td>BUKIT PANJANG</td> </tr><tr bgcolor=""""> <th>PLN_AREA_C</th> <td>BP</td> </tr><tr bgcolor=""#E3E3F3""> <th>CA_IND</th> <td>N</td> </tr><tr bgcolor=""""> <th>REGION_N</th> <td>WEST REGION</td> </tr><tr bgcolor=""#E3E3F3""> <th>REGION_C</th> <td>WR</td> </tr><tr bgcolor=""""> <th>INC_CRC</th> <td>656F87D23D6DAB02</td> </tr><tr bgcolor=""#E3E3F3""> <th>FMEL_UPD_D</th> <td>20191223152014</td> </tr></table></center>",Bukit Panjang,West Region
BUKIT BATOK TOWN PARK,1.357354333611622,103.75607205285507,POINT (103.75607205285507 1.357354333611622),2.0,kml_3,"<center><table><tr><th colspan='2' align='center'><em>Attributes</em></th></tr><tr bgcolor=""#E3E3F3""> <th>PLN_AREA_N</th> <td>BUKIT BATOK</td> </tr><tr bgcolor=""""> <th>PLN_AREA_C</th> <td>BK</td> </tr><tr bgcolor=""#E3E3F3""> <th>CA_IND</th> <td>N</td> </tr><tr bgcolor=""""> <th>REGION_N</th> <td>WEST REGION</td> </tr><tr bgcolor=""#E3E3F3""> <th>REGION_C</th> <td>WR</td> </tr><tr bgcolor=""""> <th>INC_CRC</th> <td>3BEC4C829160F28A</td> </tr><tr bgcolor=""#E3E3F3""> <th>FMEL_UPD_D</th> <td>20191223152014</td> </tr></table></center>",Bukit Batok,West Region
BUKIT BATOK NATURE PARK,1.3500086942926155,103.764622193685,POINT (103.764622193685 1.3500086942926155),2.0,kml_3,"<center><table><tr><th colspan='2' align='center'><em>Attributes</em></th></tr><tr bgcolor=""#E3E3F3""> <th>PLN_AREA_N</th> <td>BUKIT BATOK</td> </tr><tr bgcolor=""""> <th>PLN_AREA_C</th> <td>BK</td> </tr><tr bgcolor=""#E3E3F3""> <th>CA_IND</th> <td>N</td> </tr><tr bgcolor=""""> <th>REGION_N</th> <td>WEST REGION</td> </tr><tr bgcolor=""#E3E3F3""> <th>REGION_C</th> <td>WR</td> </tr><tr bgcolor=""""> <th>INC_CRC</th> <td>3BEC4C829160F28A</td> </tr><tr bgcolor=""#E3E3F3""> <th>FMEL_UPD_D</th> <td>20191223152014</td> </tr></table></center>",Bukit Batok,West Region
LABRADOR NATURE PARK,1.2643669344593973,103.80339748868586,POINT (103.80339748868586 1.2643669344593973),3.0,kml_4,"<center><table><tr><th colspan='2' align='center'><em>Attributes</em></th></tr><tr bgcolor=""#E3E3F3""> <th>PLN_AREA_N</th> <td>BUKIT MERAH</td> </tr><tr bgcolor=""""> <th>PLN_AREA_C</th> <td>BM</td> </tr><tr bgcolor=""#E3E3F3""> <th>CA_IND</th> <td>N</td> </tr><tr bgcolor=""""> <th>REGION_N</th> <td>CENTRAL REGION</td> </tr><tr bgcolor=""#E3E3F3""> <th>REGION_C</th> <td>CR</td> </tr><tr bgcolor=""""> <th>INC_CRC</th> <td>4850795BB0B6A4F7</td> </tr><tr bgcolor=""#E3E3F3""> <th>FMEL_UPD_D</th> <td>20191223152014</td> </tr></table></center>",Bukit Merah,Central Region
SPRINGLEAF NATURE PARK,1.4018864563587008,103.8202989368223,POINT (103.8202989368223 1.4018864563587008),54.0,kml_55,"<center><table><tr><th colspan='2' align='center'><em>Attributes</em></th></tr><tr bgcolor=""#E3E3F3""> <th>PLN_AREA_N</th> <td>YISHUN</td> </tr><tr bgcolor=""""> <th>PLN_AREA_C</th> <td>YS</td> </tr><tr bgcolor=""#E3E3F3""> <th>CA_IND</th> <td>N</td> </tr><tr bgcolor=""""> <th>REGION_N</th> <td>NORTH REGION</td> </tr><tr bgcolor=""#E3E3F3""> <th>REGION_C</th> <td>NR</td> </tr><tr bgcolor=""""> <th>INC_CRC</th> <td>E56BC88A635A3D89</td> </tr><tr bgcolor=""#E3E3F3""> <th>FMEL_UPD_D</th> <td>20191223152014</td> </tr></table></center>",Yishun,North Region
CENTRAL CATCHMENT NATURE RESERVE,1.380770971767438,103.8056173588953,POINT (103.8056173588953 1.380770971767438),6.0,kml_7,"<center><table><tr><th colspan='2' align='center'><em>Attributes</em></th></tr><tr bgcolor=""#E3E3F3""> <th>PLN_AREA_N</th> <td>CENTRAL WATER CATCHMENT</td> </tr><tr bgcolor=""""> <th>PLN_AREA_C</th> <td>CC</td> </tr><tr bgcolor=""#E3E3F3""> <th>CA_IND</th> <td>N</td> </tr><tr bgcolor=""""> <th>REGION_N</th> <td>NORTH REGION</td> </tr><tr bgcolor=""#E3E3F3""> <th>REGION_C</th> <td>NR</td> </tr><tr bgcolor=""""> <th>INC_CRC</th> <td>6E462BF5EDEF7A52</td> </tr><tr bgcolor=""#E3E3F3""> <th>FMEL_UPD_D</th> <td>20191223152014</td> </tr></table></center>",Central Water Catchment,North Region
PULAU SEKUDU,1.403917815667064,103.98804174981142,POINT (103.98804174981142 1.403917815667064),23.0,kml_24,"<center><table><tr><th colspan='2' align='center'><em>Attributes</em></th></tr><tr bgcolor=""#E3E3F3""> <th>PLN_AREA_N</th> <td>NORTH-EASTERN ISLANDS</td> </tr><tr bgcolor=""""> <th>PLN_AREA_C</th> <td>NE</td> </tr><tr bgcolor=""#E3E3F3""> <th>CA_IND</th> <td>N</td> </tr><tr bgcolor=""""> <th>REGION_N</th> <td>NORTH-EAST REGION</td> </tr><tr bgcolor=""#E3E3F3""> <th>REGION_C</th> <td>NER</td> </tr><tr bgcolor=""""> <th>INC_CRC</th> <td>DFC07A66C775BBE6</td> </tr><tr bgcolor=""#E3E3F3""> <th>FMEL_UPD_D</th> <td>20191223152014</td> </tr></table></center>",North-Eastern Islands,North-East Region
PULAU UNUM,1.4330328632249223,104.05378181778914,POINT (104.05378181778914 1.4330328632249223),23.0,kml_24,"<center><table><tr><th colspan='2' align='center'><em>Attributes</em></th></tr><tr bgcolor=""#E3E3F3""> <th>PLN_AREA_N</th> <td>NORTH-EASTERN ISLANDS</td> </tr><tr bgcolor=""""> <th>PLN_AREA_C</th> <td>NE</td> </tr><tr bgcolor=""#E3E3F3""> <th>CA_IND</th> <td>N</td> </tr><tr bgcolor=""""> <th>REGION_N</th> <td>NORTH-EAST REGION</td> </tr><tr bgcolor=""#E3E3F3""> <th>REGION_C</th> <td>NER</td> </tr><tr bgcolor=""""> <th>INC_CRC</th> <td>DFC07A66C775BBE6</td> </tr><tr bgcolor=""#E3E3F3""> <th>FMEL_UPD_D</th> <td>20191223152014</td> </tr></table></center>",North-Eastern Islands,North-East Region
BETING BRONOK,1.4370477517511775,104.04685703680678,POINT (104.04685703680678 1.4370477517511775),,,,,
DAIRY FARM NATURE PARK,1.3626384775863845,103.77355529295431,POINT (103.77355529295431 1.3626384775863845),4.0,kml_5,"<center><table><tr><th colspan='2' align='center'><em>Attributes</em></th></tr><tr bgcolor=""#E3E3F3""> <th>PLN_AREA_N</th> <td>BUKIT PANJANG</td> </tr><tr bgcolor=""""> <th>PLN_AREA_C</th> <td>BP</td> </tr><tr bgcolor=""#E3E3F3""> <th>CA_IND</th> <td>N</td> </tr><tr bgcolor=""""> <th>REGION_N</th> <td>WEST REGION</td> </tr><tr bgcolor=""#E3E3F3""> <th>REGION_C</th> <td>WR</td> </tr><tr bgcolor=""""> <th>INC_CRC</th> <td>656F87D23D6DAB02</td> </tr><tr bgcolor=""#E3E3F3""> <th>FMEL_UPD_D</th> <td>20191223152014</td> </tr></table></center>",Bukit Panjang,West Region
SUNGEI BULOH WETLAND RESERVE,1.4447381191632054,103.72452299950965,POINT (103.72452299950965 1.4447381191632054),22.0,kml_23,"<center><table><tr><th colspan='2' align='center'><em>Attributes</em></th></tr><tr bgcolor=""#E3E3F3""> <th>PLN_AREA_N</th> <td>LIM CHU KANG</td> </tr><tr bgcolor=""""> <th>PLN_AREA_C</th> <td>LK</td> </tr><tr bgcolor=""#E3E3F3""> <th>CA_IND</th> <td>N</td> </tr><tr bgcolor=""""> <th>REGION_N</th> <td>NORTH REGION</td> </tr><tr bgcolor=""#E3E3F3""> <th>REGION_C</th> <td>NR</td> </tr><tr bgcolor=""""> <th>INC_CRC</th> <td>3C3E4E49D63013AD</td> </tr><tr bgcolor=""#E3E3F3""> <th>FMEL_UPD_D</th> <td>20191223152014</td> </tr></table></center>",Lim Chu Kang,North Region
KRANJI COASTAL NATURE PARK,1.443494442808356,103.73491029435844,POINT (103.73491029435844 1.443494442808356),22.0,kml_23,"<center><table><tr><th colspan='2' align='center'><em>Attributes</em></th></tr><tr bgcolor=""#E3E3F3""> <th>PLN_AREA_N</th> <td>LIM CHU KANG</td> </tr><tr bgcolor=""""> <th>PLN_AREA_C</th> <td>LK</td> </tr><tr bgcolor=""#E3E3F3""> <th>CA_IND</th> <td>N</td> </tr><tr bgcolor=""""> <th>REGION_N</th> <td>NORTH REGION</td> </tr><tr bgcolor=""#E3E3F3""> <th>REGION_C</th> <td>NR</td> </tr><tr bgcolor=""""> <th>INC_CRC</th> <td>3C3E4E49D63013AD</td> </tr><tr bgcolor=""#E3E3F3""> <th>FMEL_UPD_D</th> <td>20191223152014</td> </tr></table></center>",Lim Chu Kang,North Region
KRANJI RESERVOIR PARK B,1.439647254559817,103.73782912907258,POINT (103.73782912907258 1.439647254559817),27.0,kml_28,"<center><table><tr><th colspan='2' align='center'><em>Attributes</em></th></tr><tr bgcolor=""#E3E3F3""> <th>PLN_AREA_N</th> <td>SUNGEI KADUT</td> </tr><tr bgcolor=""""> <th>PLN_AREA_C</th> <td>SK</td> </tr><tr bgcolor=""#E3E3F3""> <th>CA_IND</th> <td>N</td> </tr><tr bgcolor=""""> <th>REGION_N</th> <td>NORTH REGION</td> </tr><tr bgcolor=""#E3E3F3""> <th>REGION_C</th> <td>NR</td> </tr><tr bgcolor=""""> <th>INC_CRC</th> <td>71B6667147A27784</td> </tr><tr bgcolor=""#E3E3F3""> <th>FMEL_UPD_D</th> <td>20191223152014</td> </tr></table></center>",Sungei Kadut,North Region
KRANJI MARSHES,1.4191552027465542,103.73022739619704,POINT (103.73022739619704 1.4191552027465542),22.0,kml_23,"<center><table><tr><th colspan='2' align='center'><em>Attributes</em></th></tr><tr bgcolor=""#E3E3F3""> <th>PLN_AREA_N</th> <td>LIM CHU KANG</td> </tr><tr bgcolor=""""> <th>PLN_AREA_C</th> <td>LK</td> </tr><tr bgcolor=""#E3E3F3""> <th>CA_IND</th> <td>N</td> </tr><tr bgcolor=""""> <th>REGION_N</th> <td>NORTH REGION</td> </tr><tr bgcolor=""#E3E3F3""> <th>REGION_C</th> <td>NR</td> </tr><tr bgcolor=""""> <th>INC_CRC</th> <td>3C3E4E49D63013AD</td> </tr><tr bgcolor=""#E3E3F3""> <th>FMEL_UPD_D</th> <td>20191223152014</td> </tr></table></center>",Lim Chu Kang,North Region
SUNGEI BULOH SOUTHERN EXTENSION,1.4362850593518035,103.71979436257163,POINT (103.71979436257163 1.4362850593518035),22.0,kml_23,"<center><table><tr><th colspan='2' align='center'><em>Attributes</em></th></tr><tr bgcolor=""#E3E3F3""> <th>PLN_AREA_N</th> <td>LIM CHU KANG</td> </tr><tr bgcolor=""""> <th>PLN_AREA_C</th> <td>LK</td> </tr><tr bgcolor=""#E3E3F3""> <th>CA_IND</th> <td>N</td> </tr><tr bgcolor=""""> <th>REGION_N</th> <td>NORTH REGION</td> </tr><tr bgcolor=""#E3E3F3""> <th>REGION_C</th> <td>NR</td> </tr><tr bgcolor=""""> <th>INC_CRC</th> <td>3C3E4E49D63013AD</td> </tr><tr bgcolor=""#E3E3F3""> <th>FMEL_UPD_D</th> <td>20191223152014</td> </tr></table></center>",Lim Chu Kang,North Region
KRANJI RESERVOIR PARK A,1.4382098785134965,103.74293952628184,POINT (103.74293952628184 1.4382098785134965),27.0,kml_28,"<center><table><tr><th colspan='2' align='center'><em>Attributes</em></th></tr><tr bgcolor=""#E3E3F3""> <th>PLN_AREA_N</th> <td>SUNGEI KADUT</td> </tr><tr bgcolor=""""> <th>PLN_AREA_C</th> <td>SK</td> </tr><tr bgcolor=""#E3E3F3""> <th>CA_IND</th> <td>N</td> </tr><tr bgcolor=""""> <th>REGION_N</th> <td>NORTH REGION</td> </tr><tr bgcolor=""#E3E3F3""> <th>REGION_C</th> <td>NR</td> </tr><tr bgcolor=""""> <th>INC_CRC</th> <td>71B6667147A27784</td> </tr><tr bgcolor=""#E3E3F3""> <th>FMEL_UPD_D</th> <td>20191223152014</td> </tr></table></center>",Sungei Kadut,North Region
BERLAYER CREEK,1.2677204017234178,103.80514529311108,POINT (103.80514529311108 1.2677204017234178),3.0,kml_4,"<center><table><tr><th colspan='2' align='center'><em>Attributes</em></th></tr><tr bgcolor=""#E3E3F3""> <th>PLN_AREA_N</th> <td>BUKIT MERAH</td> </tr><tr bgcolor=""""> <th>PLN_AREA_C</th> <td>BM</td> </tr><tr bgcolor=""#E3E3F3""> <th>CA_IND</th> <td>N</td> </tr><tr bgcolor=""""> <th>REGION_N</th> <td>CENTRAL REGION</td> </tr><tr bgcolor=""#E3E3F3""> <th>REGION_C</th> <td>CR</td> </tr><tr bgcolor=""""> <th>INC_CRC</th> <td>4850795BB0B6A4F7</td> </tr><tr bgcolor=""#E3E3F3""> <th>FMEL_UPD_D</th> <td>20191223152014</td> </tr></table></center>",Bukit Merah,Central Region
PULAU UBIN AND CHEK JAWA,1.4137521320857342,103.96541181276812,POINT (103.96541181276812 1.4137521320857342),23.0,kml_24,"<center><table><tr><th colspan='2' align='center'><em>Attributes</em></th></tr><tr bgcolor=""#E3E3F3""> <th>PLN_AREA_N</th> <td>NORTH-EASTERN ISLANDS</td> </tr><tr bgcolor=""""> <th>PLN_AREA_C</th> <td>NE</td> </tr><tr bgcolor=""#E3E3F3""> <th>CA_IND</th> <td>N</td> </tr><tr bgcolor=""""> <th>REGION_N</th> <td>NORTH-EAST REGION</td> </tr><tr bgcolor=""#E3E3F3""> <th>REGION_C</th> <td>NER</td> </tr><tr bgcolor=""""> <th>INC_CRC</th> <td>DFC07A66C775BBE6</td> </tr><tr bgcolor=""#E3E3F3""> <th>FMEL_UPD_D</th> <td>20191223152014</td> </tr></table></center>",North-Eastern Islands,North-East Region
RAILWAY CORRIDOR RIFLE RANGE CONNECTOR,1.3413819155173663,103.77932119660632,POINT (103.77932119660632 1.3413819155173663),5.0,kml_6,"<center><table><tr><th colspan='2' align='center'><em>Attributes</em></th></tr><tr bgcolor=""#E3E3F3""> <th>PLN_AREA_N</th> <td>BUKIT TIMAH</td> </tr><tr bgcolor=""""> <th>PLN_AREA_C</th> <td>BT</td> </tr><tr bgcolor=""#E3E3F3""> <th>CA_IND</th> <td>N</td> </tr><tr bgcolor=""""> <th>REGION_N</th> <td>CENTRAL REGION</td> </tr><tr bgcolor=""#E3E3F3""> <th>REGION_C</th> <td>CR</td> </tr><tr bgcolor=""""> <th>INC_CRC</th> <td>DB3037AA30D8CCDD</td> </tr><tr bgcolor=""#E3E3F3""> <th>FMEL_UPD_D</th> <td>20191223152014</td> </tr></table></center>",Bukit Timah,Central Region
HINDHEDE NATURE PARK,1.350243689746012,103.77603671278706,POINT (103.77603671278706 1.350243689746012),4.0,kml_5,"<center><table><tr><th colspan='2' align='center'><em>Attributes</em></th></tr><tr bgcolor=""#E3E3F3""> <th>PLN_AREA_N</th> <td>BUKIT PANJANG</td> </tr><tr bgcolor=""""> <th>PLN_AREA_C</th> <td>BP</td> </tr><tr bgcolor=""#E3E3F3""> <th>CA_IND</th> <td>N</td> </tr><tr bgcolor=""""> <th>REGION_N</th> <td>WEST REGION</td> </tr><tr bgcolor=""#E3E3F3""> <th>REGION_C</th> <td>WR</td> </tr><tr bgcolor=""""> <th>INC_CRC</th> <td>656F87D23D6DAB02</td> </tr><tr bgcolor=""#E3E3F3""> <th>FMEL_UPD_D</th> <td>20191223152014</td> </tr></table></center>",Bukit Panjang,West Region
RAIL CORRIDOR,1.4034046970832672,103.7535615435598,POINT (103.7535615435598 1.4034046970832672),27.0,kml_28,"<center><table><tr><th colspan='2' align='center'><em>Attributes</em></th></tr><tr bgcolor=""#E3E3F3""> <th>PLN_AREA_N</th> <td>SUNGEI KADUT</td> </tr><tr bgcolor=""""> <th>PLN_AREA_C</th> <td>SK</td> </tr><tr bgcolor=""#E3E3F3""> <th>CA_IND</th> <td>N</td> </tr><tr bgcolor=""""> <th>REGION_N</th> <td>NORTH REGION</td> </tr><tr bgcolor=""#E3E3F3""> <th>REGION_C</th> <td>NR</td> </tr><tr bgcolor=""""> <th>INC_CRC</th> <td>71B6667147A27784</td> </tr><tr bgcolor=""#E3E3F3""> <th>FMEL_UPD_D</th> <td>20191223152014</td> </tr></table></center>",Sungei Kadut,North Region
BUKIT CHERMIN BOARDWALK,1.2652889536400571,103.80741828570513,POINT (103.80741828570513 1.2652889536400571),,,,,
MACRITCHIE RESERVOIR PK,1.343450909087146,103.83628135800583,POINT (103.83628135800583 1.343450909087146),6.0,kml_7,"<center><table><tr><th colspan='2' align='center'><em>Attributes</em></th></tr><tr bgcolor=""#E3E3F3""> <th>PLN_AREA_N</th> <td>CENTRAL WATER CATCHMENT</td> </tr><tr bgcolor=""""> <th>PLN_AREA_C</th> <td>CC</td> </tr><tr bgcolor=""#E3E3F3""> <th>CA_IND</th> <td>N</td> </tr><tr bgcolor=""""> <th>REGION_N</th> <td>NORTH REGION</td> </tr><tr bgcolor=""#E3E3F3""> <th>REGION_C</th> <td>NR</td> </tr><tr bgcolor=""""> <th>INC_CRC</th> <td>6E462BF5EDEF7A52</td> </tr><tr bgcolor=""#E3E3F3""> <th>FMEL_UPD_D</th> <td>20191223152014</td> </tr></table></center>",Central Water Catchment,North Region
KALLANG LINEAR PARK,1.350448945955822,103.855695269338,POINT (103.855695269338 1.350448945955822),50.0,kml_51,"<center><table><tr><th colspan='2' align='center'><em>Attributes</em></th></tr><tr bgcolor=""#E3E3F3""> <th>PLN_AREA_N</th> <td>BISHAN</td> </tr><tr bgcolor=""""> <th>PLN_AREA_C</th> <td>BS</td> </tr><tr bgcolor=""#E3E3F3""> <th>CA_IND</th> <td>N</td> </tr><tr bgcolor=""""> <th>REGION_N</th> <td>CENTRAL REGION</td> </tr><tr bgcolor=""#E3E3F3""> <th>REGION_C</th> <td>CR</td> </tr><tr bgcolor=""""> <th>INC_CRC</th> <td>741583155DB92ACF</td> </tr><tr bgcolor=""#E3E3F3""> <th>FMEL_UPD_D</th> <td>20191223152014</td> </tr></table></center>",Bishan,Central Region
OLD UPPER ALJUNIED ROAD,1.338695399595206,103.87522010900422,POINT (103.87522010900422 1.338695399595206),28.0,kml_29,"<center><table><tr><th colspan='2' align='center'><em>Attributes</em></th></tr><tr bgcolor=""#E3E3F3""> <th>PLN_AREA_N</th> <td>TOA PAYOH</td> </tr><tr bgcolor=""""> <th>PLN_AREA_C</th> <td>TP</td> </tr><tr bgcolor=""#E3E3F3""> <th>CA_IND</th> <td>N</td> </tr><tr bgcolor=""""> <th>REGION_N</th> <td>CENTRAL REGION</td> </tr><tr bgcolor=""#E3E3F3""> <th>REGION_C</th> <td>CR</td> </tr><tr bgcolor=""""> <th>INC_CRC</th> <td>85DD6CFD19B09A35</td> </tr><tr bgcolor=""#E3E3F3""> <th>FMEL_UPD_D</th> <td>20191223152014</td> </tr></table></center>",Toa Payoh,Central Region
ARMENIAN STREET (FCP),1.294482568247657,103.8495024035567,POINT (103.8495024035567 1.294482568247657),42.0,kml_43,"<center><table><tr><th colspan='2' align='center'><em>Attributes</em></th></tr><tr bgcolor=""#E3E3F3""> <th>PLN_AREA_N</th> <td>MUSEUM</td> </tr><tr bgcolor=""""> <th>PLN_AREA_C</th> <td>MU</td> </tr><tr bgcolor=""#E3E3F3""> <th>CA_IND</th> <td>Y</td> </tr><tr bgcolor=""""> <th>REGION_N</th> <td>CENTRAL REGION</td> </tr><tr bgcolor=""#E3E3F3""> <th>REGION_C</th> <td>CR</td> </tr><tr bgcolor=""""> <th>INC_CRC</th> <td>A5604F296D014694</td> </tr><tr bgcolor=""#E3E3F3""> <th>FMEL_UPD_D</th> <td>20191223152014</td> </tr></table></center>",Museum,Central Region
CONNAUGHT DRIVE,1.2898550095739831,103.85327993307943,POINT (103.85327993307943 1.2898550095739831),39.0,kml_40,"<center><table><tr><th colspan='2' align='center'><em>Attributes</em></th></tr><tr bgcolor=""#E3E3F3""> <th>PLN_AREA_N</th> <td>DOWNTOWN CORE</td> </tr><tr bgcolor=""""> <th>PLN_AREA_C</th> <td>DT</td> </tr><tr bgcolor=""#E3E3F3""> <th>CA_IND</th> <td>Y</td> </tr><tr bgcolor=""""> <th>REGION_N</th> <td>CENTRAL REGION</td> </tr><tr bgcolor=""#E3E3F3""> <th>REGION_C</th> <td>CR</td> </tr><tr bgcolor=""""> <th>INC_CRC</th> <td>5D85EA05D2C6189D</td> </tr><tr bgcolor=""#E3E3F3""> <th>FMEL_UPD_D</th> <td>20191223152014</td> </tr></table></center>",Downtown Core,Central Region
CANNING RISE (FCP),1.2964151858156534,103.84788253737088,POINT (103.84788253737088 1.2964151858156534),42.0,kml_43,"<center><table><tr><th colspan='2' align='center'><em>Attributes</em></th></tr><tr bgcolor=""#E3E3F3""> <th>PLN_AREA_N</th> <td>MUSEUM</td> </tr><tr bgcolor=""""> <th>PLN_AREA_C</th> <td>MU</td> </tr><tr bgcolor=""#E3E3F3""> <th>CA_IND</th> <td>Y</td> </tr><tr bgcolor=""""> <th>REGION_N</th> <td>CENTRAL REGION</td> </tr><tr bgcolor=""#E3E3F3""> <th>REGION_C</th> <td>CR</td> </tr><tr bgcolor=""""> <th>INC_CRC</th> <td>A5604F296D014694</td> </tr><tr bgcolor=""#E3E3F3""> <th>FMEL_UPD_D</th> <td>20191223152014</td> </tr></table></center>",Museum,Central Region
CAMP ROAD INTERIM PARK,1.3024565695099892,103.81847352134145,POINT (103.81847352134145 1.3024565695099892),47.0,kml_48,"<center><table><tr><th colspan='2' align='center'><em>Attributes</em></th></tr><tr bgcolor=""#E3E3F3""> <th>PLN_AREA_N</th> <td>TANGLIN</td> </tr><tr bgcolor=""""> <th>PLN_AREA_C</th> <td>TN</td> </tr><tr bgcolor=""#E3E3F3""> <th>CA_IND</th> <td>N</td> </tr><tr bgcolor=""""> <th>REGION_N</th> <td>CENTRAL REGION</td> </tr><tr bgcolor=""#E3E3F3""> <th>REGION_C</th> <td>CR</td> </tr><tr bgcolor=""""> <th>INC_CRC</th> <td>E22629A2FC9C4F3D</td> </tr><tr bgcolor=""#E3E3F3""> <th>FMEL_UPD_D</th> <td>20191223152014</td> </tr></table></center>",Tanglin,Central Region
CHANGI WEST BOARDWALK (CHANGI BC),1.390214721802019,103.9759334480344,POINT (103.9759334480344 1.390214721802019),7.0,kml_8,"<center><table><tr><th colspan='2' align='center'><em>Attributes</em></th></tr><tr bgcolor=""#E3E3F3""> <th>PLN_AREA_N</th> <td>CHANGI</td> </tr><tr bgcolor=""""> <th>PLN_AREA_C</th> <td>CH</td> </tr><tr bgcolor=""#E3E3F3""> <th>CA_IND</th> <td>N</td> </tr><tr bgcolor=""""> <th>REGION_N</th> <td>EAST REGION</td> </tr><tr bgcolor=""#E3E3F3""> <th>REGION_C</th> <td>ER</td> </tr><tr bgcolor=""""> <th>INC_CRC</th> <td>9DA33276DBB29990</td> </tr><tr bgcolor=""#E3E3F3""> <th>FMEL_UPD_D</th> <td>20191223152014</td> </tr></table></center>",Changi,East Region
CHANGI PT FERRY TERMINAL,1.3912069094980075,103.98731252320438,POINT (103.98731252320438 1.3912069094980075),7.0,kml_8,"<center><table><tr><th colspan='2' align='center'><em>Attributes</em></th></tr><tr bgcolor=""#E3E3F3""> <th>PLN_AREA_N</th> <td>CHANGI</td> </tr><tr bgcolor=""""> <th>PLN_AREA_C</th> <td>CH</td> </tr><tr bgcolor=""#E3E3F3""> <th>CA_IND</th> <td>N</td> </tr><tr bgcolor=""""> <th>REGION_N</th> <td>EAST REGION</td> </tr><tr bgcolor=""#E3E3F3""> <th>REGION_C</th> <td>ER</td> </tr><tr bgcolor=""""> <th>INC_CRC</th> <td>9DA33276DBB29990</td> </tr><tr bgcolor=""#E3E3F3""> <th>FMEL_UPD_D</th> <td>20191223152014</td> </tr></table></center>",Changi,East Region
TANAH MERAH PG,1.3290293360905585,103.9468755488788,POINT (103.9468755488788 1.3290293360905585),0.0,kml_1,"<center><table><tr><th colspan='2' align='center'><em>Attributes</em></th></tr><tr bgcolor=""#E3E3F3""> <th>PLN_AREA_N</th> <td>BEDOK</td> </tr><tr bgcolor=""""> <th>PLN_AREA_C</th> <td>BD</td> </tr><tr bgcolor=""#E3E3F3""> <th>CA_IND</th> <td>N</td> </tr><tr bgcolor=""""> <th>REGION_N</th> <td>EAST REGION</td> </tr><tr bgcolor=""#E3E3F3""> <th>REGION_C</th> <td>ER</td> </tr><tr bgcolor=""""> <th>INC_CRC</th> <td>5F00E6FF084F3364</td> </tr><tr bgcolor=""#E3E3F3""> <th>FMEL_UPD_D</th> <td>20191223152014</td> </tr></table></center>",Bedok,East Region
MARIAM WALK PG,1.3595473597296697,103.96854744421532,POINT (103.96854744421532 1.3595473597296697),13.0,kml_14,"<center><table><tr><th colspan='2' align='center'><em>Attributes</em></th></tr><tr bgcolor=""#E3E3F3""> <th>PLN_AREA_N</th> <td>PASIR RIS</td> </tr><tr bgcolor=""""> <th>PLN_AREA_C</th> <td>PR</td> </tr><tr bgcolor=""#E3E3F3""> <th>CA_IND</th> <td>N</td> </tr><tr bgcolor=""""> <th>REGION_N</th> <td>EAST REGION</td> </tr><tr bgcolor=""#E3E3F3""> <th>REGION_C</th> <td>ER</td> </tr><tr bgcolor=""""> <th>INC_CRC</th> <td>B375AD2AA1E8E3DB</td> </tr><tr bgcolor=""#E3E3F3""> <th>FMEL_UPD_D</th> <td>20191223152014</td> </tr></table></center>",Pasir Ris,East Region
LOYANG VIEW PG,1.3630395003067224,103.96563729241969,POINT (103.96563729241969 1.3630395003067224),13.0,kml_14,"<center><table><tr><th colspan='2' align='center'><em>Attributes</em></th></tr><tr bgcolor=""#E3E3F3""> <th>PLN_AREA_N</th> <td>PASIR RIS</td> </tr><tr bgcolor=""""> <th>PLN_AREA_C</th> <td>PR</td> </tr><tr bgcolor=""#E3E3F3""> <th>CA_IND</th> <td>N</td> </tr><tr bgcolor=""""> <th>REGION_N</th> <td>EAST REGION</td> </tr><tr bgcolor=""#E3E3F3""> <th>REGION_C</th> <td>ER</td> </tr><tr bgcolor=""""> <th>INC_CRC</th> <td>B375AD2AA1E8E3DB</td> </tr><tr bgcolor=""#E3E3F3""> <th>FMEL_UPD_D</th> <td>20191223152014</td> </tr></table></center>",Pasir Ris,East Region
JLN LIMAU MANIS PG,1.324734002766244,103.949044991383,POINT (103.949044991383 1.324734002766244),0.0,kml_1,"<center><table><tr><th colspan='2' align='center'><em>Attributes</em></th></tr><tr bgcolor=""#E3E3F3""> <th>PLN_AREA_N</th> <td>BEDOK</td> </tr><tr bgcolor=""""> <th>PLN_AREA_C</th> <td>BD</td> </tr><tr bgcolor=""#E3E3F3""> <th>CA_IND</th> <td>N</td> </tr><tr bgcolor=""""> <th>REGION_N</th> <td>EAST REGION</td> </tr><tr bgcolor=""#E3E3F3""> <th>REGION_C</th> <td>ER</td> </tr><tr bgcolor=""""> <th>INC_CRC</th> <td>5F00E6FF084F3364</td> </tr><tr bgcolor=""#E3E3F3""> <th>FMEL_UPD_D</th> <td>20191223152014</td> </tr></table></center>",Bedok,East Region
JLN ANGIN LAUT PG,1.337183988818048,103.95622497877842,POINT (103.95622497877842 1.337183988818048),46.0,kml_47,"<center><table><tr><th colspan='2' align='center'><em>Attributes</em></th></tr><tr bgcolor=""#E3E3F3""> <th>PLN_AREA_N</th> <td>TAMPINES</td> </tr><tr bgcolor=""""> <th>PLN_AREA_C</th> <td>TM</td> </tr><tr bgcolor=""#E3E3F3""> <th>CA_IND</th> <td>N</td> </tr><tr bgcolor=""""> <th>REGION_N</th> <td>EAST REGION</td> </tr><tr bgcolor=""#E3E3F3""> <th>REGION_C</th> <td>ER</td> </tr><tr bgcolor=""""> <th>INC_CRC</th> <td>9988953DFA610218</td> </tr><tr bgcolor=""#E3E3F3""> <th>FMEL_UPD_D</th> <td>20191223152014</td> </tr></table></center>",Tampines,East Region
MERA TERRACE PG,1.347404439021593,103.96350603982197,POINT (103.96350603982197 1.347404439021593),46.0,kml_47,"<center><table><tr><th colspan='2' align='center'><em>Attributes</em></th></tr><tr bgcolor=""#E3E3F3""> <th>PLN_AREA_N</th> <td>TAMPINES</td> </tr><tr bgcolor=""""> <th>PLN_AREA_C</th> <td>TM</td> </tr><tr bgcolor=""#E3E3F3""> <th>CA_IND</th> <td>N</td> </tr><tr bgcolor=""""> <th>REGION_N</th> <td>EAST REGION</td> </tr><tr bgcolor=""#E3E3F3""> <th>REGION_C</th> <td>ER</td> </tr><tr bgcolor=""""> <th>INC_CRC</th> <td>9988953DFA610218</td> </tr><tr bgcolor=""#E3E3F3""> <th>FMEL_UPD_D</th> <td>20191223152014</td> </tr></table></center>",Tampines,East Region
EASTWOOD PK PG,1.323160024115253,103.95756375074508,POINT (103.95756375074508 1.323160024115253),0.0,kml_1,"<center><table><tr><th colspan='2' align='center'><em>Attributes</em></th></tr><tr bgcolor=""#E3E3F3""> <th>PLN_AREA_N</th> <td>BEDOK</td> </tr><tr bgcolor=""""> <th>PLN_AREA_C</th> <td>BD</td> </tr><tr bgcolor=""#E3E3F3""> <th>CA_IND</th> <td>N</td> </tr><tr bgcolor=""""> <th>REGION_N</th> <td>EAST REGION</td> </tr><tr bgcolor=""#E3E3F3""> <th>REGION_C</th> <td>ER</td> </tr><tr bgcolor=""""> <th>INC_CRC</th> <td>5F00E6FF084F3364</td> </tr><tr bgcolor=""#E3E3F3""> <th>FMEL_UPD_D</th> <td>20191223152014</td> </tr></table></center>",Bedok,East Region
JLN CHEMPAKA KUNING PG,1.3297574948727169,103.95016432778704,POINT (103.95016432778704 1.3297574948727169),0.0,kml_1,"<center><table><tr><th colspan='2' align='center'><em>Attributes</em></th></tr><tr bgcolor=""#E3E3F3""> <th>PLN_AREA_N</th> <td>BEDOK</td> </tr><tr bgcolor=""""> <th>PLN_AREA_C</th> <td>BD</td> </tr><tr bgcolor=""#E3E3F3""> <th>CA_IND</th> <td>N</td> </tr><tr bgcolor=""""> <th>REGION_N</th> <td>EAST REGION</td> </tr><tr bgcolor=""#E3E3F3""> <th>REGION_C</th> <td>ER</td> </tr><tr bgcolor=""""> <th>INC_CRC</th> <td>5F00E6FF084F3364</td> </tr><tr bgcolor=""#E3E3F3""> <th>FMEL_UPD_D</th> <td>20191223152014</td> </tr></table></center>",Bedok,East Region
JLN PARI BURONG PG,1.3338302667621265,103.9469615014862,POINT (103.9469615014862 1.3338302667621265),0.0,kml_1,"<center><table><tr><th colspan='2' align='center'><em>Attributes</em></th></tr><tr bgcolor=""#E3E3F3""> <th>PLN_AREA_N</th> <td>BEDOK</td> </tr><tr bgcolor=""""> <th>PLN_AREA_C</th> <td>BD</td> </tr><tr bgcolor=""#E3E3F3""> <th>CA_IND</th> <td>N</td> </tr><tr bgcolor=""""> <th>REGION_N</th> <td>EAST REGION</td> </tr><tr bgcolor=""#E3E3F3""> <th>REGION_C</th> <td>ER</td> </tr><tr bgcolor=""""> <th>INC_CRC</th> <td>5F00E6FF084F3364</td> </tr><tr bgcolor=""#E3E3F3""> <th>FMEL_UPD_D</th> <td>20191223152014</td> </tr></table></center>",Bedok,East Region
JLN PARI DEDAP PG,1.3330205537387907,103.9438804788435,POINT (103.9438804788435 1.3330205537387907),0.0,kml_1,"<center><table><tr><th colspan='2' align='center'><em>Attributes</em></th></tr><tr bgcolor=""#E3E3F3""> <th>PLN_AREA_N</th> <td>BEDOK</td> </tr><tr bgcolor=""""> <th>PLN_AREA_C</th> <td>BD</td> </tr><tr bgcolor=""#E3E3F3""> <th>CA_IND</th> <td>N</td> </tr><tr bgcolor=""""> <th>REGION_N</th> <td>EAST REGION</td> </tr><tr bgcolor=""#E3E3F3""> <th>REGION_C</th> <td>ER</td> </tr><tr bgcolor=""""> <th>INC_CRC</th> <td>5F00E6FF084F3364</td> </tr><tr bgcolor=""#E3E3F3""> <th>FMEL_UPD_D</th> <td>20191223152014</td> </tr></table></center>",Bedok,East Region
JLN PELATOK PG,1.3461443277769334,103.9603400330171,POINT (103.9603400330171 1.3461443277769334),46.0,kml_47,"<center><table><tr><th colspan='2' align='center'><em>Attributes</em></th></tr><tr bgcolor=""#E3E3F3""> <th>PLN_AREA_N</th> <td>TAMPINES</td> </tr><tr bgcolor=""""> <th>PLN_AREA_C</th> <td>TM</td> </tr><tr bgcolor=""#E3E3F3""> <th>CA_IND</th> <td>N</td> </tr><tr bgcolor=""""> <th>REGION_N</th> <td>EAST REGION</td> </tr><tr bgcolor=""#E3E3F3""> <th>REGION_C</th> <td>ER</td> </tr><tr bgcolor=""""> <th>INC_CRC</th> <td>9988953DFA610218</td> </tr><tr bgcolor=""#E3E3F3""> <th>FMEL_UPD_D</th> <td>20191223152014</td> </tr></table></center>",Tampines,East Region
MERAGI RD PG,1.3443834054676365,103.96028263817686,POINT (103.96028263817686 1.3443834054676365),46.0,kml_47,"<center><table><tr><th colspan='2' align='center'><em>Attributes</em></th></tr><tr bgcolor=""#E3E3F3""> <th>PLN_AREA_N</th> <td>TAMPINES</td> </tr><tr bgcolor=""""> <th>PLN_AREA_C</th> <td>TM</td> </tr><tr bgcolor=""#E3E3F3""> <th>CA_IND</th> <td>N</td> </tr><tr bgcolor=""""> <th>REGION_N</th> <td>EAST REGION</td> </tr><tr bgcolor=""#E3E3F3""> <th>REGION_C</th> <td>ER</td> </tr><tr bgcolor=""""> <th>INC_CRC</th> <td>9988953DFA610218</td> </tr><tr bgcolor=""#E3E3F3""> <th>FMEL_UPD_D</th> <td>20191223152014</td> </tr></table></center>",Tampines,East Region
SUNBIRD CIRCLE PG,1.3390909036288612,103.95824012802514,POINT (103.95824012802514 1.3390909036288612),46.0,kml_47,"<center><table><tr><th colspan='2' align='center'><em>Attributes</em></th></tr><tr bgcolor=""#E3E3F3""> <th>PLN_AREA_N</th> <td>TAMPINES</td> </tr><tr bgcolor=""""> <th>PLN_AREA_C</th> <td>TM</td> </tr><tr bgcolor=""#E3E3F3""> <th>CA_IND</th> <td>N</td> </tr><tr bgcolor=""""> <th>REGION_N</th> <td>EAST REGION</td> </tr><tr bgcolor=""#E3E3F3""> <th>REGION_C</th> <td>ER</td> </tr><tr bgcolor=""""> <th>INC_CRC</th> <td>9988953DFA610218</td> </tr><tr bgcolor=""#E3E3F3""> <th>FMEL_UPD_D</th> <td>20191223152014</td> </tr></table></center>",Tampines,East Region
PESARI WALK PG,1.32442963788354,103.9539785936791,POINT (103.9539785936791 1.32442963788354),0.0,kml_1,"<center><table><tr><th colspan='2' align='center'><em>Attributes</em></th></tr><tr bgcolor=""#E3E3F3""> <th>PLN_AREA_N</th> <td>BEDOK</td> </tr><tr bgcolor=""""> <th>PLN_AREA_C</th> <td>BD</td> </tr><tr bgcolor=""#E3E3F3""> <th>CA_IND</th> <td>N</td> </tr><tr bgcolor=""""> <th>REGION_N</th> <td>EAST REGION</td> </tr><tr bgcolor=""#E3E3F3""> <th>REGION_C</th> <td>ER</td> </tr><tr bgcolor=""""> <th>INC_CRC</th> <td>5F00E6FF084F3364</td> </tr><tr bgcolor=""#E3E3F3""> <th>FMEL_UPD_D</th> <td>20191223152014</td> </tr></table></center>",Bedok,East Region
BEDOK RIA CRESCENT PG,1.3274173484689635,103.95308237796718,POINT (103.95308237796718 1.3274173484689635),0.0,kml_1,"<center><table><tr><th colspan='2' align='center'><em>Attributes</em></th></tr><tr bgcolor=""#E3E3F3""> <th>PLN_AREA_N</th> <td>BEDOK</td> </tr><tr bgcolor=""""> <th>PLN_AREA_C</th> <td>BD</td> </tr><tr bgcolor=""#E3E3F3""> <th>CA_IND</th> <td>N</td> </tr><tr bgcolor=""""> <th>REGION_N</th> <td>EAST REGION</td> </tr><tr bgcolor=""#E3E3F3""> <th>REGION_C</th> <td>ER</td> </tr><tr bgcolor=""""> <th>INC_CRC</th> <td>5F00E6FF084F3364</td> </tr><tr bgcolor=""#E3E3F3""> <th>FMEL_UPD_D</th> <td>20191223152014</td> </tr></table></center>",Bedok,East Region
HARVEY CRESCENT PG,1.340659028078158,103.95519192385744,POINT (103.95519192385744 1.340659028078158),46.0,kml_47,"<center><table><tr><th colspan='2' align='center'><em>Attributes</em></th></tr><tr bgcolor=""#E3E3F3""> <th>PLN_AREA_N</th> <td>TAMPINES</td> </tr><tr bgcolor=""""> <th>PLN_AREA_C</th> <td>TM</td> </tr><tr bgcolor=""#E3E3F3""> <th>CA_IND</th> <td>N</td> </tr><tr bgcolor=""""> <th>REGION_N</th> <td>EAST REGION</td> </tr><tr bgcolor=""#E3E3F3""> <th>REGION_C</th> <td>ER</td> </tr><tr bgcolor=""""> <th>INC_CRC</th> <td>9988953DFA610218</td> </tr><tr bgcolor=""#E3E3F3""> <th>FMEL_UPD_D</th> <td>20191223152014</td> </tr></table></center>",Tampines,East Region
MARIAM WAY PG,1.3619451550131056,103.96623348811328,POINT (103.96623348811328 1.3619451550131056),13.0,kml_14,"<center><table><tr><th colspan='2' align='center'><em>Attributes</em></th></tr><tr bgcolor=""#E3E3F3""> <th>PLN_AREA_N</th> <td>PASIR RIS</td> </tr><tr bgcolor=""""> <th>PLN_AREA_C</th> <td>PR</td> </tr><tr bgcolor=""#E3E3F3""> <th>CA_IND</th> <td>N</td> </tr><tr bgcolor=""""> <th>REGION_N</th> <td>EAST REGION</td> </tr><tr bgcolor=""#E3E3F3""> <th>REGION_C</th> <td>ER</td> </tr><tr bgcolor=""""> <th>INC_CRC</th> <td>B375AD2AA1E8E3DB</td> </tr><tr bgcolor=""#E3E3F3""> <th>FMEL_UPD_D</th> <td>20191223152014</td> </tr></table></center>",Pasir Ris,East Region
BEDOK TERRACE PG,1.3255436014309503,103.94750561924356,POINT (103.94750561924356 1.3255436014309503),0.0,kml_1,"<center><table><tr><th colspan='2' align='center'><em>Attributes</em></th></tr><tr bgcolor=""#E3E3F3""> <th>PLN_AREA_N</th> <td>BEDOK</td> </tr><tr bgcolor=""""> <th>PLN_AREA_C</th> <td>BD</td> </tr><tr bgcolor=""#E3E3F3""> <th>CA_IND</th> <td>N</td> </tr><tr bgcolor=""""> <th>REGION_N</th> <td>EAST REGION</td> </tr><tr bgcolor=""#E3E3F3""> <th>REGION_C</th> <td>ER</td> </tr><tr bgcolor=""""> <th>INC_CRC</th> <td>5F00E6FF084F3364</td> </tr><tr bgcolor=""#E3E3F3""> <th>FMEL_UPD_D</th> <td>20191223152014</td> </tr></table></center>",Bedok,East Region
KEW DR PG,1.3207095314104476,103.95175430405384,POINT (103.95175430405384 1.3207095314104476),0.0,kml_1,"<center><table><tr><th colspan='2' align='center'><em>Attributes</em></th></tr><tr bgcolor=""#E3E3F3""> <th>PLN_AREA_N</th> <td>BEDOK</td> </tr><tr bgcolor=""""> <th>PLN_AREA_C</th> <td>BD</td> </tr><tr bgcolor=""#E3E3F3""> <th>CA_IND</th> <td>N</td> </tr><tr bgcolor=""""> <th>REGION_N</th> <td>EAST REGION</td> </tr><tr bgcolor=""#E3E3F3""> <th>REGION_C</th> <td>ER</td> </tr><tr bgcolor=""""> <th>INC_CRC</th> <td>5F00E6FF084F3364</td> </tr><tr bgcolor=""#E3E3F3""> <th>FMEL_UPD_D</th> <td>20191223152014</td> </tr></table></center>",Bedok,East Region
LIMAU GARDEN PG,1.3224821249750645,103.95069132925602,POINT (103.95069132925602 1.3224821249750645),0.0,kml_1,"<center><table><tr><th colspan='2' align='center'><em>Attributes</em></th></tr><tr bgcolor=""#E3E3F3""> <th>PLN_AREA_N</th> <td>BEDOK</td> </tr><tr bgcolor=""""> <th>PLN_AREA_C</th> <td>BD</td> </tr><tr bgcolor=""#E3E3F3""> <th>CA_IND</th> <td>N</td> </tr><tr bgcolor=""""> <th>REGION_N</th> <td>EAST REGION</td> </tr><tr bgcolor=""#E3E3F3""> <th>REGION_C</th> <td>ER</td> </tr><tr bgcolor=""""> <th>INC_CRC</th> <td>5F00E6FF084F3364</td> </tr><tr bgcolor=""#E3E3F3""> <th>FMEL_UPD_D</th> <td>20191223152014</td> </tr></table></center>",Bedok,East Region
LUCKY GARDENS PG,1.3192870715386174,103.9413761221936,POINT (103.9413761221936 1.3192870715386174),0.0,kml_1,"<center><table><tr><th colspan='2' align='center'><em>Attributes</em></th></tr><tr bgcolor=""#E3E3F3""> <th>PLN_AREA_N</th> <td>BEDOK</td> </tr><tr bgcolor=""""> <th>PLN_AREA_C</th> <td>BD</td> </tr><tr bgcolor=""#E3E3F3""> <th>CA_IND</th> <td>N</td> </tr><tr bgcolor=""""> <th>REGION_N</th> <td>EAST REGION</td> </tr><tr bgcolor=""#E3E3F3""> <th>REGION_C</th> <td>ER</td> </tr><tr bgcolor=""""> <th>INC_CRC</th> <td>5F00E6FF084F3364</td> </tr><tr bgcolor=""#E3E3F3""> <th>FMEL_UPD_D</th> <td>20191223152014</td> </tr></table></center>",Bedok,East Region
SENNETT AVE PG,1.3169670574437695,103.9362801690712,POINT (103.9362801690712 1.3169670574437695),0.0,kml_1,"<center><table><tr><th colspan='2' align='center'><em>Attributes</em></th></tr><tr bgcolor=""#E3E3F3""> <th>PLN_AREA_N</th> <td>BEDOK</td> </tr><tr bgcolor=""""> <th>PLN_AREA_C</th> <td>BD</td> </tr><tr bgcolor=""#E3E3F3""> <th>CA_IND</th> <td>N</td> </tr><tr bgcolor=""""> <th>REGION_N</th> <td>EAST REGION</td> </tr><tr bgcolor=""#E3E3F3""> <th>REGION_C</th> <td>ER</td> </tr><tr bgcolor=""""> <th>INC_CRC</th> <td>5F00E6FF084F3364</td> </tr><tr bgcolor=""#E3E3F3""> <th>FMEL_UPD_D</th> <td>20191223152014</td> </tr></table></center>",Bedok,East Region
JLN LIMAU KASTURI PG,1.3239737649827956,103.9463890608454,POINT (103.9463890608454 1.3239737649827956),0.0,kml_1,"<center><table><tr><th colspan='2' align='center'><em>Attributes</em></th></tr><tr bgcolor=""#E3E3F3""> <th>PLN_AREA_N</th> <td>BEDOK</td> </tr><tr bgcolor=""""> <th>PLN_AREA_C</th> <td>BD</td> </tr><tr bgcolor=""#E3E3F3""> <th>CA_IND</th> <td>N</td> </tr><tr bgcolor=""""> <th>REGION_N</th> <td>EAST REGION</td> </tr><tr bgcolor=""#E3E3F3""> <th>REGION_C</th> <td>ER</td> </tr><tr bgcolor=""""> <th>INC_CRC</th> <td>5F00E6FF084F3364</td> </tr><tr bgcolor=""#E3E3F3""> <th>FMEL_UPD_D</th> <td>20191223152014</td> </tr></table></center>",Bedok,East Region
KEW AVE PG,1.3216265387648582,103.94845050181046,POINT (103.94845050181046 1.3216265387648582),0.0,kml_1,"<center><table><tr><th colspan='2' align='center'><em>Attributes</em></th></tr><tr bgcolor=""#E3E3F3""> <th>PLN_AREA_N</th> <td>BEDOK</td> </tr><tr bgcolor=""""> <th>PLN_AREA_C</th> <td>BD</td> </tr><tr bgcolor=""#E3E3F3""> <th>CA_IND</th> <td>N</td> </tr><tr bgcolor=""""> <th>REGION_N</th> <td>EAST REGION</td> </tr><tr bgcolor=""#E3E3F3""> <th>REGION_C</th> <td>ER</td> </tr><tr bgcolor=""""> <th>INC_CRC</th> <td>5F00E6FF084F3364</td> </tr><tr bgcolor=""#E3E3F3""> <th>FMEL_UPD_D</th> <td>20191223152014</td> </tr></table></center>",Bedok,East Region
KEW CRESCENT PG,1.3191875527603305,103.94858574719048,POINT (103.94858574719048 1.3191875527603305),0.0,kml_1,"<center><table><tr><th colspan='2' align='center'><em>Attributes</em></th></tr><tr bgcolor=""#E3E3F3""> <th>PLN_AREA_N</th> <td>BEDOK</td> </tr><tr bgcolor=""""> <th>PLN_AREA_C</th> <td>BD</td> </tr><tr bgcolor=""#E3E3F3""> <th>CA_IND</th> <td>N</td> </tr><tr bgcolor=""""> <th>REGION_N</th> <td>EAST REGION</td> </tr><tr bgcolor=""#E3E3F3""> <th>REGION_C</th> <td>ER</td> </tr><tr bgcolor=""""> <th>INC_CRC</th> <td>5F00E6FF084F3364</td> </tr><tr bgcolor=""#E3E3F3""> <th>FMEL_UPD_D</th> <td>20191223152014</td> </tr></table></center>",Bedok,East Region
LIMAU VILLAS PG,1.323872450926419,103.95051409597892,POINT (103.95051409597892 1.323872450926419),0.0,kml_1,"<center><table><tr><th colspan='2' align='center'><em>Attributes</em></th></tr><tr bgcolor=""#E3E3F3""> <th>PLN_AREA_N</th> <td>BEDOK</td> </tr><tr bgcolor=""""> <th>PLN_AREA_C</th> <td>BD</td> </tr><tr bgcolor=""#E3E3F3""> <th>CA_IND</th> <td>N</td> </tr><tr bgcolor=""""> <th>REGION_N</th> <td>EAST REGION</td> </tr><tr bgcolor=""#E3E3F3""> <th>REGION_C</th> <td>ER</td> </tr><tr bgcolor=""""> <th>INC_CRC</th> <td>5F00E6FF084F3364</td> </tr><tr bgcolor=""#E3E3F3""> <th>FMEL_UPD_D</th> <td>20191223152014</td> </tr></table></center>",Bedok,East Region
CHANGI HEIGHTS PG,1.3628436477636612,103.97220437477232,POINT (103.97220437477232 1.3628436477636612),13.0,kml_14,"<center><table><tr><th colspan='2' align='center'><em>Attributes</em></th></tr><tr bgcolor=""#E3E3F3""> <th>PLN_AREA_N</th> <td>PASIR RIS</td> </tr><tr bgcolor=""""> <th>PLN_AREA_C</th> <td>PR</td> </tr><tr bgcolor=""#E3E3F3""> <th>CA_IND</th> <td>N</td> </tr><tr bgcolor=""""> <th>REGION_N</th> <td>EAST REGION</td> </tr><tr bgcolor=""#E3E3F3""> <th>REGION_C</th> <td>ER</td> </tr><tr bgcolor=""""> <th>INC_CRC</th> <td>B375AD2AA1E8E3DB</td> </tr><tr bgcolor=""#E3E3F3""> <th>FMEL_UPD_D</th> <td>20191223152014</td> </tr></table></center>",Pasir Ris,East Region
TURNHOUSE PK,1.3899035701307043,103.97897923032566,POINT (103.97897923032566 1.3899035701307043),7.0,kml_8,"<center><table><tr><th colspan='2' align='center'><em>Attributes</em></th></tr><tr bgcolor=""#E3E3F3""> <th>PLN_AREA_N</th> <td>CHANGI</td> </tr><tr bgcolor=""""> <th>PLN_AREA_C</th> <td>CH</td> </tr><tr bgcolor=""#E3E3F3""> <th>CA_IND</th> <td>N</td> </tr><tr bgcolor=""""> <th>REGION_N</th> <td>EAST REGION</td> </tr><tr bgcolor=""#E3E3F3""> <th>REGION_C</th> <td>ER</td> </tr><tr bgcolor=""""> <th>INC_CRC</th> <td>9DA33276DBB29990</td> </tr><tr bgcolor=""#E3E3F3""> <th>FMEL_UPD_D</th> <td>20191223152014</td> </tr></table></center>",Changi,East Region
SENNETT AVE OS,1.3187872216619958,103.93933426138598,POINT (103.93933426138598 1.3187872216619958),0.0,kml_1,"<center><table><tr><th colspan='2' align='center'><em>Attributes</em></th></tr><tr bgcolor=""#E3E3F3""> <th>PLN_AREA_N</th> <td>BEDOK</td> </tr><tr bgcolor=""""> <th>PLN_AREA_C</th> <td>BD</td> </tr><tr bgcolor=""#E3E3F3""> <th>CA_IND</th> <td>N</td> </tr><tr bgcolor=""""> <th>REGION_N</th> <td>EAST REGION</td> </tr><tr bgcolor=""#E3E3F3""> <th>REGION_C</th> <td>ER</td> </tr><tr bgcolor=""""> <th>INC_CRC</th> <td>5F00E6FF084F3364</td> </tr><tr bgcolor=""#E3E3F3""> <th>FMEL_UPD_D</th> <td>20191223152014</td> </tr></table></center>",Bedok,East Region
JLN LIMAU KASTURI OS,1.3244942567211289,103.94622771976444,POINT (103.94622771976444 1.3244942567211289),0.0,kml_1,"<center><table><tr><th colspan='2' align='center'><em>Attributes</em></th></tr><tr bgcolor=""#E3E3F3""> <th>PLN_AREA_N</th> <td>BEDOK</td> </tr><tr bgcolor=""""> <th>PLN_AREA_C</th> <td>BD</td> </tr><tr bgcolor=""#E3E3F3""> <th>CA_IND</th> <td>N</td> </tr><tr bgcolor=""""> <th>REGION_N</th> <td>EAST REGION</td> </tr><tr bgcolor=""#E3E3F3""> <th>REGION_C</th> <td>ER</td> </tr><tr bgcolor=""""> <th>INC_CRC</th> <td>5F00E6FF084F3364</td> </tr><tr bgcolor=""#E3E3F3""> <th>FMEL_UPD_D</th> <td>20191223152014</td> </tr></table></center>",Bedok,East Region
JLN PELATOK OS,1.3461745741609257,103.960856823947,POINT (103.960856823947 1.3461745741609257),46.0,kml_47,"<center><table><tr><th colspan='2' align='center'><em>Attributes</em></th></tr><tr bgcolor=""#E3E3F3""> <th>PLN_AREA_N</th> <td>TAMPINES</td> </tr><tr bgcolor=""""> <th>PLN_AREA_C</th> <td>TM</td> </tr><tr bgcolor=""#E3E3F3""> <th>CA_IND</th> <td>N</td> </tr><tr bgcolor=""""> <th>REGION_N</th> <td>EAST REGION</td> </tr><tr bgcolor=""#E3E3F3""> <th>REGION_C</th> <td>ER</td> </tr><tr bgcolor=""""> <th>INC_CRC</th> <td>9988953DFA610218</td> </tr><tr bgcolor=""#E3E3F3""> <th>FMEL_UPD_D</th> <td>20191223152014</td> </tr></table></center>",Tampines,East Region
CHANGI EAST BOARDWALK (CHANGI FERRY TER),1.3922188152832382,103.98418177001932,POINT (103.98418177001932 1.3922188152832382),7.0,kml_8,"<center><table><tr><th colspan='2' align='center'><em>Attributes</em></th></tr><tr bgcolor=""#E3E3F3""> <th>PLN_AREA_N</th> <td>CHANGI</td> </tr><tr bgcolor=""""> <th>PLN_AREA_C</th> <td>CH</td> </tr><tr bgcolor=""#E3E3F3""> <th>CA_IND</th> <td>N</td> </tr><tr bgcolor=""""> <th>REGION_N</th> <td>EAST REGION</td> </tr><tr bgcolor=""#E3E3F3""> <th>REGION_C</th> <td>ER</td> </tr><tr bgcolor=""""> <th>INC_CRC</th> <td>9DA33276DBB29990</td> </tr><tr bgcolor=""#E3E3F3""> <th>FMEL_UPD_D</th> <td>20191223152014</td> </tr></table></center>",Changi,East Region
CHANGI POINT PROMENADE,1.390205184340595,103.98911988020669,POINT (103.98911988020669 1.390205184340595),7.0,kml_8,"<center><table><tr><th colspan='2' align='center'><em>Attributes</em></th></tr><tr bgcolor=""#E3E3F3""> <th>PLN_AREA_N</th> <td>CHANGI</td> </tr><tr bgcolor=""""> <th>PLN_AREA_C</th> <td>CH</td> </tr><tr bgcolor=""#E3E3F3""> <th>CA_IND</th> <td>N</td> </tr><tr bgcolor=""""> <th>REGION_N</th> <td>EAST REGION</td> </tr><tr bgcolor=""#E3E3F3""> <th>REGION_C</th> <td>ER</td> </tr><tr bgcolor=""""> <th>INC_CRC</th> <td>9DA33276DBB29990</td> </tr><tr bgcolor=""#E3E3F3""> <th>FMEL_UPD_D</th> <td>20191223152014</td> </tr></table></center>",Changi,East Region
CHANGI POINT WATERFRONT PK,1.390432538379985,103.98826627962664,POINT (103.98826627962664 1.390432538379985),7.0,kml_8,"<center><table><tr><th colspan='2' align='center'><em>Attributes</em></th></tr><tr bgcolor=""#E3E3F3""> <th>PLN_AREA_N</th> <td>CHANGI</td> </tr><tr bgcolor=""""> <th>PLN_AREA_C</th> <td>CH</td> </tr><tr bgcolor=""#E3E3F3""> <th>CA_IND</th> <td>N</td> </tr><tr bgcolor=""""> <th>REGION_N</th> <td>EAST REGION</td> </tr><tr bgcolor=""#E3E3F3""> <th>REGION_C</th> <td>ER</td> </tr><tr bgcolor=""""> <th>INC_CRC</th> <td>9DA33276DBB29990</td> </tr><tr bgcolor=""#E3E3F3""> <th>FMEL_UPD_D</th> <td>20191223152014</td> </tr></table></center>",Changi,East Region
EAST COAST PARK AREA A,1.2940495430765615,103.8695862425583,POINT (103.8695862425583 1.2940495430765615),40.0,kml_41,"<center><table><tr><th colspan='2' align='center'><em>Attributes</em></th></tr><tr bgcolor=""#E3E3F3""> <th>PLN_AREA_N</th> <td>MARINA EAST</td> </tr><tr bgcolor=""""> <th>PLN_AREA_C</th> <td>ME</td> </tr><tr bgcolor=""#E3E3F3""> <th>CA_IND</th> <td>Y</td> </tr><tr bgcolor=""""> <th>REGION_N</th> <td>CENTRAL REGION</td> </tr><tr bgcolor=""#E3E3F3""> <th>REGION_C</th> <td>CR</td> </tr><tr bgcolor=""""> <th>INC_CRC</th> <td>4FB7E5B143CA00CD</td> </tr><tr bgcolor=""#E3E3F3""> <th>FMEL_UPD_D</th> <td>20191223152014</td> </tr></table></center>",Marina East,Central Region
EAST COAST PARK AREA B,1.2964678008886763,103.9001313600413,POINT (103.9001313600413 1.2964678008886763),38.0,kml_39,"<center><table><tr><th colspan='2' align='center'><em>Attributes</em></th></tr><tr bgcolor=""#E3E3F3""> <th>PLN_AREA_N</th> <td>MARINE PARADE</td> </tr><tr bgcolor=""""> <th>PLN_AREA_C</th> <td>MP</td> </tr><tr bgcolor=""#E3E3F3""> <th>CA_IND</th> <td>N</td> </tr><tr bgcolor=""""> <th>REGION_N</th> <td>CENTRAL REGION</td> </tr><tr bgcolor=""#E3E3F3""> <th>REGION_C</th> <td>CR</td> </tr><tr bgcolor=""""> <th>INC_CRC</th> <td>277A84C803F3A399</td> </tr><tr bgcolor=""#E3E3F3""> <th>FMEL_UPD_D</th> <td>20191223152014</td> </tr></table></center>",Marine Parade,Central Region
EAST COAST PARK AREA C,1.3003516412785827,103.9124608129566,POINT (103.9124608129566 1.3003516412785827),38.0,kml_39,"<center><table><tr><th colspan='2' align='center'><em>Attributes</em></th></tr><tr bgcolor=""#E3E3F3""> <th>PLN_AREA_N</th> <td>MARINE PARADE</td> </tr><tr bgcolor=""""> <th>PLN_AREA_C</th> <td>MP</td> </tr><tr bgcolor=""#E3E3F3""> <th>CA_IND</th> <td>N</td> </tr><tr bgcolor=""""> <th>REGION_N</th> <td>CENTRAL REGION</td> </tr><tr bgcolor=""#E3E3F3""> <th>REGION_C</th> <td>CR</td> </tr><tr bgcolor=""""> <th>INC_CRC</th> <td>277A84C803F3A399</td> </tr><tr bgcolor=""#E3E3F3""> <th>FMEL_UPD_D</th> <td>20191223152014</td> </tr></table></center>",Marine Parade,Central Region
EAST COAST PARK AREA D,1.3042740200267715,103.92522216230093,POINT (103.92522216230093 1.3042740200267715),0.0,kml_1,"<center><table><tr><th colspan='2' align='center'><em>Attributes</em></th></tr><tr bgcolor=""#E3E3F3""> <th>PLN_AREA_N</th> <td>BEDOK</td> </tr><tr bgcolor=""""> <th>PLN_AREA_C</th> <td>BD</td> </tr><tr bgcolor=""#E3E3F3""> <th>CA_IND</th> <td>N</td> </tr><tr bgcolor=""""> <th>REGION_N</th> <td>EAST REGION</td> </tr><tr bgcolor=""#E3E3F3""> <th>REGION_C</th> <td>ER</td> </tr><tr bgcolor=""""> <th>INC_CRC</th> <td>5F00E6FF084F3364</td> </tr><tr bgcolor=""#E3E3F3""> <th>FMEL_UPD_D</th> <td>20191223152014</td> </tr></table></center>",Bedok,East Region
EAST COAST PARK AREA E,1.3070449786398983,103.93262756176313,POINT (103.93262756176313 1.3070449786398983),0.0,kml_1,"<center><table><tr><th colspan='2' align='center'><em>Attributes</em></th></tr><tr bgcolor=""#E3E3F3""> <th>PLN_AREA_N</th> <td>BEDOK</td> </tr><tr bgcolor=""""> <th>PLN_AREA_C</th> <td>BD</td> </tr><tr bgcolor=""#E3E3F3""> <th>CA_IND</th> <td>N</td> </tr><tr bgcolor=""""> <th>REGION_N</th> <td>EAST REGION</td> </tr><tr bgcolor=""#E3E3F3""> <th>REGION_C</th> <td>ER</td> </tr><tr bgcolor=""""> <th>INC_CRC</th> <td>5F00E6FF084F3364</td> </tr><tr bgcolor=""#E3E3F3""> <th>FMEL_UPD_D</th> <td>20191223152014</td> </tr></table></center>",Bedok,East Region
EAST COAST PARK AREA F,1.3094728613979874,103.93960025910638,POINT (103.93960025910638 1.3094728613979874),0.0,kml_1,"<center><table><tr><th colspan='2' align='center'><em>Attributes</em></th></tr><tr bgcolor=""#E3E3F3""> <th>PLN_AREA_N</th> <td>BEDOK</td> </tr><tr bgcolor=""""> <th>PLN_AREA_C</th> <td>BD</td> </tr><tr bgcolor=""#E3E3F3""> <th>CA_IND</th> <td>N</td> </tr><tr bgcolor=""""> <th>REGION_N</th> <td>EAST REGION</td> </tr><tr bgcolor=""#E3E3F3""> <th>REGION_C</th> <td>ER</td> </tr><tr bgcolor=""""> <th>INC_CRC</th> <td>5F00E6FF084F3364</td> </tr><tr bgcolor=""#E3E3F3""> <th>FMEL_UPD_D</th> <td>20191223152014</td> </tr></table></center>",Bedok,East Region
EAST COAST PARK AREA G,1.3136017962337767,103.95838226458032,POINT (103.95838226458032 1.3136017962337767),0.0,kml_1,"<center><table><tr><th colspan='2' align='center'><em>Attributes</em></th></tr><tr bgcolor=""#E3E3F3""> <th>PLN_AREA_N</th> <td>BEDOK</td> </tr><tr bgcolor=""""> <th>PLN_AREA_C</th> <td>BD</td> </tr><tr bgcolor=""#E3E3F3""> <th>CA_IND</th> <td>N</td> </tr><tr bgcolor=""""> <th>REGION_N</th> <td>EAST REGION</td> </tr><tr bgcolor=""#E3E3F3""> <th>REGION_C</th> <td>ER</td> </tr><tr bgcolor=""""> <th>INC_CRC</th> <td>5F00E6FF084F3364</td> </tr><tr bgcolor=""#E3E3F3""> <th>FMEL_UPD_D</th> <td>20191223152014</td> </tr></table></center>",Bedok,East Region
EAST COAST PARK AREA H,1.3156703807949146,103.96739962650976,POINT (103.96739962650976 1.3156703807949146),46.0,kml_47,"<center><table><tr><th colspan='2' align='center'><em>Attributes</em></th></tr><tr bgcolor=""#E3E3F3""> <th>PLN_AREA_N</th> <td>TAMPINES</td> </tr><tr bgcolor=""""> <th>PLN_AREA_C</th> <td>TM</td> </tr><tr bgcolor=""#E3E3F3""> <th>CA_IND</th> <td>N</td> </tr><tr bgcolor=""""> <th>REGION_N</th> <td>EAST REGION</td> </tr><tr bgcolor=""#E3E3F3""> <th>REGION_C</th> <td>ER</td> </tr><tr bgcolor=""""> <th>INC_CRC</th> <td>9988953DFA610218</td> </tr><tr bgcolor=""#E3E3F3""> <th>FMEL_UPD_D</th> <td>20191223152014</td> </tr></table></center>",Tampines,East Region
BEDOK TOWN PK,1.3349549871052688,103.92387217567484,POINT (103.92387217567484 1.3349549871052688),0.0,kml_1,"<center><table><tr><th colspan='2' align='center'><em>Attributes</em></th></tr><tr bgcolor=""#E3E3F3""> <th>PLN_AREA_N</th> <td>BEDOK</td> </tr><tr bgcolor=""""> <th>PLN_AREA_C</th> <td>BD</td> </tr><tr bgcolor=""#E3E3F3""> <th>CA_IND</th> <td>N</td> </tr><tr bgcolor=""""> <th>REGION_N</th> <td>EAST REGION</td> </tr><tr bgcolor=""#E3E3F3""> <th>REGION_C</th> <td>ER</td> </tr><tr bgcolor=""""> <th>INC_CRC</th> <td>5F00E6FF084F3364</td> </tr><tr bgcolor=""#E3E3F3""> <th>FMEL_UPD_D</th> <td>20191223152014</td> </tr></table></center>",Bedok,East Region
BEDOK RESERVOIR PK,1.345993325913916,103.9268117020706,POINT (103.9268117020706 1.345993325913916),0.0,kml_1,"<center><table><tr><th colspan='2' align='center'><em>Attributes</em></th></tr><tr bgcolor=""#E3E3F3""> <th>PLN_AREA_N</th> <td>BEDOK</td> </tr><tr bgcolor=""""> <th>PLN_AREA_C</th> <td>BD</td> </tr><tr bgcolor=""#E3E3F3""> <th>CA_IND</th> <td>N</td> </tr><tr bgcolor=""""> <th>REGION_N</th> <td>EAST REGION</td> </tr><tr bgcolor=""#E3E3F3""> <th>REGION_C</th> <td>ER</td> </tr><tr bgcolor=""""> <th>INC_CRC</th> <td>5F00E6FF084F3364</td> </tr><tr bgcolor=""#E3E3F3""> <th>FMEL_UPD_D</th> <td>20191223152014</td> </tr></table></center>",Bedok,East Region
YARROW PARK,1.3154230233745818,103.9215019485704,POINT (103.9215019485704 1.3154230233745818),0.0,kml_1,"<center><table><tr><th colspan='2' align='center'><em>Attributes</em></th></tr><tr bgcolor=""#E3E3F3""> <th>PLN_AREA_N</th> <td>BEDOK</td> </tr><tr bgcolor=""""> <th>PLN_AREA_C</th> <td>BD</td> </tr><tr bgcolor=""#E3E3F3""> <th>CA_IND</th> <td>N</td> </tr><tr bgcolor=""""> <th>REGION_N</th> <td>EAST REGION</td> </tr><tr bgcolor=""#E3E3F3""> <th>REGION_C</th> <td>ER</td> </tr><tr bgcolor=""""> <th>INC_CRC</th> <td>5F00E6FF084F3364</td> </tr><tr bgcolor=""#E3E3F3""> <th>FMEL_UPD_D</th> <td>20191223152014</td> </tr></table></center>",Bedok,East Region
SIGLAP LINEAR PK (UPP EC RD-M PARADE),1.3112841044746677,103.92840651937104,POINT (103.92840651937104 1.3112841044746677),0.0,kml_1,"<center><table><tr><th colspan='2' align='center'><em>Attributes</em></th></tr><tr bgcolor=""#E3E3F3""> <th>PLN_AREA_N</th> <td>BEDOK</td> </tr><tr bgcolor=""""> <th>PLN_AREA_C</th> <td>BD</td> </tr><tr bgcolor=""#E3E3F3""> <th>CA_IND</th> <td>N</td> </tr><tr bgcolor=""""> <th>REGION_N</th> <td>EAST REGION</td> </tr><tr bgcolor=""#E3E3F3""> <th>REGION_C</th> <td>ER</td> </tr><tr bgcolor=""""> <th>INC_CRC</th> <td>5F00E6FF084F3364</td> </tr><tr bgcolor=""#E3E3F3""> <th>FMEL_UPD_D</th> <td>20191223152014</td> </tr></table></center>",Bedok,East Region
TANJONG KATONG RD SOUTH PG,1.3001741105275455,103.89732193154624,POINT (103.89732193154624 1.3001741105275455),38.0,kml_39,"<center><table><tr><th colspan='2' align='center'><em>Attributes</em></th></tr><tr bgcolor=""#E3E3F3""> <th>PLN_AREA_N</th> <td>MARINE PARADE</td> </tr><tr bgcolor=""""> <th>PLN_AREA_C</th> <td>MP</td> </tr><tr bgcolor=""#E3E3F3""> <th>CA_IND</th> <td>N</td> </tr><tr bgcolor=""""> <th>REGION_N</th> <td>CENTRAL REGION</td> </tr><tr bgcolor=""#E3E3F3""> <th>REGION_C</th> <td>CR</td> </tr><tr bgcolor=""""> <th>INC_CRC</th> <td>277A84C803F3A399</td> </tr><tr bgcolor=""#E3E3F3""> <th>FMEL_UPD_D</th> <td>20191223152014</td> </tr></table></center>",Marine Parade,Central Region
JLN BULOH PERINDU PG,1.308482597500017,103.9193844827303,POINT (103.9193844827303 1.308482597500017),0.0,kml_1,"<center><table><tr><th colspan='2' align='center'><em>Attributes</em></th></tr><tr bgcolor=""#E3E3F3""> <th>PLN_AREA_N</th> <td>BEDOK</td> </tr><tr bgcolor=""""> <th>PLN_AREA_C</th> <td>BD</td> </tr><tr bgcolor=""#E3E3F3""> <th>CA_IND</th> <td>N</td> </tr><tr bgcolor=""""> <th>REGION_N</th> <td>EAST REGION</td> </tr><tr bgcolor=""#E3E3F3""> <th>REGION_C</th> <td>ER</td> </tr><tr bgcolor=""""> <th>INC_CRC</th> <td>5F00E6FF084F3364</td> </tr><tr bgcolor=""#E3E3F3""> <th>FMEL_UPD_D</th> <td>20191223152014</td> </tr></table></center>",Bedok,East Region
MEYER RD PG,1.298568516607628,103.89419707868944,POINT (103.89419707868944 1.298568516607628),38.0,kml_39,"<center><table><tr><th colspan='2' align='center'><em>Attributes</em></th></tr><tr bgcolor=""#E3E3F3""> <th>PLN_AREA_N</th> <td>MARINE PARADE</td> </tr><tr bgcolor=""""> <th>PLN_AREA_C</th> <td>MP</td> </tr><tr bgcolor=""#E3E3F3""> <th>CA_IND</th> <td>N</td> </tr><tr bgcolor=""""> <th>REGION_N</th> <td>CENTRAL REGION</td> </tr><tr bgcolor=""#E3E3F3""> <th>REGION_C</th> <td>CR</td> </tr><tr bgcolor=""""> <th>INC_CRC</th> <td>277A84C803F3A399</td> </tr><tr bgcolor=""#E3E3F3""> <th>FMEL_UPD_D</th> <td>20191223152014</td> </tr></table></center>",Marine Parade,Central Region
EAST COAST TERRACE PK,1.310960090654787,103.92380556094116,POINT (103.92380556094116 1.310960090654787),0.0,kml_1,"<center><table><tr><th colspan='2' align='center'><em>Attributes</em></th></tr><tr bgcolor=""#E3E3F3""> <th>PLN_AREA_N</th> <td>BEDOK</td> </tr><tr bgcolor=""""> <th>PLN_AREA_C</th> <td>BD</td> </tr><tr bgcolor=""#E3E3F3""> <th>CA_IND</th> <td>N</td> </tr><tr bgcolor=""""> <th>REGION_N</th> <td>EAST REGION</td> </tr><tr bgcolor=""#E3E3F3""> <th>REGION_C</th> <td>ER</td> </tr><tr bgcolor=""""> <th>INC_CRC</th> <td>5F00E6FF084F3364</td> </tr><tr bgcolor=""#E3E3F3""> <th>FMEL_UPD_D</th> <td>20191223152014</td> </tr></table></center>",Bedok,East Region
TELOK KURAU PK,1.315364761626945,103.91428584740628,POINT (103.91428584740628 1.315364761626945),0.0,kml_1,"<center><table><tr><th colspan='2' align='center'><em>Attributes</em></th></tr><tr bgcolor=""#E3E3F3""> <th>PLN_AREA_N</th> <td>BEDOK</td> </tr><tr bgcolor=""""> <th>PLN_AREA_C</th> <td>BD</td> </tr><tr bgcolor=""#E3E3F3""> <th>CA_IND</th> <td>N</td> </tr><tr bgcolor=""""> <th>REGION_N</th> <td>EAST REGION</td> </tr><tr bgcolor=""#E3E3F3""> <th>REGION_C</th> <td>ER</td> </tr><tr bgcolor=""""> <th>INC_CRC</th> <td>5F00E6FF084F3364</td> </tr><tr bgcolor=""#E3E3F3""> <th>FMEL_UPD_D</th> <td>20191223152014</td> </tr></table></center>",Bedok,East Region
ELITE TERRACE PK,1.315598845207545,103.92430631411794,POINT (103.92430631411794 1.315598845207545),0.0,kml_1,"<center><table><tr><th colspan='2' align='center'><em>Attributes</em></th></tr><tr bgcolor=""#E3E3F3""> <th>PLN_AREA_N</th> <td>BEDOK</td> </tr><tr bgcolor=""""> <th>PLN_AREA_C</th> <td>BD</td> </tr><tr bgcolor=""#E3E3F3""> <th>CA_IND</th> <td>N</td> </tr><tr bgcolor=""""> <th>REGION_N</th> <td>EAST REGION</td> </tr><tr bgcolor=""#E3E3F3""> <th>REGION_C</th> <td>ER</td> </tr><tr bgcolor=""""> <th>INC_CRC</th> <td>5F00E6FF084F3364</td> </tr><tr bgcolor=""#E3E3F3""> <th>FMEL_UPD_D</th> <td>20191223152014</td> </tr></table></center>",Bedok,East Region
SIGLAP LINEAR PK (JLN B'WAN-UPP EC RD),1.3143798428279885,103.92740863602118,POINT (103.92740863602118 1.3143798428279885),0.0,kml_1,"<center><table><tr><th colspan='2' align='center'><em>Attributes</em></th></tr><tr bgcolor=""#E3E3F3""> <th>PLN_AREA_N</th> <td>BEDOK</td> </tr><tr bgcolor=""""> <th>PLN_AREA_C</th> <td>BD</td> </tr><tr bgcolor=""#E3E3F3""> <th>CA_IND</th> <td>N</td> </tr><tr bgcolor=""""> <th>REGION_N</th> <td>EAST REGION</td> </tr><tr bgcolor=""#E3E3F3""> <th>REGION_C</th> <td>ER</td> </tr><tr bgcolor=""""> <th>INC_CRC</th> <td>5F00E6FF084F3364</td> </tr><tr bgcolor=""#E3E3F3""> <th>FMEL_UPD_D</th> <td>20191223152014</td> </tr></table></center>",Bedok,East Region
GEYLANG EAST PK,1.3217717845216927,103.88765907111087,POINT (103.88765907111087 1.3217717845216927),52.0,kml_53,"<center><table><tr><th colspan='2' align='center'><em>Attributes</em></th></tr><tr bgcolor=""#E3E3F3""> <th>PLN_AREA_N</th> <td>GEYLANG</td> </tr><tr bgcolor=""""> <th>PLN_AREA_C</th> <td>GL</td> </tr><tr bgcolor=""#E3E3F3""> <th>CA_IND</th> <td>N</td> </tr><tr bgcolor=""""> <th>REGION_N</th> <td>CENTRAL REGION</td> </tr><tr bgcolor=""#E3E3F3""> <th>REGION_C</th> <td>CR</td> </tr><tr bgcolor=""""> <th>INC_CRC</th> <td>FC8678CF0ED975CA</td> </tr><tr bgcolor=""#E3E3F3""> <th>FMEL_UPD_D</th> <td>20191223152014</td> </tr></table></center>",Geylang,Central Region
GREENFIELD DR PG,1.313035476842194,103.9176563499074,POINT (103.9176563499074 1.313035476842194),0.0,kml_1,"<center><table><tr><th colspan='2' align='center'><em>Attributes</em></th></tr><tr bgcolor=""#E3E3F3""> <th>PLN_AREA_N</th> <td>BEDOK</td> </tr><tr bgcolor=""""> <th>PLN_AREA_C</th> <td>BD</td> </tr><tr bgcolor=""#E3E3F3""> <th>CA_IND</th> <td>N</td> </tr><tr bgcolor=""""> <th>REGION_N</th> <td>EAST REGION</td> </tr><tr bgcolor=""#E3E3F3""> <th>REGION_C</th> <td>ER</td> </tr><tr bgcolor=""""> <th>INC_CRC</th> <td>5F00E6FF084F3364</td> </tr><tr bgcolor=""#E3E3F3""> <th>FMEL_UPD_D</th> <td>20191223152014</td> </tr></table></center>",Bedok,East Region
BANGSAWAN PK,1.3212075676318946,103.9238379455894,POINT (103.9238379455894 1.3212075676318946),0.0,kml_1,"<center><table><tr><th colspan='2' align='center'><em>Attributes</em></th></tr><tr bgcolor=""#E3E3F3""> <th>PLN_AREA_N</th> <td>BEDOK</td> </tr><tr bgcolor=""""> <th>PLN_AREA_C</th> <td>BD</td> </tr><tr bgcolor=""#E3E3F3""> <th>CA_IND</th> <td>N</td> </tr><tr bgcolor=""""> <th>REGION_N</th> <td>EAST REGION</td> </tr><tr bgcolor=""#E3E3F3""> <th>REGION_C</th> <td>ER</td> </tr><tr bgcolor=""""> <th>INC_CRC</th> <td>5F00E6FF084F3364</td> </tr><tr bgcolor=""#E3E3F3""> <th>FMEL_UPD_D</th> <td>20191223152014</td> </tr></table></center>",Bedok,East Region
AIDA PK,1.319379621733533,103.92792692780095,POINT (103.92792692780095 1.319379621733533),0.0,kml_1,"<center><table><tr><th colspan='2' align='center'><em>Attributes</em></th></tr><tr bgcolor=""#E3E3F3""> <th>PLN_AREA_N</th> <td>BEDOK</td> </tr><tr bgcolor=""""> <th>PLN_AREA_C</th> <td>BD</td> </tr><tr bgcolor=""#E3E3F3""> <th>CA_IND</th> <td>N</td> </tr><tr bgcolor=""""> <th>REGION_N</th> <td>EAST REGION</td> </tr><tr bgcolor=""#E3E3F3""> <th>REGION_C</th> <td>ER</td> </tr><tr bgcolor=""""> <th>INC_CRC</th> <td>5F00E6FF084F3364</td> </tr><tr bgcolor=""#E3E3F3""> <th>FMEL_UPD_D</th> <td>20191223152014</td> </tr></table></center>",Bedok,East Region
JLN SENANG PG,1.3290153443376749,103.91556908211406,POINT (103.91556908211406 1.3290153443376749),0.0,kml_1,"<center><table><tr><th colspan='2' align='center'><em>Attributes</em></th></tr><tr bgcolor=""#E3E3F3""> <th>PLN_AREA_N</th> <td>BEDOK</td> </tr><tr bgcolor=""""> <th>PLN_AREA_C</th> <td>BD</td> </tr><tr bgcolor=""#E3E3F3""> <th>CA_IND</th> <td>N</td> </tr><tr bgcolor=""""> <th>REGION_N</th> <td>EAST REGION</td> </tr><tr bgcolor=""#E3E3F3""> <th>REGION_C</th> <td>ER</td> </tr><tr bgcolor=""""> <th>INC_CRC</th> <td>5F00E6FF084F3364</td> </tr><tr bgcolor=""#E3E3F3""> <th>FMEL_UPD_D</th> <td>20191223152014</td> </tr></table></center>",Bedok,East Region
OPERA ESTATE FOOTBALL FIELD,1.3201011447755768,103.9244561275522,POINT (103.9244561275522 1.3201011447755768),0.0,kml_1,"<center><table><tr><th colspan='2' align='center'><em>Attributes</em></th></tr><tr bgcolor=""#E3E3F3""> <th>PLN_AREA_N</th> <td>BEDOK</td> </tr><tr bgcolor=""""> <th>PLN_AREA_C</th> <td>BD</td> </tr><tr bgcolor=""#E3E3F3""> <th>CA_IND</th> <td>N</td> </tr><tr bgcolor=""""> <th>REGION_N</th> <td>EAST REGION</td> </tr><tr bgcolor=""#E3E3F3""> <th>REGION_C</th> <td>ER</td> </tr><tr bgcolor=""""> <th>INC_CRC</th> <td>5F00E6FF084F3364</td> </tr><tr bgcolor=""#E3E3F3""> <th>FMEL_UPD_D</th> <td>20191223152014</td> </tr></table></center>",Bedok,East Region
CARPMAEL PARK,1.3115022361545772,103.89895133769063,POINT (103.89895133769063 1.3115022361545772),52.0,kml_53,"<center><table><tr><th colspan='2' align='center'><em>Attributes</em></th></tr><tr bgcolor=""#E3E3F3""> <th>PLN_AREA_N</th> <td>GEYLANG</td> </tr><tr bgcolor=""""> <th>PLN_AREA_C</th> <td>GL</td> </tr><tr bgcolor=""#E3E3F3""> <th>CA_IND</th> <td>N</td> </tr><tr bgcolor=""""> <th>REGION_N</th> <td>CENTRAL REGION</td> </tr><tr bgcolor=""#E3E3F3""> <th>REGION_C</th> <td>CR</td> </tr><tr bgcolor=""""> <th>INC_CRC</th> <td>FC8678CF0ED975CA</td> </tr><tr bgcolor=""#E3E3F3""> <th>FMEL_UPD_D</th> <td>20191223152014</td> </tr></table></center>",Geylang,Central Region
TAMAN KEMBANGAN PG,1.325003304751308,103.91440219019876,POINT (103.91440219019876 1.325003304751308),0.0,kml_1,"<center><table><tr><th colspan='2' align='center'><em>Attributes</em></th></tr><tr bgcolor=""#E3E3F3""> <th>PLN_AREA_N</th> <td>BEDOK</td> </tr><tr bgcolor=""""> <th>PLN_AREA_C</th> <td>BD</td> </tr><tr bgcolor=""#E3E3F3""> <th>CA_IND</th> <td>N</td> </tr><tr bgcolor=""""> <th>REGION_N</th> <td>EAST REGION</td> </tr><tr bgcolor=""#E3E3F3""> <th>REGION_C</th> <td>ER</td> </tr><tr bgcolor=""""> <th>INC_CRC</th> <td>5F00E6FF084F3364</td> </tr><tr bgcolor=""#E3E3F3""> <th>FMEL_UPD_D</th> <td>20191223152014</td> </tr></table></center>",Bedok,East Region
WARINGIN PK PG,1.3230230142980837,103.91917852870084,POINT (103.91917852870084 1.3230230142980837),0.0,kml_1,"<center><table><tr><th colspan='2' align='center'><em>Attributes</em></th></tr><tr bgcolor=""#E3E3F3""> <th>PLN_AREA_N</th> <td>BEDOK</td> </tr><tr bgcolor=""""> <th>PLN_AREA_C</th> <td>BD</td> </tr><tr bgcolor=""#E3E3F3""> <th>CA_IND</th> <td>N</td> </tr><tr bgcolor=""""> <th>REGION_N</th> <td>EAST REGION</td> </tr><tr bgcolor=""#E3E3F3""> <th>REGION_C</th> <td>ER</td> </tr><tr bgcolor=""""> <th>INC_CRC</th> <td>5F00E6FF084F3364</td> </tr><tr bgcolor=""#E3E3F3""> <th>FMEL_UPD_D</th> <td>20191223152014</td> </tr></table></center>",Bedok,East Region
ARTHUR PK,1.30388822881068,103.88821400899496,POINT (103.88821400899496 1.30388822881068),38.0,kml_39,"<center><table><tr><th colspan='2' align='center'><em>Attributes</em></th></tr><tr bgcolor=""#E3E3F3""> <th>PLN_AREA_N</th> <td>MARINE PARADE</td> </tr><tr bgcolor=""""> <th>PLN_AREA_C</th> <td>MP</td> </tr><tr bgcolor=""#E3E3F3""> <th>CA_IND</th> <td>N</td> </tr><tr bgcolor=""""> <th>REGION_N</th> <td>CENTRAL REGION</td> </tr><tr bgcolor=""#E3E3F3""> <th>REGION_C</th> <td>CR</td> </tr><tr bgcolor=""""> <th>INC_CRC</th> <td>277A84C803F3A399</td> </tr><tr bgcolor=""#E3E3F3""> <th>FMEL_UPD_D</th> <td>20191223152014</td> </tr></table></center>",Marine Parade,Central Region
LORONG 40 GEYLANG PG,1.313633000793319,103.88936940225832,POINT (103.88936940225832 1.313633000793319),52.0,kml_53,"<center><table><tr><th colspan='2' align='center'><em>Attributes</em></th></tr><tr bgcolor=""#E3E3F3""> <th>PLN_AREA_N</th> <td>GEYLANG</td> </tr><tr bgcolor=""""> <th>PLN_AREA_C</th> <td>GL</td> </tr><tr bgcolor=""#E3E3F3""> <th>CA_IND</th> <td>N</td> </tr><tr bgcolor=""""> <th>REGION_N</th> <td>CENTRAL REGION</td> </tr><tr bgcolor=""#E3E3F3""> <th>REGION_C</th> <td>CR</td> </tr><tr bgcolor=""""> <th>INC_CRC</th> <td>FC8678CF0ED975CA</td> </tr><tr bgcolor=""#E3E3F3""> <th>FMEL_UPD_D</th> <td>20191223152014</td> </tr></table></center>",Geylang,Central Region
GUILLEMARD RD OS,1.3145512726897666,103.89239730438597,POINT (103.89239730438597 1.3145512726897666),52.0,kml_53,"<center><table><tr><th colspan='2' align='center'><em>Attributes</em></th></tr><tr bgcolor=""#E3E3F3""> <th>PLN_AREA_N</th> <td>GEYLANG</td> </tr><tr bgcolor=""""> <th>PLN_AREA_C</th> <td>GL</td> </tr><tr bgcolor=""#E3E3F3""> <th>CA_IND</th> <td>N</td> </tr><tr bgcolor=""""> <th>REGION_N</th> <td>CENTRAL REGION</td> </tr><tr bgcolor=""#E3E3F3""> <th>REGION_C</th> <td>CR</td> </tr><tr bgcolor=""""> <th>INC_CRC</th> <td>FC8678CF0ED975CA</td> </tr><tr bgcolor=""#E3E3F3""> <th>FMEL_UPD_D</th> <td>20191223152014</td> </tr></table></center>",Geylang,Central Region
INTERIM PK AT TERANG BULAN AVE,1.3216332972410234,103.9215767962677,POINT (103.9215767962677 1.3216332972410234),0.0,kml_1,"<center><table><tr><th colspan='2' align='center'><em>Attributes</em></th></tr><tr bgcolor=""#E3E3F3""> <th>PLN_AREA_N</th> <td>BEDOK</td> </tr><tr bgcolor=""""> <th>PLN_AREA_C</th> <td>BD</td> </tr><tr bgcolor=""#E3E3F3""> <th>CA_IND</th> <td>N</td> </tr><tr bgcolor=""""> <th>REGION_N</th> <td>EAST REGION</td> </tr><tr bgcolor=""#E3E3F3""> <th>REGION_C</th> <td>ER</td> </tr><tr bgcolor=""""> <th>INC_CRC</th> <td>5F00E6FF084F3364</td> </tr><tr bgcolor=""#E3E3F3""> <th>FMEL_UPD_D</th> <td>20191223152014</td> </tr></table></center>",Bedok,East Region
MT BATTEN RD/OLD AIRPORT RD OS,1.30574055045791,103.88330755751576,POINT (103.88330755751576 1.30574055045791),52.0,kml_53,"<center><table><tr><th colspan='2' align='center'><em>Attributes</em></th></tr><tr bgcolor=""#E3E3F3""> <th>PLN_AREA_N</th> <td>GEYLANG</td> </tr><tr bgcolor=""""> <th>PLN_AREA_C</th> <td>GL</td> </tr><tr bgcolor=""#E3E3F3""> <th>CA_IND</th> <td>N</td> </tr><tr bgcolor=""""> <th>REGION_N</th> <td>CENTRAL REGION</td> </tr><tr bgcolor=""#E3E3F3""> <th>REGION_C</th> <td>CR</td> </tr><tr bgcolor=""""> <th>INC_CRC</th> <td>FC8678CF0ED975CA</td> </tr><tr bgcolor=""#E3E3F3""> <th>FMEL_UPD_D</th> <td>20191223152014</td> </tr></table></center>",Geylang,Central Region
KATONG PK,1.2971665037074374,103.88634784301112,POINT (103.88634784301112 1.2971665037074374),38.0,kml_39,"<center><table><tr><th colspan='2' align='center'><em>Attributes</em></th></tr><tr bgcolor=""#E3E3F3""> <th>PLN_AREA_N</th> <td>MARINE PARADE</td> </tr><tr bgcolor=""""> <th>PLN_AREA_C</th> <td>MP</td> </tr><tr bgcolor=""#E3E3F3""> <th>CA_IND</th> <td>N</td> </tr><tr bgcolor=""""> <th>REGION_N</th> <td>CENTRAL REGION</td> </tr><tr bgcolor=""#E3E3F3""> <th>REGION_C</th> <td>CR</td> </tr><tr bgcolor=""""> <th>INC_CRC</th> <td>277A84C803F3A399</td> </tr><tr bgcolor=""#E3E3F3""> <th>FMEL_UPD_D</th> <td>20191223152014</td> </tr></table></center>",Marine Parade,Central Region
MARINE PARADE RD PK,1.3048983342903429,103.90802872780476,POINT (103.90802872780476 1.3048983342903429),38.0,kml_39,"<center><table><tr><th colspan='2' align='center'><em>Attributes</em></th></tr><tr bgcolor=""#E3E3F3""> <th>PLN_AREA_N</th> <td>MARINE PARADE</td> </tr><tr bgcolor=""""> <th>PLN_AREA_C</th> <td>MP</td> </tr><tr bgcolor=""#E3E3F3""> <th>CA_IND</th> <td>N</td> </tr><tr bgcolor=""""> <th>REGION_N</th> <td>CENTRAL REGION</td> </tr><tr bgcolor=""#E3E3F3""> <th>REGION_C</th> <td>CR</td> </tr><tr bgcolor=""""> <th>INC_CRC</th> <td>277A84C803F3A399</td> </tr><tr bgcolor=""#E3E3F3""> <th>FMEL_UPD_D</th> <td>20191223152014</td> </tr></table></center>",Marine Parade,Central Region
WILKINSON INTERIM PK,1.3016518077516772,103.88731326519634,POINT (103.88731326519634 1.3016518077516772),38.0,kml_39,"<center><table><tr><th colspan='2' align='center'><em>Attributes</em></th></tr><tr bgcolor=""#E3E3F3""> <th>PLN_AREA_N</th> <td>MARINE PARADE</td> </tr><tr bgcolor=""""> <th>PLN_AREA_C</th> <td>MP</td> </tr><tr bgcolor=""#E3E3F3""> <th>CA_IND</th> <td>N</td> </tr><tr bgcolor=""""> <th>REGION_N</th> <td>CENTRAL REGION</td> </tr><tr bgcolor=""#E3E3F3""> <th>REGION_C</th> <td>CR</td> </tr><tr bgcolor=""""> <th>INC_CRC</th> <td>277A84C803F3A399</td> </tr><tr bgcolor=""#E3E3F3""> <th>FMEL_UPD_D</th> <td>20191223152014</td> </tr></table></center>",Marine Parade,Central Region
HAIG WALK (GEYLANG RD-DUNMAN RD),1.306519322047545,103.90074024162854,POINT (103.90074024162854 1.306519322047545),38.0,kml_39,"<center><table><tr><th colspan='2' align='center'><em>Attributes</em></th></tr><tr bgcolor=""#E3E3F3""> <th>PLN_AREA_N</th> <td>MARINE PARADE</td> </tr><tr bgcolor=""""> <th>PLN_AREA_C</th> <td>MP</td> </tr><tr bgcolor=""#E3E3F3""> <th>CA_IND</th> <td>N</td> </tr><tr bgcolor=""""> <th>REGION_N</th> <td>CENTRAL REGION</td> </tr><tr bgcolor=""#E3E3F3""> <th>REGION_C</th> <td>CR</td> </tr><tr bgcolor=""""> <th>INC_CRC</th> <td>277A84C803F3A399</td> </tr><tr bgcolor=""#E3E3F3""> <th>FMEL_UPD_D</th> <td>20191223152014</td> </tr></table></center>",Marine Parade,Central Region
JOO CHIAT TERRACE PK,1.3144083767581638,103.90169892988682,POINT (103.90169892988682 1.3144083767581638),52.0,kml_53,"<center><table><tr><th colspan='2' align='center'><em>Attributes</em></th></tr><tr bgcolor=""#E3E3F3""> <th>PLN_AREA_N</th> <td>GEYLANG</td> </tr><tr bgcolor=""""> <th>PLN_AREA_C</th> <td>GL</td> </tr><tr bgcolor=""#E3E3F3""> <th>CA_IND</th> <td>N</td> </tr><tr bgcolor=""""> <th>REGION_N</th> <td>CENTRAL REGION</td> </tr><tr bgcolor=""#E3E3F3""> <th>REGION_C</th> <td>CR</td> </tr><tr bgcolor=""""> <th>INC_CRC</th> <td>FC8678CF0ED975CA</td> </tr><tr bgcolor=""#E3E3F3""> <th>FMEL_UPD_D</th> <td>20191223152014</td> </tr></table></center>",Geylang,Central Region
LORONG SARINA INTERIM PK,1.320143721936378,103.90608246484211,POINT (103.90608246484211 1.320143721936378),0.0,kml_1,"<center><table><tr><th colspan='2' align='center'><em>Attributes</em></th></tr><tr bgcolor=""#E3E3F3""> <th>PLN_AREA_N</th> <td>BEDOK</td> </tr><tr bgcolor=""""> <th>PLN_AREA_C</th> <td>BD</td> </tr><tr bgcolor=""#E3E3F3""> <th>CA_IND</th> <td>N</td> </tr><tr bgcolor=""""> <th>REGION_N</th> <td>EAST REGION</td> </tr><tr bgcolor=""#E3E3F3""> <th>REGION_C</th> <td>ER</td> </tr><tr bgcolor=""""> <th>INC_CRC</th> <td>5F00E6FF084F3364</td> </tr><tr bgcolor=""#E3E3F3""> <th>FMEL_UPD_D</th> <td>20191223152014</td> </tr></table></center>",Bedok,East Region
JLN ISMAIL PK,1.323199026136176,103.9058590154343,POINT (103.9058590154343 1.323199026136176),0.0,kml_1,"<center><table><tr><th colspan='2' align='center'><em>Attributes</em></th></tr><tr bgcolor=""#E3E3F3""> <th>PLN_AREA_N</th> <td>BEDOK</td> </tr><tr bgcolor=""""> <th>PLN_AREA_C</th> <td>BD</td> </tr><tr bgcolor=""#E3E3F3""> <th>CA_IND</th> <td>N</td> </tr><tr bgcolor=""""> <th>REGION_N</th> <td>EAST REGION</td> </tr><tr bgcolor=""#E3E3F3""> <th>REGION_C</th> <td>ER</td> </tr><tr bgcolor=""""> <th>INC_CRC</th> <td>5F00E6FF084F3364</td> </tr><tr bgcolor=""#E3E3F3""> <th>FMEL_UPD_D</th> <td>20191223152014</td> </tr></table></center>",Bedok,East Region
PASIR RIS PK,1.378684204466107,103.95217308419336,POINT (103.95217308419336 1.378684204466107),13.0,kml_14,"<center><table><tr><th colspan='2' align='center'><em>Attributes</em></th></tr><tr bgcolor=""#E3E3F3""> <th>PLN_AREA_N</th> <td>PASIR RIS</td> </tr><tr bgcolor=""""> <th>PLN_AREA_C</th> <td>PR</td> </tr><tr bgcolor=""#E3E3F3""> <th>CA_IND</th> <td>N</td> </tr><tr bgcolor=""""> <th>REGION_N</th> <td>EAST REGION</td> </tr><tr bgcolor=""#E3E3F3""> <th>REGION_C</th> <td>ER</td> </tr><tr bgcolor=""""> <th>INC_CRC</th> <td>B375AD2AA1E8E3DB</td> </tr><tr bgcolor=""#E3E3F3""> <th>FMEL_UPD_D</th> <td>20191223152014</td> </tr></table></center>",Pasir Ris,East Region
PASIR RIS TOWN PK,1.3716892154609006,103.95240633384716,POINT (103.95240633384716 1.3716892154609006),13.0,kml_14,"<center><table><tr><th colspan='2' align='center'><em>Attributes</em></th></tr><tr bgcolor=""#E3E3F3""> <th>PLN_AREA_N</th> <td>PASIR RIS</td> </tr><tr bgcolor=""""> <th>PLN_AREA_C</th> <td>PR</td> </tr><tr bgcolor=""#E3E3F3""> <th>CA_IND</th> <td>N</td> </tr><tr bgcolor=""""> <th>REGION_N</th> <td>EAST REGION</td> </tr><tr bgcolor=""#E3E3F3""> <th>REGION_C</th> <td>ER</td> </tr><tr bgcolor=""""> <th>INC_CRC</th> <td>B375AD2AA1E8E3DB</td> </tr><tr bgcolor=""#E3E3F3""> <th>FMEL_UPD_D</th> <td>20191223152014</td> </tr></table></center>",Pasir Ris,East Region
SUN PLAZA PK,1.358555426020648,103.94344045133047,POINT (103.94344045133047 1.358555426020648),46.0,kml_47,"<center><table><tr><th colspan='2' align='center'><em>Attributes</em></th></tr><tr bgcolor=""#E3E3F3""> <th>PLN_AREA_N</th> <td>TAMPINES</td> </tr><tr bgcolor=""""> <th>PLN_AREA_C</th> <td>TM</td> </tr><tr bgcolor=""#E3E3F3""> <th>CA_IND</th> <td>N</td> </tr><tr bgcolor=""""> <th>REGION_N</th> <td>EAST REGION</td> </tr><tr bgcolor=""#E3E3F3""> <th>REGION_C</th> <td>ER</td> </tr><tr bgcolor=""""> <th>INC_CRC</th> <td>9988953DFA610218</td> </tr><tr bgcolor=""#E3E3F3""> <th>FMEL_UPD_D</th> <td>20191223152014</td> </tr></table></center>",Tampines,East Region
SG API API PK,1.378883969790186,103.94600303665656,POINT (103.94600303665656 1.378883969790186),13.0,kml_14,"<center><table><tr><th colspan='2' align='center'><em>Attributes</em></th></tr><tr bgcolor=""#E3E3F3""> <th>PLN_AREA_N</th> <td>PASIR RIS</td> </tr><tr bgcolor=""""> <th>PLN_AREA_C</th> <td>PR</td> </tr><tr bgcolor=""#E3E3F3""> <th>CA_IND</th> <td>N</td> </tr><tr bgcolor=""""> <th>REGION_N</th> <td>EAST REGION</td> </tr><tr bgcolor=""#E3E3F3""> <th>REGION_C</th> <td>ER</td> </tr><tr bgcolor=""""> <th>INC_CRC</th> <td>B375AD2AA1E8E3DB</td> </tr><tr bgcolor=""#E3E3F3""> <th>FMEL_UPD_D</th> <td>20191223152014</td> </tr></table></center>",Pasir Ris,East Region
ELIAS TERRACE PG,1.3722284299777547,103.94108425200558,POINT (103.94108425200558 1.3722284299777547),13.0,kml_14,"<center><table><tr><th colspan='2' align='center'><em>Attributes</em></th></tr><tr bgcolor=""#E3E3F3""> <th>PLN_AREA_N</th> <td>PASIR RIS</td> </tr><tr bgcolor=""""> <th>PLN_AREA_C</th> <td>PR</td> </tr><tr bgcolor=""#E3E3F3""> <th>CA_IND</th> <td>N</td> </tr><tr bgcolor=""""> <th>REGION_N</th> <td>EAST REGION</td> </tr><tr bgcolor=""#E3E3F3""> <th>REGION_C</th> <td>ER</td> </tr><tr bgcolor=""""> <th>INC_CRC</th> <td>B375AD2AA1E8E3DB</td> </tr><tr bgcolor=""#E3E3F3""> <th>FMEL_UPD_D</th> <td>20191223152014</td> </tr></table></center>",Pasir Ris,East Region
HORTPARK,1.2790779706631137,103.79805321601928,POINT (103.79805321601928 1.2790779706631137),16.0,kml_17,"<center><table><tr><th colspan='2' align='center'><em>Attributes</em></th></tr><tr bgcolor=""#E3E3F3""> <th>PLN_AREA_N</th> <td>QUEENSTOWN</td> </tr><tr bgcolor=""""> <th>PLN_AREA_C</th> <td>QT</td> </tr><tr bgcolor=""#E3E3F3""> <th>CA_IND</th> <td>N</td> </tr><tr bgcolor=""""> <th>REGION_N</th> <td>CENTRAL REGION</td> </tr><tr bgcolor=""#E3E3F3""> <th>REGION_C</th> <td>CR</td> </tr><tr bgcolor=""""> <th>INC_CRC</th> <td>C0170DF008A88671</td> </tr><tr bgcolor=""#E3E3F3""> <th>FMEL_UPD_D</th> <td>20191223152014</td> </tr></table></center>",Queenstown,Central Region
PASIR PANJANG NURSERY,1.281589774272301,103.79387132126212,POINT (103.79387132126212 1.281589774272301),16.0,kml_17,"<center><table><tr><th colspan='2' align='center'><em>Attributes</em></th></tr><tr bgcolor=""#E3E3F3""> <th>PLN_AREA_N</th> <td>QUEENSTOWN</td> </tr><tr bgcolor=""""> <th>PLN_AREA_C</th> <td>QT</td> </tr><tr bgcolor=""#E3E3F3""> <th>CA_IND</th> <td>N</td> </tr><tr bgcolor=""""> <th>REGION_N</th> <td>CENTRAL REGION</td> </tr><tr bgcolor=""#E3E3F3""> <th>REGION_C</th> <td>CR</td> </tr><tr bgcolor=""""> <th>INC_CRC</th> <td>C0170DF008A88671</td> </tr><tr bgcolor=""#E3E3F3""> <th>FMEL_UPD_D</th> <td>20191223152014</td> </tr></table></center>",Queenstown,Central Region
NATIVE PLANT CENTRE,1.417275032313983,103.72747774076976,POINT (103.72747774076976 1.417275032313983),22.0,kml_23,"<center><table><tr><th colspan='2' align='center'><em>Attributes</em></th></tr><tr bgcolor=""#E3E3F3""> <th>PLN_AREA_N</th> <td>LIM CHU KANG</td> </tr><tr bgcolor=""""> <th>PLN_AREA_C</th> <td>LK</td> </tr><tr bgcolor=""#E3E3F3""> <th>CA_IND</th> <td>N</td> </tr><tr bgcolor=""""> <th>REGION_N</th> <td>NORTH REGION</td> </tr><tr bgcolor=""#E3E3F3""> <th>REGION_C</th> <td>NR</td> </tr><tr bgcolor=""""> <th>INC_CRC</th> <td>3C3E4E49D63013AD</td> </tr><tr bgcolor=""#E3E3F3""> <th>FMEL_UPD_D</th> <td>20191223152014</td> </tr></table></center>",Lim Chu Kang,North Region
PEK KIO PARK,1.3160787636454023,103.84921504660436,POINT (103.84921504660436 1.3160787636454023),21.0,kml_22,"<center><table><tr><th colspan='2' align='center'><em>Attributes</em></th></tr><tr bgcolor=""#E3E3F3""> <th>PLN_AREA_N</th> <td>KALLANG</td> </tr><tr bgcolor=""""> <th>PLN_AREA_C</th> <td>KL</td> </tr><tr bgcolor=""#E3E3F3""> <th>CA_IND</th> <td>N</td> </tr><tr bgcolor=""""> <th>REGION_N</th> <td>CENTRAL REGION</td> </tr><tr bgcolor=""#E3E3F3""> <th>REGION_C</th> <td>CR</td> </tr><tr bgcolor=""""> <th>INC_CRC</th> <td>8805C45D2F327F92</td> </tr><tr bgcolor=""#E3E3F3""> <th>FMEL_UPD_D</th> <td>20191223152014</td> </tr></table></center>",Kallang,Central Region
ANG MO KIO TOWN GARDEN EAST,1.3705710218874323,103.85028589165374,POINT (103.85028589165374 1.3705710218874323),51.0,kml_52,"<center><table><tr><th colspan='2' align='center'><em>Attributes</em></th></tr><tr bgcolor=""#E3E3F3""> <th>PLN_AREA_N</th> <td>ANG MO KIO</td> </tr><tr bgcolor=""""> <th>PLN_AREA_C</th> <td>AM</td> </tr><tr bgcolor=""#E3E3F3""> <th>CA_IND</th> <td>N</td> </tr><tr bgcolor=""""> <th>REGION_N</th> <td>NORTH-EAST REGION</td> </tr><tr bgcolor=""#E3E3F3""> <th>REGION_C</th> <td>NER</td> </tr><tr bgcolor=""""> <th>INC_CRC</th> <td>88DAC92AEAF47E93</td> </tr><tr bgcolor=""#E3E3F3""> <th>FMEL_UPD_D</th> <td>20191223152014</td> </tr></table></center>",Ang Mo Kio,North-East Region
ANG MO KIO TOWN GARDEN WEST,1.3745094714262072,103.8427395942111,POINT (103.8427395942111 1.3745094714262072),51.0,kml_52,"<center><table><tr><th colspan='2' align='center'><em>Attributes</em></th></tr><tr bgcolor=""#E3E3F3""> <th>PLN_AREA_N</th> <td>ANG MO KIO</td> </tr><tr bgcolor=""""> <th>PLN_AREA_C</th> <td>AM</td> </tr><tr bgcolor=""#E3E3F3""> <th>CA_IND</th> <td>N</td> </tr><tr bgcolor=""""> <th>REGION_N</th> <td>NORTH-EAST REGION</td> </tr><tr bgcolor=""#E3E3F3""> <th>REGION_C</th> <td>NER</td> </tr><tr bgcolor=""""> <th>INC_CRC</th> <td>88DAC92AEAF47E93</td> </tr><tr bgcolor=""#E3E3F3""> <th>FMEL_UPD_D</th> <td>20191223152014</td> </tr></table></center>",Ang Mo Kio,North-East Region
BISHAN-ANG MO KIO PARK (POND GARDENS),1.365206898591455,103.83640855422084,POINT (103.83640855422084 1.365206898591455),50.0,kml_51,"<center><table><tr><th colspan='2' align='center'><em>Attributes</em></th></tr><tr bgcolor=""#E3E3F3""> <th>PLN_AREA_N</th> <td>BISHAN</td> </tr><tr bgcolor=""""> <th>PLN_AREA_C</th> <td>BS</td> </tr><tr bgcolor=""#E3E3F3""> <th>CA_IND</th> <td>N</td> </tr><tr bgcolor=""""> <th>REGION_N</th> <td>CENTRAL REGION</td> </tr><tr bgcolor=""#E3E3F3""> <th>REGION_C</th> <td>CR</td> </tr><tr bgcolor=""""> <th>INC_CRC</th> <td>741583155DB92ACF</td> </tr><tr bgcolor=""#E3E3F3""> <th>FMEL_UPD_D</th> <td>20191223152014</td> </tr></table></center>",Bishan,Central Region
BISHAN-ANG MO KIO PARK (RIVER PLAINS),1.3605206612391525,103.84886679994813,POINT (103.84886679994813 1.3605206612391525),50.0,kml_51,"<center><table><tr><th colspan='2' align='center'><em>Attributes</em></th></tr><tr bgcolor=""#E3E3F3""> <th>PLN_AREA_N</th> <td>BISHAN</td> </tr><tr bgcolor=""""> <th>PLN_AREA_C</th> <td>BS</td> </tr><tr bgcolor=""#E3E3F3""> <th>CA_IND</th> <td>N</td> </tr><tr bgcolor=""""> <th>REGION_N</th> <td>CENTRAL REGION</td> </tr><tr bgcolor=""#E3E3F3""> <th>REGION_C</th> <td>CR</td> </tr><tr bgcolor=""""> <th>INC_CRC</th> <td>741583155DB92ACF</td> </tr><tr bgcolor=""#E3E3F3""> <th>FMEL_UPD_D</th> <td>20191223152014</td> </tr></table></center>",Bishan,Central Region
CHUAN GREEN PG,1.3604796821887382,103.86600839566016,POINT (103.86600839566016 1.3604796821887382),20.0,kml_21,"<center><table><tr><th colspan='2' align='center'><em>Attributes</em></th></tr><tr bgcolor=""#E3E3F3""> <th>PLN_AREA_N</th> <td>SERANGOON</td> </tr><tr bgcolor=""""> <th>PLN_AREA_C</th> <td>SG</td> </tr><tr bgcolor=""#E3E3F3""> <th>CA_IND</th> <td>N</td> </tr><tr bgcolor=""""> <th>REGION_N</th> <td>NORTH-EAST REGION</td> </tr><tr bgcolor=""#E3E3F3""> <th>REGION_C</th> <td>NER</td> </tr><tr bgcolor=""""> <th>INC_CRC</th> <td>17813E1F4CEBB72E</td> </tr><tr bgcolor=""#E3E3F3""> <th>FMEL_UPD_D</th> <td>20191223152014</td> </tr></table></center>",Serangoon,North-East Region
ST. NICHOLAS VIEW PLAYGROUND,1.371626440943886,103.83278502528952,POINT (103.83278502528952 1.371626440943886),51.0,kml_52,"<center><table><tr><th colspan='2' align='center'><em>Attributes</em></th></tr><tr bgcolor=""#E3E3F3""> <th>PLN_AREA_N</th> <td>ANG MO KIO</td> </tr><tr bgcolor=""""> <th>PLN_AREA_C</th> <td>AM</td> </tr><tr bgcolor=""#E3E3F3""> <th>CA_IND</th> <td>N</td> </tr><tr bgcolor=""""> <th>REGION_N</th> <td>NORTH-EAST REGION</td> </tr><tr bgcolor=""#E3E3F3""> <th>REGION_C</th> <td>NER</td> </tr><tr bgcolor=""""> <th>INC_CRC</th> <td>88DAC92AEAF47E93</td> </tr><tr bgcolor=""#E3E3F3""> <th>FMEL_UPD_D</th> <td>20191223152014</td> </tr></table></center>",Ang Mo Kio,North-East Region
ELLINGTON SQUARE PLAYGROUND,1.372002308967111,103.8345303604276,POINT (103.8345303604276 1.372002308967111),51.0,kml_52,"<center><table><tr><th colspan='2' align='center'><em>Attributes</em></th></tr><tr bgcolor=""#E3E3F3""> <th>PLN_AREA_N</th> <td>ANG MO KIO</td> </tr><tr bgcolor=""""> <th>PLN_AREA_C</th> <td>AM</td> </tr><tr bgcolor=""#E3E3F3""> <th>CA_IND</th> <td>N</td> </tr><tr bgcolor=""""> <th>REGION_N</th> <td>NORTH-EAST REGION</td> </tr><tr bgcolor=""#E3E3F3""> <th>REGION_C</th> <td>NER</td> </tr><tr bgcolor=""""> <th>INC_CRC</th> <td>88DAC92AEAF47E93</td> </tr><tr bgcolor=""#E3E3F3""> <th>FMEL_UPD_D</th> <td>20191223152014</td> </tr></table></center>",Ang Mo Kio,North-East Region
GELENGGANG PARK,1.3734758941034848,103.82983449183553,POINT (103.82983449183553 1.3734758941034848),51.0,kml_52,"<center><table><tr><th colspan='2' align='center'><em>Attributes</em></th></tr><tr bgcolor=""#E3E3F3""> <th>PLN_AREA_N</th> <td>ANG MO KIO</td> </tr><tr bgcolor=""""> <th>PLN_AREA_C</th> <td>AM</td> </tr><tr bgcolor=""#E3E3F3""> <th>CA_IND</th> <td>N</td> </tr><tr bgcolor=""""> <th>REGION_N</th> <td>NORTH-EAST REGION</td> </tr><tr bgcolor=""#E3E3F3""> <th>REGION_C</th> <td>NER</td> </tr><tr bgcolor=""""> <th>INC_CRC</th> <td>88DAC92AEAF47E93</td> </tr><tr bgcolor=""#E3E3F3""> <th>FMEL_UPD_D</th> <td>20191223152014</td> </tr></table></center>",Ang Mo Kio,North-East Region
LEBAN PARK,1.3724595958171455,103.82929233400442,POINT (103.82929233400442 1.3724595958171455),51.0,kml_52,"<center><table><tr><th colspan='2' align='center'><em>Attributes</em></th></tr><tr bgcolor=""#E3E3F3""> <th>PLN_AREA_N</th> <td>ANG MO KIO</td> </tr><tr bgcolor=""""> <th>PLN_AREA_C</th> <td>AM</td> </tr><tr bgcolor=""#E3E3F3""> <th>CA_IND</th> <td>N</td> </tr><tr bgcolor=""""> <th>REGION_N</th> <td>NORTH-EAST REGION</td> </tr><tr bgcolor=""#E3E3F3""> <th>REGION_C</th> <td>NER</td> </tr><tr bgcolor=""""> <th>INC_CRC</th> <td>88DAC92AEAF47E93</td> </tr><tr bgcolor=""#E3E3F3""> <th>FMEL_UPD_D</th> <td>20191223152014</td> </tr></table></center>",Ang Mo Kio,North-East Region
MAYFLOWER CRESCENT PG,1.3727323067423003,103.83952885224149,POINT (103.83952885224149 1.3727323067423003),51.0,kml_52,"<center><table><tr><th colspan='2' align='center'><em>Attributes</em></th></tr><tr bgcolor=""#E3E3F3""> <th>PLN_AREA_N</th> <td>ANG MO KIO</td> </tr><tr bgcolor=""""> <th>PLN_AREA_C</th> <td>AM</td> </tr><tr bgcolor=""#E3E3F3""> <th>CA_IND</th> <td>N</td> </tr><tr bgcolor=""""> <th>REGION_N</th> <td>NORTH-EAST REGION</td> </tr><tr bgcolor=""#E3E3F3""> <th>REGION_C</th> <td>NER</td> </tr><tr bgcolor=""""> <th>INC_CRC</th> <td>88DAC92AEAF47E93</td> </tr><tr bgcolor=""#E3E3F3""> <th>FMEL_UPD_D</th> <td>20191223152014</td> </tr></table></center>",Ang Mo Kio,North-East Region
SERENADE WALK PG,1.3799210099648818,103.83455966687733,POINT (103.83455966687733 1.3799210099648818),51.0,kml_52,"<center><table><tr><th colspan='2' align='center'><em>Attributes</em></th></tr><tr bgcolor=""#E3E3F3""> <th>PLN_AREA_N</th> <td>ANG MO KIO</td> </tr><tr bgcolor=""""> <th>PLN_AREA_C</th> <td>AM</td> </tr><tr bgcolor=""#E3E3F3""> <th>CA_IND</th> <td>N</td> </tr><tr bgcolor=""""> <th>REGION_N</th> <td>NORTH-EAST REGION</td> </tr><tr bgcolor=""#E3E3F3""> <th>REGION_C</th> <td>NER</td> </tr><tr bgcolor=""""> <th>INC_CRC</th> <td>88DAC92AEAF47E93</td> </tr><tr bgcolor=""#E3E3F3""> <th>FMEL_UPD_D</th> <td>20191223152014</td> </tr></table></center>",Ang Mo Kio,North-East Region
SHANGRI-LA PLAYGROUND,1.3710206044793614,103.83239200313676,POINT (103.83239200313676 1.3710206044793614),51.0,kml_52,"<center><table><tr><th colspan='2' align='center'><em>Attributes</em></th></tr><tr bgcolor=""#E3E3F3""> <th>PLN_AREA_N</th> <td>ANG MO KIO</td> </tr><tr bgcolor=""""> <th>PLN_AREA_C</th> <td>AM</td> </tr><tr bgcolor=""#E3E3F3""> <th>CA_IND</th> <td>N</td> </tr><tr bgcolor=""""> <th>REGION_N</th> <td>NORTH-EAST REGION</td> </tr><tr bgcolor=""#E3E3F3""> <th>REGION_C</th> <td>NER</td> </tr><tr bgcolor=""""> <th>INC_CRC</th> <td>88DAC92AEAF47E93</td> </tr><tr bgcolor=""#E3E3F3""> <th>FMEL_UPD_D</th> <td>20191223152014</td> </tr></table></center>",Ang Mo Kio,North-East Region
SUNRISE CLOSE PG,1.3870117216117048,103.85750994675662,POINT (103.85750994675662 1.3870117216117048),51.0,kml_52,"<center><table><tr><th colspan='2' align='center'><em>Attributes</em></th></tr><tr bgcolor=""#E3E3F3""> <th>PLN_AREA_N</th> <td>ANG MO KIO</td> </tr><tr bgcolor=""""> <th>PLN_AREA_C</th> <td>AM</td> </tr><tr bgcolor=""#E3E3F3""> <th>CA_IND</th> <td>N</td> </tr><tr bgcolor=""""> <th>REGION_N</th> <td>NORTH-EAST REGION</td> </tr><tr bgcolor=""#E3E3F3""> <th>REGION_C</th> <td>NER</td> </tr><tr bgcolor=""""> <th>INC_CRC</th> <td>88DAC92AEAF47E93</td> </tr><tr bgcolor=""#E3E3F3""> <th>FMEL_UPD_D</th> <td>20191223152014</td> </tr></table></center>",Ang Mo Kio,North-East Region
SUNRISE DR PG I,1.3883057124857408,103.85736958326424,POINT (103.85736958326424 1.3883057124857408),51.0,kml_52,"<center><table><tr><th colspan='2' align='center'><em>Attributes</em></th></tr><tr bgcolor=""#E3E3F3""> <th>PLN_AREA_N</th> <td>ANG MO KIO</td> </tr><tr bgcolor=""""> <th>PLN_AREA_C</th> <td>AM</td> </tr><tr bgcolor=""#E3E3F3""> <th>CA_IND</th> <td>N</td> </tr><tr bgcolor=""""> <th>REGION_N</th> <td>NORTH-EAST REGION</td> </tr><tr bgcolor=""#E3E3F3""> <th>REGION_C</th> <td>NER</td> </tr><tr bgcolor=""""> <th>INC_CRC</th> <td>88DAC92AEAF47E93</td> </tr><tr bgcolor=""#E3E3F3""> <th>FMEL_UPD_D</th> <td>20191223152014</td> </tr></table></center>",Ang Mo Kio,North-East Region
SUNRISE PLACE PG,1.386942603910854,103.85660014074122,POINT (103.85660014074122 1.386942603910854),51.0,kml_52,"<center><table><tr><th colspan='2' align='center'><em>Attributes</em></th></tr><tr bgcolor=""#E3E3F3""> <th>PLN_AREA_N</th> <td>ANG MO KIO</td> </tr><tr bgcolor=""""> <th>PLN_AREA_C</th> <td>AM</td> </tr><tr bgcolor=""#E3E3F3""> <th>CA_IND</th> <td>N</td> </tr><tr bgcolor=""""> <th>REGION_N</th> <td>NORTH-EAST REGION</td> </tr><tr bgcolor=""#E3E3F3""> <th>REGION_C</th> <td>NER</td> </tr><tr bgcolor=""""> <th>INC_CRC</th> <td>88DAC92AEAF47E93</td> </tr><tr bgcolor=""#E3E3F3""> <th>FMEL_UPD_D</th> <td>20191223152014</td> </tr></table></center>",Ang Mo Kio,North-East Region
SUNRISE WAY PG,1.387674298772381,103.85668008439828,POINT (103.85668008439828 1.387674298772381),51.0,kml_52,"<center><table><tr><th colspan='2' align='center'><em>Attributes</em></th></tr><tr bgcolor=""#E3E3F3""> <th>PLN_AREA_N</th> <td>ANG MO KIO</td> </tr><tr bgcolor=""""> <th>PLN_AREA_C</th> <td>AM</td> </tr><tr bgcolor=""#E3E3F3""> <th>CA_IND</th> <td>N</td> </tr><tr bgcolor=""""> <th>REGION_N</th> <td>NORTH-EAST REGION</td> </tr><tr bgcolor=""#E3E3F3""> <th>REGION_C</th> <td>NER</td> </tr><tr bgcolor=""""> <th>INC_CRC</th> <td>88DAC92AEAF47E93</td> </tr><tr bgcolor=""#E3E3F3""> <th>FMEL_UPD_D</th> <td>20191223152014</td> </tr></table></center>",Ang Mo Kio,North-East Region
TEACHER`S ESTATE PG,1.3819922656658334,103.82919950234891,POINT (103.82919950234891 1.3819922656658334),51.0,kml_52,"<center><table><tr><th colspan='2' align='center'><em>Attributes</em></th></tr><tr bgcolor=""#E3E3F3""> <th>PLN_AREA_N</th> <td>ANG MO KIO</td> </tr><tr bgcolor=""""> <th>PLN_AREA_C</th> <td>AM</td> </tr><tr bgcolor=""#E3E3F3""> <th>CA_IND</th> <td>N</td> </tr><tr bgcolor=""""> <th>REGION_N</th> <td>NORTH-EAST REGION</td> </tr><tr bgcolor=""#E3E3F3""> <th>REGION_C</th> <td>NER</td> </tr><tr bgcolor=""""> <th>INC_CRC</th> <td>88DAC92AEAF47E93</td> </tr><tr bgcolor=""#E3E3F3""> <th>FMEL_UPD_D</th> <td>20191223152014</td> </tr></table></center>",Ang Mo Kio,North-East Region
THOMSON GREEN PG,1.3786921826899312,103.83262325345856,POINT (103.83262325345856 1.3786921826899312),51.0,kml_52,"<center><table><tr><th colspan='2' align='center'><em>Attributes</em></th></tr><tr bgcolor=""#E3E3F3""> <th>PLN_AREA_N</th> <td>ANG MO KIO</td> </tr><tr bgcolor=""""> <th>PLN_AREA_C</th> <td>AM</td> </tr><tr bgcolor=""#E3E3F3""> <th>CA_IND</th> <td>N</td> </tr><tr bgcolor=""""> <th>REGION_N</th> <td>NORTH-EAST REGION</td> </tr><tr bgcolor=""#E3E3F3""> <th>REGION_C</th> <td>NER</td> </tr><tr bgcolor=""""> <th>INC_CRC</th> <td>88DAC92AEAF47E93</td> </tr><tr bgcolor=""#E3E3F3""> <th>FMEL_UPD_D</th> <td>20191223152014</td> </tr></table></center>",Ang Mo Kio,North-East Region
THOMSON WALK PG,1.3760005695093724,103.83248564324283,POINT (103.83248564324283 1.3760005695093724),51.0,kml_52,"<center><table><tr><th colspan='2' align='center'><em>Attributes</em></th></tr><tr bgcolor=""#E3E3F3""> <th>PLN_AREA_N</th> <td>ANG MO KIO</td> </tr><tr bgcolor=""""> <th>PLN_AREA_C</th> <td>AM</td> </tr><tr bgcolor=""#E3E3F3""> <th>CA_IND</th> <td>N</td> </tr><tr bgcolor=""""> <th>REGION_N</th> <td>NORTH-EAST REGION</td> </tr><tr bgcolor=""#E3E3F3""> <th>REGION_C</th> <td>NER</td> </tr><tr bgcolor=""""> <th>INC_CRC</th> <td>88DAC92AEAF47E93</td> </tr><tr bgcolor=""#E3E3F3""> <th>FMEL_UPD_D</th> <td>20191223152014</td> </tr></table></center>",Ang Mo Kio,North-East Region
YIO CHU KANG GARDENS PG,1.3806810614421143,103.83748739794768,POINT (103.83748739794768 1.3806810614421143),51.0,kml_52,"<center><table><tr><th colspan='2' align='center'><em>Attributes</em></th></tr><tr bgcolor=""#E3E3F3""> <th>PLN_AREA_N</th> <td>ANG MO KIO</td> </tr><tr bgcolor=""""> <th>PLN_AREA_C</th> <td>AM</td> </tr><tr bgcolor=""#E3E3F3""> <th>CA_IND</th> <td>N</td> </tr><tr bgcolor=""""> <th>REGION_N</th> <td>NORTH-EAST REGION</td> </tr><tr bgcolor=""#E3E3F3""> <th>REGION_C</th> <td>NER</td> </tr><tr bgcolor=""""> <th>INC_CRC</th> <td>88DAC92AEAF47E93</td> </tr><tr bgcolor=""#E3E3F3""> <th>FMEL_UPD_D</th> <td>20191223152014</td> </tr></table></center>",Ang Mo Kio,North-East Region
SUNRISE TERRACE OS,1.3882473907685913,103.85611706221468,POINT (103.85611706221468 1.3882473907685913),51.0,kml_52,"<center><table><tr><th colspan='2' align='center'><em>Attributes</em></th></tr><tr bgcolor=""#E3E3F3""> <th>PLN_AREA_N</th> <td>ANG MO KIO</td> </tr><tr bgcolor=""""> <th>PLN_AREA_C</th> <td>AM</td> </tr><tr bgcolor=""#E3E3F3""> <th>CA_IND</th> <td>N</td> </tr><tr bgcolor=""""> <th>REGION_N</th> <td>NORTH-EAST REGION</td> </tr><tr bgcolor=""#E3E3F3""> <th>REGION_C</th> <td>NER</td> </tr><tr bgcolor=""""> <th>INC_CRC</th> <td>88DAC92AEAF47E93</td> </tr><tr bgcolor=""#E3E3F3""> <th>FMEL_UPD_D</th> <td>20191223152014</td> </tr></table></center>",Ang Mo Kio,North-East Region
CACTUS RD PG,1.3901090514350167,103.8522364751832,POINT (103.8522364751832 1.3901090514350167),51.0,kml_52,"<center><table><tr><th colspan='2' align='center'><em>Attributes</em></th></tr><tr bgcolor=""#E3E3F3""> <th>PLN_AREA_N</th> <td>ANG MO KIO</td> </tr><tr bgcolor=""""> <th>PLN_AREA_C</th> <td>AM</td> </tr><tr bgcolor=""#E3E3F3""> <th>CA_IND</th> <td>N</td> </tr><tr bgcolor=""""> <th>REGION_N</th> <td>NORTH-EAST REGION</td> </tr><tr bgcolor=""#E3E3F3""> <th>REGION_C</th> <td>NER</td> </tr><tr bgcolor=""""> <th>INC_CRC</th> <td>88DAC92AEAF47E93</td> </tr><tr bgcolor=""#E3E3F3""> <th>FMEL_UPD_D</th> <td>20191223152014</td> </tr></table></center>",Ang Mo Kio,North-East Region
SUNRISE DR PG II,1.3903014178121826,103.85525165964457,POINT (103.85525165964457 1.3903014178121826),51.0,kml_52,"<center><table><tr><th colspan='2' align='center'><em>Attributes</em></th></tr><tr bgcolor=""#E3E3F3""> <th>PLN_AREA_N</th> <td>ANG MO KIO</td> </tr><tr bgcolor=""""> <th>PLN_AREA_C</th> <td>AM</td> </tr><tr bgcolor=""#E3E3F3""> <th>CA_IND</th> <td>N</td> </tr><tr bgcolor=""""> <th>REGION_N</th> <td>NORTH-EAST REGION</td> </tr><tr bgcolor=""#E3E3F3""> <th>REGION_C</th> <td>NER</td> </tr><tr bgcolor=""""> <th>INC_CRC</th> <td>88DAC92AEAF47E93</td> </tr><tr bgcolor=""#E3E3F3""> <th>FMEL_UPD_D</th> <td>20191223152014</td> </tr></table></center>",Ang Mo Kio,North-East Region
CHARTWELL DR PK,1.359630704066999,103.86387162020544,POINT (103.86387162020544 1.359630704066999),20.0,kml_21,"<center><table><tr><th colspan='2' align='center'><em>Attributes</em></th></tr><tr bgcolor=""#E3E3F3""> <th>PLN_AREA_N</th> <td>SERANGOON</td> </tr><tr bgcolor=""""> <th>PLN_AREA_C</th> <td>SG</td> </tr><tr bgcolor=""#E3E3F3""> <th>CA_IND</th> <td>N</td> </tr><tr bgcolor=""""> <th>REGION_N</th> <td>NORTH-EAST REGION</td> </tr><tr bgcolor=""#E3E3F3""> <th>REGION_C</th> <td>NER</td> </tr><tr bgcolor=""""> <th>INC_CRC</th> <td>17813E1F4CEBB72E</td> </tr><tr bgcolor=""#E3E3F3""> <th>FMEL_UPD_D</th> <td>20191223152014</td> </tr></table></center>",Serangoon,North-East Region
GARDEN VIEW PG,1.360424882312599,103.8656694375827,POINT (103.8656694375827 1.360424882312599),20.0,kml_21,"<center><table><tr><th colspan='2' align='center'><em>Attributes</em></th></tr><tr bgcolor=""#E3E3F3""> <th>PLN_AREA_N</th> <td>SERANGOON</td> </tr><tr bgcolor=""""> <th>PLN_AREA_C</th> <td>SG</td> </tr><tr bgcolor=""#E3E3F3""> <th>CA_IND</th> <td>N</td> </tr><tr bgcolor=""""> <th>REGION_N</th> <td>NORTH-EAST REGION</td> </tr><tr bgcolor=""#E3E3F3""> <th>REGION_C</th> <td>NER</td> </tr><tr bgcolor=""""> <th>INC_CRC</th> <td>17813E1F4CEBB72E</td> </tr><tr bgcolor=""#E3E3F3""> <th>FMEL_UPD_D</th> <td>20191223152014</td> </tr></table></center>",Serangoon,North-East Region
JLN RIANG PG,1.347142606318519,103.8673953575574,POINT (103.8673953575574 1.347142606318519),20.0,kml_21,"<center><table><tr><th colspan='2' align='center'><em>Attributes</em></th></tr><tr bgcolor=""#E3E3F3""> <th>PLN_AREA_N</th> <td>SERANGOON</td> </tr><tr bgcolor=""""> <th>PLN_AREA_C</th> <td>SG</td> </tr><tr bgcolor=""#E3E3F3""> <th>CA_IND</th> <td>N</td> </tr><tr bgcolor=""""> <th>REGION_N</th> <td>NORTH-EAST REGION</td> </tr><tr bgcolor=""#E3E3F3""> <th>REGION_C</th> <td>NER</td> </tr><tr bgcolor=""""> <th>INC_CRC</th> <td>17813E1F4CEBB72E</td> </tr><tr bgcolor=""#E3E3F3""> <th>FMEL_UPD_D</th> <td>20191223152014</td> </tr></table></center>",Serangoon,North-East Region
MEI HWAN CRESCENT PG,1.3527669553311927,103.8617432585592,POINT (103.8617432585592 1.3527669553311927),20.0,kml_21,"<center><table><tr><th colspan='2' align='center'><em>Attributes</em></th></tr><tr bgcolor=""#E3E3F3""> <th>PLN_AREA_N</th> <td>SERANGOON</td> </tr><tr bgcolor=""""> <th>PLN_AREA_C</th> <td>SG</td> </tr><tr bgcolor=""#E3E3F3""> <th>CA_IND</th> <td>N</td> </tr><tr bgcolor=""""> <th>REGION_N</th> <td>NORTH-EAST REGION</td> </tr><tr bgcolor=""#E3E3F3""> <th>REGION_C</th> <td>NER</td> </tr><tr bgcolor=""""> <th>INC_CRC</th> <td>17813E1F4CEBB72E</td> </tr><tr bgcolor=""#E3E3F3""> <th>FMEL_UPD_D</th> <td>20191223152014</td> </tr></table></center>",Serangoon,North-East Region
MEI HWAN DR PG,1.3533500946535582,103.86347279914048,POINT (103.86347279914048 1.3533500946535582),20.0,kml_21,"<center><table><tr><th colspan='2' align='center'><em>Attributes</em></th></tr><tr bgcolor=""#E3E3F3""> <th>PLN_AREA_N</th> <td>SERANGOON</td> </tr><tr bgcolor=""""> <th>PLN_AREA_C</th> <td>SG</td> </tr><tr bgcolor=""#E3E3F3""> <th>CA_IND</th> <td>N</td> </tr><tr bgcolor=""""> <th>REGION_N</th> <td>NORTH-EAST REGION</td> </tr><tr bgcolor=""#E3E3F3""> <th>REGION_C</th> <td>NER</td> </tr><tr bgcolor=""""> <th>INC_CRC</th> <td>17813E1F4CEBB72E</td> </tr><tr bgcolor=""#E3E3F3""> <th>FMEL_UPD_D</th> <td>20191223152014</td> </tr></table></center>",Serangoon,North-East Region
TAI HWAN TERRACE PG,1.356445511239319,103.8603394027534,POINT (103.8603394027534 1.356445511239319),20.0,kml_21,"<center><table><tr><th colspan='2' align='center'><em>Attributes</em></th></tr><tr bgcolor=""#E3E3F3""> <th>PLN_AREA_N</th> <td>SERANGOON</td> </tr><tr bgcolor=""""> <th>PLN_AREA_C</th> <td>SG</td> </tr><tr bgcolor=""#E3E3F3""> <th>CA_IND</th> <td>N</td> </tr><tr bgcolor=""""> <th>REGION_N</th> <td>NORTH-EAST REGION</td> </tr><tr bgcolor=""#E3E3F3""> <th>REGION_C</th> <td>NER</td> </tr><tr bgcolor=""""> <th>INC_CRC</th> <td>17813E1F4CEBB72E</td> </tr><tr bgcolor=""#E3E3F3""> <th>FMEL_UPD_D</th> <td>20191223152014</td> </tr></table></center>",Serangoon,North-East Region
TAVISTOCK AVE PK,1.3702072455001193,103.86535828554187,POINT (103.86535828554187 1.3702072455001193),20.0,kml_21,"<center><table><tr><th colspan='2' align='center'><em>Attributes</em></th></tr><tr bgcolor=""#E3E3F3""> <th>PLN_AREA_N</th> <td>SERANGOON</td> </tr><tr bgcolor=""""> <th>PLN_AREA_C</th> <td>SG</td> </tr><tr bgcolor=""#E3E3F3""> <th>CA_IND</th> <td>N</td> </tr><tr bgcolor=""""> <th>REGION_N</th> <td>NORTH-EAST REGION</td> </tr><tr bgcolor=""#E3E3F3""> <th>REGION_C</th> <td>NER</td> </tr><tr bgcolor=""""> <th>INC_CRC</th> <td>17813E1F4CEBB72E</td> </tr><tr bgcolor=""#E3E3F3""> <th>FMEL_UPD_D</th> <td>20191223152014</td> </tr></table></center>",Serangoon,North-East Region
CHUAN WALK PG,1.357221760934428,103.86755286023556,POINT (103.86755286023556 1.357221760934428),20.0,kml_21,"<center><table><tr><th colspan='2' align='center'><em>Attributes</em></th></tr><tr bgcolor=""#E3E3F3""> <th>PLN_AREA_N</th> <td>SERANGOON</td> </tr><tr bgcolor=""""> <th>PLN_AREA_C</th> <td>SG</td> </tr><tr bgcolor=""#E3E3F3""> <th>CA_IND</th> <td>N</td> </tr><tr bgcolor=""""> <th>REGION_N</th> <td>NORTH-EAST REGION</td> </tr><tr bgcolor=""#E3E3F3""> <th>REGION_C</th> <td>NER</td> </tr><tr bgcolor=""""> <th>INC_CRC</th> <td>17813E1F4CEBB72E</td> </tr><tr bgcolor=""#E3E3F3""> <th>FMEL_UPD_D</th> <td>20191223152014</td> </tr></table></center>",Serangoon,North-East Region
COLCHESTER GROVE OS,1.35758477322631,103.86745449486286,POINT (103.86745449486286 1.35758477322631),20.0,kml_21,"<center><table><tr><th colspan='2' align='center'><em>Attributes</em></th></tr><tr bgcolor=""#E3E3F3""> <th>PLN_AREA_N</th> <td>SERANGOON</td> </tr><tr bgcolor=""""> <th>PLN_AREA_C</th> <td>SG</td> </tr><tr bgcolor=""#E3E3F3""> <th>CA_IND</th> <td>N</td> </tr><tr bgcolor=""""> <th>REGION_N</th> <td>NORTH-EAST REGION</td> </tr><tr bgcolor=""#E3E3F3""> <th>REGION_C</th> <td>NER</td> </tr><tr bgcolor=""""> <th>INC_CRC</th> <td>17813E1F4CEBB72E</td> </tr><tr bgcolor=""#E3E3F3""> <th>FMEL_UPD_D</th> <td>20191223152014</td> </tr></table></center>",Serangoon,North-East Region
BINCHANG RISE PG,1.3486736465484723,103.84354841240868,POINT (103.84354841240868 1.3486736465484723),50.0,kml_51,"<center><table><tr><th colspan='2' align='center'><em>Attributes</em></th></tr><tr bgcolor=""#E3E3F3""> <th>PLN_AREA_N</th> <td>BISHAN</td> </tr><tr bgcolor=""""> <th>PLN_AREA_C</th> <td>BS</td> </tr><tr bgcolor=""#E3E3F3""> <th>CA_IND</th> <td>N</td> </tr><tr bgcolor=""""> <th>REGION_N</th> <td>CENTRAL REGION</td> </tr><tr bgcolor=""#E3E3F3""> <th>REGION_C</th> <td>CR</td> </tr><tr bgcolor=""""> <th>INC_CRC</th> <td>741583155DB92ACF</td> </tr><tr bgcolor=""#E3E3F3""> <th>FMEL_UPD_D</th> <td>20191223152014</td> </tr></table></center>",Bishan,Central Region
THOMSON PK,1.354291095873925,103.83436394111058,POINT (103.83436394111058 1.354291095873925),50.0,kml_51,"<center><table><tr><th colspan='2' align='center'><em>Attributes</em></th></tr><tr bgcolor=""#E3E3F3""> <th>PLN_AREA_N</th> <td>BISHAN</td> </tr><tr bgcolor=""""> <th>PLN_AREA_C</th> <td>BS</td> </tr><tr bgcolor=""#E3E3F3""> <th>CA_IND</th> <td>N</td> </tr><tr bgcolor=""""> <th>REGION_N</th> <td>CENTRAL REGION</td> </tr><tr bgcolor=""#E3E3F3""> <th>REGION_C</th> <td>CR</td> </tr><tr bgcolor=""""> <th>INC_CRC</th> <td>741583155DB92ACF</td> </tr><tr bgcolor=""#E3E3F3""> <th>FMEL_UPD_D</th> <td>20191223152014</td> </tr></table></center>",Bishan,Central Region
CLOVER WAY PG,1.35017711807616,103.84602143139854,POINT (103.84602143139854 1.35017711807616),50.0,kml_51,"<center><table><tr><th colspan='2' align='center'><em>Attributes</em></th></tr><tr bgcolor=""#E3E3F3""> <th>PLN_AREA_N</th> <td>BISHAN</td> </tr><tr bgcolor=""""> <th>PLN_AREA_C</th> <td>BS</td> </tr><tr bgcolor=""#E3E3F3""> <th>CA_IND</th> <td>N</td> </tr><tr bgcolor=""""> <th>REGION_N</th> <td>CENTRAL REGION</td> </tr><tr bgcolor=""#E3E3F3""> <th>REGION_C</th> <td>CR</td> </tr><tr bgcolor=""""> <th>INC_CRC</th> <td>741583155DB92ACF</td> </tr><tr bgcolor=""#E3E3F3""> <th>FMEL_UPD_D</th> <td>20191223152014</td> </tr></table></center>",Bishan,Central Region
FULTON AVE PG,1.3621074576917207,103.83352102521286,POINT (103.83352102521286 1.3621074576917207),50.0,kml_51,"<center><table><tr><th colspan='2' align='center'><em>Attributes</em></th></tr><tr bgcolor=""#E3E3F3""> <th>PLN_AREA_N</th> <td>BISHAN</td> </tr><tr bgcolor=""""> <th>PLN_AREA_C</th> <td>BS</td> </tr><tr bgcolor=""#E3E3F3""> <th>CA_IND</th> <td>N</td> </tr><tr bgcolor=""""> <th>REGION_N</th> <td>CENTRAL REGION</td> </tr><tr bgcolor=""#E3E3F3""> <th>REGION_C</th> <td>CR</td> </tr><tr bgcolor=""""> <th>INC_CRC</th> <td>741583155DB92ACF</td> </tr><tr bgcolor=""#E3E3F3""> <th>FMEL_UPD_D</th> <td>20191223152014</td> </tr></table></center>",Bishan,Central Region
ISLAND GDNS WALK PG,1.3619988729063952,103.82843911048238,POINT (103.82843911048238 1.3619988729063952),50.0,kml_51,"<center><table><tr><th colspan='2' align='center'><em>Attributes</em></th></tr><tr bgcolor=""#E3E3F3""> <th>PLN_AREA_N</th> <td>BISHAN</td> </tr><tr bgcolor=""""> <th>PLN_AREA_C</th> <td>BS</td> </tr><tr bgcolor=""#E3E3F3""> <th>CA_IND</th> <td>N</td> </tr><tr bgcolor=""""> <th>REGION_N</th> <td>CENTRAL REGION</td> </tr><tr bgcolor=""#E3E3F3""> <th>REGION_C</th> <td>CR</td> </tr><tr bgcolor=""""> <th>INC_CRC</th> <td>741583155DB92ACF</td> </tr><tr bgcolor=""#E3E3F3""> <th>FMEL_UPD_D</th> <td>20191223152014</td> </tr></table></center>",Bishan,Central Region
JLN PINTAU PG,1.3539456694819354,103.83997321893165,POINT (103.83997321893165 1.3539456694819354),50.0,kml_51,"<center><table><tr><th colspan='2' align='center'><em>Attributes</em></th></tr><tr bgcolor=""#E3E3F3""> <th>PLN_AREA_N</th> <td>BISHAN</td> </tr><tr bgcolor=""""> <th>PLN_AREA_C</th> <td>BS</td> </tr><tr bgcolor=""#E3E3F3""> <th>CA_IND</th> <td>N</td> </tr><tr bgcolor=""""> <th>REGION_N</th> <td>CENTRAL REGION</td> </tr><tr bgcolor=""#E3E3F3""> <th>REGION_C</th> <td>CR</td> </tr><tr bgcolor=""""> <th>INC_CRC</th> <td>741583155DB92ACF</td> </tr><tr bgcolor=""#E3E3F3""> <th>FMEL_UPD_D</th> <td>20191223152014</td> </tr></table></center>",Bishan,Central Region
JUPITER PLAYGROUND,1.3582711671757906,103.8251367708756,POINT (103.8251367708756 1.3582711671757906),50.0,kml_51,"<center><table><tr><th colspan='2' align='center'><em>Attributes</em></th></tr><tr bgcolor=""#E3E3F3""> <th>PLN_AREA_N</th> <td>BISHAN</td> </tr><tr bgcolor=""""> <th>PLN_AREA_C</th> <td>BS</td> </tr><tr bgcolor=""#E3E3F3""> <th>CA_IND</th> <td>N</td> </tr><tr bgcolor=""""> <th>REGION_N</th> <td>CENTRAL REGION</td> </tr><tr bgcolor=""#E3E3F3""> <th>REGION_C</th> <td>CR</td> </tr><tr bgcolor=""""> <th>INC_CRC</th> <td>741583155DB92ACF</td> </tr><tr bgcolor=""#E3E3F3""> <th>FMEL_UPD_D</th> <td>20191223152014</td> </tr></table></center>",Bishan,Central Region
PEMIMPIN PLACE PG,1.353369937451072,103.8427195604123,POINT (103.8427195604123 1.353369937451072),50.0,kml_51,"<center><table><tr><th colspan='2' align='center'><em>Attributes</em></th></tr><tr bgcolor=""#E3E3F3""> <th>PLN_AREA_N</th> <td>BISHAN</td> </tr><tr bgcolor=""""> <th>PLN_AREA_C</th> <td>BS</td> </tr><tr bgcolor=""#E3E3F3""> <th>CA_IND</th> <td>N</td> </tr><tr bgcolor=""""> <th>REGION_N</th> <td>CENTRAL REGION</td> </tr><tr bgcolor=""#E3E3F3""> <th>REGION_C</th> <td>CR</td> </tr><tr bgcolor=""""> <th>INC_CRC</th> <td>741583155DB92ACF</td> </tr><tr bgcolor=""#E3E3F3""> <th>FMEL_UPD_D</th> <td>20191223152014</td> </tr></table></center>",Bishan,Central Region
SOO CHOW WALK PG,1.3536471358303632,103.83202835279197,POINT (103.83202835279197 1.3536471358303632),50.0,kml_51,"<center><table><tr><th colspan='2' align='center'><em>Attributes</em></th></tr><tr bgcolor=""#E3E3F3""> <th>PLN_AREA_N</th> <td>BISHAN</td> </tr><tr bgcolor=""""> <th>PLN_AREA_C</th> <td>BS</td> </tr><tr bgcolor=""#E3E3F3""> <th>CA_IND</th> <td>N</td> </tr><tr bgcolor=""""> <th>REGION_N</th> <td>CENTRAL REGION</td> </tr><tr bgcolor=""#E3E3F3""> <th>REGION_C</th> <td>CR</td> </tr><tr bgcolor=""""> <th>INC_CRC</th> <td>741583155DB92ACF</td> </tr><tr bgcolor=""#E3E3F3""> <th>FMEL_UPD_D</th> <td>20191223152014</td> </tr></table></center>",Bishan,Central Region
CLOVER CRESCENT PG,1.351048150254165,103.84457614791424,POINT (103.84457614791424 1.351048150254165),50.0,kml_51,"<center><table><tr><th colspan='2' align='center'><em>Attributes</em></th></tr><tr bgcolor=""#E3E3F3""> <th>PLN_AREA_N</th> <td>BISHAN</td> </tr><tr bgcolor=""""> <th>PLN_AREA_C</th> <td>BS</td> </tr><tr bgcolor=""#E3E3F3""> <th>CA_IND</th> <td>N</td> </tr><tr bgcolor=""""> <th>REGION_N</th> <td>CENTRAL REGION</td> </tr><tr bgcolor=""#E3E3F3""> <th>REGION_C</th> <td>CR</td> </tr><tr bgcolor=""""> <th>INC_CRC</th> <td>741583155DB92ACF</td> </tr><tr bgcolor=""#E3E3F3""> <th>FMEL_UPD_D</th> <td>20191223152014</td> </tr></table></center>",Bishan,Central Region
THE INGLEWOOD PG,1.3610744597440587,103.8300516835762,POINT (103.8300516835762 1.3610744597440587),50.0,kml_51,"<center><table><tr><th colspan='2' align='center'><em>Attributes</em></th></tr><tr bgcolor=""#E3E3F3""> <th>PLN_AREA_N</th> <td>BISHAN</td> </tr><tr bgcolor=""""> <th>PLN_AREA_C</th> <td>BS</td> </tr><tr bgcolor=""#E3E3F3""> <th>CA_IND</th> <td>N</td> </tr><tr bgcolor=""""> <th>REGION_N</th> <td>CENTRAL REGION</td> </tr><tr bgcolor=""#E3E3F3""> <th>REGION_C</th> <td>CR</td> </tr><tr bgcolor=""""> <th>INC_CRC</th> <td>741583155DB92ACF</td> </tr><tr bgcolor=""#E3E3F3""> <th>FMEL_UPD_D</th> <td>20191223152014</td> </tr></table></center>",Bishan,Central Region
CARMICHAEL RD PG,1.342681439241684,103.86300718141766,POINT (103.86300718141766 1.342681439241684),28.0,kml_29,"<center><table><tr><th colspan='2' align='center'><em>Attributes</em></th></tr><tr bgcolor=""#E3E3F3""> <th>PLN_AREA_N</th> <td>TOA PAYOH</td> </tr><tr bgcolor=""""> <th>PLN_AREA_C</th> <td>TP</td> </tr><tr bgcolor=""#E3E3F3""> <th>CA_IND</th> <td>N</td> </tr><tr bgcolor=""""> <th>REGION_N</th> <td>CENTRAL REGION</td> </tr><tr bgcolor=""#E3E3F3""> <th>REGION_C</th> <td>CR</td> </tr><tr bgcolor=""""> <th>INC_CRC</th> <td>85DD6CFD19B09A35</td> </tr><tr bgcolor=""#E3E3F3""> <th>FMEL_UPD_D</th> <td>20191223152014</td> </tr></table></center>",Toa Payoh,Central Region
TAMAN PERMATA PK,1.3500656010895002,103.83498979568336,POINT (103.83498979568336 1.3500656010895002),50.0,kml_51,"<center><table><tr><th colspan='2' align='center'><em>Attributes</em></th></tr><tr bgcolor=""#E3E3F3""> <th>PLN_AREA_N</th> <td>BISHAN</td> </tr><tr bgcolor=""""> <th>PLN_AREA_C</th> <td>BS</td> </tr><tr bgcolor=""#E3E3F3""> <th>CA_IND</th> <td>N</td> </tr><tr bgcolor=""""> <th>REGION_N</th> <td>CENTRAL REGION</td> </tr><tr bgcolor=""#E3E3F3""> <th>REGION_C</th> <td>CR</td> </tr><tr bgcolor=""""> <th>INC_CRC</th> <td>741583155DB92ACF</td> </tr><tr bgcolor=""#E3E3F3""> <th>FMEL_UPD_D</th> <td>20191223152014</td> </tr></table></center>",Bishan,Central Region
CHUAN LANE PARK,1.3517560673798326,103.85808296065588,POINT (103.85808296065588 1.3517560673798326),20.0,kml_21,"<center><table><tr><th colspan='2' align='center'><em>Attributes</em></th></tr><tr bgcolor=""#E3E3F3""> <th>PLN_AREA_N</th> <td>SERANGOON</td> </tr><tr bgcolor=""""> <th>PLN_AREA_C</th> <td>SG</td> </tr><tr bgcolor=""#E3E3F3""> <th>CA_IND</th> <td>N</td> </tr><tr bgcolor=""""> <th>REGION_N</th> <td>NORTH-EAST REGION</td> </tr><tr bgcolor=""#E3E3F3""> <th>REGION_C</th> <td>NER</td> </tr><tr bgcolor=""""> <th>INC_CRC</th> <td>17813E1F4CEBB72E</td> </tr><tr bgcolor=""#E3E3F3""> <th>FMEL_UPD_D</th> <td>20191223152014</td> </tr></table></center>",Serangoon,North-East Region
PUNGGOL PK,1.376937578338443,103.89864411031115,POINT (103.89864411031115 1.376937578338443),10.0,kml_11,"<center><table><tr><th colspan='2' align='center'><em>Attributes</em></th></tr><tr bgcolor=""#E3E3F3""> <th>PLN_AREA_N</th> <td>HOUGANG</td> </tr><tr bgcolor=""""> <th>PLN_AREA_C</th> <td>HG</td> </tr><tr bgcolor=""#E3E3F3""> <th>CA_IND</th> <td>N</td> </tr><tr bgcolor=""""> <th>REGION_N</th> <td>NORTH-EAST REGION</td> </tr><tr bgcolor=""#E3E3F3""> <th>REGION_C</th> <td>NER</td> </tr><tr bgcolor=""""> <th>INC_CRC</th> <td>F84184E6D4F3B1DD</td> </tr><tr bgcolor=""#E3E3F3""> <th>FMEL_UPD_D</th> <td>20191223152014</td> </tr></table></center>",Hougang,North-East Region
CONEY ISLAND PARK,1.4094585525108143,103.92150970647592,POINT (103.92150970647592 1.4094585525108143),15.0,kml_16,"<center><table><tr><th colspan='2' align='center'><em>Attributes</em></th></tr><tr bgcolor=""#E3E3F3""> <th>PLN_AREA_N</th> <td>PUNGGOL</td> </tr><tr bgcolor=""""> <th>PLN_AREA_C</th> <td>PG</td> </tr><tr bgcolor=""#E3E3F3""> <th>CA_IND</th> <td>N</td> </tr><tr bgcolor=""""> <th>REGION_N</th> <td>NORTH-EAST REGION</td> </tr><tr bgcolor=""#E3E3F3""> <th>REGION_C</th> <td>NER</td> </tr><tr bgcolor=""""> <th>INC_CRC</th> <td>DA6BAAC88FE4D2B4</td> </tr><tr bgcolor=""#E3E3F3""> <th>FMEL_UPD_D</th> <td>20191223152014</td> </tr></table></center>",Punggol,North-East Region
ALJUNIED PK,1.3291384360598753,103.87996253232023,POINT (103.87996253232023 1.3291384360598753),52.0,kml_53,"<center><table><tr><th colspan='2' align='center'><em>Attributes</em></th></tr><tr bgcolor=""#E3E3F3""> <th>PLN_AREA_N</th> <td>GEYLANG</td> </tr><tr bgcolor=""""> <th>PLN_AREA_C</th> <td>GL</td> </tr><tr bgcolor=""#E3E3F3""> <th>CA_IND</th> <td>N</td> </tr><tr bgcolor=""""> <th>REGION_N</th> <td>CENTRAL REGION</td> </tr><tr bgcolor=""#E3E3F3""> <th>REGION_C</th> <td>CR</td> </tr><tr bgcolor=""""> <th>INC_CRC</th> <td>FC8678CF0ED975CA</td> </tr><tr bgcolor=""#E3E3F3""> <th>FMEL_UPD_D</th> <td>20191223152014</td> </tr></table></center>",Geylang,Central Region
SURIN AVE NEIGHBOURHOOD PK,1.35557644498448,103.884085617674,POINT (103.884085617674 1.35557644498448),10.0,kml_11,"<center><table><tr><th colspan='2' align='center'><em>Attributes</em></th></tr><tr bgcolor=""#E3E3F3""> <th>PLN_AREA_N</th> <td>HOUGANG</td> </tr><tr bgcolor=""""> <th>PLN_AREA_C</th> <td>HG</td> </tr><tr bgcolor=""#E3E3F3""> <th>CA_IND</th> <td>N</td> </tr><tr bgcolor=""""> <th>REGION_N</th> <td>NORTH-EAST REGION</td> </tr><tr bgcolor=""#E3E3F3""> <th>REGION_C</th> <td>NER</td> </tr><tr bgcolor=""""> <th>INC_CRC</th> <td>F84184E6D4F3B1DD</td> </tr><tr bgcolor=""#E3E3F3""> <th>FMEL_UPD_D</th> <td>20191223152014</td> </tr></table></center>",Hougang,North-East Region
TAI KENG GARDENS PG,1.3461705316929746,103.88505458283812,POINT (103.88505458283812 1.3461705316929746),10.0,kml_11,"<center><table><tr><th colspan='2' align='center'><em>Attributes</em></th></tr><tr bgcolor=""#E3E3F3""> <th>PLN_AREA_N</th> <td>HOUGANG</td> </tr><tr bgcolor=""""> <th>PLN_AREA_C</th> <td>HG</td> </tr><tr bgcolor=""#E3E3F3""> <th>CA_IND</th> <td>N</td> </tr><tr bgcolor=""""> <th>REGION_N</th> <td>NORTH-EAST REGION</td> </tr><tr bgcolor=""#E3E3F3""> <th>REGION_C</th> <td>NER</td> </tr><tr bgcolor=""""> <th>INC_CRC</th> <td>F84184E6D4F3B1DD</td> </tr><tr bgcolor=""#E3E3F3""> <th>FMEL_UPD_D</th> <td>20191223152014</td> </tr></table></center>",Hougang,North-East Region
PAYA LEBAR CRESCENT OS,1.3489666098728343,103.8835687297887,POINT (103.8835687297887 1.3489666098728343),10.0,kml_11,"<center><table><tr><th colspan='2' align='center'><em>Attributes</em></th></tr><tr bgcolor=""#E3E3F3""> <th>PLN_AREA_N</th> <td>HOUGANG</td> </tr><tr bgcolor=""""> <th>PLN_AREA_C</th> <td>HG</td> </tr><tr bgcolor=""#E3E3F3""> <th>CA_IND</th> <td>N</td> </tr><tr bgcolor=""""> <th>REGION_N</th> <td>NORTH-EAST REGION</td> </tr><tr bgcolor=""#E3E3F3""> <th>REGION_C</th> <td>NER</td> </tr><tr bgcolor=""""> <th>INC_CRC</th> <td>F84184E6D4F3B1DD</td> </tr><tr bgcolor=""#E3E3F3""> <th>FMEL_UPD_D</th> <td>20191223152014</td> </tr></table></center>",Hougang,North-East Region
THRIFT DR OS,1.3438865600041416,103.88324732394916,POINT (103.88324732394916 1.3438865600041416),10.0,kml_11,"<center><table><tr><th colspan='2' align='center'><em>Attributes</em></th></tr><tr bgcolor=""#E3E3F3""> <th>PLN_AREA_N</th> <td>HOUGANG</td> </tr><tr bgcolor=""""> <th>PLN_AREA_C</th> <td>HG</td> </tr><tr bgcolor=""#E3E3F3""> <th>CA_IND</th> <td>N</td> </tr><tr bgcolor=""""> <th>REGION_N</th> <td>NORTH-EAST REGION</td> </tr><tr bgcolor=""#E3E3F3""> <th>REGION_C</th> <td>NER</td> </tr><tr bgcolor=""""> <th>INC_CRC</th> <td>F84184E6D4F3B1DD</td> </tr><tr bgcolor=""#E3E3F3""> <th>FMEL_UPD_D</th> <td>20191223152014</td> </tr></table></center>",Hougang,North-East Region
AROOZOO AVE PG,1.3551968667416656,103.88595627294951,POINT (103.88595627294951 1.3551968667416656),10.0,kml_11,"<center><table><tr><th colspan='2' align='center'><em>Attributes</em></th></tr><tr bgcolor=""#E3E3F3""> <th>PLN_AREA_N</th> <td>HOUGANG</td> </tr><tr bgcolor=""""> <th>PLN_AREA_C</th> <td>HG</td> </tr><tr bgcolor=""#E3E3F3""> <th>CA_IND</th> <td>N</td> </tr><tr bgcolor=""""> <th>REGION_N</th> <td>NORTH-EAST REGION</td> </tr><tr bgcolor=""#E3E3F3""> <th>REGION_C</th> <td>NER</td> </tr><tr bgcolor=""""> <th>INC_CRC</th> <td>F84184E6D4F3B1DD</td> </tr><tr bgcolor=""#E3E3F3""> <th>FMEL_UPD_D</th> <td>20191223152014</td> </tr></table></center>",Hougang,North-East Region
TAI KENG PLACE PG,1.345041324620566,103.88484078064656,POINT (103.88484078064656 1.345041324620566),10.0,kml_11,"<center><table><tr><th colspan='2' align='center'><em>Attributes</em></th></tr><tr bgcolor=""#E3E3F3""> <th>PLN_AREA_N</th> <td>HOUGANG</td> </tr><tr bgcolor=""""> <th>PLN_AREA_C</th> <td>HG</td> </tr><tr bgcolor=""#E3E3F3""> <th>CA_IND</th> <td>N</td> </tr><tr bgcolor=""""> <th>REGION_N</th> <td>NORTH-EAST REGION</td> </tr><tr bgcolor=""#E3E3F3""> <th>REGION_C</th> <td>NER</td> </tr><tr bgcolor=""""> <th>INC_CRC</th> <td>F84184E6D4F3B1DD</td> </tr><tr bgcolor=""#E3E3F3""> <th>FMEL_UPD_D</th> <td>20191223152014</td> </tr></table></center>",Hougang,North-East Region
JLN KELICHAP PG,1.346782057161644,103.88182461306774,POINT (103.88182461306774 1.346782057161644),10.0,kml_11,"<center><table><tr><th colspan='2' align='center'><em>Attributes</em></th></tr><tr bgcolor=""#E3E3F3""> <th>PLN_AREA_N</th> <td>HOUGANG</td> </tr><tr bgcolor=""""> <th>PLN_AREA_C</th> <td>HG</td> </tr><tr bgcolor=""#E3E3F3""> <th>CA_IND</th> <td>N</td> </tr><tr bgcolor=""""> <th>REGION_N</th> <td>NORTH-EAST REGION</td> </tr><tr bgcolor=""#E3E3F3""> <th>REGION_C</th> <td>NER</td> </tr><tr bgcolor=""""> <th>INC_CRC</th> <td>F84184E6D4F3B1DD</td> </tr><tr bgcolor=""#E3E3F3""> <th>FMEL_UPD_D</th> <td>20191223152014</td> </tr></table></center>",Hougang,North-East Region
JLN SELASEH PG,1.3856016503500974,103.87338201184058,POINT (103.87338201184058 1.3856016503500974),20.0,kml_21,"<center><table><tr><th colspan='2' align='center'><em>Attributes</em></th></tr><tr bgcolor=""#E3E3F3""> <th>PLN_AREA_N</th> <td>SERANGOON</td> </tr><tr bgcolor=""""> <th>PLN_AREA_C</th> <td>SG</td> </tr><tr bgcolor=""#E3E3F3""> <th>CA_IND</th> <td>N</td> </tr><tr bgcolor=""""> <th>REGION_N</th> <td>NORTH-EAST REGION</td> </tr><tr bgcolor=""#E3E3F3""> <th>REGION_C</th> <td>NER</td> </tr><tr bgcolor=""""> <th>INC_CRC</th> <td>17813E1F4CEBB72E</td> </tr><tr bgcolor=""#E3E3F3""> <th>FMEL_UPD_D</th> <td>20191223152014</td> </tr></table></center>",Serangoon,North-East Region
LILAC DR PG,1.381151158087855,103.86114379728288,POINT (103.86114379728288 1.381151158087855),20.0,kml_21,"<center><table><tr><th colspan='2' align='center'><em>Attributes</em></th></tr><tr bgcolor=""#E3E3F3""> <th>PLN_AREA_N</th> <td>SERANGOON</td> </tr><tr bgcolor=""""> <th>PLN_AREA_C</th> <td>SG</td> </tr><tr bgcolor=""#E3E3F3""> <th>CA_IND</th> <td>N</td> </tr><tr bgcolor=""""> <th>REGION_N</th> <td>NORTH-EAST REGION</td> </tr><tr bgcolor=""#E3E3F3""> <th>REGION_C</th> <td>NER</td> </tr><tr bgcolor=""""> <th>INC_CRC</th> <td>17813E1F4CEBB72E</td> </tr><tr bgcolor=""#E3E3F3""> <th>FMEL_UPD_D</th> <td>20191223152014</td> </tr></table></center>",Serangoon,North-East Region
MIMOSA RD PG,1.3841919506036495,103.86304382230897,POINT (103.86304382230897 1.3841919506036495),20.0,kml_21,"<center><table><tr><th colspan='2' align='center'><em>Attributes</em></th></tr><tr bgcolor=""#E3E3F3""> <th>PLN_AREA_N</th> <td>SERANGOON</td> </tr><tr bgcolor=""""> <th>PLN_AREA_C</th> <td>SG</td> </tr><tr bgcolor=""#E3E3F3""> <th>CA_IND</th> <td>N</td> </tr><tr bgcolor=""""> <th>REGION_N</th> <td>NORTH-EAST REGION</td> </tr><tr bgcolor=""#E3E3F3""> <th>REGION_C</th> <td>NER</td> </tr><tr bgcolor=""""> <th>INC_CRC</th> <td>17813E1F4CEBB72E</td> </tr><tr bgcolor=""#E3E3F3""> <th>FMEL_UPD_D</th> <td>20191223152014</td> </tr></table></center>",Serangoon,North-East Region
MIMOSA WALK PG,1.383104821325127,103.8614600654721,POINT (103.8614600654721 1.383104821325127),20.0,kml_21,"<center><table><tr><th colspan='2' align='center'><em>Attributes</em></th></tr><tr bgcolor=""#E3E3F3""> <th>PLN_AREA_N</th> <td>SERANGOON</td> </tr><tr bgcolor=""""> <th>PLN_AREA_C</th> <td>SG</td> </tr><tr bgcolor=""#E3E3F3""> <th>CA_IND</th> <td>N</td> </tr><tr bgcolor=""""> <th>REGION_N</th> <td>NORTH-EAST REGION</td> </tr><tr bgcolor=""#E3E3F3""> <th>REGION_C</th> <td>NER</td> </tr><tr bgcolor=""""> <th>INC_CRC</th> <td>17813E1F4CEBB72E</td> </tr><tr bgcolor=""#E3E3F3""> <th>FMEL_UPD_D</th> <td>20191223152014</td> </tr></table></center>",Serangoon,North-East Region
MUGLISTON PK PG,1.3854458918398724,103.87790631675026,POINT (103.87790631675026 1.3854458918398724),10.0,kml_11,"<center><table><tr><th colspan='2' align='center'><em>Attributes</em></th></tr><tr bgcolor=""#E3E3F3""> <th>PLN_AREA_N</th> <td>HOUGANG</td> </tr><tr bgcolor=""""> <th>PLN_AREA_C</th> <td>HG</td> </tr><tr bgcolor=""#E3E3F3""> <th>CA_IND</th> <td>N</td> </tr><tr bgcolor=""""> <th>REGION_N</th> <td>NORTH-EAST REGION</td> </tr><tr bgcolor=""#E3E3F3""> <th>REGION_C</th> <td>NER</td> </tr><tr bgcolor=""""> <th>INC_CRC</th> <td>F84184E6D4F3B1DD</td> </tr><tr bgcolor=""#E3E3F3""> <th>FMEL_UPD_D</th> <td>20191223152014</td> </tr></table></center>",Hougang,North-East Region
NERAM CRESCENT PG,1.3855886003480908,103.86574410141814,POINT (103.86574410141814 1.3855886003480908),20.0,kml_21,"<center><table><tr><th colspan='2' align='center'><em>Attributes</em></th></tr><tr bgcolor=""#E3E3F3""> <th>PLN_AREA_N</th> <td>SERANGOON</td> </tr><tr bgcolor=""""> <th>PLN_AREA_C</th> <td>SG</td> </tr><tr bgcolor=""#E3E3F3""> <th>CA_IND</th> <td>N</td> </tr><tr bgcolor=""""> <th>REGION_N</th> <td>NORTH-EAST REGION</td> </tr><tr bgcolor=""#E3E3F3""> <th>REGION_C</th> <td>NER</td> </tr><tr bgcolor=""""> <th>INC_CRC</th> <td>17813E1F4CEBB72E</td> </tr><tr bgcolor=""#E3E3F3""> <th>FMEL_UPD_D</th> <td>20191223152014</td> </tr></table></center>",Serangoon,North-East Region
TAMARIND RD PG,1.3896991865137869,103.86020178045604,POINT (103.86020178045604 1.3896991865137869),20.0,kml_21,"<center><table><tr><th colspan='2' align='center'><em>Attributes</em></th></tr><tr bgcolor=""#E3E3F3""> <th>PLN_AREA_N</th> <td>SERANGOON</td> </tr><tr bgcolor=""""> <th>PLN_AREA_C</th> <td>SG</td> </tr><tr bgcolor=""#E3E3F3""> <th>CA_IND</th> <td>N</td> </tr><tr bgcolor=""""> <th>REGION_N</th> <td>NORTH-EAST REGION</td> </tr><tr bgcolor=""#E3E3F3""> <th>REGION_C</th> <td>NER</td> </tr><tr bgcolor=""""> <th>INC_CRC</th> <td>17813E1F4CEBB72E</td> </tr><tr bgcolor=""#E3E3F3""> <th>FMEL_UPD_D</th> <td>20191223152014</td> </tr></table></center>",Serangoon,North-East Region
NIM CRESCENT OS,1.3830798457367532,103.86684092302164,POINT (103.86684092302164 1.3830798457367532),20.0,kml_21,"<center><table><tr><th colspan='2' align='center'><em>Attributes</em></th></tr><tr bgcolor=""#E3E3F3""> <th>PLN_AREA_N</th> <td>SERANGOON</td> </tr><tr bgcolor=""""> <th>PLN_AREA_C</th> <td>SG</td> </tr><tr bgcolor=""#E3E3F3""> <th>CA_IND</th> <td>N</td> </tr><tr bgcolor=""""> <th>REGION_N</th> <td>NORTH-EAST REGION</td> </tr><tr bgcolor=""#E3E3F3""> <th>REGION_C</th> <td>NER</td> </tr><tr bgcolor=""""> <th>INC_CRC</th> <td>17813E1F4CEBB72E</td> </tr><tr bgcolor=""#E3E3F3""> <th>FMEL_UPD_D</th> <td>20191223152014</td> </tr></table></center>",Serangoon,North-East Region
BEGONIA RD PG,1.387819699835976,103.8632895690186,POINT (103.8632895690186 1.387819699835976),20.0,kml_21,"<center><table><tr><th colspan='2' align='center'><em>Attributes</em></th></tr><tr bgcolor=""#E3E3F3""> <th>PLN_AREA_N</th> <td>SERANGOON</td> </tr><tr bgcolor=""""> <th>PLN_AREA_C</th> <td>SG</td> </tr><tr bgcolor=""#E3E3F3""> <th>CA_IND</th> <td>N</td> </tr><tr bgcolor=""""> <th>REGION_N</th> <td>NORTH-EAST REGION</td> </tr><tr bgcolor=""#E3E3F3""> <th>REGION_C</th> <td>NER</td> </tr><tr bgcolor=""""> <th>INC_CRC</th> <td>17813E1F4CEBB72E</td> </tr><tr bgcolor=""#E3E3F3""> <th>FMEL_UPD_D</th> <td>20191223152014</td> </tr></table></center>",Serangoon,North-East Region
JLN NAUNG PG,1.3695631217362907,103.89282189717284,POINT (103.89282189717284 1.3695631217362907),10.0,kml_11,"<center><table><tr><th colspan='2' align='center'><em>Attributes</em></th></tr><tr bgcolor=""#E3E3F3""> <th>PLN_AREA_N</th> <td>HOUGANG</td> </tr><tr bgcolor=""""> <th>PLN_AREA_C</th> <td>HG</td> </tr><tr bgcolor=""#E3E3F3""> <th>CA_IND</th> <td>N</td> </tr><tr bgcolor=""""> <th>REGION_N</th> <td>NORTH-EAST REGION</td> </tr><tr bgcolor=""#E3E3F3""> <th>REGION_C</th> <td>NER</td> </tr><tr bgcolor=""""> <th>INC_CRC</th> <td>F84184E6D4F3B1DD</td> </tr><tr bgcolor=""#E3E3F3""> <th>FMEL_UPD_D</th> <td>20191223152014</td> </tr></table></center>",Hougang,North-East Region
PARRY RD PG,1.3660287545609888,103.87750439954596,POINT (103.87750439954596 1.3660287545609888),10.0,kml_11,"<center><table><tr><th colspan='2' align='center'><em>Attributes</em></th></tr><tr bgcolor=""#E3E3F3""> <th>PLN_AREA_N</th> <td>HOUGANG</td> </tr><tr bgcolor=""""> <th>PLN_AREA_C</th> <td>HG</td> </tr><tr bgcolor=""#E3E3F3""> <th>CA_IND</th> <td>N</td> </tr><tr bgcolor=""""> <th>REGION_N</th> <td>NORTH-EAST REGION</td> </tr><tr bgcolor=""#E3E3F3""> <th>REGION_C</th> <td>NER</td> </tr><tr bgcolor=""""> <th>INC_CRC</th> <td>F84184E6D4F3B1DD</td> </tr><tr bgcolor=""#E3E3F3""> <th>FMEL_UPD_D</th> <td>20191223152014</td> </tr></table></center>",Hougang,North-East Region
SARACA RD PG,1.3866687658523218,103.8586374762825,POINT (103.8586374762825 1.3866687658523218),20.0,kml_21,"<center><table><tr><th colspan='2' align='center'><em>Attributes</em></th></tr><tr bgcolor=""#E3E3F3""> <th>PLN_AREA_N</th> <td>SERANGOON</td> </tr><tr bgcolor=""""> <th>PLN_AREA_C</th> <td>SG</td> </tr><tr bgcolor=""#E3E3F3""> <th>CA_IND</th> <td>N</td> </tr><tr bgcolor=""""> <th>REGION_N</th> <td>NORTH-EAST REGION</td> </tr><tr bgcolor=""#E3E3F3""> <th>REGION_C</th> <td>NER</td> </tr><tr bgcolor=""""> <th>INC_CRC</th> <td>17813E1F4CEBB72E</td> </tr><tr bgcolor=""#E3E3F3""> <th>FMEL_UPD_D</th> <td>20191223152014</td> </tr></table></center>",Serangoon,North-East Region
DEDAP PLACE PG,1.3877975742272126,103.86841336325828,POINT (103.86841336325828 1.3877975742272126),20.0,kml_21,"<center><table><tr><th colspan='2' align='center'><em>Attributes</em></th></tr><tr bgcolor=""#E3E3F3""> <th>PLN_AREA_N</th> <td>SERANGOON</td> </tr><tr bgcolor=""""> <th>PLN_AREA_C</th> <td>SG</td> </tr><tr bgcolor=""#E3E3F3""> <th>CA_IND</th> <td>N</td> </tr><tr bgcolor=""""> <th>REGION_N</th> <td>NORTH-EAST REGION</td> </tr><tr bgcolor=""#E3E3F3""> <th>REGION_C</th> <td>NER</td> </tr><tr bgcolor=""""> <th>INC_CRC</th> <td>17813E1F4CEBB72E</td> </tr><tr bgcolor=""#E3E3F3""> <th>FMEL_UPD_D</th> <td>20191223152014</td> </tr></table></center>",Serangoon,North-East Region
POH HUAT RD PG,1.3669371159298906,103.88161112353755,POINT (103.88161112353755 1.3669371159298906),10.0,kml_11,"<center><table><tr><th colspan='2' align='center'><em>Attributes</em></th></tr><tr bgcolor=""#E3E3F3""> <th>PLN_AREA_N</th> <td>HOUGANG</td> </tr><tr bgcolor=""""> <th>PLN_AREA_C</th> <td>HG</td> </tr><tr bgcolor=""#E3E3F3""> <th>CA_IND</th> <td>N</td> </tr><tr bgcolor=""""> <th>REGION_N</th> <td>NORTH-EAST REGION</td> </tr><tr bgcolor=""#E3E3F3""> <th>REGION_C</th> <td>NER</td> </tr><tr bgcolor=""""> <th>INC_CRC</th> <td>F84184E6D4F3B1DD</td> </tr><tr bgcolor=""#E3E3F3""> <th>FMEL_UPD_D</th> <td>20191223152014</td> </tr></table></center>",Hougang,North-East Region
STRATTON WALK PG,1.3792369849722972,103.86696717182308,POINT (103.86696717182308 1.3792369849722972),20.0,kml_21,"<center><table><tr><th colspan='2' align='center'><em>Attributes</em></th></tr><tr bgcolor=""#E3E3F3""> <th>PLN_AREA_N</th> <td>SERANGOON</td> </tr><tr bgcolor=""""> <th>PLN_AREA_C</th> <td>SG</td> </tr><tr bgcolor=""#E3E3F3""> <th>CA_IND</th> <td>N</td> </tr><tr bgcolor=""""> <th>REGION_N</th> <td>NORTH-EAST REGION</td> </tr><tr bgcolor=""#E3E3F3""> <th>REGION_C</th> <td>NER</td> </tr><tr bgcolor=""""> <th>INC_CRC</th> <td>17813E1F4CEBB72E</td> </tr><tr bgcolor=""#E3E3F3""> <th>FMEL_UPD_D</th> <td>20191223152014</td> </tr></table></center>",Serangoon,North-East Region
SELETAR TERRACE PG,1.381482754028751,103.86877440484598,POINT (103.86877440484598 1.381482754028751),20.0,kml_21,"<center><table><tr><th colspan='2' align='center'><em>Attributes</em></th></tr><tr bgcolor=""#E3E3F3""> <th>PLN_AREA_N</th> <td>SERANGOON</td> </tr><tr bgcolor=""""> <th>PLN_AREA_C</th> <td>SG</td> </tr><tr bgcolor=""#E3E3F3""> <th>CA_IND</th> <td>N</td> </tr><tr bgcolor=""""> <th>REGION_N</th> <td>NORTH-EAST REGION</td> </tr><tr bgcolor=""#E3E3F3""> <th>REGION_C</th> <td>NER</td> </tr><tr bgcolor=""""> <th>INC_CRC</th> <td>17813E1F4CEBB72E</td> </tr><tr bgcolor=""#E3E3F3""> <th>FMEL_UPD_D</th> <td>20191223152014</td> </tr></table></center>",Serangoon,North-East Region
ST ANNE'S WOOD PG,1.3916400676753395,103.9037361498062,POINT (103.9037361498062 1.3916400676753395),19.0,kml_20,"<center><table><tr><th colspan='2' align='center'><em>Attributes</em></th></tr><tr bgcolor=""#E3E3F3""> <th>PLN_AREA_N</th> <td>SENGKANG</td> </tr><tr bgcolor=""""> <th>PLN_AREA_C</th> <td>SE</td> </tr><tr bgcolor=""#E3E3F3""> <th>CA_IND</th> <td>N</td> </tr><tr bgcolor=""""> <th>REGION_N</th> <td>NORTH-EAST REGION</td> </tr><tr bgcolor=""#E3E3F3""> <th>REGION_C</th> <td>NER</td> </tr><tr bgcolor=""""> <th>INC_CRC</th> <td>3909BE3D6566DC6B</td> </tr><tr bgcolor=""#E3E3F3""> <th>FMEL_UPD_D</th> <td>20191223152014</td> </tr></table></center>",Sengkang,North-East Region
PK VILLAS TERRACE PG,1.368992827751172,103.87996361274368,POINT (103.87996361274368 1.368992827751172),10.0,kml_11,"<center><table><tr><th colspan='2' align='center'><em>Attributes</em></th></tr><tr bgcolor=""#E3E3F3""> <th>PLN_AREA_N</th> <td>HOUGANG</td> </tr><tr bgcolor=""""> <th>PLN_AREA_C</th> <td>HG</td> </tr><tr bgcolor=""#E3E3F3""> <th>CA_IND</th> <td>N</td> </tr><tr bgcolor=""""> <th>REGION_N</th> <td>NORTH-EAST REGION</td> </tr><tr bgcolor=""#E3E3F3""> <th>REGION_C</th> <td>NER</td> </tr><tr bgcolor=""""> <th>INC_CRC</th> <td>F84184E6D4F3B1DD</td> </tr><tr bgcolor=""#E3E3F3""> <th>FMEL_UPD_D</th> <td>20191223152014</td> </tr></table></center>",Hougang,North-East Region
MIMOSA TERRACE PG,1.3840503584654404,103.86044968677317,POINT (103.86044968677317 1.3840503584654404),20.0,kml_21,"<center><table><tr><th colspan='2' align='center'><em>Attributes</em></th></tr><tr bgcolor=""#E3E3F3""> <th>PLN_AREA_N</th> <td>SERANGOON</td> </tr><tr bgcolor=""""> <th>PLN_AREA_C</th> <td>SG</td> </tr><tr bgcolor=""#E3E3F3""> <th>CA_IND</th> <td>N</td> </tr><tr bgcolor=""""> <th>REGION_N</th> <td>NORTH-EAST REGION</td> </tr><tr bgcolor=""#E3E3F3""> <th>REGION_C</th> <td>NER</td> </tr><tr bgcolor=""""> <th>INC_CRC</th> <td>17813E1F4CEBB72E</td> </tr><tr bgcolor=""#E3E3F3""> <th>FMEL_UPD_D</th> <td>20191223152014</td> </tr></table></center>",Serangoon,North-East Region
DEW GARDEN,1.3992663452473966,103.871065399001,POINT (103.871065399001 1.3992663452473966),19.0,kml_20,"<center><table><tr><th colspan='2' align='center'><em>Attributes</em></th></tr><tr bgcolor=""#E3E3F3""> <th>PLN_AREA_N</th> <td>SENGKANG</td> </tr><tr bgcolor=""""> <th>PLN_AREA_C</th> <td>SE</td> </tr><tr bgcolor=""#E3E3F3""> <th>CA_IND</th> <td>N</td> </tr><tr bgcolor=""""> <th>REGION_N</th> <td>NORTH-EAST REGION</td> </tr><tr bgcolor=""#E3E3F3""> <th>REGION_C</th> <td>NER</td> </tr><tr bgcolor=""""> <th>INC_CRC</th> <td>3909BE3D6566DC6B</td> </tr><tr bgcolor=""#E3E3F3""> <th>FMEL_UPD_D</th> <td>20191223152014</td> </tr></table></center>",Sengkang,North-East Region
PARRY AVE INTERIM PK,1.3639250471555793,103.8811344873211,POINT (103.8811344873211 1.3639250471555793),10.0,kml_11,"<center><table><tr><th colspan='2' align='center'><em>Attributes</em></th></tr><tr bgcolor=""#E3E3F3""> <th>PLN_AREA_N</th> <td>HOUGANG</td> </tr><tr bgcolor=""""> <th>PLN_AREA_C</th> <td>HG</td> </tr><tr bgcolor=""#E3E3F3""> <th>CA_IND</th> <td>N</td> </tr><tr bgcolor=""""> <th>REGION_N</th> <td>NORTH-EAST REGION</td> </tr><tr bgcolor=""#E3E3F3""> <th>REGION_C</th> <td>NER</td> </tr><tr bgcolor=""""> <th>INC_CRC</th> <td>F84184E6D4F3B1DD</td> </tr><tr bgcolor=""#E3E3F3""> <th>FMEL_UPD_D</th> <td>20191223152014</td> </tr></table></center>",Hougang,North-East Region
RICHARDS AVE PK,1.3609285905492048,103.8821291218715,POINT (103.8821291218715 1.3609285905492048),10.0,kml_11,"<center><table><tr><th colspan='2' align='center'><em>Attributes</em></th></tr><tr bgcolor=""#E3E3F3""> <th>PLN_AREA_N</th> <td>HOUGANG</td> </tr><tr bgcolor=""""> <th>PLN_AREA_C</th> <td>HG</td> </tr><tr bgcolor=""#E3E3F3""> <th>CA_IND</th> <td>N</td> </tr><tr bgcolor=""""> <th>REGION_N</th> <td>NORTH-EAST REGION</td> </tr><tr bgcolor=""#E3E3F3""> <th>REGION_C</th> <td>NER</td> </tr><tr bgcolor=""""> <th>INC_CRC</th> <td>F84184E6D4F3B1DD</td> </tr><tr bgcolor=""#E3E3F3""> <th>FMEL_UPD_D</th> <td>20191223152014</td> </tr></table></center>",Hougang,North-East Region
BUTTERFLY AVE PG,1.3344335664826814,103.87733653681292,POINT (103.87733653681292 1.3344335664826814),28.0,kml_29,"<center><table><tr><th colspan='2' align='center'><em>Attributes</em></th></tr><tr bgcolor=""#E3E3F3""> <th>PLN_AREA_N</th> <td>TOA PAYOH</td> </tr><tr bgcolor=""""> <th>PLN_AREA_C</th> <td>TP</td> </tr><tr bgcolor=""#E3E3F3""> <th>CA_IND</th> <td>N</td> </tr><tr bgcolor=""""> <th>REGION_N</th> <td>CENTRAL REGION</td> </tr><tr bgcolor=""#E3E3F3""> <th>REGION_C</th> <td>CR</td> </tr><tr bgcolor=""""> <th>INC_CRC</th> <td>85DD6CFD19B09A35</td> </tr><tr bgcolor=""#E3E3F3""> <th>FMEL_UPD_D</th> <td>20191223152014</td> </tr></table></center>",Toa Payoh,Central Region
CHEMPAKA AVE PG,1.3318740875843238,103.87561556762392,POINT (103.87561556762392 1.3318740875843238),28.0,kml_29,"<center><table><tr><th colspan='2' align='center'><em>Attributes</em></th></tr><tr bgcolor=""#E3E3F3""> <th>PLN_AREA_N</th> <td>TOA PAYOH</td> </tr><tr bgcolor=""""> <th>PLN_AREA_C</th> <td>TP</td> </tr><tr bgcolor=""#E3E3F3""> <th>CA_IND</th> <td>N</td> </tr><tr bgcolor=""""> <th>REGION_N</th> <td>CENTRAL REGION</td> </tr><tr bgcolor=""#E3E3F3""> <th>REGION_C</th> <td>CR</td> </tr><tr bgcolor=""""> <th>INC_CRC</th> <td>85DD6CFD19B09A35</td> </tr><tr bgcolor=""#E3E3F3""> <th>FMEL_UPD_D</th> <td>20191223152014</td> </tr></table></center>",Toa Payoh,Central Region
JLN GENENG INTERIM PK,1.35333766953297,103.8808747649801,POINT (103.8808747649801 1.35333766953297),10.0,kml_11,"<center><table><tr><th colspan='2' align='center'><em>Attributes</em></th></tr><tr bgcolor=""#E3E3F3""> <th>PLN_AREA_N</th> <td>HOUGANG</td> </tr><tr bgcolor=""""> <th>PLN_AREA_C</th> <td>HG</td> </tr><tr bgcolor=""#E3E3F3""> <th>CA_IND</th> <td>N</td> </tr><tr bgcolor=""""> <th>REGION_N</th> <td>NORTH-EAST REGION</td> </tr><tr bgcolor=""#E3E3F3""> <th>REGION_C</th> <td>NER</td> </tr><tr bgcolor=""""> <th>INC_CRC</th> <td>F84184E6D4F3B1DD</td> </tr><tr bgcolor=""#E3E3F3""> <th>FMEL_UPD_D</th> <td>20191223152014</td> </tr></table></center>",Hougang,North-East Region
SENGKANG RIVERSIDE PK,1.399448212789253,103.88432517223448,POINT (103.88432517223448 1.399448212789253),19.0,kml_20,"<center><table><tr><th colspan='2' align='center'><em>Attributes</em></th></tr><tr bgcolor=""#E3E3F3""> <th>PLN_AREA_N</th> <td>SENGKANG</td> </tr><tr bgcolor=""""> <th>PLN_AREA_C</th> <td>SE</td> </tr><tr bgcolor=""#E3E3F3""> <th>CA_IND</th> <td>N</td> </tr><tr bgcolor=""""> <th>REGION_N</th> <td>NORTH-EAST REGION</td> </tr><tr bgcolor=""#E3E3F3""> <th>REGION_C</th> <td>NER</td> </tr><tr bgcolor=""""> <th>INC_CRC</th> <td>3909BE3D6566DC6B</td> </tr><tr bgcolor=""#E3E3F3""> <th>FMEL_UPD_D</th> <td>20191223152014</td> </tr></table></center>",Sengkang,North-East Region
OASIS@MULBERRY PK,1.3328961389324478,103.87843597247893,POINT (103.87843597247893 1.3328961389324478),28.0,kml_29,"<center><table><tr><th colspan='2' align='center'><em>Attributes</em></th></tr><tr bgcolor=""#E3E3F3""> <th>PLN_AREA_N</th> <td>TOA PAYOH</td> </tr><tr bgcolor=""""> <th>PLN_AREA_C</th> <td>TP</td> </tr><tr bgcolor=""#E3E3F3""> <th>CA_IND</th> <td>N</td> </tr><tr bgcolor=""""> <th>REGION_N</th> <td>CENTRAL REGION</td> </tr><tr bgcolor=""#E3E3F3""> <th>REGION_C</th> <td>CR</td> </tr><tr bgcolor=""""> <th>INC_CRC</th> <td>85DD6CFD19B09A35</td> </tr><tr bgcolor=""#E3E3F3""> <th>FMEL_UPD_D</th> <td>20191223152014</td> </tr></table></center>",Toa Payoh,Central Region
SIANG KUANG AVE INTERIM PK,1.329828369730656,103.87304948216776,POINT (103.87304948216776 1.329828369730656),28.0,kml_29,"<center><table><tr><th colspan='2' align='center'><em>Attributes</em></th></tr><tr bgcolor=""#E3E3F3""> <th>PLN_AREA_N</th> <td>TOA PAYOH</td> </tr><tr bgcolor=""""> <th>PLN_AREA_C</th> <td>TP</td> </tr><tr bgcolor=""#E3E3F3""> <th>CA_IND</th> <td>N</td> </tr><tr bgcolor=""""> <th>REGION_N</th> <td>CENTRAL REGION</td> </tr><tr bgcolor=""#E3E3F3""> <th>REGION_C</th> <td>CR</td> </tr><tr bgcolor=""""> <th>INC_CRC</th> <td>85DD6CFD19B09A35</td> </tr><tr bgcolor=""#E3E3F3""> <th>FMEL_UPD_D</th> <td>20191223152014</td> </tr></table></center>",Toa Payoh,Central Region
LORONG TANGGAM PK,1.3989789258957948,103.87375495285376,POINT (103.87375495285376 1.3989789258957948),19.0,kml_20,"<center><table><tr><th colspan='2' align='center'><em>Attributes</em></th></tr><tr bgcolor=""#E3E3F3""> <th>PLN_AREA_N</th> <td>SENGKANG</td> </tr><tr bgcolor=""""> <th>PLN_AREA_C</th> <td>SE</td> </tr><tr bgcolor=""#E3E3F3""> <th>CA_IND</th> <td>N</td> </tr><tr bgcolor=""""> <th>REGION_N</th> <td>NORTH-EAST REGION</td> </tr><tr bgcolor=""#E3E3F3""> <th>REGION_C</th> <td>NER</td> </tr><tr bgcolor=""""> <th>INC_CRC</th> <td>3909BE3D6566DC6B</td> </tr><tr bgcolor=""#E3E3F3""> <th>FMEL_UPD_D</th> <td>20191223152014</td> </tr></table></center>",Sengkang,North-East Region
UPPER PAYA LEBAR INTERIM PARK,1.3435839278077557,103.88246411823552,POINT (103.88246411823552 1.3435839278077557),20.0,kml_21,"<center><table><tr><th colspan='2' align='center'><em>Attributes</em></th></tr><tr bgcolor=""#E3E3F3""> <th>PLN_AREA_N</th> <td>SERANGOON</td> </tr><tr bgcolor=""""> <th>PLN_AREA_C</th> <td>SG</td> </tr><tr bgcolor=""#E3E3F3""> <th>CA_IND</th> <td>N</td> </tr><tr bgcolor=""""> <th>REGION_N</th> <td>NORTH-EAST REGION</td> </tr><tr bgcolor=""#E3E3F3""> <th>REGION_C</th> <td>NER</td> </tr><tr bgcolor=""""> <th>INC_CRC</th> <td>17813E1F4CEBB72E</td> </tr><tr bgcolor=""#E3E3F3""> <th>FMEL_UPD_D</th> <td>20191223152014</td> </tr></table></center>",Serangoon,North-East Region
NIM MEADOW PARK,1.378616619290899,103.86340432365589,POINT (103.86340432365589 1.378616619290899),20.0,kml_21,"<center><table><tr><th colspan='2' align='center'><em>Attributes</em></th></tr><tr bgcolor=""#E3E3F3""> <th>PLN_AREA_N</th> <td>SERANGOON</td> </tr><tr bgcolor=""""> <th>PLN_AREA_C</th> <td>SG</td> </tr><tr bgcolor=""#E3E3F3""> <th>CA_IND</th> <td>N</td> </tr><tr bgcolor=""""> <th>REGION_N</th> <td>NORTH-EAST REGION</td> </tr><tr bgcolor=""#E3E3F3""> <th>REGION_C</th> <td>NER</td> </tr><tr bgcolor=""""> <th>INC_CRC</th> <td>17813E1F4CEBB72E</td> </tr><tr bgcolor=""#E3E3F3""> <th>FMEL_UPD_D</th> <td>20191223152014</td> </tr></table></center>",Serangoon,North-East Region
GREENWAY SOUTH,1.3351785173598223,103.8720608249384,POINT (103.8720608249384 1.3351785173598223),28.0,kml_29,"<center><table><tr><th colspan='2' align='center'><em>Attributes</em></th></tr><tr bgcolor=""#E3E3F3""> <th>PLN_AREA_N</th> <td>TOA PAYOH</td> </tr><tr bgcolor=""""> <th>PLN_AREA_C</th> <td>TP</td> </tr><tr bgcolor=""#E3E3F3""> <th>CA_IND</th> <td>N</td> </tr><tr bgcolor=""""> <th>REGION_N</th> <td>CENTRAL REGION</td> </tr><tr bgcolor=""#E3E3F3""> <th>REGION_C</th> <td>CR</td> </tr><tr bgcolor=""""> <th>INC_CRC</th> <td>85DD6CFD19B09A35</td> </tr><tr bgcolor=""#E3E3F3""> <th>FMEL_UPD_D</th> <td>20191223152014</td> </tr></table></center>",Toa Payoh,Central Region
FERNVALE PARK,1.397514524959929,103.87487871240788,POINT (103.87487871240788 1.397514524959929),19.0,kml_20,"<center><table><tr><th colspan='2' align='center'><em>Attributes</em></th></tr><tr bgcolor=""#E3E3F3""> <th>PLN_AREA_N</th> <td>SENGKANG</td> </tr><tr bgcolor=""""> <th>PLN_AREA_C</th> <td>SE</td> </tr><tr bgcolor=""#E3E3F3""> <th>CA_IND</th> <td>N</td> </tr><tr bgcolor=""""> <th>REGION_N</th> <td>NORTH-EAST REGION</td> </tr><tr bgcolor=""#E3E3F3""> <th>REGION_C</th> <td>NER</td> </tr><tr bgcolor=""""> <th>INC_CRC</th> <td>3909BE3D6566DC6B</td> </tr><tr bgcolor=""#E3E3F3""> <th>FMEL_UPD_D</th> <td>20191223152014</td> </tr></table></center>",Sengkang,North-East Region
SEMBAWANG PK,1.461502967101001,103.83684542660218,POINT (103.83684542660218 1.461502967101001),18.0,kml_19,"<center><table><tr><th colspan='2' align='center'><em>Attributes</em></th></tr><tr bgcolor=""#E3E3F3""> <th>PLN_AREA_N</th> <td>SEMBAWANG</td> </tr><tr bgcolor=""""> <th>PLN_AREA_C</th> <td>SB</td> </tr><tr bgcolor=""#E3E3F3""> <th>CA_IND</th> <td>N</td> </tr><tr bgcolor=""""> <th>REGION_N</th> <td>NORTH REGION</td> </tr><tr bgcolor=""#E3E3F3""> <th>REGION_C</th> <td>NR</td> </tr><tr bgcolor=""""> <th>INC_CRC</th> <td>ECA1E5D6412DC621</td> </tr><tr bgcolor=""#E3E3F3""> <th>FMEL_UPD_D</th> <td>20191223152014</td> </tr></table></center>",Sembawang,North Region
YISHUN PK,1.4243757202836804,103.8426096912604,POINT (103.8426096912604 1.4243757202836804),54.0,kml_55,"<center><table><tr><th colspan='2' align='center'><em>Attributes</em></th></tr><tr bgcolor=""#E3E3F3""> <th>PLN_AREA_N</th> <td>YISHUN</td> </tr><tr bgcolor=""""> <th>PLN_AREA_C</th> <td>YS</td> </tr><tr bgcolor=""#E3E3F3""> <th>CA_IND</th> <td>N</td> </tr><tr bgcolor=""""> <th>REGION_N</th> <td>NORTH REGION</td> </tr><tr bgcolor=""#E3E3F3""> <th>REGION_C</th> <td>NR</td> </tr><tr bgcolor=""""> <th>INC_CRC</th> <td>E56BC88A635A3D89</td> </tr><tr bgcolor=""#E3E3F3""> <th>FMEL_UPD_D</th> <td>20191223152014</td> </tr></table></center>",Yishun,North Region
LOWER SELETAR RESERVOIR PARK,1.4074398977574718,103.82889324908156,POINT (103.82889324908156 1.4074398977574718),54.0,kml_55,"<center><table><tr><th colspan='2' align='center'><em>Attributes</em></th></tr><tr bgcolor=""#E3E3F3""> <th>PLN_AREA_N</th> <td>YISHUN</td> </tr><tr bgcolor=""""> <th>PLN_AREA_C</th> <td>YS</td> </tr><tr bgcolor=""#E3E3F3""> <th>CA_IND</th> <td>N</td> </tr><tr bgcolor=""""> <th>REGION_N</th> <td>NORTH REGION</td> </tr><tr bgcolor=""#E3E3F3""> <th>REGION_C</th> <td>NR</td> </tr><tr bgcolor=""""> <th>INC_CRC</th> <td>E56BC88A635A3D89</td> </tr><tr bgcolor=""#E3E3F3""> <th>FMEL_UPD_D</th> <td>20191223152014</td> </tr></table></center>",Yishun,North Region
LENTOR WALK PG,1.388630957046075,103.83838324853672,POINT (103.83838324853672 1.388630957046075),51.0,kml_52,"<center><table><tr><th colspan='2' align='center'><em>Attributes</em></th></tr><tr bgcolor=""#E3E3F3""> <th>PLN_AREA_N</th> <td>ANG MO KIO</td> </tr><tr bgcolor=""""> <th>PLN_AREA_C</th> <td>AM</td> </tr><tr bgcolor=""#E3E3F3""> <th>CA_IND</th> <td>N</td> </tr><tr bgcolor=""""> <th>REGION_N</th> <td>NORTH-EAST REGION</td> </tr><tr bgcolor=""#E3E3F3""> <th>REGION_C</th> <td>NER</td> </tr><tr bgcolor=""""> <th>INC_CRC</th> <td>88DAC92AEAF47E93</td> </tr><tr bgcolor=""#E3E3F3""> <th>FMEL_UPD_D</th> <td>20191223152014</td> </tr></table></center>",Ang Mo Kio,North-East Region
COUNTRYSIDE PG,1.390187591950226,103.83840795464988,POINT (103.83840795464988 1.390187591950226),51.0,kml_52,"<center><table><tr><th colspan='2' align='center'><em>Attributes</em></th></tr><tr bgcolor=""#E3E3F3""> <th>PLN_AREA_N</th> <td>ANG MO KIO</td> </tr><tr bgcolor=""""> <th>PLN_AREA_C</th> <td>AM</td> </tr><tr bgcolor=""#E3E3F3""> <th>CA_IND</th> <td>N</td> </tr><tr bgcolor=""""> <th>REGION_N</th> <td>NORTH-EAST REGION</td> </tr><tr bgcolor=""#E3E3F3""> <th>REGION_C</th> <td>NER</td> </tr><tr bgcolor=""""> <th>INC_CRC</th> <td>88DAC92AEAF47E93</td> </tr><tr bgcolor=""#E3E3F3""> <th>FMEL_UPD_D</th> <td>20191223152014</td> </tr></table></center>",Ang Mo Kio,North-East Region
LENTOR STREET PG,1.3900981863835726,103.83427652569794,POINT (103.83427652569794 1.3900981863835726),51.0,kml_52,"<center><table><tr><th colspan='2' align='center'><em>Attributes</em></th></tr><tr bgcolor=""#E3E3F3""> <th>PLN_AREA_N</th> <td>ANG MO KIO</td> </tr><tr bgcolor=""""> <th>PLN_AREA_C</th> <td>AM</td> </tr><tr bgcolor=""#E3E3F3""> <th>CA_IND</th> <td>N</td> </tr><tr bgcolor=""""> <th>REGION_N</th> <td>NORTH-EAST REGION</td> </tr><tr bgcolor=""#E3E3F3""> <th>REGION_C</th> <td>NER</td> </tr><tr bgcolor=""""> <th>INC_CRC</th> <td>88DAC92AEAF47E93</td> </tr><tr bgcolor=""#E3E3F3""> <th>FMEL_UPD_D</th> <td>20191223152014</td> </tr></table></center>",Ang Mo Kio,North-East Region
FLORISSA PK PG,1.3869730932271511,103.83507298158987,POINT (103.83507298158987 1.3869730932271511),51.0,kml_52,"<center><table><tr><th colspan='2' align='center'><em>Attributes</em></th></tr><tr bgcolor=""#E3E3F3""> <th>PLN_AREA_N</th> <td>ANG MO KIO</td> </tr><tr bgcolor=""""> <th>PLN_AREA_C</th> <td>AM</td> </tr><tr bgcolor=""#E3E3F3""> <th>CA_IND</th> <td>N</td> </tr><tr bgcolor=""""> <th>REGION_N</th> <td>NORTH-EAST REGION</td> </tr><tr bgcolor=""#E3E3F3""> <th>REGION_C</th> <td>NER</td> </tr><tr bgcolor=""""> <th>INC_CRC</th> <td>88DAC92AEAF47E93</td> </tr><tr bgcolor=""#E3E3F3""> <th>FMEL_UPD_D</th> <td>20191223152014</td> </tr></table></center>",Ang Mo Kio,North-East Region
FUDU WALK PG,1.3898351218920812,103.83723438334812,POINT (103.83723438334812 1.3898351218920812),51.0,kml_52,"<center><table><tr><th colspan='2' align='center'><em>Attributes</em></th></tr><tr bgcolor=""#E3E3F3""> <th>PLN_AREA_N</th> <td>ANG MO KIO</td> </tr><tr bgcolor=""""> <th>PLN_AREA_C</th> <td>AM</td> </tr><tr bgcolor=""#E3E3F3""> <th>CA_IND</th> <td>N</td> </tr><tr bgcolor=""""> <th>REGION_N</th> <td>NORTH-EAST REGION</td> </tr><tr bgcolor=""#E3E3F3""> <th>REGION_C</th> <td>NER</td> </tr><tr bgcolor=""""> <th>INC_CRC</th> <td>88DAC92AEAF47E93</td> </tr><tr bgcolor=""#E3E3F3""> <th>FMEL_UPD_D</th> <td>20191223152014</td> </tr></table></center>",Ang Mo Kio,North-East Region
LENTOR GREEN PG,1.3852857282719149,103.83705647129632,POINT (103.83705647129632 1.3852857282719149),51.0,kml_52,"<center><table><tr><th colspan='2' align='center'><em>Attributes</em></th></tr><tr bgcolor=""#E3E3F3""> <th>PLN_AREA_N</th> <td>ANG MO KIO</td> </tr><tr bgcolor=""""> <th>PLN_AREA_C</th> <td>AM</td> </tr><tr bgcolor=""#E3E3F3""> <th>CA_IND</th> <td>N</td> </tr><tr bgcolor=""""> <th>REGION_N</th> <td>NORTH-EAST REGION</td> </tr><tr bgcolor=""#E3E3F3""> <th>REGION_C</th> <td>NER</td> </tr><tr bgcolor=""""> <th>INC_CRC</th> <td>88DAC92AEAF47E93</td> </tr><tr bgcolor=""#E3E3F3""> <th>FMEL_UPD_D</th> <td>20191223152014</td> </tr></table></center>",Ang Mo Kio,North-East Region
LENTOR GROVE PG,1.3863846910693212,103.83837072390618,POINT (103.83837072390618 1.3863846910693212),51.0,kml_52,"<center><table><tr><th colspan='2' align='center'><em>Attributes</em></th></tr><tr bgcolor=""#E3E3F3""> <th>PLN_AREA_N</th> <td>ANG MO KIO</td> </tr><tr bgcolor=""""> <th>PLN_AREA_C</th> <td>AM</td> </tr><tr bgcolor=""#E3E3F3""> <th>CA_IND</th> <td>N</td> </tr><tr bgcolor=""""> <th>REGION_N</th> <td>NORTH-EAST REGION</td> </tr><tr bgcolor=""#E3E3F3""> <th>REGION_C</th> <td>NER</td> </tr><tr bgcolor=""""> <th>INC_CRC</th> <td>88DAC92AEAF47E93</td> </tr><tr bgcolor=""#E3E3F3""> <th>FMEL_UPD_D</th> <td>20191223152014</td> </tr></table></center>",Ang Mo Kio,North-East Region
LENTOR RD PG,1.388291903488832,103.8375722009472,POINT (103.8375722009472 1.388291903488832),51.0,kml_52,"<center><table><tr><th colspan='2' align='center'><em>Attributes</em></th></tr><tr bgcolor=""#E3E3F3""> <th>PLN_AREA_N</th> <td>ANG MO KIO</td> </tr><tr bgcolor=""""> <th>PLN_AREA_C</th> <td>AM</td> </tr><tr bgcolor=""#E3E3F3""> <th>CA_IND</th> <td>N</td> </tr><tr bgcolor=""""> <th>REGION_N</th> <td>NORTH-EAST REGION</td> </tr><tr bgcolor=""#E3E3F3""> <th>REGION_C</th> <td>NER</td> </tr><tr bgcolor=""""> <th>INC_CRC</th> <td>88DAC92AEAF47E93</td> </tr><tr bgcolor=""#E3E3F3""> <th>FMEL_UPD_D</th> <td>20191223152014</td> </tr></table></center>",Ang Mo Kio,North-East Region
LENTOR VALE PG,1.388054236018028,103.8361460821369,POINT (103.8361460821369 1.388054236018028),51.0,kml_52,"<center><table><tr><th colspan='2' align='center'><em>Attributes</em></th></tr><tr bgcolor=""#E3E3F3""> <th>PLN_AREA_N</th> <td>ANG MO KIO</td> </tr><tr bgcolor=""""> <th>PLN_AREA_C</th> <td>AM</td> </tr><tr bgcolor=""#E3E3F3""> <th>CA_IND</th> <td>N</td> </tr><tr bgcolor=""""> <th>REGION_N</th> <td>NORTH-EAST REGION</td> </tr><tr bgcolor=""#E3E3F3""> <th>REGION_C</th> <td>NER</td> </tr><tr bgcolor=""""> <th>INC_CRC</th> <td>88DAC92AEAF47E93</td> </tr><tr bgcolor=""#E3E3F3""> <th>FMEL_UPD_D</th> <td>20191223152014</td> </tr></table></center>",Ang Mo Kio,North-East Region
BANYAN VILLAS PG,1.3872785047323783,103.83885324901108,POINT (103.83885324901108 1.3872785047323783),51.0,kml_52,"<center><table><tr><th colspan='2' align='center'><em>Attributes</em></th></tr><tr bgcolor=""#E3E3F3""> <th>PLN_AREA_N</th> <td>ANG MO KIO</td> </tr><tr bgcolor=""""> <th>PLN_AREA_C</th> <td>AM</td> </tr><tr bgcolor=""#E3E3F3""> <th>CA_IND</th> <td>N</td> </tr><tr bgcolor=""""> <th>REGION_N</th> <td>NORTH-EAST REGION</td> </tr><tr bgcolor=""#E3E3F3""> <th>REGION_C</th> <td>NER</td> </tr><tr bgcolor=""""> <th>INC_CRC</th> <td>88DAC92AEAF47E93</td> </tr><tr bgcolor=""#E3E3F3""> <th>FMEL_UPD_D</th> <td>20191223152014</td> </tr></table></center>",Ang Mo Kio,North-East Region
YISHUN NEIGHBOURHOOD PK,1.4377572398692902,103.835057961575,POINT (103.835057961575 1.4377572398692902),54.0,kml_55,"<center><table><tr><th colspan='2' align='center'><em>Attributes</em></th></tr><tr bgcolor=""#E3E3F3""> <th>PLN_AREA_N</th> <td>YISHUN</td> </tr><tr bgcolor=""""> <th>PLN_AREA_C</th> <td>YS</td> </tr><tr bgcolor=""#E3E3F3""> <th>CA_IND</th> <td>N</td> </tr><tr bgcolor=""""> <th>REGION_N</th> <td>NORTH REGION</td> </tr><tr bgcolor=""#E3E3F3""> <th>REGION_C</th> <td>NR</td> </tr><tr bgcolor=""""> <th>INC_CRC</th> <td>E56BC88A635A3D89</td> </tr><tr bgcolor=""#E3E3F3""> <th>FMEL_UPD_D</th> <td>20191223152014</td> </tr></table></center>",Yishun,North Region
PLATINA RD PG,1.427545345731652,103.82611872435533,POINT (103.82611872435533 1.427545345731652),49.0,kml_50,"<center><table><tr><th colspan='2' align='center'><em>Attributes</em></th></tr><tr bgcolor=""#E3E3F3""> <th>PLN_AREA_N</th> <td>MANDAI</td> </tr><tr bgcolor=""""> <th>PLN_AREA_C</th> <td>MD</td> </tr><tr bgcolor=""#E3E3F3""> <th>CA_IND</th> <td>N</td> </tr><tr bgcolor=""""> <th>REGION_N</th> <td>NORTH REGION</td> </tr><tr bgcolor=""#E3E3F3""> <th>REGION_C</th> <td>NR</td> </tr><tr bgcolor=""""> <th>INC_CRC</th> <td>9DDDD35305134C10</td> </tr><tr bgcolor=""#E3E3F3""> <th>FMEL_UPD_D</th> <td>20191223152014</td> </tr></table></center>",Mandai,North Region
GOODLINK PK PG,1.4272996068699648,103.8253925844362,POINT (103.8253925844362 1.4272996068699648),49.0,kml_50,"<center><table><tr><th colspan='2' align='center'><em>Attributes</em></th></tr><tr bgcolor=""#E3E3F3""> <th>PLN_AREA_N</th> <td>MANDAI</td> </tr><tr bgcolor=""""> <th>PLN_AREA_C</th> <td>MD</td> </tr><tr bgcolor=""#E3E3F3""> <th>CA_IND</th> <td>N</td> </tr><tr bgcolor=""""> <th>REGION_N</th> <td>NORTH REGION</td> </tr><tr bgcolor=""#E3E3F3""> <th>REGION_C</th> <td>NR</td> </tr><tr bgcolor=""""> <th>INC_CRC</th> <td>9DDDD35305134C10</td> </tr><tr bgcolor=""#E3E3F3""> <th>FMEL_UPD_D</th> <td>20191223152014</td> </tr></table></center>",Mandai,North Region
SPRINGLEAF GARDEN PG,1.3980392651067637,103.82232177612995,POINT (103.82232177612995 1.3980392651067637),54.0,kml_55,"<center><table><tr><th colspan='2' align='center'><em>Attributes</em></th></tr><tr bgcolor=""#E3E3F3""> <th>PLN_AREA_N</th> <td>YISHUN</td> </tr><tr bgcolor=""""> <th>PLN_AREA_C</th> <td>YS</td> </tr><tr bgcolor=""#E3E3F3""> <th>CA_IND</th> <td>N</td> </tr><tr bgcolor=""""> <th>REGION_N</th> <td>NORTH REGION</td> </tr><tr bgcolor=""#E3E3F3""> <th>REGION_C</th> <td>NR</td> </tr><tr bgcolor=""""> <th>INC_CRC</th> <td>E56BC88A635A3D89</td> </tr><tr bgcolor=""#E3E3F3""> <th>FMEL_UPD_D</th> <td>20191223152014</td> </tr></table></center>",Yishun,North Region
THONG SOON GREEN PG,1.4000547089156712,103.81838893422372,POINT (103.81838893422372 1.4000547089156712),54.0,kml_55,"<center><table><tr><th colspan='2' align='center'><em>Attributes</em></th></tr><tr bgcolor=""#E3E3F3""> <th>PLN_AREA_N</th> <td>YISHUN</td> </tr><tr bgcolor=""""> <th>PLN_AREA_C</th> <td>YS</td> </tr><tr bgcolor=""#E3E3F3""> <th>CA_IND</th> <td>N</td> </tr><tr bgcolor=""""> <th>REGION_N</th> <td>NORTH REGION</td> </tr><tr bgcolor=""#E3E3F3""> <th>REGION_C</th> <td>NR</td> </tr><tr bgcolor=""""> <th>INC_CRC</th> <td>E56BC88A635A3D89</td> </tr><tr bgcolor=""#E3E3F3""> <th>FMEL_UPD_D</th> <td>20191223152014</td> </tr></table></center>",Yishun,North Region
SPRINGLEAF AVE PG,1.4009038349808505,103.82259766879524,POINT (103.82259766879524 1.4009038349808505),54.0,kml_55,"<center><table><tr><th colspan='2' align='center'><em>Attributes</em></th></tr><tr bgcolor=""#E3E3F3""> <th>PLN_AREA_N</th> <td>YISHUN</td> </tr><tr bgcolor=""""> <th>PLN_AREA_C</th> <td>YS</td> </tr><tr bgcolor=""#E3E3F3""> <th>CA_IND</th> <td>N</td> </tr><tr bgcolor=""""> <th>REGION_N</th> <td>NORTH REGION</td> </tr><tr bgcolor=""#E3E3F3""> <th>REGION_C</th> <td>NR</td> </tr><tr bgcolor=""""> <th>INC_CRC</th> <td>E56BC88A635A3D89</td> </tr><tr bgcolor=""#E3E3F3""> <th>FMEL_UPD_D</th> <td>20191223152014</td> </tr></table></center>",Yishun,North Region
KANDIS GARDEN,1.4561915535787118,103.83564474294631,POINT (103.83564474294631 1.4561915535787118),18.0,kml_19,"<center><table><tr><th colspan='2' align='center'><em>Attributes</em></th></tr><tr bgcolor=""#E3E3F3""> <th>PLN_AREA_N</th> <td>SEMBAWANG</td> </tr><tr bgcolor=""""> <th>PLN_AREA_C</th> <td>SB</td> </tr><tr bgcolor=""#E3E3F3""> <th>CA_IND</th> <td>N</td> </tr><tr bgcolor=""""> <th>REGION_N</th> <td>NORTH REGION</td> </tr><tr bgcolor=""#E3E3F3""> <th>REGION_C</th> <td>NR</td> </tr><tr bgcolor=""""> <th>INC_CRC</th> <td>ECA1E5D6412DC621</td> </tr><tr bgcolor=""#E3E3F3""> <th>FMEL_UPD_D</th> <td>20191223152014</td> </tr></table></center>",Sembawang,North Region
JANGGUS GARDEN,1.4575398277036695,103.836983849514,POINT (103.836983849514 1.4575398277036695),18.0,kml_19,"<center><table><tr><th colspan='2' align='center'><em>Attributes</em></th></tr><tr bgcolor=""#E3E3F3""> <th>PLN_AREA_N</th> <td>SEMBAWANG</td> </tr><tr bgcolor=""""> <th>PLN_AREA_C</th> <td>SB</td> </tr><tr bgcolor=""#E3E3F3""> <th>CA_IND</th> <td>N</td> </tr><tr bgcolor=""""> <th>REGION_N</th> <td>NORTH REGION</td> </tr><tr bgcolor=""#E3E3F3""> <th>REGION_C</th> <td>NR</td> </tr><tr bgcolor=""""> <th>INC_CRC</th> <td>ECA1E5D6412DC621</td> </tr><tr bgcolor=""#E3E3F3""> <th>FMEL_UPD_D</th> <td>20191223152014</td> </tr></table></center>",Sembawang,North Region
PEBBLE GARDEN,1.4506449229179543,103.82949312449736,POINT (103.82949312449736 1.4506449229179543),18.0,kml_19,"<center><table><tr><th colspan='2' align='center'><em>Attributes</em></th></tr><tr bgcolor=""#E3E3F3""> <th>PLN_AREA_N</th> <td>SEMBAWANG</td> </tr><tr bgcolor=""""> <th>PLN_AREA_C</th> <td>SB</td> </tr><tr bgcolor=""#E3E3F3""> <th>CA_IND</th> <td>N</td> </tr><tr bgcolor=""""> <th>REGION_N</th> <td>NORTH REGION</td> </tr><tr bgcolor=""#E3E3F3""> <th>REGION_C</th> <td>NR</td> </tr><tr bgcolor=""""> <th>INC_CRC</th> <td>ECA1E5D6412DC621</td> </tr><tr bgcolor=""#E3E3F3""> <th>FMEL_UPD_D</th> <td>20191223152014</td> </tr></table></center>",Sembawang,North Region
SPRINGSIDE PK,1.40567189969779,103.82060743654344,POINT (103.82060743654344 1.40567189969779),54.0,kml_55,"<center><table><tr><th colspan='2' align='center'><em>Attributes</em></th></tr><tr bgcolor=""#E3E3F3""> <th>PLN_AREA_N</th> <td>YISHUN</td> </tr><tr bgcolor=""""> <th>PLN_AREA_C</th> <td>YS</td> </tr><tr bgcolor=""#E3E3F3""> <th>CA_IND</th> <td>N</td> </tr><tr bgcolor=""""> <th>REGION_N</th> <td>NORTH REGION</td> </tr><tr bgcolor=""#E3E3F3""> <th>REGION_C</th> <td>NR</td> </tr><tr bgcolor=""""> <th>INC_CRC</th> <td>E56BC88A635A3D89</td> </tr><tr bgcolor=""#E3E3F3""> <th>FMEL_UPD_D</th> <td>20191223152014</td> </tr></table></center>",Yishun,North Region
YISHUN POND PK,1.4280122121941303,103.83948703941309,POINT (103.83948703941309 1.4280122121941303),54.0,kml_55,"<center><table><tr><th colspan='2' align='center'><em>Attributes</em></th></tr><tr bgcolor=""#E3E3F3""> <th>PLN_AREA_N</th> <td>YISHUN</td> </tr><tr bgcolor=""""> <th>PLN_AREA_C</th> <td>YS</td> </tr><tr bgcolor=""#E3E3F3""> <th>CA_IND</th> <td>N</td> </tr><tr bgcolor=""""> <th>REGION_N</th> <td>NORTH REGION</td> </tr><tr bgcolor=""#E3E3F3""> <th>REGION_C</th> <td>NR</td> </tr><tr bgcolor=""""> <th>INC_CRC</th> <td>E56BC88A635A3D89</td> </tr><tr bgcolor=""#E3E3F3""> <th>FMEL_UPD_D</th> <td>20191223152014</td> </tr></table></center>",Yishun,North Region
MARSILING PARK,1.4376329309110691,103.76993442393145,POINT (103.76993442393145 1.4376329309110691),32.0,kml_33,"<center><table><tr><th colspan='2' align='center'><em>Attributes</em></th></tr><tr bgcolor=""#E3E3F3""> <th>PLN_AREA_N</th> <td>WOODLANDS</td> </tr><tr bgcolor=""""> <th>PLN_AREA_C</th> <td>WD</td> </tr><tr bgcolor=""#E3E3F3""> <th>CA_IND</th> <td>N</td> </tr><tr bgcolor=""""> <th>REGION_N</th> <td>NORTH REGION</td> </tr><tr bgcolor=""#E3E3F3""> <th>REGION_C</th> <td>NR</td> </tr><tr bgcolor=""""> <th>INC_CRC</th> <td>C93AEED43B7939D3</td> </tr><tr bgcolor=""#E3E3F3""> <th>FMEL_UPD_D</th> <td>20191223152014</td> </tr></table></center>",Woodlands,North Region
CHOA CHU KANG PK,1.3868788943203836,103.74719419176785,POINT (103.74719419176785 1.3868788943203836),8.0,kml_9,"<center><table><tr><th colspan='2' align='center'><em>Attributes</em></th></tr><tr bgcolor=""#E3E3F3""> <th>PLN_AREA_N</th> <td>CHOA CHU KANG</td> </tr><tr bgcolor=""""> <th>PLN_AREA_C</th> <td>CK</td> </tr><tr bgcolor=""#E3E3F3""> <th>CA_IND</th> <td>N</td> </tr><tr bgcolor=""""> <th>REGION_N</th> <td>WEST REGION</td> </tr><tr bgcolor=""#E3E3F3""> <th>REGION_C</th> <td>WR</td> </tr><tr bgcolor=""""> <th>INC_CRC</th> <td>BE26F2C074519A79</td> </tr><tr bgcolor=""#E3E3F3""> <th>FMEL_UPD_D</th> <td>20191223152014</td> </tr></table></center>",Choa Chu Kang,West Region
WOODLANDS TOWN PK EAST,1.4366664600205694,103.77932336433604,POINT (103.77932336433604 1.4366664600205694),32.0,kml_33,"<center><table><tr><th colspan='2' align='center'><em>Attributes</em></th></tr><tr bgcolor=""#E3E3F3""> <th>PLN_AREA_N</th> <td>WOODLANDS</td> </tr><tr bgcolor=""""> <th>PLN_AREA_C</th> <td>WD</td> </tr><tr bgcolor=""#E3E3F3""> <th>CA_IND</th> <td>N</td> </tr><tr bgcolor=""""> <th>REGION_N</th> <td>NORTH REGION</td> </tr><tr bgcolor=""#E3E3F3""> <th>REGION_C</th> <td>NR</td> </tr><tr bgcolor=""""> <th>INC_CRC</th> <td>C93AEED43B7939D3</td> </tr><tr bgcolor=""#E3E3F3""> <th>FMEL_UPD_D</th> <td>20191223152014</td> </tr></table></center>",Woodlands,North Region
CASHEW RD PG,1.370599819099977,103.76466780670852,POINT (103.76466780670852 1.370599819099977),4.0,kml_5,"<center><table><tr><th colspan='2' align='center'><em>Attributes</em></th></tr><tr bgcolor=""#E3E3F3""> <th>PLN_AREA_N</th> <td>BUKIT PANJANG</td> </tr><tr bgcolor=""""> <th>PLN_AREA_C</th> <td>BP</td> </tr><tr bgcolor=""#E3E3F3""> <th>CA_IND</th> <td>N</td> </tr><tr bgcolor=""""> <th>REGION_N</th> <td>WEST REGION</td> </tr><tr bgcolor=""#E3E3F3""> <th>REGION_C</th> <td>WR</td> </tr><tr bgcolor=""""> <th>INC_CRC</th> <td>656F87D23D6DAB02</td> </tr><tr bgcolor=""#E3E3F3""> <th>FMEL_UPD_D</th> <td>20191223152014</td> </tr></table></center>",Bukit Panjang,West Region
CHESTNUT DR PG,1.3676337346860437,103.76882971645354,POINT (103.76882971645354 1.3676337346860437),4.0,kml_5,"<center><table><tr><th colspan='2' align='center'><em>Attributes</em></th></tr><tr bgcolor=""#E3E3F3""> <th>PLN_AREA_N</th> <td>BUKIT PANJANG</td> </tr><tr bgcolor=""""> <th>PLN_AREA_C</th> <td>BP</td> </tr><tr bgcolor=""#E3E3F3""> <th>CA_IND</th> <td>N</td> </tr><tr bgcolor=""""> <th>REGION_N</th> <td>WEST REGION</td> </tr><tr bgcolor=""#E3E3F3""> <th>REGION_C</th> <td>WR</td> </tr><tr bgcolor=""""> <th>INC_CRC</th> <td>656F87D23D6DAB02</td> </tr><tr bgcolor=""#E3E3F3""> <th>FMEL_UPD_D</th> <td>20191223152014</td> </tr></table></center>",Bukit Panjang,West Region
CASHEW LINK PG,1.3713588873705078,103.76892501358682,POINT (103.76892501358682 1.3713588873705078),4.0,kml_5,"<center><table><tr><th colspan='2' align='center'><em>Attributes</em></th></tr><tr bgcolor=""#E3E3F3""> <th>PLN_AREA_N</th> <td>BUKIT PANJANG</td> </tr><tr bgcolor=""""> <th>PLN_AREA_C</th> <td>BP</td> </tr><tr bgcolor=""#E3E3F3""> <th>CA_IND</th> <td>N</td> </tr><tr bgcolor=""""> <th>REGION_N</th> <td>WEST REGION</td> </tr><tr bgcolor=""#E3E3F3""> <th>REGION_C</th> <td>WR</td> </tr><tr bgcolor=""""> <th>INC_CRC</th> <td>656F87D23D6DAB02</td> </tr><tr bgcolor=""#E3E3F3""> <th>FMEL_UPD_D</th> <td>20191223152014</td> </tr></table></center>",Bukit Panjang,West Region
JLN RASOK PK,1.4165006473670392,103.7590319133802,POINT (103.7590319133802 1.4165006473670392),27.0,kml_28,"<center><table><tr><th colspan='2' align='center'><em>Attributes</em></th></tr><tr bgcolor=""#E3E3F3""> <th>PLN_AREA_N</th> <td>SUNGEI KADUT</td> </tr><tr bgcolor=""""> <th>PLN_AREA_C</th> <td>SK</td> </tr><tr bgcolor=""#E3E3F3""> <th>CA_IND</th> <td>N</td> </tr><tr bgcolor=""""> <th>REGION_N</th> <td>NORTH REGION</td> </tr><tr bgcolor=""#E3E3F3""> <th>REGION_C</th> <td>NR</td> </tr><tr bgcolor=""""> <th>INC_CRC</th> <td>71B6667147A27784</td> </tr><tr bgcolor=""#E3E3F3""> <th>FMEL_UPD_D</th> <td>20191223152014</td> </tr></table></center>",Sungei Kadut,North Region
ALMOND CRESCENT PG,1.373212444460707,103.7719806052826,POINT (103.7719806052826 1.373212444460707),4.0,kml_5,"<center><table><tr><th colspan='2' align='center'><em>Attributes</em></th></tr><tr bgcolor=""#E3E3F3""> <th>PLN_AREA_N</th> <td>BUKIT PANJANG</td> </tr><tr bgcolor=""""> <th>PLN_AREA_C</th> <td>BP</td> </tr><tr bgcolor=""#E3E3F3""> <th>CA_IND</th> <td>N</td> </tr><tr bgcolor=""""> <th>REGION_N</th> <td>WEST REGION</td> </tr><tr bgcolor=""#E3E3F3""> <th>REGION_C</th> <td>WR</td> </tr><tr bgcolor=""""> <th>INC_CRC</th> <td>656F87D23D6DAB02</td> </tr><tr bgcolor=""#E3E3F3""> <th>FMEL_UPD_D</th> <td>20191223152014</td> </tr></table></center>",Bukit Panjang,West Region
HAZEL PK OS,1.37163460470999,103.76364488514352,POINT (103.76364488514352 1.37163460470999),4.0,kml_5,"<center><table><tr><th colspan='2' align='center'><em>Attributes</em></th></tr><tr bgcolor=""#E3E3F3""> <th>PLN_AREA_N</th> <td>BUKIT PANJANG</td> </tr><tr bgcolor=""""> <th>PLN_AREA_C</th> <td>BP</td> </tr><tr bgcolor=""#E3E3F3""> <th>CA_IND</th> <td>N</td> </tr><tr bgcolor=""""> <th>REGION_N</th> <td>WEST REGION</td> </tr><tr bgcolor=""#E3E3F3""> <th>REGION_C</th> <td>WR</td> </tr><tr bgcolor=""""> <th>INC_CRC</th> <td>656F87D23D6DAB02</td> </tr><tr bgcolor=""#E3E3F3""> <th>FMEL_UPD_D</th> <td>20191223152014</td> </tr></table></center>",Bukit Panjang,West Region
VILLA VERDE PK,1.3904215007174316,103.75295144222656,POINT (103.75295144222656 1.3904215007174316),8.0,kml_9,"<center><table><tr><th colspan='2' align='center'><em>Attributes</em></th></tr><tr bgcolor=""#E3E3F3""> <th>PLN_AREA_N</th> <td>CHOA CHU KANG</td> </tr><tr bgcolor=""""> <th>PLN_AREA_C</th> <td>CK</td> </tr><tr bgcolor=""#E3E3F3""> <th>CA_IND</th> <td>N</td> </tr><tr bgcolor=""""> <th>REGION_N</th> <td>WEST REGION</td> </tr><tr bgcolor=""#E3E3F3""> <th>REGION_C</th> <td>WR</td> </tr><tr bgcolor=""""> <th>INC_CRC</th> <td>BE26F2C074519A79</td> </tr><tr bgcolor=""#E3E3F3""> <th>FMEL_UPD_D</th> <td>20191223152014</td> </tr></table></center>",Choa Chu Kang,West Region
ADMIRALTY PK,1.4503318491150956,103.78004641287625,POINT (103.78004641287625 1.4503318491150956),32.0,kml_33,"<center><table><tr><th colspan='2' align='center'><em>Attributes</em></th></tr><tr bgcolor=""#E3E3F3""> <th>PLN_AREA_N</th> <td>WOODLANDS</td> </tr><tr bgcolor=""""> <th>PLN_AREA_C</th> <td>WD</td> </tr><tr bgcolor=""#E3E3F3""> <th>CA_IND</th> <td>N</td> </tr><tr bgcolor=""""> <th>REGION_N</th> <td>NORTH REGION</td> </tr><tr bgcolor=""#E3E3F3""> <th>REGION_C</th> <td>NR</td> </tr><tr bgcolor=""""> <th>INC_CRC</th> <td>C93AEED43B7939D3</td> </tr><tr bgcolor=""#E3E3F3""> <th>FMEL_UPD_D</th> <td>20191223152014</td> </tr></table></center>",Woodlands,North Region
CASHEW CRESCENT FC PG,1.372244853589548,103.76949467203684,POINT (103.76949467203684 1.372244853589548),4.0,kml_5,"<center><table><tr><th colspan='2' align='center'><em>Attributes</em></th></tr><tr bgcolor=""#E3E3F3""> <th>PLN_AREA_N</th> <td>BUKIT PANJANG</td> </tr><tr bgcolor=""""> <th>PLN_AREA_C</th> <td>BP</td> </tr><tr bgcolor=""#E3E3F3""> <th>CA_IND</th> <td>N</td> </tr><tr bgcolor=""""> <th>REGION_N</th> <td>WEST REGION</td> </tr><tr bgcolor=""#E3E3F3""> <th>REGION_C</th> <td>WR</td> </tr><tr bgcolor=""""> <th>INC_CRC</th> <td>656F87D23D6DAB02</td> </tr><tr bgcolor=""#E3E3F3""> <th>FMEL_UPD_D</th> <td>20191223152014</td> </tr></table></center>",Bukit Panjang,West Region
MARKET STREET PARK,1.2834502283705302,103.85025257913112,POINT (103.85025257913112 1.2834502283705302),39.0,kml_40,"<center><table><tr><th colspan='2' align='center'><em>Attributes</em></th></tr><tr bgcolor=""#E3E3F3""> <th>PLN_AREA_N</th> <td>DOWNTOWN CORE</td> </tr><tr bgcolor=""""> <th>PLN_AREA_C</th> <td>DT</td> </tr><tr bgcolor=""#E3E3F3""> <th>CA_IND</th> <td>Y</td> </tr><tr bgcolor=""""> <th>REGION_N</th> <td>CENTRAL REGION</td> </tr><tr bgcolor=""#E3E3F3""> <th>REGION_C</th> <td>CR</td> </tr><tr bgcolor=""""> <th>INC_CRC</th> <td>5D85EA05D2C6189D</td> </tr><tr bgcolor=""#E3E3F3""> <th>FMEL_UPD_D</th> <td>20191223152014</td> </tr></table></center>",Downtown Core,Central Region
HAMPSTEAD WETLANDS PARK,1.4091868197905,103.86927945315952,POINT (103.86927945315952 1.4091868197905),17.0,kml_18,"<center><table><tr><th colspan='2' align='center'><em>Attributes</em></th></tr><tr bgcolor=""#E3E3F3""> <th>PLN_AREA_N</th> <td>SELETAR</td> </tr><tr bgcolor=""""> <th>PLN_AREA_C</th> <td>SL</td> </tr><tr bgcolor=""#E3E3F3""> <th>CA_IND</th> <td>N</td> </tr><tr bgcolor=""""> <th>REGION_N</th> <td>NORTH-EAST REGION</td> </tr><tr bgcolor=""#E3E3F3""> <th>REGION_C</th> <td>NER</td> </tr><tr bgcolor=""""> <th>INC_CRC</th> <td>45EB8645B0A7D462</td> </tr><tr bgcolor=""#E3E3F3""> <th>FMEL_UPD_D</th> <td>20191223152014</td> </tr></table></center>",Seletar,North-East Region
YOUTH OLYMPIC PK,1.2890334954405511,103.86063943635142,POINT (103.86063943635142 1.2890334954405511),39.0,kml_40,"<center><table><tr><th colspan='2' align='center'><em>Attributes</em></th></tr><tr bgcolor=""#E3E3F3""> <th>PLN_AREA_N</th> <td>DOWNTOWN CORE</td> </tr><tr bgcolor=""""> <th>PLN_AREA_C</th> <td>DT</td> </tr><tr bgcolor=""#E3E3F3""> <th>CA_IND</th> <td>Y</td> </tr><tr bgcolor=""""> <th>REGION_N</th> <td>CENTRAL REGION</td> </tr><tr bgcolor=""#E3E3F3""> <th>REGION_C</th> <td>CR</td> </tr><tr bgcolor=""""> <th>INC_CRC</th> <td>5D85EA05D2C6189D</td> </tr><tr bgcolor=""#E3E3F3""> <th>FMEL_UPD_D</th> <td>20191223152014</td> </tr></table></center>",Downtown Core,Central Region
MACPHERSON LINEAR PK,1.3337984538293288,103.88170606628692,POINT (103.88170606628692 1.3337984538293288),28.0,kml_29,"<center><table><tr><th colspan='2' align='center'><em>Attributes</em></th></tr><tr bgcolor=""#E3E3F3""> <th>PLN_AREA_N</th> <td>TOA PAYOH</td> </tr><tr bgcolor=""""> <th>PLN_AREA_C</th> <td>TP</td> </tr><tr bgcolor=""#E3E3F3""> <th>CA_IND</th> <td>N</td> </tr><tr bgcolor=""""> <th>REGION_N</th> <td>CENTRAL REGION</td> </tr><tr bgcolor=""#E3E3F3""> <th>REGION_C</th> <td>CR</td> </tr><tr bgcolor=""""> <th>INC_CRC</th> <td>85DD6CFD19B09A35</td> </tr><tr bgcolor=""#E3E3F3""> <th>FMEL_UPD_D</th> <td>20191223152014</td> </tr></table></center>",Toa Payoh,Central Region
CORONATION PARK,1.3220260236043055,103.79640044992216,POINT (103.79640044992216 1.3220260236043055),5.0,kml_6,"<center><table><tr><th colspan='2' align='center'><em>Attributes</em></th></tr><tr bgcolor=""#E3E3F3""> <th>PLN_AREA_N</th> <td>BUKIT TIMAH</td> </tr><tr bgcolor=""""> <th>PLN_AREA_C</th> <td>BT</td> </tr><tr bgcolor=""#E3E3F3""> <th>CA_IND</th> <td>N</td> </tr><tr bgcolor=""""> <th>REGION_N</th> <td>CENTRAL REGION</td> </tr><tr bgcolor=""#E3E3F3""> <th>REGION_C</th> <td>CR</td> </tr><tr bgcolor=""""> <th>INC_CRC</th> <td>DB3037AA30D8CCDD</td> </tr><tr bgcolor=""#E3E3F3""> <th>FMEL_UPD_D</th> <td>20191223152014</td> </tr></table></center>",Bukit Timah,Central Region
HOLLAND VILLAGE PK,1.3117302451456774,103.79554394732374,POINT (103.79554394732374 1.3117302451456774),16.0,kml_17,"<center><table><tr><th colspan='2' align='center'><em>Attributes</em></th></tr><tr bgcolor=""#E3E3F3""> <th>PLN_AREA_N</th> <td>QUEENSTOWN</td> </tr><tr bgcolor=""""> <th>PLN_AREA_C</th> <td>QT</td> </tr><tr bgcolor=""#E3E3F3""> <th>CA_IND</th> <td>N</td> </tr><tr bgcolor=""""> <th>REGION_N</th> <td>CENTRAL REGION</td> </tr><tr bgcolor=""#E3E3F3""> <th>REGION_C</th> <td>CR</td> </tr><tr bgcolor=""""> <th>INC_CRC</th> <td>C0170DF008A88671</td> </tr><tr bgcolor=""#E3E3F3""> <th>FMEL_UPD_D</th> <td>20191223152014</td> </tr></table></center>",Queenstown,Central Region
BUNGA RAMPAI PK,1.3404755199680845,103.88429612227289,POINT (103.88429612227289 1.3404755199680845),28.0,kml_29,"<center><table><tr><th colspan='2' align='center'><em>Attributes</em></th></tr><tr bgcolor=""#E3E3F3""> <th>PLN_AREA_N</th> <td>TOA PAYOH</td> </tr><tr bgcolor=""""> <th>PLN_AREA_C</th> <td>TP</td> </tr><tr bgcolor=""#E3E3F3""> <th>CA_IND</th> <td>N</td> </tr><tr bgcolor=""""> <th>REGION_N</th> <td>CENTRAL REGION</td> </tr><tr bgcolor=""#E3E3F3""> <th>REGION_C</th> <td>CR</td> </tr><tr bgcolor=""""> <th>INC_CRC</th> <td>85DD6CFD19B09A35</td> </tr><tr bgcolor=""#E3E3F3""> <th>FMEL_UPD_D</th> <td>20191223152014</td> </tr></table></center>",Toa Payoh,Central Region
JALAN SEMBILANG PARK,1.3565655208983551,103.83403585965392,POINT (103.83403585965392 1.3565655208983551),50.0,kml_51,"<center><table><tr><th colspan='2' align='center'><em>Attributes</em></th></tr><tr bgcolor=""#E3E3F3""> <th>PLN_AREA_N</th> <td>BISHAN</td> </tr><tr bgcolor=""""> <th>PLN_AREA_C</th> <td>BS</td> </tr><tr bgcolor=""#E3E3F3""> <th>CA_IND</th> <td>N</td> </tr><tr bgcolor=""""> <th>REGION_N</th> <td>CENTRAL REGION</td> </tr><tr bgcolor=""#E3E3F3""> <th>REGION_C</th> <td>CR</td> </tr><tr bgcolor=""""> <th>INC_CRC</th> <td>741583155DB92ACF</td> </tr><tr bgcolor=""#E3E3F3""> <th>FMEL_UPD_D</th> <td>20191223152014</td> </tr></table></center>",Bishan,Central Region
BIDADARI PK,1.3406917048981004,103.8743258471834,POINT (103.8743258471834 1.3406917048981004),28.0,kml_29,"<center><table><tr><th colspan='2' align='center'><em>Attributes</em></th></tr><tr bgcolor=""#E3E3F3""> <th>PLN_AREA_N</th> <td>TOA PAYOH</td> </tr><tr bgcolor=""""> <th>PLN_AREA_C</th> <td>TP</td> </tr><tr bgcolor=""#E3E3F3""> <th>CA_IND</th> <td>N</td> </tr><tr bgcolor=""""> <th>REGION_N</th> <td>CENTRAL REGION</td> </tr><tr bgcolor=""#E3E3F3""> <th>REGION_C</th> <td>CR</td> </tr><tr bgcolor=""""> <th>INC_CRC</th> <td>85DD6CFD19B09A35</td> </tr><tr bgcolor=""#E3E3F3""> <th>FMEL_UPD_D</th> <td>20191223152014</td> </tr></table></center>",Toa Payoh,Central Region
ST MICHAEL'S PG,1.3262280949094876,103.8648876663764,POINT (103.8648876663764 1.3262280949094876),21.0,kml_22,"<center><table><tr><th colspan='2' align='center'><em>Attributes</em></th></tr><tr bgcolor=""#E3E3F3""> <th>PLN_AREA_N</th> <td>KALLANG</td> </tr><tr bgcolor=""""> <th>PLN_AREA_C</th> <td>KL</td> </tr><tr bgcolor=""#E3E3F3""> <th>CA_IND</th> <td>N</td> </tr><tr bgcolor=""""> <th>REGION_N</th> <td>CENTRAL REGION</td> </tr><tr bgcolor=""#E3E3F3""> <th>REGION_C</th> <td>CR</td> </tr><tr bgcolor=""""> <th>INC_CRC</th> <td>8805C45D2F327F92</td> </tr><tr bgcolor=""#E3E3F3""> <th>FMEL_UPD_D</th> <td>20191223152014</td> </tr></table></center>",Kallang,Central Region
ST MICHAEL'S FC,1.326495585887167,103.86510904659654,POINT (103.86510904659654 1.326495585887167),21.0,kml_22,"<center><table><tr><th colspan='2' align='center'><em>Attributes</em></th></tr><tr bgcolor=""#E3E3F3""> <th>PLN_AREA_N</th> <td>KALLANG</td> </tr><tr bgcolor=""""> <th>PLN_AREA_C</th> <td>KL</td> </tr><tr bgcolor=""#E3E3F3""> <th>CA_IND</th> <td>N</td> </tr><tr bgcolor=""""> <th>REGION_N</th> <td>CENTRAL REGION</td> </tr><tr bgcolor=""#E3E3F3""> <th>REGION_C</th> <td>CR</td> </tr><tr bgcolor=""""> <th>INC_CRC</th> <td>8805C45D2F327F92</td> </tr><tr bgcolor=""#E3E3F3""> <th>FMEL_UPD_D</th> <td>20191223152014</td> </tr></table></center>",Kallang,Central Region
CAMBRIDGE PARK,1.3136609018175494,103.8468378224805,POINT (103.8468378224805 1.3136609018175494),21.0,kml_22,"<center><table><tr><th colspan='2' align='center'><em>Attributes</em></th></tr><tr bgcolor=""#E3E3F3""> <th>PLN_AREA_N</th> <td>KALLANG</td> </tr><tr bgcolor=""""> <th>PLN_AREA_C</th> <td>KL</td> </tr><tr bgcolor=""#E3E3F3""> <th>CA_IND</th> <td>N</td> </tr><tr bgcolor=""""> <th>REGION_N</th> <td>CENTRAL REGION</td> </tr><tr bgcolor=""#E3E3F3""> <th>REGION_C</th> <td>CR</td> </tr><tr bgcolor=""""> <th>INC_CRC</th> <td>8805C45D2F327F92</td> </tr><tr bgcolor=""#E3E3F3""> <th>FMEL_UPD_D</th> <td>20191223152014</td> </tr></table></center>",Kallang,Central Region
KHEAM HOCK PARK,1.3304435596940567,103.81920708492936,POINT (103.81920708492936 1.3304435596940567),24.0,kml_25,"<center><table><tr><th colspan='2' align='center'><em>Attributes</em></th></tr><tr bgcolor=""#E3E3F3""> <th>PLN_AREA_N</th> <td>NOVENA</td> </tr><tr bgcolor=""""> <th>PLN_AREA_C</th> <td>NV</td> </tr><tr bgcolor=""#E3E3F3""> <th>CA_IND</th> <td>N</td> </tr><tr bgcolor=""""> <th>REGION_N</th> <td>CENTRAL REGION</td> </tr><tr bgcolor=""#E3E3F3""> <th>REGION_C</th> <td>CR</td> </tr><tr bgcolor=""""> <th>INC_CRC</th> <td>26D3DCBD67CE3F87</td> </tr><tr bgcolor=""#E3E3F3""> <th>FMEL_UPD_D</th> <td>20191223152014</td> </tr></table></center>",Novena,Central Region
CEYLON ROAD INTERIM PARK,1.309780416441062,103.89959814941292,POINT (103.89959814941292 1.309780416441062),52.0,kml_53,"<center><table><tr><th colspan='2' align='center'><em>Attributes</em></th></tr><tr bgcolor=""#E3E3F3""> <th>PLN_AREA_N</th> <td>GEYLANG</td> </tr><tr bgcolor=""""> <th>PLN_AREA_C</th> <td>GL</td> </tr><tr bgcolor=""#E3E3F3""> <th>CA_IND</th> <td>N</td> </tr><tr bgcolor=""""> <th>REGION_N</th> <td>CENTRAL REGION</td> </tr><tr bgcolor=""#E3E3F3""> <th>REGION_C</th> <td>CR</td> </tr><tr bgcolor=""""> <th>INC_CRC</th> <td>FC8678CF0ED975CA</td> </tr><tr bgcolor=""#E3E3F3""> <th>FMEL_UPD_D</th> <td>20191223152014</td> </tr></table></center>",Geylang,Central Region
HAIG WALK EXTENSION,1.3106817056633298,103.89867693205032,POINT (103.89867693205032 1.3106817056633298),52.0,kml_53,"<center><table><tr><th colspan='2' align='center'><em>Attributes</em></th></tr><tr bgcolor=""#E3E3F3""> <th>PLN_AREA_N</th> <td>GEYLANG</td> </tr><tr bgcolor=""""> <th>PLN_AREA_C</th> <td>GL</td> </tr><tr bgcolor=""#E3E3F3""> <th>CA_IND</th> <td>N</td> </tr><tr bgcolor=""""> <th>REGION_N</th> <td>CENTRAL REGION</td> </tr><tr bgcolor=""#E3E3F3""> <th>REGION_C</th> <td>CR</td> </tr><tr bgcolor=""""> <th>INC_CRC</th> <td>FC8678CF0ED975CA</td> </tr><tr bgcolor=""#E3E3F3""> <th>FMEL_UPD_D</th> <td>20191223152014</td> </tr></table></center>",Geylang,Central Region
ONAN ROAD GREEN SPACE,1.310097065723525,103.90071942071468,POINT (103.90071942071468 1.310097065723525),52.0,kml_53,"<center><table><tr><th colspan='2' align='center'><em>Attributes</em></th></tr><tr bgcolor=""#E3E3F3""> <th>PLN_AREA_N</th> <td>GEYLANG</td> </tr><tr bgcolor=""""> <th>PLN_AREA_C</th> <td>GL</td> </tr><tr bgcolor=""#E3E3F3""> <th>CA_IND</th> <td>N</td> </tr><tr bgcolor=""""> <th>REGION_N</th> <td>CENTRAL REGION</td> </tr><tr bgcolor=""#E3E3F3""> <th>REGION_C</th> <td>CR</td> </tr><tr bgcolor=""""> <th>INC_CRC</th> <td>FC8678CF0ED975CA</td> </tr><tr bgcolor=""#E3E3F3""> <th>FMEL_UPD_D</th> <td>20191223152014</td> </tr></table></center>",Geylang,Central Region
TRAS LINK PK,1.2764576104339909,103.84379019866222,POINT (103.84379019866222 1.2764576104339909),45.0,kml_46,"<center><table><tr><th colspan='2' align='center'><em>Attributes</em></th></tr><tr bgcolor=""#E3E3F3""> <th>PLN_AREA_N</th> <td>OUTRAM</td> </tr><tr bgcolor=""""> <th>PLN_AREA_C</th> <td>OT</td> </tr><tr bgcolor=""#E3E3F3""> <th>CA_IND</th> <td>Y</td> </tr><tr bgcolor=""""> <th>REGION_N</th> <td>CENTRAL REGION</td> </tr><tr bgcolor=""#E3E3F3""> <th>REGION_C</th> <td>CR</td> </tr><tr bgcolor=""""> <th>INC_CRC</th> <td>5602F03839AD2D0C</td> </tr><tr bgcolor=""#E3E3F3""> <th>FMEL_UPD_D</th> <td>20191223152014</td> </tr></table></center>",Outram,Central Region
VENUS GREEN,1.358671631467662,103.8272662339768,POINT (103.8272662339768 1.358671631467662),50.0,kml_51,"<center><table><tr><th colspan='2' align='center'><em>Attributes</em></th></tr><tr bgcolor=""#E3E3F3""> <th>PLN_AREA_N</th> <td>BISHAN</td> </tr><tr bgcolor=""""> <th>PLN_AREA_C</th> <td>BS</td> </tr><tr bgcolor=""#E3E3F3""> <th>CA_IND</th> <td>N</td> </tr><tr bgcolor=""""> <th>REGION_N</th> <td>CENTRAL REGION</td> </tr><tr bgcolor=""#E3E3F3""> <th>REGION_C</th> <td>CR</td> </tr><tr bgcolor=""""> <th>INC_CRC</th> <td>741583155DB92ACF</td> </tr><tr bgcolor=""#E3E3F3""> <th>FMEL_UPD_D</th> <td>20191223152014</td> </tr></table></center>",Bishan,Central Region
GREEN LANE PARK,1.310798045128343,103.89248426858596,POINT (103.89248426858596 1.310798045128343),52.0,kml_53,"<center><table><tr><th colspan='2' align='center'><em>Attributes</em></th></tr><tr bgcolor=""#E3E3F3""> <th>PLN_AREA_N</th> <td>GEYLANG</td> </tr><tr bgcolor=""""> <th>PLN_AREA_C</th> <td>GL</td> </tr><tr bgcolor=""#E3E3F3""> <th>CA_IND</th> <td>N</td> </tr><tr bgcolor=""""> <th>REGION_N</th> <td>CENTRAL REGION</td> </tr><tr bgcolor=""#E3E3F3""> <th>REGION_C</th> <td>CR</td> </tr><tr bgcolor=""""> <th>INC_CRC</th> <td>FC8678CF0ED975CA</td> </tr><tr bgcolor=""#E3E3F3""> <th>FMEL_UPD_D</th> <td>20191223152014</td> </tr></table></center>",Geylang,Central Region
MAR THOMA ROAD PARK,1.3273571946342186,103.86202838719863,POINT (103.86202838719863 1.3273571946342186),21.0,kml_22,"<center><table><tr><th colspan='2' align='center'><em>Attributes</em></th></tr><tr bgcolor=""#E3E3F3""> <th>PLN_AREA_N</th> <td>KALLANG</td> </tr><tr bgcolor=""""> <th>PLN_AREA_C</th> <td>KL</td> </tr><tr bgcolor=""#E3E3F3""> <th>CA_IND</th> <td>N</td> </tr><tr bgcolor=""""> <th>REGION_N</th> <td>CENTRAL REGION</td> </tr><tr bgcolor=""#E3E3F3""> <th>REGION_C</th> <td>CR</td> </tr><tr bgcolor=""""> <th>INC_CRC</th> <td>8805C45D2F327F92</td> </tr><tr bgcolor=""#E3E3F3""> <th>FMEL_UPD_D</th> <td>20191223152014</td> </tr></table></center>",Kallang,Central Region
SIAN TUAN INTERIM PARK,1.338593568895342,103.78618858002515,POINT (103.78618858002515 1.338593568895342),5.0,kml_6,"<center><table><tr><th colspan='2' align='center'><em>Attributes</em></th></tr><tr bgcolor=""#E3E3F3""> <th>PLN_AREA_N</th> <td>BUKIT TIMAH</td> </tr><tr bgcolor=""""> <th>PLN_AREA_C</th> <td>BT</td> </tr><tr bgcolor=""#E3E3F3""> <th>CA_IND</th> <td>N</td> </tr><tr bgcolor=""""> <th>REGION_N</th> <td>CENTRAL REGION</td> </tr><tr bgcolor=""#E3E3F3""> <th>REGION_C</th> <td>CR</td> </tr><tr bgcolor=""""> <th>INC_CRC</th> <td>DB3037AA30D8CCDD</td> </tr><tr bgcolor=""#E3E3F3""> <th>FMEL_UPD_D</th> <td>20191223152014</td> </tr></table></center>",Bukit Timah,Central Region
LORONG ONG LYE PARK,1.3477598168274654,103.87869663058362,POINT (103.87869663058362 1.3477598168274654),20.0,kml_21,"<center><table><tr><th colspan='2' align='center'><em>Attributes</em></th></tr><tr bgcolor=""#E3E3F3""> <th>PLN_AREA_N</th> <td>SERANGOON</td> </tr><tr bgcolor=""""> <th>PLN_AREA_C</th> <td>SG</td> </tr><tr bgcolor=""#E3E3F3""> <th>CA_IND</th> <td>N</td> </tr><tr bgcolor=""""> <th>REGION_N</th> <td>NORTH-EAST REGION</td> </tr><tr bgcolor=""#E3E3F3""> <th>REGION_C</th> <td>NER</td> </tr><tr bgcolor=""""> <th>INC_CRC</th> <td>17813E1F4CEBB72E</td> </tr><tr bgcolor=""#E3E3F3""> <th>FMEL_UPD_D</th> <td>20191223152014</td> </tr></table></center>",Serangoon,North-East Region
KOON SENG PARK,1.311044866160587,103.90283322069531,POINT (103.90283322069531 1.311044866160587),52.0,kml_53,"<center><table><tr><th colspan='2' align='center'><em>Attributes</em></th></tr><tr bgcolor=""#E3E3F3""> <th>PLN_AREA_N</th> <td>GEYLANG</td> </tr><tr bgcolor=""""> <th>PLN_AREA_C</th> <td>GL</td> </tr><tr bgcolor=""#E3E3F3""> <th>CA_IND</th> <td>N</td> </tr><tr bgcolor=""""> <th>REGION_N</th> <td>CENTRAL REGION</td> </tr><tr bgcolor=""#E3E3F3""> <th>REGION_C</th> <td>CR</td> </tr><tr bgcolor=""""> <th>INC_CRC</th> <td>FC8678CF0ED975CA</td> </tr><tr bgcolor=""#E3E3F3""> <th>FMEL_UPD_D</th> <td>20191223152014</td> </tr></table></center>",Geylang,Central Region
HOW SUN LINEAR PARK,1.345891826878166,103.87813597290209,POINT (103.87813597290209 1.345891826878166),20.0,kml_21,"<center><table><tr><th colspan='2' align='center'><em>Attributes</em></th></tr><tr bgcolor=""#E3E3F3""> <th>PLN_AREA_N</th> <td>SERANGOON</td> </tr><tr bgcolor=""""> <th>PLN_AREA_C</th> <td>SG</td> </tr><tr bgcolor=""#E3E3F3""> <th>CA_IND</th> <td>N</td> </tr><tr bgcolor=""""> <th>REGION_N</th> <td>NORTH-EAST REGION</td> </tr><tr bgcolor=""#E3E3F3""> <th>REGION_C</th> <td>NER</td> </tr><tr bgcolor=""""> <th>INC_CRC</th> <td>17813E1F4CEBB72E</td> </tr><tr bgcolor=""#E3E3F3""> <th>FMEL_UPD_D</th> <td>20191223152014</td> </tr></table></center>",Serangoon,North-East Region
TAMPINES ECO GREEN PK,1.3637104850934063,103.94837674998736,POINT (103.94837674998736 1.3637104850934063),46.0,kml_47,"<center><table><tr><th colspan='2' align='center'><em>Attributes</em></th></tr><tr bgcolor=""#E3E3F3""> <th>PLN_AREA_N</th> <td>TAMPINES</td> </tr><tr bgcolor=""""> <th>PLN_AREA_C</th> <td>TM</td> </tr><tr bgcolor=""#E3E3F3""> <th>CA_IND</th> <td>N</td> </tr><tr bgcolor=""""> <th>REGION_N</th> <td>EAST REGION</td> </tr><tr bgcolor=""#E3E3F3""> <th>REGION_C</th> <td>ER</td> </tr><tr bgcolor=""""> <th>INC_CRC</th> <td>9988953DFA610218</td> </tr><tr bgcolor=""#E3E3F3""> <th>FMEL_UPD_D</th> <td>20191223152014</td> </tr></table></center>",Tampines,East Region
LENGKONG ENAM PARK,1.327364090817036,103.91473692531704,POINT (103.91473692531704 1.327364090817036),0.0,kml_1,"<center><table><tr><th colspan='2' align='center'><em>Attributes</em></th></tr><tr bgcolor=""#E3E3F3""> <th>PLN_AREA_N</th> <td>BEDOK</td> </tr><tr bgcolor=""""> <th>PLN_AREA_C</th> <td>BD</td> </tr><tr bgcolor=""#E3E3F3""> <th>CA_IND</th> <td>N</td> </tr><tr bgcolor=""""> <th>REGION_N</th> <td>EAST REGION</td> </tr><tr bgcolor=""#E3E3F3""> <th>REGION_C</th> <td>ER</td> </tr><tr bgcolor=""""> <th>INC_CRC</th> <td>5F00E6FF084F3364</td> </tr><tr bgcolor=""#E3E3F3""> <th>FMEL_UPD_D</th> <td>20191223152014</td> </tr></table></center>",Bedok,East Region
JALAN SENANG LINEAR PARK,1.3255723945320617,103.9171842498364,POINT (103.9171842498364 1.3255723945320617),0.0,kml_1,"<center><table><tr><th colspan='2' align='center'><em>Attributes</em></th></tr><tr bgcolor=""#E3E3F3""> <th>PLN_AREA_N</th> <td>BEDOK</td> </tr><tr bgcolor=""""> <th>PLN_AREA_C</th> <td>BD</td> </tr><tr bgcolor=""#E3E3F3""> <th>CA_IND</th> <td>N</td> </tr><tr bgcolor=""""> <th>REGION_N</th> <td>EAST REGION</td> </tr><tr bgcolor=""#E3E3F3""> <th>REGION_C</th> <td>ER</td> </tr><tr bgcolor=""""> <th>INC_CRC</th> <td>5F00E6FF084F3364</td> </tr><tr bgcolor=""#E3E3F3""> <th>FMEL_UPD_D</th> <td>20191223152014</td> </tr></table></center>",Bedok,East Region
TANAH PUTEH PK,1.3158268685002996,103.93135824060478,POINT (103.93135824060478 1.3158268685002996),0.0,kml_1,"<center><table><tr><th colspan='2' align='center'><em>Attributes</em></th></tr><tr bgcolor=""#E3E3F3""> <th>PLN_AREA_N</th> <td>BEDOK</td> </tr><tr bgcolor=""""> <th>PLN_AREA_C</th> <td>BD</td> </tr><tr bgcolor=""#E3E3F3""> <th>CA_IND</th> <td>N</td> </tr><tr bgcolor=""""> <th>REGION_N</th> <td>EAST REGION</td> </tr><tr bgcolor=""#E3E3F3""> <th>REGION_C</th> <td>ER</td> </tr><tr bgcolor=""""> <th>INC_CRC</th> <td>5F00E6FF084F3364</td> </tr><tr bgcolor=""#E3E3F3""> <th>FMEL_UPD_D</th> <td>20191223152014</td> </tr></table></center>",Bedok,East Region
TELOK KURAU LORONG N PK,1.3103250756376554,103.91280540959376,POINT (103.91280540959376 1.3103250756376554),0.0,kml_1,"<center><table><tr><th colspan='2' align='center'><em>Attributes</em></th></tr><tr bgcolor=""#E3E3F3""> <th>PLN_AREA_N</th> <td>BEDOK</td> </tr><tr bgcolor=""""> <th>PLN_AREA_C</th> <td>BD</td> </tr><tr bgcolor=""#E3E3F3""> <th>CA_IND</th> <td>N</td> </tr><tr bgcolor=""""> <th>REGION_N</th> <td>EAST REGION</td> </tr><tr bgcolor=""#E3E3F3""> <th>REGION_C</th> <td>ER</td> </tr><tr bgcolor=""""> <th>INC_CRC</th> <td>5F00E6FF084F3364</td> </tr><tr bgcolor=""#E3E3F3""> <th>FMEL_UPD_D</th> <td>20191223152014</td> </tr></table></center>",Bedok,East Region
JLN DAUD PK,1.3258268500339527,103.90710085142923,POINT (103.90710085142923 1.3258268500339527),0.0,kml_1,"<center><table><tr><th colspan='2' align='center'><em>Attributes</em></th></tr><tr bgcolor=""#E3E3F3""> <th>PLN_AREA_N</th> <td>BEDOK</td> </tr><tr bgcolor=""""> <th>PLN_AREA_C</th> <td>BD</td> </tr><tr bgcolor=""#E3E3F3""> <th>CA_IND</th> <td>N</td> </tr><tr bgcolor=""""> <th>REGION_N</th> <td>EAST REGION</td> </tr><tr bgcolor=""#E3E3F3""> <th>REGION_C</th> <td>ER</td> </tr><tr bgcolor=""""> <th>INC_CRC</th> <td>5F00E6FF084F3364</td> </tr><tr bgcolor=""#E3E3F3""> <th>FMEL_UPD_D</th> <td>20191223152014</td> </tr></table></center>",Bedok,East Region
JLN DAUD INTERIM PK,1.3255910007377705,103.9065336272202,POINT (103.9065336272202 1.3255910007377705),0.0,kml_1,"<center><table><tr><th colspan='2' align='center'><em>Attributes</em></th></tr><tr bgcolor=""#E3E3F3""> <th>PLN_AREA_N</th> <td>BEDOK</td> </tr><tr bgcolor=""""> <th>PLN_AREA_C</th> <td>BD</td> </tr><tr bgcolor=""#E3E3F3""> <th>CA_IND</th> <td>N</td> </tr><tr bgcolor=""""> <th>REGION_N</th> <td>EAST REGION</td> </tr><tr bgcolor=""#E3E3F3""> <th>REGION_C</th> <td>ER</td> </tr><tr bgcolor=""""> <th>INC_CRC</th> <td>5F00E6FF084F3364</td> </tr><tr bgcolor=""#E3E3F3""> <th>FMEL_UPD_D</th> <td>20191223152014</td> </tr></table></center>",Bedok,East Region
JLN EUNOS INTERIM PK,1.3249340929151467,103.90600138050888,POINT (103.90600138050888 1.3249340929151467),0.0,kml_1,"<center><table><tr><th colspan='2' align='center'><em>Attributes</em></th></tr><tr bgcolor=""#E3E3F3""> <th>PLN_AREA_N</th> <td>BEDOK</td> </tr><tr bgcolor=""""> <th>PLN_AREA_C</th> <td>BD</td> </tr><tr bgcolor=""#E3E3F3""> <th>CA_IND</th> <td>N</td> </tr><tr bgcolor=""""> <th>REGION_N</th> <td>EAST REGION</td> </tr><tr bgcolor=""#E3E3F3""> <th>REGION_C</th> <td>ER</td> </tr><tr bgcolor=""""> <th>INC_CRC</th> <td>5F00E6FF084F3364</td> </tr><tr bgcolor=""#E3E3F3""> <th>FMEL_UPD_D</th> <td>20191223152014</td> </tr></table></center>",Bedok,East Region
JLN AWANG INTERIM PK,1.323882729509606,103.90586782493943,POINT (103.90586782493943 1.323882729509606),0.0,kml_1,"<center><table><tr><th colspan='2' align='center'><em>Attributes</em></th></tr><tr bgcolor=""#E3E3F3""> <th>PLN_AREA_N</th> <td>BEDOK</td> </tr><tr bgcolor=""""> <th>PLN_AREA_C</th> <td>BD</td> </tr><tr bgcolor=""#E3E3F3""> <th>CA_IND</th> <td>N</td> </tr><tr bgcolor=""""> <th>REGION_N</th> <td>EAST REGION</td> </tr><tr bgcolor=""#E3E3F3""> <th>REGION_C</th> <td>ER</td> </tr><tr bgcolor=""""> <th>INC_CRC</th> <td>5F00E6FF084F3364</td> </tr><tr bgcolor=""#E3E3F3""> <th>FMEL_UPD_D</th> <td>20191223152014</td> </tr></table></center>",Bedok,East Region
JLN YASIN INTERIM PK,1.3213610329678636,103.90555486606854,POINT (103.90555486606854 1.3213610329678636),0.0,kml_1,"<center><table><tr><th colspan='2' align='center'><em>Attributes</em></th></tr><tr bgcolor=""#E3E3F3""> <th>PLN_AREA_N</th> <td>BEDOK</td> </tr><tr bgcolor=""""> <th>PLN_AREA_C</th> <td>BD</td> </tr><tr bgcolor=""#E3E3F3""> <th>CA_IND</th> <td>N</td> </tr><tr bgcolor=""""> <th>REGION_N</th> <td>EAST REGION</td> </tr><tr bgcolor=""#E3E3F3""> <th>REGION_C</th> <td>ER</td> </tr><tr bgcolor=""""> <th>INC_CRC</th> <td>5F00E6FF084F3364</td> </tr><tr bgcolor=""#E3E3F3""> <th>FMEL_UPD_D</th> <td>20191223152014</td> </tr></table></center>",Bedok,East Region
SENNETT AVE LINEAR PK,1.317581114211267,103.93596368818606,POINT (103.93596368818606 1.317581114211267),0.0,kml_1,"<center><table><tr><th colspan='2' align='center'><em>Attributes</em></th></tr><tr bgcolor=""#E3E3F3""> <th>PLN_AREA_N</th> <td>BEDOK</td> </tr><tr bgcolor=""""> <th>PLN_AREA_C</th> <td>BD</td> </tr><tr bgcolor=""#E3E3F3""> <th>CA_IND</th> <td>N</td> </tr><tr bgcolor=""""> <th>REGION_N</th> <td>EAST REGION</td> </tr><tr bgcolor=""#E3E3F3""> <th>REGION_C</th> <td>ER</td> </tr><tr bgcolor=""""> <th>INC_CRC</th> <td>5F00E6FF084F3364</td> </tr><tr bgcolor=""#E3E3F3""> <th>FMEL_UPD_D</th> <td>20191223152014</td> </tr></table></center>",Bedok,East Region
JALAN ISHAK PARK,1.324143795221918,103.90719783457328,POINT (103.90719783457328 1.324143795221918),0.0,kml_1,"<center><table><tr><th colspan='2' align='center'><em>Attributes</em></th></tr><tr bgcolor=""#E3E3F3""> <th>PLN_AREA_N</th> <td>BEDOK</td> </tr><tr bgcolor=""""> <th>PLN_AREA_C</th> <td>BD</td> </tr><tr bgcolor=""#E3E3F3""> <th>CA_IND</th> <td>N</td> </tr><tr bgcolor=""""> <th>REGION_N</th> <td>EAST REGION</td> </tr><tr bgcolor=""#E3E3F3""> <th>REGION_C</th> <td>ER</td> </tr><tr bgcolor=""""> <th>INC_CRC</th> <td>5F00E6FF084F3364</td> </tr><tr bgcolor=""#E3E3F3""> <th>FMEL_UPD_D</th> <td>20191223152014</td> </tr></table></center>",Bedok,East Region
LORONG MARICAN PARK,1.3238874167098094,103.90793148364664,POINT (103.90793148364664 1.3238874167098094),0.0,kml_1,"<center><table><tr><th colspan='2' align='center'><em>Attributes</em></th></tr><tr bgcolor=""#E3E3F3""> <th>PLN_AREA_N</th> <td>BEDOK</td> </tr><tr bgcolor=""""> <th>PLN_AREA_C</th> <td>BD</td> </tr><tr bgcolor=""#E3E3F3""> <th>CA_IND</th> <td>N</td> </tr><tr bgcolor=""""> <th>REGION_N</th> <td>EAST REGION</td> </tr><tr bgcolor=""#E3E3F3""> <th>REGION_C</th> <td>ER</td> </tr><tr bgcolor=""""> <th>INC_CRC</th> <td>5F00E6FF084F3364</td> </tr><tr bgcolor=""#E3E3F3""> <th>FMEL_UPD_D</th> <td>20191223152014</td> </tr></table></center>",Bedok,East Region
LORONG MARZUKI PARK,1.3237972700036256,103.90833923340004,POINT (103.90833923340004 1.3237972700036256),0.0,kml_1,"<center><table><tr><th colspan='2' align='center'><em>Attributes</em></th></tr><tr bgcolor=""#E3E3F3""> <th>PLN_AREA_N</th> <td>BEDOK</td> </tr><tr bgcolor=""""> <th>PLN_AREA_C</th> <td>BD</td> </tr><tr bgcolor=""#E3E3F3""> <th>CA_IND</th> <td>N</td> </tr><tr bgcolor=""""> <th>REGION_N</th> <td>EAST REGION</td> </tr><tr bgcolor=""#E3E3F3""> <th>REGION_C</th> <td>ER</td> </tr><tr bgcolor=""""> <th>INC_CRC</th> <td>5F00E6FF084F3364</td> </tr><tr bgcolor=""#E3E3F3""> <th>FMEL_UPD_D</th> <td>20191223152014</td> </tr></table></center>",Bedok,East Region
LORONG MELAYU PARK,1.3239981939644312,103.90932502642964,POINT (103.90932502642964 1.3239981939644312),0.0,kml_1,"<center><table><tr><th colspan='2' align='center'><em>Attributes</em></th></tr><tr bgcolor=""#E3E3F3""> <th>PLN_AREA_N</th> <td>BEDOK</td> </tr><tr bgcolor=""""> <th>PLN_AREA_C</th> <td>BD</td> </tr><tr bgcolor=""#E3E3F3""> <th>CA_IND</th> <td>N</td> </tr><tr bgcolor=""""> <th>REGION_N</th> <td>EAST REGION</td> </tr><tr bgcolor=""#E3E3F3""> <th>REGION_C</th> <td>ER</td> </tr><tr bgcolor=""""> <th>INC_CRC</th> <td>5F00E6FF084F3364</td> </tr><tr bgcolor=""#E3E3F3""> <th>FMEL_UPD_D</th> <td>20191223152014</td> </tr></table></center>",Bedok,East Region
JALAN SINGA PARK,1.3309719001814444,103.9069388354374,POINT (103.9069388354374 1.3309719001814444),0.0,kml_1,"<center><table><tr><th colspan='2' align='center'><em>Attributes</em></th></tr><tr bgcolor=""#E3E3F3""> <th>PLN_AREA_N</th> <td>BEDOK</td> </tr><tr bgcolor=""""> <th>PLN_AREA_C</th> <td>BD</td> </tr><tr bgcolor=""#E3E3F3""> <th>CA_IND</th> <td>N</td> </tr><tr bgcolor=""""> <th>REGION_N</th> <td>EAST REGION</td> </tr><tr bgcolor=""#E3E3F3""> <th>REGION_C</th> <td>ER</td> </tr><tr bgcolor=""""> <th>INC_CRC</th> <td>5F00E6FF084F3364</td> </tr><tr bgcolor=""#E3E3F3""> <th>FMEL_UPD_D</th> <td>20191223152014</td> </tr></table></center>",Bedok,East Region
SEA BREEZE AVENUE PARK,1.3386583856793284,103.95218941847628,POINT (103.95218941847628 1.3386583856793284),46.0,kml_47,"<center><table><tr><th colspan='2' align='center'><em>Attributes</em></th></tr><tr bgcolor=""#E3E3F3""> <th>PLN_AREA_N</th> <td>TAMPINES</td> </tr><tr bgcolor=""""> <th>PLN_AREA_C</th> <td>TM</td> </tr><tr bgcolor=""#E3E3F3""> <th>CA_IND</th> <td>N</td> </tr><tr bgcolor=""""> <th>REGION_N</th> <td>EAST REGION</td> </tr><tr bgcolor=""#E3E3F3""> <th>REGION_C</th> <td>ER</td> </tr><tr bgcolor=""""> <th>INC_CRC</th> <td>9988953DFA610218</td> </tr><tr bgcolor=""#E3E3F3""> <th>FMEL_UPD_D</th> <td>20191223152014</td> </tr></table></center>",Tampines,East Region
SEA BREEZE GARDEN PARK,1.337865928554698,103.95042164618069,POINT (103.95042164618069 1.337865928554698),46.0,kml_47,"<center><table><tr><th colspan='2' align='center'><em>Attributes</em></th></tr><tr bgcolor=""#E3E3F3""> <th>PLN_AREA_N</th> <td>TAMPINES</td> </tr><tr bgcolor=""""> <th>PLN_AREA_C</th> <td>TM</td> </tr><tr bgcolor=""#E3E3F3""> <th>CA_IND</th> <td>N</td> </tr><tr bgcolor=""""> <th>REGION_N</th> <td>EAST REGION</td> </tr><tr bgcolor=""#E3E3F3""> <th>REGION_C</th> <td>ER</td> </tr><tr bgcolor=""""> <th>INC_CRC</th> <td>9988953DFA610218</td> </tr><tr bgcolor=""#E3E3F3""> <th>FMEL_UPD_D</th> <td>20191223152014</td> </tr></table></center>",Tampines,East Region
JLN KAYU PK,1.3981028673361924,103.87288129000338,POINT (103.87288129000338 1.3981028673361924),19.0,kml_20,"<center><table><tr><th colspan='2' align='center'><em>Attributes</em></th></tr><tr bgcolor=""#E3E3F3""> <th>PLN_AREA_N</th> <td>SENGKANG</td> </tr><tr bgcolor=""""> <th>PLN_AREA_C</th> <td>SE</td> </tr><tr bgcolor=""#E3E3F3""> <th>CA_IND</th> <td>N</td> </tr><tr bgcolor=""""> <th>REGION_N</th> <td>NORTH-EAST REGION</td> </tr><tr bgcolor=""#E3E3F3""> <th>REGION_C</th> <td>NER</td> </tr><tr bgcolor=""""> <th>INC_CRC</th> <td>3909BE3D6566DC6B</td> </tr><tr bgcolor=""#E3E3F3""> <th>FMEL_UPD_D</th> <td>20191223152014</td> </tr></table></center>",Sengkang,North-East Region
PUNGGOL WATERWAY PK,1.4109972133070596,103.90481505251176,POINT (103.90481505251176 1.4109972133070596),15.0,kml_16,"<center><table><tr><th colspan='2' align='center'><em>Attributes</em></th></tr><tr bgcolor=""#E3E3F3""> <th>PLN_AREA_N</th> <td>PUNGGOL</td> </tr><tr bgcolor=""""> <th>PLN_AREA_C</th> <td>PG</td> </tr><tr bgcolor=""#E3E3F3""> <th>CA_IND</th> <td>N</td> </tr><tr bgcolor=""""> <th>REGION_N</th> <td>NORTH-EAST REGION</td> </tr><tr bgcolor=""#E3E3F3""> <th>REGION_C</th> <td>NER</td> </tr><tr bgcolor=""""> <th>INC_CRC</th> <td>DA6BAAC88FE4D2B4</td> </tr><tr bgcolor=""#E3E3F3""> <th>FMEL_UPD_D</th> <td>20191223152014</td> </tr></table></center>",Punggol,North-East Region
CHILTERN DRIVE INTERIM PARK,1.3485590553796722,103.86200639142878,POINT (103.86200639142878 1.3485590553796722),20.0,kml_21,"<center><table><tr><th colspan='2' align='center'><em>Attributes</em></th></tr><tr bgcolor=""#E3E3F3""> <th>PLN_AREA_N</th> <td>SERANGOON</td> </tr><tr bgcolor=""""> <th>PLN_AREA_C</th> <td>SG</td> </tr><tr bgcolor=""#E3E3F3""> <th>CA_IND</th> <td>N</td> </tr><tr bgcolor=""""> <th>REGION_N</th> <td>NORTH-EAST REGION</td> </tr><tr bgcolor=""#E3E3F3""> <th>REGION_C</th> <td>NER</td> </tr><tr bgcolor=""""> <th>INC_CRC</th> <td>17813E1F4CEBB72E</td> </tr><tr bgcolor=""#E3E3F3""> <th>FMEL_UPD_D</th> <td>20191223152014</td> </tr></table></center>",Serangoon,North-East Region
LUXUS HILLS PARK,1.3794966735254204,103.8750061921116,POINT (103.8750061921116 1.3794966735254204),20.0,kml_21,"<center><table><tr><th colspan='2' align='center'><em>Attributes</em></th></tr><tr bgcolor=""#E3E3F3""> <th>PLN_AREA_N</th> <td>SERANGOON</td> </tr><tr bgcolor=""""> <th>PLN_AREA_C</th> <td>SG</td> </tr><tr bgcolor=""#E3E3F3""> <th>CA_IND</th> <td>N</td> </tr><tr bgcolor=""""> <th>REGION_N</th> <td>NORTH-EAST REGION</td> </tr><tr bgcolor=""#E3E3F3""> <th>REGION_C</th> <td>NER</td> </tr><tr bgcolor=""""> <th>INC_CRC</th> <td>17813E1F4CEBB72E</td> </tr><tr bgcolor=""#E3E3F3""> <th>FMEL_UPD_D</th> <td>20191223152014</td> </tr></table></center>",Serangoon,North-East Region
COLCHESTER GROVE INTERIM OS,1.3564831011967846,103.86674253718547,POINT (103.86674253718547 1.3564831011967846),20.0,kml_21,"<center><table><tr><th colspan='2' align='center'><em>Attributes</em></th></tr><tr bgcolor=""#E3E3F3""> <th>PLN_AREA_N</th> <td>SERANGOON</td> </tr><tr bgcolor=""""> <th>PLN_AREA_C</th> <td>SG</td> </tr><tr bgcolor=""#E3E3F3""> <th>CA_IND</th> <td>N</td> </tr><tr bgcolor=""""> <th>REGION_N</th> <td>NORTH-EAST REGION</td> </tr><tr bgcolor=""#E3E3F3""> <th>REGION_C</th> <td>NER</td> </tr><tr bgcolor=""""> <th>INC_CRC</th> <td>17813E1F4CEBB72E</td> </tr><tr bgcolor=""#E3E3F3""> <th>FMEL_UPD_D</th> <td>20191223152014</td> </tr></table></center>",Serangoon,North-East Region
ANG MO KIO LINEAR PK (PLOT 2),1.37933423418482,103.87176018975931,POINT (103.87176018975931 1.37933423418482),20.0,kml_21,"<center><table><tr><th colspan='2' align='center'><em>Attributes</em></th></tr><tr bgcolor=""#E3E3F3""> <th>PLN_AREA_N</th> <td>SERANGOON</td> </tr><tr bgcolor=""""> <th>PLN_AREA_C</th> <td>SG</td> </tr><tr bgcolor=""#E3E3F3""> <th>CA_IND</th> <td>N</td> </tr><tr bgcolor=""""> <th>REGION_N</th> <td>NORTH-EAST REGION</td> </tr><tr bgcolor=""#E3E3F3""> <th>REGION_C</th> <td>NER</td> </tr><tr bgcolor=""""> <th>INC_CRC</th> <td>17813E1F4CEBB72E</td> </tr><tr bgcolor=""#E3E3F3""> <th>FMEL_UPD_D</th> <td>20191223152014</td> </tr></table></center>",Serangoon,North-East Region
ANG MO KIO LINEAR PK (PLOT 3),1.379191402986932,103.86871835024394,POINT (103.86871835024394 1.379191402986932),20.0,kml_21,"<center><table><tr><th colspan='2' align='center'><em>Attributes</em></th></tr><tr bgcolor=""#E3E3F3""> <th>PLN_AREA_N</th> <td>SERANGOON</td> </tr><tr bgcolor=""""> <th>PLN_AREA_C</th> <td>SG</td> </tr><tr bgcolor=""#E3E3F3""> <th>CA_IND</th> <td>N</td> </tr><tr bgcolor=""""> <th>REGION_N</th> <td>NORTH-EAST REGION</td> </tr><tr bgcolor=""#E3E3F3""> <th>REGION_C</th> <td>NER</td> </tr><tr bgcolor=""""> <th>INC_CRC</th> <td>17813E1F4CEBB72E</td> </tr><tr bgcolor=""#E3E3F3""> <th>FMEL_UPD_D</th> <td>20191223152014</td> </tr></table></center>",Serangoon,North-East Region
JLN KAYU INTERIM PK,1.3987879613464556,103.87253565687772,POINT (103.87253565687772 1.3987879613464556),19.0,kml_20,"<center><table><tr><th colspan='2' align='center'><em>Attributes</em></th></tr><tr bgcolor=""#E3E3F3""> <th>PLN_AREA_N</th> <td>SENGKANG</td> </tr><tr bgcolor=""""> <th>PLN_AREA_C</th> <td>SE</td> </tr><tr bgcolor=""#E3E3F3""> <th>CA_IND</th> <td>N</td> </tr><tr bgcolor=""""> <th>REGION_N</th> <td>NORTH-EAST REGION</td> </tr><tr bgcolor=""#E3E3F3""> <th>REGION_C</th> <td>NER</td> </tr><tr bgcolor=""""> <th>INC_CRC</th> <td>3909BE3D6566DC6B</td> </tr><tr bgcolor=""#E3E3F3""> <th>FMEL_UPD_D</th> <td>20191223152014</td> </tr></table></center>",Sengkang,North-East Region
REALTY PARK,1.3682274567821835,103.89011876921556,POINT (103.89011876921556 1.3682274567821835),10.0,kml_11,"<center><table><tr><th colspan='2' align='center'><em>Attributes</em></th></tr><tr bgcolor=""#E3E3F3""> <th>PLN_AREA_N</th> <td>HOUGANG</td> </tr><tr bgcolor=""""> <th>PLN_AREA_C</th> <td>HG</td> </tr><tr bgcolor=""#E3E3F3""> <th>CA_IND</th> <td>N</td> </tr><tr bgcolor=""""> <th>REGION_N</th> <td>NORTH-EAST REGION</td> </tr><tr bgcolor=""#E3E3F3""> <th>REGION_C</th> <td>NER</td> </tr><tr bgcolor=""""> <th>INC_CRC</th> <td>F84184E6D4F3B1DD</td> </tr><tr bgcolor=""#E3E3F3""> <th>FMEL_UPD_D</th> <td>20191223152014</td> </tr></table></center>",Hougang,North-East Region
PAYA LEBAR ROAD PARK,1.3328488352836063,103.88858043913332,POINT (103.88858043913332 1.3328488352836063),52.0,kml_53,"<center><table><tr><th colspan='2' align='center'><em>Attributes</em></th></tr><tr bgcolor=""#E3E3F3""> <th>PLN_AREA_N</th> <td>GEYLANG</td> </tr><tr bgcolor=""""> <th>PLN_AREA_C</th> <td>GL</td> </tr><tr bgcolor=""#E3E3F3""> <th>CA_IND</th> <td>N</td> </tr><tr bgcolor=""""> <th>REGION_N</th> <td>CENTRAL REGION</td> </tr><tr bgcolor=""#E3E3F3""> <th>REGION_C</th> <td>CR</td> </tr><tr bgcolor=""""> <th>INC_CRC</th> <td>FC8678CF0ED975CA</td> </tr><tr bgcolor=""#E3E3F3""> <th>FMEL_UPD_D</th> <td>20191223152014</td> </tr></table></center>",Geylang,Central Region
WOODLANDS WATERFRONT PK,1.4533560651448352,103.78131812725178,POINT (103.78131812725178 1.4533560651448352),32.0,kml_33,"<center><table><tr><th colspan='2' align='center'><em>Attributes</em></th></tr><tr bgcolor=""#E3E3F3""> <th>PLN_AREA_N</th> <td>WOODLANDS</td> </tr><tr bgcolor=""""> <th>PLN_AREA_C</th> <td>WD</td> </tr><tr bgcolor=""#E3E3F3""> <th>CA_IND</th> <td>N</td> </tr><tr bgcolor=""""> <th>REGION_N</th> <td>NORTH REGION</td> </tr><tr bgcolor=""#E3E3F3""> <th>REGION_C</th> <td>NR</td> </tr><tr bgcolor=""""> <th>INC_CRC</th> <td>C93AEED43B7939D3</td> </tr><tr bgcolor=""#E3E3F3""> <th>FMEL_UPD_D</th> <td>20191223152014</td> </tr></table></center>",Woodlands,North Region
KEMUNING PK,1.4393255722864349,103.82708060222012,POINT (103.82708060222012 1.4393255722864349),18.0,kml_19,"<center><table><tr><th colspan='2' align='center'><em>Attributes</em></th></tr><tr bgcolor=""#E3E3F3""> <th>PLN_AREA_N</th> <td>SEMBAWANG</td> </tr><tr bgcolor=""""> <th>PLN_AREA_C</th> <td>SB</td> </tr><tr bgcolor=""#E3E3F3""> <th>CA_IND</th> <td>N</td> </tr><tr bgcolor=""""> <th>REGION_N</th> <td>NORTH REGION</td> </tr><tr bgcolor=""#E3E3F3""> <th>REGION_C</th> <td>NR</td> </tr><tr bgcolor=""""> <th>INC_CRC</th> <td>ECA1E5D6412DC621</td> </tr><tr bgcolor=""#E3E3F3""> <th>FMEL_UPD_D</th> <td>20191223152014</td> </tr></table></center>",Sembawang,North Region
LEGUNDI PK,1.4411560592577497,103.82207014723264,POINT (103.82207014723264 1.4411560592577497),18.0,kml_19,"<center><table><tr><th colspan='2' align='center'><em>Attributes</em></th></tr><tr bgcolor=""#E3E3F3""> <th>PLN_AREA_N</th> <td>SEMBAWANG</td> </tr><tr bgcolor=""""> <th>PLN_AREA_C</th> <td>SB</td> </tr><tr bgcolor=""#E3E3F3""> <th>CA_IND</th> <td>N</td> </tr><tr bgcolor=""""> <th>REGION_N</th> <td>NORTH REGION</td> </tr><tr bgcolor=""#E3E3F3""> <th>REGION_C</th> <td>NR</td> </tr><tr bgcolor=""""> <th>INC_CRC</th> <td>ECA1E5D6412DC621</td> </tr><tr bgcolor=""#E3E3F3""> <th>FMEL_UPD_D</th> <td>20191223152014</td> </tr></table></center>",Sembawang,North Region
BROOK'S PARK,1.4056081881963591,103.82297934779446,POINT (103.82297934779446 1.4056081881963591),54.0,kml_55,"<center><table><tr><th colspan='2' align='center'><em>Attributes</em></th></tr><tr bgcolor=""#E3E3F3""> <th>PLN_AREA_N</th> <td>YISHUN</td> </tr><tr bgcolor=""""> <th>PLN_AREA_C</th> <td>YS</td> </tr><tr bgcolor=""#E3E3F3""> <th>CA_IND</th> <td>N</td> </tr><tr bgcolor=""""> <th>REGION_N</th> <td>NORTH REGION</td> </tr><tr bgcolor=""#E3E3F3""> <th>REGION_C</th> <td>NR</td> </tr><tr bgcolor=""""> <th>INC_CRC</th> <td>E56BC88A635A3D89</td> </tr><tr bgcolor=""#E3E3F3""> <th>FMEL_UPD_D</th> <td>20191223152014</td> </tr></table></center>",Yishun,North Region
HAUS LINEAR PARK,1.364469664935699,103.86001282197256,POINT (103.86001282197256 1.364469664935699),20.0,kml_21,"<center><table><tr><th colspan='2' align='center'><em>Attributes</em></th></tr><tr bgcolor=""#E3E3F3""> <th>PLN_AREA_N</th> <td>SERANGOON</td> </tr><tr bgcolor=""""> <th>PLN_AREA_C</th> <td>SG</td> </tr><tr bgcolor=""#E3E3F3""> <th>CA_IND</th> <td>N</td> </tr><tr bgcolor=""""> <th>REGION_N</th> <td>NORTH-EAST REGION</td> </tr><tr bgcolor=""#E3E3F3""> <th>REGION_C</th> <td>NER</td> </tr><tr bgcolor=""""> <th>INC_CRC</th> <td>17813E1F4CEBB72E</td> </tr><tr bgcolor=""#E3E3F3""> <th>FMEL_UPD_D</th> <td>20191223152014</td> </tr></table></center>",Serangoon,North-East Region
SEMBAWANG HOT SPRING PARK,1.4343322631927482,103.82264581250642,POINT (103.82264581250642 1.4343322631927482),49.0,kml_50,"<center><table><tr><th colspan='2' align='center'><em>Attributes</em></th></tr><tr bgcolor=""#E3E3F3""> <th>PLN_AREA_N</th> <td>MANDAI</td> </tr><tr bgcolor=""""> <th>PLN_AREA_C</th> <td>MD</td> </tr><tr bgcolor=""#E3E3F3""> <th>CA_IND</th> <td>N</td> </tr><tr bgcolor=""""> <th>REGION_N</th> <td>NORTH REGION</td> </tr><tr bgcolor=""#E3E3F3""> <th>REGION_C</th> <td>NR</td> </tr><tr bgcolor=""""> <th>INC_CRC</th> <td>9DDDD35305134C10</td> </tr><tr bgcolor=""#E3E3F3""> <th>FMEL_UPD_D</th> <td>20191223152014</td> </tr></table></center>",Mandai,North Region
IRAU DRIVE PLAYGROUND,1.461943538497985,103.84006882882944,POINT (103.84006882882944 1.461943538497985),18.0,kml_19,"<center><table><tr><th colspan='2' align='center'><em>Attributes</em></th></tr><tr bgcolor=""#E3E3F3""> <th>PLN_AREA_N</th> <td>SEMBAWANG</td> </tr><tr bgcolor=""""> <th>PLN_AREA_C</th> <td>SB</td> </tr><tr bgcolor=""#E3E3F3""> <th>CA_IND</th> <td>N</td> </tr><tr bgcolor=""""> <th>REGION_N</th> <td>NORTH REGION</td> </tr><tr bgcolor=""#E3E3F3""> <th>REGION_C</th> <td>NR</td> </tr><tr bgcolor=""""> <th>INC_CRC</th> <td>ECA1E5D6412DC621</td> </tr><tr bgcolor=""#E3E3F3""> <th>FMEL_UPD_D</th> <td>20191223152014</td> </tr></table></center>",Sembawang,North Region
UPPER SERANGOON PARK,1.3516374385511811,103.87522575970937,POINT (103.87522575970937 1.3516374385511811),20.0,kml_21,"<center><table><tr><th colspan='2' align='center'><em>Attributes</em></th></tr><tr bgcolor=""#E3E3F3""> <th>PLN_AREA_N</th> <td>SERANGOON</td> </tr><tr bgcolor=""""> <th>PLN_AREA_C</th> <td>SG</td> </tr><tr bgcolor=""#E3E3F3""> <th>CA_IND</th> <td>N</td> </tr><tr bgcolor=""""> <th>REGION_N</th> <td>NORTH-EAST REGION</td> </tr><tr bgcolor=""#E3E3F3""> <th>REGION_C</th> <td>NER</td> </tr><tr bgcolor=""""> <th>INC_CRC</th> <td>17813E1F4CEBB72E</td> </tr><tr bgcolor=""#E3E3F3""> <th>FMEL_UPD_D</th> <td>20191223152014</td> </tr></table></center>",Serangoon,North-East Region
LORONG KEMUNCHUP PLAYGROUND,1.3603930473435468,103.76093338574456,POINT (103.76093338574456 1.3603930473435468),2.0,kml_3,"<center><table><tr><th colspan='2' align='center'><em>Attributes</em></th></tr><tr bgcolor=""#E3E3F3""> <th>PLN_AREA_N</th> <td>BUKIT BATOK</td> </tr><tr bgcolor=""""> <th>PLN_AREA_C</th> <td>BK</td> </tr><tr bgcolor=""#E3E3F3""> <th>CA_IND</th> <td>N</td> </tr><tr bgcolor=""""> <th>REGION_N</th> <td>WEST REGION</td> </tr><tr bgcolor=""#E3E3F3""> <th>REGION_C</th> <td>WR</td> </tr><tr bgcolor=""""> <th>INC_CRC</th> <td>3BEC4C829160F28A</td> </tr><tr bgcolor=""#E3E3F3""> <th>FMEL_UPD_D</th> <td>20191223152014</td> </tr></table></center>",Bukit Batok,West Region
JALAN REMAJA INTERIM PARK,1.357578323803302,103.760776014894,POINT (103.760776014894 1.357578323803302),2.0,kml_3,"<center><table><tr><th colspan='2' align='center'><em>Attributes</em></th></tr><tr bgcolor=""#E3E3F3""> <th>PLN_AREA_N</th> <td>BUKIT BATOK</td> </tr><tr bgcolor=""""> <th>PLN_AREA_C</th> <td>BK</td> </tr><tr bgcolor=""#E3E3F3""> <th>CA_IND</th> <td>N</td> </tr><tr bgcolor=""""> <th>REGION_N</th> <td>WEST REGION</td> </tr><tr bgcolor=""#E3E3F3""> <th>REGION_C</th> <td>WR</td> </tr><tr bgcolor=""""> <th>INC_CRC</th> <td>3BEC4C829160F28A</td> </tr><tr bgcolor=""#E3E3F3""> <th>FMEL_UPD_D</th> <td>20191223152014</td> </tr></table></center>",Bukit Batok,West Region
FUYONG INTERIM PK,1.3574541615680369,103.7687509521143,POINT (103.7687509521143 1.3574541615680369),4.0,kml_5,"<center><table><tr><th colspan='2' align='center'><em>Attributes</em></th></tr><tr bgcolor=""#E3E3F3""> <th>PLN_AREA_N</th> <td>BUKIT PANJANG</td> </tr><tr bgcolor=""""> <th>PLN_AREA_C</th> <td>BP</td> </tr><tr bgcolor=""#E3E3F3""> <th>CA_IND</th> <td>N</td> </tr><tr bgcolor=""""> <th>REGION_N</th> <td>WEST REGION</td> </tr><tr bgcolor=""#E3E3F3""> <th>REGION_C</th> <td>WR</td> </tr><tr bgcolor=""""> <th>INC_CRC</th> <td>656F87D23D6DAB02</td> </tr><tr bgcolor=""#E3E3F3""> <th>FMEL_UPD_D</th> <td>20191223152014</td> </tr></table></center>",Bukit Panjang,West Region
CHESTNUT CLOSE PARK,1.3689466349411357,103.7733007053261,POINT (103.7733007053261 1.3689466349411357),4.0,kml_5,"<center><table><tr><th colspan='2' align='center'><em>Attributes</em></th></tr><tr bgcolor=""#E3E3F3""> <th>PLN_AREA_N</th> <td>BUKIT PANJANG</td> </tr><tr bgcolor=""""> <th>PLN_AREA_C</th> <td>BP</td> </tr><tr bgcolor=""#E3E3F3""> <th>CA_IND</th> <td>N</td> </tr><tr bgcolor=""""> <th>REGION_N</th> <td>WEST REGION</td> </tr><tr bgcolor=""#E3E3F3""> <th>REGION_C</th> <td>WR</td> </tr><tr bgcolor=""""> <th>INC_CRC</th> <td>656F87D23D6DAB02</td> </tr><tr bgcolor=""#E3E3F3""> <th>FMEL_UPD_D</th> <td>20191223152014</td> </tr></table></center>",Bukit Panjang,West Region
PAVILION PLAYGROUND II,1.3683404220725546,103.75343447476293,POINT (103.75343447476293 1.3683404220725546),2.0,kml_3,"<center><table><tr><th colspan='2' align='center'><em>Attributes</em></th></tr><tr bgcolor=""#E3E3F3""> <th>PLN_AREA_N</th> <td>BUKIT BATOK</td> </tr><tr bgcolor=""""> <th>PLN_AREA_C</th> <td>BK</td> </tr><tr bgcolor=""#E3E3F3""> <th>CA_IND</th> <td>N</td> </tr><tr bgcolor=""""> <th>REGION_N</th> <td>WEST REGION</td> </tr><tr bgcolor=""#E3E3F3""> <th>REGION_C</th> <td>WR</td> </tr><tr bgcolor=""""> <th>INC_CRC</th> <td>3BEC4C829160F28A</td> </tr><tr bgcolor=""#E3E3F3""> <th>FMEL_UPD_D</th> <td>20191223152014</td> </tr></table></center>",Bukit Batok,West Region
CASHEW RD INTERIM PK,1.3724045480241602,103.767967114604,POINT (103.767967114604 1.3724045480241602),4.0,kml_5,"<center><table><tr><th colspan='2' align='center'><em>Attributes</em></th></tr><tr bgcolor=""#E3E3F3""> <th>PLN_AREA_N</th> <td>BUKIT PANJANG</td> </tr><tr bgcolor=""""> <th>PLN_AREA_C</th> <td>BP</td> </tr><tr bgcolor=""#E3E3F3""> <th>CA_IND</th> <td>N</td> </tr><tr bgcolor=""""> <th>REGION_N</th> <td>WEST REGION</td> </tr><tr bgcolor=""#E3E3F3""> <th>REGION_C</th> <td>WR</td> </tr><tr bgcolor=""""> <th>INC_CRC</th> <td>656F87D23D6DAB02</td> </tr><tr bgcolor=""#E3E3F3""> <th>FMEL_UPD_D</th> <td>20191223152014</td> </tr></table></center>",Bukit Panjang,West Region
FABER HEIGHTS PARK,1.3238384183511829,103.75526367638578,POINT (103.75526367638578 1.3238384183511829),9.0,kml_10,"<center><table><tr><th colspan='2' align='center'><em>Attributes</em></th></tr><tr bgcolor=""#E3E3F3""> <th>PLN_AREA_N</th> <td>CLEMENTI</td> </tr><tr bgcolor=""""> <th>PLN_AREA_C</th> <td>CL</td> </tr><tr bgcolor=""#E3E3F3""> <th>CA_IND</th> <td>N</td> </tr><tr bgcolor=""""> <th>REGION_N</th> <td>WEST REGION</td> </tr><tr bgcolor=""#E3E3F3""> <th>REGION_C</th> <td>WR</td> </tr><tr bgcolor=""""> <th>INC_CRC</th> <td>D5239EF08EE3CAC7</td> </tr><tr bgcolor=""#E3E3F3""> <th>FMEL_UPD_D</th> <td>20191223152014</td> </tr></table></center>",Clementi,West Region
JLG: CG MRT TOL LINKWAY,1.341095115528266,103.73200024650436,POINT (103.73200024650436 1.341095115528266),11.0,kml_12,"<center><table><tr><th colspan='2' align='center'><em>Attributes</em></th></tr><tr bgcolor=""#E3E3F3""> <th>PLN_AREA_N</th> <td>JURONG EAST</td> </tr><tr bgcolor=""""> <th>PLN_AREA_C</th> <td>JE</td> </tr><tr bgcolor=""#E3E3F3""> <th>CA_IND</th> <td>N</td> </tr><tr bgcolor=""""> <th>REGION_N</th> <td>WEST REGION</td> </tr><tr bgcolor=""#E3E3F3""> <th>REGION_C</th> <td>WR</td> </tr><tr bgcolor=""""> <th>INC_CRC</th> <td>77E230E08D3989E7</td> </tr><tr bgcolor=""#E3E3F3""> <th>FMEL_UPD_D</th> <td>20191223152014</td> </tr></table></center>",Jurong East,West Region
SBG LC ZONE 1 (TNC),1.3100244521730628,103.81562486238036,POINT (103.81562486238036 1.3100244521730628),47.0,kml_48,"<center><table><tr><th colspan='2' align='center'><em>Attributes</em></th></tr><tr bgcolor=""#E3E3F3""> <th>PLN_AREA_N</th> <td>TANGLIN</td> </tr><tr bgcolor=""""> <th>PLN_AREA_C</th> <td>TN</td> </tr><tr bgcolor=""#E3E3F3""> <th>CA_IND</th> <td>N</td> </tr><tr bgcolor=""""> <th>REGION_N</th> <td>CENTRAL REGION</td> </tr><tr bgcolor=""#E3E3F3""> <th>REGION_C</th> <td>CR</td> </tr><tr bgcolor=""""> <th>INC_CRC</th> <td>E22629A2FC9C4F3D</td> </tr><tr bgcolor=""#E3E3F3""> <th>FMEL_UPD_D</th> <td>20191223152014</td> </tr></table></center>",Tanglin,Central Region
SBG LC ZONE 2 (CC/BTC),1.3210034671809083,103.8169579771443,POINT (103.8169579771443 1.3210034671809083),47.0,kml_48,"<center><table><tr><th colspan='2' align='center'><em>Attributes</em></th></tr><tr bgcolor=""#E3E3F3""> <th>PLN_AREA_N</th> <td>TANGLIN</td> </tr><tr bgcolor=""""> <th>PLN_AREA_C</th> <td>TN</td> </tr><tr bgcolor=""#E3E3F3""> <th>CA_IND</th> <td>N</td> </tr><tr bgcolor=""""> <th>REGION_N</th> <td>CENTRAL REGION</td> </tr><tr bgcolor=""#E3E3F3""> <th>REGION_C</th> <td>CR</td> </tr><tr bgcolor=""""> <th>INC_CRC</th> <td>E22629A2FC9C4F3D</td> </tr><tr bgcolor=""#E3E3F3""> <th>FMEL_UPD_D</th> <td>20191223152014</td> </tr></table></center>",Tanglin,Central Region
SBG LC ZONE 3 (NOG/PV),1.3129062754466734,103.8140609121386,POINT (103.8140609121386 1.3129062754466734),47.0,kml_48,"<center><table><tr><th colspan='2' align='center'><em>Attributes</em></th></tr><tr bgcolor=""#E3E3F3""> <th>PLN_AREA_N</th> <td>TANGLIN</td> </tr><tr bgcolor=""""> <th>PLN_AREA_C</th> <td>TN</td> </tr><tr bgcolor=""#E3E3F3""> <th>CA_IND</th> <td>N</td> </tr><tr bgcolor=""""> <th>REGION_N</th> <td>CENTRAL REGION</td> </tr><tr bgcolor=""#E3E3F3""> <th>REGION_C</th> <td>CR</td> </tr><tr bgcolor=""""> <th>INC_CRC</th> <td>E22629A2FC9C4F3D</td> </tr><tr bgcolor=""#E3E3F3""> <th>FMEL_UPD_D</th> <td>20191223152014</td> </tr></table></center>",Tanglin,Central Region
SBG LC ARBO/PRC/PRU ,1.3218387235806648,103.81789598168726,POINT (103.81789598168726 1.3218387235806648),47.0,kml_48,"<center><table><tr><th colspan='2' align='center'><em>Attributes</em></th></tr><tr bgcolor=""#E3E3F3""> <th>PLN_AREA_N</th> <td>TANGLIN</td> </tr><tr bgcolor=""""> <th>PLN_AREA_C</th> <td>TN</td> </tr><tr bgcolor=""#E3E3F3""> <th>CA_IND</th> <td>N</td> </tr><tr bgcolor=""""> <th>REGION_N</th> <td>CENTRAL REGION</td> </tr><tr bgcolor=""#E3E3F3""> <th>REGION_C</th> <td>CR</td> </tr><tr bgcolor=""""> <th>INC_CRC</th> <td>E22629A2FC9C4F3D</td> </tr><tr bgcolor=""#E3E3F3""> <th>FMEL_UPD_D</th> <td>20191223152014</td> </tr></table></center>",Tanglin,Central Region
FORT CANNING PARK,1.295890735426131,103.846609328737,POINT (103.846609328737 1.295890735426131),42.0,kml_43,"<center><table><tr><th colspan='2' align='center'><em>Attributes</em></th></tr><tr bgcolor=""#E3E3F3""> <th>PLN_AREA_N</th> <td>MUSEUM</td> </tr><tr bgcolor=""""> <th>PLN_AREA_C</th> <td>MU</td> </tr><tr bgcolor=""#E3E3F3""> <th>CA_IND</th> <td>Y</td> </tr><tr bgcolor=""""> <th>REGION_N</th> <td>CENTRAL REGION</td> </tr><tr bgcolor=""#E3E3F3""> <th>REGION_C</th> <td>CR</td> </tr><tr bgcolor=""""> <th>INC_CRC</th> <td>A5604F296D014694</td> </tr><tr bgcolor=""#E3E3F3""> <th>FMEL_UPD_D</th> <td>20191223152014</td> </tr></table></center>",Museum,Central Region
THE FOOTHILLS FORT CANNING PK,1.2922576144953883,103.8456906573111,POINT (103.8456906573111 1.2922576144953883),42.0,kml_43,"<center><table><tr><th colspan='2' align='center'><em>Attributes</em></th></tr><tr bgcolor=""#E3E3F3""> <th>PLN_AREA_N</th> <td>MUSEUM</td> </tr><tr bgcolor=""""> <th>PLN_AREA_C</th> <td>MU</td> </tr><tr bgcolor=""#E3E3F3""> <th>CA_IND</th> <td>Y</td> </tr><tr bgcolor=""""> <th>REGION_N</th> <td>CENTRAL REGION</td> </tr><tr bgcolor=""#E3E3F3""> <th>REGION_C</th> <td>CR</td> </tr><tr bgcolor=""""> <th>INC_CRC</th> <td>A5604F296D014694</td> </tr><tr bgcolor=""#E3E3F3""> <th>FMEL_UPD_D</th> <td>20191223152014</td> </tr></table></center>",Museum,Central Region
FARQUHAR GARDEN (FCP),1.2956865226548384,103.84867152086326,POINT (103.84867152086326 1.2956865226548384),42.0,kml_43,"<center><table><tr><th colspan='2' align='center'><em>Attributes</em></th></tr><tr bgcolor=""#E3E3F3""> <th>PLN_AREA_N</th> <td>MUSEUM</td> </tr><tr bgcolor=""""> <th>PLN_AREA_C</th> <td>MU</td> </tr><tr bgcolor=""#E3E3F3""> <th>CA_IND</th> <td>Y</td> </tr><tr bgcolor=""""> <th>REGION_N</th> <td>CENTRAL REGION</td> </tr><tr bgcolor=""#E3E3F3""> <th>REGION_C</th> <td>CR</td> </tr><tr bgcolor=""""> <th>INC_CRC</th> <td>A5604F296D014694</td> </tr><tr bgcolor=""#E3E3F3""> <th>FMEL_UPD_D</th> <td>20191223152014</td> </tr></table></center>",Museum,Central Region
EMPRESS PLACE,1.2869615844084,103.85213965205668,POINT (103.85213965205668 1.2869615844084),39.0,kml_40,"<center><table><tr><th colspan='2' align='center'><em>Attributes</em></th></tr><tr bgcolor=""#E3E3F3""> <th>PLN_AREA_N</th> <td>DOWNTOWN CORE</td> </tr><tr bgcolor=""""> <th>PLN_AREA_C</th> <td>DT</td> </tr><tr bgcolor=""#E3E3F3""> <th>CA_IND</th> <td>Y</td> </tr><tr bgcolor=""""> <th>REGION_N</th> <td>CENTRAL REGION</td> </tr><tr bgcolor=""#E3E3F3""> <th>REGION_C</th> <td>CR</td> </tr><tr bgcolor=""""> <th>INC_CRC</th> <td>5D85EA05D2C6189D</td> </tr><tr bgcolor=""#E3E3F3""> <th>FMEL_UPD_D</th> <td>20191223152014</td> </tr></table></center>",Downtown Core,Central Region
ESPLANADE PK,1.289417085574277,103.85359672385977,POINT (103.85359672385977 1.289417085574277),39.0,kml_40,"<center><table><tr><th colspan='2' align='center'><em>Attributes</em></th></tr><tr bgcolor=""#E3E3F3""> <th>PLN_AREA_N</th> <td>DOWNTOWN CORE</td> </tr><tr bgcolor=""""> <th>PLN_AREA_C</th> <td>DT</td> </tr><tr bgcolor=""#E3E3F3""> <th>CA_IND</th> <td>Y</td> </tr><tr bgcolor=""""> <th>REGION_N</th> <td>CENTRAL REGION</td> </tr><tr bgcolor=""#E3E3F3""> <th>REGION_C</th> <td>CR</td> </tr><tr bgcolor=""""> <th>INC_CRC</th> <td>5D85EA05D2C6189D</td> </tr><tr bgcolor=""#E3E3F3""> <th>FMEL_UPD_D</th> <td>20191223152014</td> </tr></table></center>",Downtown Core,Central Region
DUXTON PLAIN PK,1.2811223325176546,103.84141929284569,POINT (103.84141929284569 1.2811223325176546),45.0,kml_46,"<center><table><tr><th colspan='2' align='center'><em>Attributes</em></th></tr><tr bgcolor=""#E3E3F3""> <th>PLN_AREA_N</th> <td>OUTRAM</td> </tr><tr bgcolor=""""> <th>PLN_AREA_C</th> <td>OT</td> </tr><tr bgcolor=""#E3E3F3""> <th>CA_IND</th> <td>Y</td> </tr><tr bgcolor=""""> <th>REGION_N</th> <td>CENTRAL REGION</td> </tr><tr bgcolor=""#E3E3F3""> <th>REGION_C</th> <td>CR</td> </tr><tr bgcolor=""""> <th>INC_CRC</th> <td>5602F03839AD2D0C</td> </tr><tr bgcolor=""#E3E3F3""> <th>FMEL_UPD_D</th> <td>20191223152014</td> </tr></table></center>",Outram,Central Region
PEARL'S HILL CITY PK,1.2845131482934613,103.83872911197332,POINT (103.83872911197332 1.2845131482934613),45.0,kml_46,"<center><table><tr><th colspan='2' align='center'><em>Attributes</em></th></tr><tr bgcolor=""#E3E3F3""> <th>PLN_AREA_N</th> <td>OUTRAM</td> </tr><tr bgcolor=""""> <th>PLN_AREA_C</th> <td>OT</td> </tr><tr bgcolor=""#E3E3F3""> <th>CA_IND</th> <td>Y</td> </tr><tr bgcolor=""""> <th>REGION_N</th> <td>CENTRAL REGION</td> </tr><tr bgcolor=""#E3E3F3""> <th>REGION_C</th> <td>CR</td> </tr><tr bgcolor=""""> <th>INC_CRC</th> <td>5602F03839AD2D0C</td> </tr><tr bgcolor=""#E3E3F3""> <th>FMEL_UPD_D</th> <td>20191223152014</td> </tr></table></center>",Outram,Central Region
RAFFLES PLACE PK,1.2835942597630638,103.8514999268154,POINT (103.8514999268154 1.2835942597630638),39.0,kml_40,"<center><table><tr><th colspan='2' align='center'><em>Attributes</em></th></tr><tr bgcolor=""#E3E3F3""> <th>PLN_AREA_N</th> <td>DOWNTOWN CORE</td> </tr><tr bgcolor=""""> <th>PLN_AREA_C</th> <td>DT</td> </tr><tr bgcolor=""#E3E3F3""> <th>CA_IND</th> <td>Y</td> </tr><tr bgcolor=""""> <th>REGION_N</th> <td>CENTRAL REGION</td> </tr><tr bgcolor=""#E3E3F3""> <th>REGION_C</th> <td>CR</td> </tr><tr bgcolor=""""> <th>INC_CRC</th> <td>5D85EA05D2C6189D</td> </tr><tr bgcolor=""#E3E3F3""> <th>FMEL_UPD_D</th> <td>20191223152014</td> </tr></table></center>",Downtown Core,Central Region
TELOK AYER PK,1.2781775055205808,103.84668683482796,POINT (103.84668683482796 1.2781775055205808),39.0,kml_40,"<center><table><tr><th colspan='2' align='center'><em>Attributes</em></th></tr><tr bgcolor=""#E3E3F3""> <th>PLN_AREA_N</th> <td>DOWNTOWN CORE</td> </tr><tr bgcolor=""""> <th>PLN_AREA_C</th> <td>DT</td> </tr><tr bgcolor=""#E3E3F3""> <th>CA_IND</th> <td>Y</td> </tr><tr bgcolor=""""> <th>REGION_N</th> <td>CENTRAL REGION</td> </tr><tr bgcolor=""#E3E3F3""> <th>REGION_C</th> <td>CR</td> </tr><tr bgcolor=""""> <th>INC_CRC</th> <td>5D85EA05D2C6189D</td> </tr><tr bgcolor=""#E3E3F3""> <th>FMEL_UPD_D</th> <td>20191223152014</td> </tr></table></center>",Downtown Core,Central Region
WATERBOAT HOUSE GARDEN,1.2873195163410731,103.85347304115898,POINT (103.85347304115898 1.2873195163410731),39.0,kml_40,"<center><table><tr><th colspan='2' align='center'><em>Attributes</em></th></tr><tr bgcolor=""#E3E3F3""> <th>PLN_AREA_N</th> <td>DOWNTOWN CORE</td> </tr><tr bgcolor=""""> <th>PLN_AREA_C</th> <td>DT</td> </tr><tr bgcolor=""#E3E3F3""> <th>CA_IND</th> <td>Y</td> </tr><tr bgcolor=""""> <th>REGION_N</th> <td>CENTRAL REGION</td> </tr><tr bgcolor=""#E3E3F3""> <th>REGION_C</th> <td>CR</td> </tr><tr bgcolor=""""> <th>INC_CRC</th> <td>5D85EA05D2C6189D</td> </tr><tr bgcolor=""#E3E3F3""> <th>FMEL_UPD_D</th> <td>20191223152014</td> </tr></table></center>",Downtown Core,Central Region
TANJONG PAGAR PK,1.2765778585703167,103.84577413154086,POINT (103.84577413154086 1.2765778585703167),39.0,kml_40,"<center><table><tr><th colspan='2' align='center'><em>Attributes</em></th></tr><tr bgcolor=""#E3E3F3""> <th>PLN_AREA_N</th> <td>DOWNTOWN CORE</td> </tr><tr bgcolor=""""> <th>PLN_AREA_C</th> <td>DT</td> </tr><tr bgcolor=""#E3E3F3""> <th>CA_IND</th> <td>Y</td> </tr><tr bgcolor=""""> <th>REGION_N</th> <td>CENTRAL REGION</td> </tr><tr bgcolor=""#E3E3F3""> <th>REGION_C</th> <td>CR</td> </tr><tr bgcolor=""""> <th>INC_CRC</th> <td>5D85EA05D2C6189D</td> </tr><tr bgcolor=""#E3E3F3""> <th>FMEL_UPD_D</th> <td>20191223152014</td> </tr></table></center>",Downtown Core,Central Region
TELOK AYER GREEN,1.2814651634440863,103.8476437360112,POINT (103.8476437360112 1.2814651634440863),45.0,kml_46,"<center><table><tr><th colspan='2' align='center'><em>Attributes</em></th></tr><tr bgcolor=""#E3E3F3""> <th>PLN_AREA_N</th> <td>OUTRAM</td> </tr><tr bgcolor=""""> <th>PLN_AREA_C</th> <td>OT</td> </tr><tr bgcolor=""#E3E3F3""> <th>CA_IND</th> <td>Y</td> </tr><tr bgcolor=""""> <th>REGION_N</th> <td>CENTRAL REGION</td> </tr><tr bgcolor=""#E3E3F3""> <th>REGION_C</th> <td>CR</td> </tr><tr bgcolor=""""> <th>INC_CRC</th> <td>5602F03839AD2D0C</td> </tr><tr bgcolor=""#E3E3F3""> <th>FMEL_UPD_D</th> <td>20191223152014</td> </tr></table></center>",Outram,Central Region
ANN SIANG HILL PK,1.2810620002557065,103.84611877493366,POINT (103.84611877493366 1.2810620002557065),45.0,kml_46,"<center><table><tr><th colspan='2' align='center'><em>Attributes</em></th></tr><tr bgcolor=""#E3E3F3""> <th>PLN_AREA_N</th> <td>OUTRAM</td> </tr><tr bgcolor=""""> <th>PLN_AREA_C</th> <td>OT</td> </tr><tr bgcolor=""#E3E3F3""> <th>CA_IND</th> <td>Y</td> </tr><tr bgcolor=""""> <th>REGION_N</th> <td>CENTRAL REGION</td> </tr><tr bgcolor=""#E3E3F3""> <th>REGION_C</th> <td>CR</td> </tr><tr bgcolor=""""> <th>INC_CRC</th> <td>5602F03839AD2D0C</td> </tr><tr bgcolor=""#E3E3F3""> <th>FMEL_UPD_D</th> <td>20191223152014</td> </tr></table></center>",Outram,Central Region
HONG LIM PK,1.2863319638689366,103.84705068432152,POINT (103.84705068432152 1.2863319638689366),35.0,kml_36,"<center><table><tr><th colspan='2' align='center'><em>Attributes</em></th></tr><tr bgcolor=""#E3E3F3""> <th>PLN_AREA_N</th> <td>SINGAPORE RIVER</td> </tr><tr bgcolor=""""> <th>PLN_AREA_C</th> <td>SR</td> </tr><tr bgcolor=""#E3E3F3""> <th>CA_IND</th> <td>Y</td> </tr><tr bgcolor=""""> <th>REGION_N</th> <td>CENTRAL REGION</td> </tr><tr bgcolor=""#E3E3F3""> <th>REGION_C</th> <td>CR</td> </tr><tr bgcolor=""""> <th>INC_CRC</th> <td>45948364EA9839EA</td> </tr><tr bgcolor=""#E3E3F3""> <th>FMEL_UPD_D</th> <td>20191223152014</td> </tr></table></center>",Singapore River,Central Region
TOA PAYOH TOWN PK,1.3305698250739586,103.84795477931804,POINT (103.84795477931804 1.3305698250739586),28.0,kml_29,"<center><table><tr><th colspan='2' align='center'><em>Attributes</em></th></tr><tr bgcolor=""#E3E3F3""> <th>PLN_AREA_N</th> <td>TOA PAYOH</td> </tr><tr bgcolor=""""> <th>PLN_AREA_C</th> <td>TP</td> </tr><tr bgcolor=""#E3E3F3""> <th>CA_IND</th> <td>N</td> </tr><tr bgcolor=""""> <th>REGION_N</th> <td>CENTRAL REGION</td> </tr><tr bgcolor=""#E3E3F3""> <th>REGION_C</th> <td>CR</td> </tr><tr bgcolor=""""> <th>INC_CRC</th> <td>85DD6CFD19B09A35</td> </tr><tr bgcolor=""#E3E3F3""> <th>FMEL_UPD_D</th> <td>20191223152014</td> </tr></table></center>",Toa Payoh,Central Region
KALLANG RIVERSIDE PK,1.3077192983528685,103.86882040608396,POINT (103.86882040608396 1.3077192983528685),21.0,kml_22,"<center><table><tr><th colspan='2' align='center'><em>Attributes</em></th></tr><tr bgcolor=""#E3E3F3""> <th>PLN_AREA_N</th> <td>KALLANG</td> </tr><tr bgcolor=""""> <th>PLN_AREA_C</th> <td>KL</td> </tr><tr bgcolor=""#E3E3F3""> <th>CA_IND</th> <td>N</td> </tr><tr bgcolor=""""> <th>REGION_N</th> <td>CENTRAL REGION</td> </tr><tr bgcolor=""#E3E3F3""> <th>REGION_C</th> <td>CR</td> </tr><tr bgcolor=""""> <th>INC_CRC</th> <td>8805C45D2F327F92</td> </tr><tr bgcolor=""#E3E3F3""> <th>FMEL_UPD_D</th> <td>20191223152014</td> </tr></table></center>",Kallang,Central Region
TIONG BAHRU PK,1.2876172817355604,103.82402678837296,POINT (103.82402678837296 1.2876172817355604),3.0,kml_4,"<center><table><tr><th colspan='2' align='center'><em>Attributes</em></th></tr><tr bgcolor=""#E3E3F3""> <th>PLN_AREA_N</th> <td>BUKIT MERAH</td> </tr><tr bgcolor=""""> <th>PLN_AREA_C</th> <td>BM</td> </tr><tr bgcolor=""#E3E3F3""> <th>CA_IND</th> <td>N</td> </tr><tr bgcolor=""""> <th>REGION_N</th> <td>CENTRAL REGION</td> </tr><tr bgcolor=""#E3E3F3""> <th>REGION_C</th> <td>CR</td> </tr><tr bgcolor=""""> <th>INC_CRC</th> <td>4850795BB0B6A4F7</td> </tr><tr bgcolor=""#E3E3F3""> <th>FMEL_UPD_D</th> <td>20191223152014</td> </tr></table></center>",Bukit Merah,Central Region
THOMSON RD PG,1.3162599542348774,103.84370946452388,POINT (103.84370946452388 1.3162599542348774),24.0,kml_25,"<center><table><tr><th colspan='2' align='center'><em>Attributes</em></th></tr><tr bgcolor=""#E3E3F3""> <th>PLN_AREA_N</th> <td>NOVENA</td> </tr><tr bgcolor=""""> <th>PLN_AREA_C</th> <td>NV</td> </tr><tr bgcolor=""#E3E3F3""> <th>CA_IND</th> <td>N</td> </tr><tr bgcolor=""""> <th>REGION_N</th> <td>CENTRAL REGION</td> </tr><tr bgcolor=""#E3E3F3""> <th>REGION_C</th> <td>CR</td> </tr><tr bgcolor=""""> <th>INC_CRC</th> <td>26D3DCBD67CE3F87</td> </tr><tr bgcolor=""#E3E3F3""> <th>FMEL_UPD_D</th> <td>20191223152014</td> </tr></table></center>",Novena,Central Region
MALCOLM PK,1.3225629270112642,103.8265184733264,POINT (103.8265184733264 1.3225629270112642),24.0,kml_25,"<center><table><tr><th colspan='2' align='center'><em>Attributes</em></th></tr><tr bgcolor=""#E3E3F3""> <th>PLN_AREA_N</th> <td>NOVENA</td> </tr><tr bgcolor=""""> <th>PLN_AREA_C</th> <td>NV</td> </tr><tr bgcolor=""#E3E3F3""> <th>CA_IND</th> <td>N</td> </tr><tr bgcolor=""""> <th>REGION_N</th> <td>CENTRAL REGION</td> </tr><tr bgcolor=""#E3E3F3""> <th>REGION_C</th> <td>CR</td> </tr><tr bgcolor=""""> <th>INC_CRC</th> <td>26D3DCBD67CE3F87</td> </tr><tr bgcolor=""#E3E3F3""> <th>FMEL_UPD_D</th> <td>20191223152014</td> </tr></table></center>",Novena,Central Region
KAMPONG GLAM PK,1.3024454354320096,103.86299607104657,POINT (103.86299607104657 1.3024454354320096),21.0,kml_22,"<center><table><tr><th colspan='2' align='center'><em>Attributes</em></th></tr><tr bgcolor=""#E3E3F3""> <th>PLN_AREA_N</th> <td>KALLANG</td> </tr><tr bgcolor=""""> <th>PLN_AREA_C</th> <td>KL</td> </tr><tr bgcolor=""#E3E3F3""> <th>CA_IND</th> <td>N</td> </tr><tr bgcolor=""""> <th>REGION_N</th> <td>CENTRAL REGION</td> </tr><tr bgcolor=""#E3E3F3""> <th>REGION_C</th> <td>CR</td> </tr><tr bgcolor=""""> <th>INC_CRC</th> <td>8805C45D2F327F92</td> </tr><tr bgcolor=""#E3E3F3""> <th>FMEL_UPD_D</th> <td>20191223152014</td> </tr></table></center>",Kallang,Central Region
HOOPER RD PG,1.3123989150672273,103.84320423199812,POINT (103.84320423199812 1.3123989150672273),24.0,kml_25,"<center><table><tr><th colspan='2' align='center'><em>Attributes</em></th></tr><tr bgcolor=""#E3E3F3""> <th>PLN_AREA_N</th> <td>NOVENA</td> </tr><tr bgcolor=""""> <th>PLN_AREA_C</th> <td>NV</td> </tr><tr bgcolor=""#E3E3F3""> <th>CA_IND</th> <td>N</td> </tr><tr bgcolor=""""> <th>REGION_N</th> <td>CENTRAL REGION</td> </tr><tr bgcolor=""#E3E3F3""> <th>REGION_C</th> <td>CR</td> </tr><tr bgcolor=""""> <th>INC_CRC</th> <td>26D3DCBD67CE3F87</td> </tr><tr bgcolor=""#E3E3F3""> <th>FMEL_UPD_D</th> <td>20191223152014</td> </tr></table></center>",Novena,Central Region
ROWELL RD OS,1.3084223021898134,103.85484861991678,POINT (103.85484861991678 1.3084223021898134),34.0,kml_35,"<center><table><tr><th colspan='2' align='center'><em>Attributes</em></th></tr><tr bgcolor=""#E3E3F3""> <th>PLN_AREA_N</th> <td>ROCHOR</td> </tr><tr bgcolor=""""> <th>PLN_AREA_C</th> <td>RC</td> </tr><tr bgcolor=""#E3E3F3""> <th>CA_IND</th> <td>Y</td> </tr><tr bgcolor=""""> <th>REGION_N</th> <td>CENTRAL REGION</td> </tr><tr bgcolor=""#E3E3F3""> <th>REGION_C</th> <td>CR</td> </tr><tr bgcolor=""""> <th>INC_CRC</th> <td>AB3524B3970C1C40</td> </tr><tr bgcolor=""#E3E3F3""> <th>FMEL_UPD_D</th> <td>20191223152014</td> </tr></table></center>",Rochor,Central Region
SOMME RD PG,1.3114841047156247,103.85815199975508,POINT (103.85815199975508 1.3114841047156247),21.0,kml_22,"<center><table><tr><th colspan='2' align='center'><em>Attributes</em></th></tr><tr bgcolor=""#E3E3F3""> <th>PLN_AREA_N</th> <td>KALLANG</td> </tr><tr bgcolor=""""> <th>PLN_AREA_C</th> <td>KL</td> </tr><tr bgcolor=""#E3E3F3""> <th>CA_IND</th> <td>N</td> </tr><tr bgcolor=""""> <th>REGION_N</th> <td>CENTRAL REGION</td> </tr><tr bgcolor=""#E3E3F3""> <th>REGION_C</th> <td>CR</td> </tr><tr bgcolor=""""> <th>INC_CRC</th> <td>8805C45D2F327F92</td> </tr><tr bgcolor=""#E3E3F3""> <th>FMEL_UPD_D</th> <td>20191223152014</td> </tr></table></center>",Kallang,Central Region
BENG WAN RD PG,1.3238060154419715,103.86583529863027,POINT (103.86583529863027 1.3238060154419715),21.0,kml_22,"<center><table><tr><th colspan='2' align='center'><em>Attributes</em></th></tr><tr bgcolor=""#E3E3F3""> <th>PLN_AREA_N</th> <td>KALLANG</td> </tr><tr bgcolor=""""> <th>PLN_AREA_C</th> <td>KL</td> </tr><tr bgcolor=""#E3E3F3""> <th>CA_IND</th> <td>N</td> </tr><tr bgcolor=""""> <th>REGION_N</th> <td>CENTRAL REGION</td> </tr><tr bgcolor=""#E3E3F3""> <th>REGION_C</th> <td>CR</td> </tr><tr bgcolor=""""> <th>INC_CRC</th> <td>8805C45D2F327F92</td> </tr><tr bgcolor=""#E3E3F3""> <th>FMEL_UPD_D</th> <td>20191223152014</td> </tr></table></center>",Kallang,Central Region
NORTH BRIDGE GARDEN,1.3041093226010845,103.86214555169651,POINT (103.86214555169651 1.3041093226010845),21.0,kml_22,"<center><table><tr><th colspan='2' align='center'><em>Attributes</em></th></tr><tr bgcolor=""#E3E3F3""> <th>PLN_AREA_N</th> <td>KALLANG</td> </tr><tr bgcolor=""""> <th>PLN_AREA_C</th> <td>KL</td> </tr><tr bgcolor=""#E3E3F3""> <th>CA_IND</th> <td>N</td> </tr><tr bgcolor=""""> <th>REGION_N</th> <td>CENTRAL REGION</td> </tr><tr bgcolor=""#E3E3F3""> <th>REGION_C</th> <td>CR</td> </tr><tr bgcolor=""""> <th>INC_CRC</th> <td>8805C45D2F327F92</td> </tr><tr bgcolor=""#E3E3F3""> <th>FMEL_UPD_D</th> <td>20191223152014</td> </tr></table></center>",Kallang,Central Region
GOLDHILL AVE PG,1.3211334171756737,103.83317379982168,POINT (103.83317379982168 1.3211334171756737),24.0,kml_25,"<center><table><tr><th colspan='2' align='center'><em>Attributes</em></th></tr><tr bgcolor=""#E3E3F3""> <th>PLN_AREA_N</th> <td>NOVENA</td> </tr><tr bgcolor=""""> <th>PLN_AREA_C</th> <td>NV</td> </tr><tr bgcolor=""#E3E3F3""> <th>CA_IND</th> <td>N</td> </tr><tr bgcolor=""""> <th>REGION_N</th> <td>CENTRAL REGION</td> </tr><tr bgcolor=""#E3E3F3""> <th>REGION_C</th> <td>CR</td> </tr><tr bgcolor=""""> <th>INC_CRC</th> <td>26D3DCBD67CE3F87</td> </tr><tr bgcolor=""#E3E3F3""> <th>FMEL_UPD_D</th> <td>20191223152014</td> </tr></table></center>",Novena,Central Region
GENTLE DR PG,1.3203688056669944,103.84070309190496,POINT (103.84070309190496 1.3203688056669944),24.0,kml_25,"<center><table><tr><th colspan='2' align='center'><em>Attributes</em></th></tr><tr bgcolor=""#E3E3F3""> <th>PLN_AREA_N</th> <td>NOVENA</td> </tr><tr bgcolor=""""> <th>PLN_AREA_C</th> <td>NV</td> </tr><tr bgcolor=""#E3E3F3""> <th>CA_IND</th> <td>N</td> </tr><tr bgcolor=""""> <th>REGION_N</th> <td>CENTRAL REGION</td> </tr><tr bgcolor=""#E3E3F3""> <th>REGION_C</th> <td>CR</td> </tr><tr bgcolor=""""> <th>INC_CRC</th> <td>26D3DCBD67CE3F87</td> </tr><tr bgcolor=""#E3E3F3""> <th>FMEL_UPD_D</th> <td>20191223152014</td> </tr></table></center>",Novena,Central Region
NOVENA PK,1.3223128035080336,103.84281346247634,POINT (103.84281346247634 1.3223128035080336),24.0,kml_25,"<center><table><tr><th colspan='2' align='center'><em>Attributes</em></th></tr><tr bgcolor=""#E3E3F3""> <th>PLN_AREA_N</th> <td>NOVENA</td> </tr><tr bgcolor=""""> <th>PLN_AREA_C</th> <td>NV</td> </tr><tr bgcolor=""#E3E3F3""> <th>CA_IND</th> <td>N</td> </tr><tr bgcolor=""""> <th>REGION_N</th> <td>CENTRAL REGION</td> </tr><tr bgcolor=""#E3E3F3""> <th>REGION_C</th> <td>CR</td> </tr><tr bgcolor=""""> <th>INC_CRC</th> <td>26D3DCBD67CE3F87</td> </tr><tr bgcolor=""#E3E3F3""> <th>FMEL_UPD_D</th> <td>20191223152014</td> </tr></table></center>",Novena,Central Region
MOUNT EMILY PK,1.3043760852680015,103.84761124346431,POINT (103.84761124346431 1.3043760852680015),43.0,kml_44,"<center><table><tr><th colspan='2' align='center'><em>Attributes</em></th></tr><tr bgcolor=""#E3E3F3""> <th>PLN_AREA_N</th> <td>NEWTON</td> </tr><tr bgcolor=""""> <th>PLN_AREA_C</th> <td>NT</td> </tr><tr bgcolor=""#E3E3F3""> <th>CA_IND</th> <td>Y</td> </tr><tr bgcolor=""""> <th>REGION_N</th> <td>CENTRAL REGION</td> </tr><tr bgcolor=""#E3E3F3""> <th>REGION_C</th> <td>CR</td> </tr><tr bgcolor=""""> <th>INC_CRC</th> <td>CA9E31D40EA28EE6</td> </tr><tr bgcolor=""#E3E3F3""> <th>FMEL_UPD_D</th> <td>20191223152014</td> </tr></table></center>",Newton,Central Region
PENANG RD OS,1.3002353872402603,103.8414938192375,POINT (103.8414938192375 1.3002353872402603),44.0,kml_45,"<center><table><tr><th colspan='2' align='center'><em>Attributes</em></th></tr><tr bgcolor=""#E3E3F3""> <th>PLN_AREA_N</th> <td>ORCHARD</td> </tr><tr bgcolor=""""> <th>PLN_AREA_C</th> <td>OR</td> </tr><tr bgcolor=""#E3E3F3""> <th>CA_IND</th> <td>Y</td> </tr><tr bgcolor=""""> <th>REGION_N</th> <td>CENTRAL REGION</td> </tr><tr bgcolor=""#E3E3F3""> <th>REGION_C</th> <td>CR</td> </tr><tr bgcolor=""""> <th>INC_CRC</th> <td>0A8593C8FB61AF7D</td> </tr><tr bgcolor=""#E3E3F3""> <th>FMEL_UPD_D</th> <td>20191223152014</td> </tr></table></center>",Orchard,Central Region
JUBILEE PARK (FCP),1.293374207908301,103.84484592748184,POINT (103.84484592748184 1.293374207908301),42.0,kml_43,"<center><table><tr><th colspan='2' align='center'><em>Attributes</em></th></tr><tr bgcolor=""#E3E3F3""> <th>PLN_AREA_N</th> <td>MUSEUM</td> </tr><tr bgcolor=""""> <th>PLN_AREA_C</th> <td>MU</td> </tr><tr bgcolor=""#E3E3F3""> <th>CA_IND</th> <td>Y</td> </tr><tr bgcolor=""""> <th>REGION_N</th> <td>CENTRAL REGION</td> </tr><tr bgcolor=""#E3E3F3""> <th>REGION_C</th> <td>CR</td> </tr><tr bgcolor=""""> <th>INC_CRC</th> <td>A5604F296D014694</td> </tr><tr bgcolor=""#E3E3F3""> <th>FMEL_UPD_D</th> <td>20191223152014</td> </tr></table></center>",Museum,Central Region
ORCHARD FOUNTAIN CORNER,1.3015871256010152,103.83761070678618,POINT (103.83761070678618 1.3015871256010152),44.0,kml_45,"<center><table><tr><th colspan='2' align='center'><em>Attributes</em></th></tr><tr bgcolor=""#E3E3F3""> <th>PLN_AREA_N</th> <td>ORCHARD</td> </tr><tr bgcolor=""""> <th>PLN_AREA_C</th> <td>OR</td> </tr><tr bgcolor=""#E3E3F3""> <th>CA_IND</th> <td>Y</td> </tr><tr bgcolor=""""> <th>REGION_N</th> <td>CENTRAL REGION</td> </tr><tr bgcolor=""#E3E3F3""> <th>REGION_C</th> <td>CR</td> </tr><tr bgcolor=""""> <th>INC_CRC</th> <td>0A8593C8FB61AF7D</td> </tr><tr bgcolor=""#E3E3F3""> <th>FMEL_UPD_D</th> <td>20191223152014</td> </tr></table></center>",Orchard,Central Region
ISTANA PK,1.2992640005702023,103.8439884144354,POINT (103.8439884144354 1.2992640005702023),42.0,kml_43,"<center><table><tr><th colspan='2' align='center'><em>Attributes</em></th></tr><tr bgcolor=""#E3E3F3""> <th>PLN_AREA_N</th> <td>MUSEUM</td> </tr><tr bgcolor=""""> <th>PLN_AREA_C</th> <td>MU</td> </tr><tr bgcolor=""#E3E3F3""> <th>CA_IND</th> <td>Y</td> </tr><tr bgcolor=""""> <th>REGION_N</th> <td>CENTRAL REGION</td> </tr><tr bgcolor=""#E3E3F3""> <th>REGION_C</th> <td>CR</td> </tr><tr bgcolor=""""> <th>INC_CRC</th> <td>A5604F296D014694</td> </tr><tr bgcolor=""#E3E3F3""> <th>FMEL_UPD_D</th> <td>20191223152014</td> </tr></table></center>",Museum,Central Region
WAR MEMORIAL PK,1.2928245131605016,103.85481847201596,POINT (103.85481847201596 1.2928245131605016),39.0,kml_40,"<center><table><tr><th colspan='2' align='center'><em>Attributes</em></th></tr><tr bgcolor=""#E3E3F3""> <th>PLN_AREA_N</th> <td>DOWNTOWN CORE</td> </tr><tr bgcolor=""""> <th>PLN_AREA_C</th> <td>DT</td> </tr><tr bgcolor=""#E3E3F3""> <th>CA_IND</th> <td>Y</td> </tr><tr bgcolor=""""> <th>REGION_N</th> <td>CENTRAL REGION</td> </tr><tr bgcolor=""#E3E3F3""> <th>REGION_C</th> <td>CR</td> </tr><tr bgcolor=""""> <th>INC_CRC</th> <td>5D85EA05D2C6189D</td> </tr><tr bgcolor=""#E3E3F3""> <th>FMEL_UPD_D</th> <td>20191223152014</td> </tr></table></center>",Downtown Core,Central Region
KIM SENG PK,1.2926204540505026,103.8342551228348,POINT (103.8342551228348 1.2926204540505026),33.0,kml_34,"<center><table><tr><th colspan='2' align='center'><em>Attributes</em></th></tr><tr bgcolor=""#E3E3F3""> <th>PLN_AREA_N</th> <td>RIVER VALLEY</td> </tr><tr bgcolor=""""> <th>PLN_AREA_C</th> <td>RV</td> </tr><tr bgcolor=""#E3E3F3""> <th>CA_IND</th> <td>Y</td> </tr><tr bgcolor=""""> <th>REGION_N</th> <td>CENTRAL REGION</td> </tr><tr bgcolor=""#E3E3F3""> <th>REGION_C</th> <td>CR</td> </tr><tr bgcolor=""""> <th>INC_CRC</th> <td>4F104FE2D3FDC388</td> </tr><tr bgcolor=""#E3E3F3""> <th>FMEL_UPD_D</th> <td>20191223152014</td> </tr></table></center>",River Valley,Central Region
NOVENA RISE PK,1.324627530026666,103.84285301661774,POINT (103.84285301661774 1.324627530026666),24.0,kml_25,"<center><table><tr><th colspan='2' align='center'><em>Attributes</em></th></tr><tr bgcolor=""#E3E3F3""> <th>PLN_AREA_N</th> <td>NOVENA</td> </tr><tr bgcolor=""""> <th>PLN_AREA_C</th> <td>NV</td> </tr><tr bgcolor=""#E3E3F3""> <th>CA_IND</th> <td>N</td> </tr><tr bgcolor=""""> <th>REGION_N</th> <td>CENTRAL REGION</td> </tr><tr bgcolor=""#E3E3F3""> <th>REGION_C</th> <td>CR</td> </tr><tr bgcolor=""""> <th>INC_CRC</th> <td>26D3DCBD67CE3F87</td> </tr><tr bgcolor=""#E3E3F3""> <th>FMEL_UPD_D</th> <td>20191223152014</td> </tr></table></center>",Novena,Central Region
DHOBY GHAUT GREEN,1.298430126950581,103.84584933421796,POINT (103.84584933421796 1.298430126950581),42.0,kml_43,"<center><table><tr><th colspan='2' align='center'><em>Attributes</em></th></tr><tr bgcolor=""#E3E3F3""> <th>PLN_AREA_N</th> <td>MUSEUM</td> </tr><tr bgcolor=""""> <th>PLN_AREA_C</th> <td>MU</td> </tr><tr bgcolor=""#E3E3F3""> <th>CA_IND</th> <td>Y</td> </tr><tr bgcolor=""""> <th>REGION_N</th> <td>CENTRAL REGION</td> </tr><tr bgcolor=""#E3E3F3""> <th>REGION_C</th> <td>CR</td> </tr><tr bgcolor=""""> <th>INC_CRC</th> <td>A5604F296D014694</td> </tr><tr bgcolor=""#E3E3F3""> <th>FMEL_UPD_D</th> <td>20191223152014</td> </tr></table></center>",Museum,Central Region
HANDY RD OS,1.2990570546594116,103.84780697048458,POINT (103.84780697048458 1.2990570546594116),42.0,kml_43,"<center><table><tr><th colspan='2' align='center'><em>Attributes</em></th></tr><tr bgcolor=""#E3E3F3""> <th>PLN_AREA_N</th> <td>MUSEUM</td> </tr><tr bgcolor=""""> <th>PLN_AREA_C</th> <td>MU</td> </tr><tr bgcolor=""#E3E3F3""> <th>CA_IND</th> <td>Y</td> </tr><tr bgcolor=""""> <th>REGION_N</th> <td>CENTRAL REGION</td> </tr><tr bgcolor=""#E3E3F3""> <th>REGION_C</th> <td>CR</td> </tr><tr bgcolor=""""> <th>INC_CRC</th> <td>A5604F296D014694</td> </tr><tr bgcolor=""#E3E3F3""> <th>FMEL_UPD_D</th> <td>20191223152014</td> </tr></table></center>",Museum,Central Region
BOUGAINVILLEA PK,1.3267341485452966,103.80762186035388,POINT (103.80762186035388 1.3267341485452966),5.0,kml_6,"<center><table><tr><th colspan='2' align='center'><em>Attributes</em></th></tr><tr bgcolor=""#E3E3F3""> <th>PLN_AREA_N</th> <td>BUKIT TIMAH</td> </tr><tr bgcolor=""""> <th>PLN_AREA_C</th> <td>BT</td> </tr><tr bgcolor=""#E3E3F3""> <th>CA_IND</th> <td>N</td> </tr><tr bgcolor=""""> <th>REGION_N</th> <td>CENTRAL REGION</td> </tr><tr bgcolor=""#E3E3F3""> <th>REGION_C</th> <td>CR</td> </tr><tr bgcolor=""""> <th>INC_CRC</th> <td>DB3037AA30D8CCDD</td> </tr><tr bgcolor=""#E3E3F3""> <th>FMEL_UPD_D</th> <td>20191223152014</td> </tr></table></center>",Bukit Timah,Central Region
UNIVERSITY RD PK,1.3254507127857538,103.81767447386102,POINT (103.81767447386102 1.3254507127857538),24.0,kml_25,"<center><table><tr><th colspan='2' align='center'><em>Attributes</em></th></tr><tr bgcolor=""#E3E3F3""> <th>PLN_AREA_N</th> <td>NOVENA</td> </tr><tr bgcolor=""""> <th>PLN_AREA_C</th> <td>NV</td> </tr><tr bgcolor=""#E3E3F3""> <th>CA_IND</th> <td>N</td> </tr><tr bgcolor=""""> <th>REGION_N</th> <td>CENTRAL REGION</td> </tr><tr bgcolor=""#E3E3F3""> <th>REGION_C</th> <td>CR</td> </tr><tr bgcolor=""""> <th>INC_CRC</th> <td>26D3DCBD67CE3F87</td> </tr><tr bgcolor=""#E3E3F3""> <th>FMEL_UPD_D</th> <td>20191223152014</td> </tr></table></center>",Novena,Central Region
GREENWOOD CRESCENT PG,1.3355062363588597,103.80548695379504,POINT (103.80548695379504 1.3355062363588597),5.0,kml_6,"<center><table><tr><th colspan='2' align='center'><em>Attributes</em></th></tr><tr bgcolor=""#E3E3F3""> <th>PLN_AREA_N</th> <td>BUKIT TIMAH</td> </tr><tr bgcolor=""""> <th>PLN_AREA_C</th> <td>BT</td> </tr><tr bgcolor=""#E3E3F3""> <th>CA_IND</th> <td>N</td> </tr><tr bgcolor=""""> <th>REGION_N</th> <td>CENTRAL REGION</td> </tr><tr bgcolor=""#E3E3F3""> <th>REGION_C</th> <td>CR</td> </tr><tr bgcolor=""""> <th>INC_CRC</th> <td>DB3037AA30D8CCDD</td> </tr><tr bgcolor=""#E3E3F3""> <th>FMEL_UPD_D</th> <td>20191223152014</td> </tr></table></center>",Bukit Timah,Central Region
ORCHID VILLAGE PG,1.335704021942395,103.80171316653193,POINT (103.80171316653193 1.335704021942395),5.0,kml_6,"<center><table><tr><th colspan='2' align='center'><em>Attributes</em></th></tr><tr bgcolor=""#E3E3F3""> <th>PLN_AREA_N</th> <td>BUKIT TIMAH</td> </tr><tr bgcolor=""""> <th>PLN_AREA_C</th> <td>BT</td> </tr><tr bgcolor=""#E3E3F3""> <th>CA_IND</th> <td>N</td> </tr><tr bgcolor=""""> <th>REGION_N</th> <td>CENTRAL REGION</td> </tr><tr bgcolor=""#E3E3F3""> <th>REGION_C</th> <td>CR</td> </tr><tr bgcolor=""""> <th>INC_CRC</th> <td>DB3037AA30D8CCDD</td> </tr><tr bgcolor=""#E3E3F3""> <th>FMEL_UPD_D</th> <td>20191223152014</td> </tr></table></center>",Bukit Timah,Central Region
SHELFORD RD PG,1.328370121120348,103.81043241139626,POINT (103.81043241139626 1.328370121120348),5.0,kml_6,"<center><table><tr><th colspan='2' align='center'><em>Attributes</em></th></tr><tr bgcolor=""#E3E3F3""> <th>PLN_AREA_N</th> <td>BUKIT TIMAH</td> </tr><tr bgcolor=""""> <th>PLN_AREA_C</th> <td>BT</td> </tr><tr bgcolor=""#E3E3F3""> <th>CA_IND</th> <td>N</td> </tr><tr bgcolor=""""> <th>REGION_N</th> <td>CENTRAL REGION</td> </tr><tr bgcolor=""#E3E3F3""> <th>REGION_C</th> <td>CR</td> </tr><tr bgcolor=""""> <th>INC_CRC</th> <td>DB3037AA30D8CCDD</td> </tr><tr bgcolor=""#E3E3F3""> <th>FMEL_UPD_D</th> <td>20191223152014</td> </tr></table></center>",Bukit Timah,Central Region
WATTEN HEIGHTS PG,1.3315101656988075,103.80818355774429,POINT (103.80818355774429 1.3315101656988075),5.0,kml_6,"<center><table><tr><th colspan='2' align='center'><em>Attributes</em></th></tr><tr bgcolor=""#E3E3F3""> <th>PLN_AREA_N</th> <td>BUKIT TIMAH</td> </tr><tr bgcolor=""""> <th>PLN_AREA_C</th> <td>BT</td> </tr><tr bgcolor=""#E3E3F3""> <th>CA_IND</th> <td>N</td> </tr><tr bgcolor=""""> <th>REGION_N</th> <td>CENTRAL REGION</td> </tr><tr bgcolor=""#E3E3F3""> <th>REGION_C</th> <td>CR</td> </tr><tr bgcolor=""""> <th>INC_CRC</th> <td>DB3037AA30D8CCDD</td> </tr><tr bgcolor=""#E3E3F3""> <th>FMEL_UPD_D</th> <td>20191223152014</td> </tr></table></center>",Bukit Timah,Central Region
NAMLY PK,1.3232989310291234,103.79658146709734,POINT (103.79658146709734 1.3232989310291234),5.0,kml_6,"<center><table><tr><th colspan='2' align='center'><em>Attributes</em></th></tr><tr bgcolor=""#E3E3F3""> <th>PLN_AREA_N</th> <td>BUKIT TIMAH</td> </tr><tr bgcolor=""""> <th>PLN_AREA_C</th> <td>BT</td> </tr><tr bgcolor=""#E3E3F3""> <th>CA_IND</th> <td>N</td> </tr><tr bgcolor=""""> <th>REGION_N</th> <td>CENTRAL REGION</td> </tr><tr bgcolor=""#E3E3F3""> <th>REGION_C</th> <td>CR</td> </tr><tr bgcolor=""""> <th>INC_CRC</th> <td>DB3037AA30D8CCDD</td> </tr><tr bgcolor=""#E3E3F3""> <th>FMEL_UPD_D</th> <td>20191223152014</td> </tr></table></center>",Bukit Timah,Central Region
SIXTH AVE PG,1.3224359361605311,103.79128056190346,POINT (103.79128056190346 1.3224359361605311),5.0,kml_6,"<center><table><tr><th colspan='2' align='center'><em>Attributes</em></th></tr><tr bgcolor=""#E3E3F3""> <th>PLN_AREA_N</th> <td>BUKIT TIMAH</td> </tr><tr bgcolor=""""> <th>PLN_AREA_C</th> <td>BT</td> </tr><tr bgcolor=""#E3E3F3""> <th>CA_IND</th> <td>N</td> </tr><tr bgcolor=""""> <th>REGION_N</th> <td>CENTRAL REGION</td> </tr><tr bgcolor=""#E3E3F3""> <th>REGION_C</th> <td>CR</td> </tr><tr bgcolor=""""> <th>INC_CRC</th> <td>DB3037AA30D8CCDD</td> </tr><tr bgcolor=""#E3E3F3""> <th>FMEL_UPD_D</th> <td>20191223152014</td> </tr></table></center>",Bukit Timah,Central Region
KING'S DR PG,1.319086675112928,103.80606154202394,POINT (103.80606154202394 1.319086675112928),5.0,kml_6,"<center><table><tr><th colspan='2' align='center'><em>Attributes</em></th></tr><tr bgcolor=""#E3E3F3""> <th>PLN_AREA_N</th> <td>BUKIT TIMAH</td> </tr><tr bgcolor=""""> <th>PLN_AREA_C</th> <td>BT</td> </tr><tr bgcolor=""#E3E3F3""> <th>CA_IND</th> <td>N</td> </tr><tr bgcolor=""""> <th>REGION_N</th> <td>CENTRAL REGION</td> </tr><tr bgcolor=""#E3E3F3""> <th>REGION_C</th> <td>CR</td> </tr><tr bgcolor=""""> <th>INC_CRC</th> <td>DB3037AA30D8CCDD</td> </tr><tr bgcolor=""#E3E3F3""> <th>FMEL_UPD_D</th> <td>20191223152014</td> </tr></table></center>",Bukit Timah,Central Region
SUNSET WAY PK,1.327694579316932,103.76477924872368,POINT (103.76477924872368 1.327694579316932),9.0,kml_10,"<center><table><tr><th colspan='2' align='center'><em>Attributes</em></th></tr><tr bgcolor=""#E3E3F3""> <th>PLN_AREA_N</th> <td>CLEMENTI</td> </tr><tr bgcolor=""""> <th>PLN_AREA_C</th> <td>CL</td> </tr><tr bgcolor=""#E3E3F3""> <th>CA_IND</th> <td>N</td> </tr><tr bgcolor=""""> <th>REGION_N</th> <td>WEST REGION</td> </tr><tr bgcolor=""#E3E3F3""> <th>REGION_C</th> <td>WR</td> </tr><tr bgcolor=""""> <th>INC_CRC</th> <td>D5239EF08EE3CAC7</td> </tr><tr bgcolor=""#E3E3F3""> <th>FMEL_UPD_D</th> <td>20191223152014</td> </tr></table></center>",Clementi,West Region
SUNSET WAY PG,1.3267878202224332,103.76640642909676,POINT (103.76640642909676 1.3267878202224332),9.0,kml_10,"<center><table><tr><th colspan='2' align='center'><em>Attributes</em></th></tr><tr bgcolor=""#E3E3F3""> <th>PLN_AREA_N</th> <td>CLEMENTI</td> </tr><tr bgcolor=""""> <th>PLN_AREA_C</th> <td>CL</td> </tr><tr bgcolor=""#E3E3F3""> <th>CA_IND</th> <td>N</td> </tr><tr bgcolor=""""> <th>REGION_N</th> <td>WEST REGION</td> </tr><tr bgcolor=""#E3E3F3""> <th>REGION_C</th> <td>WR</td> </tr><tr bgcolor=""""> <th>INC_CRC</th> <td>D5239EF08EE3CAC7</td> </tr><tr bgcolor=""#E3E3F3""> <th>FMEL_UPD_D</th> <td>20191223152014</td> </tr></table></center>",Clementi,West Region
SUNSET HEIGHTS OS,1.327945008025658,103.76886836516977,POINT (103.76886836516977 1.327945008025658),9.0,kml_10,"<center><table><tr><th colspan='2' align='center'><em>Attributes</em></th></tr><tr bgcolor=""#E3E3F3""> <th>PLN_AREA_N</th> <td>CLEMENTI</td> </tr><tr bgcolor=""""> <th>PLN_AREA_C</th> <td>CL</td> </tr><tr bgcolor=""#E3E3F3""> <th>CA_IND</th> <td>N</td> </tr><tr bgcolor=""""> <th>REGION_N</th> <td>WEST REGION</td> </tr><tr bgcolor=""#E3E3F3""> <th>REGION_C</th> <td>WR</td> </tr><tr bgcolor=""""> <th>INC_CRC</th> <td>D5239EF08EE3CAC7</td> </tr><tr bgcolor=""#E3E3F3""> <th>FMEL_UPD_D</th> <td>20191223152014</td> </tr></table></center>",Clementi,West Region
CLEMENTI CRESCENT PG,1.3235224958162637,103.77329951691917,POINT (103.77329951691917 1.3235224958162637),5.0,kml_6,"<center><table><tr><th colspan='2' align='center'><em>Attributes</em></th></tr><tr bgcolor=""#E3E3F3""> <th>PLN_AREA_N</th> <td>BUKIT TIMAH</td> </tr><tr bgcolor=""""> <th>PLN_AREA_C</th> <td>BT</td> </tr><tr bgcolor=""#E3E3F3""> <th>CA_IND</th> <td>N</td> </tr><tr bgcolor=""""> <th>REGION_N</th> <td>CENTRAL REGION</td> </tr><tr bgcolor=""#E3E3F3""> <th>REGION_C</th> <td>CR</td> </tr><tr bgcolor=""""> <th>INC_CRC</th> <td>DB3037AA30D8CCDD</td> </tr><tr bgcolor=""#E3E3F3""> <th>FMEL_UPD_D</th> <td>20191223152014</td> </tr></table></center>",Bukit Timah,Central Region
HUA GUAN CRESCENT PG,1.3370105386444795,103.7850595398033,POINT (103.7850595398033 1.3370105386444795),5.0,kml_6,"<center><table><tr><th colspan='2' align='center'><em>Attributes</em></th></tr><tr bgcolor=""#E3E3F3""> <th>PLN_AREA_N</th> <td>BUKIT TIMAH</td> </tr><tr bgcolor=""""> <th>PLN_AREA_C</th> <td>BT</td> </tr><tr bgcolor=""#E3E3F3""> <th>CA_IND</th> <td>N</td> </tr><tr bgcolor=""""> <th>REGION_N</th> <td>CENTRAL REGION</td> </tr><tr bgcolor=""#E3E3F3""> <th>REGION_C</th> <td>CR</td> </tr><tr bgcolor=""""> <th>INC_CRC</th> <td>DB3037AA30D8CCDD</td> </tr><tr bgcolor=""#E3E3F3""> <th>FMEL_UPD_D</th> <td>20191223152014</td> </tr></table></center>",Bukit Timah,Central Region
GREENLEAF VIEW PK PG,1.3223225608427498,103.7880792343608,POINT (103.7880792343608 1.3223225608427498),5.0,kml_6,"<center><table><tr><th colspan='2' align='center'><em>Attributes</em></th></tr><tr bgcolor=""#E3E3F3""> <th>PLN_AREA_N</th> <td>BUKIT TIMAH</td> </tr><tr bgcolor=""""> <th>PLN_AREA_C</th> <td>BT</td> </tr><tr bgcolor=""#E3E3F3""> <th>CA_IND</th> <td>N</td> </tr><tr bgcolor=""""> <th>REGION_N</th> <td>CENTRAL REGION</td> </tr><tr bgcolor=""#E3E3F3""> <th>REGION_C</th> <td>CR</td> </tr><tr bgcolor=""""> <th>INC_CRC</th> <td>DB3037AA30D8CCDD</td> </tr><tr bgcolor=""#E3E3F3""> <th>FMEL_UPD_D</th> <td>20191223152014</td> </tr></table></center>",Bukit Timah,Central Region
GROVE LANE PG,1.3137632887413675,103.7842062105903,POINT (103.7842062105903 1.3137632887413675),5.0,kml_6,"<center><table><tr><th colspan='2' align='center'><em>Attributes</em></th></tr><tr bgcolor=""#E3E3F3""> <th>PLN_AREA_N</th> <td>BUKIT TIMAH</td> </tr><tr bgcolor=""""> <th>PLN_AREA_C</th> <td>BT</td> </tr><tr bgcolor=""#E3E3F3""> <th>CA_IND</th> <td>N</td> </tr><tr bgcolor=""""> <th>REGION_N</th> <td>CENTRAL REGION</td> </tr><tr bgcolor=""#E3E3F3""> <th>REGION_C</th> <td>CR</td> </tr><tr bgcolor=""""> <th>INC_CRC</th> <td>DB3037AA30D8CCDD</td> </tr><tr bgcolor=""#E3E3F3""> <th>FMEL_UPD_D</th> <td>20191223152014</td> </tr></table></center>",Bukit Timah,Central Region
JLN KEBAYA PG,1.3141149108976589,103.78024635822102,POINT (103.78024635822102 1.3141149108976589),5.0,kml_6,"<center><table><tr><th colspan='2' align='center'><em>Attributes</em></th></tr><tr bgcolor=""#E3E3F3""> <th>PLN_AREA_N</th> <td>BUKIT TIMAH</td> </tr><tr bgcolor=""""> <th>PLN_AREA_C</th> <td>BT</td> </tr><tr bgcolor=""#E3E3F3""> <th>CA_IND</th> <td>N</td> </tr><tr bgcolor=""""> <th>REGION_N</th> <td>CENTRAL REGION</td> </tr><tr bgcolor=""#E3E3F3""> <th>REGION_C</th> <td>CR</td> </tr><tr bgcolor=""""> <th>INC_CRC</th> <td>DB3037AA30D8CCDD</td> </tr><tr bgcolor=""#E3E3F3""> <th>FMEL_UPD_D</th> <td>20191223152014</td> </tr></table></center>",Bukit Timah,Central Region
MOUNT SINAI PLAIN PG,1.31572101667151,103.78109728549768,POINT (103.78109728549768 1.31572101667151),5.0,kml_6,"<center><table><tr><th colspan='2' align='center'><em>Attributes</em></th></tr><tr bgcolor=""#E3E3F3""> <th>PLN_AREA_N</th> <td>BUKIT TIMAH</td> </tr><tr bgcolor=""""> <th>PLN_AREA_C</th> <td>BT</td> </tr><tr bgcolor=""#E3E3F3""> <th>CA_IND</th> <td>N</td> </tr><tr bgcolor=""""> <th>REGION_N</th> <td>CENTRAL REGION</td> </tr><tr bgcolor=""#E3E3F3""> <th>REGION_C</th> <td>CR</td> </tr><tr bgcolor=""""> <th>INC_CRC</th> <td>DB3037AA30D8CCDD</td> </tr><tr bgcolor=""#E3E3F3""> <th>FMEL_UPD_D</th> <td>20191223152014</td> </tr></table></center>",Bukit Timah,Central Region
HOLLAND GROVE VIEW FC,1.3124745780961788,103.78278534837222,POINT (103.78278534837222 1.3124745780961788),5.0,kml_6,"<center><table><tr><th colspan='2' align='center'><em>Attributes</em></th></tr><tr bgcolor=""#E3E3F3""> <th>PLN_AREA_N</th> <td>BUKIT TIMAH</td> </tr><tr bgcolor=""""> <th>PLN_AREA_C</th> <td>BT</td> </tr><tr bgcolor=""#E3E3F3""> <th>CA_IND</th> <td>N</td> </tr><tr bgcolor=""""> <th>REGION_N</th> <td>CENTRAL REGION</td> </tr><tr bgcolor=""#E3E3F3""> <th>REGION_C</th> <td>CR</td> </tr><tr bgcolor=""""> <th>INC_CRC</th> <td>DB3037AA30D8CCDD</td> </tr><tr bgcolor=""#E3E3F3""> <th>FMEL_UPD_D</th> <td>20191223152014</td> </tr></table></center>",Bukit Timah,Central Region
HOLLAND GROVE VIEW PG,1.3129296671523445,103.78122162363572,POINT (103.78122162363572 1.3129296671523445),5.0,kml_6,"<center><table><tr><th colspan='2' align='center'><em>Attributes</em></th></tr><tr bgcolor=""#E3E3F3""> <th>PLN_AREA_N</th> <td>BUKIT TIMAH</td> </tr><tr bgcolor=""""> <th>PLN_AREA_C</th> <td>BT</td> </tr><tr bgcolor=""#E3E3F3""> <th>CA_IND</th> <td>N</td> </tr><tr bgcolor=""""> <th>REGION_N</th> <td>CENTRAL REGION</td> </tr><tr bgcolor=""#E3E3F3""> <th>REGION_C</th> <td>CR</td> </tr><tr bgcolor=""""> <th>INC_CRC</th> <td>DB3037AA30D8CCDD</td> </tr><tr bgcolor=""#E3E3F3""> <th>FMEL_UPD_D</th> <td>20191223152014</td> </tr></table></center>",Bukit Timah,Central Region
HOLLAND GREEN PG,1.3268109004608926,103.78257759536768,POINT (103.78257759536768 1.3268109004608926),5.0,kml_6,"<center><table><tr><th colspan='2' align='center'><em>Attributes</em></th></tr><tr bgcolor=""#E3E3F3""> <th>PLN_AREA_N</th> <td>BUKIT TIMAH</td> </tr><tr bgcolor=""""> <th>PLN_AREA_C</th> <td>BT</td> </tr><tr bgcolor=""#E3E3F3""> <th>CA_IND</th> <td>N</td> </tr><tr bgcolor=""""> <th>REGION_N</th> <td>CENTRAL REGION</td> </tr><tr bgcolor=""#E3E3F3""> <th>REGION_C</th> <td>CR</td> </tr><tr bgcolor=""""> <th>INC_CRC</th> <td>DB3037AA30D8CCDD</td> </tr><tr bgcolor=""#E3E3F3""> <th>FMEL_UPD_D</th> <td>20191223152014</td> </tr></table></center>",Bukit Timah,Central Region
MAYFAIR PK,1.3415555200005544,103.7808928749876,POINT (103.7808928749876 1.3415555200005544),5.0,kml_6,"<center><table><tr><th colspan='2' align='center'><em>Attributes</em></th></tr><tr bgcolor=""#E3E3F3""> <th>PLN_AREA_N</th> <td>BUKIT TIMAH</td> </tr><tr bgcolor=""""> <th>PLN_AREA_C</th> <td>BT</td> </tr><tr bgcolor=""#E3E3F3""> <th>CA_IND</th> <td>N</td> </tr><tr bgcolor=""""> <th>REGION_N</th> <td>CENTRAL REGION</td> </tr><tr bgcolor=""#E3E3F3""> <th>REGION_C</th> <td>CR</td> </tr><tr bgcolor=""""> <th>INC_CRC</th> <td>DB3037AA30D8CCDD</td> </tr><tr bgcolor=""#E3E3F3""> <th>FMEL_UPD_D</th> <td>20191223152014</td> </tr></table></center>",Bukit Timah,Central Region
HENRY PK,1.3162571773594276,103.78311800015676,POINT (103.78311800015676 1.3162571773594276),5.0,kml_6,"<center><table><tr><th colspan='2' align='center'><em>Attributes</em></th></tr><tr bgcolor=""#E3E3F3""> <th>PLN_AREA_N</th> <td>BUKIT TIMAH</td> </tr><tr bgcolor=""""> <th>PLN_AREA_C</th> <td>BT</td> </tr><tr bgcolor=""#E3E3F3""> <th>CA_IND</th> <td>N</td> </tr><tr bgcolor=""""> <th>REGION_N</th> <td>CENTRAL REGION</td> </tr><tr bgcolor=""#E3E3F3""> <th>REGION_C</th> <td>CR</td> </tr><tr bgcolor=""""> <th>INC_CRC</th> <td>DB3037AA30D8CCDD</td> </tr><tr bgcolor=""#E3E3F3""> <th>FMEL_UPD_D</th> <td>20191223152014</td> </tr></table></center>",Bukit Timah,Central Region
PHOENIX PARK,1.3758898083445703,103.75723986270972,POINT (103.75723986270972 1.3758898083445703),2.0,kml_3,"<center><table><tr><th colspan='2' align='center'><em>Attributes</em></th></tr><tr bgcolor=""#E3E3F3""> <th>PLN_AREA_N</th> <td>BUKIT BATOK</td> </tr><tr bgcolor=""""> <th>PLN_AREA_C</th> <td>BK</td> </tr><tr bgcolor=""#E3E3F3""> <th>CA_IND</th> <td>N</td> </tr><tr bgcolor=""""> <th>REGION_N</th> <td>WEST REGION</td> </tr><tr bgcolor=""#E3E3F3""> <th>REGION_C</th> <td>WR</td> </tr><tr bgcolor=""""> <th>INC_CRC</th> <td>3BEC4C829160F28A</td> </tr><tr bgcolor=""#E3E3F3""> <th>FMEL_UPD_D</th> <td>20191223152014</td> </tr></table></center>",Bukit Batok,West Region
CHENG SOON GARDEN PG,1.335886360637082,103.77168301094926,POINT (103.77168301094926 1.335886360637082),5.0,kml_6,"<center><table><tr><th colspan='2' align='center'><em>Attributes</em></th></tr><tr bgcolor=""#E3E3F3""> <th>PLN_AREA_N</th> <td>BUKIT TIMAH</td> </tr><tr bgcolor=""""> <th>PLN_AREA_C</th> <td>BT</td> </tr><tr bgcolor=""#E3E3F3""> <th>CA_IND</th> <td>N</td> </tr><tr bgcolor=""""> <th>REGION_N</th> <td>CENTRAL REGION</td> </tr><tr bgcolor=""#E3E3F3""> <th>REGION_C</th> <td>CR</td> </tr><tr bgcolor=""""> <th>INC_CRC</th> <td>DB3037AA30D8CCDD</td> </tr><tr bgcolor=""#E3E3F3""> <th>FMEL_UPD_D</th> <td>20191223152014</td> </tr></table></center>",Bukit Timah,Central Region
CHU YEN PLAYGROUND,1.358697170052659,103.75897633995594,POINT (103.75897633995594 1.358697170052659),2.0,kml_3,"<center><table><tr><th colspan='2' align='center'><em>Attributes</em></th></tr><tr bgcolor=""#E3E3F3""> <th>PLN_AREA_N</th> <td>BUKIT BATOK</td> </tr><tr bgcolor=""""> <th>PLN_AREA_C</th> <td>BK</td> </tr><tr bgcolor=""#E3E3F3""> <th>CA_IND</th> <td>N</td> </tr><tr bgcolor=""""> <th>REGION_N</th> <td>WEST REGION</td> </tr><tr bgcolor=""#E3E3F3""> <th>REGION_C</th> <td>WR</td> </tr><tr bgcolor=""""> <th>INC_CRC</th> <td>3BEC4C829160F28A</td> </tr><tr bgcolor=""#E3E3F3""> <th>FMEL_UPD_D</th> <td>20191223152014</td> </tr></table></center>",Bukit Batok,West Region
ENG KONG GARDEN PG,1.3369237422732272,103.76916336188069,POINT (103.76916336188069 1.3369237422732272),5.0,kml_6,"<center><table><tr><th colspan='2' align='center'><em>Attributes</em></th></tr><tr bgcolor=""#E3E3F3""> <th>PLN_AREA_N</th> <td>BUKIT TIMAH</td> </tr><tr bgcolor=""""> <th>PLN_AREA_C</th> <td>BT</td> </tr><tr bgcolor=""#E3E3F3""> <th>CA_IND</th> <td>N</td> </tr><tr bgcolor=""""> <th>REGION_N</th> <td>CENTRAL REGION</td> </tr><tr bgcolor=""#E3E3F3""> <th>REGION_C</th> <td>CR</td> </tr><tr bgcolor=""""> <th>INC_CRC</th> <td>DB3037AA30D8CCDD</td> </tr><tr bgcolor=""#E3E3F3""> <th>FMEL_UPD_D</th> <td>20191223152014</td> </tr></table></center>",Bukit Timah,Central Region
ENG KONG PLACE FC,1.334739202719321,103.76724604913916,POINT (103.76724604913916 1.334739202719321),5.0,kml_6,"<center><table><tr><th colspan='2' align='center'><em>Attributes</em></th></tr><tr bgcolor=""#E3E3F3""> <th>PLN_AREA_N</th> <td>BUKIT TIMAH</td> </tr><tr bgcolor=""""> <th>PLN_AREA_C</th> <td>BT</td> </tr><tr bgcolor=""#E3E3F3""> <th>CA_IND</th> <td>N</td> </tr><tr bgcolor=""""> <th>REGION_N</th> <td>CENTRAL REGION</td> </tr><tr bgcolor=""#E3E3F3""> <th>REGION_C</th> <td>CR</td> </tr><tr bgcolor=""""> <th>INC_CRC</th> <td>DB3037AA30D8CCDD</td> </tr><tr bgcolor=""#E3E3F3""> <th>FMEL_UPD_D</th> <td>20191223152014</td> </tr></table></center>",Bukit Timah,Central Region
GOLDEN RISE PG,1.336323647928762,103.76486852005382,POINT (103.76486852005382 1.336323647928762),5.0,kml_6,"<center><table><tr><th colspan='2' align='center'><em>Attributes</em></th></tr><tr bgcolor=""#E3E3F3""> <th>PLN_AREA_N</th> <td>BUKIT TIMAH</td> </tr><tr bgcolor=""""> <th>PLN_AREA_C</th> <td>BT</td> </tr><tr bgcolor=""#E3E3F3""> <th>CA_IND</th> <td>N</td> </tr><tr bgcolor=""""> <th>REGION_N</th> <td>CENTRAL REGION</td> </tr><tr bgcolor=""#E3E3F3""> <th>REGION_C</th> <td>CR</td> </tr><tr bgcolor=""""> <th>INC_CRC</th> <td>DB3037AA30D8CCDD</td> </tr><tr bgcolor=""#E3E3F3""> <th>FMEL_UPD_D</th> <td>20191223152014</td> </tr></table></center>",Bukit Timah,Central Region
GREENRIDGE CRESCENT PG,1.3342797127441772,103.76576322902989,POINT (103.76576322902989 1.3342797127441772),5.0,kml_6,"<center><table><tr><th colspan='2' align='center'><em>Attributes</em></th></tr><tr bgcolor=""#E3E3F3""> <th>PLN_AREA_N</th> <td>BUKIT TIMAH</td> </tr><tr bgcolor=""""> <th>PLN_AREA_C</th> <td>BT</td> </tr><tr bgcolor=""#E3E3F3""> <th>CA_IND</th> <td>N</td> </tr><tr bgcolor=""""> <th>REGION_N</th> <td>CENTRAL REGION</td> </tr><tr bgcolor=""#E3E3F3""> <th>REGION_C</th> <td>CR</td> </tr><tr bgcolor=""""> <th>INC_CRC</th> <td>DB3037AA30D8CCDD</td> </tr><tr bgcolor=""#E3E3F3""> <th>FMEL_UPD_D</th> <td>20191223152014</td> </tr></table></center>",Bukit Timah,Central Region
JALAN DERMAWAN PLAYGROUND,1.3606389456498549,103.75860584483674,POINT (103.75860584483674 1.3606389456498549),2.0,kml_3,"<center><table><tr><th colspan='2' align='center'><em>Attributes</em></th></tr><tr bgcolor=""#E3E3F3""> <th>PLN_AREA_N</th> <td>BUKIT BATOK</td> </tr><tr bgcolor=""""> <th>PLN_AREA_C</th> <td>BK</td> </tr><tr bgcolor=""#E3E3F3""> <th>CA_IND</th> <td>N</td> </tr><tr bgcolor=""""> <th>REGION_N</th> <td>WEST REGION</td> </tr><tr bgcolor=""#E3E3F3""> <th>REGION_C</th> <td>WR</td> </tr><tr bgcolor=""""> <th>INC_CRC</th> <td>3BEC4C829160F28A</td> </tr><tr bgcolor=""#E3E3F3""> <th>FMEL_UPD_D</th> <td>20191223152014</td> </tr></table></center>",Bukit Batok,West Region
JALAN TEKUKOR PLAYGROUND,1.3461378955794994,103.76677601808632,POINT (103.76677601808632 1.3461378955794994),5.0,kml_6,"<center><table><tr><th colspan='2' align='center'><em>Attributes</em></th></tr><tr bgcolor=""#E3E3F3""> <th>PLN_AREA_N</th> <td>BUKIT TIMAH</td> </tr><tr bgcolor=""""> <th>PLN_AREA_C</th> <td>BT</td> </tr><tr bgcolor=""#E3E3F3""> <th>CA_IND</th> <td>N</td> </tr><tr bgcolor=""""> <th>REGION_N</th> <td>CENTRAL REGION</td> </tr><tr bgcolor=""#E3E3F3""> <th>REGION_C</th> <td>CR</td> </tr><tr bgcolor=""""> <th>INC_CRC</th> <td>DB3037AA30D8CCDD</td> </tr><tr bgcolor=""#E3E3F3""> <th>FMEL_UPD_D</th> <td>20191223152014</td> </tr></table></center>",Bukit Timah,Central Region
HOOVER PARK (LOR PISANG HIJAU PLAYGROUND),1.34387550950276,103.77302025529794,POINT (103.77302025529794 1.34387550950276),5.0,kml_6,"<center><table><tr><th colspan='2' align='center'><em>Attributes</em></th></tr><tr bgcolor=""#E3E3F3""> <th>PLN_AREA_N</th> <td>BUKIT TIMAH</td> </tr><tr bgcolor=""""> <th>PLN_AREA_C</th> <td>BT</td> </tr><tr bgcolor=""#E3E3F3""> <th>CA_IND</th> <td>N</td> </tr><tr bgcolor=""""> <th>REGION_N</th> <td>CENTRAL REGION</td> </tr><tr bgcolor=""#E3E3F3""> <th>REGION_C</th> <td>CR</td> </tr><tr bgcolor=""""> <th>INC_CRC</th> <td>DB3037AA30D8CCDD</td> </tr><tr bgcolor=""#E3E3F3""> <th>FMEL_UPD_D</th> <td>20191223152014</td> </tr></table></center>",Bukit Timah,Central Region
HIGHGATE WALK PLAYGROUND,1.340417184614863,103.76592436149276,POINT (103.76592436149276 1.340417184614863),5.0,kml_6,"<center><table><tr><th colspan='2' align='center'><em>Attributes</em></th></tr><tr bgcolor=""#E3E3F3""> <th>PLN_AREA_N</th> <td>BUKIT TIMAH</td> </tr><tr bgcolor=""""> <th>PLN_AREA_C</th> <td>BT</td> </tr><tr bgcolor=""#E3E3F3""> <th>CA_IND</th> <td>N</td> </tr><tr bgcolor=""""> <th>REGION_N</th> <td>CENTRAL REGION</td> </tr><tr bgcolor=""#E3E3F3""> <th>REGION_C</th> <td>CR</td> </tr><tr bgcolor=""""> <th>INC_CRC</th> <td>DB3037AA30D8CCDD</td> </tr><tr bgcolor=""#E3E3F3""> <th>FMEL_UPD_D</th> <td>20191223152014</td> </tr></table></center>",Bukit Timah,Central Region
SAVOY PK PG,1.3334144853864318,103.76992667231652,POINT (103.76992667231652 1.3334144853864318),5.0,kml_6,"<center><table><tr><th colspan='2' align='center'><em>Attributes</em></th></tr><tr bgcolor=""#E3E3F3""> <th>PLN_AREA_N</th> <td>BUKIT TIMAH</td> </tr><tr bgcolor=""""> <th>PLN_AREA_C</th> <td>BT</td> </tr><tr bgcolor=""#E3E3F3""> <th>CA_IND</th> <td>N</td> </tr><tr bgcolor=""""> <th>REGION_N</th> <td>CENTRAL REGION</td> </tr><tr bgcolor=""#E3E3F3""> <th>REGION_C</th> <td>CR</td> </tr><tr bgcolor=""""> <th>INC_CRC</th> <td>DB3037AA30D8CCDD</td> </tr><tr bgcolor=""#E3E3F3""> <th>FMEL_UPD_D</th> <td>20191223152014</td> </tr></table></center>",Bukit Timah,Central Region
HILLVIEW CRESCENT PLAYGROUND,1.355262346001316,103.76116232991828,POINT (103.76116232991828 1.355262346001316),2.0,kml_3,"<center><table><tr><th colspan='2' align='center'><em>Attributes</em></th></tr><tr bgcolor=""#E3E3F3""> <th>PLN_AREA_N</th> <td>BUKIT BATOK</td> </tr><tr bgcolor=""""> <th>PLN_AREA_C</th> <td>BK</td> </tr><tr bgcolor=""#E3E3F3""> <th>CA_IND</th> <td>N</td> </tr><tr bgcolor=""""> <th>REGION_N</th> <td>WEST REGION</td> </tr><tr bgcolor=""#E3E3F3""> <th>REGION_C</th> <td>WR</td> </tr><tr bgcolor=""""> <th>INC_CRC</th> <td>3BEC4C829160F28A</td> </tr><tr bgcolor=""#E3E3F3""> <th>FMEL_UPD_D</th> <td>20191223152014</td> </tr></table></center>",Bukit Batok,West Region
BURGUNDY CRESCENT PLAYGROUND,1.3398270199089035,103.7609050344812,POINT (103.7609050344812 1.3398270199089035),2.0,kml_3,"<center><table><tr><th colspan='2' align='center'><em>Attributes</em></th></tr><tr bgcolor=""#E3E3F3""> <th>PLN_AREA_N</th> <td>BUKIT BATOK</td> </tr><tr bgcolor=""""> <th>PLN_AREA_C</th> <td>BK</td> </tr><tr bgcolor=""#E3E3F3""> <th>CA_IND</th> <td>N</td> </tr><tr bgcolor=""""> <th>REGION_N</th> <td>WEST REGION</td> </tr><tr bgcolor=""#E3E3F3""> <th>REGION_C</th> <td>WR</td> </tr><tr bgcolor=""""> <th>INC_CRC</th> <td>3BEC4C829160F28A</td> </tr><tr bgcolor=""#E3E3F3""> <th>FMEL_UPD_D</th> <td>20191223152014</td> </tr></table></center>",Bukit Batok,West Region
PAVILION PARK PLAYGROUND,1.372285673351409,103.75197729239298,POINT (103.75197729239298 1.372285673351409),2.0,kml_3,"<center><table><tr><th colspan='2' align='center'><em>Attributes</em></th></tr><tr bgcolor=""#E3E3F3""> <th>PLN_AREA_N</th> <td>BUKIT BATOK</td> </tr><tr bgcolor=""""> <th>PLN_AREA_C</th> <td>BK</td> </tr><tr bgcolor=""#E3E3F3""> <th>CA_IND</th> <td>N</td> </tr><tr bgcolor=""""> <th>REGION_N</th> <td>WEST REGION</td> </tr><tr bgcolor=""#E3E3F3""> <th>REGION_C</th> <td>WR</td> </tr><tr bgcolor=""""> <th>INC_CRC</th> <td>3BEC4C829160F28A</td> </tr><tr bgcolor=""#E3E3F3""> <th>FMEL_UPD_D</th> <td>20191223152014</td> </tr></table></center>",Bukit Batok,West Region
DUCHESS PK,1.3242903125405507,103.80547941573252,POINT (103.80547941573252 1.3242903125405507),5.0,kml_6,"<center><table><tr><th colspan='2' align='center'><em>Attributes</em></th></tr><tr bgcolor=""#E3E3F3""> <th>PLN_AREA_N</th> <td>BUKIT TIMAH</td> </tr><tr bgcolor=""""> <th>PLN_AREA_C</th> <td>BT</td> </tr><tr bgcolor=""#E3E3F3""> <th>CA_IND</th> <td>N</td> </tr><tr bgcolor=""""> <th>REGION_N</th> <td>CENTRAL REGION</td> </tr><tr bgcolor=""#E3E3F3""> <th>REGION_C</th> <td>CR</td> </tr><tr bgcolor=""""> <th>INC_CRC</th> <td>DB3037AA30D8CCDD</td> </tr><tr bgcolor=""#E3E3F3""> <th>FMEL_UPD_D</th> <td>20191223152014</td> </tr></table></center>",Bukit Timah,Central Region
VICTORIA PARK PLAYGROUND,1.3219027993967765,103.8018099364379,POINT (103.8018099364379 1.3219027993967765),5.0,kml_6,"<center><table><tr><th colspan='2' align='center'><em>Attributes</em></th></tr><tr bgcolor=""#E3E3F3""> <th>PLN_AREA_N</th> <td>BUKIT TIMAH</td> </tr><tr bgcolor=""""> <th>PLN_AREA_C</th> <td>BT</td> </tr><tr bgcolor=""#E3E3F3""> <th>CA_IND</th> <td>N</td> </tr><tr bgcolor=""""> <th>REGION_N</th> <td>CENTRAL REGION</td> </tr><tr bgcolor=""#E3E3F3""> <th>REGION_C</th> <td>CR</td> </tr><tr bgcolor=""""> <th>INC_CRC</th> <td>DB3037AA30D8CCDD</td> </tr><tr bgcolor=""#E3E3F3""> <th>FMEL_UPD_D</th> <td>20191223152014</td> </tr></table></center>",Bukit Timah,Central Region
MAPLE LANE PARK,1.3299945741675625,103.79259115095014,POINT (103.79259115095014 1.3299945741675625),5.0,kml_6,"<center><table><tr><th colspan='2' align='center'><em>Attributes</em></th></tr><tr bgcolor=""#E3E3F3""> <th>PLN_AREA_N</th> <td>BUKIT TIMAH</td> </tr><tr bgcolor=""""> <th>PLN_AREA_C</th> <td>BT</td> </tr><tr bgcolor=""#E3E3F3""> <th>CA_IND</th> <td>N</td> </tr><tr bgcolor=""""> <th>REGION_N</th> <td>CENTRAL REGION</td> </tr><tr bgcolor=""#E3E3F3""> <th>REGION_C</th> <td>CR</td> </tr><tr bgcolor=""""> <th>INC_CRC</th> <td>DB3037AA30D8CCDD</td> </tr><tr bgcolor=""#E3E3F3""> <th>FMEL_UPD_D</th> <td>20191223152014</td> </tr></table></center>",Bukit Timah,Central Region
HOLLAND GREEN LINEAR PARK,1.3271228350438102,103.78401697245168,POINT (103.78401697245168 1.3271228350438102),5.0,kml_6,"<center><table><tr><th colspan='2' align='center'><em>Attributes</em></th></tr><tr bgcolor=""#E3E3F3""> <th>PLN_AREA_N</th> <td>BUKIT TIMAH</td> </tr><tr bgcolor=""""> <th>PLN_AREA_C</th> <td>BT</td> </tr><tr bgcolor=""#E3E3F3""> <th>CA_IND</th> <td>N</td> </tr><tr bgcolor=""""> <th>REGION_N</th> <td>CENTRAL REGION</td> </tr><tr bgcolor=""#E3E3F3""> <th>REGION_C</th> <td>CR</td> </tr><tr bgcolor=""""> <th>INC_CRC</th> <td>DB3037AA30D8CCDD</td> </tr><tr bgcolor=""#E3E3F3""> <th>FMEL_UPD_D</th> <td>20191223152014</td> </tr></table></center>",Bukit Timah,Central Region
WEST COAST PARK,1.2974744660733224,103.76283334042782,POINT (103.76283334042782 1.2974744660733224),16.0,kml_17,"<center><table><tr><th colspan='2' align='center'><em>Attributes</em></th></tr><tr bgcolor=""#E3E3F3""> <th>PLN_AREA_N</th> <td>QUEENSTOWN</td> </tr><tr bgcolor=""""> <th>PLN_AREA_C</th> <td>QT</td> </tr><tr bgcolor=""#E3E3F3""> <th>CA_IND</th> <td>N</td> </tr><tr bgcolor=""""> <th>REGION_N</th> <td>CENTRAL REGION</td> </tr><tr bgcolor=""#E3E3F3""> <th>REGION_C</th> <td>CR</td> </tr><tr bgcolor=""""> <th>INC_CRC</th> <td>C0170DF008A88671</td> </tr><tr bgcolor=""#E3E3F3""> <th>FMEL_UPD_D</th> <td>20191223152014</td> </tr></table></center>",Queenstown,Central Region
CLEMENTI WOODS PARK,1.2989335350094564,103.76761685803038,POINT (103.76761685803038 1.2989335350094564),9.0,kml_10,"<center><table><tr><th colspan='2' align='center'><em>Attributes</em></th></tr><tr bgcolor=""#E3E3F3""> <th>PLN_AREA_N</th> <td>CLEMENTI</td> </tr><tr bgcolor=""""> <th>PLN_AREA_C</th> <td>CL</td> </tr><tr bgcolor=""#E3E3F3""> <th>CA_IND</th> <td>N</td> </tr><tr bgcolor=""""> <th>REGION_N</th> <td>WEST REGION</td> </tr><tr bgcolor=""#E3E3F3""> <th>REGION_C</th> <td>WR</td> </tr><tr bgcolor=""""> <th>INC_CRC</th> <td>D5239EF08EE3CAC7</td> </tr><tr bgcolor=""#E3E3F3""> <th>FMEL_UPD_D</th> <td>20191223152014</td> </tr></table></center>",Clementi,West Region
YUNNAN PARK,1.3374845229132717,103.6929015341445,POINT (103.6929015341445 1.3374845229132717),12.0,kml_13,"<center><table><tr><th colspan='2' align='center'><em>Attributes</em></th></tr><tr bgcolor=""#E3E3F3""> <th>PLN_AREA_N</th> <td>JURONG WEST</td> </tr><tr bgcolor=""""> <th>PLN_AREA_C</th> <td>JW</td> </tr><tr bgcolor=""#E3E3F3""> <th>CA_IND</th> <td>N</td> </tr><tr bgcolor=""""> <th>REGION_N</th> <td>WEST REGION</td> </tr><tr bgcolor=""#E3E3F3""> <th>REGION_C</th> <td>WR</td> </tr><tr bgcolor=""""> <th>INC_CRC</th> <td>2DFF32E53038ED97</td> </tr><tr bgcolor=""#E3E3F3""> <th>FMEL_UPD_D</th> <td>20191223152014</td> </tr></table></center>",Jurong West,West Region
LAKESIDE GROVE PLAYGROUND,1.3400730144096729,103.71859444158254,POINT (103.71859444158254 1.3400730144096729),12.0,kml_13,"<center><table><tr><th colspan='2' align='center'><em>Attributes</em></th></tr><tr bgcolor=""#E3E3F3""> <th>PLN_AREA_N</th> <td>JURONG WEST</td> </tr><tr bgcolor=""""> <th>PLN_AREA_C</th> <td>JW</td> </tr><tr bgcolor=""#E3E3F3""> <th>CA_IND</th> <td>N</td> </tr><tr bgcolor=""""> <th>REGION_N</th> <td>WEST REGION</td> </tr><tr bgcolor=""#E3E3F3""> <th>REGION_C</th> <td>WR</td> </tr><tr bgcolor=""""> <th>INC_CRC</th> <td>2DFF32E53038ED97</td> </tr><tr bgcolor=""#E3E3F3""> <th>FMEL_UPD_D</th> <td>20191223152014</td> </tr></table></center>",Jurong West,West Region
WESTWOOD PARK PLAYGROUND,1.35180264784881,103.70105312473154,POINT (103.70105312473154 1.35180264784881),12.0,kml_13,"<center><table><tr><th colspan='2' align='center'><em>Attributes</em></th></tr><tr bgcolor=""#E3E3F3""> <th>PLN_AREA_N</th> <td>JURONG WEST</td> </tr><tr bgcolor=""""> <th>PLN_AREA_C</th> <td>JW</td> </tr><tr bgcolor=""#E3E3F3""> <th>CA_IND</th> <td>N</td> </tr><tr bgcolor=""""> <th>REGION_N</th> <td>WEST REGION</td> </tr><tr bgcolor=""#E3E3F3""> <th>REGION_C</th> <td>WR</td> </tr><tr bgcolor=""""> <th>INC_CRC</th> <td>2DFF32E53038ED97</td> </tr><tr bgcolor=""#E3E3F3""> <th>FMEL_UPD_D</th> <td>20191223152014</td> </tr></table></center>",Jurong West,West Region
WESTVILLE PLAYGROUND,1.353602235401215,103.69953571293016,POINT (103.69953571293016 1.353602235401215),12.0,kml_13,"<center><table><tr><th colspan='2' align='center'><em>Attributes</em></th></tr><tr bgcolor=""#E3E3F3""> <th>PLN_AREA_N</th> <td>JURONG WEST</td> </tr><tr bgcolor=""""> <th>PLN_AREA_C</th> <td>JW</td> </tr><tr bgcolor=""#E3E3F3""> <th>CA_IND</th> <td>N</td> </tr><tr bgcolor=""""> <th>REGION_N</th> <td>WEST REGION</td> </tr><tr bgcolor=""#E3E3F3""> <th>REGION_C</th> <td>WR</td> </tr><tr bgcolor=""""> <th>INC_CRC</th> <td>2DFF32E53038ED97</td> </tr><tr bgcolor=""#E3E3F3""> <th>FMEL_UPD_D</th> <td>20191223152014</td> </tr></table></center>",Jurong West,West Region
LAKESIDE GROVE FITNESS CORNER,1.3397230462758167,103.71705725432878,POINT (103.71705725432878 1.3397230462758167),12.0,kml_13,"<center><table><tr><th colspan='2' align='center'><em>Attributes</em></th></tr><tr bgcolor=""#E3E3F3""> <th>PLN_AREA_N</th> <td>JURONG WEST</td> </tr><tr bgcolor=""""> <th>PLN_AREA_C</th> <td>JW</td> </tr><tr bgcolor=""#E3E3F3""> <th>CA_IND</th> <td>N</td> </tr><tr bgcolor=""""> <th>REGION_N</th> <td>WEST REGION</td> </tr><tr bgcolor=""#E3E3F3""> <th>REGION_C</th> <td>WR</td> </tr><tr bgcolor=""""> <th>INC_CRC</th> <td>2DFF32E53038ED97</td> </tr><tr bgcolor=""#E3E3F3""> <th>FMEL_UPD_D</th> <td>20191223152014</td> </tr></table></center>",Jurong West,West Region
JALAN MAS KUNING PLAYGROUND,1.307851607722101,103.76352509593494,POINT (103.76352509593494 1.307851607722101),9.0,kml_10,"<center><table><tr><th colspan='2' align='center'><em>Attributes</em></th></tr><tr bgcolor=""#E3E3F3""> <th>PLN_AREA_N</th> <td>CLEMENTI</td> </tr><tr bgcolor=""""> <th>PLN_AREA_C</th> <td>CL</td> </tr><tr bgcolor=""#E3E3F3""> <th>CA_IND</th> <td>N</td> </tr><tr bgcolor=""""> <th>REGION_N</th> <td>WEST REGION</td> </tr><tr bgcolor=""#E3E3F3""> <th>REGION_C</th> <td>WR</td> </tr><tr bgcolor=""""> <th>INC_CRC</th> <td>D5239EF08EE3CAC7</td> </tr><tr bgcolor=""#E3E3F3""> <th>FMEL_UPD_D</th> <td>20191223152014</td> </tr></table></center>",Clementi,West Region
JALAN MAS PUTEH PLAYGROUND,1.3089863435762052,103.76200681668604,POINT (103.76200681668604 1.3089863435762052),9.0,kml_10,"<center><table><tr><th colspan='2' align='center'><em>Attributes</em></th></tr><tr bgcolor=""#E3E3F3""> <th>PLN_AREA_N</th> <td>CLEMENTI</td> </tr><tr bgcolor=""""> <th>PLN_AREA_C</th> <td>CL</td> </tr><tr bgcolor=""#E3E3F3""> <th>CA_IND</th> <td>N</td> </tr><tr bgcolor=""""> <th>REGION_N</th> <td>WEST REGION</td> </tr><tr bgcolor=""#E3E3F3""> <th>REGION_C</th> <td>WR</td> </tr><tr bgcolor=""""> <th>INC_CRC</th> <td>D5239EF08EE3CAC7</td> </tr><tr bgcolor=""#E3E3F3""> <th>FMEL_UPD_D</th> <td>20191223152014</td> </tr></table></center>",Clementi,West Region
PANDAN RESERVOIR FITNESS CORNER,1.3174990770561843,103.748747848672,POINT (103.748747848672 1.3174990770561843),11.0,kml_12,"<center><table><tr><th colspan='2' align='center'><em>Attributes</em></th></tr><tr bgcolor=""#E3E3F3""> <th>PLN_AREA_N</th> <td>JURONG EAST</td> </tr><tr bgcolor=""""> <th>PLN_AREA_C</th> <td>JE</td> </tr><tr bgcolor=""#E3E3F3""> <th>CA_IND</th> <td>N</td> </tr><tr bgcolor=""""> <th>REGION_N</th> <td>WEST REGION</td> </tr><tr bgcolor=""#E3E3F3""> <th>REGION_C</th> <td>WR</td> </tr><tr bgcolor=""""> <th>INC_CRC</th> <td>77E230E08D3989E7</td> </tr><tr bgcolor=""#E3E3F3""> <th>FMEL_UPD_D</th> <td>20191223152014</td> </tr></table></center>",Jurong East,West Region
TAMAN MAS MERAH PLAYGROUND,1.308703286123271,103.76472555154504,POINT (103.76472555154504 1.308703286123271),9.0,kml_10,"<center><table><tr><th colspan='2' align='center'><em>Attributes</em></th></tr><tr bgcolor=""#E3E3F3""> <th>PLN_AREA_N</th> <td>CLEMENTI</td> </tr><tr bgcolor=""""> <th>PLN_AREA_C</th> <td>CL</td> </tr><tr bgcolor=""#E3E3F3""> <th>CA_IND</th> <td>N</td> </tr><tr bgcolor=""""> <th>REGION_N</th> <td>WEST REGION</td> </tr><tr bgcolor=""#E3E3F3""> <th>REGION_C</th> <td>WR</td> </tr><tr bgcolor=""""> <th>INC_CRC</th> <td>D5239EF08EE3CAC7</td> </tr><tr bgcolor=""#E3E3F3""> <th>FMEL_UPD_D</th> <td>20191223152014</td> </tr></table></center>",Clementi,West Region
WEST COAST GREEN PLAYGROUND,1.3155603512098706,103.7563601696452,POINT (103.7563601696452 1.3155603512098706),9.0,kml_10,"<center><table><tr><th colspan='2' align='center'><em>Attributes</em></th></tr><tr bgcolor=""#E3E3F3""> <th>PLN_AREA_N</th> <td>CLEMENTI</td> </tr><tr bgcolor=""""> <th>PLN_AREA_C</th> <td>CL</td> </tr><tr bgcolor=""#E3E3F3""> <th>CA_IND</th> <td>N</td> </tr><tr bgcolor=""""> <th>REGION_N</th> <td>WEST REGION</td> </tr><tr bgcolor=""#E3E3F3""> <th>REGION_C</th> <td>WR</td> </tr><tr bgcolor=""""> <th>INC_CRC</th> <td>D5239EF08EE3CAC7</td> </tr><tr bgcolor=""#E3E3F3""> <th>FMEL_UPD_D</th> <td>20191223152014</td> </tr></table></center>",Clementi,West Region
WEST COAST PLACE PLAYGROUND,1.3142539349187183,103.7584501679103,POINT (103.7584501679103 1.3142539349187183),9.0,kml_10,"<center><table><tr><th colspan='2' align='center'><em>Attributes</em></th></tr><tr bgcolor=""#E3E3F3""> <th>PLN_AREA_N</th> <td>CLEMENTI</td> </tr><tr bgcolor=""""> <th>PLN_AREA_C</th> <td>CL</td> </tr><tr bgcolor=""#E3E3F3""> <th>CA_IND</th> <td>N</td> </tr><tr bgcolor=""""> <th>REGION_N</th> <td>WEST REGION</td> </tr><tr bgcolor=""#E3E3F3""> <th>REGION_C</th> <td>WR</td> </tr><tr bgcolor=""""> <th>INC_CRC</th> <td>D5239EF08EE3CAC7</td> </tr><tr bgcolor=""#E3E3F3""> <th>FMEL_UPD_D</th> <td>20191223152014</td> </tr></table></center>",Clementi,West Region
FABER HILLS PLAYGROUND,1.319767250253672,103.75797647582051,POINT (103.75797647582051 1.319767250253672),9.0,kml_10,"<center><table><tr><th colspan='2' align='center'><em>Attributes</em></th></tr><tr bgcolor=""#E3E3F3""> <th>PLN_AREA_N</th> <td>CLEMENTI</td> </tr><tr bgcolor=""""> <th>PLN_AREA_C</th> <td>CL</td> </tr><tr bgcolor=""#E3E3F3""> <th>CA_IND</th> <td>N</td> </tr><tr bgcolor=""""> <th>REGION_N</th> <td>WEST REGION</td> </tr><tr bgcolor=""#E3E3F3""> <th>REGION_C</th> <td>WR</td> </tr><tr bgcolor=""""> <th>INC_CRC</th> <td>D5239EF08EE3CAC7</td> </tr><tr bgcolor=""#E3E3F3""> <th>FMEL_UPD_D</th> <td>20191223152014</td> </tr></table></center>",Clementi,West Region
FABER HEIGHTS OPEN SPACE,1.3225526398909135,103.7576085677288,POINT (103.7576085677288 1.3225526398909135),9.0,kml_10,"<center><table><tr><th colspan='2' align='center'><em>Attributes</em></th></tr><tr bgcolor=""#E3E3F3""> <th>PLN_AREA_N</th> <td>CLEMENTI</td> </tr><tr bgcolor=""""> <th>PLN_AREA_C</th> <td>CL</td> </tr><tr bgcolor=""#E3E3F3""> <th>CA_IND</th> <td>N</td> </tr><tr bgcolor=""""> <th>REGION_N</th> <td>WEST REGION</td> </tr><tr bgcolor=""#E3E3F3""> <th>REGION_C</th> <td>WR</td> </tr><tr bgcolor=""""> <th>INC_CRC</th> <td>D5239EF08EE3CAC7</td> </tr><tr bgcolor=""#E3E3F3""> <th>FMEL_UPD_D</th> <td>20191223152014</td> </tr></table></center>",Clementi,West Region
JURONG CENTRAL PARK,1.3379796517930498,103.70787455681167,POINT (103.70787455681167 1.3379796517930498),12.0,kml_13,"<center><table><tr><th colspan='2' align='center'><em>Attributes</em></th></tr><tr bgcolor=""#E3E3F3""> <th>PLN_AREA_N</th> <td>JURONG WEST</td> </tr><tr bgcolor=""""> <th>PLN_AREA_C</th> <td>JW</td> </tr><tr bgcolor=""#E3E3F3""> <th>CA_IND</th> <td>N</td> </tr><tr bgcolor=""""> <th>REGION_N</th> <td>WEST REGION</td> </tr><tr bgcolor=""#E3E3F3""> <th>REGION_C</th> <td>WR</td> </tr><tr bgcolor=""""> <th>INC_CRC</th> <td>2DFF32E53038ED97</td> </tr><tr bgcolor=""#E3E3F3""> <th>FMEL_UPD_D</th> <td>20191223152014</td> </tr></table></center>",Jurong West,West Region
PASIR PANJANG PARK,1.278746579452599,103.78392469711306,POINT (103.78392469711306 1.278746579452599),16.0,kml_17,"<center><table><tr><th colspan='2' align='center'><em>Attributes</em></th></tr><tr bgcolor=""#E3E3F3""> <th>PLN_AREA_N</th> <td>QUEENSTOWN</td> </tr><tr bgcolor=""""> <th>PLN_AREA_C</th> <td>QT</td> </tr><tr bgcolor=""#E3E3F3""> <th>CA_IND</th> <td>N</td> </tr><tr bgcolor=""""> <th>REGION_N</th> <td>CENTRAL REGION</td> </tr><tr bgcolor=""#E3E3F3""> <th>REGION_C</th> <td>CR</td> </tr><tr bgcolor=""""> <th>INC_CRC</th> <td>C0170DF008A88671</td> </tr><tr bgcolor=""#E3E3F3""> <th>FMEL_UPD_D</th> <td>20191223152014</td> </tr></table></center>",Queenstown,Central Region
KENT RIDGE PARK,1.284392364523694,103.7903187684368,POINT (103.7903187684368 1.284392364523694),16.0,kml_17,"<center><table><tr><th colspan='2' align='center'><em>Attributes</em></th></tr><tr bgcolor=""#E3E3F3""> <th>PLN_AREA_N</th> <td>QUEENSTOWN</td> </tr><tr bgcolor=""""> <th>PLN_AREA_C</th> <td>QT</td> </tr><tr bgcolor=""#E3E3F3""> <th>CA_IND</th> <td>N</td> </tr><tr bgcolor=""""> <th>REGION_N</th> <td>CENTRAL REGION</td> </tr><tr bgcolor=""#E3E3F3""> <th>REGION_C</th> <td>CR</td> </tr><tr bgcolor=""""> <th>INC_CRC</th> <td>C0170DF008A88671</td> </tr><tr bgcolor=""#E3E3F3""> <th>FMEL_UPD_D</th> <td>20191223152014</td> </tr></table></center>",Queenstown,Central Region
JAMBOL PLACE PARK,1.2790257618919407,103.79018535239057,POINT (103.79018535239057 1.2790257618919407),16.0,kml_17,"<center><table><tr><th colspan='2' align='center'><em>Attributes</em></th></tr><tr bgcolor=""#E3E3F3""> <th>PLN_AREA_N</th> <td>QUEENSTOWN</td> </tr><tr bgcolor=""""> <th>PLN_AREA_C</th> <td>QT</td> </tr><tr bgcolor=""#E3E3F3""> <th>CA_IND</th> <td>N</td> </tr><tr bgcolor=""""> <th>REGION_N</th> <td>CENTRAL REGION</td> </tr><tr bgcolor=""#E3E3F3""> <th>REGION_C</th> <td>CR</td> </tr><tr bgcolor=""""> <th>INC_CRC</th> <td>C0170DF008A88671</td> </tr><tr bgcolor=""#E3E3F3""> <th>FMEL_UPD_D</th> <td>20191223152014</td> </tr></table></center>",Queenstown,Central Region
CHWEE CHIAN PLAYGROUND,1.279572837078235,103.78895401879323,POINT (103.78895401879323 1.279572837078235),16.0,kml_17,"<center><table><tr><th colspan='2' align='center'><em>Attributes</em></th></tr><tr bgcolor=""#E3E3F3""> <th>PLN_AREA_N</th> <td>QUEENSTOWN</td> </tr><tr bgcolor=""""> <th>PLN_AREA_C</th> <td>QT</td> </tr><tr bgcolor=""#E3E3F3""> <th>CA_IND</th> <td>N</td> </tr><tr bgcolor=""""> <th>REGION_N</th> <td>CENTRAL REGION</td> </tr><tr bgcolor=""#E3E3F3""> <th>REGION_C</th> <td>CR</td> </tr><tr bgcolor=""""> <th>INC_CRC</th> <td>C0170DF008A88671</td> </tr><tr bgcolor=""#E3E3F3""> <th>FMEL_UPD_D</th> <td>20191223152014</td> </tr></table></center>",Queenstown,Central Region
ONE-NORTH PARK,1.3042782782065545,103.79036831078189,POINT (103.79036831078189 1.3042782782065545),16.0,kml_17,"<center><table><tr><th colspan='2' align='center'><em>Attributes</em></th></tr><tr bgcolor=""#E3E3F3""> <th>PLN_AREA_N</th> <td>QUEENSTOWN</td> </tr><tr bgcolor=""""> <th>PLN_AREA_C</th> <td>QT</td> </tr><tr bgcolor=""#E3E3F3""> <th>CA_IND</th> <td>N</td> </tr><tr bgcolor=""""> <th>REGION_N</th> <td>CENTRAL REGION</td> </tr><tr bgcolor=""#E3E3F3""> <th>REGION_C</th> <td>CR</td> </tr><tr bgcolor=""""> <th>INC_CRC</th> <td>C0170DF008A88671</td> </tr><tr bgcolor=""#E3E3F3""> <th>FMEL_UPD_D</th> <td>20191223152014</td> </tr></table></center>",Queenstown,Central Region
MOUNT FABER PARK,1.2705515087384658,103.81933003105216,POINT (103.81933003105216 1.2705515087384658),3.0,kml_4,"<center><table><tr><th colspan='2' align='center'><em>Attributes</em></th></tr><tr bgcolor=""#E3E3F3""> <th>PLN_AREA_N</th> <td>BUKIT MERAH</td> </tr><tr bgcolor=""""> <th>PLN_AREA_C</th> <td>BM</td> </tr><tr bgcolor=""#E3E3F3""> <th>CA_IND</th> <td>N</td> </tr><tr bgcolor=""""> <th>REGION_N</th> <td>CENTRAL REGION</td> </tr><tr bgcolor=""#E3E3F3""> <th>REGION_C</th> <td>CR</td> </tr><tr bgcolor=""""> <th>INC_CRC</th> <td>4850795BB0B6A4F7</td> </tr><tr bgcolor=""#E3E3F3""> <th>FMEL_UPD_D</th> <td>20191223152014</td> </tr></table></center>",Bukit Merah,Central Region
TELOK BLANGAH HILL PARK,1.2786594119326866,103.81025373344492,POINT (103.81025373344492 1.2786594119326866),3.0,kml_4,"<center><table><tr><th colspan='2' align='center'><em>Attributes</em></th></tr><tr bgcolor=""#E3E3F3""> <th>PLN_AREA_N</th> <td>BUKIT MERAH</td> </tr><tr bgcolor=""""> <th>PLN_AREA_C</th> <td>BM</td> </tr><tr bgcolor=""#E3E3F3""> <th>CA_IND</th> <td>N</td> </tr><tr bgcolor=""""> <th>REGION_N</th> <td>CENTRAL REGION</td> </tr><tr bgcolor=""#E3E3F3""> <th>REGION_C</th> <td>CR</td> </tr><tr bgcolor=""""> <th>INC_CRC</th> <td>4850795BB0B6A4F7</td> </tr><tr bgcolor=""#E3E3F3""> <th>FMEL_UPD_D</th> <td>20191223152014</td> </tr></table></center>",Bukit Merah,Central Region
GANGES AVE OS,1.290793230671245,103.83179846135349,POINT (103.83179846135349 1.290793230671245),3.0,kml_4,"<center><table><tr><th colspan='2' align='center'><em>Attributes</em></th></tr><tr bgcolor=""#E3E3F3""> <th>PLN_AREA_N</th> <td>BUKIT MERAH</td> </tr><tr bgcolor=""""> <th>PLN_AREA_C</th> <td>BM</td> </tr><tr bgcolor=""#E3E3F3""> <th>CA_IND</th> <td>N</td> </tr><tr bgcolor=""""> <th>REGION_N</th> <td>CENTRAL REGION</td> </tr><tr bgcolor=""#E3E3F3""> <th>REGION_C</th> <td>CR</td> </tr><tr bgcolor=""""> <th>INC_CRC</th> <td>4850795BB0B6A4F7</td> </tr><tr bgcolor=""#E3E3F3""> <th>FMEL_UPD_D</th> <td>20191223152014</td> </tr></table></center>",Bukit Merah,Central Region
KIM PONG PARK,1.283590396304199,103.82973723189949,POINT (103.82973723189949 1.283590396304199),3.0,kml_4,"<center><table><tr><th colspan='2' align='center'><em>Attributes</em></th></tr><tr bgcolor=""#E3E3F3""> <th>PLN_AREA_N</th> <td>BUKIT MERAH</td> </tr><tr bgcolor=""""> <th>PLN_AREA_C</th> <td>BM</td> </tr><tr bgcolor=""#E3E3F3""> <th>CA_IND</th> <td>N</td> </tr><tr bgcolor=""""> <th>REGION_N</th> <td>CENTRAL REGION</td> </tr><tr bgcolor=""#E3E3F3""> <th>REGION_C</th> <td>CR</td> </tr><tr bgcolor=""""> <th>INC_CRC</th> <td>4850795BB0B6A4F7</td> </tr><tr bgcolor=""#E3E3F3""> <th>FMEL_UPD_D</th> <td>20191223152014</td> </tr></table></center>",Bukit Merah,Central Region
BUKIT GOMBAK PARK,1.3672173562028185,103.7524341787261,POINT (103.7524341787261 1.3672173562028185),2.0,kml_3,"<center><table><tr><th colspan='2' align='center'><em>Attributes</em></th></tr><tr bgcolor=""#E3E3F3""> <th>PLN_AREA_N</th> <td>BUKIT BATOK</td> </tr><tr bgcolor=""""> <th>PLN_AREA_C</th> <td>BK</td> </tr><tr bgcolor=""#E3E3F3""> <th>CA_IND</th> <td>N</td> </tr><tr bgcolor=""""> <th>REGION_N</th> <td>WEST REGION</td> </tr><tr bgcolor=""#E3E3F3""> <th>REGION_C</th> <td>WR</td> </tr><tr bgcolor=""""> <th>INC_CRC</th> <td>3BEC4C829160F28A</td> </tr><tr bgcolor=""#E3E3F3""> <th>FMEL_UPD_D</th> <td>20191223152014</td> </tr></table></center>",Bukit Batok,West Region
TAMPINES BOULEVARD PARK,1.363756342117129,103.94064313618163,POINT (103.94064313618163 1.363756342117129),46.0,kml_47,"<center><table><tr><th colspan='2' align='center'><em>Attributes</em></th></tr><tr bgcolor=""#E3E3F3""> <th>PLN_AREA_N</th> <td>TAMPINES</td> </tr><tr bgcolor=""""> <th>PLN_AREA_C</th> <td>TM</td> </tr><tr bgcolor=""#E3E3F3""> <th>CA_IND</th> <td>N</td> </tr><tr bgcolor=""""> <th>REGION_N</th> <td>EAST REGION</td> </tr><tr bgcolor=""#E3E3F3""> <th>REGION_C</th> <td>ER</td> </tr><tr bgcolor=""""> <th>INC_CRC</th> <td>9988953DFA610218</td> </tr><tr bgcolor=""#E3E3F3""> <th>FMEL_UPD_D</th> <td>20191223152014</td> </tr></table></center>",Tampines,East Region
BOUNDARY ROAD PARK,1.3540401971512352,103.87478098464692,POINT (103.87478098464692 1.3540401971512352),20.0,kml_21,"<center><table><tr><th colspan='2' align='center'><em>Attributes</em></th></tr><tr bgcolor=""#E3E3F3""> <th>PLN_AREA_N</th> <td>SERANGOON</td> </tr><tr bgcolor=""""> <th>PLN_AREA_C</th> <td>SG</td> </tr><tr bgcolor=""#E3E3F3""> <th>CA_IND</th> <td>N</td> </tr><tr bgcolor=""""> <th>REGION_N</th> <td>NORTH-EAST REGION</td> </tr><tr bgcolor=""#E3E3F3""> <th>REGION_C</th> <td>NER</td> </tr><tr bgcolor=""""> <th>INC_CRC</th> <td>17813E1F4CEBB72E</td> </tr><tr bgcolor=""#E3E3F3""> <th>FMEL_UPD_D</th> <td>20191223152014</td> </tr></table></center>",Serangoon,North-East Region
PARK AT SEMBAWANG ALLEY,1.44873423987904,103.81904332032455,POINT (103.81904332032455 1.44873423987904),18.0,kml_19,"<center><table><tr><th colspan='2' align='center'><em>Attributes</em></th></tr><tr bgcolor=""#E3E3F3""> <th>PLN_AREA_N</th> <td>SEMBAWANG</td> </tr><tr bgcolor=""""> <th>PLN_AREA_C</th> <td>SB</td> </tr><tr bgcolor=""#E3E3F3""> <th>CA_IND</th> <td>N</td> </tr><tr bgcolor=""""> <th>REGION_N</th> <td>NORTH REGION</td> </tr><tr bgcolor=""#E3E3F3""> <th>REGION_C</th> <td>NR</td> </tr><tr bgcolor=""""> <th>INC_CRC</th> <td>ECA1E5D6412DC621</td> </tr><tr bgcolor=""#E3E3F3""> <th>FMEL_UPD_D</th> <td>20191223152014</td> </tr></table></center>",Sembawang,North Region
JLN SENDUDOK PARK,1.4438998767847262,103.8271629651823,POINT (103.8271629651823 1.4438998767847262),18.0,kml_19,"<center><table><tr><th colspan='2' align='center'><em>Attributes</em></th></tr><tr bgcolor=""#E3E3F3""> <th>PLN_AREA_N</th> <td>SEMBAWANG</td> </tr><tr bgcolor=""""> <th>PLN_AREA_C</th> <td>SB</td> </tr><tr bgcolor=""#E3E3F3""> <th>CA_IND</th> <td>N</td> </tr><tr bgcolor=""""> <th>REGION_N</th> <td>NORTH REGION</td> </tr><tr bgcolor=""#E3E3F3""> <th>REGION_C</th> <td>NR</td> </tr><tr bgcolor=""""> <th>INC_CRC</th> <td>ECA1E5D6412DC621</td> </tr><tr bgcolor=""#E3E3F3""> <th>FMEL_UPD_D</th> <td>20191223152014</td> </tr></table></center>",Sembawang,North Region
TOH CLOSE INTERIM PARK,1.3639140016919415,103.96992207870058,POINT (103.96992207870058 1.3639140016919415),13.0,kml_14,"<center><table><tr><th colspan='2' align='center'><em>Attributes</em></th></tr><tr bgcolor=""#E3E3F3""> <th>PLN_AREA_N</th> <td>PASIR RIS</td> </tr><tr bgcolor=""""> <th>PLN_AREA_C</th> <td>PR</td> </tr><tr bgcolor=""#E3E3F3""> <th>CA_IND</th> <td>N</td> </tr><tr bgcolor=""""> <th>REGION_N</th> <td>EAST REGION</td> </tr><tr bgcolor=""#E3E3F3""> <th>REGION_C</th> <td>ER</td> </tr><tr bgcolor=""""> <th>INC_CRC</th> <td>B375AD2AA1E8E3DB</td> </tr><tr bgcolor=""#E3E3F3""> <th>FMEL_UPD_D</th> <td>20191223152014</td> </tr></table></center>",Pasir Ris,East Region
EAST COAST PARK AREA E1 CAR PARK,1.3073206700428106,103.93021604239304,POINT (103.93021604239304 1.3073206700428106),0.0,kml_1,"<center><table><tr><th colspan='2' align='center'><em>Attributes</em></th></tr><tr bgcolor=""#E3E3F3""> <th>PLN_AREA_N</th> <td>BEDOK</td> </tr><tr bgcolor=""""> <th>PLN_AREA_C</th> <td>BD</td> </tr><tr bgcolor=""#E3E3F3""> <th>CA_IND</th> <td>N</td> </tr><tr bgcolor=""""> <th>REGION_N</th> <td>EAST REGION</td> </tr><tr bgcolor=""#E3E3F3""> <th>REGION_C</th> <td>ER</td> </tr><tr bgcolor=""""> <th>INC_CRC</th> <td>5F00E6FF084F3364</td> </tr><tr bgcolor=""#E3E3F3""> <th>FMEL_UPD_D</th> <td>20191223152014</td> </tr></table></center>",Bedok,East Region
PARLIAMENT PROMENADE,1.2885815772928455,103.84999922976148,POINT (103.84999922976148 1.2885815772928455),39.0,kml_40,"<center><table><tr><th colspan='2' align='center'><em>Attributes</em></th></tr><tr bgcolor=""#E3E3F3""> <th>PLN_AREA_N</th> <td>DOWNTOWN CORE</td> </tr><tr bgcolor=""""> <th>PLN_AREA_C</th> <td>DT</td> </tr><tr bgcolor=""#E3E3F3""> <th>CA_IND</th> <td>Y</td> </tr><tr bgcolor=""""> <th>REGION_N</th> <td>CENTRAL REGION</td> </tr><tr bgcolor=""#E3E3F3""> <th>REGION_C</th> <td>CR</td> </tr><tr bgcolor=""""> <th>INC_CRC</th> <td>5D85EA05D2C6189D</td> </tr><tr bgcolor=""#E3E3F3""> <th>FMEL_UPD_D</th> <td>20191223152014</td> </tr></table></center>",Downtown Core,Central Region
CHANGI BEACH PK,1.3831593733995575,104.00175372183348,POINT (104.00175372183348 1.3831593733995575),7.0,kml_8,"<center><table><tr><th colspan='2' align='center'><em>Attributes</em></th></tr><tr bgcolor=""#E3E3F3""> <th>PLN_AREA_N</th> <td>CHANGI</td> </tr><tr bgcolor=""""> <th>PLN_AREA_C</th> <td>CH</td> </tr><tr bgcolor=""#E3E3F3""> <th>CA_IND</th> <td>N</td> </tr><tr bgcolor=""""> <th>REGION_N</th> <td>EAST REGION</td> </tr><tr bgcolor=""#E3E3F3""> <th>REGION_C</th> <td>ER</td> </tr><tr bgcolor=""""> <th>INC_CRC</th> <td>9DA33276DBB29990</td> </tr><tr bgcolor=""#E3E3F3""> <th>FMEL_UPD_D</th> <td>20191223152014</td> </tr></table></center>",Changi,East Region
NW502D,1.443216249561224,103.8298393418044,POINT (103.8298393418044 1.443216249561224),18.0,kml_19,"<center><table><tr><th colspan='2' align='center'><em>Attributes</em></th></tr><tr bgcolor=""#E3E3F3""> <th>PLN_AREA_N</th> <td>SEMBAWANG</td> </tr><tr bgcolor=""""> <th>PLN_AREA_C</th> <td>SB</td> </tr><tr bgcolor=""#E3E3F3""> <th>CA_IND</th> <td>N</td> </tr><tr bgcolor=""""> <th>REGION_N</th> <td>NORTH REGION</td> </tr><tr bgcolor=""#E3E3F3""> <th>REGION_C</th> <td>NR</td> </tr><tr bgcolor=""""> <th>INC_CRC</th> <td>ECA1E5D6412DC621</td> </tr><tr bgcolor=""#E3E3F3""> <th>FMEL_UPD_D</th> <td>20191223152014</td> </tr></table></center>",Sembawang,North Region
JLG: LAKESIDE GARDEN,1.3336633524010115,103.72694973622696,POINT (103.72694973622696 1.3336633524010115),11.0,kml_12,"<center><table><tr><th colspan='2' align='center'><em>Attributes</em></th></tr><tr bgcolor=""#E3E3F3""> <th>PLN_AREA_N</th> <td>JURONG EAST</td> </tr><tr bgcolor=""""> <th>PLN_AREA_C</th> <td>JE</td> </tr><tr bgcolor=""#E3E3F3""> <th>CA_IND</th> <td>N</td> </tr><tr bgcolor=""""> <th>REGION_N</th> <td>WEST REGION</td> </tr><tr bgcolor=""#E3E3F3""> <th>REGION_C</th> <td>WR</td> </tr><tr bgcolor=""""> <th>INC_CRC</th> <td>77E230E08D3989E7</td> </tr><tr bgcolor=""#E3E3F3""> <th>FMEL_UPD_D</th> <td>20191223152014</td> </tr></table></center>",Jurong East,West Region
CITY GREEN,1.3118468213994965,103.85602245803376,POINT (103.85602245803376 1.3118468213994965),21.0,kml_22,"<center><table><tr><th colspan='2' align='center'><em>Attributes</em></th></tr><tr bgcolor=""#E3E3F3""> <th>PLN_AREA_N</th> <td>KALLANG</td> </tr><tr bgcolor=""""> <th>PLN_AREA_C</th> <td>KL</td> </tr><tr bgcolor=""#E3E3F3""> <th>CA_IND</th> <td>N</td> </tr><tr bgcolor=""""> <th>REGION_N</th> <td>CENTRAL REGION</td> </tr><tr bgcolor=""#E3E3F3""> <th>REGION_C</th> <td>CR</td> </tr><tr bgcolor=""""> <th>INC_CRC</th> <td>8805C45D2F327F92</td> </tr><tr bgcolor=""#E3E3F3""> <th>FMEL_UPD_D</th> <td>20191223152014</td> </tr></table></center>",Kallang,Central Region
SILAT AVENUE PARK,1.2760758381495587,103.82980087493316,POINT (103.82980087493316 1.2760758381495587),3.0,kml_4,"<center><table><tr><th colspan='2' align='center'><em>Attributes</em></th></tr><tr bgcolor=""#E3E3F3""> <th>PLN_AREA_N</th> <td>BUKIT MERAH</td> </tr><tr bgcolor=""""> <th>PLN_AREA_C</th> <td>BM</td> </tr><tr bgcolor=""#E3E3F3""> <th>CA_IND</th> <td>N</td> </tr><tr bgcolor=""""> <th>REGION_N</th> <td>CENTRAL REGION</td> </tr><tr bgcolor=""#E3E3F3""> <th>REGION_C</th> <td>CR</td> </tr><tr bgcolor=""""> <th>INC_CRC</th> <td>4850795BB0B6A4F7</td> </tr><tr bgcolor=""#E3E3F3""> <th>FMEL_UPD_D</th> <td>20191223152014</td> </tr></table></center>",Bukit Merah,Central Region
WOODLANDS HEALING GARDEN,1.425069285358305,103.79271594626628,POINT (103.79271594626628 1.425069285358305),32.0,kml_33,"<center><table><tr><th colspan='2' align='center'><em>Attributes</em></th></tr><tr bgcolor=""#E3E3F3""> <th>PLN_AREA_N</th> <td>WOODLANDS</td> </tr><tr bgcolor=""""> <th>PLN_AREA_C</th> <td>WD</td> </tr><tr bgcolor=""#E3E3F3""> <th>CA_IND</th> <td>N</td> </tr><tr bgcolor=""""> <th>REGION_N</th> <td>NORTH REGION</td> </tr><tr bgcolor=""#E3E3F3""> <th>REGION_C</th> <td>NR</td> </tr><tr bgcolor=""""> <th>INC_CRC</th> <td>C93AEED43B7939D3</td> </tr><tr bgcolor=""#E3E3F3""> <th>FMEL_UPD_D</th> <td>20191223152014</td> </tr></table></center>",Woodlands,North Region
MENG SUAN INTERIM PARK,1.4029897819398731,103.81536660776064,POINT (103.81536660776064 1.4029897819398731),54.0,kml_55,"<center><table><tr><th colspan='2' align='center'><em>Attributes</em></th></tr><tr bgcolor=""#E3E3F3""> <th>PLN_AREA_N</th> <td>YISHUN</td> </tr><tr bgcolor=""""> <th>PLN_AREA_C</th> <td>YS</td> </tr><tr bgcolor=""#E3E3F3""> <th>CA_IND</th> <td>N</td> </tr><tr bgcolor=""""> <th>REGION_N</th> <td>NORTH REGION</td> </tr><tr bgcolor=""#E3E3F3""> <th>REGION_C</th> <td>NR</td> </tr><tr bgcolor=""""> <th>INC_CRC</th> <td>E56BC88A635A3D89</td> </tr><tr bgcolor=""#E3E3F3""> <th>FMEL_UPD_D</th> <td>20191223152014</td> </tr></table></center>",Yishun,North Region
MARKET STREET PARK,1.2834506208363536,103.85025686606404,POINT (103.85025686606404 1.2834506208363536),39.0,kml_40,"<center><table><tr><th colspan='2' align='center'><em>Attributes</em></th></tr><tr bgcolor=""#E3E3F3""> <th>PLN_AREA_N</th> <td>DOWNTOWN CORE</td> </tr><tr bgcolor=""""> <th>PLN_AREA_C</th> <td>DT</td> </tr><tr bgcolor=""#E3E3F3""> <th>CA_IND</th> <td>Y</td> </tr><tr bgcolor=""""> <th>REGION_N</th> <td>CENTRAL REGION</td> </tr><tr bgcolor=""#E3E3F3""> <th>REGION_C</th> <td>CR</td> </tr><tr bgcolor=""""> <th>INC_CRC</th> <td>5D85EA05D2C6189D</td> </tr><tr bgcolor=""#E3E3F3""> <th>FMEL_UPD_D</th> <td>20191223152014</td> </tr></table></center>",Downtown Core,Central Region
